447 447
49 -16 -89 -92 -21 -68 89 -15 76 40 -59 -46 87 99 -5 -65 53 41 74 -52 -21 27 94 77 95 69 -74 89 42 20 69 42 -6 92 -64 12 -8 64 13 -73 47 86 -25 25 78 -45 -94 77 51 35 9 89 -38 -67 98 -60 -97 44 24 -48 -68 41 -94 29 -10 -74 -51 8 48 -81 -39 99 -18 -20 42 86 -54 88 -100 71 -24 -15 -74 -97 -48 -74 -58 67 -38 77 11 22 -67 27 -76 -13 88 -18 5 -35 -1 7 11 -63 62 84 -71 -34 -70 44 -82 50 3 80 -32 -1 -51 14 -55 -71 91 -79 67 -89 -53 43 -79 -2 91 -22 -73 95 80 -13 61 97 18 -56 59 -95 -19 83 2 -7 -8 -76 -8 -64 -90 6 -81 69 2 -21 41 6 -82 -25 14 1 59 -12 -96 78 -34 24 45 -28 -86 45 73 50 -16 79 21 -7 43 -98 -60 -45 69 93 22 -99 -56 -30 -24 33 93 29 43 37 -7 -62 24 -83 -77 -22 20 -13 20 -73 33 -90 36 24 -14 -30 -62 -34 10 13 -9 84 41 63 79 -25 -98 76 -3 -49 -86 77 99 77 74 66 -98 -17 -68 75 59 63 39 -72 -13 -58 29 2 0 33 89 -67 -97 15 -51 10 -58 -55 27 -37 15 -78 -76 12 8 -79 -41 69 -67 98 2 -25 36 -10 84 51 -47 -28 66 -8 65 93 -99 -18 -89 68 -66 67 39 -73 97 81 72 -65 69 -22 67 -12 -16 30 53 99 -12 -99 -9 42 35 -77 -91 18 -34 -55 -17 39 87 -31 60 77 -83 -43 87 -34 -49 -15 15 -18 -43 48 51 82 17 7 35 34 79 -56 -34 13 53 -26 69 -90 -79 -22 -78 -91 -30 94 94 -30 -73 -36 33 80 76 53 -35 17 -50 -78 -1 -37 81 -20 29 -46 77 64 -65 64 65 79 38 -88 38 -53 85 59 -19 -57 -77 -34 -8 -66 17 -9 -76 -81 -67 2 6 59 -18 -87 2 -30 33 -9 -58 13 19 -67 31 -66 -32 -63 -92 -79 26 87 -50 40 6 2 6 9 -42 6 69 96 44 96 -90 -19 -29 -50 -12 -54 -38 52 37 55 -71 80 -58 77 39 -68 94 -52 29 77 -18 99 -10 27 77 -92 85 10 -80 62 35 16 -8
31 -60 -28 -86 1 2 53 -27 52 -33 100 22 -89 -96 -4 -65 -16 60 -22 56 -58 34 89 -9 41 -79 33 3 87 97 57 -9 19 23 -76 60 68 -32 73 -60 52 79 -74 86 -25 27 94 -5 -86 76 -8 -60 -72 -94 -93 -98 79 84 -17 -80 12 51 -25 96 -65 -13 -60 21 12 -87 56 -33 12 59 -72 93 -67 -16 74 81 -94 -33 -97 13 -11 36 -57 19 -35 -61 100 -40 69 73 -31 -46 -80 -73 11 37 -28 9 -83 80 -70 3 -63 2 8 87 -13 -94 -29 -64 -33 94 85 52 -73 -76 37 32 -20 -37 49 -64 68 89 99 -49 23 -58 -34 -53 -15 95 -24 -62 -11 -82 25 -87 -20 -77 -60 -65 -78 25 -34 -99 -14 32 1 -62 -59 -9 68 -43 -7 -86 58 -16 -12 -65 34 81 -26 77 52 -31 -39 -29 -42 -90 94 32 -12 6 -90 -90 76 -53 -10 98 -15 -26 -54 11 11 -8 58 -35 95 -99 -24 18 -34 90 73 68 68 32 -76 96 44 81 -100 -56 29 0 18 -99 91 -18 -46 99 -4 8 -92 -36 -77 68 -56 -91 -92 -4 86 58 78 18 96 -54 62 77 49 5 -42 -58 78 31 -42 61 89 -76 -60 -65 -50 -9 16 -69 17 -27 -91 0 51 -65 49 60 24 -80 15 24 -41 25 -46 77 -41 -42 -10 73 -93 20 52 -81 42 -9 -85 95 83 8 34 43 54 -10 99 -52 66 -49 79 -69 77 -36 -56 -11 74 8 87 -66 11 83 91 82 81 73 -42 -28 -50 53 73 0 31 -42 16 48 7 89 53 63 100 60 58 -58 7 94 36 -3 -64 62 8 44 64 52 -69 -69 72 -95 -38 -23 -81 -32 -77 60 -75 -10 -81 -37 24 -21 -22 -63 -29 7 -6 36 -31 -95 89 -4 -56 -84 86 40 -79 0 21 -11 -64 -9 88 -39 -57 31 -64 86 46 -97 52 -76 3 -52 85 -54 65 6 -51 -49 -84 30 35 -49 37 13 -34 10 -41 -96 -57 -48 -23 -20 -96 -53 -52 85 61 62 -14 47 -63 36 35 -63 -25 -70 34 78 -10 -47 32 35 42 -11 -37 -96 7 76 -92 25 -76 -58 -43 91 80 -45 41 -98 1 -23 -68 -49 70 -70 4 9 48 -90 58
22 95 61 3 61 35 60 -46 -79 66 -81 2 49 26 -98 -27 52 80 19 -26 -22 -74 -43 36 46 -4 73 -18 69 22 -1 -77 -4 -67 38 7 -8 63 87 61 -75 -5 0 -77 -64 29 60 -1 76 -16 -90 -85 22 76 8 60 61 -96 58 -51 19 36 84 -100 -34 15 56 22 -97 10 8 -85 95 3 43 -42 -83 18 -87 -35 -85 -42 -20 48 -4 65 -40 33 -44 -27 73 -88 -8 -20 -5 88 12 85 -9 -8 -36 -22 -84 96 -36 -58 -23 75 -84 -66 40 73 8 82 60 -45 54 -99 83 -70 7 -76 -28 51 -95 42 82 26 -57 -15 -74 37 -67 -56 5 89 -87 -63 47 100 -32 79 -33 29 92 -73 53 -10 95 41 40 -60 15 -13 -1 -25 92 -81 -91 93 9 47 -49 -54 -62 -17 80 -93 -87 -49 93 -45 -86 -94 57 -4 -2 43 8 28 -84 -87 -100 -34 67 53 -51 29 63 4 85 71 67 -22 -6 -90 -32 -41 -83 -74 -20 90 -95 -66 45 7 -19 -63 -32 69 30 -56 84 -64 -89 -41 -34 56 -72 5 -35 2 97 64 22 5 -98 7 -16 -18 -6 -47 -4 -19 54 12 -44 5 61 -29 -91 36 35 35 -53 -60 -78 44 -76 17 -14 30 -85 -56 29 -54 -9 -56 -24 35 27 -60 58 15 42 74 22 0 85 63 -9 76 -65 39 -89 79 38 -46 87 -91 -15 -11 73 -44 61 -33 21 -89 18 -68 -11 59 -29 79 89 25 35 -59 53 3 54 -60 -44 -88 76 15 53 90 52 51 28 -89 -91 16 66 37 -56 30 -45 -24 -65 -34 3 -12 73 8 -90 -40 -18 25 -77 70 -84 -13 62 90 60 -81 -68 44 -26 20 -15 85 -10 28 -19 55 -89 53 25 64 -77 85 -87 68 -88 1 -24 -66 -37 -65 59 -64 11 89 -74 93 -87 18 -22 -33 73 -46 -54 72 75 99 69 -100 68 97 -89 -57 -50 8 100 28 35 -29 94 45 29 19 -75 99 52 78 -32 -14 -13 -14 -36 -20 62 74 -30 -23 24 44 100 53 74 -43 -49 20 -68 38 -95 55 91 -29 -71 29 14 -4 -68 25 68 67 -79 -65 -90 -31 -82 -41 -83 -50 -92 74 -7 77 3 -52 66 -69 -14
43 -29 -13 51 86 53 -32 -77 -45 49 54 -43 -43 -49 33 -1 100 -43 -81 59 41 -61 -41 -98 25 76 3 -75 34 92 -23 93 12 44 88 -30 -70 -76 -49 -74 -24 -70 -76 40 73 -89 -46 56 77 -35 -65 11 55 98 -8 84 -77 -77 -63 -47 2 18 59 98 97 -87 64 -61 -18 83 -19 75 -3 -89 -24 -32 35 -38 81 -80 62 87 43 51 -29 -63 26 -20 41 7 -46 13 -72 -78 -71 -15 -6 58 23 95 32 64 -43 -81 -74 39 63 15 23 -60 55 -45 52 76 4 -14 75 -62 21 55 -28 21 -60 73 -61 -82 11 -17 -48 -44 -86 23 22 76 -74 -66 11 95 -33 -14 66 -82 -35 -4 -80 36 -35 19 73 -23 -21 57 -46 -17 -84 97 23 -11 95 -17 -84 -27 5 45 54 -31 -74 -78 35 -10 -50 20 69 -54 -6 -97 -18 -100 40 -89 -65 -55 -48 58 -10 33 -85 29 89 13 84 10 -81 -32 -49 92 8 62 69 97 -53 -89 10 8 -41 -85 3 -17 -77 57 67 1 70 57 -93 36 -21 60 97 83 -85 73 52 46 15 57 -59 99 72 -28 -28 -62 -29 8 -64 96 -21 -31 -76 93 28 -16 -66 -86 -39 79 70 41 -75 -50 -81 -62 -32 -85 -84 -23 60 22 -93 80 32 87 8 -92 -57 67 -80 68 98 91 53 -27 19 -27 -83 -15 -31 -26 98 71 -73 58 49 71 67 37 -92 -90 -18 4 -63 12 16 -80 -56 61 21 -72 -52 52 -1 -4 -52 -43 42 63 52 77 -79 -72 74 94 -85 70 -63 -6 16 -57 -88 38 -55 -1 94 -74 58 -21 -96 6 6 -8 45 38 46 -54 -46 25 27 -29 46 47 -100 -61 -55 83 -31 -24 -44 10 -10 -93 -94 88 89 27 -67 -42 91 -62 -95 19 19 16 27 62 -65 -43 -22 26 -6 -15 90 -75 62 -59 -96 46 47 97 43 83 82 -68 -89 63 -26 -46 15 -84 66 -45 -76 56 -76 -97 20 -37 93 -92 89 -30 1 -74 -42 100 55 6 82 -63 93 -67 80 27 -43 -32 35 62 -43 90 76 -79 66 -77 0 -39 -26 28 77 -93 26 -46 99 57 36 -51 -66 17 -36 -66 5 19 61 96 -33 1 3 60 16
53 89 76 -40 -88 -89 78 75 5 74 -59 26 -1 -66 6 -98 -1 32 42 -60 98 -9 42 -60 -52 -44 49 -16 -66 -8 36 -7 -69 -34 -23 14 48 76 -83 3 -20 -45 -12 -5 -8 -15 22 98 29 42 90 -9 94 81 -64 41 66 29 33 46 -50 -74 18 -35 31 -73 55 68 -97 59 -71 -40 68 39 35 64 90 -90 50 44 70 -59 -7 44 69 55 39 -56 -49 73 82 -77 68 97 53 25 84 -16 -38 86 85 20 11 56 76 -28 -64 -9 92 27 -30 19 94 -44 -65 -2 -97 -3 -16 -25 -1 -26 -22 72 17 89 -87 -92 -73 -88 -91 -33 -9 86 51 -56 -92 -1 24 79 54 -9 -75 -80 -37 -85 -11 34 31 52 -34 6 41 -63 -25 -8 -16 -30 15 -88 -57 -75 59 61 47 -49 -8 -43 60 -52 63 -78 -69 -52 30 -67 -16 89 26 2 11 -30 91 17 76 79 23 95 -89 -61 3 -6 24 10 54 -71 17 97 38 1 17 83 69 -14 47 -12 -3 13 -25 98 -70 53 30 36 25 -23 1 21 -17 0 92 -82 57 93 -95 65 43 0 76 80 -67 89 -17 -24 70 71 41 81 -1 -48 43 -71 -35 6 39 15 -37 -12 53 -50 45 74 -61 5 60 59 68 47 60 100 -59 -20 88 -89 77 28 34 75 -93 84 -65 28 35 50 23 21 45 -53 63 13 72 -55 20 46 -68 11 -31 28 -94 43 90 -55 46 100 9 27 0 -73 -60 53 -12 68 -68 -94 51 32 -78 61 43 -44 -13 100 -49 62 17 -61 9 53 -58 -39 -36 -76 -62 -26 4 -41 -16 63 -78 62 -44 -85 83 5 19 69 -10 21 27 -71 93 -59 -55 -68 23 20 53 -56 -17 70 -22 -77 5 -90 -27 43 52 76 -63 88 73 -33 65 99 -33 0 39 76 -31 7 27 54 -83 45 -83 85 -40 65 15 -38 -19 -25 77 -4 44 -35 80 90 0 -87 -9 -51 -27 -89 36 96 -68 -95 54 57 20 -91 -46 61 82 -14 -66 11 -39 -48 95 -91 -100 19 -78 -81 -61 -94 -68 -9 37 -32 65 -62 47 53 -40 56 -70 43 -37 99 20 74 43 46 -45 -31 -47 54 52 17 -67 -86 9 -34 -46
-52 -4 87 -72 82 -85 23 86 38 -52 71 32 -24 -54 70 -74 -49 -77 -37 26 27 -40 -74 56 -28 44 -28 33 -59 -42 93 67 3 -65 66 -91 5 -48 -51 70 -63 -30 40 64 11 20 -69 -29 -90 21 -82 3 -6 25 11 52 80 44 62 -39 -87 -4 32 73 77 91 -100 -66 94 73 82 11 -90 84 -28 98 -36 66 13 52 -25 -100 75 -52 -83 -4 81 -57 32 65 -3 26 22 1 60 37 -88 49 55 89 -48 -47 -84 19 -36 -95 -92 -51 42 51 85 96 95 51 -55 88 84 100 -72 27 25 -81 -26 -47 3 87 -62 -57 55 34 81 -29 -98 -26 -14 -68 27 -9 42 -76 -16 -87 -44 -53 69 -85 88 -40 19 -83 -45 -49 -33 59 13 76 20 -96 -38 74 -10 -59 -32 -35 90 -43 8 -22 -70 32 -83 48 -86 -20 66 75 39 18 -50 75 8 47 65 -99 5 54 -32 -26 -84 20 14 89 -72 53 -19 -34 -92 60 6 -60 70 77 -84 -31 -24 -75 73 63 -85 83 99 -12 92 42 -32 -16 23 98 -57 19 66 69 -16 79 79 64 37 -95 -22 -2 48 79 -57 48 78 22 52 -89 28 51 -66 -12 -9 88 -53 29 12 -72 -55 83 -70 -76 -34 -55 77 -43 -17 85 48 33 -37 -10 -53 74 -1 28 11 -66 22 -72 -46 21 -62 -47 44 -45 41 16 60 3 36 74 -1 63 8 -56 3 -30 44 24 89 81 49 -22 83 -96 -3 6 -49 -60 83 0 -34 -45 -43 -67 50 -58 -11 68 95 25 94 10 -69 -8 -35 57 39 -84 -41 81 67 86 44 45 -79 76 92 55 71 -78 -93 -47 72 68 62 97 -52 87 -58 -7 -67 -42 -57 75 -38 13 58 -42 -31 63 -20 -52 6 86 84 -44 -81 -23 0 16 52 -100 -61 78 -95 35 -9 33 -57 -25 -31 -88 -16 -1 59 -26 81 -1 20 29 -67 -52 32 11 -27 -95 8 -65 49 -47 -79 -64 15 24 88 71 77 -63 23 99 -25 17 -39 -71 -23 -100 -91 17 89 7 -37 -61 -85 70 -30 19 45 50 5 -23 9 43 6 -41 -48 40 38 50 -72 80 13 58 -14 44 35 86 51 -42 -87 43 85 60 -22 44 -63
-76 26 -87 68 20 85 47 -26 80 -40 43 -17 7 35 2 -72 2 -88 89 43 51 35 -40 87 11 -19 48 42 44 -40 18 -32 96 -43 -95 -88 -31 13 -18 -71 37 -11 -1 24 24 -51 68 54 -35 74 -57 -15 69 -89 -57 42 22 30 78 -72 -80 96 -26 -42 -45 -72 62 51 -42 100 75 90 -62 84 -91 44 69 -24 -41 50 -4 -36 -36 -36 46 -52 -82 84 13 -68 4 -56 -18 7 51 26 -14 -68 -2 -70 -24 66 43 57 -20 -62 -27 90 -26 -48 60 -81 -69 31 -93 -18 12 48 70 39 -91 -40 -17 -71 86 -46 -11 -39 92 6 10 32 -92 -29 -26 85 -71 28 62 48 -68 13 -96 -38 -90 -67 20 8 -61 8 25 -70 -47 -29 -45 -54 11 58 38 -38 42 -1 75 63 39 73 -50 -89 32 -8 -64 51 -33 13 97 73 -90 -65 -79 20 82 -40 -16 94 27 -79 -52 70 34 -46 80 -30 -63 -80 -26 87 -99 10 -7 -92 -69 73 20 -46 70 -62 -47 98 0 2 50 66 68 -48 -91 67 39 -34 -7 1 90 -32 94 25 -16 -62 -70 -86 -3 -61 -56 92 -9 100 -34 79 -48 -8 -87 -39 92 -79 100 -60 -61 -33 -35 28 -56 -54 4 -84 -21 -20 62 76 -52 -67 39 36 -70 33 -80 62 -60 -77 -42 31 -54 -57 77 67 -56 23 -98 -42 -87 7 -83 63 95 -81 -99 13 63 -49 -42 87 72 62 -55 92 20 -50 90 -59 -85 -11 -13 -71 -71 4 91 14 74 -8 -58 85 33 17 61 -65 89 -26 -56 58 -10 21 -51 -2 63 92 -81 -89 -43 -21 94 -6 -66 11 13 57 -42 60 72 75 -6 -9 -48 13 85 40 77 30 -39 8 17 93 -34 18 -37 76 -15 29 8 99 -58 -31 -22 77 42 -76 -49 16 -66 -87 -45 -39 64 -8 -41 28 2 -49 56 33 33 46 -32 -39 -91 92 29 -20 0 62 -21 5 -46 -2 -3 58 92 -32 19 -6 -92 -86 -23 83 -18 -37 76 85 68 21 -25 -52 19 -60 -16 -27 45 -59 -69 -70 26 68 -50 28 -60 -6 -75 15 -14 37 42 -28 66 10 -69 -79 -46 -51 42 -19 80 -42 82 -28 -90 8 -39 92 -24 -92 57
-95 -48 95 -40 -24 -88 -13 12 86 -93 -79 55 -36 -2 79 57 77 -47 -16 72 89 -24 42 53 -50 93 15 -79 36 -74 92 62 67 99 -19 -34 30 22 -89 -57 89 36 -74 66 32 83 13 51 -50 5 92 -49 -15 6 58 -22 14 -26 3 -16 -30 79 -10 36 66 45 -71 37 -71 -31 53 -68 -2 -61 48 89 64 6 -75 64 -5 54 -52 23 85 23 -48 -48 29 98 81 57 -34 6 35 6 -43 -65 49 -82 -62 -77 -82 90 -6 -94 -29 12 19 -98 54 -45 26 -66 -16 -3 -3 -80 15 95 40 69 16 -18 16 20 -11 -19 77 -53 -32 -22 -83 -29 11 -24 44 -98 -11 -54 -51 61 -22 41 53 -94 100 34 40 -18 -43 90 83 57 -93 -91 -14 66 77 -5 -34 -26 15 -2 -14 4 -16 14 -77 70 -86 21 100 6 -49 -36 -7 -32 57 43 -97 -20 -45 61 -20 65 4 -53 -93 -57 -89 88 24 -55 -92 37 75 8 -74 -80 13 -54 46 -55 24 32 58 -59 -6 -73 -13 87 100 69 16 -44 -43 22 30 35 -70 -35 -50 -91 -48 -51 55 -50 25 70 14 48 14 69 96 40 68 -75 -73 -30 44 71 -13 -59 -19 94 -87 9 42 63 22 93 -87 -86 -98 85 -48 61 75 71 -99 -95 35 71 32 10 87 53 -53 20 96 34 -3 -37 -23 -13 58 -50 -33 -17 23 -26 -9 -4 80 -64 -52 100 10 -14 47 -37 61 -10 -59 -64 54 19 -50 71 -58 38 86 -66 37 -78 -31 82 19 -35 -70 26 47 -81 4 15 -70 50 81 28 92 21 -44 -87 -93 81 43 72 95 -96 -31 27 -10 -98 -42 -95 69 20 -51 71 -45 -60 84 42 8 77 28 71 -9 -18 -60 -37 -74 41 90 47 8 59 -84 18 -91 81 -52 -58 92 69 -56 -81 75 -66 -59 19 -56 -92 -65 -71 -84 -81 67 16 -39 -41 -22 49 59 -84 -6 58 71 -52 30 51 100 -43 -9 -92 -34 -79 -32 1 84 6 65 34 90 44 26 -57 -76 18 -67 97 94 31 -47 43 70 11 91 86 30 -2 -97 -45 -73 -4 59 -65 43 75 70 57 55 14 32 8 83 -52 -29 -97 98 -79 8 -26 -25 35 14
22 -88 49 19 42 -31 67 -59 55 7 69 -43 49 25 -24 8 -18 -87 -60 -76 -49 -39 -79 24 29 93 -64 77 92 56 -16 6 -50 88 50 -78 78 75 24 22 21 -66 -86 -87 -21 76 -54 -35 -23 18 26 -78 96 44 2 30 15 96 -31 12 -59 -32 11 25 -19 -35 -40 22 -61 -18 -43 34 -82 -63 -94 13 43 44 -14 -31 37 -44 94 -78 -81 -17 -11 -46 99 70 29 -3 14 -9 -56 -46 87 -15 16 -35 -59 -77 95 -96 -81 -9 -31 30 90 -77 62 75 -20 85 87 80 -44 -88 -21 -72 35 -30 77 -17 42 34 -74 -50 -82 -19 -69 -21 -11 90 13 -6 -81 85 47 32 -57 -30 36 38 -32 38 -31 -42 51 8 -97 51 -1 -37 -22 -70 -83 41 51 -97 53 -85 82 21 62 95 -78 -4 4 -74 -25 -77 87 -30 -39 -19 17 48 -45 -85 94 -30 73 -77 80 22 86 -86 -2 25 -57 -58 41 -8 20 -21 -88 13 50 -47 -94 -31 -34 60 59 28 41 -46 26 -78 -45 100 14 72 -29 0 -45 46 20 -83 45 -5 79 17 -12 36 -41 -99 41 -46 -8 -50 -96 55 -62 -90 -1 16 -59 8 -78 57 -77 17 -8 -28 87 20 -33 0 54 41 -70 -5 82 -62 99 78 -32 8 -2 -41 53 -82 -30 -32 54 -26 13 36 -85 -54 76 -8 57 -50 -27 70 -3 -13 -17 -29 -43 98 -32 55 -47 -16 -81 26 -62 97 89 -5 76 99 -93 -8 67 50 -23 2 -56 14 90 -85 96 40 99 41 -68 100 -39 -93 86 -23 -74 -32 -72 100 -100 20 -52 27 -85 -40 -9 82 -11 80 100 39 -83 19 -64 -14 74 -100 -1 5 -12 90 -26 -75 -96 -62 4 30 -59 89 -86 94 -39 65 -80 16 -84 -15 18 53 -16 -53 53 52 -97 9 -49 60 -95 -80 75 53 45 -51 -55 -38 87 3 -84 -73 -55 -95 -16 19 -41 -23 -97 -33 -88 -59 1 -53 42 57 53 -41 -18 51 98 -62 5 58 34 -54 -89 40 -89 40 25 94 -66 -24 86 6 21 -33 50 30 47 91 31 -21 78 -24 22 -39 -63 33 -87 -40 -8 -25 73 -48 69 -47 54 -98 42 72 -85 -55 -11 27 33 -66 58
-9 -90 98 47 -73 -37 36 27 44 -75 -82 68 22 -24 98 -28 -82 -73 56 34 -63 -79 -97 -26 56 29 8 -74 -53 93 -65 76 4 67 -95 48 16 78 44 69 -68 30 -92 -46 -39 -46 100 94 20 14 -45 25 -15 -32 -26 78 -25 -22 -53 32 -40 54 9 -40 82 -100 -92 78 9 8 48 97 82 98 -58 -55 31 -62 -4 -69 -55 -65 -50 2 -82 -53 3 93 25 33 65 18 3 -56 10 -3 34 -42 -22 -61 55 35 73 63 97 87 69 88 90 23 91 -6 69 -39 56 -72 -25 -88 -69 58 41 45 -67 -60 -28 -6 19 -32 59 -96 98 -22 -63 -5 91 88 -88 -99 -25 -11 -4 24 -21 58 -55 47 56 18 -96 -99 -67 38 75 -94 67 -21 -38 -41 75 9 -8 57 27 57 -42 85 87 99 -53 11 -9 1 23 -51 53 13 -65 8 68 -47 -50 71 47 34 46 85 77 71 6 81 -55 30 1 -99 -47 5 40 -54 99 -65 -94 57 -84 -39 -16 57 68 -83 81 -81 65 -60 -6 57 -97 84 95 -3 10 -87 -47 -73 -75 -99 33 -53 -82 6 64 -92 -96 -19 -72 54 48 -68 81 81 96 -62 28 -34 12 -5 -33 90 97 99 34 -40 34 17 64 23 78 41 -36 -72 52 49 -59 -90 90 10 38 65 55 78 2 16 79 25 85 70 -27 68 15 -16 5 -54 8 99 35 -6 -20 -88 21 -81 56 4 16 -21 -89 -93 -73 41 -8 82 -74 -38 70 -76 -27 -16 51 74 95 68 -96 -4 -81 6 -30 0 62 50 9 89 83 50 99 83 -46 -84 -17 94 82 8 50 -63 39 38 5 84 -75 -32 -75 -52 4 -96 34 -86 43 28 -29 -71 27 31 40 -35 33 -62 46 87 -78 -46 -13 -54 -28 -75 97 -47 -2 64 57 -50 -15 -61 38 83 -25 -39 32 -80 -11 92 30 -15 -70 100 -95 -12 -59 6 -12 -96 15 -13 25 79 9 -45 -50 -69 88 39 7 -55 -9 -8 59 -31 30 6 82 -87 -10 -40 -99 0 7 -69 47 87 11 -3 49 -13 35 -43 72 -99 -11 55 7 20 22 -25 -66 7 14 -11 96 43 97 -61 -14 74 -2 -23 -14 3 81 -96 34 47 42
-2 -51 82 43 -65 -2 44 66 -29 -5 -88 8 -28 5 -87 -1 -39 61 -12 -39 -54 -95 -2 3 -38 88 -40 -21 18 -48 8 13 53 -45 -54 -62 3 71 -17 -85 -46 91 -37 34 -64 -75 77 30 53 -32 -93 -1 -10 -65 88 -98 -91 86 83 -18 15 28 57 24 -88 -54 94 2 -54 2 89 84 8 -47 -78 15 -95 91 92 -90 95 32 7 40 40 8 90 34 -26 47 -58 -41 10 -67 -84 48 -43 84 -19 15 26 86 -18 -96 -50 35 20 44 -22 21 85 -30 -81 8 36 42 -80 -47 -32 34 62 -63 -26 88 55 -98 -69 85 -75 14 37 -38 -11 93 55 -2 -36 -1 56 -18 -65 48 60 48 -58 -93 81 -46 58 -48 77 87 98 -54 -30 32 -19 3 -72 -1 34 -3 21 -32 -81 82 30 36 -32 92 -93 99 -59 -99 34 -61 -72 62 -15 74 44 26 -20 -49 59 0 -45 -49 10 -2 39 -71 -92 -31 -77 -81 97 28 12 5 -98 -87 13 64 68 78 -71 -97 56 15 17 -7 46 -1 68 77 -41 90 -24 -24 83 -1 1 -9 -53 83 -59 -25 -81 49 26 -62 24 10 -46 88 63 -4 -39 -70 75 81 -42 8 32 42 36 -60 16 39 -99 -43 -64 49 23 25 88 -97 9 61 80 -42 -49 -44 -66 57 7 11 -63 -70 -69 -42 -31 16 -98 94 57 -24 -94 -58 82 -13 -25 16 -51 -79 -71 -39 -94 22 -84 -59 -46 -4 -45 15 96 -57 -93 -33 -57 93 85 37 -83 -54 -45 -24 -11 -87 12 -80 11 -60 -9 -98 -64 -39 -32 64 -90 -90 64 82 -78 -9 -32 43 -9 5 38 67 82 42 42 -29 13 -14 42 87 -30 68 -45 -98 -6 -33 -11 -23 66 78 -97 78 3 -46 23 88 69 -21 -86 -17 -90 -92 28 -21 -98 11 -79 41 9 27 -68 29 99 -67 95 70 -84 8 -82 -53 74 -9 58 -26 59 -14 86 34 -5 -2 70 -99 -39 56 25 -55 52 84 -52 86 37 59 52 17 -73 -66 28 23 38 -71 30 -14 -40 -83 10 3 89 43 61 -9 -13 63 -12 57 -89 -38 -11 63 95 82 74 -53 -92 78 -25 -9 65 -64 -38 40 -3 -25 -33 74 80 98 -58
-29 -81 -84 -24 63 25 -97 -42 -17 53 78 -20 12 -26 65 45 -71 2 8 24 39 -41 -81 58 -16 13 -1 -70 -52 -18 77 62 -7 32 -95 35 -51 31 0 -6 53 -77 -22 -35 35 -61 -54 -20 43 -67 -85 -57 -98 21 -64 8 43 -85 69 86 -80 -26 57 -1 86 -61 -75 -68 17 -62 -76 -55 61 -10 -95 84 62 45 -82 -8 9 69 -12 5 66 49 68 -36 -53 -22 -87 -97 72 46 -87 -41 -24 57 -87 45 18 10 -78 56 69 92 7 59 -46 60 0 -86 -31 -42 -40 -55 41 -10 -39 53 98 94 63 81 -65 -63 -69 -32 -43 -90 48 16 -65 17 21 -91 87 80 -6 -67 -75 80 -31 10 -56 -2 69 71 95 81 21 85 -49 57 -22 -33 -32 -41 82 -70 31 3 60 92 -95 94 -20 -24 -1 -74 -85 -89 -6 -81 -43 10 -48 -37 97 71 74 2 -56 -42 27 -41 25 -24 99 16 -77 45 -93 72 91 -2 100 -99 69 58 22 -39 -36 32 -36 -53 -61 -55 94 -39 -55 -76 60 8 -10 -88 -94 -46 26 -18 -20 21 -8 76 79 -49 -75 -58 -16 -72 88 15 -80 82 -21 59 -39 -46 -35 59 -76 -25 28 100 -48 -27 64 100 -68 -92 18 12 37 -17 33 42 -46 -14 -7 35 67 -55 -23 -42 -14 88 97 -23 -66 -52 -3 -65 -53 0 36 -95 25 -69 -100 -94 42 49 71 -14 6 70 29 15 6 87 -12 -95 -43 19 -81 8 96 -48 19 62 28 90 -60 66 6 41 -29 21 19 -50 62 -79 60 35 51 52 21 -75 -47 -14 28 54 -20 64 -6 -88 87 31 1 100 -96 -30 38 90 -43 96 -35 45 -99 -52 -64 0 13 85 -50 -85 59 74 97 -63 14 6 24 -16 -72 24 -55 88 -92 80 59 11 76 -64 -63 -10 -92 10 25 -4 -89 -33 -90 37 -12 -19 66 87 17 -28 84 1 -31 -79 45 30 43 -98 -1 72 41 94 -60 -28 -57 -84 23 -4 -90 75 -15 85 -19 -35 12 -89 50 3 -48 -87 -83 -46 -43 -23 69 -36 38 -9 71 29 99 34 69 46 19 -28 -76 25 -84 56 89 -74 52 -70 62 54 -66 -55 -88 -25 0 95 -25 -50 27 -79 83
25 86 91 -24 64 -67 88 16 -76 -45 77 67 -55 46 -42 96 2 57 28 76 -49 -50 65 -34 -54 88 60 -87 92 -95 40 -81 -47 -3 -10 87 -85 -98 51 4 -37 53 -34 -26 -10 1 -37 4 -35 -85 -71 -99 21 49 -53 -67 91 -92 -88 -74 -62 -86 77 8 12 92 34 11 13 81 70 95 96 60 -34 57 16 -90 -94 95 78 -23 -96 56 67 -80 0 -55 0 -99 13 65 -54 -11 -32 44 -19 18 19 -72 -12 -15 86 75 -46 66 -65 -27 -68 91 86 31 80 -43 -70 -82 37 -3 91 8 -91 80 76 20 29 80 -54 26 11 -86 -83 97 3 -98 -80 -57 -57 36 -18 -24 60 -90 27 -18 -60 6 14 -87 1 -28 74 -80 -82 26 -27 -71 -21 34 -48 -45 -68 60 6 30 -2 84 -99 -20 25 68 -63 46 31 64 -20 -25 22 81 -95 -72 -40 84 -62 3 -15 44 -93 52 62 -10 -68 30 62 -32 98 26 93 37 51 -56 -91 -59 72 49 -23 -35 29 76 -57 -38 15 92 -28 90 -60 33 14 -53 -74 -80 75 -92 -98 -36 -66 92 -43 9 -51 42 -81 75 34 -35 -64 -65 -63 92 18 -82 -19 -34 -89 70 -26 -33 29 -12 -24 -84 16 78 68 -56 4 40 -75 -84 -22 92 -28 -6 -24 93 -81 -30 73 97 -40 60 -15 -98 -56 -73 32 49 54 -89 -55 -13 13 8 16 -70 46 -65 -67 -17 -67 9 43 20 -77 37 63 73 -3 79 -43 -67 90 -45 4 -99 40 76 -73 -69 10 -80 -93 -89 78 -2 21 57 69 35 -31 -81 -32 -55 31 82 -55 -38 -68 67 -16 -61 0 48 -48 -57 30 93 92 -12 -4 48 -8 -18 96 -49 -39 -65 83 1 5 44 -8 -52 95 41 -60 -80 16 37 25 56 -44 94 -87 49 40 37 99 -84 -57 -4 -34 12 14 -31 10 91 14 6 -62 15 -5 28 -8 -21 -71 11 -22 -28 27 -92 -21 -90 -69 62 -22 -36 -82 -3 -87 -78 62 31 -87 -21 70 37 20 25 44 87 -60 91 -23 -62 24 15 67 -81 -32 67 45 -82 46 -4 75 73 47 19 21 46 49 53 -9 -64 -48 90 35 -21 -36 -21 -54 -21 -82 -22 88 -19 -81
8 -71 -12 31 66 -3 -75 -81 -15 25 -87 20 -96 44 -53 -28 -98 -74 55 25 5 -25 -16 -99 -49 -63 48 -55 3 -68 -82 20 -78 -66 -42 -24 -27 57 70 16 71 96 -13 66 -70 -40 -27 49 -12 -48 64 -39 -58 89 52 80 -11 78 58 -91 -62 -13 53 -85 83 19 -14 -67 25 53 -89 -72 -13 -27 -24 -50 4 48 26 35 -58 35 -17 -7 62 98 -13 68 -30 39 -71 -20 -30 54 -53 68 -67 46 8 32 4 -26 -54 -47 95 50 95 95 -57 31 95 -34 -69 17 -83 -86 50 78 78 -32 -96 63 -5 69 -26 -61 -37 -28 13 87 7 -84 98 72 -90 89 54 100 27 13 6 -83 -47 -100 -82 3 -72 43 -86 28 75 7 -48 -5 42 55 31 40 -27 -70 -84 48 1 -34 51 0 -40 92 -16 35 -50 -91 -58 -22 76 -88 76 69 -80 -86 -39 -54 -82 74 -24 -81 -56 37 -19 -52 -37 -17 -73 49 -95 -21 41 -71 -18 86 -16 -93 -33 -66 51 -5 13 100 25 -50 -19 48 65 -74 -59 -82 77 79 92 8 -98 -36 -99 -65 -71 -60 -37 -14 -58 75 82 -93 34 -51 4 -87 100 -76 5 25 -39 86 -87 -58 -62 17 54 23 40 -61 -25 69 4 -80 96 -15 -34 -24 59 51 13 -5 -83 38 -68 91 -4 63 -20 -59 73 -84 21 -81 -53 -72 23 -62 0 66 -27 44 -67 17 88 96 -23 40 17 -73 70 44 -48 -97 -64 -23 93 -71 2 49 37 41 -87 61 22 -92 24 77 53 -24 21 44 -62 22 51 71 67 -37 67 54 48 -44 -22 -41 66 52 58 -78 99 -30 -72 -63 96 -15 -70 -36 39 -75 63 -4 95 34 11 18 0 2 74 -91 65 41 -74 65 12 -95 26 33 -25 16 -10 41 -3 95 84 -50 94 -96 -42 -52 29 87 39 31 32 90 -35 93 -28 48 40 -80 -44 -57 66 -78 -90 -64 -19 -58 77 38 -62 91 -22 20 -14 -35 -75 -10 31 31 -13 30 85 85 3 76 -44 10 54 -55 42 86 46 84 51 87 -65 41 49 96 -36 -62 40 23 -64 -59 -13 8 57 56 47 93 -21 21 -75 -23 100 -13 -75 79 74 79 44 -16 41 31 18
60 48 -81 -90 -23 -33 -31 -61 -46 -81 -24 92 -87 -9 -79 -72 -87 82 91 -96 40 -68 5 -51 38 92 -91 15 -40 74 -65 100 -50 92 -46 50 59 93 -80 86 11 55 -35 -10 -32 -8 -65 -87 75 43 -93 -64 53 -68 -9 74 86 6 26 -15 -63 -53 -50 -10 -95 -52 75 -88 -35 93 -26 -45 -52 -20 -67 61 -26 -63 83 -13 -76 -4 -81 -77 -88 -78 -75 94 -21 38 87 37 -35 78 -74 81 52 -96 -53 62 -55 -80 -69 24 30 -66 23 69 0 -8 74 12 -69 -65 -37 -26 86 92 -55 -13 3 88 88 8 12 94 24 34 40 -63 29 34 -4 -72 47 57 38 -7 96 -61 -18 33 51 -82 34 -32 -57 -48 -15 94 41 76 58 89 78 -46 65 22 -57 31 -89 -10 47 66 89 -2 -76 -26 -34 52 -34 44 -59 67 61 -51 78 30 -18 -76 -74 -23 -65 -86 -19 -71 -89 -84 77 -34 91 -58 -34 -19 -30 -40 93 76 99 59 -6 33 81 -14 56 14 21 70 -66 26 30 -37 -91 -65 77 78 -61 49 -86 11 -93 -97 -2 -82 -38 82 70 68 53 -40 42 -52 42 -43 57 82 -35 97 85 -53 -47 -7 43 -14 -27 -51 83 57 -72 -13 -15 -66 -17 -20 -33 7 -57 17 54 8 14 -55 -60 85 85 -58 -45 43 -44 -57 -94 -18 -4 -36 56 -5 -88 21 -71 -73 43 17 42 2 -66 -8 58 30 -54 -88 24 28 -53 -82 72 26 -39 5 28 -96 -59 -39 -8 -17 67 21 -91 81 54 87 76 -64 28 3 50 -31 34 -7 14 38 -77 -60 -5 -11 83 -81 54 -5 78 -17 -25 6 20 82 33 40 6 -17 -15 -3 -95 10 68 93 -52 -62 -68 83 -12 -63 35 -100 -3 29 -39 52 95 96 99 15 -26 56 -57 -24 44 34 15 -40 -7 97 -91 -94 -43 -92 -68 100 -98 59 -40 -74 43 -24 -26 -5 -39 24 2 67 -78 -75 22 55 78 -84 82 95 60 -93 -18 97 22 -70 -79 -78 -57 -40 5 48 -17 92 58 58 91 37 98 21 42 -74 20 71 -53 -23 44 30 -22 98 -46 -40 100 16 36 47 31 -63 -61 93 52 -5 97 97 91 27 5 -73 42 19 47
-70 -64 78 -43 44 -55 -30 -34 -56 41 7 28 52 4 79 15 98 63 -68 -80 -57 -62 70 84 10 6 -11 5 60 91 -99 20 82 -54 -36 35 -31 -78 32 -81 -13 -97 -50 82 -41 54 45 5 14 -68 68 -100 -82 35 -68 6 -75 85 55 -95 -53 80 -94 -40 -3 9 -90 12 -17 -50 -24 99 -94 -98 50 4 -62 -51 100 -10 42 -25 50 -93 -84 -8 98 86 -69 -32 -77 -59 66 -98 38 51 49 -10 -11 11 40 -77 30 -15 -12 -85 11 67 -45 -7 -22 55 74 -16 -62 87 57 81 63 -38 93 7 11 -90 42 -94 -84 -53 5 16 55 35 21 16 43 -77 -88 51 62 24 -21 -75 -92 -48 -56 19 26 21 22 26 75 54 43 0 77 -23 -59 3 -48 17 -69 -2 67 -97 -14 -50 -58 65 -60 29 -71 -55 -35 78 -44 -68 84 8 40 69 72 47 97 -82 -53 -9 25 -28 95 52 -30 49 -34 -58 36 11 70 -34 56 59 -13 50 20 -74 67 87 -96 94 -87 47 -63 -61 -56 -20 71 76 -11 -12 17 80 -1 58 63 -23 -1 -67 87 -29 45 66 -17 5 82 -15 -34 27 -29 46 93 -84 71 -65 76 3 -21 76 40 -26 47 97 12 97 16 -59 6 -62 73 -78 43 81 78 -48 94 -31 -36 -83 18 88 -4 -5 65 -63 46 24 -60 -32 79 23 -81 21 83 96 -82 -38 -8 -99 -14 100 -73 49 -68 55 76 60 95 -96 43 -2 -38 41 -61 -91 73 -39 -59 -73 -34 -72 -71 70 37 73 -58 11 40 -65 45 62 48 -89 -45 -17 75 42 20 17 -32 -74 -59 83 51 5 74 -26 -18 -8 -76 -88 -38 -92 90 77 69 -84 -90 -30 78 -26 -98 49 -54 -87 1 -57 50 90 2 9 73 65 45 77 91 -26 42 -9 14 1 88 65 -8 -77 41 17 -64 95 -8 -43 -89 -11 -94 76 7 13 -37 -41 -19 48 64 -75 62 79 38 99 74 61 63 3 -66 -85 -56 -70 82 -59 -64 -84 -11 71 -28 25 -92 67 -42 -25 11 5 1 -37 42 -72 -69 -33 69 -74 -3 -20 55 -9 -96 -83 43 65 -27 -100 33 3 -47 -86 86 58 67 -68 -41 98 59 -84 -51
91 -43 -21 -17 -79 89 -2 -44 -73 86 53 -80 -79 47 -80 27 51 -8 -62 87 43 -100 17 91 92 31 45 -43 -34 62 -2 -65 -12 30 92 -5 -54 -77 -86 33 -48 -55 -40 -49 -81 -27 -51 -84 23 2 -88 88 -12 62 91 28 17 -41 -34 -1 99 55 25 89 94 -92 39 42 12 -6 -26 42 -93 23 92 -9 -6 -24 74 -4 -15 -26 50 -48 64 -27 76 -78 -88 -94 -57 34 -91 -73 -48 -83 51 -50 -91 -8 -31 -10 84 -76 29 97 -7 -79 -42 33 51 -68 -3 57 -23 2 -90 50 89 96 -67 42 92 23 93 -52 -37 26 -24 85 -91 -3 4 14 -5 -94 -78 39 36 -60 4 -79 85 -75 -3 71 43 -66 -84 -17 -21 -22 -96 60 29 -9 -16 -73 67 19 0 -28 96 55 64 -43 -48 -7 82 95 -80 21 -1 -83 -56 44 36 82 -88 40 -32 -75 -4 -52 -3 61 6 -29 78 29 60 -53 81 6 -70 77 59 1 -55 79 41 -3 75 -6 -1 -51 98 -80 -100 92 -48 10 -44 -84 21 -6 -50 -15 -59 99 -15 33 54 64 -20 -1 -44 1 -29 80 -11 -58 33 79 70 -57 -4 -10 41 31 -34 -100 15 -57 77 77 78 65 -79 -66 68 -4 44 61 -95 -48 -90 -69 93 70 -73 56 -32 9 -20 -37 -91 -51 -28 61 -6 -55 38 -5 -90 -11 -78 10 -77 -51 63 22 -1 -23 60 47 43 -60 5 46 90 -64 25 -81 88 14 41 -60 -40 -19 -75 -25 1 -61 21 41 21 -95 5 19 -57 -45 -55 69 92 81 58 -40 69 -85 -61 25 -21 41 93 -64 37 -54 -58 49 23 -93 80 -79 -33 9 -72 -22 40 87 34 -29 -56 -8 -39 -37 84 1 46 -72 -91 26 -25 69 -75 98 -5 -21 91 -40 -83 -36 78 17 -74 67 67 -88 45 -7 7 -93 87 -87 -51 -42 99 83 -16 60 22 65 -83 15 32 -98 -40 77 51 -46 22 54 -59 76 8 -53 -56 13 -58 15 98 -49 -25 79 -64 -11 32 91 74 77 97 -50 37 63 -33 -72 44 -53 -42 16 80 -66 -79 37 -97 -76 34 8 -18 -55 -72 -27 10 23 -17 46 90 -64 -81 35 -20 -2 -61 30 22 28 -54
24 -37 23 23 -18 64 -2 -32 -1 64 29 -70 -68 -76 16 67 87 42 -11 28 -39 47 -9 77 84 -64 -91 95 -1 89 39 -21 65 -1 42 1 72 13 36 -40 -9 0 32 75 77 -17 4 -26 -95 23 22 21 -8 -15 17 60 88 10 -85 -17 18 28 22 -98 -84 -30 18 -94 -6 -12 -47 -57 -94 21 14 63 -75 12 11 -50 -91 -82 95 13 -100 47 19 -31 -71 -76 -18 -68 -83 65 -98 -64 42 -31 19 -83 -2 -86 -79 -86 78 54 18 -59 16 95 -37 27 70 -25 -75 -9 54 23 -62 -87 31 87 -38 13 3 -71 -29 77 35 -63 86 -52 45 -46 -2 30 94 86 -26 -32 -16 -20 -43 -88 -71 94 -6 -50 98 -76 -40 -51 -19 -44 -54 -82 7 -96 33 -19 -24 95 56 -24 -35 -29 -82 55 -46 -6 40 -89 81 43 33 -30 64 -49 -17 96 70 52 3 -2 -10 76 -52 73 -15 -21 15 15 43 -25 -46 46 -59 -25 -82 12 50 -31 59 84 90 98 -52 27 44 -62 -84 25 98 -11 15 15 -6 83 -18 30 -25 12 95 -36 4 -17 91 74 -68 -8 16 31 -91 -99 -10 3 -18 -1 4 48 85 24 -56 63 49 -38 97 33 81 85 -59 -63 71 50 98 89 25 -34 -43 7 -82 -80 -96 -41 90 -8 -70 17 80 88 41 90 -62 -77 21 -14 99 100 32 -30 24 -25 86 -55 -55 79 18 29 6 91 -65 -21 3 68 82 53 84 95 -17 -14 87 -70 68 -1 -29 74 16 -76 -90 44 24 -48 -35 80 -7 75 -57 -8 100 8 -45 -60 -77 -81 -90 -97 -44 7 94 17 84 -70 -20 74 -54 -42 -46 68 -50 -75 -65 32 81 92 78 -18 15 91 -37 20 -51 53 9 -26 -33 -92 -46 -69 -59 -91 26 73 -100 -20 -76 -74 40 27 7 8 -85 -90 59 98 99 90 -91 66 56 54 -39 4 85 15 20 50 53 -31 97 -69 91 -16 5 87 3 44 -35 100 -26 51 79 -93 1 -23 -23 -93 53 45 21 46 6 5 -50 -78 -100 94 84 13 56 52 -1 -39 50 51 22 -9 19 -81 63 83 -76 37 -8 -11 66 48 -100 -73 -74 -18 54 -44 10 93 -46 -32 16
6 -48 77 -15 34 -26 93 58 97 -21 23 53 19 48 -26 96 -44 51 8 -4 72 -7 42 -61 -16 -89 3 8 -75 45 89 -89 78 -49 -16 47 84 51 30 12 -73 -13 -44 62 -28 93 -63 -44 22 -39 59 60 62 -40 64 -90 10 -33 16 -35 17 89 35 50 -93 -18 -33 94 -93 24 68 4 -85 -19 -23 30 -8 55 -46 -72 -22 -32 48 -1 -79 51 -51 87 39 44 10 61 17 -55 -83 25 -24 -99 65 -20 -60 -88 -8 -53 -49 -30 -66 -1 -78 -16 40 93 -42 67 -20 -47 -66 -42 -53 -86 68 29 72 9 88 -75 100 -50 -81 -94 -45 -31 97 -30 -11 -99 7 68 23 94 46 -28 48 91 -8 38 -5 -28 -51 14 44 -57 -88 -33 -42 -62 -46 1 62 -39 -46 -85 75 -4 -97 -96 -22 50 92 -95 -72 36 69 77 11 81 85 6 15 69 -98 27 -97 -43 -56 9 -94 -12 77 58 38 -90 48 -18 -87 -18 -35 -83 9 13 -18 -7 -43 32 67 97 -99 -57 24 -47 66 54 -74 79 29 -98 100 30 -89 74 -8 -30 -20 27 -30 31 -55 85 -95 58 -62 57 4 50 -24 -3 -100 56 -26 -79 47 78 72 -100 23 49 45 -90 58 -84 -13 28 -36 69 -62 -57 -77 54 83 54 17 1 -66 15 -87 10 -90 66 48 -80 -48 -96 5 -77 3 -47 -56 42 -85 87 3 -20 -53 -69 29 41 -23 13 -81 45 -55 -62 -15 -12 18 63 -1 80 -56 51 -50 54 12 -38 -39 82 -13 -75 44 87 61 7 61 41 37 -60 -66 54 49 -42 33 7 6 -49 -91 -49 65 -49 30 -75 7 91 -100 51 15 -48 -95 64 82 4 -30 -44 45 -62 -6 -78 41 98 -15 -87 56 -36 25 100 37 -68 72 -25 -16 32 28 -40 -47 86 -16 -94 19 20 20 55 -46 -54 17 74 -35 38 78 -88 -29 99 -77 11 31 9 71 68 36 -38 3 0 87 39 13 -51 -59 40 -24 -35 0 28 -27 43 39 24 -28 3 64 -2 38 29 -44 91 -3 66 22 -59 5 89 27 -13 20 79 -68 44 70 6 12 39 -42 59 -99 85 64 -36 -38 -94 86 29 -48 87 -51 -46 -12 86 49 31 70
66 33 -64 8 25 -94 54 -19 -94 -11 98 -8 -53 -97 -39 12 -82 88 -62 18 -58 48 -16 30 -72 -69 98 -37 34 -100 35 11 55 -70 93 -72 -82 -2 -91 -31 -4 51 73 -52 -31 -48 66 -56 71 65 -91 7 -95 -8 60 8 11 50 -77 11 -44 93 16 -30 84 81 -36 49 -80 59 0 -73 -82 -77 60 -60 34 3 -26 14 78 5 32 78 79 85 -93 25 87 -82 -82 17 92 -5 68 26 -28 46 -12 -91 4 -91 25 -55 25 31 -83 -63 44 64 -84 -94 71 -33 -49 -32 11 -85 52 80 45 74 60 -63 -21 -52 93 40 -21 -37 42 22 74 -53 46 50 30 -100 -83 74 -98 68 4 -25 98 76 16 40 37 -13 30 77 -43 84 30 -6 -65 -83 -23 -84 43 -50 75 37 1 51 -82 53 5 30 -40 -100 -74 43 68 51 -18 -48 -54 -45 53 78 84 -90 48 -43 -56 59 82 2 7 25 5 97 -100 72 -82 -2 -65 -64 2 -18 84 86 80 -59 5 77 36 41 21 56 -61 -37 -47 -66 -11 9 97 -2 -81 -69 74 -74 -17 51 -4 -23 -60 -46 86 31 -39 -46 -45 35 61 -86 6 -96 11 90 41 52 -72 -40 59 -46 -81 71 -40 -34 -85 -59 18 46 -78 22 -53 91 69 -65 -2 88 74 71 14 -82 42 92 -17 -26 68 4 -58 -86 78 14 -52 -39 -68 70 37 -28 -63 16 -97 -77 -18 -67 -71 92 -97 -1 93 88 -89 -44 -54 49 -14 -90 -64 -53 -29 -7 62 -57 64 -37 -12 96 12 -82 64 -69 48 -78 -7 -22 16 54 -77 75 38 87 -76 -9 27 66 29 -81 -51 -85 55 -14 63 20 -8 -13 -97 66 44 -83 -88 -75 -41 56 -35 -76 -90 52 -33 -79 -83 68 31 18 -62 54 -75 -77 -89 68 67 45 81 -66 -20 -93 80 -52 97 -73 64 -81 94 -55 11 52 -61 -94 67 -74 67 -15 58 13 -45 37 -93 -12 69 -37 46 -57 91 61 29 31 -75 31 -92 61 -42 54 -13 -56 48 -6 80 -76 15 72 -15 -33 -19 -4 -13 87 -5 18 -67 73 24 73 59 -79 74 -26 30 50 -29 58 -16 -33 -50 62 -49 -32 -3 26 64 -75 55 78 -26
41 86 -57 -55 -34 -85 -60 -42 -15 -60 -35 -17 44 61 -82 43 -53 -79 47 -34 70 -24 -55 -25 -79 37 62 52 32 16 -37 -3 74 37 -23 -28 52 -72 -68 30 100 -75 -89 -70 -15 -43 -43 27 -13 76 -83 -10 -32 -82 26 93 -20 28 -57 52 -37 -2 -44 72 77 49 -58 -1 -78 16 89 -15 -92 76 80 -98 -41 -54 88 19 -4 95 -29 41 -70 39 -40 -68 3 -20 88 -14 -85 -3 41 11 42 72 38 71 66 -21 75 -19 -56 71 30 -28 -31 8 -15 -72 52 59 42 -98 -13 -58 -6 86 -32 -28 7 81 -34 -73 -21 68 94 -80 -49 -6 -61 -90 -67 82 -25 -92 -96 22 23 37 37 87 23 5 73 43 -10 91 35 1 82 27 78 -25 19 92 -8 -46 3 23 -58 -21 29 -40 -81 18 -90 18 76 76 -27 8 2 47 37 -31 -80 -1 96 -85 -91 21 0 -65 -10 32 -6 -6 64 88 97 73 24 4 -1 -42 7 -78 -65 -20 -76 97 77 57 30 47 53 -11 -96 11 33 -49 -93 42 16 -99 92 34 3 67 -40 99 -97 -2 61 -96 94 -10 8 -1 51 -24 5 10 81 -82 -43 87 3 60 -44 26 50 17 -90 59 42 -96 -70 -55 92 -49 -75 49 -11 -99 -71 -88 17 55 42 22 16 -93 46 92 -84 45 -54 -83 -49 -92 12 60 -85 61 54 54 30 74 -89 80 -18 90 86 -35 -5 -77 45 31 25 6 -39 -68 -8 31 -41 -56 -71 -25 91 82 -34 -20 35 -27 42 24 39 85 -67 -80 -63 14 -2 55 43 -36 77 -98 -93 7 70 95 64 -16 -52 62 94 85 16 -70 95 63 35 5 -56 82 65 -87 79 85 -42 15 -38 89 75 20 8 99 -25 28 -13 -3 -6 59 -91 -100 -95 -96 -83 97 85 -17 84 -20 -34 90 -5 45 -10 1 13 -85 69 -99 92 88 -2 -50 78 -44 82 31 4 4 34 17 19 -12 34 -94 0 -99 3 -19 24 52 61 18 5 78 18 -46 -35 47 -21 98 93 -38 85 -88 -47 -79 61 79 -42 27 47 9 57 -29 -91 87 3 33 16 -10 -52 85 11 -53 -69 32 -35 14 12 89 2 -92 65 83 -93 -76 98
72 -95 78 -90 -47 29 -42 -42 -96 7 -28 8 24 7 -49 -6 -31 47 17 -2 83 92 -73 -60 -1 -45 -89 -57 -79 -74 -98 -47 68 85 -65 -34 8 11 6 28 88 33 37 77 26 70 67 64 93 94 64 51 87 -9 -8 100 45 -100 50 26 -79 17 34 94 -88 -70 56 29 14 47 66 -62 1 -84 -33 -69 11 -63 -45 88 -57 57 -91 46 80 76 30 -72 -52 70 69 63 -99 100 58 92 -16 6 26 54 52 36 83 -45 41 -29 44 78 -4 12 34 -36 11 -13 68 -1 29 -98 19 -73 -17 45 -78 45 -2 -77 -30 80 -8 -7 -92 -50 -81 -86 -13 -37 12 23 -15 -21 -10 -42 -76 62 -25 -20 46 3 -30 -81 -52 82 72 80 -73 98 72 73 -2 -57 48 -42 -74 -11 -84 -10 3 -43 -16 -67 69 -1 -39 -51 -30 -48 30 61 -94 -94 79 -81 4 -43 5 -24 -9 -90 20 57 -12 -58 -4 64 96 -65 -74 -89 13 60 -51 -48 -40 -93 23 94 -77 -2 -100 62 74 28 9 -68 -81 -18 5 52 68 59 88 77 95 53 100 95 -38 -12 20 95 57 57 -76 -34 83 19 6 -14 92 26 -32 -28 88 -88 13 -98 60 -80 -25 -73 -5 75 -27 -52 46 80 -13 -89 81 60 7 12 93 50 -1 -42 -35 68 58 8 100 -63 -50 32 -5 -56 54 81 70 19 -47 -72 54 1 -11 47 27 42 43 -74 58 27 27 -92 -10 -49 22 70 -64 20 10 -14 -10 53 -51 7 14 17 -45 -1 63 -75 28 0 54 -76 -98 -73 84 -37 20 1 26 46 -55 -58 -49 38 -29 8 54 67 -13 -97 -85 38 89 27 3 34 -97 -62 16 -55 -41 -1 86 -2 20 75 -36 -18 100 -69 20 -38 -62 -67 -69 -48 50 -44 72 -86 -42 78 -17 81 14 59 75 -99 72 -79 -55 -3 -74 -90 98 4 34 28 22 54 -24 -17 94 -2 -32 -73 -87 -22 65 16 74 -33 17 54 -16 -17 17 -42 72 47 14 1 4 75 -28 -4 81 18 -45 -39 -30 -72 -31 -33 -64 -84 28 42 -100 41 52 -57 81 38 -6 -67 -91 -46 62 41 71 1 95 48 27 -41 33 1 -1 27 -72 58 -6
22 -15 -90 66 -27 68 -2 -44 12 57 24 -22 -23 -42 15 -40 -90 -65 71 56 58 61 30 72 -76 83 19 -11 86 36 -21 86 24 -85 29 34 -12 -18 91 87 49 -25 39 -52 89 62 90 -29 85 70 52 90 -8 47 61 -52 94 -70 -77 -14 -62 -70 66 -22 31 91 -70 86 -75 -45 -82 -38 -34 -16 -84 -54 -9 -74 28 -45 54 97 -35 7 -76 -53 22 24 -14 -73 -72 -90 -36 -68 77 63 84 88 71 24 23 -48 56 98 -52 -40 -91 -20 -14 -15 19 -68 6 37 29 -25 -3 35 -5 -83 68 -8 -62 -94 5 40 -56 88 93 0 -19 83 34 13 -99 68 84 -73 -94 71 -72 5 -63 30 -10 -57 82 97 -23 -74 53 30 -94 37 18 -65 13 -53 -19 -77 -85 -42 61 46 19 -79 -67 -37 -83 33 -4 -52 62 -30 62 -51 18 66 -23 55 -70 63 -4 -11 -29 69 87 3 33 50 54 -86 15 88 24 48 82 -48 21 12 -60 -60 -9 -94 54 -48 23 13 54 60 75 -7 -9 36 68 89 -85 40 -48 -28 -70 -85 -80 21 27 93 72 -100 56 1 63 85 93 -18 -61 85 8 84 -5 98 70 54 -67 9 -63 -55 -26 93 -27 21 -48 64 66 86 88 -90 -42 -32 90 -94 64 -91 44 31 -24 16 -78 -33 -53 -55 37 84 -48 -75 63 26 -38 -16 15 10 95 12 -22 -8 -55 6 35 75 -23 -42 -12 -1 -62 -67 39 -14 19 0 -83 63 -15 16 79 95 0 -74 10 -97 61 -68 -34 30 37 -100 33 82 -97 -52 -14 -15 -27 -26 -76 74 63 22 -44 -48 80 -22 11 -63 -20 -94 -48 -59 95 -22 -49 -41 -3 63 96 -72 57 83 35 32 98 60 -44 -70 -16 92 93 -38 82 35 47 55 21 -73 59 78 -60 -79 28 67 -33 58 -1 42 -54 19 -11 -69 51 52 61 27 -50 -17 16 20 43 -76 69 -11 49 47 -67 -72 -37 -31 -46 -68 -79 40 99 -92 14 -21 -17 60 4 -6 -56 100 52 65 94 -19 -69 -21 19 40 -70 -12 75 67 72 -87 -1 -5 98 -67 90 -63 84 -15 -32 54 49 -76 -18 85 3 75 62 -92 -71 48 90 1 -69 -84 -91
67 75 -5 81 -43 75 -21 -36 36 -30 -71 -28 73 -91 60 -8 3 -33 -17 -49 65 79 43 46 33 87 39 -6 -70 74 -73 48 -53 -61 -5 -50 30 85 74 99 -75 -5 -99 -39 94 86 12 57 -73 76 -8 -42 4 -39 63 4 62 68 -47 -100 95 57 51 59 79 65 -21 10 75 -49 -88 -44 58 41 -19 55 57 13 59 -31 -84 -92 -35 -53 -79 90 -46 -69 -38 -63 -100 -74 -66 -98 -99 -20 64 -71 -89 -66 -30 32 -38 -94 -82 -75 30 -77 25 -22 49 39 97 -50 77 -91 98 62 -77 54 -46 85 -77 19 48 -87 -44 -38 7 71 81 75 36 -57 -73 38 53 -40 60 65 57 56 -43 27 7 38 -66 23 61 -78 88 -93 -70 -1 -29 -95 2 21 -85 71 -51 -50 29 -34 -55 24 94 -54 93 42 -10 -7 -42 29 -49 80 4 -49 -16 47 37 -68 48 95 24 -60 -70 54 94 -49 84 -82 60 -69 -83 -66 92 -56 20 9 -21 46 -73 -76 45 63 90 -86 69 31 -21 3 -56 -58 56 100 38 93 -5 -49 -16 4 -55 -58 98 -12 40 -57 -28 3 22 -86 -8 38 -19 38 -95 92 -15 14 37 79 6 -26 -55 -12 -79 -81 83 21 -44 2 9 -73 9 17 -9 59 22 -66 -10 -62 1 -26 75 11 44 9 75 12 -51 98 25 19 28 58 -5 34 -99 45 8 -98 59 96 1 94 -66 -66 14 12 80 -62 -77 10 36 82 77 -32 43 -29 7 28 25 46 -13 -21 -37 -11 -68 47 -71 -69 73 -75 28 65 -27 -47 99 8 61 11 -41 96 -47 -71 72 -95 -28 26 48 10 16 -67 40 -24 -74 -69 -32 2 59 41 -96 -66 -61 -60 84 -72 -30 -65 -71 0 2 -96 6 -41 -58 -100 -57 -43 63 12 44 46 26 22 -19 -28 -97 -43 72 -32 -10 6 -21 -77 55 -58 34 28 9 66 -51 63 -31 -69 41 57 98 -91 -88 57 -99 -28 82 38 37 -58 12 -23 -55 62 -30 -18 16 -59 79 -31 -61 67 82 -92 -40 -17 47 8 -81 -45 -75 -2 83 0 81 -12 43 -26 78 79 69 -54 47 48 -41 -52 -52 26 79 -62 32 -92 -87 -95 -72 10 87 -95 -21
19 -34 64 98 -39 90 18 -14 -80 92 18 -47 55 -2 4 -85 -43 74 81 -63 63 -37 76 -88 63 -61 -89 64 62 -26 -6 -17 -90 2 35 32 -40 49 -87 19 -21 -96 87 -50 91 -94 92 72 61 71 -60 -29 91 -78 -37 -52 -20 36 -34 -75 24 16 -100 30 -76 -87 45 68 0 2 -13 -90 -55 -24 -24 -36 73 -59 28 -46 37 2 -45 -2 -13 -4 8 -24 -39 16 0 56 -98 -37 -32 -81 -62 -89 70 0 -19 92 -7 -9 -6 63 19 90 -60 -91 -86 -17 45 -13 45 -1 -84 -32 -19 76 24 56 -35 -89 -36 70 -73 50 -98 62 85 -22 9 77 86 -57 95 89 82 78 -14 -83 -40 -90 -91 -28 -76 -2 -95 49 0 8 87 31 -48 26 -8 -76 -51 58 -15 57 26 -23 -10 -2 2 72 -4 39 -25 -96 -34 28 -94 53 80 -90 -63 9 81 65 -73 -10 96 16 17 -18 -31 11 1 -11 79 -42 11 -17 -56 -85 16 46 29 -49 0 79 -93 62 77 10 -37 44 -17 -91 -15 10 66 10 3 63 29 64 -16 68 -77 6 40 -87 -33 -11 48 -82 50 -89 95 20 2 21 15 37 95 3 -94 -87 -61 79 -84 50 42 68 -56 -19 89 -2 -3 84 -3 -42 -33 -23 -75 -42 -82 -100 -24 -63 28 87 16 -34 26 74 -3 10 50 90 87 35 66 29 86 -99 -40 82 -29 -32 -53 98 60 -3 -14 77 33 79 67 2 -33 45 48 68 78 -25 -46 48 -60 -62 95 15 92 87 3 43 44 4 -49 95 75 -80 28 -57 94 27 -6 -32 16 -99 6 7 50 -30 -56 99 11 28 -20 88 73 -63 -37 -96 -7 -69 68 11 -75 77 -53 -64 84 -66 30 14 40 1 -77 82 52 -14 -20 -52 5 39 -46 93 43 -62 -38 -16 68 -79 53 -70 20 19 57 89 100 -58 -6 50 80 -95 -16 -97 7 49 3 8 53 -18 -28 -96 91 16 34 36 -10 -66 -8 -14 -19 -46 31 -91 -27 -14 -58 81 19 37 -26 86 -8 -82 -12 -71 57 77 28 -74 -37 -55 93 57 69 13 10 7 80 -33 24 -14 -74 9 -54 30 -55 83 -70 61 -58 -5 -5 -82 -26 -2 -14 -58 -26
38 21 70 -89 -65 70 57 43 -69 50 78 -65 -17 74 -65 -51 74 75 -84 43 74 39 93 90 -86 84 -11 14 68 -42 -88 58 -26 -90 -14 61 10 -53 -2 -4 71 99 100 69 48 -72 -43 -35 -15 98 -20 81 -99 12 44 72 -60 -70 -54 49 -12 47 82 -100 33 23 -71 -41 69 82 -88 -71 22 -97 53 -52 52 27 39 -72 -38 3 -45 -95 -83 10 -82 -94 83 -62 60 98 -97 -35 36 -36 46 -42 11 30 -49 48 13 -75 -12 -16 -64 -75 -52 -80 34 72 92 53 4 9 85 -90 -89 -22 34 -9 91 -17 92 77 -6 -64 96 67 -78 -83 -42 76 45 16 75 23 38 -90 65 -31 -42 100 21 23 29 26 -53 -29 -14 75 24 23 -92 -73 -19 33 -32 -40 -77 63 42 36 24 -99 94 62 -95 -12 -32 -35 -4 -24 -31 -84 -24 11 38 -37 -2 -33 -31 10 -48 49 -60 -30 -81 8 29 -23 -70 -53 1 40 44 42 -42 -84 -36 48 55 -57 -96 68 12 -28 27 9 92 -69 -93 -14 85 -8 73 -31 9 -8 16 -35 -98 22 34 -98 -95 43 -7 -50 10 48 -94 14 -35 96 -64 39 12 5 88 47 16 -35 23 -100 -73 -28 49 -70 -6 54 -88 19 -22 -27 94 -44 73 -50 -35 -33 -9 -40 -43 17 95 -90 64 -24 86 96 18 -6 55 -67 61 -89 -98 38 94 -33 -95 1 88 -93 -28 74 -56 41 -63 50 -72 57 -95 18 -69 62 67 69 -26 51 -48 -78 -60 37 50 47 -46 43 -48 36 76 66 -5 -68 55 61 38 72 -14 -50 -29 48 -54 95 89 -21 -20 -69 74 58 72 -41 -78 10 2 83 59 72 42 -25 40 78 14 27 -44 49 -11 74 89 27 -22 68 79 30 -91 51 4 34 27 -14 -29 -99 -96 96 -20 -84 71 47 -38 -34 66 84 -30 59 -92 25 55 57 -45 100 -88 -35 63 -27 91 -90 20 -11 100 -30 18 -3 82 89 95 -54 9 88 -22 -5 96 94 86 74 12 -77 -94 99 79 -68 -64 4 -12 -42 -29 91 27 -32 67 -85 35 61 50 -87 61 48 -22 99 25 -9 29 36 27 -26 8 27 -62 -71 -95 85 -86 8 -99 95 16
-63 29 -43 92 -92 87 2 -1 -6 -8 40 -52 -14 -13 26 -25 -43 91 -78 27 -20 88 72 53 19 -3 -76 60 29 -2 100 -11 -91 -47 34 -30 42 -63 69 88 33 -33 -65 48 35 31 50 -97 -19 -83 78 -54 -22 -75 86 14 13 91 -92 73 15 13 10 -7 -99 65 51 -87 88 58 67 44 -9 -72 9 31 -83 91 -52 89 -13 -98 -52 -35 -11 81 74 -65 -46 -70 44 -98 100 -52 -75 -15 26 -86 0 87 35 -34 95 -35 -15 59 -95 -61 0 -98 -34 5 7 66 -31 -88 86 38 47 95 -42 23 -9 -40 3 -80 -88 -52 33 -97 -93 22 43 -46 -84 -99 46 45 -99 66 -35 99 -2 69 -36 93 -66 -42 25 -99 68 -2 -86 -1 92 -95 43 -10 12 87 62 28 -59 41 12 97 40 16 42 22 21 -90 -33 -17 20 -92 -43 3 -20 -66 10 -31 -94 38 31 -6 -79 25 -41 -71 64 -44 21 35 -82 7 -83 89 26 18 19 -50 47 -27 -71 10 80 20 -23 -77 -49 -31 -4 22 -56 -23 29 46 -81 -94 -14 -90 -9 -27 56 -61 -22 -49 -14 -25 77 -21 0 80 -59 -56 42 -9 66 -100 92 -34 -96 -37 21 56 69 -99 -77 -80 95 -56 40 13 -57 68 -34 -26 -27 -19 80 -77 26 -27 68 -27 42 -20 69 6 57 33 79 77 73 22 51 -66 -14 24 62 72 -93 38 85 76 -47 -18 79 -5 68 92 -73 -6 -41 -99 66 -12 21 72 -54 -5 0 77 -88 15 -64 -53 0 11 33 85 59 -87 85 58 -9 -88 39 30 -13 61 -79 62 30 47 -53 56 -10 90 65 72 23 -36 -14 -78 47 86 -23 -11 -57 11 -89 -13 -49 -68 13 -38 -46 55 -92 -25 10 -22 84 44 -30 79 12 -37 -49 -83 -47 -69 66 -3 17 -29 8 25 -54 25 4 71 26 77 93 8 59 -17 -30 91 51 -93 -86 -78 79 48 65 -41 63 55 31 98 -57 -60 42 35 96 -9 -15 -77 80 -93 99 40 -70 -82 73 -37 33 -36 89 -19 -71 -16 -53 -72 83 -26 20 -2 -99 83 -75 32 84 -27 19 16 -36 57 -47 -83 -55 76 -56 14 -61 -37 61 19 -11 46 38 -81 13
-97 -95 42 66 -8 74 -13 41 -50 50 64 80 17 -27 15 51 66 -23 86 -14 74 -37 15 3 76 58 -30 -43 -23 -8 23 31 36 -15 4 77 86 36 53 -64 -93 62 66 92 -39 -40 3 -58 48 -77 62 33 2 -82 -92 -16 77 55 -99 37 31 -35 10 -20 -95 10 60 -12 48 38 72 85 41 19 13 71 -55 46 77 17 43 11 33 65 -67 -32 -25 -98 89 18 22 -62 0 30 44 -17 29 -19 -54 -43 4 34 30 -6 -92 89 -23 92 81 -50 -2 -47 37 8 -69 -74 50 7 59 -87 -74 41 -45 -61 -25 -38 83 100 -73 -73 -69 11 76 54 -94 11 84 68 -91 -76 -48 43 19 81 93 92 57 58 -26 -7 30 70 -69 -25 -19 62 -4 -9 -84 79 90 22 35 -3 87 -1 -54 78 -44 -29 -16 -78 16 69 -99 62 15 27 15 -10 -6 -70 -34 -26 -55 64 95 -71 -7 -60 -21 46 -38 -79 -59 -3 26 -81 -20 99 41 94 43 2 -71 -59 54 85 -75 36 -3 73 -28 64 66 -43 -92 -88 -72 21 -92 92 7 -65 -49 -91 74 23 45 39 46 91 29 70 48 87 40 -19 -29 -56 27 -69 65 90 57 100 26 46 80 -15 51 89 -36 -96 63 -88 95 1 82 27 42 99 -79 35 67 16 -51 65 69 22 -68 -67 -7 67 85 48 14 2 -21 -14 85 46 -14 43 49 35 -86 12 -69 -41 -68 14 -29 13 39 39 -57 -59 27 -68 -9 29 -27 58 -77 23 -55 62 -25 37 -39 -63 20 99 23 30 -8 86 17 -52 48 -27 -23 8 -8 75 -77 19 26 60 40 -8 -100 62 36 -66 -97 6 -7 -27 -16 -2 13 -39 -24 -84 -20 46 -90 -16 10 19 9 85 -96 61 97 35 22 100 -27 66 37 31 44 -17 31 86 -52 65 -90 22 31 15 99 -84 -78 46 2 -65 -57 58 -47 -98 -24 42 70 -17 -5 79 -10 94 -98 47 -92 91 -3 -50 61 -43 55 -5 -31 77 -79 79 83 82 22 -59 2 -92 29 -57 -37 -10 -89 -85 -8 -67 59 -64 -67 -39 63 -87 -11 -60 -76 -13 67 -83 22 -54 -60 81 86 14 -9 30 -17 55 89 34 96 -18 -52
-21 -53 -98 -55 -24 -14 40 -21 -82 -72 74 -45 96 31 70 29 -33 88 -99 -51 -46 30 57 -47 -81 -81 -98 38 97 63 -8 -18 -66 7 73 -33 40 1 9 14 -44 -69 1 84 54 13 49 63 -39 13 56 -60 -51 -60 -9 -95 11 -85 -94 90 -84 -19 -2 -9 -59 -6 -95 -78 -70 86 22 -20 -23 -88 -98 -21 86 -10 88 -33 -66 -50 -63 -91 79 -83 75 -78 17 37 -68 41 87 -18 -34 83 -75 66 40 -12 71 80 -89 -19 -16 13 -32 93 -44 57 63 52 27 89 4 -84 83 -24 -32 77 -94 28 37 36 -16 90 -69 -35 24 37 12 -89 65 45 -22 24 -54 -15 94 -28 -89 55 93 65 94 -12 70 65 0 13 -66 -7 10 52 53 -8 19 21 52 28 -99 -71 -72 50 36 22 -77 -76 43 -55 -66 95 17 65 -78 -25 100 33 -73 -53 -87 77 51 26 -49 -54 -4 71 41 -41 -3 54 2 -8 2 53 6 6 -70 -45 23 -82 -62 78 -71 -82 74 -37 17 9 76 89 -32 -84 61 57 38 -83 -55 68 -4 68 29 -54 50 16 75 -52 67 -62 -33 -89 31 13 -99 -69 -44 45 -56 49 -56 -99 -97 -29 25 83 33 48 -60 -71 5 -27 59 -93 83 73 58 25 92 7 57 -35 92 -30 6 5 1 -41 -35 -80 3 -40 92 91 -62 -99 100 40 95 -97 -13 -12 -93 -33 -10 6 59 -26 -99 58 61 31 -70 49 -51 36 64 -61 -49 82 -7 -27 71 92 33 -21 85 -48 2 29 -11 40 35 -89 17 32 -15 17 -91 78 34 -55 -26 59 -93 -3 -3 65 -83 -92 60 -22 14 -50 86 98 -91 -36 39 -92 -40 -100 -77 -91 -12 -26 -54 -74 -9 -44 63 -59 20 -41 -4 20 53 -12 -53 64 52 40 -42 65 16 -92 22 57 31 -43 79 -14 -64 52 72 -87 91 42 87 -13 30 -40 84 30 58 -60 -69 14 -41 -64 65 49 -95 -38 97 -77 -73 -40 84 -64 -46 35 69 38 47 -72 -81 40 15 4 -54 16 27 47 51 32 61 3 77 -23 -53 88 43 11 6 -79 -69 -87 -52 -57 54 -24 -66 93 -53 -25 -82 -94 -42 -10 74 -19 94 54 -45 7 51
-43 -27 40 -32 -5 -61 -86 -45 71 62 -86 -68 33 -17 99 91 62 48 -64 -49 93 -46 -2 95 76 -31 60 78 -31 56 -41 -43 -100 74 -29 41 -34 95 -83 83 38 21 -20 39 14 -19 -48 97 52 34 25 -69 -49 62 -39 59 -89 18 5 45 -52 21 99 -95 37 94 34 93 47 -37 -67 69 9 -88 -45 -8 89 -44 -78 -51 60 20 46 18 84 85 7 -56 41 84 -91 3 -54 -35 30 -39 50 -4 -87 24 8 55 57 -91 -67 -95 -7 -55 65 -25 51 59 -89 -84 -43 -72 70 46 54 -28 85 2 48 11 91 -67 37 -16 -50 36 -35 28 28 18 -30 2 68 2 -72 45 90 -42 5 27 -80 52 7 -65 -3 -99 13 -62 -83 16 13 -52 92 50 -24 -65 59 -72 -79 75 16 46 43 -91 45 -77 16 43 -87 -99 39 28 27 -89 -7 9 78 -71 -56 -100 67 39 69 -14 -51 64 -92 -54 7 64 -46 6 -9 31 -99 67 81 85 -19 54 9 29 -64 94 21 3 -28 -74 97 20 -7 82 9 34 95 -17 -2 -54 96 27 -99 21 86 -38 -71 -59 -92 67 98 98 89 31 38 -91 5 -16 -7 -60 83 5 15 16 25 82 38 -74 16 74 -34 -36 -69 55 81 17 18 -69 -49 -60 -89 -81 -43 17 -1 76 58 65 39 76 94 -65 33 71 28 10 -1 5 21 100 12 25 77 -73 -95 -16 17 -62 86 -92 77 24 -38 -37 11 -68 100 27 2 -7 -70 53 90 -17 -39 80 28 -60 -75 22 -5 61 -42 -46 31 29 46 6 -92 11 -37 56 8 94 20 -29 75 80 -98 74 11 90 55 61 38 -29 -11 90 -46 -50 -19 41 -96 86 82 -77 86 -13 30 -76 -36 -16 -63 -68 10 -19 -43 18 58 -49 14 36 -63 58 37 -6 -94 33 -14 -20 20 34 2 96 -4 -29 -32 -65 25 -64 -89 88 93 9 -60 100 18 -46 82 71 72 33 -9 -59 -69 42 27 41 50 -64 72 -90 54 62 67 -100 -45 83 81 -14 79 -22 -4 -62 5 -46 61 32 -5 -24 46 94 17 -8 -80 -9 -15 48 -70 -43 8 46 -30 -89 -1 91 55 -41 -13 33 95 -58 3 52 20
88 85 -2 -89 39 65 26 38 -87 -81 95 89 99 -10 -34 6 -63 -5 80 -50 -34 -35 -22 -59 -67 46 65 70 -17 -62 -69 94 -99 64 -46 -40 9 -28 82 99 -91 -61 4 48 -50 32 70 -60 -35 94 -50 -34 -43 30 -96 19 43 13 31 42 26 60 36 10 -39 59 59 97 68 -97 -27 -46 0 41 -74 -92 -18 -71 89 -45 -28 -81 -51 34 65 -24 7 15 38 -52 -25 -65 27 -98 -59 -68 -25 -82 -61 32 -87 92 34 -98 -93 79 39 86 86 74 62 3 -11 55 64 -68 2 82 -27 -38 66 6 5 17 80 -5 -92 2 -11 -37 -34 3 -16 88 65 -83 68 61 -79 -82 70 72 -70 -83 59 -61 -35 -78 -32 -27 -58 -4 -48 -59 -28 -67 -76 -84 -2 -86 -85 -77 -88 -35 -12 -50 -44 -31 35 -86 13 52 -88 52 -93 36 47 75 10 72 23 60 39 51 33 -64 -16 -11 18 -8 -89 17 -73 5 -67 -11 -16 -52 25 -81 -5 -93 25 41 40 -9 20 62 76 40 -34 -45 -85 -95 86 -8 -52 -16 20 69 -18 25 72 17 61 -6 -83 -5 9 -24 73 18 70 22 20 61 37 -98 -69 -21 -72 27 86 98 -28 -45 79 61 -52 96 37 -37 -29 -19 -46 -30 70 14 94 32 10 -45 -29 59 -38 -41 32 -52 -63 -5 -40 14 -55 55 25 -38 63 -43 9 -52 94 -85 -46 35 -64 -67 -9 -99 79 9 21 -35 68 9 -35 -47 81 30 20 11 0 64 -34 91 51 60 17 -66 73 2 37 -4 -97 -1 9 82 16 78 -38 -73 51 3 31 42 41 -95 32 -36 23 98 85 -13 90 89 28 51 100 -76 47 26 68 58 41 -50 -13 20 -14 12 -80 -91 32 -61 -19 72 23 6 67 -18 -6 39 10 33 -47 91 38 12 22 -90 4 -47 -51 9 -35 28 50 72 3 -18 -6 -81 -50 56 -42 -46 -97 -95 0 -89 -88 10 3 -66 18 -29 61 -89 -36 -63 -6 -18 56 -85 -22 4 -75 -69 14 68 -35 85 -52 -34 3 -84 -88 -29 -87 -85 -72 56 -38 -12 60 60 81 -61 -32 23 -97 33 68 40 6 -96 -99 12 -22 32 -66 33 -70 -38 46 4 -63 43 18
-25 63 -61 -87 31 8 -97 2 -52 -89 17 -67 5 -3 -74 -51 38 34 26 -55 -66 39 -99 -33 -25 -62 -64 0 32 71 23 -32 -23 -91 -63 -78 99 -22 -22 -87 -2 -78 -68 -18 60 56 24 48 -94 45 21 -85 86 99 -46 96 -100 11 80 -84 -34 89 -2 -25 -53 -92 -76 -81 31 -33 -40 -34 63 87 -57 48 28 -41 -20 71 38 -5 60 -49 60 -18 -5 -99 -22 4 -29 -15 37 60 97 48 -6 -36 -65 68 -89 42 75 -5 -50 96 -83 43 26 1 -72 -92 53 -41 -30 1 -88 -82 -78 92 52 19 22 13 46 -14 54 -16 -33 -89 -51 31 -4 5 -20 -17 -60 99 75 89 -53 -24 85 -58 96 57 79 34 47 -72 -40 -27 -27 19 -78 3 4 83 -29 87 -51 65 -7 81 73 -3 47 -88 75 -16 -62 -34 -1 12 -1 -29 0 41 28 -36 100 39 -37 -61 -26 -90 87 -82 16 20 -73 -81 65 15 -3 -74 -1 49 -99 94 32 23 5 -73 7 -22 1 58 34 -48 68 88 -20 14 98 22 -44 -7 -30 -16 -46 9 19 35 63 2 74 -6 44 -13 29 95 1 66 -31 75 53 -5 -59 -38 -95 11 97 46 -71 -64 -25 68 82 -10 76 -5 -34 -14 -13 57 41 56 -47 -95 74 18 68 -36 -30 -31 50 -65 42 -20 56 -28 -91 44 37 -49 8 -6 80 -57 -98 -44 75 -93 56 30 48 -20 98 -9 -46 52 -54 -73 18 -18 85 64 25 86 24 -88 55 -93 31 -28 -82 -95 -58 -42 -92 20 -64 -73 -56 -91 64 9 7 -33 89 -46 -72 -99 29 80 -44 9 37 -1 95 -65 54 -87 -6 -68 -71 100 -56 88 -2 3 -42 20 -7 -89 -70 49 14 41 -9 -70 -18 -57 5 3 -45 67 69 54 -14 -58 -79 -52 -100 92 -89 99 -39 13 -66 65 -48 99 92 -12 -16 -95 -9 27 -43 -82 85 -83 -40 5 78 32 91 55 -85 17 -69 -37 -55 41 90 -57 -51 -47 91 73 22 -89 37 32 55 -50 74 -45 -53 -81 25 -30 -46 49 -15 83 20 -88 -27 86 97 -35 45 -59 81 63 -100 -91 -52 -47 -47 54 -83 51 -71 11 31 63 51 39 68 -52 54 50 97
-9 70 -50 -20 56 14 78 -54 61 -33 -84 -93 -31 0 35 15 50 39 -3 35 81 -78 -90 -39 96 -31 5 67 25 43 -94 -9 -79 68 20 87 -84 -65 -32 -89 -72 -64 74 -46 -46 -47 -77 -92 -23 33 -53 -12 -26 -70 -58 -58 -63 47 -37 16 13 53 53 -1 -60 -63 -13 78 68 -74 80 -96 -4 -49 99 -47 8 -12 -21 18 65 6 72 80 44 -93 -46 -47 -21 83 -59 -55 43 84 60 -92 -81 -79 48 26 -43 -13 14 16 -97 -22 -52 -44 -43 23 41 20 76 -38 -93 68 -11 -97 85 14 89 -75 -61 -47 -52 74 100 -94 -72 98 -8 -30 69 -71 42 32 20 -98 21 -93 -69 24 23 52 39 11 45 22 -39 -51 97 11 -19 90 3 17 -84 -58 51 92 -57 -69 -79 -53 -95 -62 -65 44 70 50 82 -94 -13 99 74 -25 -88 43 -8 -94 -66 21 66 98 -76 -52 -10 9 -71 46 14 -35 -88 -14 -27 -3 90 -80 -79 -46 -5 -1 78 10 74 -23 91 21 -81 -96 -63 39 12 -73 80 -2 96 73 -40 -42 36 40 40 -26 74 -18 72 -45 -61 -82 68 51 24 11 -7 78 -7 -50 46 25 -63 44 97 77 20 0 93 81 58 -57 17 -68 -86 -48 -71 -30 -58 -33 -19 56 15 -97 42 -77 -56 64 -56 -41 76 -71 18 -13 95 -37 -97 -50 60 7 42 32 44 -86 41 85 78 -31 86 -25 -1 -81 33 48 -13 80 -63 -100 -69 47 73 31 0 -100 30 34 25 21 48 -83 25 -55 -25 -18 99 96 48 -35 -50 8 63 -61 74 -8 30 -76 14 -60 27 -36 -41 -43 -35 -17 -35 38 -74 -70 -82 62 76 -86 86 11 -37 -92 100 67 -91 -25 33 22 16 36 72 -64 85 -59 -31 91 77 -13 -99 -85 -57 -65 -58 30 -72 4 -4 43 41 35 -49 -28 79 87 -13 -84 4 -87 77 56 28 30 3 47 36 -62 -87 -75 75 -77 76 63 90 90 71 -19 -76 -14 21 54 87 -73 31 -69 66 54 75 81 -84 41 96 39 -21 -29 -98 65 -5 86 -5 -59 -49 61 82 51 -85 -41 24 55 23 30 -1 17 -33 -70 -4 -86 -69 -54 52 7 65 44 -71 27 41
-95 21 74 87 100 47 -58 22 85 57 -98 20 -54 9 35 1 64 37 -63 7 86 -14 -58 -100 -4 84 92 82 -19 77 -52 66 41 40 36 30 75 -29 8 -92 -18 47 91 3 -22 50 2 19 86 -58 -58 40 11 47 -12 25 12 -81 99 -56 -15 17 13 59 27 -9 59 79 47 66 69 55 -57 19 85 38 -42 67 58 -57 -29 23 25 -35 -18 26 -95 12 -51 -10 7 0 0 42 23 71 40 -42 60 -40 -70 -25 20 68 -26 54 -28 -43 68 17 27 -99 92 -70 86 32 -3 -48 -71 37 -85 62 -92 -60 92 -22 -2 -42 -85 57 26 -83 -76 45 -65 55 1 -45 -18 3 -32 -50 82 -79 45 35 85 53 28 65 45 58 -40 -46 -78 -97 -60 64 -7 -65 84 -4 4 -12 -88 -77 27 -69 -57 -53 9 87 60 -86 26 -29 -93 -24 -10 57 31 -87 -100 77 -89 -1 -45 45 -7 10 53 25 -40 -93 30 -17 78 -49 62 88 -87 17 64 34 25 -46 -75 19 -66 -1 -26 40 74 -19 -86 -79 19 13 58 -47 41 73 -50 50 50 50 98 -12 -43 28 -29 -48 14 81 -37 28 -52 -56 55 9 -78 -71 95 32 10 3 20 -34 31 -48 -54 -43 -69 95 -10 -26 -5 -46 38 -64 -56 87 84 75 93 -74 58 28 26 34 77 47 15 -7 -35 -5 38 33 25 -13 100 93 93 18 72 -74 24 58 -80 -57 -76 4 67 -97 -10 -37 -85 -35 47 75 85 -11 80 9 19 -16 -23 -61 34 -83 96 -6 -46 33 -80 8 -98 -12 -45 -41 98 -40 87 -76 89 70 89 12 -10 67 -77 -81 -97 7 84 22 -59 -24 -21 75 -46 -49 -18 31 -77 -78 -63 -56 -16 -77 56 -5 66 -83 -17 8 -98 -37 26 -45 -12 -63 92 18 -70 -9 43 -77 -68 36 70 -68 95 -57 -26 -65 -28 90 8 70 50 -5 91 5 -58 -32 -65 82 67 1 8 -68 84 -99 81 0 64 58 -53 84 -66 64 -79 -6 -91 -74 67 81 80 10 73 22 20 4 93 -17 53 51 18 88 -29 28 -69 -92 -91 -70 -40 24 14 -39 43 -68 93 -100 64 34 19 -7 -24 59 -26 -76 -47 -56 -9 -84 67
16 -13 -2 55 99 56 -48 -55 53 19 -56 58 45 -5 56 -79 98 50 -51 -6 -31 -32 -20 -29 45 -74 -61 26 -32 88 -95 -66 -7 -98 -38 -40 -5 -11 -5 87 -58 97 -83 89 22 -92 37 -36 4 0 -29 -95 71 39 63 -56 81 -90 37 68 68 -58 -69 -13 -23 17 -58 23 66 46 43 1 64 22 89 7 -16 -83 -86 51 -45 -82 16 75 -33 -80 49 -100 -54 -30 -85 73 -70 -31 32 6 40 -55 70 -63 34 -16 -48 -46 -92 85 -63 8 -4 -38 80 83 -72 -59 59 10 -6 36 -38 -22 76 47 -89 -8 30 -33 90 -15 38 -86 -67 95 48 98 4 36 13 34 17 -58 -42 61 -30 -51 -52 85 -34 59 -21 -88 77 77 -40 -99 -1 -21 -63 -56 -21 39 -16 -30 97 -95 -54 88 -36 78 -76 -65 -27 2 77 -66 39 1 92 42 -33 -70 -30 71 16 -81 -41 -6 6 -80 -94 -98 43 -56 57 33 -32 98 -63 -66 -36 -84 -29 73 72 -67 -92 -55 47 80 -79 -26 84 -96 99 78 10 97 23 88 -61 -84 -19 -54 81 50 -34 -49 41 20 96 48 -70 86 38 97 -83 41 -21 -87 40 -88 83 -82 -7 -48 87 -16 70 -67 -100 -15 -84 14 30 34 8 -87 -60 -75 -38 -4 41 85 8 -46 22 96 -27 95 -30 16 -50 89 82 36 49 -12 -38 -51 -88 -11 -43 -25 15 -84 -95 -62 71 -47 -87 71 -51 19 60 -11 -90 -66 -7 47 -87 -14 -18 -99 -27 9 75 -27 -31 79 89 -27 -48 -79 -100 -77 47 -73 -70 97 -90 40 34 -41 -58 -8 -6 11 -70 -58 15 97 -95 -55 -66 80 -98 94 -95 -52 -52 29 29 -92 -75 53 -97 -69 78 88 40 -49 -70 17 -16 -82 -68 87 -87 -15 71 30 -17 14 43 14 -81 96 -11 -33 54 32 -61 -73 -37 16 -82 59 -59 5 33 -13 -56 62 12 -34 -93 -6 54 41 77 47 -69 -15 67 -100 79 -80 -55 10 13 -68 15 -39 47 -29 34 -21 47 -7 8 34 4 -65 4 -16 -85 23 -98 66 -95 -36 0 63 -72 80 72 31 -22 78 -58 3 70 83 43 32 77 -44 51 7 -47 7 99 -38 6 76 14 -7 27
-79 52 11 -68 76 69 6 -50 90 37 -40 -40 -44 -10 49 100 42 35 -87 -68 -24 -17 -63 -38 -72 -85 63 -57 91 -11 -59 -67 96 -33 -53 2 -17 -15 -85 -72 76 -100 -63 85 99 -22 22 -87 66 73 26 44 -17 88 -38 100 41 32 -10 -3 -64 69 2 -58 -34 -94 77 -91 -5 -55 83 -28 -81 -23 7 -100 -57 80 42 71 -28 58 -98 -21 78 -75 36 4 -93 11 48 23 86 -53 62 71 100 -28 82 -3 -49 69 -31 21 -5 98 79 -6 15 66 78 36 -88 18 -11 6 -91 -90 87 -51 -24 71 79 61 16 -19 47 -31 -80 -73 -48 59 -27 94 71 -2 -80 -48 64 -64 64 5 45 31 -46 -8 -23 -36 30 1 87 14 47 -20 -25 -82 10 -53 -94 -46 38 -50 -59 81 59 -52 85 -64 -7 -29 -64 56 93 25 56 40 58 -73 -31 2 -84 -98 -44 -16 86 -58 -76 57 64 56 -73 0 80 67 -23 92 98 -22 74 96 67 -70 45 -55 48 30 -21 -58 -97 -65 93 50 -23 63 65 -69 -12 97 62 98 -11 15 20 -3 -80 -95 -39 43 -53 96 -1 -100 56 37 -93 21 -21 38 -65 78 17 -20 13 -94 -71 -42 72 12 -50 68 -94 22 86 33 80 9 -21 65 72 19 -27 90 -91 87 57 92 28 -53 52 1 -61 -82 39 -41 34 -48 33 21 64 76 -14 -32 -35 -1 76 26 -100 -87 -52 42 82 100 -66 -84 91 48 64 -26 61 33 -14 58 -6 -38 85 -94 -92 -79 -64 -26 -67 33 -59 63 44 53 77 63 40 -88 -34 98 -21 -93 -20 -5 67 53 20 36 37 59 70 -21 -22 16 90 99 32 15 88 -74 -67 -49 -85 -74 53 -39 67 3 98 63 36 23 -39 -96 11 -57 34 -45 32 13 55 -88 -72 45 30 8 -77 -13 91 22 43 -94 -80 43 -3 53 -62 -40 9 56 -37 91 -63 56 -47 -61 64 20 -89 -2 98 -37 -42 -84 -7 20 -30 -42 -68 -47 24 -100 -55 35 1 74 -93 69 -97 -69 -42 -8 76 30 -23 99 -48 -63 -32 89 -53 100 31 5 -52 -38 -32 -5 -88 8 -4 60 -29 -77 -49 -50 4 30 76 -57 -35 -98 -42 7 94
-27 48 -47 -98 -9 75 -85 -54 76 -9 57 -46 -77 41 75 68 -59 80 48 42 29 98 58 31 -72 -90 71 17 -76 -93 85 -27 62 -43 17 -78 0 99 70 98 66 -20 66 -16 23 48 -76 2 -93 -41 67 91 18 -38 -97 -4 92 24 -81 -88 -34 -18 -9 -56 4 -69 -7 -68 83 60 -23 61 -15 10 -77 41 7 22 -72 24 36 8 -11 -19 -79 85 80 66 53 17 86 60 82 56 -58 79 41 80 -39 -33 -23 -69 53 -63 -23 15 15 -81 -58 95 60 -4 -2 80 -64 -2 -33 85 83 -33 -96 82 36 65 -7 45 -39 8 31 -45 24 67 15 -44 -5 -95 40 19 -28 -46 49 14 86 97 94 -33 -15 65 -47 31 73 41 28 -30 -66 2 -52 -25 56 -72 -45 -54 -12 -88 69 -48 68 40 22 71 59 -62 -89 -48 -6 7 81 -56 72 -74 -38 -32 73 -26 -51 13 36 -3 -23 59 -68 -30 79 1 -32 58 20 37 -62 -87 -46 9 -61 41 -11 -89 -32 -88 -21 27 60 -6 -51 52 -71 37 48 -14 -94 64 -19 87 16 -40 -50 -55 -41 66 -77 -4 -48 -28 50 85 -40 -23 36 49 -18 -48 -39 73 -35 -63 29 6 64 11 72 -53 22 -99 28 34 65 -5 -93 -56 -4 44 55 87 52 0 27 -15 76 84 -28 -70 -46 34 -17 28 -59 -24 -82 81 53 -13 -4 -66 10 32 -22 -49 -26 32 -84 -71 -72 6 24 3 -5 71 -79 77 81 -43 -61 -89 -5 -41 17 19 -23 -70 84 41 -86 87 52 -34 93 -9 70 26 -69 -19 -65 29 54 -68 73 33 3 -98 -81 21 56 -30 50 -17 61 23 14 -77 56 54 -62 -67 20 -86 -50 -7 93 4 5 -85 -97 -77 -33 -59 4 12 -67 41 19 -74 91 -51 27 -6 -82 -49 75 56 62 29 34 -11 -49 77 -41 49 36 86 -17 55 -13 92 83 39 89 -35 -55 -69 13 -65 9 -9 65 61 73 30 -42 23 46 -62 54 -51 53 -97 58 78 -44 5 11 -44 68 -74 -34 -77 -53 86 3 65 -88 -19 -76 69 -30 -60 -39 -31 48 -8 25 -21 57 -60 -61 0 81 -6 -41 -34 58 48 -76 -2 13 -27 -67 -6 -5
-76 -69 76 90 32 -8 41 -28 70 -19 42 73 -100 -8 19 86 -8 -29 -16 -44 -81 28 92 -3 -50 94 -29 59 -99 -55 -83 58 83 75 -87 10 36 59 96 -67 -72 37 -1 -35 -28 -16 -44 67 -44 14 -11 -29 66 -36 -19 -55 -33 51 15 66 -20 43 1 89 81 67 -19 71 -8 22 -92 -18 91 33 -85 52 -7 -13 46 -94 -80 -89 -61 38 -81 65 -18 -23 94 65 44 25 -84 -43 -82 -44 -11 -55 -46 -28 -51 55 -29 -100 -11 14 -48 -17 46 -50 -98 -16 59 36 -46 94 -58 -97 0 -92 26 -5 -36 5 -65 68 -87 -30 -29 -21 -21 45 47 -22 -66 -80 41 59 70 76 -36 -59 -38 46 99 71 -38 -92 95 -6 -76 18 -82 76 -66 53 18 -84 -74 57 -92 -29 100 -54 66 -31 27 -4 13 -69 -100 16 58 -22 -20 35 33 90 -20 -93 67 16 9 48 -24 -16 53 -68 73 -63 -84 -45 71 3 30 -85 40 70 -42 -36 75 -63 6 -68 -69 -24 -72 12 -81 -10 -20 62 -47 81 -45 -11 -41 38 -23 -74 -33 -68 -50 19 80 77 75 70 -86 29 -95 -86 49 94 -29 28 -34 -46 -77 3 97 -30 26 68 -89 96 16 -80 -39 29 -96 90 22 -77 37 43 7 -95 -70 55 -38 -92 35 -32 -72 -36 93 -48 -44 16 8 19 100 -11 -6 13 -59 -58 -27 -33 -80 -83 21 1 64 -15 20 -20 37 -74 -93 80 13 74 93 0 -4 21 4 93 1 -21 -82 -65 -7 87 -92 95 -62 13 -48 37 71 33 -33 -33 -64 -47 -27 -43 -1 86 -23 31 -98 65 35 84 -19 -95 94 22 68 -98 98 -88 36 -53 45 -20 -32 -1 -12 -13 -23 -59 37 64 22 17 0 -40 68 -22 81 8 -82 76 -50 -39 -35 17 -25 -11 66 83 -79 -86 52 25 -98 -77 -87 70 4 -32 -86 -90 26 23 -98 28 -37 -53 -69 88 -66 49 -55 -76 -45 43 32 -14 -52 -1 22 27 -95 70 -80 53 38 -61 2 84 -87 -54 89 -64 -88 89 94 20 -33 -64 34 79 -43 93 -70 -45 -85 38 1 48 14 33 78 11 -67 -80 69 21 70 -69 -95 -4 80 -71 -70 -97 -35 75 76 -17 14
70 -41 37 -29 73 99 9 -17 -11 11 -97 1 78 -21 31 7 -58 -46 -4 63 9 -34 -54 69 -90 80 -50 25 16 -71 54 98 44 -14 -21 -74 25 -8 -80 97 -9 -61 38 -31 45 -92 -88 -65 -88 11 -89 73 -55 31 55 88 0 90 -22 13 54 42 -71 -21 62 74 -22 -2 -25 98 22 -40 51 -91 -62 93 91 94 -56 36 94 79 -99 -85 18 89 -100 75 -98 -58 100 -1 -13 78 79 -71 -7 96 -28 -8 -84 -33 76 26 42 10 -72 -23 -30 58 79 1 62 48 -20 -10 21 42 -31 39 -91 -44 -15 48 80 -4 -9 -88 2 -33 21 41 2 71 60 -31 63 63 -76 65 53 -12 -26 78 -20 -52 19 -40 -82 -29 13 0 31 -34 -17 33 -41 11 65 59 8 -91 -23 41 -96 16 62 -32 20 -77 0 -73 14 56 -76 -48 -5 94 -1 59 -80 14 -78 59 42 -38 11 70 32 20 -77 -74 45 8 10 -33 74 -15 78 70 48 33 97 -39 -50 -48 92 -33 65 52 67 86 64 32 -41 -13 -19 -5 -40 59 42 -6 30 -5 31 95 -44 40 60 -78 -77 -39 -29 -48 42 45 27 -12 72 10 -97 -99 -8 -82 -88 76 71 71 -49 54 27 21 -56 -4 -71 34 70 20 72 96 -88 92 -93 -25 50 1 -81 29 -54 66 -77 -7 17 -71 35 -89 -93 44 -34 -38 39 -68 -5 -67 -35 -4 27 -5 62 -91 -51 45 57 71 11 -19 63 42 -43 -20 20 96 51 1 -65 91 75 -88 71 41 -47 52 42 97 98 -55 -82 30 43 -67 -75 -50 -39 -100 -87 75 -82 20 -19 -66 -88 -39 -2 9 63 -53 -37 -39 95 -71 27 -91 -68 -88 -43 -86 -52 -25 -22 24 5 -74 41 42 81 -23 -75 -66 -8 87 78 -40 59 47 73 2 60 -53 -29 -86 -8 38 41 41 -36 -10 5 29 74 73 -40 69 25 -83 37 37 -3 -26 58 -22 -18 88 43 -86 -24 78 28 30 -15 -85 83 -23 -31 -57 80 79 -54 -72 1 20 57 -5 93 93 -40 44 -54 10 -18 48 -98 87 31 72 -37 35 -23 -28 -92 -92 33 -28 70 13 -91 0 -93 -99 -33 52 61 -82 83 -43 88 -80 -64
83 -14 62 -80 63 15 64 -90 31 80 50 87 32 55 46 59 -55 32 -39 -74 96 84 46 -82 9 61 -88 -75 -50 -36 -86 -94 92 -44 -50 98 11 -82 34 65 -3 2 -92 -35 100 82 10 95 -81 5 8 -90 -81 -92 45 -55 92 -51 -35 27 67 -75 -30 76 -23 -43 -63 -93 -54 23 77 -97 -43 -69 -15 1 40 26 -79 60 58 59 -46 -74 68 80 65 -20 63 55 34 76 84 -92 96 -93 -28 -96 -19 51 -62 50 -79 56 -38 -24 -24 89 77 61 17 -38 -38 -35 -63 -79 100 -43 2 77 48 68 12 37 -30 -55 29 5 -19 26 -30 -64 99 -30 -86 61 -66 -71 20 32 25 21 -5 33 -96 44 9 -22 87 -38 -49 -67 22 15 56 51 -41 -75 -20 -28 -35 -59 -47 -40 -8 20 -67 64 90 -49 75 -52 25 23 -45 41 54 49 85 -19 -89 68 -28 -18 24 86 -25 -61 73 -28 1 93 38 -3 -18 58 -46 -6 -40 84 69 -44 -48 -100 -30 65 -45 45 52 -4 67 16 72 -69 -10 -38 -58 -81 86 -23 -37 -56 -24 -69 -45 -12 -89 66 92 75 -37 46 68 -52 -45 76 0 -81 2 84 -79 69 45 84 25 -53 100 67 18 -22 -91 -67 3 90 73 38 -50 16 -96 43 -30 20 75 -23 21 -32 8 51 61 92 37 -37 75 -14 -41 -79 67 93 65 -61 12 93 -91 34 52 -35 75 8 -86 10 -94 -9 -86 -71 27 89 -95 1 -6 -50 36 93 24 46 -93 11 -8 81 -37 49 48 75 8 37 -10 -76 -60 50 29 19 -26 8 62 88 -44 -3 -33 -66 74 47 -85 -30 70 -66 -24 -50 -28 -40 62 -97 -67 -73 85 -33 -53 21 49 -89 98 -6 46 72 -39 79 -64 -16 100 -86 26 96 96 57 60 3 46 50 -9 16 -57 -59 -22 66 -72 49 -98 -86 1 -60 16 73 -73 -39 80 39 -37 -14 -80 75 -73 87 -64 -14 -100 -49 99 -36 -86 -51 62 54 -100 -94 38 -77 26 -53 7 54 -17 92 3 3 -53 28 -81 86 37 -29 15 1 -37 20 24 -81 -7 16 -28 97 -75 38 -79 -12 -18 11 -19 83 -3 -34 70 -70 -16 -12 72 -74 39 21 -97
43 -80 -86 2 -55 -99 -33 63 72 75 70 -72 -71 -28 89 -82 54 45 70 -50 16 -71 29 -2 -51 50 -85 -91 -56 32 -38 75 -5 37 -59 39 69 -68 -60 -57 -99 15 97 55 -57 -17 71 68 42 -21 44 -40 37 -68 -56 64 -12 -75 -13 -72 -30 -71 -79 -7 78 -35 -90 -67 -87 93 -23 -21 -93 -44 -23 44 -50 -96 -93 84 60 97 -92 -53 54 8 84 -91 -75 -77 -13 10 -96 14 -86 21 61 22 40 -92 -21 -77 -50 96 18 -68 -73 66 -63 -89 95 -5 22 54 57 15 -12 -46 -48 54 66 34 -91 -67 -66 -61 -12 3 58 -22 -11 -20 80 54 -25 86 -65 -5 -81 80 -61 93 90 -21 15 -78 -42 37 -38 74 76 53 67 -32 -85 -40 62 59 -56 -30 0 -81 -56 61 98 92 3 61 54 6 -57 58 85 7 26 55 -85 -65 90 -78 -89 5 -30 -15 75 -16 -10 49 -81 -30 94 -43 72 85 -26 0 47 30 22 36 7 97 -20 83 -22 -4 36 2 -52 47 43 99 -75 -71 42 2 -78 33 30 -100 66 57 -24 -16 30 36 52 37 -30 27 -89 -28 3 -17 -34 44 -5 -55 -15 -61 -49 11 96 -12 -75 -83 -23 65 35 -34 85 89 -95 -28 -22 99 6 -44 -40 -29 16 94 0 76 -80 -85 40 78 -15 -90 -92 -43 75 -79 -6 11 19 8 -66 -77 67 10 88 56 -41 -27 -43 87 57 80 60 -59 66 -28 -84 29 91 -63 49 -64 79 24 -91 11 7 26 8 71 54 36 23 -40 -43 -81 18 13 37 99 -69 -97 45 -82 100 48 14 -65 82 -19 -92 -28 62 2 -6 -81 81 10 -60 -24 11 36 35 5 46 -6 -22 95 -55 -40 -78 -40 86 60 -97 -36 33 -53 65 -33 20 49 -21 -66 53 -68 -26 50 -21 79 80 -60 39 -61 -91 92 -46 -41 -16 -71 -65 66 -81 31 -84 78 -37 50 -65 85 -81 68 66 -25 75 70 18 -95 -29 -33 -70 -75 -65 -15 24 64 -84 -16 47 -25 7 37 59 -11 -88 -85 0 -51 76 -53 -8 -11 77 46 66 -5 -49 11 -65 39 9 34 89 17 9 -18 20 43 64 27 -1 -17 13 35 100 -13 43 -72 -16
-13 -69 -15 84 47 43 -17 40 -1 -73 -97 5 52 9 -34 -42 50 -89 -34 13 -57 -40 -89 -25 45 91 44 19 -21 35 18 24 55 -96 13 33 -75 57 -20 -93 -3 60 17 -3 -55 35 -79 57 73 -60 15 -8 23 -30 -51 -75 93 12 -72 26 68 27 -37 79 4 -84 -31 -68 33 -32 50 24 31 94 -8 56 97 -40 -43 59 -97 74 -83 -25 -66 96 -26 66 34 -94 -69 -32 -62 36 -85 -44 -73 27 -19 -53 35 25 46 68 28 66 93 -33 67 79 -71 15 16 90 59 88 9 -34 9 -55 47 -20 59 -18 72 41 68 -61 10 16 91 -32 31 68 -65 67 6 14 45 -3 -12 1 10 9 -70 -64 35 14 19 77 -50 54 13 90 -61 27 65 -48 34 -21 50 -46 -1 7 -98 -14 -72 53 48 52 62 35 90 -48 93 -31 58 91 -35 -44 -80 50 -27 -5 -96 100 53 -47 96 -98 94 -88 -98 64 9 -70 -91 38 71 -14 62 -42 86 92 66 -14 38 56 -79 41 94 -11 66 73 35 -47 47 61 -20 51 -8 18 -37 -75 5 -68 54 -61 -13 37 94 55 -23 -77 -17 66 -35 70 -8 -59 -86 72 91 78 48 13 -87 0 100 -18 -16 40 -72 13 -68 -63 38 85 50 -58 -6 0 -40 -81 -55 -78 -63 -45 22 -27 43 71 -54 -81 43 77 74 -73 -90 37 -63 8 -33 8 6 93 22 -98 -17 96 93 -57 -54 -8 -85 -97 -61 -57 -26 -53 63 94 5 -36 12 30 26 66 53 -64 85 -51 -33 -14 41 8 4 79 -62 24 7 -50 -41 5 37 30 -20 -23 37 49 -81 89 -69 44 23 72 -75 27 13 -27 -87 -52 77 41 26 -52 -38 -52 -37 -64 -49 -9 -36 97 -53 70 62 33 -17 82 -44 64 -38 78 -57 -98 -4 76 -54 80 -69 94 -8 -95 -2 -39 1 -44 -64 41 -35 -67 -19 0 79 -98 74 32 35 -30 2 -34 72 55 -34 -49 4 -83 -66 -98 20 -88 -65 -81 -35 78 -85 -22 48 -18 -83 61 -21 -56 -53 95 -47 -79 -100 -44 -32 26 59 24 28 83 -98 100 87 31 -71 76 56 -91 58 -81 50 -98 -10 -56 -41 97 24 -29 -41 -26 -14
-35 16 -39 -22 -64 -6 -13 75 56 -33 16 -58 35 -100 -100 18 -64 30 80 -38 4 75 -53 -79 5 74 -23 46 97 -70 26 -50 66 65 11 -89 43 5 92 56 36 -42 74 -94 4 -88 60 -22 -44 -91 -74 -36 66 -69 53 -89 -96 -70 47 0 81 47 3 47 69 -65 93 -44 59 46 77 -81 23 -27 -53 11 -93 -68 -62 -60 81 -19 98 -60 -34 -66 -68 -51 33 15 -21 27 53 49 -25 -32 -52 69 45 -56 -22 35 59 62 79 80 72 47 31 70 90 7 -81 66 -55 1 -72 -82 -54 7 51 -10 -74 60 40 -97 2 -92 -7 -84 17 69 -2 -25 68 30 40 97 -54 56 61 8 93 -9 1 39 -14 64 46 16 47 39 69 -14 63 -43 49 75 -70 -14 -22 14 86 69 -80 -35 -28 -12 -80 -43 -43 -76 -39 -42 92 -7 40 -73 11 -34 71 26 -91 -76 -83 35 87 -90 -76 56 -1 -43 -23 40 -72 60 82 -80 34 -83 -75 -5 68 35 -10 62 63 30 -51 36 -78 94 33 -50 -64 5 56 17 -86 -92 19 -68 10 -92 -37 -90 3 -42 -28 -87 70 91 -94 2 -35 -63 6 -53 -21 34 96 12 99 -71 -77 81 -47 -91 67 36 85 -67 56 -90 25 -72 -48 -84 68 -6 23 55 69 -1 18 -38 44 25 13 35 -68 16 -20 89 -7 42 83 44 -62 73 -85 14 -46 74 -87 -92 63 14 -74 53 28 -76 -90 7 -93 47 -50 -45 22 17 14 -5 42 -64 -44 -79 -75 -81 -90 57 76 91 -8 -35 42 21 61 13 30 -87 -9 -62 98 -25 32 -7 -55 60 -91 -83 -66 29 -62 -21 -76 79 25 0 51 -93 -72 39 -83 -49 62 -29 1 87 64 -98 -3 -87 -61 -19 14 -41 72 42 -68 -70 46 -25 18 -46 -98 -14 62 -7 35 -94 -100 -48 -49 -23 63 -34 -72 -75 -16 45 -57 -93 -89 2 48 25 -58 50 23 -58 94 -22 83 -62 26 86 -3 55 17 62 -21 -53 -76 6 -18 6 8 -1 11 26 99 -78 73 -11 89 68 87 -81 43 -52 -74 -12 93 -6 -11 54 -76 -12 76 -71 -62 -61 -71 -77 86 25 -69 9 -16 -9 97 -44 32 89 -44 -11 48
-76 -47 -69 -98 97 -50 90 89 55 -79 -52 80 53 48 -91 -59 53 76 1 57 10 -34 58 3 -93 84 -71 -10 61 66 -66 -56 29 -94 74 -31 -84 8 7 56 90 -22 -84 76 96 -21 76 -92 -45 37 0 54 -86 -58 73 78 29 65 0 -14 65 90 20 -85 -55 -64 -2 46 -92 -41 18 85 42 11 53 -3 31 9 16 6 -2 -10 -46 100 34 8 24 -98 -96 4 100 -14 7 62 -1 -88 46 28 40 -92 42 81 68 -83 49 -93 -14 54 1 94 -33 93 -79 -95 -55 26 -62 -41 70 -5 3 -67 -15 -89 66 59 55 22 35 -3 1 2 -36 -1 78 -69 1 37 -91 82 -36 -1 -36 -28 -90 81 45 -64 -4 38 -53 -35 83 11 30 -29 -63 46 -90 -40 -66 -64 -12 -23 16 58 -57 -13 25 10 -14 -72 48 -78 16 -79 29 -20 60 12 -69 90 -21 -100 -38 65 -62 6 -43 24 85 42 97 -15 63 -45 -79 -23 -30 6 -57 81 83 -96 -2 56 23 -52 24 -22 90 -16 -29 13 -2 -45 5 36 87 -16 -88 99 -14 48 -55 -8 5 76 -57 -31 23 -95 78 41 -25 54 94 -74 48 -91 47 -13 -45 -7 -44 12 -34 52 -69 49 56 -19 -70 33 55 12 19 7 54 -77 60 -6 96 44 74 100 71 70 -98 -51 -72 -16 56 27 -76 -15 -89 54 83 -85 -42 98 -74 -82 85 -39 -53 -35 100 -95 -38 81 -20 -36 61 89 -6 -25 17 4 91 51 -29 -75 93 -100 37 -45 6 95 32 86 -53 -90 -63 55 1 81 -75 -18 53 41 5 96 -36 31 -74 9 -89 95 61 78 10 -4 41 23 -55 43 -52 -17 40 98 42 81 53 -34 63 8 -43 -56 90 31 78 18 -26 53 85 -77 55 -74 58 -72 -27 -17 -79 43 -72 -49 62 -32 2 -40 -41 -81 -56 15 -86 24 70 -94 -79 -86 79 -59 -52 17 84 -41 41 -75 -36 96 -8 -37 29 -25 -71 13 28 9 -84 -53 62 61 -66 -14 -11 13 52 54 -73 -25 -62 -55 14 3 -72 17 19 -19 57 -1 -93 -27 80 -68 92 33 -59 -82 76 73 -66 36 16 -16 -45 -35 -8 60 90 64 -17 35 27 13 -20
-52 -71 44 -72 -24 -11 -5 -47 74 -99 -65 6 -28 23 27 21 -12 52 35 9 -22 61 -9 68 -93 60 35 -11 -35 -41 58 25 25 -89 -36 22 -97 -51 -87 9 -76 -4 94 -45 40 -13 -28 97 82 -7 37 -22 16 91 -58 -37 39 -63 -84 -57 -64 -2 -27 62 31 96 19 39 -25 41 90 -66 1 -78 -43 -26 -24 18 -75 -74 -48 -7 -76 -2 -59 96 -20 -50 -7 -14 64 -79 -56 55 13 -50 -99 -1 -68 -87 -2 -88 -68 -42 -28 -36 -31 -6 12 53 3 0 35 -11 -60 -55 66 37 -35 -88 47 -96 40 -34 -85 14 37 -95 -31 32 -72 80 51 58 -18 90 61 -65 13 -70 -54 79 -97 73 19 63 80 7 -41 -42 49 78 -39 36 -61 -82 30 19 -27 49 34 -78 -12 61 41 15 -12 -65 -12 -62 24 37 8 -52 -5 27 -52 28 71 -10 4 83 7 65 62 86 93 -77 -71 24 -76 87 -36 73 13 72 100 42 -8 48 35 -31 67 -14 50 29 84 -56 12 -92 -97 60 -92 -96 -23 62 60 37 80 95 93 -37 6 -11 -26 61 48 -82 6 14 -43 79 99 -6 -89 88 19 50 36 -11 -11 66 -3 -56 -16 -64 48 -2 23 5 -1 21 82 -26 -56 23 6 15 -51 -13 38 17 -37 27 2 58 -70 93 -39 89 -5 86 -46 22 -46 -29 29 26 70 -78 72 20 87 96 -71 -29 -29 -29 -68 -63 34 60 2 57 18 -51 -14 -2 13 -64 -81 -88 48 97 77 -63 32 26 74 3 71 -47 73 35 97 59 -98 55 -29 86 -40 -33 31 -84 -19 -33 -38 -93 -35 83 2 36 -33 -48 44 55 -98 -43 -15 -17 -43 -55 58 42 -4 94 -72 -40 25 16 -42 30 81 -27 14 -82 43 -74 -69 -50 13 91 98 -63 98 67 34 48 28 -67 -45 34 54 -100 46 72 70 -18 3 82 68 11 30 -50 40 79 -73 4 -33 63 63 -71 47 -67 -25 97 -58 97 50 11 -31 8 86 -40 -36 24 70 35 34 83 99 93 -77 -77 -43 16 -85 62 -44 -43 16 83 -93 17 27 3 50 67 8 -18 24 -17 -8 -73 -53 -19 -99 80 62 94 94 -44 29 3 -59 61 -19
59 -48 -27 -63 44 -62 78 -56 71 5 -46 -62 21 -2 -65 50 52 -56 63 16 41 97 75 -27 -76 69 24 34 57 -84 2 84 -88 -74 45 -86 -16 -60 36 21 -75 -6 -81 10 -55 79 52 -13 -100 -35 85 -3 30 -62 -5 -16 -54 51 -12 40 -30 2 -85 -26 -54 -91 -91 56 -66 51 75 -90 67 -10 49 -50 70 33 72 -20 -27 -75 -44 58 39 93 -81 39 -73 22 -75 65 91 98 -32 -32 25 -6 52 -13 -24 -63 -74 -26 5 -36 -99 74 60 -46 -65 87 -12 -20 -99 41 18 -19 -39 -91 90 23 63 -56 88 21 76 -48 89 93 7 -55 90 -9 -75 54 -81 66 -64 80 56 80 -4 -94 66 -36 -38 -50 50 67 -31 6 26 81 -70 -72 40 -53 17 -56 56 34 -87 -31 38 -17 -99 40 -90 37 16 74 14 67 93 -25 -46 68 -83 18 -1 -3 46 -33 23 13 -41 -37 35 -49 -16 -45 -35 51 -75 -28 12 -4 -39 -52 95 100 -51 -87 10 -59 45 -8 -9 54 81 76 -83 -82 81 -77 76 -57 78 58 -75 -73 76 -80 10 65 59 -65 97 -47 -49 -68 -64 -71 50 -86 -87 20 16 -67 4 -76 82 -35 -48 -58 -52 12 -12 90 29 88 1 41 -88 70 51 -1 89 -2 14 -82 -51 12 -14 -73 -81 -10 87 64 10 -17 58 -25 21 28 13 31 74 86 -87 28 -40 47 -61 -98 70 -86 -12 71 37 -77 34 77 7 -15 43 10 0 41 60 12 -86 30 1 90 65 -86 24 47 -26 -64 72 -16 -89 -22 -66 88 -79 -39 -71 -81 96 -1 -64 42 -23 -73 10 -45 -47 -52 -90 97 40 62 42 68 -45 54 -85 -21 -86 63 -89 -63 71 39 37 -59 4 43 -4 22 -74 -66 -23 -4 -90 32 47 -78 -48 -28 -29 2 -31 -71 62 14 -3 50 -67 87 46 -17 90 91 -53 83 50 61 -44 -90 -64 12 36 -34 -16 -87 -23 75 4 88 33 63 -35 -75 26 -9 92 -69 -45 -24 -69 -15 -57 30 -55 -9 29 -28 26 -46 58 -40 -49 55 69 -92 -79 -29 76 58 99 72 65 86 8 94 -66 -20 56 79 10 -26 1 87 -5 -56 34 72 41 -98 95 -82 99
49 89 35 -17 -14 -84 13 -84 18 13 -78 54 98 65 7 64 -33 14 22 -82 15 51 -51 83 32 -10 23 93 64 -96 3 -83 -6 88 37 1 -4 -59 69 58 -17 -31 -56 12 12 85 75 88 -7 -43 62 18 89 23 -60 79 43 28 64 47 -26 -31 39 -59 -32 72 75 77 27 -53 64 -87 67 72 19 62 53 -93 39 92 -20 77 29 5 96 -27 -39 -98 15 -6 -98 -12 -3 67 -87 7 7 39 89 83 1 -24 71 100 87 27 -60 69 63 92 44 -9 60 80 75 13 -94 62 48 59 -98 56 83 -55 75 61 34 -69 -26 56 -70 -17 -34 78 -89 48 12 -67 -2 -91 31 -40 -60 -83 -76 -49 -16 40 -53 -27 -59 31 -57 -85 90 -89 85 33 -52 -77 -80 -71 48 -47 -89 72 71 -56 -80 91 39 40 -61 79 57 -94 -41 -84 15 45 26 94 -19 -77 68 46 52 -71 -20 -60 6 86 -67 -52 82 12 -9 67 38 2 62 45 -19 -78 86 5 85 -71 -81 79 -97 81 -53 -66 -42 -13 57 58 14 73 87 -42 81 34 -79 -17 -81 6 89 38 -47 -91 -68 1 72 66 21 78 -8 -81 -97 91 -2 72 33 -76 -55 -53 74 -92 -90 19 1 76 52 -99 -48 -65 -1 1 72 -1 64 26 -35 -51 43 60 -78 -91 4 -61 -74 51 -21 -80 -100 30 75 11 -63 59 80 54 -99 -96 23 61 76 43 -70 19 -4 18 14 93 -67 75 -58 -91 -56 29 -25 81 64 -97 55 42 -68 -32 -3 -5 -66 -50 -60 -52 6 -55 19 52 -15 -41 0 -91 -70 9 -39 81 -87 -42 22 41 4 43 -75 -5 55 -83 -3 21 -42 -65 -1 41 1 60 -79 93 -42 -15 88 11 -38 -95 29 4 -40 -30 94 32 -44 76 -61 36 42 6 -55 11 55 67 98 -30 83 77 -20 28 49 74 21 -71 21 -60 -52 87 18 94 52 65 40 45 -76 70 -53 -48 -88 62 73 67 -50 60 48 40 86 -53 17 50 -16 39 28 25 42 29 20 19 -54 11 68 -57 78 34 -60 99 -48 80 29 -75 43 3 96 -77 -49 83 -82 -52 93 -64 -59 27 -37 32 -47 -14 98 -64 92 -60 -40
-22 99 -95 57 59 -40 -11 89 53 98 71 -48 -76 -61 -61 -1 5 -93 -68 -85 73 -48 83 -78 50 -17 86 -3 -77 93 54 -32 23 28 94 8 -13 -14 99 -11 62 82 60 88 -55 -11 -47 -69 -10 -5 68 -89 -46 -30 78 -95 55 -14 7 81 20 -2 9 -22 -78 -40 -78 -59 26 75 23 43 62 -98 74 -11 -91 71 65 -80 56 -97 -99 -17 -95 75 -93 16 91 73 -56 26 32 -20 -55 65 -41 28 94 6 -100 -95 36 59 -94 76 40 -59 -83 33 79 83 -41 96 -72 -57 53 62 -88 -52 -91 6 57 90 -93 -63 -32 27 56 19 46 74 9 68 -4 -18 -45 7 72 -18 -61 -19 18 11 -90 24 -6 67 29 -82 52 -64 88 53 -27 55 96 -69 35 -94 78 17 -17 10 -35 38 35 51 85 41 -20 56 6 -84 -12 68 8 -58 12 72 -65 64 100 -75 -81 5 85 -21 -62 -36 -47 -83 15 5 -97 75 16 -58 -52 -79 95 -20 45 -78 -4 -56 -92 5 -47 -80 83 67 66 83 66 73 -75 9 -85 -97 43 -55 -36 100 -88 -43 -41 83 -46 28 -61 58 66 -3 -44 31 20 -57 -18 -17 -30 -69 -47 23 22 89 25 98 43 95 70 87 51 -67 17 -6 48 25 -68 69 98 -60 13 -31 43 91 2 -4 -84 39 -86 48 -14 19 -17 -61 -65 -16 91 81 -67 -98 -87 -91 82 -15 80 17 -55 6 13 -72 47 -94 -90 -51 -74 -18 79 98 -38 -56 38 -87 46 -37 -21 43 88 57 50 -83 92 38 39 37 -77 42 -94 40 -26 87 -15 57 20 7 45 25 -71 9 31 -62 16 48 64 14 -65 -74 -22 4 61 93 57 -59 84 32 56 60 -10 -1 -58 21 -35 -70 -51 -43 77 69 71 28 35 89 -67 -32 -65 -20 -77 4 56 81 -33 88 44 87 -23 -65 0 -80 -74 41 -10 -54 45 91 -49 13 63 -26 35 -42 54 83 -66 61 16 -26 22 -72 -86 21 -54 33 21 -70 81 -78 -29 50 34 21 -21 93 62 86 30 -94 80 -83 100 57 5 -26 91 42 -30 -97 -42 50 -16 -45 63 -79 -65 1 1 -78 52 83 85 23 55 52 47 -43 80 -87 45
77 -9 78 -3 5 43 99 68 75 -28 82 56 -22 -65 40 90 77 -56 -90 51 -71 -3 96 7 13 20 36 -67 -74 -56 82 -29 32 37 17 -2 36 64 -89 -52 -48 17 85 80 71 100 -96 -24 -2 47 -95 -44 20 49 -86 50 7 46 88 68 -79 -4 19 59 72 47 80 -15 -10 64 33 -16 -25 77 -37 88 -30 -10 38 9 -5 -22 10 -87 73 -59 -1 -1 -98 69 54 54 -17 93 15 -13 81 -8 -36 -29 -97 -63 -31 -51 60 90 -18 -48 -72 -75 -49 94 -3 -74 -77 73 -8 -54 40 88 82 82 64 -21 -53 -87 -88 -19 -6 78 -36 45 -32 -62 18 -14 45 -62 51 29 -37 -93 -40 -62 -30 -80 0 -27 -19 -46 97 -73 -19 -45 44 6 90 26 -91 -48 57 -8 38 99 -43 3 45 -4 -90 -19 -15 -14 -98 -43 50 -98 -38 71 7 78 99 62 80 56 98 31 51 63 -70 -51 81 10 -61 4 -76 -53 79 28 -72 20 -14 -23 89 35 20 -70 40 86 -23 8 30 4 -42 -94 -90 2 -52 67 38 27 -14 57 42 6 -17 -57 4 49 -30 -44 -50 79 24 -5 -91 -57 -62 -23 -69 -73 74 -62 3 -12 35 89 68 -68 90 -45 38 -12 16 -23 -27 -88 16 -72 2 1 -44 -21 -64 46 -11 90 19 -91 74 -46 -86 99 -27 38 -79 -99 81 74 -82 50 -47 -28 70 45 96 80 -46 -16 43 -19 67 -40 -99 -34 -21 -82 -71 1 -75 61 -33 55 -72 100 -58 35 22 80 87 70 56 89 57 13 -75 -11 -16 32 -20 47 44 32 72 -78 -1 -31 -7 26 -63 -36 -83 89 56 4 8 -13 9 62 -43 -62 -5 -57 -39 91 91 16 -18 90 -40 -43 -3 -34 78 53 -100 -59 -89 -90 85 -38 -60 -40 39 -55 -66 -33 -15 43 -53 -71 -68 -19 -2 -69 85 -70 4 -87 13 -88 40 58 77 39 99 62 -85 65 -34 63 -54 86 45 45 51 -86 9 22 -2 -11 -29 32 94 -3 54 -47 -30 72 36 60 73 -1 22 22 28 59 64 -80 88 8 9 -57 -92 -20 45 -19 -83 23 -21 50 -14 52 4 25 -48 36 66 70 70 -87 50 22 68 -84 13 -67 -2
-64 -42 -22 10 -3 97 -92 -100 -53 -88 70 -83 -18 -65 51 -62 -50 34 59 -95 -7 56 -50 77 72 51 37 -56 91 -3 -25 -96 -99 70 32 45 79 22 62 -3 -7 -76 -20 34 48 17 -61 23 91 -83 78 13 -71 -99 100 9 76 -34 -24 -56 63 98 -48 19 -67 -3 23 -59 22 -86 -93 -14 -61 -57 12 10 -70 90 48 -61 24 -18 46 -77 74 -12 42 1 78 74 71 32 43 31 2 -63 8 -93 -20 53 62 -24 -36 -19 67 28 71 51 -48 -52 37 -2 35 -72 16 8 -54 -24 81 -35 38 72 23 -81 38 -81 -71 -18 93 91 66 -86 58 2 19 -97 29 -18 -85 -73 7 -83 -41 -2 -56 68 25 11 62 27 -36 35 -57 54 -77 7 27 25 -16 19 -24 33 -42 32 90 58 -70 -14 81 -52 45 82 -62 -47 64 -46 -18 -25 46 -69 51 34 72 -45 -51 40 -51 -18 -73 43 -34 -72 -31 95 -30 59 84 53 -95 94 -15 64 61 67 -64 90 -23 22 64 94 -3 45 -52 -2 82 99 -61 64 41 -14 81 8 -31 -100 16 13 -58 63 17 -69 -43 61 -10 43 25 -15 -91 64 -88 80 35 33 47 67 -51 8 18 -21 38 27 -21 -7 89 -2 51 49 -81 58 69 27 87 44 -73 -58 82 -15 67 -43 -60 47 -55 -13 -36 41 -9 -26 -61 75 28 -97 -85 -41 -37 85 -96 -49 30 -37 44 56 19 44 64 64 6 31 -26 59 -45 61 -17 31 -99 -42 -62 86 96 1 -75 -51 50 4 35 -36 60 44 -49 93 -56 -75 80 -92 56 -33 79 73 -96 -2 90 31 53 -18 91 98 27 -100 -19 46 -10 -75 -49 -34 23 62 -58 57 -56 25 -8 -24 44 29 84 -16 91 -76 17 23 -60 93 15 71 -97 78 -95 -14 -39 -4 47 -54 -55 72 -55 67 71 18 92 34 21 99 -6 -66 -31 19 -27 34 11 -36 -19 -97 61 72 -87 -93 -27 -43 -30 74 -55 7 81 -79 -18 54 71 -19 98 -79 -61 -83 92 -3 -79 -96 13 59 -77 -59 -35 92 7 80 85 76 -21 -97 -98 22 5 -55 46 -92 -79 61 65 -70 -69 -60 77 89 82 83 27 -60 22 -20 37
90 -34 60 -70 16 71 -19 0 64 -36 -96 8 98 15 40 -28 -41 56 -83 76 -94 -28 38 -37 -17 -85 77 -99 -52 -12 32 33 -98 27 42 -96 -7 75 -38 55 68 70 -35 -74 -69 52 27 83 9 -16 -13 -2 -87 -30 36 56 -19 -38 16 -37 -9 -33 87 81 71 -96 56 65 -9 -3 -57 -47 38 -45 -66 -53 24 -61 54 30 -20 -80 95 27 -73 44 77 -6 40 -11 -2 73 -11 18 75 -27 96 -9 -4 90 -42 22 59 -23 94 7 90 11 -38 37 -84 -40 26 68 44 -16 11 -58 -4 48 37 -26 -73 -72 26 -19 -35 69 47 -20 8 -55 36 5 24 16 -77 4 -45 59 25 -68 -51 -86 -44 -97 100 -96 -76 95 90 -1 -53 4 65 13 84 -29 36 15 -3 -78 74 -65 73 -19 -51 -99 1 16 -37 65 8 19 -57 -1 32 41 -48 -23 -76 87 93 -90 -97 69 83 19 66 7 -14 15 -93 33 -43 -74 13 98 47 60 -54 20 73 -50 97 83 -14 -1 -58 77 65 -63 77 -58 92 4 -15 -21 33 -55 -65 -15 -35 32 71 -21 -100 37 -95 18 64 -67 42 -90 10 -67 -86 83 58 51 -61 -85 -60 -49 47 53 -60 -7 -3 -79 21 -6 15 89 -75 -55 -71 -23 -72 -12 -58 -75 -62 10 -78 11 -74 -53 64 48 -3 4 -65 38 -79 5 -39 -61 -77 39 -76 -40 -87 -4 -46 -92 18 28 2 -31 -8 -41 31 -86 -98 6 82 29 -36 -8 89 -48 -13 -81 -28 -100 61 80 8 -17 17 2 38 33 32 37 100 32 80 71 66 -21 -90 23 -5 23 60 -31 -65 29 -15 54 -89 -16 70 29 53 -90 94 31 -29 -8 -65 -60 -15 -8 -56 -54 -94 -45 27 97 97 -91 -22 -51 -11 52 -100 -61 -99 -90 -51 -74 -64 42 -32 -76 72 -66 5 69 -4 -84 -93 -59 -93 42 22 37 65 71 17 -58 -92 62 7 92 46 -58 -38 -15 -42 -87 44 -80 67 -28 -72 -11 -79 -61 -41 5 74 25 -10 -34 20 14 0 -55 -58 4 22 76 -65 -92 81 -37 38 -46 -75 60 -12 -75 -98 49 8 -34 69 -16 -44 -68 95 -28 -65 -9 9 16 13 39 -53 -19 29 74 -63
-42 100 67 -66 -79 54 27 -53 54 7 92 -64 -32 -32 -17 33 -84 66 -48 -24 39 -38 -79 -25 86 72 24 -10 -53 -25 -73 -19 55 -71 91 -19 -45 84 19 -73 -41 53 52 46 -5 77 71 81 98 33 24 16 53 50 19 -37 63 25 -34 -8 79 89 -16 -83 51 61 49 45 56 48 73 74 -71 -50 -99 -83 -37 19 65 72 -96 -5 -22 96 -88 -18 61 39 -67 -24 70 -71 51 -3 -10 -49 83 18 -34 -94 -6 -81 -20 47 -61 -72 61 71 -35 72 -6 -92 -96 -42 57 83 -49 100 -10 26 -36 16 -27 79 -23 -67 -9 20 -52 -84 -6 86 49 -74 63 -55 20 -95 -14 -89 -97 59 -90 100 40 -91 -72 -41 83 -65 49 30 -60 -85 90 -58 -14 87 -45 60 -85 8 -21 -16 87 27 59 -50 -72 -60 -69 89 -88 55 -68 -33 63 -38 -35 -98 59 -56 -8 35 80 45 42 -35 54 80 -57 -10 -18 16 -83 -62 -41 -43 -72 14 -32 96 -32 -67 -63 -67 -96 -63 77 18 51 -13 49 -91 5 -39 41 -12 -93 -84 -77 -29 66 92 -87 28 50 -46 -10 38 51 16 -56 67 16 -86 -55 -54 -53 -46 -92 -59 -68 -98 7 -50 -32 -9 1 88 91 -34 -48 -59 -28 19 60 20 53 33 -61 85 92 83 -94 65 40 -21 85 -76 69 -64 -46 -32 -67 68 -91 -22 -54 -89 18 -59 -75 -63 60 -10 97 73 44 96 65 35 84 -5 -100 -41 98 -40 -82 41 -96 84 98 80 -37 1 57 -68 -23 -24 12 -99 -54 -10 -1 41 97 10 -7 10 82 -94 9 -69 -16 -53 -34 -40 21 -11 15 100 3 -62 18 96 94 -6 -15 -57 59 -20 7 -75 36 -4 79 -91 58 -15 -15 -23 -9 -82 -68 14 49 -7 -17 -15 82 72 -77 29 45 -70 9 -35 3 93 46 17 34 -60 7 96 -87 9 24 40 99 7 28 65 93 98 91 -66 -65 57 62 23 24 58 -92 -53 75 79 73 45 -83 -47 -49 -77 -84 75 -93 -26 17 -95 85 55 89 70 100 38 -90 -77 -59 20 39 9 79 2 61 46 8 -69 40 -46 44 69 84 -85 -64 43 -9 -3 69 -73 -21 66 99 -53 -25 -13 -44
10 -59 41 51 -17 0 -34 75 -4 81 -36 -45 84 7 -18 -98 -88 81 48 -85 -56 -74 -89 31 -71 -9 98 76 100 54 5 44 -84 34 -26 80 86 -65 -17 -63 88 53 100 83 -46 11 -25 23 -65 -69 14 -35 75 38 -18 -18 48 -48 -52 -30 -48 28 61 -49 25 93 -60 69 55 73 -11 97 -26 -42 -18 -87 -30 21 94 -77 -99 97 0 -29 -22 98 -56 -71 -88 -10 88 -83 0 84 -51 -59 -94 71 -100 -13 9 -99 45 26 -19 94 -77 49 -80 52 -45 -49 -41 36 8 -31 -65 -6 17 22 -5 -90 50 68 33 30 25 24 -97 26 28 46 75 -64 -4 -42 -2 8 -47 -73 47 6 35 23 88 -51 17 97 29 58 -11 86 -35 74 -20 2 3 64 84 30 -76 85 -81 -77 -2 -20 20 36 -41 84 49 -97 58 58 -90 -58 -73 -60 70 -33 -74 10 -51 95 55 -33 57 27 -64 -9 82 55 89 -61 -58 -46 -69 33 60 -52 91 -5 51 77 -25 76 37 60 -52 -89 -35 -68 -83 8 0 -21 -80 -7 39 39 -66 -14 41 -53 35 -97 83 20 -66 -22 -93 40 11 -10 69 -11 29 29 -22 95 -32 -64 -77 95 33 28 93 -74 57 -48 -7 63 -6 72 10 71 -22 -49 -60 -49 33 -41 68 -78 63 30 -14 35 -63 56 -13 -85 -71 18 -23 75 -32 91 48 -72 -96 -68 3 45 44 -13 -91 7 60 -32 -94 25 -43 -69 -35 63 7 -68 -45 38 -99 -31 12 -30 77 75 -75 -45 58 95 96 -1 69 79 -61 39 -54 23 31 -12 -18 -70 54 84 -83 21 -49 -21 -4 29 -61 -76 56 -20 82 -24 61 -82 -51 -14 -93 -97 -6 -15 89 19 -50 74 28 -46 -31 91 19 -84 -88 -68 -38 -91 -10 78 2 -69 -13 92 81 18 20 60 12 -69 -36 -80 -56 38 43 39 51 -37 -22 18 78 -13 -70 78 -83 -39 -22 78 92 -18 34 52 75 -71 -5 36 24 72 -81 85 -55 50 -22 -55 54 -38 -78 88 -84 -66 -31 16 -50 85 79 81 -66 -96 -39 -56 -86 -89 42 84 48 -35 -90 -62 -47 46 64 -79 34 71 -14 89 4 56 73 87 75 82 84 36 -6 -37 46
-56 -84 -73 67 35 65 -44 41 21 84 60 -48 13 92 -19 -88 -99 67 -1 52 -64 88 96 58 -67 16 42 83 15 -52 68 -76 -70 -18 -39 -95 -11 40 -63 -84 90 52 96 -41 -86 68 81 99 -29 33 -21 16 11 54 5 2 87 -7 33 99 48 10 8 -10 38 -80 -97 -35 -14 -94 -40 49 -14 44 -74 14 4 86 -26 91 14 51 60 -92 87 -17 -75 54 38 -75 32 -62 -27 -80 -23 42 -94 -10 -50 -64 -49 52 -65 -51 63 -59 64 85 10 100 18 -71 15 7 -63 -83 -87 -87 -100 -32 49 -90 53 -42 -44 -72 -74 -77 78 -96 -22 27 75 -35 67 34 -96 -2 32 47 34 -54 76 40 59 44 -39 -25 8 -17 40 -1 -75 -81 -55 -17 38 -54 -87 7 -91 -30 -62 -63 -30 -11 -94 -79 38 -43 78 28 -64 -44 -67 -62 -4 83 -31 -38 91 -73 -75 60 61 47 -66 -39 -52 -90 -40 3 -86 -4 -91 -92 -100 -1 -35 -79 -41 -66 -24 40 24 58 -72 78 22 -88 -28 88 27 27 90 -10 98 94 -37 -30 60 -62 84 21 98 35 -13 38 -100 3 -15 86 -61 -97 -32 65 82 -13 72 14 34 14 -74 35 93 25 -33 -88 37 64 -71 -71 39 15 71 -12 -82 -88 -67 -37 94 -78 93 -38 5 24 -67 73 100 54 19 -72 -51 -88 -8 -93 -71 -37 -59 28 98 -33 -33 -44 42 13 -44 -14 46 -82 -51 -22 -69 69 -48 -82 -62 5 67 -14 92 96 -15 -47 -12 -18 57 47 -57 29 70 98 67 -63 11 -70 100 91 -62 53 27 63 54 65 41 85 5 86 -19 -21 26 16 -34 -11 0 47 49 -62 26 -92 63 -18 38 63 13 83 94 71 87 -86 -98 52 4 73 11 -40 -67 86 1 -32 82 66 -11 35 -2 -49 -27 40 -6 -85 95 70 -59 -24 30 28 49 -4 56 -18 61 -88 94 -1 28 -73 -90 17 -81 12 -15 0 99 60 -35 96 47 91 20 5 -18 43 -100 -92 71 -9 -25 33 76 3 18 -60 -52 82 88 -69 47 6 -34 -33 81 -98 -10 82 -40 -25 -35 85 74 -57 31 -26 9 52 79 -68 62 -6 -54 -72 -47 -64 31 25 66 5 84
39 84 -79 -25 28 -100 -59 -60 53 -18 -39 -93 -26 50 -24 -59 -54 -73 -31 95 -87 -45 84 -54 59 -58 -5 -81 65 92 -7 20 53 10 26 -33 -51 75 -73 -74 21 68 35 -88 53 40 -24 -58 -94 21 32 -100 48 85 95 -82 95 -29 49 -2 -36 -37 33 -72 -31 -22 5 -92 -100 -76 -27 17 -27 49 -10 -56 11 -55 -7 9 -13 2 -23 -50 -82 65 55 -37 16 74 -95 -84 43 -41 80 -46 3 67 -63 84 -17 -70 75 -31 9 46 -48 -3 61 -41 -20 45 -27 -63 -100 88 -83 -19 39 -30 99 30 82 -70 -9 -93 -54 15 -36 -59 -77 -74 18 13 -14 -15 -41 -14 -49 -35 -82 -63 58 -54 -70 41 26 61 1 44 -31 -45 98 40 -20 38 -14 50 59 60 24 -81 57 -54 40 -6 19 48 -95 -33 52 -25 34 10 13 -78 41 -39 83 81 20 83 -53 8 -38 56 52 -21 -15 -88 9 -30 -18 55 -24 -71 -12 100 -63 75 -40 -39 -12 -80 -57 54 -13 1 30 26 64 -96 -50 -79 -76 -43 -65 72 -51 23 80 88 -60 91 70 -57 -97 32 27 62 32 68 48 52 -90 19 48 -47 80 -83 -39 -12 -64 87 -77 85 15 -44 -31 -95 -75 -88 -17 65 78 48 -97 -65 -9 -81 -24 -38 43 11 -21 10 9 73 50 -18 41 45 96 -41 24 -37 29 65 91 34 2 46 -19 -14 68 83 66 100 -36 92 -81 47 -79 -71 35 73 -81 -95 7 97 37 17 -5 -72 -33 -40 -46 -28 20 63 33 68 -90 -80 -70 -6 31 -90 50 98 79 79 74 24 -87 -43 20 -84 62 27 -62 -76 21 78 -96 -44 -6 28 39 3 -5 -43 72 24 88 12 -30 84 -5 -91 -79 -60 26 83 -46 -12 95 31 -95 4 -68 27 43 -31 0 28 -22 93 -95 -78 -8 10 51 -51 -34 30 99 -93 5 80 -45 76 -44 85 76 15 -93 34 25 -32 89 59 -92 -18 94 -78 -91 45 -13 51 -37 -13 98 58 7 2 -46 25 77 -18 -92 94 5 -18 74 95 -29 75 -77 -5 72 9 -16 -56 -54 -4 39 63 47 25 79 -66 19 63 -38 62 37 -74 38 -28 4 -31 -69 86 33 -84 -91
3 -77 -5 17 -44 5 43 88 15 -58 87 74 88 95 -56 99 22 37 -48 -6 -84 72 -30 -25 -82 47 23 52 -16 69 98 82 -45 91 -32 -47 70 99 3 35 37 37 92 64 -68 37 44 84 70 93 86 -61 -40 -45 28 -32 24 -91 51 29 -72 34 75 36 -73 25 -65 -12 85 -39 20 -95 57 66 67 -91 20 -20 70 53 11 76 21 -91 -19 52 -20 -24 7 97 -12 77 -3 -22 -51 57 -11 51 -70 49 90 71 -84 -36 77 66 -73 4 27 45 -93 91 86 47 37 63 75 23 77 -56 -24 96 62 -77 80 11 -76 81 28 -93 -93 13 -74 -27 26 6 48 17 76 50 -40 69 4 -53 -55 61 75 -64 -92 54 -48 -18 54 69 -91 -69 -60 8 91 23 7 45 70 -74 9 2 -50 36 -76 -55 40 68 -93 -8 -14 -85 -52 66 24 -10 97 -18 84 -26 -82 14 0 37 23 -83 98 51 -72 -16 62 -47 -70 -6 -10 -49 74 -88 66 91 78 -2 -17 -52 40 -65 89 58 -22 -14 8 88 -94 -31 -92 88 -72 99 -98 86 -5 -42 -65 -69 -99 62 89 -45 -15 -94 -97 23 -52 99 65 82 -11 -100 0 85 -19 -32 -36 -7 -98 1 -6 -16 -63 -5 -31 60 -31 -22 72 -78 -65 -72 -30 -64 18 -14 69 43 -42 11 32 86 -23 90 -39 37 -65 0 54 72 -35 28 57 -94 85 -84 77 -71 -41 -39 2 71 1 27 68 52 -61 -16 5 10 -16 95 -98 11 37 88 -61 -23 -61 -23 -9 64 64 -32 -11 -33 44 -18 -37 -58 -43 -98 68 98 -76 -11 34 59 6 -34 -56 -80 -97 -62 -74 94 -91 -18 13 -36 73 -23 -20 -36 18 51 39 59 26 76 -28 -6 8 -36 87 -82 -24 75 -85 -52 -99 89 -45 -95 -96 23 -22 58 2 -73 -69 8 -97 -24 8 51 73 -51 91 -50 78 48 37 84 -92 90 62 31 -67 -48 7 -47 66 25 13 -70 -49 84 -51 -33 -57 -86 93 -20 70 65 -61 96 -91 -83 -57 32 5 -63 -46 -63 -29 -30 57 -30 22 -87 81 -46 28 87 50 19 -74 42 -66 -76 -55 45 19 -29 -83 -2 0 -70 42 91 98 -40 10 61 87
35 -16 51 -37 -80 20 -6 54 86 -15 77 58 25 -44 91 16 -23 1 -22 -12 82 38 20 30 15 57 -7 53 53 74 98 24 96 83 95 -83 -65 45 -8 -45 -31 38 -66 -81 -87 85 70 13 84 -30 -80 -97 2 34 59 -19 54 -5 40 24 37 -75 72 -51 82 -38 -38 -84 -50 52 70 51 39 8 -43 96 -4 17 -18 -8 44 13 -12 60 69 -53 30 20 -68 -3 83 91 2 -85 77 -35 -84 58 -12 52 26 71 42 -24 -100 -95 89 -32 -25 79 -14 -37 -88 74 96 75 -47 83 -24 -1 -44 0 -9 65 90 -29 42 59 56 -36 -26 22 27 61 -25 18 71 -23 -11 32 25 -44 14 4 -7 -31 81 77 71 49 35 52 -86 -50 12 -14 -18 3 1 -27 82 10 89 -67 -60 80 -14 -96 -89 13 28 38 66 -10 -56 -58 -59 5 13 -94 57 21 25 -81 60 -38 -1 -8 -51 79 -92 -65 -36 39 2 4 79 24 -61 -85 55 -68 -74 37 79 96 -19 -14 -96 61 -78 -100 53 -37 3 -26 -38 -11 96 9 -46 34 -36 81 42 -72 -57 -63 -30 8 -32 -43 31 -77 -41 -14 94 -40 81 69 -36 -27 44 85 -86 2 -1 51 -10 -43 -13 8 47 -52 39 -13 35 -27 5 -47 -58 83 82 79 3 98 21 17 -72 8 -2 -99 -79 -38 -55 -37 7 -68 -20 17 35 21 38 12 17 -90 -82 -79 -76 2 -57 -41 78 -37 8 90 -35 12 37 64 77 -11 -62 40 -77 -15 9 -62 32 -66 5 -76 88 -1 20 64 82 82 83 -30 -62 87 -77 57 3 68 48 -62 20 -45 50 39 73 39 90 -56 91 -8 -87 -24 52 56 -31 49 15 59 7 60 -72 40 81 -55 -39 -48 96 -50 84 -77 -77 -39 18 -92 -48 48 5 89 64 52 24 -51 63 64 19 -53 90 50 34 37 70 55 -87 84 43 60 -30 83 98 67 8 78 69 -56 -54 40 -65 58 -81 8 31 57 14 19 0 60 59 94 80 74 77 34 -42 -20 -13 -34 29 -36 -23 55 74 -35 -65 31 -7 19 -44 -15 85 -25 -49 98 -47 -13 14 37 32 -95 -37 68 -32 -2 21 83 6 -37 95 -29 94
74 -1 10 -68 -93 17 47 -42 -33 -25 -24 47 -63 -11 -93 -20 -4 51 18 -47 100 -9 40 23 80 17 -35 7 45 64 -5 -50 39 41 -72 94 -85 -38 -60 1 95 -33 -47 3 -61 -75 92 13 52 1 24 11 -14 43 -81 -29 -81 -31 77 47 23 -43 -55 -86 86 82 40 85 34 47 52 75 2 78 73 45 -89 -3 -55 -85 51 100 -88 -13 27 -49 -65 65 -98 59 -20 55 -60 0 -34 63 -53 -23 94 18 -86 24 -79 -5 49 54 36 32 -71 -41 17 6 -54 -13 14 22 -3 -90 78 -89 -70 -17 10 -96 74 -20 -19 97 47 46 71 -80 8 15 38 -85 -45 70 -57 -71 38 -38 -58 70 -41 -55 -37 -87 -2 -14 -68 -13 -15 94 -50 -11 25 70 11 -44 -54 -89 62 23 64 87 -66 47 54 -90 93 -15 -13 -43 -16 62 64 32 44 74 89 69 -65 -18 -61 15 11 -57 -64 -83 -55 83 -59 -34 -23 -40 -48 17 10 22 -19 -54 47 78 -50 80 -30 49 -6 -98 80 -7 -97 83 86 59 87 -88 -51 9 -62 42 -74 -73 -40 -30 -33 -16 -65 32 -24 93 95 9 -82 -64 88 91 -40 -98 -84 30 37 24 -62 79 -40 -67 22 -68 43 7 3 43 75 75 20 -7 -28 59 -13 40 -77 -76 -83 -25 -7 -29 51 94 -89 -84 69 27 -34 80 -14 92 92 -74 -54 -40 61 96 76 71 8 -23 43 2 -86 72 33 -67 -78 -68 -38 -13 -55 -81 -7 71 96 23 -11 -76 -42 27 -10 32 -73 -73 98 -80 69 -87 59 0 -58 -70 -31 0 34 83 -52 -9 1 15 -75 -85 47 -95 -72 -90 7 73 -3 27 28 94 -95 77 96 -89 7 14 51 -83 78 -69 56 -98 85 69 76 90 71 54 67 19 -98 -47 8 -61 23 -66 34 8 -58 29 -79 93 -10 -65 52 96 40 -85 -52 28 -3 52 -45 76 -57 -68 66 -73 -20 10 -97 -20 17 61 -27 88 11 58 -94 7 92 43 -53 -39 -76 -58 0 -32 -32 -87 47 -65 92 -50 35 -69 18 87 -73 -22 75 -33 -41 -74 17 21 59 -87 9 11 -6 -99 48 31 89 14 -88 68 0 27 6 -60 -46 -26 14 -43 -85
91 71 -48 -69 66 -21 72 -29 44 -25 -30 -31 -88 -86 31 61 -82 65 -66 89 80 -31 -23 47 -17 -54 -12 43 -86 62 -70 -4 -44 97 25 -34 -63 6 -28 -39 -30 -17 -24 99 -93 46 -34 19 -6 76 -86 66 48 -69 55 -99 -7 33 -75 -5 15 4 31 60 -95 -48 -23 -22 -31 -14 86 86 -67 -42 15 -59 -52 -49 -80 56 96 -5 -24 53 -53 -60 -23 -10 -22 -6 -96 -16 -55 -96 -99 -50 73 33 -1 26 -7 -93 98 -6 -36 78 98 34 -4 34 -1 -47 82 -85 46 -14 -37 67 60 34 -72 54 -36 -33 -29 -2 -69 69 54 19 -26 -38 64 -66 -98 56 -23 -32 21 -16 -36 94 -91 41 12 -23 67 28 95 90 39 -41 -33 -23 77 47 -81 -42 -15 31 46 81 -80 57 -3 33 -47 78 -71 86 -88 -28 52 -6 59 -6 14 -21 43 35 38 99 49 -78 79 -32 -68 -58 -31 75 53 -83 -49 -98 39 81 -79 -71 -30 -91 -81 -94 -84 -12 -49 -66 79 -15 67 -82 -65 25 -43 -30 100 -62 -72 -46 -7 -52 15 45 60 -92 89 12 69 61 53 31 72 -97 96 46 85 -86 -63 -59 -71 -66 33 94 -99 15 -38 50 -63 -63 90 66 -59 76 -4 -29 47 59 52 60 62 83 51 -36 -6 4 11 21 -92 -41 -100 -20 4 -10 -23 91 67 -15 -96 13 29 90 66 95 19 2 -50 -31 -30 27 100 71 -41 -87 -31 0 16 10 71 81 -90 13 -54 73 -63 59 100 83 65 -95 -64 87 -72 -20 94 95 -47 88 -23 -45 22 -26 61 -91 22 97 5 -1 95 2 -53 2 -17 -71 -37 -47 39 20 86 82 76 -63 23 -29 100 -94 -48 85 -55 -85 -54 47 77 58 -30 16 -25 94 12 50 80 77 7 55 90 8 -65 27 -69 31 -57 -46 -18 59 -79 -5 7 -98 -85 -60 -53 -63 -82 93 -34 64 39 -44 -25 40 53 58 51 -19 3 -39 55 80 99 -51 -82 85 60 97 55 46 75 -40 96 -54 -46 38 -4 4 -98 -3 -94 -3 -25 14 91 -24 100 24 -81 1 -9 89 -21 -27 -64 -75 40 -8 -87 24 -7 -28 75 38 51 -55 -96 44 85 -4 8 31 98
-87 86 -91 -87 82 -42 88 19 -24 79 -12 -60 -64 12 -89 -89 81 -98 96 34 -96 -43 -64 37 -100 -50 -49 -34 97 46 32 92 7 15 -10 53 -25 12 58 -90 5 47 -60 48 62 -17 -72 -76 -13 -68 44 57 -32 -73 11 -43 86 -61 -74 -49 -57 70 -16 -70 -40 -23 -61 33 -4 69 -80 -76 90 35 29 49 -16 -78 -36 11 80 -5 47 88 62 -52 67 -15 -22 63 -82 63 87 -3 49 -86 -17 83 -14 50 -43 91 -59 -15 -28 86 87 32 9 -40 99 -24 -96 43 -53 15 -23 -8 61 -21 55 -55 -9 39 61 -90 -42 -64 -84 32 64 5 -64 36 -50 47 -6 -15 58 44 -55 39 -41 -49 7 -87 -87 -74 -10 -90 75 12 -68 -82 90 -17 30 41 -63 29 -37 -95 -98 -36 61 -25 -90 -22 -29 -20 -99 47 80 89 -87 -40 23 48 96 58 61 63 64 -71 48 7 24 -78 95 -38 14 -2 -99 25 -84 15 22 -61 48 -20 93 -50 -50 54 -22 58 -91 70 -23 32 -9 -51 96 25 0 45 -76 32 48 -93 -14 -82 97 4 -100 -5 66 -39 97 -53 -20 29 -48 -6 -49 -89 29 0 57 -14 90 38 -6 3 -83 11 -88 -52 -99 79 91 -84 25 -5 77 78 -79 93 55 58 97 71 85 -35 95 -34 78 -41 89 19 1 -1 -65 49 5 47 64 67 -24 64 45 -91 -45 32 65 -4 -49 -37 3 -55 63 -5 60 50 38 70 -30 13 -100 -17 54 52 18 -24 6 -37 -2 0 -14 5 -20 5 45 -74 -20 52 -99 -1 -29 -80 -81 67 11 27 -36 37 76 -18 77 74 -94 56 -24 22 -100 63 0 -29 30 -53 84 -37 52 -83 64 -15 -6 71 8 -43 -49 -47 -69 -67 -99 44 -3 94 -56 -29 23 40 -7 -2 -29 85 -77 -47 30 24 -22 -32 -80 -54 99 -3 67 -21 60 86 -83 8 -34 -5 -9 97 -95 -74 18 0 -16 -15 76 40 -60 -10 7 -95 -42 -87 61 60 -32 78 21 -2 -28 3 -15 -59 -99 63 -68 86 24 35 -40 59 98 69 -77 -18 5 18 81 52 10 54 -80 -64 91 45 6 12 -5 56 92 35 -87 -92 58 -21 -6 71 -93 -77 -1
52 87 -53 50 44 8 5 78 -24 -64 55 75 -85 47 -70 76 14 -46 -73 -4 -93 80 -94 24 95 32 -49 66 74 41 76 43 76 64 -44 -71 -53 -32 75 46 -75 30 89 65 -27 79 -68 46 4 -8 -2 83 -1 -81 -37 -98 -84 -68 68 0 42 -16 -95 16 -81 39 -63 63 -10 98 -53 -48 72 -31 99 -6 58 77 -57 -8 25 76 -83 -28 39 -13 16 -5 -92 -76 70 -98 60 11 50 90 -67 -99 -40 -83 5 -20 -29 22 -87 -13 -70 -17 -27 26 -57 -62 21 63 60 -26 37 91 -30 10 54 -78 -27 -16 24 28 21 -27 -56 -44 -21 -20 94 56 -87 -74 -89 58 56 -28 10 -38 51 -10 8 96 -29 -65 42 6 -42 -3 94 -34 0 -92 -59 3 -1 -90 50 0 -42 97 -67 -67 -57 -81 31 -90 -98 -47 53 -77 58 95 12 -84 -7 -52 -7 -56 -20 -54 85 12 -9 43 -42 80 2 -48 -3 60 31 -67 44 -26 -50 8 -4 31 90 37 -78 -52 -83 5 -96 24 -85 93 73 -19 42 78 -13 61 -53 -89 37 11 29 -54 28 65 -51 -75 -22 -43 67 -88 -82 53 -9 35 -5 -41 -88 77 -40 30 88 -16 76 15 39 5 63 88 17 81 14 27 -74 18 85 -72 9 -93 -43 -27 -90 93 -4 -96 20 -64 -23 31 -9 79 67 -99 73 14 95 38 85 -91 75 72 35 69 -46 -62 16 -84 -25 -31 43 64 97 -53 -65 -62 -47 -67 -77 -34 0 99 87 -9 -74 38 83 66 -43 78 56 7 -76 65 56 39 43 48 84 -59 -47 -75 13 66 -69 74 2 50 50 -32 -9 90 36 -8 -53 51 -38 -36 -33 -94 27 -31 43 45 -62 -69 -96 -64 18 89 -59 25 76 13 38 -59 62 -38 -60 25 -32 -12 4 34 98 90 -76 14 97 -51 -100 -36 93 -91 -91 -64 33 28 -62 -55 82 -91 18 -26 80 18 -77 -98 -28 27 -33 -36 15 90 19 39 -91 86 76 51 -33 12 47 -21 -43 -38 -4 -86 8 -60 30 22 3 96 -71 32 74 -31 -57 -40 -97 -5 30 -86 -53 97 -31 -22 -86 52 -45 -96 90 -57 -1 -26 11 -31 -2 14 74 -73 56 99 -74 34 -83
-47 -30 -28 47 -87 -38 71 -10 -39 -18 59 -7 -3 18 -76 87 -79 -55 34 36 91 -24 60 18 75 -19 54 74 79 67 -2 7 -35 27 18 -19 27 -9 18 -71 92 44 82 -56 -21 -38 19 66 -74 54 -60 -15 64 83 -26 1 -49 63 -96 90 86 -95 49 28 -67 92 66 12 51 -84 85 -91 -12 12 24 5 -14 52 -97 -67 64 10 47 -40 88 -83 -20 -39 -46 -22 80 77 -82 -89 -58 69 -51 -71 -34 63 -56 95 60 55 77 -31 84 87 -38 -91 -13 41 80 -67 -77 96 -57 -37 -79 -4 66 -94 96 70 14 -80 -47 79 -60 22 33 -25 95 -50 -83 54 -21 18 -64 -28 88 69 0 -24 1 -32 12 -19 -98 80 32 -72 63 8 -58 -20 25 50 -56 -88 -35 7 61 -13 13 -68 3 78 -20 7 -54 -73 10 3 -69 -8 -98 80 -51 97 -57 -81 -72 -20 17 49 -76 -94 -81 -68 80 80 45 -48 59 -15 -98 -49 92 -57 73 -67 -30 -46 -56 -88 -11 52 -25 94 -59 -45 -81 44 -77 -15 -90 -34 59 -67 5 8 11 -43 2 -18 -44 41 40 92 89 -95 -4 -61 -82 -12 64 32 -88 77 -86 -88 72 -72 -57 78 56 -24 83 -16 -57 -99 -96 56 -24 -76 -89 36 -60 65 45 84 70 -7 -74 2 -21 23 -15 90 -30 -16 -73 9 27 7 -7 10 -64 -32 41 66 -8 24 -37 31 -62 -74 80 25 -89 -60 -51 -49 -24 -20 29 -57 -80 88 -91 65 -78 -43 -76 69 24 -84 -88 -78 -37 -2 -75 0 67 80 3 -4 -5 -19 -40 65 26 -39 -96 -70 -74 64 59 -70 2 15 -19 84 89 35 80 76 70 -87 -11 -53 40 45 -100 -87 -83 9 -56 -76 -4 28 -26 -81 -21 72 3 -87 56 56 -71 -55 14 11 -30 16 -14 -1 50 12 89 -88 -65 40 -77 69 12 -97 21 1 -90 33 97 -91 -64 49 -65 79 -89 -87 -6 30 -33 -46 43 -2 64 94 72 5 -38 -65 -52 63 61 50 -88 -57 7 93 73 84 13 27 39 -44 -69 73 -43 99 89 -30 40 19 -15 30 -29 -47 -38 -12 -69 5 -37 -56 13 42 48 -21 12 -49 16 -72 -70 96 -46 -96 -22
78 58 49 45 19 58 78 -43 -65 80 -68 2 -85 -29 5 -34 -87 6 -77 3 -20 96 23 -9 -33 -74 -25 25 100 -34 -40 59 -2 -98 80 25 0 -74 71 -77 -13 100 -77 -100 68 69 -33 44 42 84 -92 98 -82 3 85 -3 -77 83 -15 -97 64 93 40 86 87 -27 36 -35 8 18 37 -4 75 -26 -50 -11 -4 -88 -61 -18 -40 12 -72 -44 -70 -31 69 20 -7 -43 88 30 -44 -52 -27 15 39 52 -84 60 -45 -88 53 -10 -89 48 23 59 -98 66 -38 -76 -2 -2 -1 16 83 7 -44 84 81 34 -29 53 72 -73 -50 -46 -89 39 93 -37 73 -27 16 -38 -63 2 -31 7 11 89 -80 79 -96 31 -23 89 -79 98 44 -78 31 69 -8 -27 84 -13 71 -2 -59 -54 -3 -53 -68 17 -30 45 -21 52 -94 -4 -99 -56 -79 -74 -97 -88 -14 57 65 -50 -100 -3 -20 -67 -66 -43 -93 -52 83 -70 8 -93 72 -5 -60 31 47 34 52 -96 -83 -49 -60 0 87 -59 20 -22 -51 -10 26 14 -46 -68 -63 12 -99 -30 36 -15 34 54 56 82 -18 37 18 13 47 74 22 -1 -85 -68 37 -81 -66 -27 -100 0 -29 43 -26 66 -97 -76 2 -27 87 -66 -53 70 2 -55 -45 -16 -41 -7 50 -31 -16 3 2 93 -1 -55 -59 -10 15 20 -14 15 -64 52 -81 48 75 97 -76 -32 -80 -52 -31 -51 43 -2 -34 7 76 -9 -74 -40 -47 -92 -58 8 26 -45 -37 43 -73 69 -97 -35 -62 15 -5 -72 41 -34 -56 -5 -80 -92 -29 -33 -62 90 49 -20 -28 -70 61 66 -76 97 -72 -71 43 72 -96 -52 9 -12 -62 35 85 25 -77 10 -4 20 -99 -34 -62 20 -83 47 -14 45 29 -25 80 -76 -34 -20 42 -21 41 -46 4 -73 53 41 48 99 80 65 30 53 8 -16 -75 -67 -14 -20 -45 -6 -20 -53 42 54 -3 -65 -53 75 -52 -27 -29 -33 -49 -40 6 -39 98 -71 65 50 90 -82 42 50 35 2 -17 -46 87 90 57 43 -41 22 1 0 -75 93 49 82 -65 -94 20 9 -13 -22 85 6 -32 -30 -99 25 76 -81 -94 19 65 -79 20 28 -43 -20 57 92 61 91 27
-40 -90 13 -41 33 26 -91 40 -72 -64 -56 73 -95 56 -9 -65 -53 -100 48 19 49 47 -41 -9 11 72 -3 35 98 -99 -77 -56 -5 64 50 -62 8 -55 -86 55 31 -34 -57 -87 -74 4 76 -30 -20 -34 -85 -94 85 -90 10 93 25 -33 -43 -95 -63 52 -24 -13 -17 74 21 -14 58 -64 62 -1 -7 4 -48 -5 -81 76 22 39 53 -32 -58 -47 13 -63 -37 -65 -52 100 -20 8 -94 -84 -74 -91 11 -3 42 -83 70 59 -16 -28 -66 -62 3 27 -25 -71 25 -80 -57 -57 -59 -70 5 63 -64 -30 95 -10 -61 62 -96 66 -13 83 41 37 46 57 27 79 14 67 -48 -13 -37 -99 100 -55 50 52 -37 72 98 61 35 -45 -84 94 -40 55 56 98 -81 -60 85 57 28 -94 49 64 -23 83 -25 -48 -32 83 79 43 -64 -75 -59 -26 28 -84 -17 -58 44 -85 -10 -92 -82 -70 -42 84 -27 -2 94 -92 -28 -3 -61 -13 61 -50 17 -81 19 66 -8 69 -33 25 -85 90 87 90 30 -44 17 62 82 57 -37 56 72 61 -97 9 71 36 40 -37 -77 -12 19 -31 1 -29 -20 12 86 69 -69 -35 0 -2 -95 29 96 11 -62 49 -83 -70 87 -14 78 -95 -18 -37 -98 23 12 -88 -48 96 -96 -69 70 -11 14 -32 87 -4 98 -34 62 -93 -11 -87 1 -45 31 25 85 77 78 47 -39 40 45 -31 19 -54 -87 44 92 21 -68 49 49 -92 -30 74 85 -91 -19 44 -64 44 17 94 -78 68 35 12 -29 94 72 27 63 -64 -76 -42 -86 50 69 98 -96 16 47 58 24 85 57 -36 -95 5 -10 -55 45 78 -84 42 43 45 44 12 4 -40 55 -20 -13 6 -65 -16 91 -81 -16 -33 30 -1 -37 57 -5 20 -23 2 -52 -36 75 3 -5 34 71 7 64 -18 16 79 55 72 33 -16 77 54 82 -61 82 82 25 -43 -37 -19 -14 28 -68 38 -84 -66 41 46 75 43 23 -59 -31 52 -41 -34 -7 1 46 -99 -82 -61 -94 -23 22 -67 21 -71 68 69 46 -27 -65 60 -19 -14 99 8 -61 -1 26 56 3 78 -59 53 -50 25 -8 -10 66 59 75 -49 68 21 19 34 19
-79 42 2 36 -73 -33 -62 92 31 -26 -38 97 -30 57 97 22 -6 -63 77 32 -78 62 47 30 99 11 -16 -25 42 -80 -12 -37 -28 11 92 -24 39 61 -100 23 -71 8 -40 37 -12 -16 -64 -79 -90 -65 -15 -50 -28 71 30 14 -75 52 3 2 -30 71 98 13 -18 -16 93 -38 -21 -5 83 -52 -43 72 11 -100 -65 99 -56 -17 -37 -13 36 61 -18 31 -88 64 52 64 7 -97 -26 -93 89 68 86 74 22 -60 22 -77 34 61 38 -18 27 -8 89 -54 -46 -60 99 -31 10 -79 68 97 -68 -9 -76 -67 69 44 -57 24 35 63 16 78 46 -11 17 44 -48 79 30 19 87 -27 -100 75 -50 50 -81 -83 0 -36 55 44 14 -10 -43 14 70 23 74 63 44 -10 3 46 96 -97 -22 -54 -16 -19 76 -82 -39 -35 -4 -96 -22 57 -89 53 1 -94 40 23 -75 46 -41 -65 -18 25 93 -38 -15 58 79 2 -71 74 -26 -6 -24 67 -17 2 -19 94 -28 97 26 -38 -47 -59 59 -17 37 38 -35 -42 22 -67 51 71 -61 52 -6 64 52 -54 16 -9 8 -67 51 -63 96 99 87 -71 -82 44 14 72 17 -18 -73 56 -88 -97 -81 -2 63 -5 -24 67 -47 74 36 -9 93 66 85 3 -79 -66 97 -4 -42 -8 16 -68 87 60 33 -19 -69 -78 71 -53 -38 -82 -33 -32 -12 -80 -52 53 25 20 -70 51 -46 -1 -89 91 -48 9 -73 -38 -55 -77 89 -89 55 14 62 -59 72 3 -8 -89 40 -46 87 51 71 57 -13 -79 -31 -69 -56 67 43 88 -39 -61 -66 -61 58 41 -84 12 48 26 -67 -45 74 77 -95 -50 -67 82 -88 74 51 43 13 19 21 83 -23 -64 -43 -77 -30 -65 21 1 -44 76 -32 22 -22 -56 75 5 57 -37 -98 17 -51 56 62 57 -60 58 -64 -95 99 -66 0 64 65 8 40 -16 -37 -43 -67 21 -82 56 82 71 13 20 -80 81 4 -34 67 -36 47 -38 -5 -72 36 -51 41 -83 62 -50 24 64 -24 -90 51 89 -55 69 100 60 -89 65 -25 -36 79 24 91 -30 -10 -81 5 48 -62 -83 43 24 16 -35 -77 71 -3 -34 12 -99 -18 -42 93
93 -78 39 -25 3 -45 -42 -15 66 62 23 -78 83 -27 7 -63 -44 48 78 92 -40 61 66 -99 -84 -64 -33 -33 -38 8 97 -17 37 93 -69 -36 45 63 91 22 26 -99 -46 -80 1 -6 -89 66 23 15 16 8 3 -85 0 44 0 42 47 15 -6 -6 -71 73 52 -51 -29 91 48 49 94 91 -93 38 -2 80 76 54 -55 100 97 18 87 98 16 66 43 35 -68 86 -19 -92 -98 -54 30 -59 17 98 -15 -74 5 24 -99 -36 3 -82 -22 16 -71 47 -85 -73 29 62 41 -61 -67 -89 84 54 25 -10 62 -47 -90 55 -46 -54 4 -72 6 71 -65 -80 25 52 -25 31 74 19 -35 -31 -12 -24 25 -17 -100 -51 8 97 -70 -83 -6 94 55 -12 -65 -4 65 -88 67 -29 89 15 -78 -72 36 -58 16 40 84 49 62 -3 -93 7 53 3 -76 5 49 0 -67 -14 -12 -29 -18 -49 -29 -41 92 -53 23 2 0 -16 -88 -73 -11 -86 -44 -82 16 25 -21 -67 56 44 33 66 -80 -45 73 76 22 73 15 -27 74 55 31 49 40 -79 -82 76 8 -69 -55 -33 25 -23 -19 -28 -27 38 44 26 15 -19 -66 -84 -20 -70 69 -51 -3 26 -77 -9 58 86 64 21 -9 60 -42 64 17 -91 35 92 -81 15 -40 -80 -28 32 -29 98 45 39 -77 32 -42 32 55 -27 -63 97 -57 -8 -13 -67 37 47 -16 26 -10 91 -68 -23 -82 0 40 44 -36 -38 -80 -96 67 46 -47 3 -57 -74 -23 -46 -91 45 -83 -5 63 -77 -69 77 74 -45 -81 -66 -71 70 97 93 24 -67 -40 42 -17 -70 -11 0 90 -3 90 81 84 18 3 85 91 38 54 84 81 92 23 93 6 35 94 35 -84 -83 -41 -53 -66 -5 -16 63 80 -64 -32 -27 -79 -58 -99 -76 70 -72 -80 -92 -58 19 55 95 73 1 -55 -52 0 -84 -90 37 -45 60 74 -95 -42 35 -59 -78 19 7 -27 -6 -38 -77 -86 95 -24 -96 63 -32 44 37 -56 29 54 1 -34 35 78 89 21 -27 81 -37 -53 -45 -73 -96 -20 -44 -98 36 85 -12 23 -89 -57 49 100 67 -50 -37 56 -34 68 -56 -59 34 -42 23 -79 87 92
-92 -35 -35 97 -66 72 -45 -97 68 15 55 -16 -24 -18 72 -86 -15 62 -55 -64 -61 -58 -74 -32 43 79 74 -58 -47 -31 91 -89 -12 65 74 59 15 27 23 18 -65 -8 -77 -69 -36 -88 4 99 69 -41 25 -32 -17 100 74 53 -29 -48 -17 27 9 -67 15 -89 39 65 -28 -21 -67 70 40 76 -52 -32 -19 -28 39 87 74 -47 -55 48 -55 84 -93 -12 -77 -53 77 -94 -37 -58 -17 -12 70 -65 43 -8 14 -8 40 97 93 24 -69 86 -23 -54 -53 -17 -6 32 62 37 50 1 -87 18 24 43 46 -97 85 99 62 -17 -69 -43 -16 -49 60 -66 92 11 88 -85 -34 -62 93 -78 -90 -93 -49 -80 -10 -1 49 0 -15 21 -5 -96 -31 -65 10 54 -24 -67 -97 66 1 -12 -42 28 -37 -24 -66 -29 -20 90 -79 -74 87 -69 63 37 -77 -74 -45 46 39 -58 94 -91 92 80 -65 14 -65 -39 -51 -36 49 -16 -59 61 39 56 -58 13 -66 28 -29 29 64 -83 -33 73 -16 93 -96 -64 -79 -99 65 -40 72 -64 97 -89 38 28 35 87 -26 91 33 33 45 -80 38 -23 -5 87 -66 -7 19 59 -33 -10 -66 23 -89 -45 6 78 62 44 -20 37 -46 63 -79 79 -35 33 -58 55 -65 58 56 82 -62 100 -22 40 59 -48 41 39 -5 11 -26 5 -39 74 -91 -21 34 -46 -74 53 -64 -44 -96 -78 66 46 58 95 -16 -18 34 15 39 -62 88 55 87 -21 18 77 -85 46 52 35 -14 46 -92 -55 -65 -19 -79 -89 13 -87 55 -44 33 84 -48 19 -39 31 0 82 54 -98 46 61 33 -64 3 23 64 -82 -5 12 63 15 -88 28 29 -3 -58 1 -27 82 -37 25 41 81 38 31 14 37 8 -88 52 23 -22 60 -82 -38 -98 -58 -34 -74 -55 -74 -55 96 8 9 -26 -47 89 -94 80 -79 -55 -44 37 -47 46 84 62 -41 -76 24 -12 89 -48 -16 -30 24 -71 -44 66 25 -16 -62 25 92 -45 -91 42 1 -83 89 -5 39 -87 -65 11 31 75 92 58 -47 -3 -91 -10 -16 -35 -80 68 92 78 7 81 40 -32 43 -31 54 -26 51 -15 70 66 -53 -77 16 -99 -100 21
-79 77 -49 -87 -74 98 61 66 81 -87 -8 -56 87 -2 2 -52 90 25 51 44 20 24 13 71 18 -85 71 -10 97 -23 -16 92 -49 -45 -52 5 -5 19 -99 -80 6 -23 -89 -47 -65 -52 -95 29 89 5 61 -2 -4 -51 41 62 -38 -96 13 -81 42 24 -13 -68 4 70 2 -49 88 -99 59 -26 -61 10 -51 -84 -15 19 -30 50 -33 -3 -65 14 -76 -68 48 42 -72 -44 -88 -46 12 -6 74 0 7 99 42 12 26 -3 -65 -56 -46 56 58 -26 94 3 87 88 97 100 64 57 18 -56 53 -97 -5 -6 -73 64 51 -83 -28 69 -75 -59 -19 -9 23 79 -77 43 95 -58 24 -6 -29 17 46 53 -15 -15 -85 -34 -59 -60 -5 -66 -63 -6 31 26 -48 61 -24 56 19 -51 -74 31 27 83 -50 -21 -82 -56 83 79 44 -8 -61 -73 27 -47 27 -43 -17 -24 -17 -6 37 52 42 -13 9 29 -58 -19 90 10 -10 -97 -28 -98 -42 -25 -53 -33 -74 -70 30 -26 -33 34 45 -63 51 41 -12 -100 35 93 5 36 39 -9 -74 -92 97 52 -9 -55 -17 83 -99 85 -22 21 -46 46 33 47 81 59 24 -22 -1 66 -79 12 77 -42 -52 72 20 -2 -57 -67 38 -7 -6 66 -49 -61 49 22 -86 -81 25 -65 -60 11 100 -37 -31 -39 77 -45 -3 75 82 52 79 4 88 -79 -62 7 -36 -25 -35 -98 33 -29 65 80 -21 36 7 26 79 57 90 52 -62 -83 -44 -89 16 56 64 28 -44 100 57 -40 11 75 -58 -71 2 -38 -37 72 -48 -54 39 -19 -95 -60 -54 71 79 -93 32 11 36 -55 27 -76 29 -95 93 48 17 71 -45 62 -41 -21 11 78 -64 49 -83 47 -26 18 81 48 -53 -32 -37 57 -67 97 26 -50 -89 0 -21 15 -35 16 -15 -27 -4 42 -61 54 -11 -7 -29 -77 -4 -23 -84 85 34 -9 -31 63 2 -67 36 61 -42 -7 -40 38 -58 -64 77 -7 49 47 72 -45 90 -42 94 -26 81 -64 98 25 100 95 -68 56 74 -20 41 -73 79 3 48 -16 54 82 16 31 88 37 -61 -9 98 17 -4 -67 -53 -18 -44 -89 52 36 17 95 48 -88 76 16 88
67 -49 4 20 76 54 12 35 -76 -100 -2 -61 -81 0 -34 0 97 24 -98 -7 -7 88 -44 30 26 -84 60 30 -79 -91 -90 7 26 9 60 -35 -29 -85 -10 46 -92 64 40 35 6 19 -41 -36 19 98 29 92 -37 51 -30 -98 19 65 7 8 9 -6 36 -94 -5 -11 -58 -72 -90 -61 72 79 -97 -10 60 -69 47 77 92 60 94 -34 -89 -61 -51 100 -47 -16 -65 -37 -61 50 -76 17 -11 65 2 21 57 -7 -18 46 -24 0 87 -49 82 44 5 83 90 82 81 -2 53 -51 -59 -81 -33 38 -93 -30 -67 82 88 1 -99 -57 24 17 -71 57 22 0 -58 65 39 -22 82 -12 -50 -23 48 -77 69 36 -80 26 -86 -27 52 -13 11 30 -90 89 -28 35 39 95 -23 -99 51 73 50 1 11 34 15 71 46 98 86 -94 -81 27 84 -43 -53 -98 51 93 -6 71 34 0 -42 -13 41 -25 -47 5 63 -77 -23 11 9 -75 88 83 3 55 49 49 90 93 96 35 -69 6 -51 -47 -45 3 -67 37 -98 -35 5 -34 73 -35 35 -58 -74 54 -48 59 -78 47 56 -55 -4 98 -11 32 32 -69 46 -52 -44 -97 14 5 -100 -15 -45 9 51 81 -25 82 2 59 87 52 -28 -79 -46 -41 -60 82 -54 10 69 23 40 -72 65 4 -97 33 22 57 80 96 59 -59 -13 -44 -71 100 6 49 -51 -64 -91 48 -14 -41 -24 -18 51 -97 -2 -38 -81 -76 60 24 -94 -11 90 -23 24 15 19 43 -11 29 -53 -91 56 -29 -83 -54 2 -56 -100 -17 1 -13 20 -5 -95 -94 0 82 42 6 9 -32 -4 36 -77 -100 12 -79 3 -32 -63 -44 -48 48 -11 -3 -53 -26 30 88 12 99 71 -14 6 -70 -81 6 59 -37 30 -8 83 -64 -35 54 -63 28 47 -20 -99 -71 -37 -35 7 19 48 45 8 -23 -71 41 -42 -39 -50 -14 -61 -11 46 4 99 70 2 -6 -90 -13 9 -73 -25 -81 -52 58 30 91 -76 84 36 -21 -96 -95 89 6 -91 50 -87 -4 9 69 -79 1 48 -59 -57 90 -18 -8 -96 -67 -4 -79 -60 -79 -64 28 80 2 -54 -76 92 17 81 -83 -34 -90 61 16 -34
-91 43 13 33 92 21 -12 24 66 50 57 -85 61 10 18 6 22 50 -25 47 -3 -88 -89 -7 -70 68 73 -14 -22 -9 -44 -22 -63 8 -43 66 -52 16 34 5 1 31 71 -97 -100 -24 49 28 18 -92 -12 -90 53 70 -75 -31 -12 -73 68 -81 -86 -42 -41 12 64 99 -28 -33 -52 94 -40 49 34 -52 -97 -100 15 -83 85 0 -26 -2 -4 -28 37 13 -20 10 67 -24 36 66 96 22 -38 -81 35 -66 -76 81 -56 20 -47 43 -98 8 64 -2 11 54 -92 86 46 30 -38 -3 -68 49 21 -16 96 52 -86 -38 26 91 61 41 -75 28 -98 98 79 1 93 8 -36 -10 -19 76 60 -60 6 87 -70 38 8 -54 60 19 86 -4 77 26 51 62 -87 19 100 -13 70 -8 58 -93 -56 -91 -26 -3 -98 24 -28 71 -7 -94 63 -82 71 -92 -65 -17 33 15 95 -63 37 -90 -23 60 85 -33 66 62 37 -96 -26 51 30 15 38 -2 85 -97 23 -55 74 64 91 58 51 -24 -29 35 8 47 29 -34 -23 -85 -27 -13 47 90 64 81 23 84 -49 -15 -44 -10 24 -61 -18 85 -15 -13 -45 46 -10 -89 50 -83 12 8 53 5 -57 47 -63 26 76 43 -43 -44 -22 71 -53 -7 -92 74 -98 40 -22 -6 59 96 -36 63 37 20 -87 -55 20 93 -54 59 40 35 3 62 -20 89 -1 -15 -20 -98 -23 -2 99 26 -70 96 20 -54 -42 55 -87 -34 -73 -22 46 82 47 -74 55 -93 31 0 55 -87 -9 49 89 -18 70 -54 71 12 65 -44 -33 -19 40 46 -29 -96 -39 75 -82 48 7 -15 87 16 -22 -48 -26 -58 -75 -32 1 -17 69 -71 -30 -56 -22 -63 -65 -36 29 -31 -25 -59 54 -90 75 -37 -90 -69 -22 50 -13 -8 -60 76 -30 85 75 0 90 95 -77 2 -48 44 90 40 74 52 69 17 75 -70 -94 99 -11 7 -16 79 -21 88 29 83 20 56 -6 51 -44 57 -60 35 -46 95 30 -67 -85 -51 47 -32 -40 -50 94 -80 8 -56 90 79 -75 -46 25 -9 97 -21 26 76 98 -54 93 -29 -28 14 -45 -98 -44 1 55 -55 -70 -17 -17 74 -92 -78 92 -51 40
-47 -34 13 40 77 -33 6 -8 46 78 66 -9 -71 73 -100 64 9 34 62 -75 -87 -61 -53 55 80 -51 -53 46 62 -61 -16 -3 4 70 -61 90 79 32 78 -26 74 -86 28 17 0 99 -47 -34 3 -60 94 -54 87 27 -86 -85 24 -25 -57 7 -75 -33 -62 75 47 6 28 -48 52 -34 -99 75 -33 78 -26 -40 -21 80 -29 3 -76 19 67 -15 -39 -53 -41 -94 48 -69 -64 -8 13 27 -91 58 5 36 29 11 -40 -46 -100 -43 -12 62 32 -44 -100 31 -12 46 -89 -89 95 40 -55 92 -81 79 20 76 80 12 97 -100 47 -98 18 89 67 -10 -2 38 -98 65 49 98 58 13 -36 -80 -3 -39 -29 1 11 56 -57 -6 -53 20 -11 62 -87 27 -99 55 9 -50 -87 -72 -4 21 6 -68 34 -79 94 -56 -32 30 7 28 -14 45 46 79 72 38 -46 -74 -30 14 -38 40 -72 90 -19 -20 0 30 85 -8 52 56 36 22 22 98 84 59 15 62 55 -5 -76 6 99 70 -72 -25 83 60 -1 -56 79 63 -14 79 -60 -57 -59 -77 73 12 -40 -72 43 -30 55 53 95 -55 -48 -100 86 30 -69 79 -93 82 4 27 80 -17 -72 94 -12 100 -43 -43 42 -70 2 36 -42 -97 -57 -8 11 -57 -72 90 -5 -37 99 18 -77 86 -75 89 71 -34 28 -94 15 43 -28 -40 43 85 -78 -62 5 -71 60 -19 -38 -60 -46 95 -38 -100 -62 -87 -52 -52 30 53 -82 67 -61 -66 95 0 -8 -24 -58 89 -8 62 94 60 21 -76 -97 -20 67 29 -60 57 -13 76 94 -37 -25 -91 -17 95 0 -49 86 89 -28 -13 76 -53 -51 35 -30 -5 -73 94 13 61 -26 -7 93 -36 -85 12 4 93 -48 9 88 -71 -70 27 46 17 26 -54 59 -90 -32 -90 91 72 81 72 -14 76 71 60 28 0 41 -79 8 89 48 -57 3 -39 18 -22 -48 19 72 48 96 -36 -16 46 43 48 -62 80 53 68 71 -34 51 88 6 53 -71 -35 -19 61 16 67 -81 -66 -90 -6 -30 84 82 40 2 -86 -73 -19 -2 -100 -97 -15 36 100 26 56 3 48 44 16 38 52 -16 -67 -98 -40 71 -30 70
65 86 92 7 44 -64 89 82 11 57 -95 -11 6 -17 16 68 28 -54 4 80 -59 -22 -25 -85 -44 89 -50 97 -23 92 -89 -26 -81 72 15 55 -92 47 -89 -68 17 76 80 52 96 -12 -21 -62 -96 84 13 -20 52 65 -15 91 29 39 -46 72 -99 81 26 89 -75 -98 56 18 -25 -79 -99 25 -62 39 75 96 -31 -57 -61 -39 38 32 77 -93 95 25 28 12 7 25 -56 40 50 -37 78 -100 7 79 64 -77 94 -88 -82 36 -19 -7 74 -93 -46 55 -87 -7 88 23 29 -2 -33 -18 -59 -24 7 50 17 18 -9 48 78 37 -16 -19 -75 24 77 -64 68 -79 98 76 90 25 -83 64 -85 85 33 43 88 -36 -43 -93 3 43 -20 -68 -41 41 -21 62 93 -66 54 -69 -28 -10 -4 -25 13 54 -86 -64 -90 -48 -49 6 -58 -8 -26 -75 -8 46 45 34 -97 88 -58 -85 -35 -96 68 -87 21 -27 95 38 -81 23 55 4 66 76 -82 -82 30 -84 -72 96 -23 97 87 88 -41 -57 -82 66 -75 43 -69 -91 53 -50 -16 95 18 -72 24 -90 -65 -61 -23 53 50 58 -57 96 38 -31 85 -66 -19 8 19 -61 -84 -51 -89 -23 -90 -1 -41 -21 2 60 63 -70 -38 63 9 86 35 78 34 90 54 2 -87 -69 -1 -59 -31 -90 -47 -60 -4 -95 86 68 -8 58 6 -16 47 10 94 69 26 -19 22 12 -11 66 -59 50 -70 57 3 28 -16 -90 87 -92 21 -23 78 -97 -82 92 -86 -41 57 81 78 23 -8 -97 -33 74 93 -23 -67 -92 -84 -17 51 -9 -26 64 21 49 -55 78 14 -21 69 -47 -95 -1 -98 -84 96 -31 -10 37 36 37 73 59 44 -47 -92 -98 -25 34 -30 97 35 -15 98 23 -52 30 41 -67 -93 -96 -17 31 34 -67 77 89 -83 -9 -23 42 91 -69 85 36 -45 -83 -69 63 -69 80 24 -67 53 -97 -35 63 -48 -16 -34 48 -54 77 -42 68 93 -94 -41 -7 0 -14 97 53 63 10 64 62 16 -50 77 -8 93 -52 56 38 49 -45 96 78 -89 -60 -84 93 28 16 -63 8 -8 -18 88 21 -49 21 57 90 61 75 -3 -67 -6 57 2 2 48
-64 98 -68 -84 -63 -56 36 -47 68 37 32 -56 -20 44 30 20 62 -88 -14 -47 52 1 -69 19 -59 6 -30 0 58 51 62 -50 25 -2 33 -69 -59 71 -28 6 35 -40 76 -11 27 49 -23 29 -22 -20 53 -66 10 55 25 -6 -6 -1 -60 -49 -59 -62 -30 -57 9 -21 28 -25 -66 41 96 30 -95 1 -85 12 -16 79 -12 23 95 -14 46 48 29 -4 -30 44 -55 22 17 1 18 25 -97 -28 4 6 -100 -83 22 45 45 27 97 -55 -34 88 39 -19 -57 53 -98 19 -26 -92 -17 -10 37 23 -19 -50 -92 -46 -1 69 -85 19 -69 16 11 -63 22 44 60 -6 -8 10 27 70 23 4 45 56 28 40 -43 -77 -64 81 78 -25 34 44 14 93 89 43 12 93 -90 22 -81 -76 -80 90 -56 -75 44 -70 7 52 -89 -98 -32 63 -36 -76 88 50 -79 -52 41 99 -79 39 43 -5 -30 70 -71 -90 92 59 -25 -8 92 9 44 51 35 -56 -56 -18 69 -51 26 80 61 27 15 -74 -94 -47 91 36 97 35 37 28 14 70 -72 -34 -68 -49 75 -46 88 80 -26 -33 -99 24 41 34 96 -56 -53 -61 3 -31 71 -37 53 -5 67 -86 -26 -1 -39 31 1 68 -59 18 -10 58 -21 -11 9 -31 37 -37 69 61 16 13 8 -9 -95 -31 -22 -27 22 87 86 -2 -39 47 -61 -12 -41 25 3 -63 71 48 60 94 -96 12 -32 16 -69 -75 -42 55 50 48 89 78 45 27 -94 29 45 11 -66 -45 -94 -3 65 53 1 34 -65 5 -93 96 89 98 65 -25 -66 -32 -99 13 23 40 -16 -87 73 70 -7 75 -37 9 9 20 42 67 -22 31 69 -54 -100 -17 -45 -88 8 -1 4 -73 -4 -15 -24 7 94 -29 -78 21 -12 74 40 40 -44 45 71 -29 27 15 -23 -15 -8 57 -60 -43 -62 36 100 1 -5 2 11 -34 -93 -60 32 -24 44 18 -75 -48 15 -57 -58 13 4 86 -60 -99 82 45 -18 -64 60 -1 46 -40 84 -100 -66 -68 28 34 -43 -48 28 17 -20 83 46 -28 -56 -99 -12 -31 49 63 77 37 -32 40 96 33 -64 68 -69 93 -10 -50 -76 49 -65 -19 -64
-52 -51 52 3 -57 -21 -37 -29 -68 -99 -72 -85 22 41 35 -60 -25 70 23 73 5 -86 13 11 25 70 0 86 3 54 14 55 60 78 87 -82 -51 61 -64 -13 65 -65 79 -26 25 -7 56 21 -5 -27 -97 -39 -26 -100 29 9 4 -42 27 -55 -99 38 46 -65 29 -42 37 80 -60 -9 -27 -91 59 61 -91 26 34 -80 9 0 -35 20 4 -89 13 4 50 -62 -61 -90 -83 -65 -60 40 -83 -78 70 0 -74 26 -95 -70 45 45 -64 56 45 -45 -49 28 -75 85 -59 55 -62 -40 -3 51 -60 78 23 70 -53 -49 -45 83 20 -62 -12 -27 83 44 35 6 3 33 29 -74 84 78 -73 -18 57 81 4 62 -18 38 -63 71 37 -9 58 -49 -80 -55 74 89 -93 -46 91 -77 24 2 64 -31 42 -49 70 -18 -83 -46 -25 74 -81 47 -48 0 -99 25 63 -48 -97 27 30 -27 -72 18 82 -61 83 0 16 -1 25 -40 -47 23 10 9 11 -93 -79 71 96 -96 -75 -37 -43 72 3 96 55 -7 70 -87 -67 78 -94 12 -77 84 -18 50 67 59 67 -36 -67 -97 71 -52 41 -78 -93 -52 -93 -17 5 -41 91 14 -39 50 -38 19 -21 -40 -67 73 10 64 54 -44 -96 -94 -14 30 -66 47 -32 -9 76 54 -31 3 -82 73 -55 -33 -71 -58 -38 -72 32 45 92 -29 -71 -33 88 -30 71 36 89 -6 -45 55 -15 -100 -71 62 -10 -9 85 6 36 23 29 -9 -6 13 -30 23 78 56 61 -15 2 26 -75 -20 88 29 56 27 6 72 34 53 30 81 -78 -77 71 78 -96 84 44 -12 18 77 33 -2 -3 -20 -26 29 82 89 57 11 96 -72 92 -23 49 70 -93 -83 -29 -100 51 -52 16 -33 78 -62 37 32 30 86 74 -70 43 46 11 81 0 -8 98 37 -25 63 57 -17 -29 -57 32 52 -93 70 95 -49 64 66 71 87 -51 8 -95 -47 -64 100 74 96 12 1 15 -10 -46 -27 96 13 2 51 -87 34 -39 37 -72 98 -72 -38 90 -23 -21 68 74 41 94 -9 -26 -35 61 23 87 -80 -99 37 -46 -1 87 -56 -99 -47 -91 81 73 -48 93 -48 -14 46 -55 52 24
58 58 -40 0 35 73 -25 -30 -69 -15 93 25 -15 -49 16 43 -94 -31 -91 -69 -35 -56 -99 89 14 65 83 -85 26 -48 67 46 -98 88 -35 28 91 84 65 53 71 74 81 13 -84 26 -14 20 -70 -76 58 36 20 -33 -15 10 -74 -46 -70 -53 -13 -21 44 27 -13 -43 -9 0 17 20 -76 -60 11 -6 32 22 -1 -75 -17 80 -61 22 -15 -4 -55 -57 -30 -100 34 56 62 19 -65 82 36 34 60 -100 65 -95 28 -45 -40 -53 90 67 87 -85 -67 -58 41 -91 -54 76 30 95 -37 62 -39 -95 63 -97 -67 1 72 -85 -42 47 -17 -39 1 2 -93 -47 -38 27 -70 -5 34 -42 -39 19 -29 92 99 -52 -94 -25 26 -17 15 -76 63 -53 -64 28 87 86 -67 86 -26 -14 -98 -11 -80 -19 69 -8 37 -68 25 -58 88 91 -7 -3 -98 -60 37 79 -28 -9 57 84 91 -13 -96 2 14 77 56 -21 -45 84 63 100 -70 -49 -12 -23 49 -48 18 62 18 53 40 -29 3 92 73 34 27 -13 -1 59 39 16 -16 60 -16 18 98 -88 8 87 -93 22 -16 74 -2 100 84 -68 -35 -25 20 -43 -58 89 -20 48 -17 55 55 -91 -52 85 -75 25 -60 32 11 17 -59 -49 -35 84 -46 1 50 -53 76 -64 -27 41 -70 -74 87 17 40 -79 65 22 -39 23 98 1 49 -43 -34 -1 -37 -61 78 10 60 11 -62 87 46 41 -88 33 8 -8 -84 -77 -44 -69 -73 75 -46 73 -38 -32 -84 3 89 -13 47 3 -98 5 90 89 -28 17 30 35 -95 -9 -86 -96 -67 -8 4 -19 -4 -81 11 -92 74 25 14 55 57 -57 -46 -89 36 79 -23 72 69 49 64 -1 -47 -46 -7 -26 -65 -26 73 -61 19 -45 6 -85 -17 -31 -69 99 27 27 13 -45 70 69 32 36 -66 90 59 79 41 -17 6 -28 10 -28 -26 8 -34 -61 -41 100 1 -74 18 -24 92 -57 -91 33 33 -35 37 -56 -1 -44 -51 -37 60 83 73 -5 40 -84 -22 -63 -77 58 -34 -65 -67 -38 -93 25 43 -34 95 19 -98 99 20 36 70 36 -85 63 -27 -51 -98 65 -63 96 -76 -34 -93 23 8 -74 97 -74 89
-75 65 -36 -41 -45 53 -72 -98 92 -10 -67 68 -50 -23 86 64 72 -18 -89 31 39 -50 100 24 -94 -19 -54 26 -51 6 -42 -34 98 -87 -56 -51 22 -53 41 -81 23 -80 -52 1 -44 -26 19 56 -59 -94 -48 -7 -76 98 68 65 2 -86 65 67 -26 60 79 68 22 -79 -97 6 -68 96 -7 -96 -62 63 -5 57 -28 -13 -84 62 -88 -50 35 -3 69 -60 31 48 -53 -35 26 -12 33 -53 90 7 -43 99 71 -47 -64 46 -9 43 39 -23 44 46 -44 1 52 -65 -2 18 35 45 76 -48 14 28 78 -43 -93 -92 -88 1 -89 13 10 32 -37 18 -99 40 -37 41 -66 -48 -59 3 -48 88 48 -75 -60 63 -58 -56 29 -59 88 100 -100 11 44 98 -88 83 85 93 -88 46 34 70 -83 47 54 -91 100 58 -25 83 -23 -34 11 0 -30 9 73 -27 -72 -4 -25 -42 -90 24 -68 -9 58 67 -60 49 -97 63 -59 0 -61 58 70 74 -75 -88 -81 33 -12 72 12 -43 27 -55 -42 -83 -52 -80 75 83 -25 32 -78 27 -16 -94 32 37 -21 -14 76 38 -31 -4 80 62 -93 -88 69 67 -91 -62 -77 -73 -32 69 -20 -39 -28 80 72 -76 -10 62 -37 91 -10 -77 20 66 34 58 -54 -24 -70 -100 30 10 -64 -83 97 -24 7 95 15 35 -50 40 53 -5 83 85 56 -57 48 -87 5 8 67 49 -68 96 -46 78 -16 -54 -34 -52 8 89 -84 -19 47 12 -74 -43 99 61 9 -4 92 17 -84 -29 -15 -77 -51 22 23 79 71 70 -42 84 -68 -57 -10 10 83 52 -27 -50 23 -27 -35 19 69 -99 -25 -34 -63 92 7 -94 38 45 -25 30 -10 -61 -4 -62 -43 -17 0 -96 -5 45 -53 74 -48 -84 92 -60 13 85 43 -51 -48 -63 67 43 76 -38 56 -41 63 6 -88 -7 56 -34 74 6 7 31 -85 -8 64 96 -82 -23 -60 -71 18 -75 40 -56 73 -93 70 -58 4 -28 19 37 -16 23 72 19 -11 71 73 11 90 44 -39 15 31 -4 -18 -34 90 9 -69 -15 75 -65 -47 -84 53 26 -25 -71 69 84 54 60 81 -73 -94 43 2 -69 32 76 -27 -86 -89 95 59
100 -56 -75 -58 -30 -48 87 14 -31 -21 -36 81 71 -1 -65 -82 50 -10 -60 -43 -18 85 12 -64 0 33 67 -71 13 -42 29 5 -63 73 83 -77 63 -66 -16 76 84 73 80 43 64 88 -99 -7 -34 66 -2 -61 26 70 -12 11 44 58 -18 -23 97 -55 -21 98 53 49 -62 77 -95 51 -3 89 1 -14 -11 -100 -68 31 18 15 -78 -94 6 93 50 -49 54 75 55 95 59 -53 -36 78 -2 -92 9 61 32 70 82 95 59 -93 -79 43 88 2 40 100 -62 -10 75 -60 -46 65 79 30 -35 -39 -100 23 39 -43 -61 22 100 81 -7 -90 -29 -77 30 -22 -16 -38 -33 -1 -3 46 34 16 67 72 21 -87 84 -9 95 -81 27 51 29 -19 -100 80 11 -3 16 -91 -51 -71 -46 7 21 36 -93 2 -62 84 -6 -15 95 98 25 28 -22 -19 24 74 79 -42 -70 77 35 45 -40 -14 39 56 -42 -30 28 25 -94 92 80 68 -63 -47 55 -24 -43 80 -74 84 -49 76 -14 -56 90 -92 -16 21 -38 32 46 50 -83 89 11 -94 18 -81 65 -43 -2 -65 75 90 99 -24 -81 76 -69 10 39 -72 22 6 41 -83 -18 75 1 -13 -79 55 -26 -23 26 14 69 -13 -29 51 -14 -49 -18 -89 -47 -72 -39 -33 -2 40 -35 94 -28 -25 76 -25 -58 5 -92 -78 21 31 -47 -92 -27 6 -87 -49 75 35 84 61 -89 -81 40 -98 -69 -94 -85 -20 -42 34 -58 -84 22 -9 39 -58 64 29 94 -64 20 -4 76 -9 73 50 -49 -19 -4 -88 -56 -3 -48 -71 -57 87 67 86 -11 69 -88 91 -23 100 67 -80 -64 -86 44 84 -10 52 -24 59 6 -14 -92 -8 83 -92 82 -19 -34 -58 -2 2 48 -88 -63 -17 54 69 40 -19 2 55 12 -65 1 89 -57 54 16 -10 72 69 50 23 15 -84 59 92 -61 59 -2 -96 87 96 -66 -58 66 -61 -15 47 80 60 -45 48 -71 17 -69 17 -59 -86 -49 -2 100 -88 -31 -74 -44 74 66 37 0 -44 -21 -86 30 99 43 30 -70 -81 -28 -91 24 -6 -42 -36 -6 62 43 -79 53 -52 85 -15 92 40 -82 95 -87 43 90 -35 61 -18 39
17 71 -51 -68 -32 52 14 -90 13 -16 -96 13 -14 23 -62 -95 -87 -51 70 26 -82 -61 18 17 28 -70 -63 98 -75 -9 -60 -86 -3 45 -12 57 12 -18 -53 -37 -50 83 100 49 -4 -100 -66 68 95 -8 94 -41 83 -73 -67 86 -55 -2 85 -55 14 -14 -6 -7 -11 -88 -70 10 -72 -25 70 -99 63 73 99 -61 73 -94 10 -19 96 60 -86 95 50 39 -85 -52 -98 8 -2 65 91 12 -4 -72 49 -7 -18 15 74 13 -95 25 99 83 21 85 -38 13 -91 7 -64 -95 -61 38 -21 81 -90 -19 90 -69 -62 39 -8 83 45 -34 -59 -61 20 -39 -54 62 90 65 59 -17 61 -71 2 -91 7 -58 -96 -48 -71 75 95 -89 19 33 -85 -51 13 11 72 -83 -78 62 -44 25 97 82 59 8 40 -21 52 -95 -63 -54 -85 22 60 85 -18 66 -64 41 5 18 -79 -57 92 -98 -24 -25 -73 26 70 60 -74 100 29 74 -52 50 81 -62 51 68 -2 -70 -62 -32 -56 -44 5 -83 -50 31 -60 -78 28 -96 -64 -26 75 -22 87 71 91 -36 -50 85 68 -87 -90 -39 -69 25 -76 -15 -39 40 62 50 -98 -57 71 38 32 -62 58 92 -42 -83 -81 -68 -19 -8 98 -43 79 93 -63 10 -24 30 -21 -63 31 59 -27 -24 95 -69 -33 -1 -93 86 -61 98 -28 77 63 -15 -63 -38 -13 64 -66 70 22 -46 54 20 -47 -28 55 92 -50 -60 -34 52 -52 -20 -54 48 -32 13 -84 -55 -34 -37 -73 -71 76 -25 5 -78 -20 27 -40 24 -5 85 -74 53 92 24 -82 88 52 51 10 -9 -46 -87 -50 -29 12 -21 49 16 10 -35 51 -11 -19 64 16 93 -17 -92 -8 9 53 -50 64 62 -86 62 50 -90 81 24 85 73 56 -14 -27 -31 -22 -28 0 -54 -71 39 -79 -71 -18 -41 87 -12 36 99 79 -71 -33 -43 30 76 -58 -88 93 85 -24 4 -33 15 70 -32 -14 -53 -91 61 81 97 22 -53 24 -96 -54 -35 59 -1 8 86 37 49 -33 -38 -88 27 -27 75 12 30 -100 30 -47 10 55 18 99 -74 70 93 -8 39 78 -79 -89 -34 50 31 -31 0 -73 -5 -27 30 11 -28 60
-76 -9 -53 56 -52 14 19 -24 -95 18 -41 -22 -53 89 30 -54 -67 16 -50 61 -54 -95 90 40 40 -21 47 49 99 39 6 -38 74 -24 46 -4 91 -65 74 -33 99 1 -43 -71 8 5 11 -33 1 -4 -63 -60 66 -50 -65 -56 90 100 -76 -79 85 70 10 -57 65 18 71 24 53 39 66 56 7 61 -43 17 -89 63 -79 -43 51 -26 -17 -90 -41 72 9 8 81 57 -60 -68 8 -13 32 -6 -45 52 -66 -41 -71 18 -43 -53 90 20 -89 -59 12 100 -7 -9 26 60 -87 21 -42 89 -100 87 100 21 -30 12 74 60 17 -25 -39 39 45 1 72 -98 81 96 63 -88 98 39 -8 -92 -86 -68 -86 -11 23 -66 59 41 29 -9 -13 18 75 -51 72 17 75 75 66 -77 47 -56 52 -7 -43 -36 49 27 81 43 -99 -85 82 -26 71 39 -90 -87 100 34 -5 -99 -70 -88 -25 -45 -38 34 31 -36 100 30 -28 -88 59 -61 13 -81 -69 0 46 30 -86 -42 -19 81 43 -43 57 -63 -87 51 86 -20 -22 3 14 68 44 96 -90 47 24 -22 -36 -76 50 -99 -76 -85 -9 -19 22 -83 -56 -57 -74 -61 -60 66 -96 63 84 -56 -42 -63 -15 11 9 -82 -43 83 95 68 38 82 -80 72 17 4 13 68 -81 -13 44 -80 28 21 17 -64 -86 68 -18 70 0 90 8 48 -99 14 14 25 56 33 -66 56 -92 90 -62 69 2 38 -58 33 85 7 -52 39 21 -1 70 -9 -88 -97 27 -16 19 -62 -64 -67 24 79 -93 -5 -98 -56 -36 59 -19 73 -33 -16 -96 13 58 100 -91 34 55 -3 6 84 -43 -14 -91 72 45 -89 -99 19 -74 81 10 69 74 29 29 -13 31 21 -73 -33 34 -18 82 51 74 21 40 -13 -66 57 55 -68 93 35 -82 24 -42 -12 46 -14 26 70 99 15 -46 50 20 -28 -12 63 -49 31 88 16 -11 -83 29 79 -33 -78 -34 92 -62 80 30 -48 -21 44 -9 -48 57 -61 15 -61 20 -70 56 59 8 -36 -76 32 77 -58 -43 -49 94 34 -87 -78 50 95 22 73 -7 49 -59 -24 30 -59 74 -19 74 -77 40 -17 -50 -25 -82 -97 -13 19 85
17 55 97 -11 96 78 56 66 -25 39 -5 91 84 95 -93 8 66 84 0 -100 -49 -79 -85 -25 -36 88 -33 -22 71 76 -45 76 30 86 -91 33 100 -13 -59 -90 99 26 2 -19 -75 87 -63 -73 -89 -68 0 -85 -45 -25 -4 35 -50 31 -63 -1 84 -33 -33 -52 -47 -98 54 62 -60 85 32 -39 -37 -31 93 52 38 93 6 -7 -95 97 50 7 -34 -7 88 -80 46 -7 -3 79 -64 18 59 -80 -90 -25 67 -77 -21 51 94 -75 -24 44 -53 88 -18 -14 -67 83 -22 43 40 97 60 37 -12 39 59 74 -58 -17 83 43 53 -31 79 41 0 -78 12 10 59 -45 -72 -20 4 -14 -15 -98 -95 87 -49 93 63 18 73 -23 55 -76 -6 -61 30 -50 -28 -33 39 -86 20 75 -43 -68 68 -97 36 62 69 68 24 -6 64 80 -92 -3 -8 86 -15 -93 -36 72 -24 24 -34 -79 86 -16 -99 15 5 -40 -79 -79 -4 -32 -15 25 -58 -14 32 -99 39 48 52 64 4 -89 57 24 -27 -84 -15 -88 -55 -52 -24 -59 -97 -86 14 44 -18 87 13 7 81 58 26 54 -79 2 69 -16 -41 92 -1 -43 -49 -18 92 -3 56 9 -26 54 85 44 45 -3 79 47 -99 87 98 -55 46 83 -13 33 -44 -44 29 67 -1 -10 59 51 60 -71 22 -41 51 -94 -9 26 -69 -25 -86 81 -3 -14 -3 -84 -27 49 51 79 36 -70 -49 -74 -99 46 -75 34 63 -43 -13 46 -46 46 -91 1 -43 -60 -52 39 46 -26 52 -69 72 -92 35 52 -25 35 -88 -34 1 -43 1 -33 -75 22 63 -7 -26 -39 -4 56 -37 91 31 -23 -88 75 81 19 16 -42 45 -6 75 -24 -11 -79 27 -68 -9 -57 79 -19 69 14 59 91 -79 43 80 34 87 -50 -38 -6 -95 -79 -66 77 34 -37 -30 -71 -97 55 33 16 8 37 -11 -55 89 -6 62 -17 -100 -78 42 -64 81 -70 -8 -43 -75 38 26 -52 64 22 19 -20 19 83 -14 80 62 -67 48 -87 -52 14 -23 52 4 82 47 -24 21 -53 -97 58 61 -82 25 66 -6 -63 42 37 -27 -36 -17 99 63 87 0 65 -17 98 -1 3 -37 -43 -80 -59 -69
79 66 -2 -66 -88 -57 -20 4 -49 -79 -73 72 -45 -80 56 39 -77 -67 -81 74 77 -44 19 -10 46 89 50 16 -91 46 43 -46 -66 -13 -75 50 29 -35 -85 83 -84 -20 79 18 -99 26 -66 98 79 -57 87 57 24 -61 60 -11 80 -76 91 -22 -3 -17 19 -34 75 -89 -31 50 -9 -47 -69 48 -19 -28 -63 -32 3 -56 -73 20 -83 -39 -66 -73 -68 -18 12 -29 -74 -81 17 38 21 0 18 -63 -49 -65 -52 -74 66 -89 92 66 1 -94 49 -10 89 40 -29 -65 -41 -100 -7 44 90 8 -3 45 -12 -34 54 4 -99 -72 -40 55 -55 -16 38 80 5 78 85 -50 -20 88 -17 29 -51 13 -89 0 12 -48 86 -14 6 52 -77 28 -95 -8 2 -63 -64 -55 -85 -61 -96 -55 -59 -25 -20 -100 64 13 65 -69 98 80 -93 -24 -47 -42 39 58 -53 27 -60 78 4 3 77 -43 40 63 -52 -3 -84 -17 12 -26 -48 -37 76 10 -18 -71 -36 69 65 20 -89 -45 -19 -73 -27 92 -47 11 17 54 -18 -39 -10 -34 5 33 4 81 64 -74 -59 -28 75 -74 -77 96 -95 -59 -23 64 -39 31 50 11 51 -19 -8 -33 62 85 67 -52 -76 -36 -64 -31 -5 -42 -88 30 26 26 -36 8 -7 -27 -27 -77 45 66 -37 15 -95 -73 -42 96 16 91 72 -36 5 -95 18 14 30 67 72 67 37 -51 -31 -52 37 90 1 -100 54 94 -76 94 3 -53 -87 -85 -15 -92 -71 -11 94 14 98 -8 -89 -98 -49 57 8 8 82 75 -30 68 -34 -23 42 -36 -74 14 -16 51 -71 97 -75 -64 -34 52 -23 -27 -42 -40 -10 3 82 75 -56 -41 -26 91 22 -71 -32 40 -57 32 -10 -53 95 10 -69 -79 83 -65 -15 -12 70 10 -7 66 -3 -81 89 7 72 60 -6 28 -4 80 -85 -85 22 44 -96 94 -51 -21 -32 32 66 77 78 80 -48 -21 -58 53 -51 -31 -40 -67 43 -76 -53 84 59 -69 80 94 12 19 73 31 16 59 31 4 -64 -96 -84 57 12 77 73 1 -4 38 -48 42 -83 27 87 53 -15 -23 -38 -68 33 22 -81 -47 -38 84 -86 47 -70 -37 -31 11 39 12 62 -67 -29
49 61 -82 -2 -85 29 -81 53 -99 31 34 -79 55 70 -9 -48 33 46 -53 9 -46 -86 -70 -9 67 -18 -50 53 -61 -30 77 89 -30 77 18 -75 78 -11 -79 -88 -46 -4 56 30 -80 28 87 4 95 80 26 -26 -32 -1 -77 67 -66 24 53 64 18 -64 -33 -88 -92 73 58 5 86 50 -6 -54 -44 4 42 -53 72 -89 38 -54 -96 94 82 -80 30 -55 57 26 -88 -15 72 -69 100 -80 -60 52 62 9 19 -20 -7 100 66 46 5 82 -10 31 53 -3 62 -55 -85 -82 85 -3 6 58 5 -80 54 -70 -21 27 -9 68 64 61 -22 63 11 -57 47 94 -84 43 96 -11 -90 -86 59 23 65 13 89 33 34 61 91 -15 93 59 51 -80 32 -96 95 31 -96 -72 10 -27 45 88 -27 25 36 -55 83 -39 -14 77 -35 93 -45 -16 51 -31 -21 6 -59 75 -48 95 -22 82 -12 82 -61 -2 -16 -39 -42 1 -97 -87 -37 -75 -57 -88 -89 55 36 32 -83 -66 6 43 80 21 79 -33 72 -37 96 -36 -100 86 -77 -58 77 -95 89 -33 -9 -81 -7 -85 11 82 -88 -76 13 58 -15 -83 47 10 -24 29 78 13 74 -24 -43 -35 42 12 -40 -10 98 -36 -7 -68 -22 77 -81 12 -23 64 -51 53 72 79 65 -70 -96 24 65 -93 31 40 -45 -63 57 -38 60 -58 53 34 88 -19 -45 -5 4 95 21 -9 -25 17 -40 -83 65 62 -57 14 15 -53 -43 -98 12 19 -49 7 -44 97 32 -12 75 53 -80 67 60 75 -78 96 -77 21 -83 -26 -30 30 18 67 98 -71 -8 -32 68 19 48 39 88 2 -65 7 55 -32 94 -93 75 -98 -85 95 55 14 -24 -98 92 93 15 39 61 0 -24 -1 42 -5 12 -30 51 -4 100 42 -67 82 29 -66 -12 0 -93 -92 -73 -75 65 54 -56 -8 -90 19 -32 -26 -99 55 -29 94 6 -34 -33 95 71 -4 -29 -91 -34 -36 -22 69 -76 44 -98 -88 -31 9 -63 88 62 85 -94 11 -75 98 14 6 80 43 45 -64 -71 -60 95 -78 -22 -81 24 76 57 61 -84 -98 29 -29 -87 0 71 -47 -32 -79 2 60 6 39 -77 45 -6 86 79
-34 -63 -2 -3 41 29 -17 -9 -30 3 -100 3 -83 -82 93 -82 90 -38 10 -80 -17 -98 -54 99 -14 -73 -41 -91 -39 -22 89 80 -68 7 32 -47 -4 6 50 -19 -49 31 -26 -96 44 -79 -9 -7 19 -86 24 -33 86 -87 25 -66 -31 6 86 57 98 -28 -88 -67 84 45 92 -40 71 71 29 -42 18 96 56 -68 -87 -99 -4 -88 54 -30 -38 -24 54 52 28 -70 -99 65 10 81 69 78 -33 40 -10 -32 -98 -24 45 -60 20 -85 50 61 -45 88 15 40 91 -8 44 81 -69 98 68 83 59 51 -50 -72 -30 63 35 47 -89 57 -5 -51 16 76 73 -55 -7 -51 60 83 -30 92 -100 -86 81 -47 -66 -87 -35 -43 6 -92 -50 89 -98 -53 57 91 77 82 49 26 -92 -97 79 -80 -72 -58 -24 59 66 -64 -78 -60 32 -31 -100 -19 -91 97 -21 -63 63 40 -4 88 89 -62 -31 -88 1 -6 41 -9 -84 -9 -98 44 -50 59 -95 24 20 45 95 68 -94 86 -14 -88 55 -100 -71 55 53 62 39 10 -35 20 40 61 9 -49 56 -99 74 14 -83 -77 -15 -37 -24 -76 12 -15 26 -47 65 -90 83 9 61 34 58 98 84 -77 13 41 47 -76 96 -64 -44 -37 57 26 34 95 -1 27 43 -95 -45 43 7 -8 8 -56 76 36 70 53 75 47 25 -39 -13 -35 40 10 5 -44 -13 2 -66 51 -16 28 85 48 61 -3 -75 20 -33 90 -94 -30 -46 53 92 -39 -91 0 65 33 32 -22 32 53 -10 -35 -80 -11 -92 -23 9 29 -19 56 45 -53 -18 -100 -71 -24 69 -13 -50 -22 -13 45 95 -29 -8 100 -38 -26 -53 0 -75 37 -42 -5 -47 84 -47 -25 -66 50 -68 5 41 28 -2 -76 -21 -99 44 21 -20 92 -98 88 -58 17 91 -68 -10 51 11 -56 -90 -27 -74 -86 69 34 41 -7 -88 -17 -95 -35 -44 63 50 -70 35 -89 17 -32 70 -1 -32 -41 30 -98 25 72 -100 -30 21 22 84 84 36 42 -55 49 19 65 -37 -87 -13 -5 -97 58 -93 -77 41 -84 -31 97 -42 21 -64 -92 30 79 85 51 -61 99 -34 -95 -35 13 -41 -12 -16 97 -25 -12 -57 -62 -89
77 89 -66 -9 40 -61 -22 15 85 23 94 -36 45 -13 76 -51 67 23 -17 -47 -58 26 -43 35 -18 -18 26 -82 -77 -17 -26 -15 6 -68 18 -81 -25 86 -34 -7 -94 -66 -58 -30 -60 -87 16 77 -93 -40 -33 -37 -57 -97 -74 -87 -34 11 30 -25 21 72 100 100 68 85 -45 0 40 62 -55 -24 30 39 -27 32 79 47 -100 81 76 34 68 41 17 16 -35 58 -27 -76 -59 89 -60 50 -65 77 -9 82 81 -74 27 -55 -11 -51 67 22 72 6 -33 29 -68 -29 28 -28 -92 -61 71 -23 -92 59 -86 -12 43 -5 6 -7 19 -23 -6 17 22 54 85 -47 75 -89 18 -2 93 -98 26 -28 47 -67 -1 -19 -2 -64 85 87 20 -51 86 22 -61 82 -42 -50 51 53 -81 97 -36 0 -93 27 20 -93 91 53 29 27 50 -47 50 83 -31 69 -28 59 -61 92 -7 33 -2 -68 -99 -86 -80 21 -93 54 31 -32 33 34 -58 -27 -11 -21 30 78 -58 -3 36 -65 63 42 -84 -68 60 49 70 -48 -48 -31 2 -25 99 -51 -94 -1 34 -26 -21 7 -62 -37 -79 -35 -71 -43 -24 43 -58 47 -41 64 20 93 89 32 66 -99 -6 -53 67 -81 10 -77 18 -14 -90 -82 -18 -59 -64 78 62 69 -49 -8 -48 41 54 -79 93 42 -47 -15 42 -64 -85 20 20 21 52 -98 43 -23 50 96 7 93 82 -78 -71 -100 -43 -98 21 21 -79 -100 -39 35 100 58 -61 -84 68 83 65 85 -66 54 64 49 51 -15 -15 67 51 88 2 65 69 -33 3 -25 6 35 -40 -74 4 -39 39 44 3 -55 82 -24 9 -6 -10 -14 -86 79 -39 5 28 -79 -62 -21 -14 85 45 -45 -40 -32 46 58 33 3 -45 -92 -93 46 55 -19 25 -87 9 -31 55 82 79 -75 58 -72 8 18 88 -96 6 -86 72 56 98 70 86 75 78 47 73 -40 94 -60 33 40 45 31 49 -5 40 23 29 -100 -36 -80 -43 -80 21 93 67 68 31 -96 96 43 99 40 -38 -35 -3 54 4 -50 -61 -9 40 -32 13 3 -41 15 33 -99 35 -23 12 25 68 -62 -44 -39 -100 82 -43 12 -21 93 -27 -1 -34 87 -6
-31 83 79 -42 -90 22 1 -93 3 -94 -100 31 28 9 92 89 -64 81 -60 -34 -86 61 37 -77 -99 30 -67 -34 -11 12 48 51 92 51 -65 -65 -1 94 97 -59 -95 -31 -25 49 -51 -10 13 -77 98 78 -38 16 48 94 -13 30 48 89 14 51 79 -99 43 -54 -35 67 -69 -28 58 21 -92 -81 -13 54 -6 65 26 55 95 10 20 38 57 -31 31 -61 -95 31 16 38 -40 -85 38 -53 48 82 6 4 -64 66 32 -4 85 94 49 -50 -85 -87 -36 56 -31 25 -19 -85 -16 -74 -68 -82 41 53 -9 -7 -70 40 93 94 -63 -14 -6 21 40 -41 86 1 -2 51 48 89 -64 -63 7 93 34 -4 71 -79 84 72 86 52 43 -77 79 -18 34 73 -41 75 -9 27 63 -29 21 71 65 -38 -12 -10 -37 96 -26 -67 55 -71 1 97 -40 -48 -56 -43 -9 -34 -15 -7 -26 -76 -59 44 -71 -66 -33 42 -75 -40 20 -19 -76 -17 7 21 -42 61 -8 19 -87 -57 48 3 -41 53 -65 100 22 70 100 -55 -26 -54 -90 60 54 34 -1 94 -87 18 37 -5 2 15 30 21 2 -42 -48 74 65 -7 -5 -1 89 -64 59 -14 -86 9 -35 -93 21 -12 -88 91 -77 -5 39 -3 -84 -32 -22 35 -31 -79 20 -31 97 4 -37 -73 -99 95 100 97 -25 54 -77 -64 96 -92 -19 41 64 -54 -7 -34 -48 46 -95 43 -29 67 11 -93 -65 17 -30 -23 -64 96 84 -24 23 -14 -89 -43 29 -85 33 44 23 38 89 -90 -16 82 86 34 67 56 -37 -29 -1 -58 67 24 -77 -63 78 48 -89 -72 51 4 -31 -66 -54 -12 -38 86 -72 -15 70 9 -94 48 60 18 -46 83 31 4 -55 -89 74 6 28 -14 -21 49 -75 51 -92 -92 23 -15 99 69 -8 92 -31 56 -80 -10 -79 97 -2 84 12 -76 -74 -71 80 52 -58 -15 37 100 -52 -78 95 76 -58 27 -96 -12 -86 -17 66 38 40 -75 -28 68 -24 -18 8 -4 -64 -22 84 -43 -17 48 24 -45 64 -13 -96 -97 -95 17 42 60 -24 32 74 -35 85 -46 69 -65 24 -41 -67 -62 -27 1 25 87 -21 -2 -71 -14 -29 -5 -66 -27 -93
-58 62 -64 14 75 -87 -70 31 96 36 93 -89 -15 34 62 -78 35 -78 95 77 -34 -86 -87 -15 -39 42 -74 -73 -51 58 -52 -88 -100 -90 99 31 -40 -79 -31 37 -97 58 34 -46 -31 32 -49 32 -94 70 36 76 37 -34 45 79 28 40 -18 -54 -62 89 -100 74 -24 -72 -36 -58 -98 88 61 91 -42 22 -32 -26 46 -60 -29 28 38 86 -76 58 10 -69 7 -76 13 -44 -71 -55 98 46 -18 -18 -34 72 -38 -31 52 -79 -11 99 -10 -19 44 24 97 -86 -17 -60 -32 -99 -98 15 54 -97 -78 -48 -46 -65 -60 -53 32 -50 -100 -3 22 -6 49 -28 71 -60 70 -57 -84 -49 19 -89 76 -25 36 -73 -25 -43 -34 6 91 97 -39 18 10 -42 -26 96 41 51 48 85 94 94 85 52 74 -59 -12 65 37 33 91 2 -54 92 45 -68 37 -35 -65 42 -17 87 -2 27 30 12 -72 63 99 -45 90 43 20 48 -97 42 -80 88 -2 -67 94 -30 -10 73 -76 -96 -63 29 87 -3 -82 30 -55 28 5 100 29 -97 3 -98 23 16 -62 89 77 -86 87 -61 -92 -76 -11 -18 -17 -17 19 -3 100 -20 -24 -37 -76 27 24 14 20 -95 99 -58 95 -84 -74 86 -12 -11 -31 20 -81 56 47 6 -45 -88 37 -57 51 61 46 -44 -9 -63 42 -37 3 -70 62 8 -38 37 -70 -26 -74 -59 -74 63 27 24 43 30 -87 -61 -1 50 -17 88 -60 -15 5 -90 50 -13 68 3 -99 -55 -69 56 -31 -42 8 -7 8 74 24 -99 85 -35 86 -41 24 -79 7 -11 56 96 38 32 -87 -14 -92 93 -17 -82 -6 80 -68 -53 -85 19 22 -52 -89 39 -18 17 17 28 -39 -56 14 62 -69 67 -72 -42 98 -76 -52 36 -22 -67 -54 -87 83 -55 -53 58 9 42 3 88 32 21 51 -76 -48 -8 18 59 20 72 -100 12 70 11 -33 76 -55 -42 -49 -8 72 -35 61 -16 -37 -61 -23 -69 3 59 86 -79 84 82 60 68 -18 -89 84 35 18 -19 41 92 45 -50 52 -53 -31 -55 83 53 -48 62 -34 80 97 6 -69 2 49 -89 -97 -95 -97 48 76 -68 -60 50 -77 -46 31 -58 -40 99 -2
-25 -15 -67 0 -75 68 -59 84 48 -36 -96 68 -6 33 17 -7 93 0 -91 76 -17 -69 -35 36 -86 40 -27 -67 -50 12 35 -42 -94 -52 3 -24 -23 -69 -20 -41 19 60 -34 -84 -65 -39 55 79 -6 -28 -75 -18 -81 -33 72 91 -72 -54 -73 0 -5 -16 -66 -67 -10 -97 -71 -23 -16 36 36 -90 -82 48 -90 12 -36 -10 45 -4 11 40 20 -29 -41 7 42 14 -95 84 14 -89 -9 59 53 -91 -77 -63 -20 53 92 -41 -12 55 33 -89 -31 -95 -50 21 63 -89 28 89 -55 76 -51 -92 -48 29 -76 -52 -90 -75 99 13 83 83 24 100 74 -12 -69 -61 7 94 -70 -60 81 -48 14 -3 46 34 -33 55 -16 -24 -63 3 54 -17 85 -10 -25 76 26 -40 -80 67 -77 -29 -6 33 2 -59 28 -53 -61 35 -77 74 -69 -74 37 98 -85 -94 68 60 -88 72 22 -54 -93 87 -93 46 -63 16 39 -27 -68 37 -34 -46 -41 90 93 -2 -7 37 64 -63 30 61 -44 92 -99 -99 10 -66 -17 -97 72 -33 99 57 12 -19 -25 46 74 44 97 -17 31 56 34 -25 66 88 -35 95 34 89 43 -17 85 -6 -13 92 -93 -75 48 35 -46 -52 99 -32 78 22 -23 93 87 -69 80 -59 39 -28 21 31 -14 -58 -83 -16 92 1 83 46 -32 -85 72 51 9 57 -28 -19 85 -99 99 -40 73 -39 -20 -68 -96 -51 -28 59 -3 -85 -93 -70 -22 1 95 82 98 43 -73 -24 -59 -43 64 98 -75 -71 -4 80 71 -59 -40 -8 -76 87 96 -62 59 -39 -45 68 -36 79 -24 -48 38 97 71 -64 22 -88 30 23 23 -8 64 -15 -60 94 -62 -49 30 -87 -65 51 33 -25 -86 -67 85 -72 -2 81 16 -56 28 -31 8 -15 79 50 3 -53 58 -69 -94 5 -65 78 -91 88 -69 22 -34 85 -86 -56 -80 98 -52 52 -89 38 -11 -46 76 -11 -16 -98 94 54 -52 -37 -44 -52 62 70 18 -95 70 -28 13 46 9 19 24 -86 -66 82 -53 19 9 -20 -72 2 -2 85 -51 -82 95 -61 -19 47 37 -22 6 32 10 -25 -94 15 93 -38 -99 62 7 88 59 60 -76 -87 -22 -86 47 55 -24
24 84 -73 -21 77 -83 -9 -92 19 -6 -13 -55 72 49 44 -6 -15 67 60 95 58 -79 -35 -16 46 -25 -5 -52 -57 -53 73 -35 -32 -10 21 3 87 1 9 66 22 82 -33 -63 -87 -8 -68 29 -47 -28 -82 -8 -27 15 -30 9 4 -2 -67 62 0 35 54 -4 -13 89 38 26 -79 -87 85 3 13 -19 -50 38 -40 -56 74 7 12 52 -21 10 -36 95 -80 47 74 -12 44 -26 70 -74 -45 54 34 -83 -38 99 14 -32 33 81 2 8 72 -76 59 41 79 84 -10 25 5 -5 -2 -9 76 40 43 -71 69 -84 84 14 2 74 92 22 66 10 69 -65 83 39 78 -44 -25 85 72 49 4 -76 18 -18 78 67 -16 68 -59 21 70 42 19 30 37 81 -18 4 81 71 -50 8 8 87 -40 -58 -16 -10 63 88 -90 33 -84 -68 96 6 -22 -16 -12 -3 -9 25 34 98 -69 -67 -95 -29 -90 -63 -42 34 81 -47 -81 46 8 -5 -14 -18 -40 -97 -89 -37 -45 71 91 0 74 61 31 -16 -54 -46 6 77 -44 -30 3 49 85 -70 84 -42 -70 25 -99 61 59 -19 -26 12 -84 -47 -69 -16 44 16 36 66 32 -92 60 -50 -80 95 51 20 42 73 -66 76 62 -2 77 66 -9 -55 51 25 -19 -78 -38 19 -92 45 30 10 -25 14 -59 -91 -77 -21 84 -68 -47 -53 -21 36 50 11 -61 95 86 23 -13 -9 14 80 -73 -52 22 -38 -10 70 65 -34 -10 68 43 16 -69 -55 25 0 -63 -90 88 -52 -35 -23 84 12 -38 32 83 -65 -96 -64 45 35 -27 91 30 -11 98 -8 21 -99 86 42 -2 -80 53 6 75 100 -97 29 -22 47 81 -16 -91 -13 84 81 67 4 -92 -38 -32 92 -41 8 -14 44 79 -42 66 -54 -68 -77 18 49 68 -72 -16 25 -5 -17 94 89 -55 -5 -17 69 18 -83 75 -84 -88 35 51 -49 -63 64 -41 -94 -91 63 -24 -16 -93 -89 14 -23 99 99 0 -43 29 12 34 -91 -16 -23 -43 59 86 57 -90 75 56 -79 79 59 36 93 53 94 -29 -97 -56 98 -56 -66 77 -79 -3 25 -58 50 10 -45 1 56 81 -94 57 -39 19 61 31
77 -4 -81 64 -27 73 -86 -23 31 86 -19 26 -81 10 -70 -75 50 -29 24 89 6 -100 -20 37 -20 72 -64 33 -60 -16 49 -100 62 7 -63 -2 -52 -95 61 62 67 -79 53 -70 35 -92 47 63 79 92 -56 -93 10 90 -83 -92 -77 -7 22 -56 54 -39 45 -62 -27 -97 -48 -76 -49 -56 86 17 14 36 59 90 -12 33 13 -79 91 -66 -54 -81 54 -17 -79 -78 -94 1 -81 35 -74 55 99 56 50 29 71 -78 90 34 -51 -65 54 64 -33 -7 -86 -61 92 3 -29 2 95 54 -90 -62 -46 27 25 15 8 69 -76 48 17 65 68 -68 68 33 -67 -74 90 31 87 97 14 -17 -63 -9 1 86 38 8 -5 -99 100 -4 9 77 15 -53 6 -93 -61 7 -6 3 -100 -40 18 38 96 -28 -94 -44 92 38 25 16 40 -22 -35 -99 -48 -97 64 -87 -18 69 -68 -74 -93 -28 -90 -4 -69 -87 71 -3 62 -93 98 48 23 -93 61 -68 35 -38 66 -20 12 46 -12 -11 99 -95 69 -57 -73 -73 -3 79 -5 41 52 16 -44 65 -21 -43 -32 -16 -68 0 -10 43 -64 36 13 -99 -9 1 -65 -63 -60 -18 61 -22 -14 41 -33 -60 64 -63 14 -20 -89 28 -37 76 3 44 38 17 -31 -31 13 -8 34 -74 62 -34 -8 -58 -38 -32 -81 -67 83 -64 0 52 -61 -15 -24 -77 36 36 -86 -33 36 81 -41 -72 65 -22 -66 -56 76 82 -83 23 4 -48 -45 -52 78 -16 29 -21 -59 65 -55 29 99 50 -5 -19 -73 -29 -19 78 91 56 84 -83 -90 -21 -71 97 -76 40 98 18 4 -6 -36 46 12 -65 25 13 -35 87 -30 97 -66 -28 -84 12 -48 92 -64 56 -21 -36 78 -38 72 -94 38 65 94 58 90 47 57 -90 63 84 -58 -13 -25 -36 70 61 47 -77 -81 -25 -52 -16 59 24 -17 6 58 30 25 97 18 -94 87 -76 92 25 40 -86 -34 99 -61 65 67 -43 -79 -65 -55 -7 -31 41 89 -96 76 -70 68 -94 13 -49 43 -76 -33 -41 -2 -30 -9 94 -22 -53 11 64 -90 99 -34 -13 91 60 15 92 -9 23 22 13 -10 -52 9 -61 48 -78 65 27 68 -82 21
21 -75 -20 16 16 -33 66 -1 96 -21 13 -20 98 -65 -38 17 -61 27 2 95 95 87 50 24 -97 6 -72 84 -95 -34 68 13 32 -44 -83 82 0 -42 90 2 -39 -10 61 -23 -71 -5 67 23 93 23 25 -50 -75 23 -68 94 92 55 -54 -35 -2 89 -85 62 78 -20 -15 -17 -45 76 -44 -44 -1 39 26 21 -51 9 -11 -1 80 -59 -67 -27 -55 14 26 36 7 16 -18 -75 -81 -27 -72 36 -1 76 -72 55 -22 92 96 -1 61 48 -70 -52 83 -10 -76 57 75 74 75 -40 87 30 -14 -43 87 67 -70 -99 -76 -25 56 17 -90 -16 5 21 -11 80 -78 35 -81 100 98 64 6 43 15 -45 29 56 -64 9 -72 -96 -23 28 83 98 -36 -22 74 36 -37 94 100 73 -61 48 -9 -89 -17 5 40 -18 17 -12 -72 -49 -21 0 -36 79 34 -29 -6 -82 34 8 76 -92 -36 67 68 -45 41 50 -82 29 -18 -69 -30 35 1 56 -76 -52 85 -22 -43 49 -74 34 78 29 60 4 -57 0 42 -86 72 67 -33 -11 61 91 91 -24 77 -12 -8 -97 -22 87 10 79 -14 -65 -51 37 7 -85 32 -79 -53 76 74 -3 65 -89 44 -33 34 46 46 -89 84 -62 49 100 5 0 -69 -11 36 17 50 -41 50 -11 64 -82 0 -49 56 23 -94 -3 9 -33 -46 -84 -8 1 -37 -68 -97 -49 -1 -100 -9 88 34 -7 81 19 -18 80 71 16 -55 -23 91 97 -29 -36 5 43 -84 12 -39 -91 50 72 24 -84 -39 -22 92 -47 47 -48 -33 30 48 -17 -95 -42 -16 -34 -75 18 81 17 19 -9 -24 -34 -39 -60 91 -75 -72 20 70 86 54 -68 -47 -61 44 -93 -58 -7 11 -83 2 -84 96 -55 -54 -40 39 -23 85 -22 0 91 56 64 -84 88 22 49 27 2 -59 -83 -76 -21 63 57 37 -99 32 4 -8 -4 70 49 54 90 -67 62 59 -77 -33 2 -95 55 -18 -9 -92 -98 -76 -72 88 27 -99 -89 67 45 78 -47 -93 -60 68 -5 -17 -42 11 -81 -39 -87 19 -33 89 66 -78 45 39 38 16 100 59 66 -61 93 -74 -90 -33 46 -7 -30 80 -30 -64 -79 75 100 18
9 -66 64 -41 81 15 91 -36 39 -84 -43 -5 -76 -66 -15 78 43 -5 -58 47 -50 -32 23 57 41 -59 -85 -65 4 -55 -65 -16 44 62 34 84 -19 -10 48 -99 -7 44 -4 14 22 -53 -62 9 7 -97 35 56 -22 -44 -33 -25 -39 55 -75 -7 4 -71 -16 -18 53 12 -9 98 -20 82 26 96 -63 78 -49 33 79 -61 -40 -25 -64 1 48 87 86 93 -57 49 -98 2 70 31 47 43 -1 -79 -61 12 76 3 -77 -79 64 71 63 80 -41 20 81 -86 75 -56 49 59 -95 -76 41 82 -66 -56 -84 -17 33 -66 80 -56 -46 51 -36 -31 -97 -86 -25 21 36 -39 97 59 20 -63 33 -90 42 -34 -28 -72 71 41 44 -17 35 25 52 30 14 9 30 22 -42 23 -88 -24 25 -74 -88 58 -27 49 -43 -40 43 -9 -23 31 76 56 -24 4 -96 54 19 -81 60 -91 -85 27 24 -39 91 -12 96 60 -41 -64 1 -81 14 17 -79 -60 25 -63 50 -93 44 29 69 -30 10 92 3 61 -64 -34 -19 -86 43 -84 43 -65 -73 63 -97 -85 7 23 70 8 -52 56 0 39 54 -55 50 52 78 32 -38 67 42 -24 -84 50 100 -9 -25 -58 66 33 25 -82 -20 41 59 50 -17 -7 6 -88 -19 91 1 -49 -81 -54 56 -41 26 -55 58 58 18 83 -10 72 40 -86 -71 -84 37 5 -30 42 -88 10 -65 -84 84 -71 35 -91 98 -74 -31 31 34 -35 3 44 17 -86 -67 84 -95 40 1 -95 -93 71 -58 49 60 -72 -52 73 12 -36 -100 54 -34 -99 68 53 90 9 -43 41 96 53 87 -14 -1 -14 65 66 -63 -64 86 46 89 69 90 -86 34 24 -9 34 73 -84 93 64 78 -81 -4 46 18 52 98 75 24 24 47 32 12 -85 24 54 40 -30 64 65 -6 55 94 64 -73 9 45 51 41 19 -41 79 45 -72 -38 -92 26 -50 -9 13 -86 20 -59 -81 -91 79 54 32 -52 -42 99 -11 -71 38 22 98 -3 43 70 -73 -1 74 -28 -28 -4 36 18 -99 -17 5 -40 -33 38 18 35 44 26 -68 -63 93 -20 -15 -31 -23 -91 -32 -69 9 -12 -51 63 73 62 -13 86
-4 -52 -91 -90 18 14 11 -8 -55 -34 14 -98 96 -3 -51 40 65 -32 99 -66 -31 16 35 17 -16 83 21 -3 53 71 -24 -80 -22 34 -68 64 -93 35 -71 -78 58 -83 42 -22 -11 90 -16 -15 -95 -31 94 58 68 -23 -32 98 42 -81 78 -21 -58 -90 94 -7 100 96 -19 5 73 -36 -52 94 54 97 42 65 -93 50 -13 -67 83 -100 76 38 -80 1 64 68 84 67 50 -19 -24 -14 31 88 11 12 -94 82 84 97 20 0 91 -27 -7 24 18 -62 -79 -54 18 -84 -29 5 2 89 7 -59 -84 59 89 -99 -77 52 35 10 -17 -78 -27 -59 -83 18 20 31 70 56 63 -49 49 -84 -52 -78 85 86 78 -41 91 16 -21 -36 -23 -30 26 66 34 56 -19 -30 -20 -99 -25 79 77 98 6 -65 -39 55 -80 77 -39 6 -30 58 -33 -86 -56 -24 -58 -12 -37 -26 54 -57 -2 -32 34 -65 84 100 48 79 15 -52 45 -59 -30 21 72 -4 -65 -97 -27 -75 45 -81 -32 -60 92 -48 75 -30 51 -57 -96 -11 -83 -75 25 22 -23 -96 -80 49 100 32 -85 -17 53 9 -20 -55 -98 -100 64 -58 -94 -71 -40 -36 38 55 -44 18 -2 91 -99 -8 79 -9 58 16 10 -78 56 -81 -4 -48 86 -26 69 5 -38 -57 39 58 -64 -2 -41 79 33 33 -29 57 -11 25 -62 -14 -74 -15 -77 47 -1 -5 13 63 44 -6 -62 -11 87 75 73 -48 -93 -98 51 -6 99 -3 -12 22 61 -40 -15 97 83 -85 -41 61 -63 -19 -28 85 -19 -26 -1 -97 1 31 93 -29 52 -62 -80 -72 80 85 -57 -85 65 46 37 33 -53 -18 -50 96 66 -85 22 94 90 37 10 38 31 11 -92 53 10 -93 -91 -98 -45 11 51 -86 -37 33 -25 96 -27 49 88 57 21 56 -63 48 -30 -56 25 27 -91 -27 -6 -91 -64 -31 6 -70 -16 -19 -19 -4 -93 -71 27 -72 82 15 23 -64 36 -35 -23 -40 -84 -74 45 6 64 81 -71 -36 -8 -86 97 -41 20 91 -81 -74 -44 -6 27 27 -24 97 89 59 -73 -90 94 67 -70 20 -40 -65 0 -1 10 75 -94 82 -82 -15 -90 80 -13 -43 37 87 -7
-56 50 -22 72 30 -87 65 -7 -84 -38 91 -7 -77 -67 -60 -87 -18 -4 -63 69 -88 -53 -63 -66 95 -27 9 -52 -98 -68 71 -32 -17 50 12 5 65 34 -27 -61 29 4 89 1 -53 -19 31 67 -48 63 -68 -5 -45 -44 -44 64 100 33 39 -75 2 -99 81 58 72 16 -52 74 82 96 25 45 89 -1 -84 -13 -85 65 33 84 -23 -12 55 34 18 -2 98 75 -67 -42 -52 69 -71 33 49 73 65 -51 97 7 -61 -94 38 76 62 6 44 49 -25 -54 -33 -64 -64 -31 -52 -92 -13 43 51 -12 -16 -12 -88 33 23 -15 -20 29 -2 -4 9 74 97 89 -21 42 -88 48 -37 -15 73 -11 94 39 -10 -90 -31 -30 -54 -61 86 -32 88 -41 -55 -61 58 85 2 44 3 27 17 63 -37 43 -16 -10 20 -62 100 34 -97 -34 -65 -45 94 -94 -99 40 0 55 75 93 52 -42 -36 36 -78 -46 -84 39 -34 58 -66 -79 98 -94 -21 -23 13 -43 10 -75 -8 -82 28 27 21 -10 -84 56 -59 -39 52 53 -50 54 -6 -54 71 -64 -74 92 91 -95 -4 96 78 -70 -83 58 -18 -25 47 -21 -40 -42 -43 -22 65 -38 61 44 50 45 -47 -12 -12 -89 -59 -57 65 -48 -38 -32 85 -15 83 32 79 -54 53 81 -71 -94 -7 12 -86 82 -24 100 59 -12 1 19 -2 50 -69 -47 54 -48 19 -26 -3 -42 54 -74 -65 52 -31 10 53 -79 63 27 81 -81 17 12 73 51 -53 -15 -12 26 -31 66 34 -82 80 76 -37 -62 -13 -47 -36 -92 -61 24 -72 31 -3 -74 51 89 26 -24 -14 -27 -51 -62 91 95 -61 -90 96 70 -93 85 20 89 98 -34 0 66 -67 -34 -95 84 8 67 -87 2 73 83 -42 86 -100 82 44 -58 31 29 -68 59 57 43 -15 47 -77 95 75 -9 27 -98 -97 81 99 58 12 49 -62 -12 73 -43 69 -46 -55 90 90 20 23 -24 44 -63 -62 18 -15 67 -34 60 26 46 -82 -95 65 57 65 -84 -94 -2 19 87 31 -49 42 -46 -92 61 -2 -54 -84 16 -51 -70 -65 91 -36 -14 96 -39 -69 25 -44 -97 -57 56 -91 -76 -44 -52 51 25 -63 -70 -92
71 -82 3 45 -99 -52 -31 -70 62 45 -71 56 9 -57 -34 -48 -67 49 -16 -45 -59 97 59 10 -95 54 -79 43 6 52 -68 -32 4 -82 -66 41 -4 23 -36 -48 25 68 14 84 46 -47 22 -20 37 -15 -38 -28 74 49 -77 -81 3 -96 -3 33 14 -67 32 22 -9 31 -84 -21 56 -62 38 61 -72 32 4 17 68 -55 -91 -69 91 29 44 25 -100 84 -61 74 12 -45 -24 -8 -19 56 -60 -98 45 -49 79 -11 -10 36 -69 -59 -10 93 -14 -69 51 35 22 6 8 -74 -30 -19 -12 -79 77 67 46 -50 -20 -98 -95 -43 -16 14 -15 -48 -28 65 -61 -35 47 -65 -2 18 -3 78 90 -76 -86 50 67 23 -48 52 -45 -44 31 75 -97 32 46 -71 -25 31 84 13 -72 29 63 88 -68 87 52 80 -25 -13 5 -35 -42 -56 -50 58 21 37 28 46 -29 32 -87 -52 -87 38 43 -97 -39 1 -41 67 63 -39 28 29 96 -11 -48 -15 20 -8 22 -84 -78 -8 35 -68 85 -23 -87 40 -82 -91 50 49 -72 -1 5 47 16 64 41 -56 60 -95 40 93 69 48 12 78 -68 0 57 43 50 -54 30 49 6 -73 -19 23 59 -73 52 -77 -15 38 -1 -4 -59 72 6 22 82 40 38 -75 -43 -18 -74 -66 -15 2 30 -99 -14 44 38 -33 -76 -93 3 34 -60 78 9 -35 75 41 -21 -54 72 -12 77 -58 35 83 43 59 52 3 -89 91 36 -20 83 61 4 85 -95 -85 -27 49 70 -62 -6 -100 -36 55 -67 -90 43 56 58 96 92 -86 60 93 24 46 19 -98 71 -38 -36 48 -93 58 -97 -92 1 87 -61 -3 99 -4 -98 5 94 75 -78 -41 70 56 10 78 -35 36 21 -77 39 57 44 72 -77 -90 -57 -75 -33 -99 -83 72 39 -40 15 4 52 -4 -13 -48 -95 94 -10 58 -69 76 -21 9 100 -66 -16 44 -76 -11 82 51 86 71 30 -85 28 -3 42 -59 81 -4 -93 -3 83 -29 -63 60 46 -47 -40 5 29 71 -69 -69 20 23 69 32 -47 66 57 -99 -35 35 34 -95 24 64 -100 35 -73 -24 89 91 90 -3 -45 -36 -41 10 47 -54 -66 -4 -92 66 -47
-10 -10 82 -53 87 -95 87 54 -100 78 21 -1 36 -61 -27 84 -95 39 -6 4 77 -12 -76 26 7 28 -65 -77 20 -85 34 36 29 31 -91 -44 72 48 -80 -96 83 -59 32 70 79 -12 -7 -15 56 73 89 72 -55 72 4 10 21 35 76 -95 30 32 31 71 -39 -66 28 -92 87 -90 -56 -83 8 78 -80 11 7 -99 -96 2 39 99 -45 49 36 57 4 6 98 36 -47 -73 81 17 29 58 -97 80 -92 -13 41 74 -6 -22 37 57 23 -25 30 -52 1 25 59 86 -98 31 -78 15 -84 -41 70 -38 28 58 -89 -89 -77 10 31 73 17 24 -7 -11 31 94 -90 -46 60 -80 39 41 -66 -98 -23 66 82 25 -78 -82 66 17 -52 -91 -78 -37 24 68 87 -57 98 -49 63 56 28 33 63 62 -26 -43 41 51 -27 55 -29 52 77 -75 -45 8 -15 81 54 0 33 69 72 3 -94 90 32 89 53 -14 -2 -61 39 20 -6 51 -23 -21 -79 -19 -94 -91 36 14 37 45 64 19 62 32 -10 -23 -13 8 -40 37 -41 -57 -98 -85 -42 -28 -67 -37 -26 21 99 -33 -17 -60 -73 -20 29 42 -31 13 74 -88 88 86 92 6 -16 4 -91 -99 -90 -20 7 -52 61 79 18 -86 -25 -42 1 61 24 -60 64 25 34 -47 -47 -23 -31 -66 -7 20 49 -75 24 64 72 -5 61 27 68 -20 -9 78 75 56 41 72 -9 -24 -11 3 4 8 10 82 -55 -44 7 -84 -47 -42 -30 64 47 85 -96 -1 -91 -56 86 57 -72 -31 -28 -77 -62 -24 -97 83 19 -76 -11 -81 -1 -76 14 -78 -40 86 39 -30 -89 57 -17 -63 90 100 66 -92 24 -73 8 -61 -75 62 46 74 11 31 -34 22 -15 41 -7 -18 85 -5 26 -71 85 28 -73 -65 9 11 -34 -34 -5 -62 -72 92 -22 24 55 -35 -49 7 28 -78 34 -85 77 8 -29 -74 91 24 73 -29 -28 75 -38 -29 82 -24 -35 52 -83 17 11 84 -66 -84 4 33 17 56 -83 89 -16 56 -90 -86 81 76 9 -54 35 -38 48 -9 12 -22 -94 29 26 76 17 88 -53 -27 -21 97 72 85 -22 -57 -19 -38 35 -85 -32 -48 26
-36 -84 34 -91 5 84 80 -4 6 -70 -23 -73 9 46 -80 11 -89 -9 99 -70 72 -95 71 -52 24 -5 83 66 -86 5 -31 79 -43 83 47 54 44 10 30 100 13 80 60 -16 36 61 9 43 -89 -99 31 34 -12 -43 -20 54 -37 -67 -49 -72 -62 -94 25 -19 12 -28 58 51 85 -100 23 0 -57 -18 15 -73 -81 -18 62 83 -59 73 61 -83 -64 77 56 88 73 -71 -31 81 71 -20 -81 -17 -16 -37 2 24 -23 -71 32 83 -42 89 3 65 45 -43 56 41 -70 33 -89 57 -65 -75 39 -44 -36 -44 -12 -50 -15 3 -21 18 -15 -62 -49 -71 -97 -34 7 -98 -63 -65 -88 96 67 -11 -62 81 23 -27 40 45 23 -72 59 -49 84 34 31 -63 93 -60 45 34 -97 -27 -61 -16 -59 46 -4 -5 -6 13 55 -23 8 -14 82 -62 -73 -95 2 -44 -5 -96 -5 -100 -27 -51 -2 63 21 91 48 -24 91 90 47 2 -34 -61 9 4 -48 56 79 29 -80 52 -57 72 2 -10 -26 -80 -67 51 54 56 57 -83 -8 -4 -28 -14 70 -24 23 65 71 -86 -43 68 -59 -47 -61 28 43 -25 -55 -7 72 87 -70 5 -27 -22 40 33 -81 -54 69 -28 44 -32 19 74 -35 43 29 66 41 23 -40 86 17 -15 58 -1 69 -36 -49 -21 74 30 -83 3 -16 -57 -7 -7 -30 -79 -38 -88 -3 -83 -62 32 36 -85 -25 87 5 36 85 57 -57 4 94 27 -91 41 -42 -32 75 -95 78 77 -30 -36 -48 54 56 -28 71 67 86 -88 45 -30 -79 7 39 -81 -46 67 -15 49 -32 -42 -94 -26 61 -6 -2 -100 -46 -64 -44 67 -59 80 54 -31 -72 30 2 59 -52 -6 -23 -38 -94 62 74 -84 -85 83 -29 35 -43 -94 56 -50 12 -75 -3 -61 -85 -67 -84 -31 38 16 -22 56 24 95 87 15 45 -99 -59 -3 -86 -54 -90 -60 50 -80 93 91 72 3 -52 -68 52 77 -64 -21 50 58 24 -20 16 96 -43 -46 48 65 64 55 61 -36 99 -85 -9 58 -45 83 59 -54 -81 -61 -47 -42 26 57 -48 23 69 -36 -54 55 15 -19 -98 -80 -34 59 93 -91 93 48 85 -27 -73 -54 37
-13 -43 -25 81 -82 67 -57 26 8 -69 -7 -11 -100 -69 -51 8 78 -55 25 45 -3 -35 -26 -61 -24 59 97 88 75 50 -16 -89 -73 19 71 96 -3 -13 -28 -81 -31 87 20 -79 45 -32 30 -88 80 39 46 62 -93 -64 67 -11 40 -50 -16 -24 90 -75 61 -81 -88 78 -30 -76 -45 74 3 -99 99 53 -7 -40 -73 -1 44 77 46 -23 14 -59 24 54 75 -55 30 99 24 55 6 -99 -21 -52 31 -80 94 16 -83 86 -14 -94 60 -89 -44 -51 68 -6 51 -73 -95 -89 51 46 43 -65 48 -67 -36 -8 -27 -37 2 64 22 -11 93 10 27 -3 36 -12 38 -78 -70 -68 89 -25 6 91 -82 -6 6 -83 -53 -69 -66 62 73 37 97 -63 12 -11 -44 -16 -1 -23 13 66 38 58 71 -74 -46 98 42 89 46 31 35 -100 22 61 -79 59 -80 50 31 -94 -15 -36 48 72 98 37 19 -6 -14 53 28 -76 -94 -76 29 -42 39 46 -19 74 52 84 3 20 -48 54 -41 -29 -33 -22 6 -68 -27 -11 -81 -85 -34 -36 98 98 -56 63 -59 -98 74 -35 33 -40 -6 15 67 -91 68 65 -50 54 -67 58 -93 -15 82 43 95 -28 -57 81 -67 -82 17 -96 12 -44 82 57 37 93 -37 -30 -6 87 -19 15 -77 -85 90 -32 49 -100 -39 -47 -87 44 76 25 68 -36 0 -66 -15 11 98 -37 95 97 77 50 35 -88 -93 -32 42 59 -53 41 2 -43 -64 12 -66 -71 -27 43 -20 96 -48 94 48 82 -88 83 -86 99 71 3 84 96 -60 98 -27 -64 9 32 8 84 64 92 20 94 51 71 90 -68 26 -12 51 38 -5 34 -68 32 -10 -30 71 54 -40 97 -3 87 61 51 -68 11 37 -15 -82 -38 46 8 -98 -56 2 97 81 -40 -24 32 -46 70 -58 -91 -25 94 -26 -23 62 -8 -66 47 84 -49 30 75 9 -46 100 -26 -53 33 -18 -69 -87 -30 -17 -26 3 83 -63 -72 -49 56 81 -29 -24 -57 -71 4 -90 -82 -80 14 -61 21 63 98 24 -27 29 -23 56 -41 26 -71 -97 -39 8 -75 20 83 43 47 -77 -69 -95 11 -99 -28 78 98 65 -50 13 7 45 -21 -96
-12 -67 -89 28 82 -63 17 -77 62 48 22 58 13 34 48 -14 -20 12 43 -37 -56 93 -18 92 -34 87 -41 13 35 86 -8 13 -49 7 -76 23 -53 96 -17 96 63 -81 62 -90 -74 -89 48 27 28 83 68 56 14 92 -24 97 -90 -51 82 -59 50 85 54 -83 52 29 -95 0 -45 -100 -61 97 51 -43 -51 -69 6 69 81 92 -73 -50 80 50 -87 69 92 -46 -71 24 36 -70 27 0 -25 28 40 71 -28 -88 50 -81 73 50 88 42 58 57 58 94 38 -78 -34 64 71 -36 86 -12 -13 -83 -74 -92 67 -30 -1 -68 56 -9 21 8 74 -92 36 -62 -33 7 96 -45 -98 -10 -84 99 -54 -37 -88 5 91 -81 39 -55 -4 69 87 11 100 -82 72 28 -6 54 -98 72 -64 -35 -51 -88 -9 81 -67 90 -11 -30 40 39 -59 30 -82 73 19 54 -13 71 -94 16 -66 97 57 30 93 80 48 -33 66 -60 70 -78 -9 -66 -93 25 61 -39 -100 44 -86 -95 17 66 -53 65 89 -85 86 -41 61 -52 -67 -89 43 -40 7 77 -15 -40 98 3 -19 8 -91 23 53 7 20 6 47 -63 -20 -90 -61 -65 25 -77 -6 -43 30 13 67 17 -45 -48 -55 -41 31 55 -57 -63 -84 74 82 -35 80 67 -69 -6 63 -52 33 -50 56 -54 62 -50 13 -26 97 6 -93 47 -16 -96 85 83 -99 31 11 -18 -6 78 73 8 46 77 13 51 -58 -14 -6 -12 24 -74 77 -39 -67 -14 -80 -20 -76 -42 -81 46 -36 -1 -100 -53 26 -100 34 -47 10 79 -28 37 52 28 -41 51 19 -24 93 -67 -60 92 48 -95 48 -49 -52 40 37 -3 5 15 -17 16 54 99 3 -90 -89 80 -40 -81 -68 98 20 89 -49 2 6 41 -62 -31 -72 -22 -1 -70 68 -11 -15 -30 -12 7 27 -43 -3 10 40 -13 62 -32 -11 99 -85 15 61 -16 -2 -68 24 -76 -14 -88 -21 -12 69 18 -92 -11 95 -44 81 -100 -96 -8 -93 36 19 -59 70 -12 -39 -1 37 64 39 46 10 -67 8 3 2 -91 36 13 -28 37 -49 24 0 -66 37 45 42 -70 9 -49 -2 45 -82 83 4 28 22 -3 -50 -20 -93
-56 24 22 -56 35 -45 -73 32 48 94 77 -37 -40 38 -77 -40 -64 -41 -28 -2 86 -26 -37 34 -14 -69 -44 69 -1 68 -60 -17 41 53 -5 43 14 -63 53 7 89 94 43 52 -100 -97 5 53 69 39 45 7 46 96 -26 -37 -41 98 -48 13 96 45 -24 -83 -91 -69 -83 65 98 -13 95 89 36 -94 -74 72 57 -8 -65 -50 -64 -16 49 -32 -84 -61 61 -50 24 30 -80 -68 16 -58 91 -30 2 -94 77 -13 90 41 -45 -88 -88 -43 -99 -16 -9 26 -12 71 31 -61 39 6 15 -59 -62 -94 -11 -93 -98 -71 -23 65 -27 -33 79 -85 43 -46 48 -16 -71 -28 -15 -48 41 17 -84 -55 94 84 83 -13 -60 -100 -37 54 20 -67 -13 18 -37 -61 -19 32 -77 -6 -71 -79 -23 91 -65 22 -41 37 73 -5 68 -79 20 52 24 -83 18 24 48 50 -14 -55 80 -55 -48 14 36 26 -89 28 -16 -74 54 -30 -80 -69 57 -13 -28 4 52 3 40 55 -37 60 -62 36 -4 67 61 -63 -27 -51 -1 -36 7 73 -58 3 -44 68 -86 -63 -8 29 3 -91 10 -68 79 24 -62 98 18 -38 80 35 -77 -20 -38 81 -7 44 22 32 -14 47 16 55 54 -7 14 83 15 16 -44 -81 15 13 32 -2 10 -100 91 75 -6 21 -69 30 6 -23 -35 -39 67 -83 79 -85 89 -72 96 35 57 -18 -77 -80 55 42 -18 51 4 21 -68 49 -75 -31 -94 72 -21 -94 -59 -65 13 -44 93 7 -45 -27 -33 -98 -43 55 7 49 16 59 -61 -13 -63 -94 87 73 89 82 52 -16 55 34 59 76 -82 -2 -31 -56 84 92 89 31 34 27 8 -90 -83 22 77 -83 73 -99 -19 2 -38 86 26 13 -4 38 9 84 -60 63 94 16 90 15 35 -40 30 -100 -56 38 -51 -27 82 76 64 51 -97 97 98 2 43 54 -84 99 71 -40 -17 54 -37 -34 -38 -80 -77 -66 -8 -99 -64 -24 -52 67 0 -81 -82 23 21 -37 71 -20 75 43 67 -92 -67 83 69 56 72 -28 63 90 23 0 -63 37 26 95 49 56 -53 -47 -90 11 -37 51 -42 15 -27 -81 90 -50 -24 43 57 23 46 89 -97
-21 -94 -100 28 100 -52 -77 57 -14 -34 -81 33 -72 75 0 -90 -61 -10 70 81 50 68 -80 87 -17 50 -15 -77 -62 -69 -29 -21 49 -58 36 -97 -50 81 14 -87 -96 23 -35 58 -60 -21 -27 83 42 62 41 -21 -85 93 -99 -73 -72 40 -61 -25 31 29 31 -86 -70 -59 17 72 41 73 99 -2 13 6 89 65 16 83 55 -67 -11 -63 -45 -78 82 -58 48 20 62 -27 -19 -18 4 94 -79 -35 35 15 68 8 -15 -74 81 31 -45 85 -6 37 67 19 -8 74 -32 -28 -65 -69 -40 -100 -80 -5 -78 5 0 -64 17 48 50 -4 -17 -100 43 87 20 77 29 -71 50 -22 69 99 60 78 -89 96 -45 27 -44 75 1 73 -97 -86 -62 -97 52 4 30 0 21 64 -18 32 -78 74 -50 -42 -88 17 -17 73 45 31 -20 -91 -65 -86 -31 -100 -65 100 -49 68 -26 -10 91 -54 -96 89 -62 77 -17 58 -5 -31 -9 -9 15 -26 -95 -69 22 85 99 51 -1 -46 -50 -19 7 -41 -97 86 -23 -91 66 67 -31 3 -90 -91 68 -11 -34 -52 18 -36 81 -66 29 -67 -92 5 -69 -34 -24 -22 -98 -10 -13 -91 -1 -95 -28 20 -50 -88 -41 -78 67 78 30 93 27 44 -51 25 94 85 86 56 35 -27 79 95 -25 71 -4 35 -76 60 1 65 8 -61 -7 54 -23 80 -63 59 40 50 -54 93 -91 41 38 -73 -92 16 -99 -26 1 22 -43 -11 -41 69 -62 -68 -92 64 3 91 29 67 90 26 -59 36 -58 -37 -90 -14 -67 -28 4 -62 15 74 31 -18 -72 -15 91 68 -67 -73 48 -10 -56 -95 -87 -45 -69 -44 16 71 -69 -72 -52 -32 80 -49 -55 64 -67 54 -36 -60 23 46 56 -92 11 27 -42 32 -84 2 -24 -55 4 53 87 -83 80 23 -91 -69 -63 29 24 93 27 -79 -74 -78 99 39 -96 97 -67 29 65 96 -91 -34 93 -33 -87 -73 -97 6 -42 -68 90 70 -63 -64 6 68 -15 32 -92 -19 -86 82 -87 -71 72 -41 -45 78 68 58 -67 7 -69 64 17 -82 -51 -16 36 52 66 -96 77 -97 -77 62 74 -55 98 -5 -94 -15 -24 -42 -78 -19 81 -67 100 -18 -44
9 82 97 -16 -34 -64 -51 -42 -43 -24 83 67 -35 -99 13 -86 -40 -26 -18 100 -51 44 -53 95 -82 3 19 29 -52 -59 -37 -41 41 -38 -58 -23 -10 -76 81 -31 -80 19 12 82 18 -67 88 69 -34 21 -41 88 -53 1 -36 -14 -50 -99 -11 35 65 41 74 74 -79 -41 85 -36 -53 -27 5 20 -21 53 78 57 -28 -17 -39 88 -72 -60 -10 -51 16 37 -67 43 -15 -47 -21 -25 -23 -19 24 -36 -23 -34 -86 -13 -23 86 -47 0 22 73 14 -39 69 -38 -9 -17 35 38 -35 -67 58 -51 97 -63 50 -30 -67 58 -42 79 10 -44 -11 -71 -18 -61 -79 -90 19 -33 -97 66 77 -40 1 -96 -23 73 67 69 -43 100 -82 -21 -92 -100 44 -75 -93 -57 15 -59 26 82 94 -76 -44 -16 98 15 15 -72 47 -44 74 92 85 -33 18 35 -1 -30 -18 -48 47 97 55 65 -86 -51 18 13 80 36 -15 -38 -63 12 -90 28 -40 -4 -83 51 65 61 -85 66 47 -35 47 -40 76 -65 -39 66 92 -64 76 -16 63 95 53 -11 -62 46 73 48 27 -31 35 35 41 24 -3 5 -80 -70 -43 9 -92 -43 40 -78 36 14 75 -50 47 -68 45 53 -10 33 -59 98 -87 70 -86 -97 -18 13 45 58 53 29 -16 -53 53 -33 -34 47 75 -69 19 92 12 -58 57 -47 -65 -28 -27 94 -17 54 90 -77 70 -88 31 80 38 12 -30 -5 79 25 -40 -41 -9 -41 -100 51 75 -47 20 -21 -65 52 17 -47 12 -32 -49 -95 -93 63 80 2 79 3 2 88 -12 -28 73 31 -92 -80 -70 31 29 -12 66 -11 90 86 9 71 4 90 -46 69 -86 26 41 -40 44 -82 -16 -66 7 -23 -17 -20 -98 -45 -53 -88 66 8 39 66 17 -100 -22 -8 15 -97 -51 -79 91 50 40 -76 -14 73 -71 -9 -80 45 33 -54 -47 0 23 -81 20 -34 46 -37 36 40 83 36 49 80 -98 68 25 -81 -15 -81 -69 -58 -24 -56 28 49 -96 29 46 9 -2 15 35 -63 5 77 -18 50 96 -19 85 -73 46 96 100 99 -97 7 -89 -88 -22 58 -49 67 56 90 46 72 84 -43 -36 -33 9 -37 54 -6 -74
59 87 14 -1 -97 -96 100 -10 -95 -34 82 -81 36 -29 100 -6 80 -42 -66 -82 39 -70 -22 14 92 -86 -73 99 -57 -96 92 55 75 48 82 -11 100 33 -33 -86 82 6 -87 70 25 14 79 -48 16 -48 -1 42 57 51 -4 72 -86 42 54 -58 52 31 -90 64 8 -25 -74 -87 -85 -76 -65 -17 69 -55 -44 58 40 4 -16 -39 3 37 12 93 -23 88 -67 -8 48 75 12 -50 52 -82 -50 15 -98 -95 -16 -48 -8 -40 45 -51 -33 -15 -41 -60 24 8 -42 70 -57 7 71 -38 -3 -24 -95 -87 57 -35 -83 66 -93 -31 -11 -42 -37 -55 -35 -84 58 70 -31 8 50 -8 -99 -49 -27 -92 83 -55 -97 29 68 79 61 75 -58 46 36 -81 -83 -84 35 67 70 -45 -13 33 67 76 17 -87 80 7 -82 5 61 42 8 -90 -2 94 8 -33 -6 -47 -82 -45 -47 29 24 66 -99 7 -66 -65 55 -52 15 -11 -41 5 -84 -97 -60 -16 -24 -71 74 -78 72 97 -69 -46 69 85 -20 27 93 -68 75 -8 61 66 77 47 20 -21 -80 -41 -36 -73 56 45 40 33 5 38 -62 -72 57 -62 44 28 42 -29 33 21 40 7 52 -20 -1 -77 63 -52 3 0 23 51 -10 -98 83 -81 -68 -26 81 -36 7 52 27 1 25 -65 17 -17 -9 -48 37 -82 64 76 4 79 -68 -78 22 77 -47 73 35 -85 84 -74 26 -66 -68 -83 -28 -4 28 20 -19 22 33 -91 -51 -92 -89 74 78 -27 -44 -39 10 -36 22 -7 -10 31 -30 4 -44 2 52 43 -30 -80 81 -61 92 17 -8 78 61 60 25 -49 6 -11 12 -32 2 25 24 -92 -24 99 13 11 -83 70 77 -47 39 99 12 -57 -70 76 -79 -35 86 31 55 12 50 -71 15 6 82 -14 -48 87 97 -36 35 -87 96 1 -76 -77 58 -33 -25 78 84 -85 -14 63 -22 46 -73 29 47 20 -12 -3 -43 -24 25 37 71 -18 85 94 -4 -94 2 11 87 -14 -14 31 10 32 57 26 -17 58 37 0 45 73 99 90 -42 -24 -77 8 59 -91 -100 64 49 -24 68 21 5 -68 19 -2 -90 51 60 -22 19 30 -54 77 -69 89 -19
-41 80 76 88 56 41 -81 56 -54 86 -16 -84 -48 -15 -20 69 -98 -52 30 -14 27 50 -30 -94 1 7 68 -1 -99 -40 -86 -32 3 0 -9 81 -93 -2 68 -10 83 -75 90 -63 74 -15 -99 -17 -54 97 -22 -78 -94 96 -9 -1 -70 -15 100 85 -54 -35 -31 -27 -95 6 95 -24 46 -2 84 -72 -44 20 -35 42 78 -77 -3 -45 -32 -14 87 -37 -46 64 -94 72 38 -25 -85 7 75 75 54 -70 -2 -11 -34 88 60 -12 57 -80 96 74 -89 -5 -87 -19 100 79 -57 -71 -23 20 -99 -36 -10 -28 -95 22 -67 -3 71 -84 86 50 60 -38 -76 54 -40 38 53 -83 -28 -22 98 -26 0 44 40 -81 -64 62 -11 -94 65 -22 24 55 96 -85 -78 -85 25 95 15 -34 -7 24 10 24 68 -30 -23 35 82 48 -53 28 85 45 52 -99 34 49 76 79 -6 -70 -75 94 54 -27 34 1 -28 -35 -10 100 85 1 -30 -4 89 79 19 64 67 32 -30 -24 -80 52 -25 -29 33 59 51 -70 -70 -51 -67 98 33 81 -89 -28 -35 9 -61 -47 -44 56 -70 12 -94 -32 7 64 73 60 6 -73 77 -70 65 -71 86 61 -6 33 -61 30 19 69 37 70 19 -89 23 -97 65 -93 60 66 -21 -57 19 -85 63 -53 56 32 58 24 60 88 -98 2 39 82 -89 84 15 83 -13 65 -2 -5 72 35 -84 86 29 32 -13 -13 66 52 70 73 -27 26 -89 -52 69 10 -61 -55 -35 61 -23 85 -60 -48 92 -96 81 -89 -93 85 48 75 65 64 -65 69 55 89 49 -94 -46 38 7 50 -87 88 55 -84 24 -15 96 -55 -29 48 26 -58 54 39 18 -50 43 58 92 26 -88 -84 54 -30 48 -59 -66 -24 24 -27 7 -2 29 -63 -91 78 48 -98 35 14 -31 -10 -44 -63 -90 -44 -50 -65 -27 -84 4 -57 -28 58 -23 -71 38 -16 -97 -47 33 -83 -92 -33 -49 -77 -2 81 -69 74 -86 58 -72 -12 -94 82 25 -56 -26 23 10 -45 -33 56 -66 26 31 88 53 -74 98 78 -54 46 5 77 73 8 26 33 77 -77 92 18 -3 -86 -89 -96 -33 -33 22 20 -19 12 8 54 -17 69 35
-16 -41 -41 -27 -58 -53 -19 -12 65 -96 -78 -85 -31 59 32 -72 -82 100 8 58 94 50 -13 42 4 64 29 -7 73 34 27 -45 70 58 6 15 -70 68 -48 -60 92 17 47 -71 53 -81 -80 -81 64 -99 -19 42 -68 -67 16 -5 99 79 -50 -46 -65 -69 -41 -8 15 52 -62 85 -20 84 -49 -69 10 -20 -22 75 -67 -20 40 2 -85 35 1 -18 12 61 18 100 -29 54 -38 58 54 6 83 -44 -96 48 -97 -20 67 79 -27 19 87 5 92 8 68 -99 -83 61 -2 72 -9 47 70 33 -41 -64 82 64 26 88 45 -70 23 38 -23 -69 54 74 86 75 99 -27 29 -29 55 -47 -33 -20 72 -56 -24 67 -52 -3 -61 -1 -78 5 -49 43 12 23 75 55 14 -37 75 -89 -91 25 0 0 61 36 -63 -48 62 84 76 -61 -84 -37 20 -12 -26 -81 5 -40 -69 -92 2 -63 25 -83 -10 -82 35 -13 84 22 78 9 -99 11 45 -29 -95 -21 -46 -18 -35 -27 -97 -39 26 -65 -36 16 -53 -77 25 26 -48 -68 -43 -47 -11 17 58 -99 15 -18 78 -17 -78 -99 -88 -86 -84 94 41 -37 52 -23 -18 -84 53 84 34 -37 6 18 27 -1 -10 -13 -25 0 26 -12 -47 2 -86 78 38 -4 -33 49 51 -56 -60 -20 68 61 -61 49 -44 32 50 -74 10 44 -44 -15 -24 87 52 100 10 50 87 71 26 13 61 71 55 35 -49 25 -61 -51 -8 -74 -61 41 59 -73 -54 -92 -33 35 -80 64 -60 64 77 -26 30 27 -49 82 24 22 -8 3 -76 -85 -78 9 -52 -40 34 -16 87 96 18 98 -62 46 30 86 -9 57 15 -16 -28 -36 86 30 71 2 -89 68 88 -33 18 31 89 80 38 -100 83 9 -41 43 -10 28 87 91 1 79 -47 66 92 -6 61 65 82 35 73 71 -68 -15 -46 13 -25 24 -47 -36 -32 72 42 -51 88 -41 100 74 -69 50 41 -12 -83 -18 76 44 32 -91 -92 -1 67 33 -67 -94 74 -90 54 -4 -12 -35 88 -60 -80 16 54 23 -60 65 58 6 -42 65 99 -69 0 -23 11 64 38 15 83 21 -43 -44 -45 41 26 58 -72 -18 28 -7 -92
5 -59 -44 -50 5 -2 70 19 -63 -92 44 -36 -64 91 83 97 -27 -41 34 -27 48 76 -89 -69 13 -58 -41 88 -74 56 43 -75 80 33 82 -60 16 18 65 -17 86 65 84 -11 73 75 -31 -2 -49 86 -31 -42 -99 2 -100 3 93 21 -6 30 46 -75 -83 -62 7 32 11 54 31 -28 7 0 -17 -75 10 37 -89 -47 15 -22 -60 34 65 -28 -95 19 -31 -20 -69 -50 94 -35 28 -45 -83 -73 46 96 -7 -92 76 57 19 -84 -61 -77 91 59 3 -28 -78 -46 31 -87 31 91 32 -98 -44 57 -6 -68 13 6 9 79 34 -5 64 -61 -72 16 -50 -6 -18 -5 -25 -42 -77 -95 10 56 -5 38 -73 -46 -43 14 92 45 36 57 -16 16 -92 -84 -10 81 45 11 11 -60 -13 19 69 100 36 -28 25 30 69 100 -72 38 -64 48 -73 -41 53 84 4 50 -96 -69 -64 81 29 -17 50 62 -46 -5 35 -64 -44 -59 -88 -52 4 57 60 41 -35 -58 58 -80 -86 -33 -21 -99 -50 -60 -35 -34 1 89 -1 68 -59 -12 92 -44 -41 93 67 78 -59 31 95 -90 18 -73 -6 -68 50 -42 -23 82 24 93 45 93 34 44 -99 -91 -12 43 18 91 88 -89 90 -44 -87 5 -78 -55 -46 83 60 37 91 -47 -52 -45 -20 -49 95 -65 69 89 -72 -37 -42 14 -55 62 52 95 23 87 -50 83 -86 21 51 -80 -58 -47 7 88 -94 -58 34 -8 -84 -55 2 -68 -36 41 50 64 -80 -80 89 -19 -1 -20 44 -12 37 26 -87 28 -2 -46 24 -27 45 -86 -42 -79 -34 27 49 62 -17 8 49 -73 -90 -52 78 -9 47 -76 37 35 -93 -19 0 -76 22 36 26 9 -35 30 -34 -41 -52 74 72 62 -36 -25 97 -71 -53 34 -30 -20 72 -1 49 -46 2 -38 45 16 91 19 -97 -80 21 92 87 68 77 -38 -87 62 -57 -56 83 9 -85 -20 21 47 1 -67 -64 17 -96 -96 88 -92 -77 91 -67 77 -43 4 -97 -4 56 -56 -96 -39 2 55 9 -38 -7 -16 -87 -47 16 69 -14 30 50 55 -15 -64 99 -65 46 -7 33 56 -87 -83 76 -14 69 13 56 40 53 -74 -75 -32 59
53 13 74 79 37 -63 47 -21 -53 -17 -45 7 -1 -60 87 10 6 30 2 85 91 13 74 -70 87 0 0 -29 -96 49 21 21 52 31 31 -89 4 -38 25 46 90 82 -52 -85 49 68 95 23 79 -81 26 31 94 -64 34 -74 -61 20 57 46 32 45 -54 67 -100 -23 -37 77 64 -62 31 -15 -19 31 13 -54 -64 57 40 -41 -81 100 -91 -16 83 1 -25 77 83 90 27 -2 -15 61 48 -94 52 -7 -34 49 -72 0 -15 17 -78 16 45 90 -99 0 -62 -32 7 67 -97 93 23 -48 -2 21 20 -9 -62 -28 -93 -21 -94 16 99 73 -50 8 -3 73 64 -16 69 14 28 55 -45 73 18 -93 -62 16 62 3 -22 -83 16 -46 37 67 -22 9 34 -37 -1 -54 -73 -97 -69 17 -77 -24 12 38 2 -19 -37 -59 -72 -40 96 -63 -69 11 -67 0 -51 -8 97 71 -77 75 -87 -48 -4 64 -36 59 -90 27 25 65 33 -83 41 1 13 -40 44 -27 40 -16 -35 -12 -29 -91 21 -74 -14 98 61 33 40 32 62 -23 -2 80 95 -3 89 -41 55 -16 -70 -36 91 -34 -98 -3 4 -81 82 -21 -31 -88 -25 -63 98 99 70 21 -23 87 -100 64 40 49 83 62 24 81 28 -92 38 -14 -43 -55 95 -10 97 -25 -15 -58 -77 -91 -54 -29 -69 21 -30 77 -58 12 85 61 27 92 34 70 -51 19 -41 22 40 -56 98 -26 62 -59 -5 -82 14 -33 -91 -45 -37 6 23 -61 -99 36 -90 -86 63 73 24 -52 3 34 26 58 -67 68 -42 96 -60 84 46 -83 -33 -31 -69 -62 -9 76 78 79 84 -53 58 -4 1 -33 -65 50 74 38 15 50 -79 -72 76 40 55 -96 -66 -88 -6 -71 85 96 74 -14 25 71 -7 53 -18 -14 -12 48 53 -22 63 -86 -86 93 -69 -17 -42 -70 97 -78 6 -56 95 5 80 -28 -82 90 66 9 -88 93 -20 6 -70 63 -92 -24 -90 -55 81 89 -94 30 -73 -11 -14 23 66 5 -71 7 76 18 -47 34 34 -13 73 -99 93 -77 73 -13 -6 -3 -80 18 -44 -8 75 -77 -40 -47 -49 51 14 -40 -90 46 -86 55 6 -5 87 -10 -35 -24 100
79 24 70 -86 9 -15 36 42 -39 68 89 80 -63 44 -62 97 11 -30 79 72 -36 31 21 -12 7 -73 42 32 -53 -35 -84 26 54 86 3 15 33 40 16 -49 3 -80 -91 71 47 37 -26 57 15 -8 2 -25 15 17 -27 -68 53 2 -37 7 -41 21 -89 27 57 19 13 -29 37 -91 80 -18 63 25 -25 66 35 5 58 -79 77 84 -44 75 23 6 31 48 -55 79 -38 -67 -9 -74 10 -21 55 -94 56 -21 -30 87 57 -33 -10 73 -27 -88 -1 38 -34 39 -54 68 12 -74 37 38 44 47 -55 53 1 -64 25 66 -96 47 -86 -84 -93 60 -91 45 2 12 58 46 78 -15 -79 14 -31 16 0 -54 -70 65 32 89 -65 47 -68 -38 -91 53 -39 -54 20 24 -17 -9 37 47 -77 4 -14 -100 -1 88 0 32 -100 81 44 -51 95 -33 0 87 -10 -90 19 -97 10 -40 -80 66 14 -99 93 -27 53 96 62 -25 70 83 -86 -50 -69 67 42 -72 73 -32 50 38 -96 -73 -77 93 21 -66 22 -24 -79 17 -41 47 76 64 -41 -59 64 8 -67 -90 48 55 87 92 -64 9 66 70 -76 -99 -63 -37 -22 -49 94 10 -44 1 47 54 84 95 64 59 -37 -99 64 -84 18 50 -48 100 -89 -42 93 -22 19 66 -47 -89 6 41 -54 -23 23 37 -90 -46 -4 -38 14 -58 28 47 -6 70 95 66 60 -88 23 98 -17 -90 48 50 -67 -85 100 79 29 -21 5 -45 -7 44 -36 56 -91 74 33 -65 0 -96 82 41 -32 96 83 -4 -45 5 -43 60 44 45 90 4 0 35 -3 -77 11 64 86 94 62 88 18 -51 58 58 -25 85 24 -96 43 -37 -48 -13 20 35 79 73 -51 -3 79 24 -5 -28 -12 -31 25 -71 -1 -35 2 -22 3 27 40 48 -17 -76 89 -33 -40 -16 -32 30 65 14 -2 -24 51 -88 82 71 -87 48 93 -5 33 87 -3 -95 -5 -85 -70 4 28 -32 -16 12 -9 -78 85 28 -9 30 81 -90 -85 11 -64 96 62 -4 -18 92 69 -67 12 67 87 93 36 48 -45 99 78 91 67 1 -76 92 5 -96 87 49 29 74 76 -40 -57 -26 30 -52 -74
56 -78 57 -58 -1 -64 -78 -8 -28 100 52 32 -71 -43 24 -82 53 -68 -57 -100 21 -85 -61 -77 -43 78 38 -52 21 -72 65 4 -90 97 -41 77 40 10 -48 -7 92 -14 -55 4 33 13 5 35 44 16 -17 -12 -64 31 -55 -84 32 -16 39 -54 94 44 17 -4 75 -16 58 71 -67 97 -49 -7 36 96 -71 -46 -29 -93 -58 100 82 56 -40 61 -3 -77 63 -34 -44 75 4 -89 84 40 21 8 -46 2 -71 0 16 -47 -7 -17 29 -50 46 -82 -38 -26 84 28 65 35 -46 -47 17 -20 2 18 -37 -36 -2 -24 -40 -54 -69 -59 -58 91 -94 -65 -57 68 2 -14 94 22 -6 -83 89 -33 -75 100 -70 20 -87 86 -93 95 -73 63 -23 -59 -32 -42 29 42 93 -38 38 48 17 -53 -83 18 -79 28 3 30 69 54 42 89 -6 26 -83 -97 64 -81 -84 -71 -29 -41 -87 -37 94 -12 13 34 16 -100 -37 2 41 -23 65 4 27 32 60 79 82 73 95 -3 26 -46 -99 89 -14 -34 52 -46 84 14 -36 10 49 13 37 -97 39 83 66 -25 -92 -95 -58 -34 95 -27 68 23 -83 -24 26 54 81 20 -97 58 58 -10 95 -87 17 98 52 -91 46 98 -15 76 5 19 -62 -94 -91 79 -57 72 9 -100 96 -17 -37 65 90 12 8 50 -57 19 -81 50 -43 -79 56 -29 -68 63 31 62 -10 -74 60 -16 -83 -43 100 -41 -12 80 -11 33 -79 -65 -10 -56 33 6 -27 18 -79 26 -84 74 -64 71 -42 -96 -48 -81 69 21 23 28 -90 13 -34 0 32 8 -52 8 -70 -1 45 45 -86 11 96 -35 9 56 37 -40 6 -54 -79 76 57 19 69 93 0 -59 -10 6 -51 -68 -73 -93 -31 94 -39 50 96 34 -97 47 67 -27 -74 -99 -54 -83 -2 19 -78 -14 19 24 -7 79 -40 74 -25 93 93 96 -86 89 95 -71 79 -22 63 -39 48 -73 38 -65 80 70 54 2 -14 -82 -36 -67 -85 -29 1 -83 -97 94 -59 4 53 54 -53 14 53 13 -82 62 -39 48 -79 -58 35 -11 -68 71 47 -82 65 -38 -72 67 87 87 -50 97 66 -76 28 79 57 -63 15 -68 -93 17 62
-96 48 94 52 -50 -54 -54 40 47 -5 -37 16 6 59 -96 13 -41 57 11 5 35 44 -25 -80 -70 0 33 81 52 31 -1 -72 -35 -11 93 -84 -35 -20 15 86 -23 -90 -88 -4 -73 68 85 -15 98 -65 95 -12 -71 4 -34 -69 25 97 -47 59 52 86 17 91 16 94 -62 69 92 -74 -66 -75 40 -90 26 -7 12 -34 -7 -64 38 78 -85 71 52 32 91 96 41 65 87 24 -92 48 35 -58 -20 11 -91 -48 17 63 13 -87 79 25 -98 48 34 -54 76 62 34 60 10 96 -24 38 34 7 63 -78 43 71 52 -36 -82 -49 66 -24 -88 -49 -78 34 -9 -79 -49 25 -64 -24 -31 -97 76 -98 86 98 90 -50 -87 -24 -1 -63 14 8 -8 42 -54 -92 38 37 50 -91 41 29 66 85 -46 10 -43 94 -57 -40 35 -41 -32 39 63 23 -18 -88 -50 -95 -17 -12 96 -66 83 39 1 10 59 8 -24 29 30 -10 39 -88 -49 -43 -13 -21 -44 74 84 -100 79 -25 -83 -93 70 10 -2 20 94 -95 19 11 -64 -95 33 -64 -24 -84 -5 22 19 81 -35 21 -41 38 -59 62 -80 -72 35 13 -21 -37 -62 46 -35 61 59 -62 -87 30 30 10 -72 10 -47 42 -8 -4 -76 90 20 95 35 -12 -78 -56 -46 -100 54 -2 66 22 29 92 33 -8 -38 -61 -75 5 95 82 -100 39 -58 9 -29 -71 -89 -42 54 -28 -96 -57 -73 -1 -79 -23 90 -11 42 -99 27 -39 59 46 42 40 28 87 -48 -22 28 -94 1 33 88 -78 -39 -10 -54 55 -25 -66 85 -86 -12 -31 -68 -32 -28 95 10 12 -40 24 20 -49 -6 17 79 -70 -18 78 -99 15 72 -8 -51 2 -30 50 -41 91 36 -76 -83 64 -46 91 98 38 22 -13 44 15 -24 6 3 81 54 14 -27 -80 -63 25 -25 92 95 17 -59 -81 -65 12 43 -18 99 55 100 -31 54 69 95 -11 -37 -33 58 -43 -42 59 38 13 21 35 -23 72 -50 99 -34 78 -49 -44 67 -42 80 48 -26 29 -13 1 18 -40 66 -56 83 -4 -26 -41 -58 85 61 92 -90 80 27 -55 67 -54 41 -57 -40 -51 -48 81 -7 -97 69 -60 7
99 82 3 79 -18 15 -34 -92 -90 51 -58 -21 35 -96 65 -6 -36 70 -11 -36 -36 -48 100 30 -61 75 79 -35 43 -16 99 23 -42 -98 -82 40 3 47 -62 -54 -56 -78 78 -37 -40 42 100 62 -21 -20 99 65 -29 -84 -75 25 88 5 43 -82 -94 86 100 68 -70 0 49 45 -91 59 -87 -40 -6 38 33 71 -3 88 -21 -48 -56 -89 -79 -11 35 -65 -98 92 7 -26 -17 -22 -79 82 95 -28 -70 75 78 -10 -85 36 28 -58 -24 92 -51 93 17 -3 22 49 -81 95 -37 95 -2 21 31 -22 -94 -98 8 93 -28 97 18 -23 -16 33 -71 -60 72 -64 3 -73 28 49 -49 18 46 42 -9 44 -59 59 68 -27 -73 -50 13 -29 33 29 6 80 -16 -65 13 -35 13 -67 76 63 80 -46 59 25 -20 -82 -70 56 -56 20 100 -18 -76 -48 61 -22 29 -61 -20 37 19 -95 76 25 49 92 -5 -82 -49 -13 -11 -64 -29 39 89 0 -66 -4 -83 57 -79 -99 -55 -40 -2 18 -38 -93 -33 -19 61 2 -69 -74 -78 -55 76 -57 91 -9 -73 10 -57 91 -72 -63 -2 88 46 86 -20 94 78 84 69 -14 -30 -48 -79 74 -2 -38 18 47 -10 64 -86 -17 81 6 17 89 83 29 71 -36 -76 -15 16 45 -28 -31 -53 32 63 -50 51 -30 -10 29 -50 91 -54 -10 -29 4 1 -21 65 -99 86 12 7 -74 56 43 -81 -26 85 24 41 -25 8 90 -43 -99 -9 4 -77 41 28 -73 -88 -31 -21 -5 39 -85 -82 -39 35 -25 17 -89 10 -19 -93 -94 -12 -14 -41 -75 -10 74 -39 56 -65 78 11 -6 -69 98 66 6 72 93 -24 18 -34 73 -28 -76 -19 -76 24 50 -24 -25 -28 74 -41 61 27 30 -26 -92 69 30 88 -89 -17 -13 -34 -57 62 -47 -58 33 -57 41 -7 -60 -43 -79 97 31 89 99 86 76 80 -8 -85 -57 -19 -10 -67 -94 94 -18 -10 -79 88 33 -25 46 45 77 64 22 20 -27 -87 97 -33 71 51 66 -23 55 -80 41 -26 26 21 0 43 -39 -86 -87 -37 23 -49 -21 56 59 -73 45 -34 -47 -72 83 68 -79 47 24 -16 -2 -65 54 59 -9 17
13 -54 -95 60 87 60 -55 14 -27 -64 -46 84 -93 94 -67 56 84 -52 38 90 5 -85 -100 88 -9 -12 55 3 23 -19 11 -53 -59 -4 -28 10 -2 26 -33 -33 -18 -92 98 -78 -73 40 -42 -58 95 12 -42 12 -17 20 29 -80 61 98 -97 26 81 32 -25 49 12 -98 25 -75 -45 -75 -56 -74 -58 -27 44 99 14 -85 -88 90 18 61 -79 -13 17 -11 6 -65 -97 -17 46 -4 95 -100 8 -30 -79 -3 92 -49 85 -37 82 22 79 25 96 33 63 -4 15 -65 -31 11 61 -82 64 4 -33 -48 -63 -51 86 64 -81 -59 -64 41 86 -70 -71 -92 -87 16 -96 83 -51 -75 50 -33 24 48 -100 31 -35 -73 -62 51 -26 38 21 10 53 74 -42 15 -46 1 95 -75 -75 78 -67 95 5 42 67 23 22 -94 -77 48 76 -86 -76 93 52 -8 -38 -56 9 -58 -51 -85 -42 32 -82 -54 -41 46 74 -82 100 57 -21 -44 92 -69 -70 72 -3 69 68 -62 -40 79 64 -18 74 33 92 -59 -55 -25 11 -18 -75 -19 -98 -83 -96 -14 -18 -24 61 10 -96 77 -18 73 39 -52 91 -28 75 -64 10 31 -26 -1 -95 -24 62 18 33 -60 86 -83 74 64 20 -21 5 37 -1 0 100 -89 -56 -99 -38 62 -96 -67 -89 13 -8 44 88 70 -96 66 -52 -88 62 -48 58 8 -72 36 -95 -6 82 -37 84 -37 91 -43 1 92 34 -45 3 -78 -22 -5 95 -65 29 7 47 67 -16 -97 -95 -3 -88 -56 97 23 -19 24 -72 -7 32 -95 -5 25 18 39 -5 11 -26 -64 71 -62 13 -7 55 84 -86 -56 -60 -41 33 -78 -79 -55 39 76 -7 38 21 -81 28 70 75 70 -93 63 -98 10 -16 92 39 -86 -72 73 -55 -81 97 47 47 5 63 14 78 14 84 -36 -33 -20 -59 49 71 96 -13 -1 -33 9 -53 39 58 60 -15 76 -34 -96 -8 -99 -76 42 -19 36 -53 -96 16 11 9 63 38 -13 -56 93 54 -12 -4 24 64 -2 -10 -45 -94 92 -57 -13 -23 52 -17 95 -54 17 -51 -44 59 84 34 -68 8 61 79 -22 28 67 -71 25 -54 -83 94 41 15 82 66 -26 -83 -1 50
-5 19 -30 50 -54 52 -73 -74 -30 6 96 11 -34 55 86 -28 63 -2 -6 6 -35 -31 61 77 89 -41 -48 49 35 -75 27 58 -91 -20 50 -38 80 -2 -81 -1 -59 -27 -54 -5 23 -97 -34 -88 36 -18 -73 -97 52 42 -8 -50 -51 60 -99 -62 6 80 -85 -88 27 -56 67 28 38 -28 17 -82 49 92 -88 -48 22 1 2 36 45 -94 -38 85 71 51 -14 -44 53 18 98 41 6 -90 26 12 -6 60 12 44 68 -19 -1 -69 7 -77 -18 66 -28 -100 56 -53 34 11 96 -63 66 34 -37 -40 0 -99 89 90 -9 -54 -67 -8 89 96 47 50 -55 13 82 74 -48 71 63 47 52 -64 -6 99 -70 -8 27 24 12 -54 -11 66 -20 -65 94 45 8 74 -8 -93 34 26 -89 -92 -62 6 70 1 -2 -95 -26 35 -72 -93 64 -79 -43 5 -12 47 -94 60 -29 46 25 76 -83 -16 -24 -88 35 -76 94 -7 -24 -97 -54 -76 -76 85 -43 -74 11 61 -55 -85 16 -99 94 2 -1 -34 -13 32 81 49 85 -77 29 -47 -6 61 22 30 65 -56 90 52 17 79 37 -88 24 -70 -2 -80 85 63 -13 -40 45 -24 -4 -54 40 -77 -45 66 18 35 -93 60 -65 -26 60 59 -28 -88 -100 -29 76 99 20 13 46 25 84 -36 43 16 -37 -41 -61 -64 -78 -79 55 41 -26 63 -45 86 -5 48 -47 88 51 -23 -79 27 70 45 -54 -44 30 -67 -77 -27 86 93 -76 24 8 -53 -52 -57 -25 90 1 83 -7 60 -98 -12 4 -95 0 -44 86 91 35 38 -64 -1 18 56 61 18 -1 -94 66 64 92 4 82 50 94 47 47 -42 -26 15 4 19 -20 -56 -94 14 11 1 -20 40 1 100 24 -2 49 -66 97 -70 6 95 20 85 31 78 26 -29 -62 3 36 -63 90 37 -11 -92 -64 66 27 97 -79 -39 -8 53 24 11 38 19 72 -44 -58 -50 48 90 -52 90 58 -90 -70 -67 -63 93 -43 42 4 49 -88 58 29 -49 22 36 59 -10 -31 -52 -82 -2 96 -84 3 -84 -32 -48 -67 84 10 75 32 31 -12 66 83 3 -78 -37 44 -47 -77 -48 49 -76 -20 -81 94 -10 -96
57 94 -51 -83 -67 92 26 -58 13 48 50 65 37 -95 -16 79 -11 20 22 28 39 3 -67 36 -94 49 21 -80 -14 -11 -68 56 -53 14 74 9 52 -22 39 92 67 12 20 37 80 6 -36 -95 -61 65 -29 6 -80 13 66 -38 71 36 82 16 -41 23 -33 -57 34 3 -74 -89 32 84 25 32 -27 20 85 -34 -97 100 10 -45 36 -70 62 -31 11 41 97 2 -8 29 51 -99 5 61 -9 -81 -10 63 -28 -24 -78 92 -48 0 -29 -85 -64 -16 -7 68 76 -60 -87 67 -2 -55 -18 -50 -19 -89 -9 14 -24 -2 39 0 -26 62 49 20 -98 -21 72 -28 -44 -10 -100 -2 -14 80 47 -2 3 49 64 -19 -48 37 -58 -92 31 -62 58 8 63 -59 -18 86 84 49 -16 -77 -83 51 -20 18 8 49 36 5 99 80 43 54 62 4 57 89 87 18 -86 -39 -12 8 71 -71 -90 17 36 91 65 67 27 -46 49 10 -45 91 95 -88 -27 -21 86 6 27 -62 -94 1 40 98 -74 85 9 -76 -65 -96 18 -2 51 -6 87 -74 -86 -39 -65 -99 42 -68 68 -75 60 -16 -20 -22 17 -90 16 -16 72 82 -52 -26 -94 -34 -42 92 15 -75 88 -44 -98 90 -65 -26 -47 90 -18 57 4 39 -4 61 -43 82 -40 -66 89 -40 3 -50 37 91 12 -24 62 -43 -30 51 -64 46 -74 57 -59 -71 -53 66 76 -81 -92 56 -81 -20 -24 99 8 80 -53 -64 33 -21 11 19 49 -95 34 90 15 -31 53 -30 99 9 13 -3 -39 41 -21 59 48 85 67 70 -67 78 -72 2 -6 -70 -20 -12 -55 45 -58 15 -67 84 -33 95 9 -2 86 -3 28 -12 88 92 48 -13 29 70 43 -93 -16 42 47 -11 9 99 2 -95 -38 -28 15 9 33 -57 21 -38 95 -80 -32 0 -37 30 -86 86 -23 -75 40 47 0 -66 -58 80 34 -96 71 -53 10 81 83 -80 98 65 74 99 21 95 79 31 2 -81 38 14 -89 28 -82 98 -30 -90 89 -7 16 95 -42 -68 4 100 -73 7 82 -31 37 -11 38 -7 93 -54 -96 -2 -83 -96 -85 7 -18 68 55 -13 3 33 24 16 61 89 20 -52 39
100 -86 -58 22 -79 34 31 -38 -70 -23 84 -5 -88 -63 -87 28 46 34 55 34 16 100 -39 -9 -78 10 84 96 17 -84 10 -18 -21 -80 -73 72 -80 -39 -58 -66 -49 64 74 -3 -22 68 23 32 -71 24 -70 -53 11 79 -49 -8 46 -46 -50 -89 26 -77 -67 -38 -10 -60 31 12 82 8 10 27 -12 -45 38 30 -11 8 91 10 67 -6 -1 50 -99 60 91 -8 -5 72 81 21 12 -80 85 -39 -17 -25 -54 -9 -48 -57 -30 69 -18 30 -74 5 92 14 60 51 29 35 -88 -83 -18 -73 -41 -66 -20 41 5 58 -71 -22 86 70 52 -6 -46 21 -55 -88 58 64 19 -44 -51 -27 93 -25 84 76 -5 46 -29 -4 -70 52 -3 24 97 29 55 44 -77 50 -100 -93 -50 -63 -26 5 30 79 3 73 -24 -41 -77 -27 -86 -67 25 -15 68 35 27 56 93 -52 77 -30 64 61 49 11 -37 -30 -94 17 -15 90 12 -55 -87 89 12 59 -96 -69 70 -10 -94 49 29 44 51 85 -67 29 -60 -76 -20 -63 93 66 22 -24 12 -7 67 -30 64 -6 -96 -57 -65 -9 -39 57 0 58 32 28 -84 -31 56 -28 37 -2 -53 -39 -66 -71 -44 64 -87 14 91 38 82 11 42 -89 14 82 48 -92 6 -85 -71 -8 24 -45 -68 -17 -31 -74 -78 -59 12 -85 41 7 -45 68 -26 -19 -55 9 19 -38 -47 27 -88 98 18 -82 26 -85 38 -15 100 -60 -61 9 -90 72 28 59 -76 -44 28 -3 24 89 -3 28 -23 -28 -27 -88 -61 -14 35 12 -89 82 43 98 53 71 -48 -73 -29 -28 -73 -64 71 43 -46 -28 23 -65 -6 -4 50 74 -84 -9 -44 68 12 13 52 -13 -17 25 71 21 -2 -45 34 -35 -14 1 -88 -66 85 -58 -2 47 27 57 36 81 37 11 -54 -67 -38 -24 29 43 -2 -27 27 -52 -14 -20 16 44 3 -1 -3 -34 13 84 -1 99 34 44 -56 81 73 41 -37 -84 40 86 55 42 -65 45 2 -3 -70 61 -10 -28 74 93 -60 75 -82 -36 -71 35 6 -52 -99 -18 16 4 61 -30 -9 -18 90 44 97 74 2 -90 -26 7 -64 15 -3 46 -9 31 24 -83 29
3 46 -70 -63 20 59 93 -49 -100 38 -20 -45 71 -99 75 -30 31 55 -43 -97 34 70 67 35 43 -88 33 62 -100 -95 -26 -34 47 10 7 -72 -96 -58 -92 -61 -45 68 62 -20 -93 76 86 -33 93 -67 16 -19 21 42 9 89 -79 -35 81 15 48 -58 21 -12 95 -68 -29 75 -47 -43 83 -86 30 -62 -55 84 -81 77 29 69 -27 -58 27 53 -48 -36 26 8 12 74 -99 -35 -83 -56 -60 3 26 -69 82 98 -23 -50 56 -93 -52 11 -67 -77 16 33 19 -72 -74 4 -80 -51 1 13 97 -16 100 -31 91 66 68 41 81 -78 -52 -36 16 -90 6 -90 -10 -22 86 -91 87 -44 49 35 -14 -45 -61 -88 64 92 -87 77 -74 83 34 73 -87 -30 3 8 -9 97 -31 72 -7 100 -81 -90 48 17 62 60 -33 -48 17 -63 -58 -12 56 -6 47 9 7 -77 6 -30 -17 -61 -60 -21 34 66 -98 -6 42 47 -68 59 -30 -27 58 16 -66 91 -98 8 -96 -97 47 -14 95 55 -20 56 -91 95 -12 18 -62 89 32 41 -88 -1 35 -87 -1 -12 6 23 5 -33 -85 59 -20 -2 6 5 -90 60 -49 -16 9 -35 -20 14 85 72 4 -76 -43 74 -47 56 30 2 -30 51 -21 -54 22 5 78 13 -86 -72 -100 54 60 90 -97 -98 73 28 87 -100 33 70 -31 27 78 -45 72 -56 10 -70 99 5 15 81 51 -23 -84 6 14 50 39 3 70 -62 -90 66 100 41 51 24 -53 -95 100 18 -48 -54 26 56 -75 -45 82 0 87 -56 -61 41 29 -82 -9 14 -42 68 33 -76 20 -6 34 -90 50 27 -38 -86 91 89 -76 -93 71 49 39 -15 -100 23 -84 -71 -82 27 -9 8 71 -15 48 -11 -60 37 -16 -44 14 44 -1 -15 -17 -70 -44 72 -66 51 -59 80 -19 87 -84 1 32 6 -1 -57 73 43 -22 -42 48 21 23 24 -17 -62 98 -19 73 20 -28 -31 -74 36 -61 64 -72 85 95 -36 -85 -39 -93 99 97 -57 71 70 -44 6 -5 73 -71 -16 42 22 -5 16 75 -30 52 9 67 15 39 -30 -77 17 80 -55 -99 37 72 46 42 88 36 -78 -35 -71 -98 60 -48
14 98 29 57 9 44 -58 -3 -32 64 -61 -18 90 -53 -5 49 17 -57 -35 47 83 12 -70 -49 -34 79 -95 -28 13 95 -62 -11 -22 -87 60 -14 -57 -82 28 53 86 -83 -50 52 -13 -81 -89 9 -94 -45 14 83 20 50 -24 -66 92 -17 -82 27 87 -64 -43 -55 -70 91 -75 -99 31 19 85 100 24 -99 -35 -67 50 -43 11 34 -60 44 -29 25 -97 -95 -10 -88 74 -25 31 -93 -73 -43 38 95 63 -42 81 14 -38 81 19 16 32 92 -94 78 52 -25 57 -36 -33 -57 76 -48 -4 -40 -20 -34 -35 42 -16 13 49 84 -96 -76 73 66 -78 -35 84 97 14 -97 -35 26 94 84 -77 74 -18 19 3 88 -65 22 -50 -85 -79 -73 96 47 -4 88 -34 82 -42 -2 24 89 53 -28 87 61 58 41 79 -32 25 -32 2 -92 87 65 -87 91 80 -99 -66 -19 -41 45 14 -89 -18 -96 86 -72 24 44 7 -75 93 -31 96 91 -22 -80 47 -29 64 28 75 42 15 16 64 -41 4 87 -19 -40 -8 68 -8 -76 -11 71 -87 58 25 -28 45 74 85 83 -84 30 62 84 43 41 -89 52 19 -68 12 68 -58 48 -50 27 4 80 42 -23 87 -51 68 -91 -75 9 -44 16 9 82 -88 -91 -100 -6 -97 15 -79 -70 -45 -56 29 86 27 41 48 37 -11 -25 -9 -96 3 86 58 -58 -68 -97 65 7 -4 -60 -27 -49 96 -98 -33 -81 49 -12 -23 -49 -26 -53 -4 7 37 -16 -19 -75 73 53 42 -15 -46 61 90 -24 16 60 6 45 -7 44 38 -32 -30 -13 46 62 11 87 -60 83 -14 -76 2 -97 -70 90 54 88 -46 -80 -27 78 -31 5 -91 -31 55 -15 -7 -80 58 30 79 -27 -42 -79 83 -4 86 64 1 -99 -95 -62 33 -87 33 -90 -39 -35 -64 -8 -62 -31 -19 97 60 44 -29 -100 -99 -39 -29 -97 -25 -5 87 -14 -16 52 -3 0 -95 8 36 -15 -44 -96 37 100 72 30 -39 -96 -15 98 -42 7 79 36 46 38 -23 -38 -81 -91 -6 33 -61 50 -42 33 48 71 59 -78 -26 88 -29 49 -57 -62 -7 96 -99 -24 33 63 -41 83 30 27 22 -16 58 -34 -72
98 -21 6 99 -86 72 -71 -69 13 92 79 67 43 51 97 -3 94 46 -40 -82 -97 -5 -76 25 98 97 17 -27 77 -92 -45 -95 60 -81 -39 84 -6 -36 79 65 -68 99 -89 90 -44 -35 95 50 90 80 -74 68 -35 -73 28 -66 3 65 -20 36 -94 35 75 -37 73 -82 79 -73 -70 -8 -59 40 28 2 -43 -69 13 -85 -10 88 -72 -43 16 2 88 99 9 54 -78 -32 -81 -84 -75 -84 56 63 -84 -40 -17 96 -91 50 -84 22 -69 35 82 1 51 19 87 -84 -57 28 -11 85 70 65 -86 2 36 3 -91 -36 86 95 -14 -6 72 34 100 70 -14 64 -35 84 -83 17 11 53 39 -99 77 100 -2 91 12 -15 54 -65 91 14 42 37 24 18 96 19 -25 -38 -49 7 90 4 29 26 -6 66 99 94 13 66 -94 87 -22 16 31 65 -69 -22 -8 70 38 -97 -93 72 9 -53 -82 -99 53 99 -52 78 -100 12 44 15 -95 97 -43 -26 34 -27 76 -25 -10 99 52 6 28 -20 1 -29 -27 24 -11 3 7 -45 42 6 -30 -35 -92 95 69 -34 -1 -90 -32 26 64 -69 94 -87 -26 87 -50 -73 -66 42 29 -6 43 -77 -47 -41 60 -35 25 -71 83 -65 -8 62 4 -24 23 -23 49 -46 19 97 57 -45 94 -19 88 -35 8 60 -47 -62 -23 -38 -89 49 51 -32 68 -37 74 -32 8 48 -62 13 51 68 -3 -33 -75 -98 66 83 -100 -84 -18 69 -71 83 3 26 -29 -84 -59 100 66 3 -95 9 -11 -88 -64 38 -49 17 67 -90 -19 49 5 -77 -51 -52 88 -56 -16 33 2 14 61 2 87 79 -12 -49 -83 78 13 -8 77 56 -47 -74 49 55 -52 -38 69 -69 -46 92 -15 -71 12 62 -14 72 98 -88 90 -37 68 91 39 51 -37 36 58 -12 -2 -51 28 17 36 -49 66 -44 13 48 -87 -2 -13 -39 -18 -21 -46 -87 -78 -58 -46 -5 -25 -32 -56 40 -48 84 31 -54 51 -54 25 -45 -8 93 -52 90 -66 -2 35 -55 -73 73 90 -77 -46 46 -61 -64 -99 6 84 22 93 -65 -100 -76 -96 63 41 -24 -14 -33 7 18 -10 -23 35 23 -14 -17 37 -57 -78
-1 -21 92 13 54 -64 -10 34 98 69 -68 -50 -21 -4 93 -19 42 -34 72 -56 32 70 88 -22 -71 -27 -45 29 61 -8 -25 -7 77 -20 4 -78 -87 -85 -91 -65 -16 60 45 -8 72 -83 64 -54 -89 -13 -34 -65 51 -53 50 -11 -36 -100 -41 15 -56 -22 2 28 -46 46 -97 84 -43 35 -100 74 -4 76 46 -36 -90 -86 -33 63 -9 82 32 -40 51 -44 -87 14 -53 -31 59 -16 -10 75 75 -7 13 -48 75 99 5 -19 22 87 -84 37 -2 10 -67 -6 85 65 -78 10 0 -22 -55 -60 83 1 -27 -68 -60 4 35 78 23 34 63 -44 96 46 29 -54 -81 28 -61 75 -100 -79 -33 -77 -42 88 40 -61 74 -96 10 17 -28 14 67 40 23 91 59 43 96 9 -43 33 99 -55 44 92 12 14 -86 30 72 72 62 -8 66 -12 10 -69 -96 -59 -53 -26 85 99 -82 -50 98 55 95 -97 98 46 -87 89 4 36 96 2 22 -63 -31 -77 71 15 -31 -81 33 80 35 62 53 7 -4 96 -68 -95 38 43 -18 -65 -77 37 -22 -17 83 83 -63 42 56 1 -56 34 -54 -70 -68 -6 -51 32 -60 44 67 51 38 -28 86 85 61 -10 98 13 41 -73 -62 -13 60 -33 -48 57 -52 -16 67 25 63 -84 -30 -68 -63 -96 60 88 56 83 -90 -99 72 16 64 55 -52 -41 -31 78 -5 9 -95 -39 -29 10 92 -8 49 9 -29 -26 85 13 -89 61 -65 44 -91 -7 26 -45 8 93 5 -93 -56 -20 99 81 92 -62 -76 -28 98 26 -57 98 13 16 4 27 74 91 -73 -83 -16 17 73 -90 -42 -49 -61 37 -49 -34 89 -64 -98 -63 -60 -6 85 57 46 -50 -36 -33 -60 -11 89 52 -75 20 97 1 -3 -7 -98 -22 -59 -1 -10 -62 75 33 -96 -83 -92 96 -31 42 -11 -91 14 19 -7 -98 -5 -41 -8 76 -25 37 -56 -19 -72 -63 -8 -28 -8 -82 -46 -60 98 -5 -73 -93 -3 9 -23 23 87 -27 -69 -45 -54 60 -78 23 -17 -50 67 19 72 2 64 -90 6 74 -83 -40 -47 -15 -56 83 37 89 5 -73 41 -74 -86 18 81 17 55 40 48 13 -31 71 -80 -89 -96
-33 -96 17 -66 60 85 -51 -32 40 86 5 -93 43 84 -90 10 -42 -2 -21 -5 25 64 59 0 3 -61 -47 -69 -76 65 11 -18 65 67 -33 -90 -2 -74 82 51 41 -46 92 -83 -90 70 -59 92 -41 -4 -18 90 -64 -31 50 -54 -8 -22 -12 34 14 -11 -31 -37 -35 75 -22 -41 78 -70 93 -72 69 -54 42 -18 -39 1 -15 -34 -32 43 -75 -99 -35 -31 -38 -3 -49 58 25 -31 -62 70 39 -5 38 -71 25 94 90 -90 -90 85 96 1 20 -85 57 -3 -46 63 8 -6 35 45 -95 22 3 -3 82 -19 37 52 -23 10 -84 -49 99 61 66 86 45 37 69 85 -67 -62 -88 -9 -67 2 17 -53 -1 78 5 81 28 -6 39 -90 -20 -63 43 46 71 98 -64 -82 -15 86 -63 59 -50 51 9 -45 -46 69 60 56 62 64 1 47 -11 86 -97 91 86 -61 100 -94 96 58 -11 18 -7 -13 94 -25 -56 -98 36 -42 79 64 96 36 -8 -5 3 -84 17 -69 -77 -87 22 2 17 -82 45 96 -88 -51 -49 -70 -53 2 58 71 -87 60 76 -64 80 99 9 -24 -87 53 55 79 -60 -80 -82 -56 -25 -18 2 -58 -2 -14 69 84 72 55 1 98 88 8 45 -31 -8 -11 76 63 -6 82 -97 24 -8 48 -95 88 22 60 -33 -75 -77 -52 -4 -73 35 23 72 48 97 -70 10 40 91 14 64 -40 -99 -88 97 69 -20 -98 -30 44 65 -38 15 -88 -24 -71 38 95 -87 97 -16 -62 65 20 47 -41 81 1 -29 98 18 93 -31 38 16 -83 -56 60 32 -5 38 90 30 47 -18 26 -60 7 -8 -35 8 88 78 -12 -61 -19 55 -41 -10 -57 12 -91 47 -59 14 -56 -64 -19 53 -18 -54 -26 -3 63 -31 -3 63 33 29 23 -83 -30 -99 -93 -66 -6 -71 -1 -26 -12 29 -65 58 -36 24 38 76 9 -56 72 58 59 -64 -96 72 9 -6 -46 -45 72 36 -91 -27 -13 -16 -77 76 -8 -79 -92 -18 91 100 64 -46 4 49 88 -28 -33 43 2 -12 -93 -44 20 78 -61 -45 16 -1 48 -75 -82 -48 -23 86 64 72 70 88 -72 -25 41 33 -56 37 97 18 28 34 95 25
-86 -84 -27 -40 69 80 88 -82 -65 99 23 66 31 -23 7 -14 -39 50 -52 -2 40 36 47 77 59 61 24 -53 56 -9 -96 96 -11 -60 -41 86 -64 8 61 -19 -60 -66 -69 27 -51 -32 11 -99 -28 -74 22 -75 -29 19 74 -7 7 72 83 -12 -26 -76 -95 -79 -90 24 -18 -26 66 25 -81 86 56 -79 35 84 90 63 43 18 66 -29 19 73 -5 3 96 -54 -76 -38 10 24 37 -35 -55 -55 -37 73 56 -37 -62 -25 -29 46 8 35 53 -2 54 -64 -52 -3 -48 70 97 -43 38 5 -98 1 94 36 3 10 79 -49 1 -89 -68 36 21 -31 -31 1 -43 78 -82 92 -33 -61 -55 84 52 23 -70 66 57 70 -21 -47 69 29 -9 100 -95 -71 -50 47 -74 94 20 -78 78 -76 -14 70 10 -67 14 -55 65 3 -33 -79 -87 -69 -63 -48 75 61 47 58 6 18 -14 -7 -7 11 -73 75 -22 18 91 65 1 -77 76 -15 23 68 63 -81 -86 -47 -27 87 71 -80 -14 -56 -18 24 1 -80 64 -91 -64 -16 74 -67 -40 70 29 98 -50 3 -69 98 82 60 80 8 -56 73 -52 -38 -17 94 -52 -24 50 -33 65 -27 25 -2 34 80 -100 19 -38 51 30 -50 -21 -65 94 -26 -7 77 34 -97 31 11 44 -90 5 -78 39 -3 68 -66 34 43 -77 86 -68 87 55 -100 82 11 -49 -21 -29 71 -98 13 -53 32 -56 78 86 -91 -36 -64 72 -18 -92 2 32 97 48 52 11 0 90 27 23 -93 -14 -100 1 -82 90 99 -4 -34 0 -63 48 40 -50 -65 32 -21 45 -45 7 -12 -74 -77 32 70 -68 -99 -80 -97 -32 15 -88 -59 2 -86 92 -77 -93 -4 -76 72 -85 21 16 25 -56 25 66 35 39 -65 10 -55 93 -26 61 -10 -60 63 98 88 -96 15 49 65 61 87 82 38 97 -80 56 33 -75 31 -84 -95 9 -64 -85 -40 81 91 50 -17 52 -62 100 29 51 -73 75 -83 97 -91 -28 45 14 -34 -85 41 45 -41 21 -73 24 77 26 63 32 23 51 20 52 -7 -65 14 -27 29 54 50 -75 -80 -69 46 -82 -89 -22 13 60 45 89 34 -70 -64 88 -82 83
10 25 -53 -76 68 -86 -23 70 24 -39 -33 -7 15 -40 -50 -37 41 91 28 -86 -78 98 -2 67 -40 -19 -32 27 75 -28 40 -25 75 39 -28 29 22 11 53 59 -65 0 -79 15 -36 77 -42 57 -68 -17 -9 -100 21 -4 -5 -40 -35 -49 0 3 19 -8 70 99 -73 30 25 -11 49 -31 -74 13 -74 15 39 -5 4 -4 -90 68 -67 62 -13 -51 -20 -70 -92 26 52 -69 73 69 -69 -51 43 -84 -55 -22 -9 -66 42 23 -41 -96 -47 -67 2 58 47 -17 91 -35 -96 35 52 18 -63 41 47 91 21 -61 10 84 46 -98 -48 -72 -7 87 78 -83 -24 -60 -5 59 -55 -90 62 85 11 -58 -93 61 -94 -40 65 -66 -61 -24 17 -98 40 -34 14 -79 -5 73 90 -91 -35 59 32 93 -26 -18 -87 2 23 -41 -30 10 -93 86 -48 -20 43 57 84 48 27 -76 -45 24 -51 77 -35 92 -9 -11 29 -52 -76 -37 -63 -11 34 -9 -70 -49 75 -60 -20 -44 94 79 43 6 46 -31 46 -37 -4 26 -65 74 -43 -83 -53 -68 21 -8 -24 -36 4 -47 -5 5 17 -48 85 -95 7 -11 86 -87 33 88 61 38 83 -61 88 64 -68 22 91 -25 -51 3 -26 24 -4 -84 -82 95 -24 -85 -61 -77 -28 44 -10 -28 -16 -60 91 26 83 -41 10 -3 49 11 -26 70 -91 -40 -34 28 -99 -35 60 43 17 82 87 82 -24 58 -54 71 26 -13 85 8 -11 -66 5 58 -86 40 -70 -54 11 57 -87 -99 17 97 -52 -29 23 42 55 4 75 -14 13 42 51 5 -58 -86 -61 94 98 -10 -32 53 27 -10 -59 -53 55 63 -91 -47 -88 -18 -63 30 -65 -32 -18 -94 6 -7 47 -92 -47 -38 41 -31 13 -93 -51 -15 -78 96 40 40 85 5 27 76 85 64 -69 11 -65 93 -31 72 -5 17 5 -54 27 34 -36 22 -80 -8 -98 56 48 -10 -28 47 72 -43 4 -97 -25 73 -72 -49 -71 26 -69 27 -16 77 38 -5 -83 -75 20 37 -72 14 -15 -34 -32 -90 -80 95 -22 -3 45 -72 44 -93 90 -56 22 58 67 -97 -62 -25 89 -70 60 -42 30 73 34 -36 83 75 -85 71 3 80 -82
55 98 -34 77 50 4 -76 -82 -75 -7 39 76 -13 -81 34 -44 -74 81 42 -25 55 96 -36 9 85 -48 -52 -6 92 -36 -67 92 0 52 35 -48 -89 15 12 95 -1 62 79 15 22 46 -90 -88 29 -97 -50 36 66 52 94 31 35 10 61 10 -72 21 65 74 -74 15 74 -97 25 -87 -93 -44 -93 38 -46 -60 -34 -100 15 65 -69 91 -47 10 -75 -37 -93 -83 85 63 -55 -69 -68 -45 -80 -53 21 8 -17 -39 49 92 84 10 85 -51 -46 -42 56 -25 29 22 -60 90 23 99 -9 51 -50 -97 92 74 -4 18 30 6 92 73 -15 -24 51 -19 34 -29 -58 39 -38 -93 -100 56 -47 -74 17 64 -52 -6 -1 -1 -77 57 -63 -31 -49 -52 -25 -54 48 32 2 -50 33 16 -71 -24 -98 22 48 -11 5 -40 -84 -71 54 26 26 90 23 28 26 8 -70 45 -37 -92 -17 85 61 -69 27 11 39 83 73 -68 81 30 19 92 82 55 84 16 12 -92 -87 9 -71 31 -18 -29 14 -21 -17 -10 -1 4 84 -79 34 -39 -54 56 47 81 -40 -32 20 88 -77 -100 -68 -18 95 40 -54 -95 29 11 88 -83 -76 85 -10 -64 -36 -30 -4 82 -99 15 69 40 -27 75 43 -61 -65 67 -2 -17 -36 -2 -44 -84 34 -81 -72 -23 -43 54 -26 97 -81 29 22 51 -38 27 -76 -58 62 8 -93 53 96 -96 -77 56 -11 -62 55 -77 2 68 -3 -26 92 -12 86 32 -85 -68 -44 -4 -34 -28 -85 -22 43 -81 -28 90 -60 -24 73 -28 76 -38 -54 40 -12 62 62 34 -98 90 9 -33 -67 -57 -19 -86 -58 89 -86 -16 56 57 -67 -38 98 -84 93 62 -44 -91 27 -85 52 20 -98 -91 -92 62 87 -76 39 -6 -3 49 75 -33 61 -66 -26 -16 72 65 47 -6 36 28 81 77 36 -33 -66 98 -27 -50 31 -66 89 -75 63 -59 88 96 50 83 -61 39 -49 -51 -41 -31 -35 49 -69 19 -15 -74 86 1 -14 9 -26 -78 -65 -22 92 -47 -78 63 48 -93 1 71 70 33 8 -3 79 -80 81 -93 9 56 -74 58 95 40 73 87 49 -27 -53 13 -72 -84 15 77 10 52 48 -2 -89
30 2 58 50 -40 94 -17 44 -29 83 23 19 96 41 -92 -7 83 7 -89 76 -97 -64 -55 -45 49 36 -68 -46 -15 61 -15 9 4 36 27 -72 83 76 -67 15 -51 -5 54 93 -48 27 0 -28 -47 -83 71 50 -5 -93 -61 -53 -68 11 -35 38 -66 39 31 -23 -71 -78 -63 89 78 3 85 36 -10 -4 80 11 55 -69 12 61 19 -91 -90 -89 -1 53 -85 -44 -69 -31 39 -61 -17 64 -49 -16 -29 42 92 -17 49 67 -13 60 -54 60 4 12 51 47 -79 -21 -76 55 60 -46 -11 79 40 -14 -74 -14 100 9 2 -54 99 62 -94 -29 -80 -88 -66 -88 -24 -61 -61 -24 42 26 -84 79 -86 -80 -10 -14 33 -87 -66 -32 -89 -85 -77 63 -22 86 -36 9 98 -9 -23 40 94 -63 65 -98 -10 -4 39 72 39 90 33 19 -22 78 21 -70 -57 -24 -1 91 63 79 51 -66 -20 -11 32 -9 -97 -87 77 25 36 -84 65 -38 -66 14 -83 -71 76 -15 91 -2 -33 -18 71 26 68 25 -94 65 -2 -83 67 69 20 64 76 42 -86 90 33 -40 -46 -29 84 -44 -96 14 -77 12 -72 39 17 -97 -56 35 89 -49 45 9 90 46 -60 -61 -21 -25 -63 -82 -9 53 66 21 -95 -87 -85 -83 -40 -73 57 -5 35 -99 29 -75 -2 34 -41 -41 73 27 47 81 -19 -27 -19 46 -46 64 83 4 -44 55 -97 31 65 21 -77 -79 -51 50 -1 66 -26 -95 -58 -30 -6 65 13 2 -84 1 -12 -100 -4 90 -81 63 36 70 22 7 66 -80 -88 -83 14 25 -25 9 -33 72 -8 -57 -77 -34 9 -48 86 -35 -73 81 49 -42 99 13 -19 -28 -83 -1 -61 41 85 33 32 35 -61 -2 67 8 71 -57 31 82 -43 -96 -93 -62 -10 44 93 71 -14 19 91 74 -45 52 17 -56 -88 -26 93 -12 -86 26 9 44 -10 -28 -61 86 -7 -99 -47 -80 -46 30 15 22 -61 -20 72 34 72 14 2 -17 37 -75 63 82 98 -66 -30 -23 -57 72 -75 -26 -69 43 54 -25 26 -77 -9 -19 -9 44 44 -56 -28 18 60 -88 4 -75 -57 93 -49 -36 36 88 -91 27 -74 83 53 78 -50 -66 -47
45 7 -84 64 -92 -98 70 34 35 40 73 35 1 -24 -47 -31 23 33 51 -7 -10 51 48 90 -73 -37 -72 -66 -85 -25 38 16 -65 -9 23 -34 19 97 91 -44 55 -44 -31 -75 -46 -45 31 -39 -43 60 -56 -17 -40 97 -11 -35 64 -22 26 -3 -66 -95 -77 -73 -26 -9 -55 7 78 -44 -41 56 -32 -93 -83 99 31 94 -4 -52 22 27 -67 46 -89 0 29 83 -26 -91 -92 -76 70 75 -60 -22 41 98 -42 36 100 -10 -27 -74 22 97 -68 -87 56 -7 49 11 58 53 -68 49 -18 -15 97 -56 85 81 -33 -46 75 23 94 37 -86 -76 39 -16 -81 -70 -96 -9 65 -24 -57 -68 -4 13 9 -42 -47 -57 -81 -39 8 -18 -76 15 -76 -29 45 -28 -29 -39 71 44 41 -17 -84 -79 51 74 -91 27 74 -21 -21 32 66 45 -58 32 96 8 99 78 -59 -38 -76 20 -55 -18 8 -10 -35 56 5 43 -71 86 -11 -6 55 -94 -1 -61 -36 -41 0 -5 26 96 47 36 42 -53 -39 24 78 82 62 36 -66 81 13 -32 -95 93 60 -7 99 10 -85 41 49 -69 -68 -88 -69 89 28 -62 35 -55 -61 36 -64 -48 70 19 4 -72 -32 -46 -83 4 79 62 2 98 78 -60 39 15 22 -88 -76 -20 73 -15 50 8 -30 -9 61 -73 -63 35 -61 96 65 33 -54 -33 69 -43 14 50 62 62 -47 5 89 -4 80 -93 50 -14 -54 14 60 68 -47 88 -84 -82 -60 -69 -70 -63 -44 34 11 -51 -7 42 -32 -20 3 48 13 29 5 -26 10 96 -23 -33 24 -2 72 6 74 37 -35 -74 -18 -14 -10 -37 -54 -46 -4 32 -97 -67 57 22 44 83 44 65 77 -73 4 31 42 46 95 61 -55 24 64 -17 -49 -65 36 10 -91 -48 -37 21 62 84 93 29 7 13 5 -86 44 59 97 -46 -94 47 -60 -3 64 24 69 75 32 -76 -32 49 -33 -34 39 -70 -67 -88 -23 -25 -94 -62 90 31 61 19 -31 -95 -35 -97 -100 -40 -82 7 3 -46 -2 -30 -19 32 80 37 7 -32 51 -10 15 82 -81 69 33 -60 65 -53 -30 -33 77 6 41 -58 -20 -70 -13 -2 35 17 -22 67 38
87 -30 -64 16 41 14 -32 -77 65 4 -75 -10 92 -36 -74 -10 73 26 92 -55 30 70 -83 73 -61 -38 -71 51 45 -79 -25 46 42 29 99 -82 76 -6 -81 52 5 89 -49 -74 65 70 69 12 -46 76 11 83 -28 -5 -89 42 36 67 50 41 -5 -50 -53 100 76 80 62 39 90 -21 -22 59 11 -47 95 -65 -92 -72 -53 66 -21 -70 70 97 82 -4 -49 64 -82 40 32 -25 27 76 -26 74 39 68 -66 87 -10 50 20 -92 58 -90 -27 -3 -31 -88 79 100 49 -38 -11 70 64 50 -97 -10 72 92 41 39 98 58 64 -60 9 9 73 -57 85 34 -3 -85 47 -39 49 49 40 -14 34 5 -96 57 -50 18 77 -66 -54 12 94 57 39 -57 -16 80 77 -28 -83 30 -83 6 -17 24 -77 58 63 -48 9 -11 -50 -21 -31 52 -89 -89 -29 26 70 75 18 4 -68 59 -93 45 -28 79 100 9 -96 -47 23 -87 28 -51 -25 -36 -59 6 -20 -14 26 53 -5 -7 29 -49 14 -14 -92 77 65 -56 35 76 53 -4 69 -64 -43 99 63 -27 -23 84 -95 25 -17 15 43 -77 -94 -82 60 12 -6 36 12 -5 47 -59 17 -64 -18 -48 -83 -49 -13 -80 -44 -36 9 56 7 -3 -6 -60 -62 19 -30 -37 1 -19 -31 -23 21 -2 -48 -61 -42 -21 -14 37 63 50 -45 75 -43 1 41 -50 32 33 -29 44 74 -65 10 33 -8 96 -94 -81 -96 -82 35 7 6 -20 -52 27 2 -29 -24 62 -82 -55 37 96 -68 -49 51 -87 -42 92 -34 -39 50 -99 65 -12 -69 -11 -82 -98 -77 -59 14 -77 3 91 -56 73 -65 -90 39 79 -90 -63 48 -36 19 80 87 36 -63 31 -40 36 -74 34 -62 -33 79 -1 -67 76 98 -91 -3 -62 74 -73 -12 28 8 -54 61 -45 -2 1 -78 97 49 57 -35 50 52 -85 -15 -36 -32 12 -56 77 -15 -69 42 17 -47 6 57 93 -32 -21 35 32 68 84 74 -3 71 9 -4 -67 55 -16 78 -55 6 67 -3 26 35 -21 -55 -52 -50 -60 -45 -72 -80 -24 48 77 -29 -28 -35 -52 -35 -3 -67 10 51 19 34 -86 51 -95 -82 -49 -69 -37 49
-31 34 -94 -72 -89 11 -93 37 23 39 67 13 -59 27 15 -43 -74 -42 52 68 95 40 48 83 8 -8 19 -36 -49 -50 -96 -44 71 86 -15 -6 24 -10 -70 20 39 -15 -83 20 91 67 -99 -19 -73 72 98 -66 64 74 84 54 94 -99 -28 91 36 -88 67 36 67 48 93 -17 -60 24 -56 77 99 92 -72 -77 57 74 3 48 54 -47 -34 20 -12 42 -51 50 -58 -1 -69 -56 -42 68 33 0 76 -57 -40 71 94 69 26 67 -4 -19 38 -100 15 76 -59 -10 94 -100 88 -91 -89 92 -48 66 -15 71 -57 16 74 -55 -35 90 61 -32 41 -69 -67 53 -31 28 -42 -6 47 31 -50 -56 -28 58 -25 91 -22 97 88 0 -56 90 11 -24 9 -53 -53 88 14 -39 19 88 -70 93 24 -46 63 10 12 -49 46 10 96 -23 -84 2 51 -15 61 -3 -4 -2 18 84 -45 -83 71 7 82 52 -12 83 26 30 -20 -30 -1 -53 98 9 -78 -63 -39 -36 -67 -42 -55 -83 2 72 -50 -68 77 19 67 -63 -6 -30 53 63 23 -78 32 94 -100 -86 21 7 -90 -75 40 -15 73 39 -25 -26 -79 30 95 55 59 12 78 -9 67 -46 -19 43 50 25 72 -22 -57 -92 -96 13 -97 14 -85 12 99 -23 -35 -90 -66 14 -68 82 5 -89 25 -43 -53 67 33 54 -15 90 36 31 10 -21 72 26 45 58 49 -81 75 -36 -30 38 90 85 -95 84 -87 26 -18 -28 -81 -40 48 10 -67 22 52 -91 -3 27 -17 91 -88 45 -29 -6 37 -16 -65 26 -87 -21 -28 -97 -64 62 -18 17 95 -70 16 -31 82 -92 -98 -100 19 -49 58 84 64 7 -61 -99 4 16 -8 -58 -66 78 -52 16 67 45 23 -55 46 33 92 -89 58 -54 50 -20 46 -41 -31 -26 -66 -22 71 -27 69 -63 -40 -21 -94 -58 -70 -71 -35 -56 -48 -85 -74 64 -98 45 -5 -39 -91 -65 53 22 77 -93 27 68 85 -65 -4 -15 99 -23 -91 92 8 -30 41 85 -42 63 76 10 -14 -23 31 -94 -56 -44 -68 -24 -41 -5 9 -4 68 -47 73 -23 -27 -81 -91 16 -87 -87 -40 -100 2 49 96 -84 1 51 40 47 -28
95 -31 -51 39 -61 46 0 30 -12 -75 9 -16 -31 -5 90 19 -30 41 -55 87 -32 -69 -48 -100 29 72 -73 -3 93 -45 25 72 -59 48 -28 79 -85 -85 41 56 27 41 84 87 -32 45 10 60 48 84 -44 -87 3 -29 -58 -19 -28 -62 36 73 -86 44 -38 -31 66 46 -53 99 -50 -14 19 -41 38 -41 62 -24 61 38 17 57 11 93 -22 -34 73 21 -99 0 64 33 74 80 42 -100 -78 -12 -90 62 42 23 -13 -92 -18 87 -92 -86 -66 -55 13 45 55 -27 -84 -5 100 21 -4 98 43 -28 -39 54 39 -39 26 -2 -54 -52 90 65 -79 -11 -96 34 21 -70 -74 53 -1 -71 -70 16 33 -22 55 -45 -99 -58 95 -67 -30 -18 -46 72 -14 64 72 -77 -30 -76 -41 -54 12 -78 -95 85 28 57 94 -99 11 -39 23 4 27 58 -60 -64 91 68 10 30 59 -77 98 -82 10 -6 -49 27 -34 -63 14 -69 64 -25 24 -39 100 66 62 -65 -55 50 49 -18 -37 -37 -22 -67 -63 -32 -77 -13 90 -98 20 -91 -14 -23 -47 46 -26 -3 -77 61 28 48 -31 20 52 -99 20 -11 -64 -44 26 -73 -23 -11 -52 92 28 100 -72 33 -19 -89 19 -5 70 27 91 -38 23 63 -98 -15 -95 87 -35 38 58 -31 35 87 -43 -24 -61 -16 -31 94 -61 -36 -76 20 55 73 -11 -85 50 83 -45 -1 76 97 63 78 55 43 30 -56 -98 59 -50 51 19 -34 -76 -58 4 -65 5 9 71 -52 -87 23 -76 40 87 57 93 68 91 83 -71 -84 96 31 8 -3 -1 -92 44 32 -56 62 -6 28 42 43 20 -56 49 -94 -59 74 93 -23 -94 -59 -15 -27 -69 53 33 69 -58 -54 -2 94 18 -73 18 -45 35 -85 -55 -85 58 -63 -25 87 10 19 59 52 -7 46 -18 60 30 -93 -31 -54 16 80 36 -30 91 46 -84 100 -47 25 21 -12 -47 60 -8 -78 43 -78 97 41 -7 -16 80 -37 72 -95 41 6 13 71 12 42 -86 18 -99 -90 41 92 -25 36 -48 74 -2 45 -29 61 -59 -33 86 3 -92 87 23 -45 -31 -71 13 -66 2 72 -32 17 42 52 -70 -47 13 87 -75 -75 -19
-84 -75 80 89 55 59 93 77 -63 73 -15 20 -73 100 5 93 -78 71 -68 24 -25 -38 -80 59 -72 -19 -32 -47 44 -46 -62 45 56 -66 -96 37 80 52 -59 -81 -3 80 -21 -28 -64 0 49 39 -99 48 90 0 -89 69 -52 -81 0 -1 -68 94 41 -19 5 76 97 87 -78 69 89 25 -68 18 53 77 30 -76 64 82 -63 39 86 -3 -81 -48 -29 -55 73 -87 89 -23 41 84 61 11 -76 -81 -72 -65 -39 24 1 -19 -78 -77 -64 58 -58 93 95 28 -62 80 39 -77 -4 99 -22 -88 -38 39 -66 -85 -33 -80 -92 -46 -62 60 94 -92 58 25 -16 -87 82 74 9 -5 37 22 81 17 -69 12 -62 -38 72 -75 -2 20 2 -89 97 -77 35 -33 -77 0 78 -29 81 -17 16 86 -29 86 -79 44 91 -24 -82 28 -27 44 -63 -73 20 -65 -25 35 -99 -27 54 -65 -80 84 75 -13 94 63 40 -42 -75 65 17 -48 -97 89 21 -50 -17 -46 16 -8 -20 -6 67 8 -32 8 -91 29 -45 -12 86 -22 -45 -56 35 -14 75 91 88 43 37 41 9 91 -48 -54 72 -19 27 8 71 -99 46 60 -29 94 -92 -61 9 5 -31 -35 -45 99 -36 15 -68 28 -71 -20 -81 -8 86 18 1 74 -43 -70 -44 -60 -90 38 40 59 86 98 -67 -11 39 17 -11 3 56 15 55 39 -17 33 -92 -36 -7 -100 -43 59 -38 2 -11 99 11 -92 56 61 -40 -31 -1 8 -71 -3 -86 -59 68 90 -82 86 19 64 -62 -87 -26 -43 26 -21 7 57 -96 -79 -32 78 97 3 -78 11 -10 39 -67 -51 -95 -3 -34 75 63 -98 3 -74 -72 -24 26 -74 28 -79 80 73 58 -77 -44 -23 -46 62 11 77 -19 58 -10 -64 -82 -19 -100 41 63 -85 -51 -94 -38 -72 46 53 -27 39 12 -27 56 84 -100 91 23 29 33 3 -45 -86 54 -16 -100 81 -88 96 -37 -24 -92 94 -92 -65 -53 -11 56 -95 32 -19 23 -7 -17 14 -70 66 -97 -25 54 13 32 18 63 -98 37 86 50 71 15 -84 86 86 17 82 -92 -43 -63 -80 -63 37 -25 -26 0 -69 -32 -99 -41 -26 10 -50 36 7 54 -8 -62
46 26 91 -82 -61 95 12 -100 -89 31 -56 12 -37 100 98 -2 99 -63 90 -86 -18 77 70 43 43 -63 -44 -14 -70 85 -1 -61 -76 -54 -3 35 50 17 -70 9 59 -13 -41 83 -96 -90 2 -37 -1 31 31 7 43 -55 44 94 -65 20 40 -3 -75 -31 -92 67 -42 -54 67 26 -55 72 94 71 60 25 34 19 96 34 4 -11 -22 -26 -30 -42 -48 31 -40 -57 77 92 98 -72 -49 88 11 -2 -75 22 17 20 -75 -12 -4 -44 64 -99 23 -54 -52 31 42 -66 43 -38 -41 67 40 -1 -38 2 -6 8 89 -57 -57 -67 -52 -65 -89 -69 83 97 -65 43 -66 39 17 11 10 48 -80 -19 18 3 -11 51 14 79 -55 80 50 46 8 -99 70 51 20 11 -24 -48 88 46 82 65 6 6 12 -75 25 -84 -50 -94 51 12 -80 48 74 18 54 -87 75 -61 92 -43 57 -58 -36 7 33 81 -47 -64 -49 54 -69 13 -78 -97 6 -81 -62 95 77 -44 -11 -87 -33 -91 -78 100 -9 -65 -57 -80 -7 36 25 -24 24 -78 2 -62 10 -97 -3 -26 -75 -58 -14 14 75 30 86 46 -90 -70 -67 78 -82 23 -100 34 10 -96 -68 5 -83 94 -38 -20 -3 36 -92 39 -19 -87 -52 40 -43 -35 -85 -41 17 -23 45 83 -96 -47 18 -86 -80 35 19 9 90 -34 -48 -18 -55 82 -92 -63 -79 52 92 -42 -27 80 89 46 -80 -22 -61 -34 18 68 19 -32 -29 -95 -64 47 23 -15 -56 -99 60 98 -9 71 -11 -48 -38 69 59 7 -88 -15 -96 31 97 -23 59 7 58 33 75 40 -11 -97 39 -19 -7 29 -47 -67 28 -63 85 63 -78 43 63 -17 -56 97 2 -78 93 -64 -40 62 14 5 30 46 -9 38 -77 84 80 -79 -53 24 -85 34 54 70 19 -86 39 -33 -22 76 4 -12 76 24 83 100 -81 -65 28 30 -91 -54 78 65 7 -11 71 -5 -15 -41 87 21 -67 -16 -12 -43 -19 4 -19 46 -9 17 43 94 23 -19 100 27 -41 39 55 91 -46 24 -37 -84 -93 20 -44 74 39 -46 -87 -37 -52 16 -28 12 -91 19 -79 72 -74 74 -43 -87 83 33 -47 37 -77 11 82
-11 41 -49 -43 -71 1 -1 -93 -93 46 21 -40 22 41 -64 56 -68 -60 -72 -34 82 36 78 19 -19 1 35 -55 15 -2 60 -90 -68 43 73 -36 11 64 8 34 14 67 -56 7 -1 -2 -65 -67 -85 21 66 29 83 -54 8 65 22 -66 -45 -85 -8 91 -72 18 -12 53 89 35 36 16 -82 24 -27 15 72 -9 95 74 21 68 -52 37 -83 39 -74 52 -7 -15 0 91 -30 -71 -97 -84 58 -10 100 -56 48 100 91 -8 63 -99 59 -88 94 71 -35 16 50 30 28 -94 -31 29 -27 -2 86 3 -34 -19 1 25 45 2 1 99 -73 27 -26 93 86 -53 -34 -99 84 -89 27 21 -22 -80 28 -20 -23 -47 -39 -88 -89 21 23 -53 13 35 92 -80 -10 -40 5 29 -49 -68 12 48 3 -56 -58 37 52 -76 -71 96 -13 -48 19 -19 96 52 27 -58 12 46 30 84 100 -65 92 77 -51 32 -98 -83 -38 39 -51 -95 93 -2 -74 45 -45 47 -89 15 -23 61 47 19 -16 17 -2 -31 -94 98 72 18 -88 -84 -86 87 -89 91 73 43 12 -68 61 31 -21 -23 -96 -42 86 -66 11 -64 -38 35 66 79 28 -7 -36 -87 -45 83 -59 43 67 -7 -80 -82 96 -90 -6 -3 -52 9 80 6 -61 37 -87 30 27 -16 33 98 -4 -97 50 37 59 -38 55 -52 2 68 0 90 -39 90 -53 -91 -50 -14 60 -17 -66 35 -31 -28 -57 -77 -16 56 95 -74 -31 87 -21 35 -24 -59 -76 22 -12 -79 72 3 95 84 -13 -71 13 -41 68 -92 -54 21 -6 -97 -95 92 -56 -39 76 17 -38 -43 0 17 76 -12 63 -30 -77 53 -79 83 -21 61 -27 84 38 94 -49 -75 -90 85 83 -15 -61 -9 -80 10 -100 93 -29 61 -2 -26 -59 69 51 -74 13 -43 29 79 26 -17 -50 -62 -99 -10 -63 -92 36 28 63 -70 68 82 41 97 -7 -15 40 54 32 45 51 99 -45 34 3 -74 -19 22 -74 91 -74 -68 -47 15 67 63 -4 67 -47 68 -32 65 -96 4 -23 94 -49 39 59 -1 1 9 -94 -33 71 23 -7 -81 62 96 64 -61 -92 -25 -6 -8 10 -52 -56 -30 -8 -39 94 55 95
81 -5 23 -30 84 69 11 92 -86 59 26 -84 17 -44 53 72 84 96 -13 79 -1 54 -19 18 45 -100 -78 36 -21 -80 -30 76 -24 -61 7 -11 91 76 19 -77 92 30 51 20 49 74 74 77 -82 -1 -39 -28 -45 -44 -23 -27 3 -6 -67 -22 62 -44 -53 40 44 -4 5 39 -18 -96 -40 6 96 -5 79 5 79 23 56 -25 66 68 30 -84 -47 -74 3 50 -17 79 -56 -8 78 36 54 -57 -42 9 1 69 90 82 20 -54 -3 -58 -85 4 83 88 22 -50 80 -83 -30 -69 -89 -15 -13 25 11 -45 -68 -6 89 -95 73 23 89 -22 62 69 85 -31 14 54 -87 87 -80 -46 34 57 47 -4 81 87 79 58 -42 90 11 83 -83 -13 -100 96 98 -55 51 11 -2 -31 85 -41 88 24 -4 91 -75 61 -27 16 67 51 -6 -7 -8 76 71 0 28 -1 -23 71 83 28 5 -50 43 8 37 71 37 60 -74 30 -4 8 92 -51 54 84 33 70 22 49 -77 -55 -43 50 -64 -74 -22 -24 -18 62 -82 -99 -27 -47 -5 15 84 -88 36 -27 -89 6 30 -27 -48 -91 -98 22 96 99 12 7 88 -81 95 99 64 19 35 -5 69 -21 35 96 -1 -92 27 1 73 -28 45 16 -6 -93 -90 -32 89 -80 -33 10 -25 -21 1 -35 83 -10 34 -59 -31 26 -5 19 -48 -71 -94 -73 -61 -67 5 66 -34 32 -41 32 -88 -26 -12 -82 68 81 -45 -78 24 -87 38 -92 42 -66 41 -15 -20 66 83 -100 4 92 75 -2 -72 -45 59 48 2 61 73 -54 -3 -37 31 37 -65 81 -20 13 65 83 17 -89 -8 81 -82 -87 31 83 54 -95 -32 35 -5 -59 -33 -2 -73 -12 97 -11 0 7 53 -45 69 84 -35 -100 98 -63 44 -68 65 -34 -91 -80 100 -22 -19 -3 60 -74 -52 21 -20 30 93 13 48 19 71 74 -99 -58 5 -2 48 -17 -13 -20 33 39 93 76 -51 23 52 -89 78 6 56 22 -35 -76 17 38 46 45 43 75 -55 98 -17 19 4 -6 56 -12 3 2 33 -42 59 -78 -39 -38 44 -56 -22 -28 75 -28 40 -94 33 51 -21 -12 0 34 -56 86 -57 -1 12
70 -77 42 -7 -4 68 93 -41 -88 -92 -10 -19 -33 19 52 -11 -10 60 -95 97 -81 59 -76 -45 68 66 -80 -12 55 -84 39 -48 -77 37 -38 -94 -100 -95 3 -42 45 59 -92 -3 87 -47 -3 -46 95 -60 -82 66 67 -91 49 4 71 8 -19 36 77 -66 -71 -66 -25 42 -51 10 85 56 -97 30 39 -18 10 41 39 7 -78 -3 -71 35 -98 26 88 -32 51 39 -29 86 94 83 3 -97 49 -27 -18 52 2 -80 69 70 43 79 -48 -13 18 -39 -72 47 42 -22 -54 32 -32 -90 -27 2 78 -59 -49 -75 -60 -8 46 -25 83 15 5 66 87 71 -75 -54 34 85 62 -31 -30 34 44 -8 -52 17 99 -50 55 -67 -59 34 -11 82 -92 -96 -45 97 -16 70 92 -85 4 10 -2 16 -78 -19 -84 93 -75 2 89 -94 6 23 -93 -34 38 95 -26 16 -78 -75 92 -45 -45 -92 -63 -53 14 -62 -51 -96 67 1 39 -92 8 -14 80 -52 57 29 -89 -51 -76 47 42 -57 12 49 19 -65 -29 -66 -43 -74 89 35 -35 57 51 -16 26 -63 9 -28 96 -4 96 -42 -10 -11 -98 44 -64 -40 85 55 -96 4 -81 -100 37 -59 -16 -58 -60 62 -39 -61 7 -29 -50 19 41 -71 15 21 45 -9 -19 -93 -41 -31 63 -4 26 89 57 23 42 23 69 -76 -4 -76 67 -3 54 33 22 29 -45 -12 -16 -11 -12 -21 25 1 -96 -76 -15 -15 -24 -50 85 -68 7 70 20 86 -57 45 -9 12 49 -8 31 -20 -3 19 -47 -78 34 -61 -24 7 12 39 47 25 79 0 -23 69 64 71 -90 -50 51 -99 53 85 -95 39 -62 -27 54 57 70 62 10 -59 96 -98 -76 97 -61 83 -44 -91 88 69 -1 1 -75 -75 31 51 -98 96 -70 94 -66 -1 -50 -78 15 19 -44 -85 -11 -40 38 -76 95 3 -12 38 -67 71 60 -43 -63 81 -88 -44 49 -21 44 -11 -87 4 18 -96 17 -47 41 -8 35 -62 65 88 -82 -77 79 -88 -29 -51 70 -67 -40 67 36 -22 90 -53 8 -89 18 -95 43 -13 -49 -71 -25 98 18 -3 98 85 -75 -80 27 -66 69 100 -9 41 -36 -27 58 93 -24 26 -54
-33 -48 -12 55 -84 80 -1 -75 -27 26 43 78 -39 -63 50 -80 94 -14 56 76 -6 -79 40 80 19 -46 -94 -6 92 38 -42 -56 28 93 -100 -12 98 98 -40 44 -55 -63 48 -9 21 -21 -19 -99 33 22 -82 -3 62 -29 87 -85 -10 89 42 78 43 -32 9 70 81 90 -37 -29 -65 57 -84 25 -87 -86 -70 77 -63 91 -5 53 -64 22 -5 74 91 -70 -2 0 2 -78 58 10 -46 -19 -84 41 -21 -7 -30 24 -75 2 -94 0 -30 -64 31 -91 73 -72 94 70 97 50 -84 -63 66 -28 -58 22 58 55 -56 -42 41 38 23 22 -28 -89 44 84 -7 38 -58 -64 -16 -50 -38 -7 36 85 11 -99 -7 53 94 -34 24 24 17 -58 -21 100 -66 77 -16 -100 -86 -56 -68 -86 -12 94 4 3 79 12 -14 46 -29 72 -90 58 60 -19 88 -17 -61 70 -100 -21 46 60 93 -87 98 94 22 -82 -13 -84 -82 26 -35 58 -96 35 -76 -60 62 66 15 99 30 80 98 -38 0 75 44 -45 1 38 -65 87 -87 40 95 51 65 -33 83 -5 -100 -13 57 78 -22 65 -46 -100 -25 -21 76 -19 0 69 -40 2 69 34 -54 -16 68 78 29 87 -69 -25 6 33 70 -86 24 67 -23 -47 -40 29 52 20 83 -6 -55 90 -83 34 -90 31 55 -89 4 2 58 59 -60 -28 8 -2 -7 29 91 -43 -7 5 -49 55 16 -36 34 -59 -98 -67 13 -56 -12 -13 71 97 24 32 54 20 -5 85 55 76 -17 -60 86 74 -55 24 67 -93 90 -46 -52 -20 -68 -24 71 24 -1 -78 89 -18 37 -15 21 48 -95 11 -41 -10 -58 -94 86 89 -31 -39 80 -20 -56 -22 -32 84 61 -34 -93 -45 -96 -80 -2 67 -64 0 88 28 -76 93 -96 99 8 22 -45 -78 74 19 39 0 91 -27 80 13 78 -32 14 -61 83 -16 92 93 18 47 -33 17 15 93 -77 74 78 -15 33 75 -54 33 73 -76 30 34 -13 -24 -19 -8 -51 -79 -71 43 84 66 -45 -11 38 37 8 -39 -71 80 -12 -63 -3 96 33 -10 61 -90 -61 55 79 63 -89 98 -64 -85 87 -42 92 -58 -68 -34 16 73 -98 -23 16
-22 60 -79 -5 -58 72 -62 -80 -23 70 -61 -21 -88 -60 90 -26 -80 79 42 90 89 29 58 -44 -6 -91 -51 -39 -77 99 70 -63 -64 43 -95 91 76 82 -97 -15 40 -95 -88 -90 37 35 -60 -82 80 22 45 -49 84 54 -85 -44 -84 -8 -1 -13 71 1 75 -53 72 -98 67 -71 -89 -51 35 -29 -28 -9 52 61 -21 90 -98 -2 -95 -69 16 -70 40 22 81 92 -81 22 45 -38 -12 42 -57 33 -19 40 -62 -81 -76 -42 42 -95 -23 69 8 -97 -40 -92 98 -99 -37 98 45 6 84 95 -45 36 3 -28 57 70 81 -82 58 73 54 96 -9 82 -28 -65 45 -40 46 -14 100 -83 -20 -3 25 75 -42 99 85 32 -63 -65 5 12 -56 95 98 85 -2 10 -80 33 -46 78 -67 -100 -70 100 -17 -32 59 55 -98 -47 -23 30 -1 15 -87 -78 -49 -70 71 -26 91 82 -41 -18 -66 -54 -35 16 30 -80 -32 5 -57 -72 -28 2 27 -37 -5 -69 -2 19 -12 41 -26 -74 -47 -81 28 28 88 -22 56 -31 -60 61 22 -18 -97 -71 56 -75 -55 75 70 -62 91 32 31 21 30 -89 -87 -29 65 -8 -49 33 -63 32 -4 15 99 57 8 -67 80 36 -73 79 12 28 -3 75 -17 46 -52 85 74 52 -23 95 -15 94 -99 59 -61 -42 -42 -58 19 -64 91 9 6 99 -73 38 15 68 48 25 -25 72 -54 -22 83 73 49 -60 97 14 -97 -36 50 -89 -7 -59 20 -53 84 -11 -72 -7 3 -21 -84 -51 39 -22 86 -45 -55 -60 -85 -21 -58 73 13 -23 8 -34 72 1 76 59 15 36 57 -95 26 65 9 -99 -57 -12 59 25 -48 -41 66 -19 26 34 61 97 1 4 41 66 -7 -61 79 45 33 -77 86 -41 13 -97 -85 -87 -81 -70 -63 85 -13 -97 -90 24 -38 -88 13 -11 -65 39 47 54 -35 54 94 84 -58 69 -6 82 75 -84 20 54 44 -84 13 -93 -31 -24 73 -30 -73 80 -97 -23 51 9 -15 -5 -26 73 18 22 -60 -29 -25 31 12 -17 66 -89 -11 -30 -91 29 -12 23 76 -74 62 -25 -33 -3 10 -72 18 -94 11 74 -62 -97 -43 -3 -61 75 -82 96 -42
1 35 63 11 -47 -90 -52 15 42 -35 -43 84 -60 -5 -92 81 83 -72 -93 37 32 -17 11 56 -98 32 79 -71 88 24 -29 -51 39 72 81 -40 35 -37 25 -29 6 -27 39 -81 64 21 -95 -91 -7 87 42 -88 -86 -57 -3 23 -43 -19 6 67 57 -8 34 -58 -76 -88 -73 33 -49 43 75 -44 -58 57 88 -45 -23 -96 -87 -8 -45 36 -99 91 -46 -92 -56 -54 19 16 -7 -61 -20 92 -95 90 92 24 -62 47 89 -4 -27 -25 94 -36 85 -58 40 -94 98 70 -44 -56 43 -3 33 82 -75 -15 89 -71 16 70 -17 -2 46 -45 33 28 -95 10 -15 -35 93 73 -2 -67 39 -89 90 77 -85 -19 -98 -84 -53 50 -15 -90 -50 -15 -39 -61 68 -61 -2 97 52 14 5 50 27 30 -75 -78 69 57 67 22 -3 -48 -93 -26 12 47 -45 -33 6 -8 60 88 18 -80 -47 -64 57 14 36 -100 -70 20 -54 -92 66 -60 -48 -58 39 67 -66 46 -32 19 86 -28 40 57 -26 22 45 -62 -27 56 -8 97 -22 32 -35 61 -25 -6 30 -22 24 33 70 -27 -57 49 -95 44 -53 -93 -59 -3 74 -92 -12 100 88 -57 -100 -59 86 -32 60 -50 31 45 -67 45 47 -4 70 4 43 -53 -80 -7 -84 -58 -31 43 -27 38 10 6 -90 -40 -65 -49 9 12 6 -60 1 -97 -47 -63 24 51 46 59 -43 -100 20 86 -80 -92 -77 2 60 -23 0 51 -65 -94 24 15 68 -14 -27 26 81 39 37 67 50 -87 24 62 1 19 -80 -45 7 42 -73 -92 -2 -58 58 43 -91 -75 -6 30 -90 -69 40 -62 19 -78 7 -78 86 -91 26 -3 -16 -3 19 40 67 -45 -20 -92 44 66 -10 -60 78 -91 88 -10 -19 -2 -3 -42 -72 -60 38 -58 -61 -53 -76 -48 -84 13 16 45 3 -11 45 -45 -73 98 -47 90 71 -61 17 20 38 45 -85 -27 35 -89 1 -10 77 18 21 38 98 21 54 94 18 73 45 69 28 -94 -42 18 -74 82 82 39 -84 -38 -6 -60 -94 34 67 -56 33 -75 -69 -90 70 89 -3 -46 -94 -87 -8 -9 -17 -35 -4 31 -63 -32 96 -49 49 -16 31 17 -11 32 -30
-6 -93 -44 -24 -41 65 -3 83 82 -68 -23 36 45 91 74 36 53 -19 -2 -82 62 65 45 89 67 100 -56 74 -80 -40 -30 15 43 -44 40 -57 -79 0 94 93 -38 64 1 27 -1 60 -21 -77 65 75 30 -4 42 87 29 -67 73 10 -79 1 -34 -3 -75 43 -8 4 -67 60 71 53 32 -22 -94 69 21 -57 28 67 36 -42 47 -57 -85 33 84 -71 -29 -17 53 58 51 -63 -65 -1 -90 52 -25 7 83 49 -72 -64 65 -62 -9 -39 -7 -33 -35 7 -4 -56 -98 -36 -29 -86 -87 91 -52 54 -17 49 -59 -23 -31 -20 -65 -8 -88 -14 92 -13 -23 -85 -47 12 41 54 54 -90 58 80 25 -43 12 -69 87 30 -47 -97 46 -17 -23 47 -59 59 26 19 16 -9 -8 -85 -64 -98 7 59 63 -43 -32 89 92 88 -96 -61 -25 6 -45 -27 -62 95 28 -93 8 -50 -36 9 60 33 71 -10 -72 -5 12 -47 -93 84 -24 -7 12 73 55 -86 73 45 -77 30 -7 -49 93 17 36 -9 93 -26 -55 100 -71 2 90 75 -54 -66 -21 -74 13 -61 35 -96 -34 77 -84 88 5 -22 8 -50 81 -27 -76 2 76 45 80 -59 73 90 65 49 64 33 -11 91 -5 57 47 80 14 54 -65 -23 -92 1 18 10 96 73 86 36 14 26 -37 72 66 94 -5 7 -6 -91 -1 46 65 -32 52 -11 63 -43 -65 -11 -22 15 -85 -13 -22 -94 -39 -18 -14 -60 -96 -24 -51 37 -67 89 23 -3 13 34 86 -96 98 -51 79 78 60 -8 -12 98 -75 48 -9 -27 20 47 -65 94 -12 -45 68 -84 -50 -69 89 -30 -89 -99 -86 34 17 -97 -2 -34 85 62 -1 77 -59 -46 -95 -6 -53 -65 17 -22 -85 -75 -11 -22 -55 -53 93 2 -3 -22 92 -25 -33 50 68 5 -82 -92 74 82 38 -23 -17 -94 60 73 -62 -87 29 68 29 -19 -6 9 74 -28 -60 -9 -8 -36 -57 29 -75 -43 84 -7 -97 90 -5 -94 -34 15 -32 51 0 -66 -45 -33 -2 -41 -77 -47 -28 38 40 50 -83 19 25 51 -19 52 76 88 -60 30 -81 -32 36 -21 -29 4 -48 -28 48 -54 -86 -17 95 -14 -50 -43 -5
-49 39 49 -47 -63 -16 -42 38 -59 -29 8 4 -41 52 75 -52 33 -41 3 49 -65 95 -46 -42 -16 -42 82 100 -62 22 -52 55 51 93 -13 -88 73 -53 -42 -64 80 100 83 21 100 -10 78 41 -16 -33 81 -60 31 17 -39 -80 82 -19 7 -16 -68 68 -44 82 -46 67 67 -1 60 46 -93 74 -3 5 -50 12 -32 71 49 63 -72 -74 -37 -82 12 17 34 33 -43 57 56 -10 89 -75 85 -15 39 45 -6 -4 -47 -26 -46 4 66 -85 3 -24 -17 -48 55 -50 -14 20 -14 52 -60 -81 1 -99 -100 29 -52 -59 52 88 92 3 -59 -56 76 97 -67 51 7 -52 28 -57 -51 -96 -69 15 -65 100 -34 62 -15 29 -68 -91 3 -51 24 70 -94 93 72 -83 53 -70 -64 39 73 -80 40 94 72 75 4 22 -48 76 70 -33 -13 -9 -92 -91 18 -23 97 72 -30 11 -65 -1 87 56 -34 -86 28 -8 42 -61 -5 92 -42 70 -98 -17 37 47 97 19 20 -1 -83 -32 20 94 -66 -57 -26 2 0 -58 -89 -91 56 -50 -32 76 -63 22 -4 63 -98 14 30 39 70 6 -84 -33 19 47 -16 58 -30 49 -10 -41 -49 99 53 -3 84 2 53 -82 65 61 66 -38 -19 -71 66 49 -50 -13 -65 -84 -92 -50 1 -26 -36 -57 54 59 -74 -63 48 -72 -60 -68 62 -90 -15 32 32 9 18 68 99 -11 -92 58 18 77 -48 -59 20 99 70 -84 -59 -68 7 50 30 -3 -20 -58 -46 3 56 -20 -67 -10 66 -87 -61 -48 -100 -43 -96 -69 -44 29 18 77 31 -86 75 -37 50 -61 94 94 -28 -42 90 53 80 92 -59 49 15 90 48 -38 47 -19 -19 96 18 -17 80 -73 -44 -6 -74 -11 -3 -6 -39 19 32 46 14 54 16 13 29 100 69 -67 82 -23 8 -36 14 -85 -87 8 -19 -24 11 -60 86 22 80 36 -80 81 29 17 90 -69 -24 -72 61 -71 -30 -5 24 -63 45 32 72 -59 -27 -40 -88 -76 -26 -76 79 -45 -28 -6 -87 62 61 43 -5 -41 21 14 -64 -92 76 -66 85 48 -4 -94 -63 57 -21 22 96 -68 -35 -73 -19 54 -14 66 69 73 25 26 -12 3 76
-20 91 89 89 66 -33 -50 44 -93 -97 56 -7 91 -48 -56 -31 -39 100 -83 35 1 -21 21 -7 -99 -35 29 -37 7 75 14 -24 -91 19 19 81 39 -10 -34 -63 -48 88 71 61 23 -19 -40 -7 1 37 100 34 9 17 45 -54 -31 -14 -59 -35 -51 90 -60 78 -6 -82 -42 -78 -74 -77 59 -36 94 26 -41 89 -96 -43 -87 -47 -5 32 -2 -93 -24 -7 70 -41 14 -32 -24 38 -11 16 4 35 -99 -1 36 -77 -96 63 -18 2 22 9 76 -5 -59 41 6 68 84 -63 0 75 -63 36 -16 -34 67 -97 42 -14 -13 70 66 -80 99 -30 -17 90 -15 -37 13 74 -95 51 -58 64 -6 29 -45 -85 -87 58 -89 17 3 88 63 69 60 -76 -92 94 -9 85 79 0 -24 -10 -46 73 21 27 -43 99 71 -98 -37 6 10 -32 55 -15 -33 -14 -96 -67 -88 -61 43 43 5 -3 77 5 84 95 -60 -36 97 47 44 47 62 61 18 -30 33 34 38 -16 22 -60 -11 -43 -35 -91 -11 66 -52 -16 57 7 -16 -35 79 66 -20 24 -97 100 3 -3 39 43 14 49 -66 -9 -53 6 2 -88 34 1 -92 -75 71 -57 57 62 92 67 -18 -39 88 -40 -89 -79 11 61 -31 -98 -45 9 -10 -63 29 21 46 -35 -72 83 70 6 -59 50 -16 31 79 67 -82 53 0 28 -23 68 -74 51 69 46 63 -95 59 92 92 -45 99 26 -59 -38 -16 -77 -42 -82 47 61 -99 10 -46 75 -91 -57 4 -51 58 -22 -49 92 -70 -92 -15 -37 85 -29 -37 -36 77 35 -6 -15 40 5 50 18 86 63 49 7 -51 16 20 68 8 -57 -29 -44 -76 50 -49 20 -9 20 -25 52 53 15 -79 -45 -64 86 -18 72 54 0 44 91 -89 -16 -68 -60 17 -37 31 -98 -90 18 41 -41 -89 65 -69 -35 84 62 25 58 3 -47 -79 57 41 -34 97 -100 49 -20 37 -23 -95 -20 34 21 79 74 -65 -21 -54 32 35 -92 -8 40 0 63 24 62 39 64 -72 84 -9 -65 59 3 72 -2 8 -61 -5 -84 61 -34 -80 38 59 -13 84 94 -75 -93 85 -66 -27 32 29 23 -33 39 -92 73 -92 38 -64
-2 44 -90 1 -16 -55 -49 -78 -97 24 56 27 57 5 -60 20 -21 -51 -98 64 4 -80 72 37 7 91 -76 96 7 -61 -31 81 -14 77 -63 -84 68 -37 -10 -56 81 73 -74 66 -92 -61 -62 -94 57 -99 91 -33 75 77 -60 -88 -24 -82 26 -15 -91 -89 40 82 23 -42 -12 -47 55 -17 -93 50 40 -45 36 -98 -27 -54 31 -15 89 60 -49 84 60 28 17 -71 -35 91 -10 -59 89 -30 24 -7 40 -32 -6 -11 92 56 65 -60 -22 3 31 -34 53 65 -46 -100 82 56 71 -97 -71 68 -82 -16 -73 -77 2 80 77 71 91 -78 -85 -39 -16 -14 30 -48 66 -7 75 -42 76 -15 61 -68 71 31 2 32 -36 -93 -81 -14 -71 73 -55 10 -78 -17 19 -66 -52 0 22 -24 -32 35 69 -88 -71 -6 -70 -93 -66 -77 -16 -48 -60 82 17 -92 -77 49 -56 -52 63 -62 -36 -94 -22 -34 -43 82 -52 4 -96 28 -99 91 -40 39 98 29 -55 -89 -62 -40 -46 -50 -18 7 84 90 -100 48 -40 -79 96 -52 -75 -66 53 90 4 -75 22 -11 -11 -81 44 18 -10 39 76 67 31 52 81 68 -58 -24 -50 -21 12 -40 56 5 -6 -23 -9 -13 -87 53 56 14 86 -50 -79 -42 61 48 -8 7 -22 47 -85 71 58 -74 13 49 0 34 -73 -17 89 13 -29 -80 25 -39 46 83 19 -39 4 -93 83 6 -89 -62 13 61 75 -64 1 96 98 -65 85 15 -46 -55 -90 -24 96 30 56 -77 4 -50 -76 -18 -88 -69 -40 -96 60 22 -20 41 -76 32 -17 93 93 73 40 -73 -89 -18 -77 -23 87 40 -44 92 -78 74 10 -62 76 -17 -40 -91 -66 -87 -51 0 -61 -77 28 76 48 -7 -87 89 4 20 -62 11 -31 39 -27 -23 -48 30 26 -95 -35 90 -3 2 -47 47 -40 40 -70 -69 -49 -15 49 96 -45 3 6 -51 46 79 0 75 52 41 -52 -63 36 52 71 92 5 -31 77 -42 -71 -55 50 -97 57 75 -4 -99 -93 -33 18 22 49 -60 50 81 75 61 67 -61 -49 43 -21 -1 14 78 61 15 34 41 67 -84 -48 -91 9 35 5 -41 74 88 -74 -36 -90 39 29 -92 -42
77 -14 -75 15 -10 -53 79 41 -72 -32 -63 9 -71 -90 -88 71 91 -92 -42 50 -42 56 -69 6 -25 58 -49 -92 35 -92 92 65 65 1 -42 54 -90 34 51 -74 47 85 22 -61 61 91 14 38 -71 -4 63 82 -47 75 42 87 -27 -29 -56 96 -86 87 -100 80 53 -52 22 68 22 -82 -45 -24 -98 53 44 -79 83 36 -69 -93 -6 70 12 0 -21 -47 47 -83 48 -99 -9 81 98 -88 -30 57 -92 98 54 29 -35 63 -20 -71 -71 -51 97 -87 -63 -32 -58 31 32 14 -99 -46 -98 67 -73 -18 -11 -63 -11 17 94 -89 -16 6 42 84 -59 -80 13 61 29 -22 30 -31 93 38 -36 -36 40 94 -44 -60 28 -80 72 68 -82 -10 -17 -4 48 20 -23 -53 -61 25 6 -91 43 -66 12 -40 35 64 22 52 10 9 -2 -99 -80 -84 97 -79 -86 28 13 -33 12 44 -44 -76 55 -62 -57 20 -22 99 57 -68 -94 88 75 -52 -51 32 38 9 -92 43 -74 36 -66 -29 -87 -85 69 49 -16 -79 13 -32 47 -2 -57 -35 36 -9 -53 10 41 -19 67 29 -58 -20 76 -76 -98 2 -80 82 -90 34 -4 27 88 11 4 36 62 94 17 -60 -19 96 -15 94 -83 -79 -41 71 -82 5 -46 47 3 31 -77 27 88 -65 29 91 48 21 81 -28 -22 -32 67 34 -44 19 -35 -5 64 -40 28 -70 27 63 7 9 53 98 -38 -94 -93 -24 16 44 2 -96 61 -12 19 92 -43 10 29 -35 47 -72 -80 -10 24 -32 -11 -18 0 -67 13 -51 -13 -80 1 9 31 -30 83 -41 -42 -72 96 -6 -60 -40 -5 100 -59 30 -2 40 -4 18 4 13 -26 90 -8 99 68 21 51 -80 -18 -17 -93 68 -11 -37 5 78 -54 -5 -62 47 -99 -57 -26 -40 83 20 26 95 -73 58 -52 60 -26 -87 51 52 43 -4 88 -58 -73 39 47 76 85 37 -27 -97 28 -47 79 -72 -42 -76 -90 -90 -37 -81 -100 -59 -83 61 -53 28 -32 -4 -68 -22 67 -11 -43 -87 37 -96 36 -13 -67 -32 64 18 100 13 23 11 84 48 -99 -80 48 -78 -38 29 -56 -6 -45 -39 95 36 -32 100 76 53 96 -52 -40
97 85 -71 -67 31 -12 49 81 -21 100 -64 64 -49 -10 12 32 90 5 87 57 -90 69 -92 50 -89 -41 -54 21 -35 61 -53 89 27 -53 -41 -36 -75 62 100 56 81 8 9 -7 67 -34 -29 6 88 -61 40 -46 -86 -95 61 30 -78 -79 88 93 -90 -15 -31 -7 -61 -60 -58 -87 -6 -83 60 -86 -89 -4 -42 -15 74 58 42 16 29 38 -96 -11 55 -76 -46 59 6 38 92 61 70 -26 10 30 24 95 -15 57 -42 -29 -34 39 -28 -66 -25 -28 21 19 -30 -100 -16 70 22 -2 25 19 36 -19 63 -60 42 87 -52 26 -7 -47 67 -15 27 29 37 30 67 -74 26 -63 96 -7 -43 25 31 -42 -17 -14 94 -97 15 -91 44 -56 99 -20 18 2 7 84 -96 96 -43 -89 -77 -27 54 35 55 -72 90 91 76 41 -27 -80 -92 -89 -30 90 37 89 -30 -74 -20 -32 -63 -95 61 35 -17 22 -58 82 -27 45 -69 1 53 5 45 -97 67 24 33 61 -50 -13 -27 -89 3 33 -80 -71 26 -11 -26 -36 34 -69 -39 5 -91 10 66 28 99 5 6 83 -91 -6 36 34 -100 -32 64 55 39 -31 72 -11 74 36 3 11 -1 -10 7 38 -24 74 42 87 86 36 -55 29 33 11 -25 9 15 -74 77 56 -58 -11 -34 -23 50 86 -92 4 -80 20 78 74 21 8 -63 64 -99 66 44 -60 -29 -32 -65 37 -7 -65 -49 -85 29 -3 64 30 -33 95 -10 82 36 -93 -14 98 84 58 62 -75 -51 -17 89 13 65 -8 -93 100 29 0 75 -4 40 26 -73 41 -23 90 57 -55 -76 -75 1 29 80 -82 -78 3 83 -41 61 -1 -38 -5 92 26 -4 -19 3 -15 75 -15 -27 85 6 75 -40 63 39 51 -81 14 -65 -100 -73 -17 17 42 100 34 -69 -4 -48 -65 -27 -84 33 -21 -77 -58 -9 -77 57 -41 19 -60 -17 -88 -27 87 89 7 -73 -10 -85 11 40 55 -57 -34 -38 95 -27 -3 90 -20 30 17 -15 -80 80 -14 55 -15 95 -35 -2 92 -34 15 -73 36 59 0 0 -91 73 36 -83 -65 -99 18 45 19 25 42 -50 -64 -80 52 38 71 19 88 -46 -67 95 -43 -74
-3 -51 -68 57 -95 -53 -63 -54 -34 -63 35 -18 65 -44 84 33 -73 50 -26 74 -3 -86 32 -9 -34 -3 -91 91 2 16 -66 -52 49 -42 51 -75 94 70 97 23 -66 -1 -52 -25 91 70 95 -46 -1 32 68 75 -52 92 -100 79 -66 29 -34 -51 -96 -89 92 53 -24 -54 -18 23 -13 -30 -84 -62 34 27 37 -37 1 -19 48 45 -72 -57 -51 89 29 -53 99 -16 31 15 -45 8 52 -90 -32 84 -64 51 22 32 64 -77 59 -44 -42 -96 44 -24 22 -35 17 -67 -31 71 -80 74 -32 43 -91 79 -5 -37 -85 -88 63 -51 72 4 56 -58 75 16 24 -72 59 -48 41 96 -13 -41 -47 -70 -88 13 22 70 -79 26 11 25 40 21 -12 -2 -39 84 -18 69 -47 -67 22 78 50 95 -11 -56 31 -11 -22 -5 -24 -13 -42 -11 -64 14 46 -91 43 -32 -45 7 -96 100 48 -39 -18 99 2 9 63 49 -23 -22 29 -46 -81 74 14 21 -57 50 4 -75 28 34 54 -30 12 -96 96 2 63 98 -60 67 -94 88 -43 -54 -70 20 -80 -17 91 -83 -95 52 -90 -2 96 -29 -72 -89 89 65 55 81 88 48 94 84 -1 31 -37 80 -6 -30 -92 -13 -76 -100 68 -82 72 -7 -36 -79 42 -40 93 -27 -58 -44 59 -32 -3 -19 -46 -5 82 -31 72 23 46 76 39 -98 48 -84 -46 -94 -18 -6 -26 28 56 95 -51 86 -77 5 -47 -92 87 -72 87 -65 63 83 92 16 63 -49 -46 -26 -23 -71 80 -24 29 -45 -19 -92 1 30 9 -33 11 79 27 -35 -78 35 -99 -19 -53 23 -45 64 -55 40 59 -78 0 -100 -30 -88 -57 83 -52 -15 -26 77 74 -71 61 -61 31 57 29 -28 -23 -50 -81 34 76 65 -41 -8 81 -9 -89 -42 -80 -50 45 -96 -75 4 73 75 -52 86 60 -44 -74 98 -97 -24 -80 -10 -23 38 80 33 -47 -43 -48 -28 43 81 44 -84 6 99 41 57 -83 -60 -95 87 -23 -65 -35 -99 27 -45 -97 -19 59 15 -34 -18 36 -54 94 89 -81 -38 44 -1 -73 33 93 -15 -42 -56 -15 81 85 -51 53 -9 27 27 -89 56 -1 19 67 76 36 -67 -2 -12 -4
-45 73 83 74 -86 -94 51 -24 -85 -85 51 -60 41 -77 -13 -12 -77 -92 -11 44 49 14 -34 -26 -45 60 -69 -83 86 -54 77 -75 36 -52 -40 -35 76 -94 24 55 -99 3 15 3 -31 -89 -49 41 -67 90 73 -96 -34 -51 19 70 -24 -63 90 -21 2 -20 31 -88 -62 -13 83 5 -57 78 -67 -13 -21 -6 -98 -59 67 45 -34 -55 84 -87 -12 5 -17 46 87 17 -54 63 -1 54 -73 -27 -6 92 -92 -39 46 -63 -8 30 79 -15 41 -72 38 30 33 36 40 61 -99 10 -90 -24 85 46 24 3 -76 41 96 46 22 -31 -1 17 72 -19 3 18 -100 -72 -100 -73 -28 -55 25 99 -19 -33 -95 68 -78 75 -55 46 37 32 -3 24 -42 -40 -11 -66 11 75 96 98 12 -90 22 -11 25 94 40 -9 20 -42 -26 -72 98 77 60 -70 86 -74 80 81 -92 -78 96 -27 -61 -91 26 -93 -1 -78 67 -32 60 -97 -22 33 -53 82 81 -44 83 -2 72 -31 -31 67 -24 95 91 44 -60 80 97 20 1 -5 -71 37 -47 28 77 12 19 0 -60 35 91 33 -63 -23 -100 -73 56 -60 70 -83 -33 27 -22 -3 -23 -74 -61 -19 83 -52 88 52 -96 -83 68 59 -96 30 -19 93 90 -63 -26 -88 -20 24 -69 -76 -63 83 -42 -12 -59 97 -19 91 -86 100 -81 22 82 53 100 66 -80 -85 -67 76 -20 8 32 -19 -26 -79 -35 64 -94 62 -24 -21 18 -54 -89 -88 -75 -12 42 26 -51 48 -81 48 79 25 -26 -39 -49 -9 62 82 95 -17 -25 -1 -55 -91 40 99 32 8 -47 10 -44 23 -14 -63 -74 62 -69 39 -68 63 -97 -89 94 99 26 58 20 -40 -84 82 -94 0 -2 13 -12 -37 -56 -39 18 2 -30 -76 -24 90 28 46 69 66 92 -37 -23 -85 72 68 -49 37 43 98 66 -30 7 39 -9 -80 -62 -97 -11 -25 -5 47 13 -38 50 50 45 57 -52 -30 -97 -27 -73 31 -45 -50 21 -8 18 72 -96 6 -27 64 69 10 51 -86 -96 92 -68 99 -90 93 -87 93 39 -88 32 -46 -13 50 30 -40 -97 15 -89 68 30 83 14 13 -3 11 67 0 -65 -88 26 45 41
91 33 57 -30 -78 -18 -53 -93 -13 97 23 37 -24 63 -90 -97 -12 -90 -39 -70 33 25 89 -74 -22 6 -31 22 85 -9 17 94 -71 15 -74 20 -43 -49 35 8 -33 1 -97 -89 -88 0 -89 100 45 -14 -29 62 0 -14 -75 -59 -91 40 58 -44 13 15 35 61 -52 -39 18 91 -31 85 61 33 4 78 6 -30 53 -65 27 -9 -24 84 -26 64 -36 34 -40 75 79 -92 27 -52 79 -58 -98 40 90 50 -93 35 39 -52 22 64 -20 -98 100 58 68 -64 -23 41 19 9 -57 -61 54 -61 -42 27 -73 -28 71 42 75 94 -10 -42 17 42 51 -63 -13 2 55 62 73 -22 -37 8 -79 -25 -44 -84 9 -73 -58 -96 -71 36 77 14 -65 99 0 32 -9 -44 -11 -46 39 25 -80 -2 94 18 77 86 -33 -10 60 56 -24 -42 -94 -50 -35 -84 22 -45 -29 16 -72 -55 31 26 94 -40 59 -85 -12 46 46 3 96 92 23 -11 -45 -53 -86 -2 57 66 -34 4 -60 94 -77 10 -67 -72 -77 -16 -77 87 -48 73 -39 -73 -55 -46 100 25 62 -19 -67 -44 -38 -59 3 -41 64 -17 -19 -4 17 -97 -75 82 43 23 82 -10 1 51 9 82 68 69 -100 90 43 50 43 -74 24 44 84 43 59 -81 9 58 92 -62 -53 4 -7 -21 -1 -9 67 -64 59 80 -9 -85 -33 -85 3 -35 5 -73 43 -5 11 -100 -35 95 -5 65 -41 -41 -60 44 93 17 -79 7 -40 31 -92 9 -4 37 -31 -11 -85 43 61 73 7 71 36 -28 58 -37 72 2 -83 -23 75 67 61 63 0 -61 85 37 -22 18 74 96 53 -73 -1 -31 64 -60 23 -77 78 -84 -72 -59 14 81 -100 87 -42 -4 75 39 27 37 -14 60 -66 17 -72 -93 -44 -38 -66 71 -83 -53 -76 -44 -20 15 -63 -11 63 -62 50 -41 -1 -65 88 88 25 -65 0 56 -58 -50 -85 57 -5 47 -18 -41 -47 -29 -89 -15 98 24 55 66 24 -14 92 -6 83 -58 -82 -48 9 -42 9 41 -99 -65 -41 -4 90 68 -52 -22 77 55 -73 22 -43 -58 -82 29 -96 32 -76 21 -45 -20 -86 89 87 -56 87 8 -20 -36 -11 -66 -94
-63 -52 62 94 -66 12 46 -95 4 42 -89 -14 19 -18 -78 77 -62 -55 -25 -13 -18 -64 97 3 23 -38 -63 -64 34 -34 -8 5 -68 -21 83 28 -70 18 45 67 -81 -74 59 -75 -25 -22 60 4 -83 -40 30 72 60 -32 -70 -89 87 49 -46 31 -26 -1 -62 -30 8 -26 -52 -39 55 70 24 -49 46 -12 10 63 67 4 92 92 100 84 -57 -34 27 -18 -33 8 14 -44 64 -61 13 51 8 61 -59 17 -72 -61 47 97 16 -21 60 -19 94 53 -67 -100 88 -30 18 89 50 15 64 -5 14 59 -47 75 -11 -53 -46 56 -54 41 -65 83 -76 -28 7 -99 -96 79 18 -32 -60 -4 1 76 82 -64 5 7 18 -51 41 21 21 43 83 -17 63 24 -30 -34 51 -77 -4 -64 -75 -89 -48 -39 -20 -47 61 83 61 -21 -62 -25 -19 -86 -50 -66 -53 33 63 9 -64 -65 47 37 -85 -80 -21 -84 0 -8 59 -66 -50 74 -56 -82 -77 67 -60 39 -61 -21 76 -65 16 -82 -64 -89 -35 -56 -58 -44 2 83 99 -29 -24 -33 13 -51 -11 87 -50 -20 7 -4 -38 57 2 49 95 -6 71 -96 -13 68 48 -89 -16 -62 28 56 9 33 -67 -44 -74 -48 -46 -11 -42 -49 25 -55 20 -93 19 -79 -33 76 35 -1 -85 -21 -62 -66 -33 41 -63 -5 75 -3 -40 -81 7 28 56 16 91 -39 89 36 78 -32 -43 -89 -28 -72 -59 -41 86 -19 23 -84 37 65 -35 90 -15 -87 -50 40 -93 -2 66 55 -82 -16 -41 -44 -40 -61 -7 -68 -30 4 38 -35 2 -64 55 -40 -31 -61 57 -51 -90 -67 -76 -13 80 63 -91 55 -65 -50 81 13 -73 37 -61 78 52 35 -25 90 2 -84 -69 84 -64 -95 -92 -67 -3 -20 -34 88 -50 -37 -23 -97 64 -100 100 29 -67 55 -56 -8 67 88 34 53 -48 -97 76 -76 -21 89 32 3 -82 24 23 53 -97 -48 94 -68 62 -40 93 -15 -71 77 -34 95 29 88 82 55 15 90 -63 -88 -14 11 -66 -27 3 -77 87 -52 16 -74 -33 98 -79 -6 -94 47 43 -47 15 61 18 21 -11 -78 -40 1 -41 51 -90 -96 61 -99 -50 100 14 52 -100 47 -39
73 11 35 22 -77 62 97 29 -62 85 -90 -14 -73 -15 -29 94 -72 35 29 60 5 -48 35 7 84 -77 -99 -40 36 -2 -88 -61 -24 -94 17 25 38 -29 9 -30 82 99 82 -14 3 11 -43 91 82 -82 0 -10 -62 -72 30 19 48 -85 -58 88 -99 82 -61 -72 9 -78 -30 16 -84 48 -47 -3 29 -37 -34 -33 -78 33 -60 -62 70 80 60 7 -34 91 -32 2 -49 11 99 -87 -20 -17 59 -76 -49 76 6 11 -9 -78 16 95 11 42 65 61 74 83 -19 -22 -82 97 -1 33 -45 58 17 -52 73 75 82 -46 5 -36 80 86 83 30 -6 -16 -26 68 80 32 -8 -52 82 -83 47 -88 -92 54 -90 -56 99 34 -96 14 27 -58 -64 -74 -53 -70 81 -71 62 9 2 -61 -54 20 82 22 -68 -11 58 -41 -31 32 0 48 3 -53 11 0 -2 22 92 -58 60 -90 -53 -36 -4 73 -53 -36 92 67 21 -58 47 -40 -66 77 -38 -68 -97 91 24 24 70 -34 4 10 74 -18 21 -54 87 -62 -58 -75 33 77 -65 -10 -78 -35 -95 -42 87 60 -91 57 9 61 -64 100 -72 -33 -42 -48 -21 -6 -26 -85 -10 -49 26 22 -7 -42 33 -38 -77 27 43 -15 0 -61 -96 -7 -98 -95 80 -83 100 -66 -51 -96 12 46 52 -40 -94 35 -37 37 -81 67 -43 92 -93 -40 -80 82 -97 -28 34 64 -8 -57 -93 6 -33 -7 -45 -19 48 -18 -42 -74 31 55 -61 -51 -87 67 -91 19 53 86 -73 -100 81 2 65 -7 -93 65 30 73 82 -66 34 -40 -40 -54 50 -53 29 -15 -65 13 67 3 -97 50 -6 -19 -52 -39 38 56 57 -18 -44 52 18 -81 -9 -72 70 -65 61 27 -81 -16 16 -98 89 -72 -52 81 95 -63 86 75 -57 44 -61 45 87 -47 40 -93 77 25 27 -69 20 69 10 50 -71 91 42 -53 -93 -7 -31 68 50 -66 92 48 -91 2 42 78 -35 -75 -67 35 -32 -10 16 -66 -72 49 62 12 33 -13 -22 -22 -48 -3 68 -38 58 73 -60 -69 -78 36 -34 14 36 9 2 -16 -39 -67 -24 -62 -24 82 33 14 -22 -100 -5 55 -83 -19 -74 31 85 -77 -81 4 -2
32 1 3 -37 65 -22 -91 -2 83 72 6 38 -22 -34 54 -31 5 -48 49 17 -67 83 15 79 71 -9 33 -30 -99 -2 29 75 60 -46 47 70 40 67 88 -6 -13 56 0 61 -70 -73 -30 -14 29 -26 -75 35 -7 -36 -61 40 -64 13 53 -95 34 -22 -15 72 -97 -88 -73 -38 -47 54 21 -86 -16 -75 61 44 27 -51 68 89 10 -95 -48 48 -26 -71 52 -2 40 -68 81 -60 -22 86 -20 -90 46 15 -71 0 24 58 -4 -75 -24 -82 -90 -7 -87 -11 48 -70 -9 -42 93 53 -86 95 -43 -62 -47 -48 68 -78 -69 19 80 3 -1 72 73 -72 41 80 61 -79 -72 -84 -6 28 90 32 46 -70 54 -38 -24 84 45 -23 94 -12 -57 60 31 -23 -1 31 -17 76 -49 -51 -93 -73 -74 6 -22 63 -36 86 1 6 46 -44 -19 69 62 73 -2 23 19 35 84 -77 88 -77 -54 -74 -29 -50 46 59 79 38 19 73 86 36 -11 46 47 7 3 8 -46 9 -33 78 -6 -100 -88 -32 56 82 -69 93 46 85 48 46 -78 85 -12 -95 -35 -16 22 -97 95 -58 96 20 28 62 0 -90 9 -89 23 95 -95 -86 28 -19 -99 49 28 -63 10 47 96 -14 33 20 -66 73 92 33 64 9 60 58 12 48 -100 -59 -36 -37 28 -72 73 -24 -40 -7 -37 28 23 50 49 91 66 -8 38 -15 100 72 -74 -3 -73 -49 69 -99 16 74 77 -44 -4 73 -87 93 76 -75 7 13 25 -82 -7 -54 41 95 -23 -3 -18 -39 -58 -88 -84 -13 -2 -31 -39 13 19 -71 64 -84 65 3 92 -55 58 -30 -96 -65 22 -45 -47 97 12 60 -80 -39 -58 17 18 -86 84 -63 71 73 -48 -74 10 -89 -100 -98 -43 -86 -56 -69 73 -91 31 -22 -60 89 -73 29 -53 79 -44 88 -41 95 43 -81 44 -37 67 -75 -60 -91 93 97 93 -66 -27 -9 -74 72 16 82 -82 -70 -90 -32 -14 -50 -13 24 28 -42 84 23 53 -46 -43 31 61 -41 28 -12 -87 -17 -68 77 86 11 -1 65 29 -18 -31 -73 31 82 -20 45 84 -76 71 86 -26 -38 -66 34 -33 96 -6 16 -44 -46 53 93 -87 0 35
14 -21 69 -40 88 -21 -45 10 -75 -54 45 -13 39 35 37 -31 -80 -97 11 29 54 68 13 55 8 -24 10 61 -14 -20 -11 70 -58 -20 57 51 -71 25 98 -73 -2 -43 -43 78 92 -29 -25 40 -31 -20 1 -85 -76 36 -68 50 -37 91 98 45 88 -82 46 -17 54 -40 80 55 -26 -73 -82 -59 89 57 -72 -91 -25 78 -99 100 -80 -54 51 60 2 14 -65 -36 -9 -37 92 -100 60 -61 47 -45 22 48 45 -23 -62 88 -83 -6 83 64 58 35 -18 26 -7 -70 71 39 87 -60 -12 -22 80 40 9 7 100 94 8 -66 55 -92 94 -87 23 86 -39 -93 -70 -66 56 -26 86 -46 -78 68 10 1 4 -11 -90 18 54 -76 25 -92 42 -4 24 -33 -59 -30 -87 14 -70 77 25 -36 -61 63 -83 -16 -25 -52 -74 82 57 13 -67 100 -90 -32 -81 -12 -53 21 0 69 76 -84 -41 25 67 60 -82 97 -2 -70 79 -64 35 18 -18 37 -16 -99 88 -59 -12 77 -90 80 -76 8 -53 -81 48 84 -29 -62 -33 54 -54 -71 2 -47 16 -30 -81 -22 -21 73 -68 45 -19 1 -33 -55 1 -47 38 59 -87 -73 38 81 -68 -24 -99 7 21 -19 96 60 -38 -43 53 94 79 -44 24 -29 59 36 -49 -95 71 -30 -76 58 20 67 68 -73 19 54 -12 -62 95 24 68 79 -46 5 0 -23 -48 98 -47 -69 20 -40 -55 66 85 30 14 -40 -53 21 72 -68 74 -25 -52 75 -54 -77 35 54 -6 -91 42 45 -34 -10 -36 -99 41 76 50 -83 -31 94 30 -99 16 -69 -74 33 79 -23 57 23 29 -73 26 -36 -30 56 -42 36 -49 14 97 -27 -68 -40 74 -52 -95 85 -44 55 -59 34 65 10 -18 -5 93 -73 -60 17 -38 -95 27 70 -6 -6 47 -65 53 -21 5 9 -4 12 -86 -1 -58 94 -58 44 -88 9 -12 61 98 -14 54 -64 69 95 51 83 47 59 -31 -8 55 92 92 68 98 -56 -86 25 -31 -72 34 48 -87 7 -27 94 -77 85 9 -73 50 -34 31 88 9 36 -26 3 -2 57 -79 -77 -46 41 -85 51 52 86 69 48 -62 -58 -35 -93 3 -99 94 -89 -88 -42 -19
65 41 9 -67 97 66 -10 -9 -3 -64 2 81 9 42 -71 44 -47 -68 53 99 75 -76 -33 91 96 34 99 -54 -91 -83 65 88 72 -18 -16 -42 76 -20 64 16 -47 36 25 -73 -32 -25 39 -44 -23 -99 -13 3 -32 68 91 -84 -15 -51 15 95 54 -65 57 46 -81 54 15 -29 35 -25 -8 -72 -66 -42 0 -64 31 94 89 65 16 62 38 78 -23 0 77 -68 15 79 33 -85 -7 -13 15 -3 30 87 -79 -48 68 84 27 8 15 -73 -94 -95 -80 32 -25 51 -55 20 -19 -52 75 -89 14 18 2 47 -55 -37 96 76 -46 -77 10 22 -91 32 52 -94 64 -19 -11 -9 -4 18 -36 36 11 96 12 41 82 -42 -71 -51 59 -67 -67 5 -75 44 28 53 -40 -85 -11 30 96 -53 -10 8 65 51 63 0 -12 65 99 -92 43 -43 -71 -91 31 13 27 4 -74 93 -66 75 83 29 13 -3 54 -16 -87 -39 49 -66 -25 87 -82 53 -10 54 -92 57 -83 -39 82 59 -67 -10 58 77 -87 -61 7 31 26 -3 24 -3 -21 -93 24 40 -27 100 96 17 87 40 -26 -40 -82 -28 -95 35 -15 54 53 49 -44 91 96 -97 -1 -33 -79 -51 -31 -64 -75 -19 31 -19 65 20 48 -33 47 49 -58 -58 -45 76 -47 -66 -66 33 42 -64 3 28 93 28 -3 66 -43 -87 -23 -15 50 -10 99 87 -51 63 70 -33 71 -78 -59 -56 -42 13 56 57 9 -62 90 -39 72 -100 60 76 22 3 24 4 -18 -37 -33 3 -88 77 -87 -16 14 -13 2 53 -84 -53 -68 -18 22 -9 -75 -69 -81 64 -70 54 -75 39 -41 -33 95 -99 16 -96 65 -79 -75 -19 63 21 59 -4 -44 -74 -13 29 -29 91 -65 -52 -32 -92 71 -85 92 33 59 -87 -36 46 -88 28 -15 -68 -32 -61 -80 -44 16 -80 -54 -33 33 -21 -2 -35 -37 -10 25 61 77 52 60 1 63 -10 -90 -22 97 -57 -84 2 -9 -43 -59 -48 86 42 11 59 66 47 86 -15 -17 75 46 89 43 -25 85 -32 -53 -8 -36 -5 81 72 -27 80 -47 -56 -29 -53 54 -38 67 -14 -18 18 26 -84 23 -28 -44 24 -2 50 14 -75 -35
-2 -50 -63 -75 27 85 -58 85 -51 56 81 88 35 15 -49 -71 -68 -56 -47 10 17 30 16 5 -92 -14 22 -79 53 -85 -61 -71 76 -9 93 80 -70 -26 39 52 -10 -47 65 -65 18 4 -80 79 80 -43 72 -40 22 -71 99 -65 43 -11 8 27 17 -84 -59 -52 -42 91 1 41 54 -97 -83 -7 25 76 -54 62 -38 -3 -100 88 -51 -49 -50 86 -89 -3 -6 6 24 -87 -45 87 -72 -50 -52 -56 -93 -79 -7 -86 37 -48 84 91 -5 49 67 2 29 -88 5 56 6 -90 -26 -95 13 -11 -15 -69 26 -40 -32 12 65 58 98 46 -17 89 -73 -98 -34 83 -33 -1 33 31 -55 21 97 -40 -26 -7 -5 97 -38 -48 46 34 22 95 -44 -91 -76 -99 95 -89 71 -57 57 -14 85 -48 58 -63 80 -51 -41 -84 -35 -74 -32 17 -59 -84 75 32 -80 53 87 48 80 64 -41 68 -76 46 -100 52 35 -50 -89 -95 43 -34 32 5 18 5 37 96 -69 84 26 -61 -97 25 -47 -38 -39 58 100 38 80 58 69 3 63 -3 -85 -40 79 53 -71 53 62 76 -65 -2 -1 -35 -76 -46 64 -12 -28 -24 -49 51 -85 -85 71 96 76 7 69 69 -86 -62 60 -43 -7 3 12 46 -97 29 -20 19 21 -85 -52 74 -59 -74 -31 -33 42 75 -80 -34 70 -69 -11 -9 -37 30 -81 -88 -90 -18 58 -62 66 91 49 -91 46 -42 6 49 0 15 -30 71 -19 -36 48 -77 -83 -36 71 14 -18 85 34 78 -41 -94 -38 54 71 20 100 -50 -3 42 -63 70 -60 -18 10 -48 4 -64 -28 -54 -31 41 -22 77 37 -5 -25 96 -98 44 -92 -56 -20 90 -24 -58 54 6 45 -22 88 -14 -60 34 -44 -47 -40 75 -24 16 -98 -95 -17 -41 90 -92 -9 -13 58 76 77 -13 -88 90 -60 -100 7 100 96 93 -26 80 87 -58 10 -54 54 -12 -59 63 -63 64 -77 -64 17 10 -83 19 62 27 -92 74 1 80 93 77 42 -5 -21 -100 95 78 97 -63 -61 -70 -81 59 -57 12 75 -81 80 -27 -89 16 -20 54 -93 -9 -80 16 -75 99 -41 83 53 73 -53 9 -49 34 -67 -40 -50 14 27 -23 -15
59 -63 51 99 93 -71 51 -74 -96 69 27 31 32 -15 82 -97 61 -91 97 97 0 55 26 23 -57 99 87 22 23 -77 -58 89 15 -28 -2 -76 69 -60 -74 13 85 5 -87 12 88 -54 86 -93 25 33 -1 -94 13 -97 -89 66 -15 15 59 5 -32 -67 -14 94 -60 74 -99 -16 50 20 29 17 71 99 -95 -48 -85 89 -16 -34 69 -47 72 70 0 -58 44 -2 21 -7 -100 52 30 13 -4 92 93 64 -36 16 -37 49 -75 -82 32 22 -73 96 94 16 48 -33 28 -16 67 -96 -71 -19 53 -39 78 -53 26 -86 93 36 -57 73 -56 -73 -24 -9 64 63 -52 -70 -73 30 -30 -87 -73 -57 72 -19 32 44 67 27 60 33 -54 -78 -91 91 -60 82 16 -93 -3 -97 -19 -71 93 -96 43 -41 74 28 8 33 -75 81 -100 -2 -65 15 58 45 72 97 -30 81 -41 -17 -85 42 12 30 63 36 77 41 -32 18 -7 85 55 -67 93 -12 20 27 -48 -98 6 69 -33 71 65 -38 -50 -27 -68 -84 38 7 78 83 -16 -21 -73 72 -30 29 -13 -58 64 41 61 71 31 53 46 -3 -50 -11 -55 62 95 37 -2 58 -78 -17 -81 -86 72 8 40 28 100 42 -94 -38 -16 -93 70 20 54 -3 5 -32 45 -51 -75 68 -24 33 -48 28 -62 69 -93 -8 -68 -78 -99 -91 21 -95 26 -55 37 7 -9 -77 -80 -49 -99 -75 20 42 -22 -33 59 79 45 -69 40 85 18 39 9 16 26 57 86 69 -75 -97 89 31 -98 -52 27 46 -58 -83 -69 38 -73 33 -76 -3 -92 1 92 62 25 -81 59 -58 65 63 22 -1 76 24 46 -84 -79 49 42 -15 -98 64 45 -85 -61 -30 71 33 6 -98 97 -33 -36 -5 -88 65 88 27 -13 67 -19 55 -74 85 -11 -67 -48 62 -92 -21 -7 17 62 -41 -87 -50 91 95 96 2 -92 17 29 49 -78 -52 -63 20 -68 -34 -31 -50 2 87 -46 -8 36 -6 35 -44 20 89 18 60 86 70 0 -22 -61 70 -61 16 80 4 -13 46 80 -77 47 -5 97 96 55 62 83 -2 13 14 5 -44 89 -83 -17 54 -71 -67 -42 1 45 -6 -51 54 42
-49 63 -87 -1 -78 -51 -97 -50 82 31 -15 27 -52 -98 58 13 44 -79 54 -52 -29 98 18 89 13 -64 45 -7 -73 -10 -6 85 -40 -84 -82 23 -94 44 51 -37 -43 -81 63 -49 -80 -53 -53 30 5 64 -43 57 82 19 -2 -83 -51 28 -87 66 29 31 12 4 67 -28 22 -96 -96 50 68 28 -25 -86 91 32 -76 -71 -9 60 -44 62 10 -38 54 -54 -40 -47 -52 -97 -3 47 -44 7 -88 -57 92 70 -6 -15 77 10 33 -83 -7 -37 4 80 99 -48 -80 -62 44 42 50 20 -11 -81 53 60 56 -73 22 -6 18 -73 56 49 -93 -96 -55 74 -91 78 -75 14 26 89 -27 -5 6 -30 56 -87 53 28 43 -52 -31 -74 -94 -59 -58 15 -76 47 -74 -85 25 76 -51 71 20 46 24 -3 76 95 77 61 -52 48 6 26 -65 -47 -33 -15 -41 -55 61 -62 6 0 19 -4 81 26 47 22 76 -22 73 -12 40 -26 56 100 -49 83 -32 63 -49 -11 17 -14 -10 7 -43 6 64 27 94 -69 54 -40 -78 81 -52 -83 -14 1 81 -66 -71 -45 46 -43 -34 -100 15 -23 -50 30 12 23 1 -53 42 -77 -11 -71 -37 68 -54 93 -72 -1 23 -4 -39 -7 75 38 50 -89 -79 -85 31 -9 9 -35 -56 -93 68 -41 -34 91 -93 1 44 -30 -73 70 -41 -98 -71 96 43 71 -54 -5 92 74 -82 19 41 -37 22 58 94 -85 9 -59 -64 14 60 76 88 13 -89 -22 -36 42 11 -44 51 52 -48 -98 -15 -13 -46 72 61 18 -26 50 28 33 7 1 -60 -55 -29 -10 72 20 24 -84 58 9 9 -38 -15 4 100 -26 46 79 2 65 51 -70 -77 -19 79 4 19 29 87 -47 96 -62 48 -57 73 -11 36 94 22 -25 39 -37 25 -83 71 92 -57 -91 64 63 2 -96 -99 -86 -91 26 -30 26 39 75 -58 83 -67 -98 -31 -34 -51 -17 7 -17 55 -63 37 24 -46 -42 -63 45 -52 -55 -27 -71 -4 39 96 -40 -32 34 -1 -84 0 -31 -61 60 25 64 -27 -24 42 21 -74 -51 -23 -48 30 -73 -12 -43 -66 26 74 15 -69 -91 1 68 99 28 8 57 -77 71 -59 50 -45
63 54 9 -41 -43 -62 -56 -81 -68 -80 -37 18 43 5 -40 62 20 26 81 -50 70 97 -20 -65 -83 43 60 88 72 -3 27 53 46 -20 90 4 -35 -35 -1 -95 74 12 26 59 6 -59 92 84 -19 62 60 -93 -53 97 -19 -5 -93 -15 -58 14 93 51 -73 -22 -22 15 -37 25 -19 -64 68 1 84 -63 1 18 -24 17 -48 -15 54 89 64 39 14 -79 78 70 35 9 41 88 26 14 36 92 20 96 -47 46 23 -22 24 84 -50 -28 -52 21 -94 -22 49 -35 22 91 92 87 -13 70 -92 -71 95 46 18 -43 -81 -75 64 -91 -35 91 40 3 35 57 86 -72 -12 52 -46 -20 18 32 -69 46 -71 -13 42 -11 -38 -13 54 36 -15 27 -57 48 -70 36 3 55 0 -31 -19 12 -28 81 66 18 17 51 -37 11 63 -76 -33 34 76 -96 -50 -77 -81 -60 -75 -26 -12 33 15 -50 56 94 10 75 -58 76 69 -17 52 67 -55 53 95 -1 18 35 23 -35 88 -98 -97 96 6 49 -75 -39 21 -17 -6 83 35 -91 -27 -56 -3 47 57 -79 -44 48 -90 83 70 85 15 -91 26 -77 45 -40 6 95 93 -73 78 27 7 36 92 -33 -33 100 0 -8 -14 62 -92 -61 -45 70 -11 -70 75 37 0 5 30 -65 43 18 -95 -70 74 64 -90 65 4 64 -19 -40 55 -42 -53 -11 92 90 92 60 -89 -83 -26 -88 36 63 6 47 -22 -46 -20 93 43 -61 -55 77 99 87 13 41 -4 36 50 -27 -14 -35 100 -33 77 -98 -40 93 -22 -73 -48 -4 -34 -12 -61 -65 -83 88 -63 27 40 51 -6 -21 9 81 41 62 -70 33 -84 8 90 77 -85 91 -44 80 34 -10 83 -29 63 31 -78 73 87 -72 72 14 -63 83 69 -31 44 -53 81 78 -18 -62 -75 -41 15 17 51 -34 31 -13 -69 6 42 -69 -80 -27 4 -85 52 -64 74 22 90 84 66 -40 -19 -88 -12 69 -12 38 88 33 47 -62 -38 19 27 24 66 12 -81 25 35 4 -67 23 12 -96 95 22 -5 72 -2 -78 -94 66 83 -15 53 43 -70 -87 49 -13 48 0 -73 -35 48 -41 -36 -7 -22 5 -57 -58 21
-78 -5 11 0 12 -57 -13 -75 46 58 50 -99 -14 -30 71 -89 67 20 -36 31 57 -79 -23 7 -18 -81 79 -78 -12 12 16 -96 55 20 21 -46 89 -3 100 61 -35 79 31 70 -11 19 39 58 8 64 -70 5 63 58 -5 34 -39 45 39 65 11 -30 -35 -79 82 -74 -28 -62 -29 87 7 89 -91 -1 41 90 -9 92 -72 -1 -43 38 37 -7 -50 -36 -32 44 -58 87 63 -65 9 -86 -59 11 78 -66 -75 -84 -1 66 35 63 6 -28 42 12 -22 -75 7 38 -55 -93 -87 -93 29 16 -26 69 56 55 -16 66 27 69 99 -31 29 -97 92 35 84 70 -74 -74 -7 7 -40 50 75 70 -16 74 45 0 71 -56 -53 3 -98 -67 68 44 73 19 79 -81 58 -45 -21 53 -74 -15 22 47 22 -79 -45 -96 -68 -5 -89 54 -94 48 44 0 -91 -26 -58 -79 -6 50 29 -96 -43 52 -89 -88 75 53 -93 96 2 -95 -3 -4 84 -14 -83 24 -54 -59 25 -22 -76 -18 38 -71 -13 88 -94 44 10 -82 18 66 59 -25 18 1 -49 -14 -42 11 -83 41 98 25 -72 -49 -38 -92 49 94 89 12 85 38 6 -64 -69 -73 20 -42 -65 -27 9 8 58 -50 -57 0 71 -80 87 -46 -76 28 35 -8 -17 -51 -15 -77 -10 89 -12 -64 8 -68 -62 -69 -16 24 42 -2 22 96 -43 12 -70 27 80 -34 33 6 -34 -50 49 -20 -52 -32 66 17 -8 97 11 48 22 93 19 16 -7 -25 0 32 -82 -76 -43 27 -3 72 54 55 -26 13 90 -30 -74 47 -27 72 -46 -15 53 20 62 -30 75 76 -95 12 -80 19 49 50 28 -56 23 -26 68 -22 64 -35 -70 -59 45 95 89 87 87 94 8 42 -78 58 45 38 -64 -72 -17 43 20 -15 -85 24 -38 32 96 80 34 -93 -2 -61 -14 18 92 64 11 20 -44 8 6 -73 15 20 22 -24 -68 -24 66 21 -19 0 -94 -53 -86 -31 47 -71 38 7 31 -7 16 -79 -63 -30 -82 91 -28 -93 40 -89 -25 -87 -86 -62 85 93 49 -76 -12 -80 41 -1 -80 14 8 96 14 37 42 69 20 52 53 50 -11 -86 39 -87 89 16 100
16 46 6 53 46 -8 78 100 -99 -39 65 11 -16 -87 -36 88 25 -98 34 -44 -1 99 -22 -29 -95 -77 -20 55 -55 57 55 -97 40 58 -90 53 -28 0 19 -97 94 -45 84 23 -76 -96 -21 61 -5 23 -68 -31 15 -21 41 24 0 17 -4 26 66 -1 79 -25 33 -18 21 -76 21 -60 38 6 34 94 48 55 40 44 -82 -48 -26 -4 36 -79 73 -13 67 -95 92 31 9 88 50 59 -6 41 21 59 -43 -61 94 -22 -48 84 -89 58 -76 -50 98 -61 73 87 93 40 8 -86 -12 -88 -31 -92 87 -92 81 -78 -96 -6 64 66 -54 51 -5 71 68 -60 88 -98 -53 -1 -85 -92 50 -37 -95 -96 -47 76 -75 -23 52 -52 85 64 -92 -6 18 3 89 15 3 60 -32 67 21 81 -30 -9 -43 -44 72 -20 -69 34 -40 10 53 -28 28 27 -15 -36 78 64 -79 16 35 3 -99 -21 -32 -13 -76 98 95 -31 -22 -39 13 57 80 10 -73 45 -7 72 45 -46 -5 -26 66 4 -34 58 21 14 -12 3 -54 -70 87 -29 32 97 -77 -80 42 -84 -32 94 59 -63 -54 -48 -29 15 92 80 -6 -79 -88 36 -8 92 71 -40 97 94 -85 53 -14 72 33 -62 -34 76 -97 -18 -21 2 44 91 -68 -99 -23 66 86 -51 95 -25 -22 -5 -96 12 -29 -64 87 56 -99 27 -14 54 -75 62 -56 71 36 -27 -58 61 -29 18 69 -90 70 86 45 -35 33 75 78 1 53 78 45 -90 -80 -63 -32 96 24 -81 90 33 -59 24 19 -30 70 68 9 34 -50 27 -51 33 -48 -72 -86 65 58 -37 -15 89 96 -65 63 58 90 29 -92 90 95 -91 -32 78 -62 -38 -22 86 -29 11 -51 14 50 -84 -60 -31 -59 -24 49 99 -45 -8 37 -94 -25 -31 35 11 -100 11 -90 21 64 2 -49 0 66 -98 -34 70 -71 -17 93 -63 33 97 46 2 14 -12 -5 34 -67 -90 48 30 -15 22 77 82 -68 49 48 46 -81 26 40 2 97 7 75 -55 91 45 63 35 10 -78 6 -25 66 91 -68 -76 10 51 -23 -85 86 79 42 -47 -22 -58 72 -59 65 -99 85 28 -60 -73 58 -16 -92 -9 -79
-33 77 24 87 47 -98 -5 31 36 -71 -71 3 5 -35 73 79 -85 72 11 57 79 83 -45 -90 -37 29 87 -33 -63 39 -8 -58 99 -19 -42 -71 64 85 -71 -55 -30 -91 11 35 -56 -67 -83 82 -49 10 10 87 82 96 7 -99 74 89 38 -30 -99 50 35 -69 29 -10 -79 63 11 9 98 -60 43 -71 -20 50 -99 -82 -9 81 -54 -2 8 -45 -20 -21 -86 69 92 -49 -2 -80 97 97 -74 15 -8 -96 -96 54 46 -7 -38 73 -2 -67 32 71 -41 -65 39 92 66 52 -48 -77 -78 21 -4 45 -53 -41 -39 97 -13 -91 100 42 -62 -10 -63 -68 2 -35 -15 -71 34 -4 -8 86 77 40 -71 2 22 67 -41 -67 42 77 -17 67 24 64 14 -9 -20 35 -42 26 -37 100 91 -49 97 76 91 67 63 76 -44 -65 84 -50 -2 0 23 19 -28 -36 31 -39 -80 59 48 57 -94 -37 47 -16 -35 100 22 -9 -59 60 61 -87 -34 4 89 58 98 74 24 -28 -62 -32 -96 -79 -75 19 -90 -9 -31 52 -49 44 39 -25 79 13 -88 -3 -29 27 -81 -82 -35 89 49 -38 66 6 -43 -98 -15 43 69 40 -17 -44 -32 74 -7 -43 -16 -41 -3 75 13 -25 -80 -57 -31 -32 -84 -81 -47 46 -61 15 65 -6 -24 64 10 56 85 79 78 55 -68 -2 50 47 23 50 -71 4 97 64 -40 -19 53 91 -77 50 29 -51 48 -90 90 -22 50 43 -21 -46 -23 13 57 20 43 70 -47 -33 22 17 -15 -78 29 11 -21 5 -35 -11 -34 -45 95 -22 -85 -50 -40 -53 -98 64 -1 60 49 -82 -29 -53 -100 -51 -85 -30 0 -56 -57 34 63 -47 -64 -86 59 61 84 95 -20 59 -88 -84 -71 41 86 1 -97 -65 93 -36 13 61 -11 -78 75 7 49 34 -60 -98 29 63 -72 14 24 -68 95 -55 -22 -32 50 24 66 -14 71 -36 -68 78 73 65 -54 -61 41 85 -87 -60 54 67 -14 64 96 -53 -56 -32 -63 -63 78 -49 -50 -11 11 -45 96 -80 -66 26 -55 -73 86 96 6 9 49 18 -55 67 19 20 95 78 -23 -75 -72 -32 -90 -89 33 66 26 93 -99 92 -26 -54 85 -46 -71
-7 31 -63 37 -49 -64 7 67 -73 -31 8 -2 -83 79 70 -4 24 -44 -41 74 7 53 -79 -95 -31 -43 -51 -59 81 97 -37 -74 -82 -53 40 -49 -100 55 84 -73 2 26 28 -49 52 77 -27 -53 83 -20 32 6 -91 29 -40 -48 -4 -64 35 24 38 12 7 -84 92 11 -10 83 -50 -8 73 56 99 81 -46 -48 -27 6 -29 -85 3 -38 73 79 -5 77 98 -20 -92 -42 35 -59 12 -12 16 17 -51 27 23 95 -81 -66 88 -81 -62 -59 -45 76 -55 49 51 12 -62 -69 -72 93 58 58 6 65 -30 -85 25 -18 69 -92 98 15 -82 -23 -5 -46 -84 59 70 -76 -96 -65 49 60 -56 64 -90 80 34 23 -69 63 -50 61 1 47 -63 -59 97 -70 47 45 -72 19 -55 -79 58 46 12 -100 -37 76 78 -18 21 -81 -43 -49 14 65 87 -65 -96 -78 74 -16 54 54 -59 -84 94 -83 51 -49 -64 -18 -8 -68 23 -6 92 -76 -92 -17 28 -38 46 38 -73 -45 -42 -61 -68 19 -50 38 8 9 -2 40 52 87 -5 -86 -88 -73 51 -12 73 64 93 -91 -87 54 60 -94 29 14 -43 6 -91 -100 -79 53 75 -55 97 1 -52 -55 -61 56 20 -80 -21 -87 -42 -99 36 -28 -84 -8 -3 21 -19 -1 -45 -75 -23 -1 69 92 25 7 -76 39 28 -64 53 -40 -6 85 -90 -35 53 5 -3 -98 -34 -30 53 3 -68 -91 -26 52 -9 5 0 72 84 43 19 -77 -61 17 -15 -21 63 -71 -100 -22 -95 -99 -28 89 48 95 -64 70 -83 30 50 -53 -31 23 8 -8 49 -98 68 31 -95 -63 60 28 4 -100 -93 -73 -55 33 98 -95 41 85 -8 17 -26 66 56 -90 89 46 -42 -65 98 92 -37 93 -73 -6 -81 92 60 -38 -22 -13 21 27 -40 -79 100 -33 43 -75 -98 10 -47 -85 72 40 60 39 -49 0 52 -54 -39 -91 -39 12 -71 48 -83 49 -70 95 78 -70 47 -59 -34 78 -68 -53 -4 -82 -26 15 -80 74 86 8 -100 -10 4 -75 -42 91 36 13 87 64 -19 -28 0 -20 -88 56 -45 -75 92 -40 -70 93 38 61 29 -27 -37 -5 42 35 74 -67 86 14 -83 26 -26
33 21 98 -66 -93 -10 30 -84 3 64 -89 -51 -17 0 -77 -63 -31 -15 5 -62 -60 -8 61 -38 -4 15 -20 47 65 76 86 96 -36 -94 86 -8 47 -99 99 -62 -29 -37 -32 91 -70 -24 33 86 -80 57 32 67 -48 80 -45 -31 -96 13 -83 -68 93 -93 -86 42 8 -71 55 -37 79 29 26 87 -37 -47 99 49 20 100 -54 13 40 -47 -18 -96 -80 87 -6 -95 -10 52 39 -27 -78 38 52 71 66 64 94 3 -91 21 93 -47 5 59 18 -49 -16 100 -78 97 -33 -62 58 88 -58 -77 57 -79 -24 -94 -60 85 -52 50 66 -83 99 25 -91 -96 -28 41 22 -42 -35 -30 -99 86 67 52 -77 -32 -26 87 49 71 81 -58 -47 66 62 -50 -18 -45 -57 -74 15 96 -92 -9 58 53 61 13 87 -5 70 2 -16 -53 -39 -85 -23 -4 72 70 46 -8 43 54 35 -39 30 68 -58 -92 80 73 74 -45 -57 92 -71 82 -87 -69 -55 -79 33 74 -29 -51 -41 19 -80 26 62 -62 -70 -2 39 -64 24 -69 51 -9 -2 99 -54 -75 -91 -86 83 61 -7 60 74 7 93 -1 -51 78 83 -72 -92 -39 18 31 83 92 100 81 -87 -75 -73 84 -25 21 -77 -77 24 -92 -39 -21 81 63 72 66 50 -100 52 4 -44 -75 57 -35 -6 93 -45 -25 -52 -17 -63 -47 58 31 27 -39 35 -40 0 2 -88 41 28 10 -74 -15 -23 -11 50 -61 -66 -45 -11 85 96 -50 11 42 91 41 -70 -6 14 5 22 -56 -17 -62 -94 -99 36 -34 43 4 15 -19 -68 -55 80 41 -67 92 -85 -79 79 -66 -60 -28 -25 -1 -25 -7 -63 1 -71 17 53 32 -47 12 -47 -69 -19 13 -60 28 -38 0 87 -22 -79 1 -4 -62 37 95 83 5 69 -80 -63 -89 -45 28 75 91 -44 -26 -39 47 -46 83 17 23 44 -27 63 -7 91 38 70 -70 15 -78 16 9 45 77 -89 28 -64 -95 34 -40 41 2 64 -64 -43 55 4 -94 15 67 -66 36 2 34 -75 11 -1 -37 -37 91 -64 13 4 -34 -64 39 40 95 18 24 -37 -80 -96 -57 -9 -11 99 -76 51 -29 87 -12 46 27 75 98 53 -31 7
-97 49 -72 -89 52 -31 -14 96 54 -87 8 93 -91 23 -87 -53 -86 11 81 39 3 63 2 -63 -59 86 -20 -45 -76 94 44 -41 -26 64 -81 -11 98 -44 27 -6 25 -60 -58 -100 -58 -67 86 11 -9 -95 46 57 20 83 51 24 44 3 -45 42 -98 -44 -99 -53 -5 -17 -39 69 -4 0 -32 -1 17 -80 -48 -61 -39 -34 41 -66 0 -94 4 -43 84 -49 -75 -97 85 94 62 53 16 -44 -6 6 64 34 25 58 58 76 78 7 62 -16 -86 82 41 -54 -73 49 -61 -70 38 75 50 -48 -71 26 89 39 -70 75 17 34 -30 -91 -26 30 59 -95 0 39 17 0 60 6 -43 -50 -84 -76 85 8 -57 -64 97 -81 -93 11 -50 -4 48 91 -8 -27 -50 -63 49 53 -41 4 -45 -32 -94 48 -38 92 61 -88 65 -70 60 -35 17 31 -3 -17 84 7 87 87 18 -64 35 54 -86 -14 -29 78 -55 34 -78 42 -28 -46 -79 -51 -68 56 89 -9 64 -52 58 -98 51 26 -74 29 -97 -44 12 -99 -62 19 7 43 -70 96 -11 57 36 99 -71 26 -37 72 -22 31 -67 -3 28 -17 -38 -35 82 65 31 -93 -59 91 10 -53 10 92 -78 41 -17 -83 78 -81 61 -40 -12 99 13 56 52 -98 -31 -82 75 26 87 52 96 -77 -87 -66 -21 11 -63 -58 -31 3 26 99 92 22 31 -66 -5 -71 -23 100 -57 -69 -13 -15 -2 -77 -83 26 -61 -52 15 -83 -6 -47 30 -94 -37 -58 -74 -7 29 -59 75 -54 -91 -81 -20 -31 74 50 -74 68 -77 62 -27 -58 5 12 -42 89 47 14 -78 -39 34 -5 -22 15 76 24 -6 44 -47 -40 -14 -47 -16 -18 71 39 -7 61 -96 -67 37 -75 97 59 -94 52 -74 73 43 23 -6 -82 3 1 95 89 70 -89 70 -82 61 90 34 -58 87 -100 -25 90 19 -30 48 1 96 -55 64 -1 -58 54 38 14 37 -27 69 -95 -89 -16 -14 -64 92 -87 -84 -73 35 -85 -33 -57 80 97 60 -58 60 -96 -54 30 40 65 -87 -58 89 39 6 -8 -57 37 67 -52 -89 -15 97 -2 -31 -13 -75 -65 -62 -37 -26 28 -25 13 -22 -82 66 -64 -96 -44 -13
80 68 -39 -38 -65 97 64 80 -47 26 -77 -52 44 55 -73 58 47 -4 71 71 89 -94 -64 -39 -37 2 47 -43 -78 -12 35 -88 17 84 51 96 15 3 -61 -67 8 41 -44 1 25 22 85 37 20 -21 -2 53 81 87 95 -50 -66 -30 75 -8 -96 62 30 83 -23 29 3 -81 57 -70 -98 75 -91 61 43 82 -66 47 7 -38 -1 -60 91 54 -4 -34 21 -44 -97 -53 62 -11 74 77 -41 -58 81 -9 81 -78 -23 -69 17 -58 -66 -66 37 -97 59 73 66 96 62 65 -45 99 54 -9 74 -78 89 -48 63 -4 -21 73 -80 -88 -8 -10 68 21 -76 -34 -3 -7 -88 43 -35 21 -4 -86 -81 89 -1 19 -31 -48 50 -51 33 -19 79 49 77 -97 57 23 50 -88 71 97 74 85 -8 54 -23 74 21 -26 42 -12 -37 -50 -6 -59 26 -52 42 41 92 -88 1 -6 25 61 -2 -89 -93 -93 62 41 70 -42 -23 44 -10 -25 7 -4 -78 31 -17 36 28 -44 -31 -83 -70 13 74 -84 -2 -54 -10 34 71 93 -42 75 -85 23 -39 99 -25 -47 -37 50 -100 -25 25 -21 22 74 22 26 15 17 -80 55 -77 -99 -65 -14 29 -67 -5 -59 -79 54 -34 52 -52 -97 5 -57 -39 80 70 -62 54 -72 47 89 82 -59 25 3 91 76 -66 -8 3 -85 38 14 -54 1 -83 -53 44 65 -55 -61 48 -42 91 -77 -79 86 86 -93 -76 -5 -19 36 -55 9 62 -79 -86 57 27 7 51 -78 -39 -20 -8 -58 -92 -18 -59 41 -90 59 -81 18 54 -17 2 -86 96 -25 -18 95 -89 73 51 -73 -21 97 65 89 -96 11 3 74 26 100 46 -97 61 -92 -21 -42 72 -66 -60 6 -77 -21 -34 -3 -3 -44 -57 -55 68 -10 10 -25 -45 -29 -72 -34 13 -44 -37 -64 23 -34 -25 26 -13 -72 -63 59 27 -56 -92 59 40 15 71 67 -87 -53 -65 -91 9 28 -93 46 -53 20 -25 83 -11 75 -71 -66 -56 -100 6 -92 97 90 -85 -99 90 76 82 61 -81 80 42 44 -30 35 44 14 62 15 -97 -69 79 -68 13 -57 -82 -14 73 -47 -68 60 -56 38 10 25 -82 -32 16 5 -56 57 44
18 86 -38 -87 -27 -2 -13 -68 -8 -22 80 -22 -8 -50 0 63 88 3 -98 8 87 -32 -13 -9 -36 55 18 70 93 94 -17 -74 -81 -85 7 -12 8 -81 13 18 82 70 -82 -9 -18 -12 46 -38 71 -43 97 -99 -27 -57 -52 90 -93 -93 21 -76 74 86 21 -32 58 86 -58 81 64 -25 -51 -63 -81 -24 48 89 -13 -8 67 -4 16 53 -66 -86 71 21 16 18 2 -76 86 61 -52 -10 -39 -82 65 -64 -80 -91 83 -73 -75 57 -19 17 28 70 11 -27 95 9 -59 -64 -48 96 51 33 -57 84 5 63 55 -29 6 -8 100 -91 5 -85 -48 36 -24 -71 30 -12 -98 -72 64 -85 20 16 40 97 77 -93 -20 41 -82 -65 -55 74 -14 -41 -13 -92 -67 3 -42 12 -6 60 15 69 -49 78 26 -52 -53 -77 24 64 47 -72 9 16 1 -12 3 -53 -74 -89 -13 -75 -90 -42 95 -44 -26 86 -52 -94 -5 -11 -100 76 6 -98 -95 -40 49 28 -64 21 74 -92 -56 62 -18 -7 44 -58 60 29 11 22 29 -60 -6 -58 -37 -55 39 -58 -7 -89 29 58 -24 72 27 -21 72 13 -80 -74 -59 -84 89 61 -92 53 49 -60 6 -72 52 8 -33 -9 -88 48 23 14 75 -61 54 25 76 -56 94 -73 -30 90 -36 35 -9 80 28 -44 57 23 -52 -99 -72 91 53 1 -61 52 23 61 60 -98 2 59 -23 12 30 -80 -85 -94 -57 85 -45 -35 -63 -40 -98 14 64 93 41 21 -70 -72 75 -53 -33 -45 30 -92 66 -51 -84 -5 -3 31 -73 36 -12 76 47 16 20 81 39 58 -44 -56 9 -9 95 -43 51 -77 65 -80 38 -17 -7 18 -21 82 13 32 27 5 -20 -9 31 -78 -36 -71 -34 46 -87 61 -87 -56 83 -84 -19 -46 -96 -62 7 -80 -94 -79 44 78 -38 -8 79 -34 28 -16 -42 43 96 45 40 -5 -100 82 -54 20 -30 96 29 -74 25 -74 88 7 63 30 28 -46 -73 29 88 57 10 26 18 -100 1 -21 -98 45 66 13 -41 44 -69 -14 34 -49 -43 -27 40 74 -52 89 12 -2 40 77 -17 15 65 -76 0 -64 41 -22 -11 -34 6 -93 2 52 70 14 -44
-98 90 -19 -60 11 3 72 -20 90 79 78 -36 32 11 39 2 -49 18 -78 69 -81 -98 80 -57 -9 87 -92 20 -76 -28 -16 98 19 -98 97 -45 13 29 -81 -33 6 44 37 -1 24 91 4 -57 91 98 6 74 -29 11 -79 -51 0 66 9 -17 2 -80 54 -20 -65 -25 60 -49 -18 41 100 -97 65 8 86 54 59 74 -26 93 -27 55 8 -14 41 57 -96 48 26 -26 86 21 35 26 6 34 -85 94 50 -52 -36 37 41 -96 11 -84 46 -83 67 -44 56 -91 17 86 -90 -61 -72 -10 19 -16 -94 23 95 28 10 -28 80 -99 -26 31 -3 -40 18 -20 16 -29 -28 45 90 51 12 12 -25 37 -19 -2 -2 -80 53 -71 66 6 47 -95 -77 66 54 76 -49 13 63 -77 92 -63 49 -77 21 -58 -68 44 -72 -31 12 -39 -24 47 51 -53 73 83 -95 -69 5 22 27 -62 -50 90 39 -76 81 75 8 -19 -65 23 5 52 -83 63 -38 -36 -45 45 36 56 75 75 -18 -25 -94 -47 24 59 -32 9 68 -55 -95 -33 -71 -57 42 16 -20 -7 -93 9 20 11 -28 -36 -68 -44 -88 40 -88 -2 86 67 -20 -59 -48 -9 -95 62 95 50 90 52 37 94 76 -75 17 -34 -13 -35 92 -18 -44 -57 -46 6 9 43 -76 -59 25 -14 62 -58 -28 44 19 9 -30 6 -63 79 -57 55 -96 17 68 -26 36 39 -55 69 -35 54 -35 -93 99 -11 40 61 36 -82 -79 -43 -43 48 -19 26 29 -40 -87 -42 -97 -80 30 -71 20 -62 24 55 14 46 -83 11 21 52 -51 92 -88 -26 -57 23 52 -90 23 -75 -4 -61 -2 -61 81 67 -55 47 86 44 64 -100 40 19 12 -3 -44 -97 28 14 64 75 -43 -82 -21 -61 4 -51 100 -95 -93 31 -32 97 55 -51 -37 -36 40 -8 37 60 7 -43 -71 45 -6 -79 27 -90 78 -22 42 -23 -65 -7 -30 -97 -29 -61 78 -80 -91 20 0 48 72 -29 6 20 85 -44 -97 83 -77 29 -31 -21 65 -100 -35 78 -96 -8 97 56 -55 -82 35 -50 -66 -89 -47 95 23 -9 -24 78 47 29 60 -6 -50 -79 92 44 90 75 24 91 11 -36 58
-32 7 -10 -12 -50 27 0 49 -66 6 95 16 -33 55 -92 55 -5 67 -38 -63 -88 -54 -26 34 49 82 71 77 35 96 43 8 15 -13 36 -8 -11 -79 -33 -14 33 -70 53 56 89 19 29 -36 58 -36 -53 97 -83 27 -38 72 -35 -100 -56 -43 80 -22 89 -73 72 -46 48 64 100 13 16 -51 -43 5 33 20 -22 71 20 -19 79 -32 91 -60 56 24 -69 -69 -43 -5 -1 -94 -48 -56 -44 70 -76 51 78 -31 44 -1 78 52 13 -3 70 -27 24 64 48 7 -95 37 69 85 94 79 32 60 7 -11 -23 -82 -88 56 -97 11 -75 -79 -36 -46 45 -23 11 54 72 75 -43 -15 -40 67 29 -94 94 31 54 -41 36 63 77 -85 -77 -56 -21 -7 84 -58 53 65 67 -69 -26 -25 53 33 -89 -49 -94 -39 -84 16 -64 83 -59 28 70 82 92 72 18 -56 32 -26 67 -99 88 27 -58 78 -81 83 -7 -42 5 -45 -79 43 -44 -87 -56 -22 -56 18 -8 71 -82 66 51 92 -22 19 9 -27 16 -31 -84 -55 -47 5 -48 -66 -42 95 -43 -98 72 -70 -69 24 -8 97 -97 34 17 -62 98 -59 78 70 16 26 26 -28 -12 -73 -89 100 -89 -66 -31 37 -11 96 70 -62 95 67 64 -70 -27 -88 -74 72 74 -27 40 -19 -22 27 -100 42 36 -31 -11 67 22 83 23 8 -71 70 -5 -78 98 35 66 -41 -43 15 3 -4 4 49 31 -94 5 -91 -1 -63 -59 88 14 60 13 -55 95 22 85 -74 82 -97 32 80 -71 98 -25 35 74 67 -73 -41 78 9 66 53 -85 -33 46 73 -56 73 75 -95 69 -94 -66 35 57 82 78 56 -86 33 73 17 30 25 -77 -84 -76 -6 4 -11 16 34 90 44 -56 -84 -18 -48 -10 -57 -89 71 76 -61 89 -2 -47 18 -78 -71 -76 -71 -97 79 55 -46 16 -6 -8 -74 -43 56 99 -70 -42 -3 19 92 -91 -45 30 50 56 -99 -24 20 -76 12 42 5 -42 -42 -72 -42 -68 90 24 -67 88 -62 7 -44 91 -48 -69 36 53 31 -99 -47 79 -8 -67 -46 18 25 -96 -38 -86 -10 80 1 89 69 87 39 -39 -84 60 -26 -80 -52 13
34 -57 62 57 66 -70 -65 0 -60 23 15 33 -4 -22 25 60 30 -19 29 -81 73 32 78 -67 -40 -92 -73 97 -9 81 97 77 -52 -31 46 36 38 16 54 32 -82 24 0 -59 0 -37 -44 -22 -48 -77 36 18 27 -79 55 -40 39 87 -62 -69 48 74 25 -83 33 7 -81 91 -96 0 44 66 66 52 18 93 -62 7 -8 0 75 50 22 -61 42 46 -94 -42 45 -27 -62 34 -63 87 -48 -87 -37 -64 60 54 88 -95 -27 85 7 -43 5 52 41 66 -46 -23 38 -39 -68 38 7 87 -100 -83 48 -11 -34 93 88 53 -67 13 17 -100 -17 -36 89 -92 -60 -67 -96 -35 -91 55 -45 -82 78 -28 -44 -3 58 90 -57 72 -37 75 -77 86 75 5 -97 4 -96 -41 -62 100 75 93 95 -90 -9 -26 54 20 -13 -41 41 -99 27 -52 -39 -42 14 5 41 13 -44 -92 -64 -9 78 77 -69 -23 -38 77 -3 47 -60 -44 84 -99 -41 -4 -16 71 61 0 -52 -34 31 1 35 47 -94 -6 -83 -11 71 77 -98 72 50 97 41 9 -88 26 70 52 83 96 -85 60 54 -19 24 -41 -6 -90 -11 21 19 -48 -13 -79 85 27 -9 52 93 68 -16 -37 -96 58 18 -19 63 -39 -61 -49 -54 37 -1 -17 -11 63 -61 15 -71 19 -2 -87 -24 70 -65 91 64 84 -70 -51 -40 -21 -93 77 -73 -94 -41 31 -98 93 0 96 84 -72 43 -11 -93 -100 -52 38 95 56 23 -7 -7 -75 -26 -8 -67 15 36 25 26 -4 -3 69 20 96 -8 -10 59 47 -12 -50 -58 32 -56 99 56 -1 51 97 54 17 22 -49 78 50 18 6 -4 -3 70 13 87 -79 -33 -100 -47 -54 -6 -46 -94 -25 82 42 65 -68 -39 -63 -27 2 -51 -62 -15 87 84 52 -61 55 -57 10 22 -80 -33 -51 -23 3 -19 9 -21 83 -10 28 -50 19 -30 -17 78 -57 -8 -51 -98 -94 -91 50 -96 -62 12 27 -80 -49 -27 96 14 -6 7 -67 -47 35 -24 -77 5 72 88 -77 46 75 15 -45 -77 22 -59 82 -54 46 -85 -98 -53 39 35 60 -49 23 -71 3 -64 98 28 96 -13 -4 -83 -52 -76 65 83 67 64
91 23 -95 -28 97 41 12 -95 -28 67 24 -63 56 78 88 -94 73 78 -14 -17 -63 92 96 67 -32 1 51 -33 38 99 -51 -65 -2 -57 -98 99 42 23 90 36 17 13 27 4 -95 -79 99 -4 -80 -28 37 67 -14 43 -35 38 1 -18 -79 -56 48 79 29 82 53 96 -5 -36 29 -39 -81 12 12 71 -95 -80 74 52 6 -22 -46 -76 -100 -54 44 -98 -43 22 40 -54 100 -69 -80 9 -29 73 -29 -72 51 -93 20 47 -31 -51 -96 -49 -21 -9 98 -79 -93 36 75 55 68 75 -41 -98 -36 -89 66 75 -19 29 37 -7 51 1 -78 92 -8 -5 27 84 64 -5 -17 26 -33 -7 14 67 -30 -48 31 25 18 69 -92 19 95 74 27 81 24 -57 -43 5 100 -47 31 -99 73 -73 51 41 -30 21 87 -98 -56 37 52 -47 -42 -67 -6 8 79 20 -88 84 13 -37 98 52 -11 -73 72 -62 83 97 -69 -35 73 -7 -89 -65 -53 -98 23 36 62 29 -55 56 -53 35 -49 -77 79 70 -20 -73 1 -48 -18 -5 -47 73 -42 -70 13 48 -58 -6 -11 -33 -54 52 -29 -86 89 59 22 56 -42 18 -78 100 71 38 -54 46 15 -60 -73 -25 98 -61 58 58 47 -20 -100 -27 15 66 -92 -58 -32 -42 -98 -100 59 16 -28 24 -23 100 65 68 -5 -71 -70 -27 -94 16 -40 -25 -72 97 -51 100 -94 81 56 54 -8 -71 -52 -68 18 20 7 -60 26 97 -68 39 79 -1 32 -67 -83 -98 26 49 97 -79 -77 75 28 -86 -21 43 -41 -58 -84 27 -76 -31 -89 -23 37 25 73 23 4 10 65 31 64 78 -9 -35 8 -94 76 46 82 17 -87 37 60 -92 55 -98 86 54 20 -28 62 -39 -85 89 63 -100 56 -86 56 -23 38 -56 -40 11 -48 -80 -66 39 41 -100 -73 52 59 84 60 38 -5 -43 75 -13 -10 38 -62 -87 -64 -93 9 28 -91 -38 -12 6 -14 -58 76 -34 79 67 50 22 61 34 -32 -31 9 -41 80 81 20 -73 64 -46 -41 18 -33 -56 -63 -76 64 -39 63 11 13 -99 -27 20 -99 -50 -73 26 73 -21 -33 86 -59 17 -54 -43 95 -82 -58 -16 -63 -45 35
-18 -60 -95 -37 52 20 51 -40 64 13 -97 9 -93 88 94 36 41 -3 8 89 17 2 -82 -83 10 1 100 -3 -30 52 -22 -86 -35 23 -2 -59 83 -14 -97 -55 -55 -10 20 55 83 85 -29 62 22 16 -81 96 -48 -85 -82 0 -26 15 87 -15 -32 -36 -61 31 -91 -32 -46 82 -99 38 -59 40 -14 22 -49 -43 59 71 -56 57 -99 -87 18 22 -72 16 21 -38 -72 48 -61 47 63 -7 -72 39 61 34 99 7 48 78 48 25 -34 31 29 -39 -79 89 -88 -19 -41 94 -95 -100 11 35 95 100 -61 33 45 -64 83 -15 -49 -51 -100 -32 87 -66 -88 34 94 -72 87 -87 -49 92 -27 -31 -83 97 -75 26 96 -31 9 -28 -33 93 -48 71 -38 18 57 -70 -97 5 65 46 68 94 99 15 -38 -15 -40 -37 -85 -46 -99 42 51 -94 20 -87 -58 -57 -18 45 43 -81 32 14 94 83 -41 46 -34 -92 -44 88 6 -97 -71 51 -96 47 26 79 27 24 -64 -82 1 0 35 -84 -66 -61 -21 -55 19 7 -21 -45 37 43 13 72 -3 78 32 73 -84 85 -13 71 -73 39 -8 22 -78 -81 -81 -96 7 -87 50 -69 -73 -66 90 83 -21 -34 -4 -97 -62 -87 56 5 68 9 -83 -19 -69 38 58 -7 -52 21 -67 74 47 -26 33 -72 0 -59 -24 17 83 65 -1 -2 27 65 82 -46 -31 58 36 -35 31 41 -62 -84 39 -46 38 -81 -72 31 51 78 -65 86 -7 66 -52 -35 59 24 92 -16 -25 13 27 61 -92 -36 72 79 9 37 -23 -66 -15 88 22 -89 -21 69 -64 -98 39 -89 -35 78 -23 31 -49 38 39 90 54 0 54 69 33 90 -94 -6 29 -36 -40 17 59 -77 72 5 67 78 -99 22 77 -63 -40 20 -78 32 35 -56 85 -14 -59 43 61 98 -45 -17 94 56 55 -23 52 -93 45 33 32 47 13 -41 -12 13 49 -63 96 8 46 3 37 43 -50 93 -56 -23 -51 -76 -14 1 69 100 72 -77 67 98 22 49 35 -55 67 43 -97 16 -40 -93 -71 -55 -52 21 -19 16 -1 -55 -52 29 6 -15 -43 -96 51 -81 57 -62 -25 -88 93 68 74 16 76 13 21
-76 -74 -21 19 97 -11 -99 55 19 44 -45 47 65 -55 -66 -51 -96 50 -91 10 -56 -10 12 87 36 -84 56 -81 68 -81 64 -40 67 43 22 -3 -46 77 10 -82 54 38 -31 12 10 -35 -83 -14 -88 76 0 95 -61 2 78 -85 -6 60 25 -92 76 -12 37 -51 -49 59 22 37 -28 24 -88 94 -47 -2 53 -98 13 88 -4 43 89 -52 -26 21 -44 -25 -85 -63 -88 67 37 -52 -87 31 43 -73 52 -38 13 50 25 -80 -59 66 7 13 74 -67 -79 48 88 -85 1 42 -12 39 -5 -45 82 -5 91 -81 -97 95 13 -84 53 -69 5 78 -15 -23 72 -78 86 87 51 -1 96 47 -99 -96 71 -91 -47 53 73 76 35 32 90 47 13 57 -10 81 -88 43 97 -65 -78 -51 18 -42 -17 18 -19 88 -91 100 64 -14 27 56 -76 78 39 -88 -16 -93 -69 -45 -89 56 83 71 21 25 -69 -21 -15 86 -99 -77 1 16 41 73 -14 -77 -12 -49 54 40 -97 99 62 -76 97 -98 -61 -44 8 66 -42 -69 52 -86 79 -26 75 5 93 36 -20 -8 -34 -56 -37 1 99 -87 79 -77 -15 -48 3 76 4 -80 19 -30 2 -5 -38 92 -79 -51 -48 60 -77 39 48 -87 19 -61 2 40 -63 6 24 50 64 -61 -22 -43 97 -96 -4 12 75 22 18 51 38 33 -17 84 -93 -11 61 47 -46 71 94 81 -83 -60 -18 17 25 89 43 -6 -13 32 24 -41 4 -72 69 90 66 -67 9 -73 34 -57 -56 -2 26 21 -36 97 -26 -57 87 29 94 -16 87 48 -6 -88 87 83 -24 2 39 -35 44 60 3 75 -99 -22 39 -1 7 86 -86 -38 30 -8 -63 -91 79 -77 63 -26 -86 -74 33 -23 -79 -100 -19 8 76 72 -6 43 -68 -27 -79 -24 81 20 96 98 39 -50 -66 25 -83 75 -80 -49 -42 50 -41 -97 -98 82 64 60 97 -28 11 -94 -51 -91 -72 83 -77 -16 74 -93 -15 -50 64 -3 31 3 48 -86 -51 99 3 91 66 -48 -1 87 -41 84 39 -11 81 -28 -76 -73 14 72 -22 11 89 -64 -31 82 99 61 -89 50 13 39 -37 40 69 70 24 -62 -34 -74 -81 34 5
94 68 -57 23 -84 98 -4 21 -39 37 52 -49 -55 -88 -8 -96 -40 50 21 -81 -70 -84 14 -2 46 81 50 65 -17 50 100 7 -71 21 34 -93 -98 69 -7 40 88 -58 41 8 16 -42 75 44 91 -14 9 100 -10 -100 -77 48 0 -99 74 76 6 75 72 -66 -25 96 14 51 49 -98 -28 -6 3 -28 -69 -13 -47 24 14 85 37 19 -38 73 25 -54 -49 74 95 15 -85 39 39 -19 47 64 2 -42 -78 65 -16 -26 12 -74 57 -10 -37 -25 5 -81 83 -12 82 -93 -13 5 -85 -62 61 -29 -98 60 -39 31 -24 -34 -49 28 0 72 -87 15 87 49 -97 -29 96 -20 51 25 -62 -22 -29 -35 60 -21 58 -79 -27 44 -77 -95 -58 -33 1 -95 -17 72 -66 -7 1 81 -83 77 -100 90 65 -20 -56 62 51 -99 94 2 23 8 70 2 60 27 98 51 96 88 52 -88 -65 -20 35 -28 9 94 71 47 96 -16 -30 -52 30 35 0 -52 -15 -37 15 69 76 4 -75 49 -95 -19 -86 45 70 -22 13 71 -37 -61 -21 -91 86 86 15 -52 86 -15 -33 27 91 -39 -68 8 15 23 -60 -26 -62 36 10 41 72 -3 -85 -54 -79 65 -80 -20 81 83 19 -45 17 30 -40 84 79 73 -61 45 78 9 -44 45 59 -61 -1 66 -87 -47 -22 -72 39 89 74 67 79 100 47 58 79 -61 -68 97 -13 -83 71 -54 -61 -95 73 -87 -61 -78 -15 0 -33 -62 93 75 -42 53 -67 19 -4 -93 -80 -97 -49 41 -58 32 -83 -62 -78 54 29 9 30 53 -68 73 -47 67 -73 32 18 -55 9 33 26 -29 -3 -51 -80 56 8 8 -90 -36 33 7 -14 47 -37 -29 57 -52 0 -10 10 38 31 -95 89 63 -81 14 -11 47 -40 -89 -67 -60 -8 51 -21 51 38 88 14 -58 -52 45 78 -8 -79 88 -83 27 16 -64 -93 -84 -4 -80 98 -5 -23 -36 -61 -32 -9 -66 37 89 -18 0 -27 -62 -95 33 91 -76 59 -16 82 -6 6 100 59 -67 -69 -49 -18 -89 25 -100 6 -44 -79 12 70 -35 83 -57 -50 40 54 -91 -65 18 -20 -70 -77 60 56 -42 -30 49 -3 29 15 46 80
-39 87 14 -97 -39 25 -82 18 50 6 41 79 27 50 53 48 12 66 -53 60 -74 -6 54 -90 -55 32 -64 -97 61 -74 -80 -1 -75 -8 -28 33 94 51 -6 86 84 -33 19 98 -94 -24 86 99 -13 77 84 53 -88 60 52 -95 -79 -17 72 -45 -17 65 -97 -18 98 57 -93 13 28 -49 -72 83 35 2 -40 -43 -33 -47 82 -25 11 42 -18 -65 70 52 59 21 15 79 73 -49 4 7 -32 0 -18 36 36 -76 44 75 -19 -31 -78 29 99 58 -70 -12 37 43 -79 16 -96 47 83 -82 -28 -38 35 -57 -45 67 -42 -99 -71 18 40 -61 -39 -53 60 78 6 -94 -17 99 -25 37 -72 33 84 -18 79 -68 -64 20 0 -64 -89 -38 25 -90 1 -26 73 2 -8 49 73 -34 92 -40 7 6 0 72 25 86 -92 -31 66 29 87 -19 51 -51 -67 35 53 48 -3 -36 10 46 68 -52 -61 11 -87 -41 47 -48 8 -43 75 -65 89 -91 81 46 97 -7 78 82 30 -27 82 -13 13 16 -75 -23 -75 -24 47 1 -40 -16 50 89 -52 62 65 -20 35 78 -26 69 79 63 42 66 -56 50 -62 -27 72 -75 -86 50 -45 -76 -6 -38 -53 43 21 -86 -11 -89 65 -48 66 74 58 -93 39 54 -68 62 -57 71 34 -78 -53 9 -40 -61 27 -50 40 33 75 -100 62 -97 -42 94 56 97 -59 -47 61 -90 55 -100 40 -85 -95 2 92 -40 -69 85 -81 -97 33 96 70 82 9 53 89 44 97 8 -49 60 25 20 38 29 -95 -56 -64 46 91 53 -33 65 -84 80 -25 -31 -75 -51 46 -48 -81 -13 -48 -100 27 63 -83 36 33 70 -84 54 2 -45 -23 -29 35 -9 96 88 -10 11 76 93 9 54 3 -69 -1 -52 88 -76 28 -76 -9 62 7 83 -21 -72 31 -99 -48 80 64 0 -63 -71 10 -38 -51 -32 -92 94 -24 -18 95 67 0 98 49 -75 20 -78 -54 -48 92 23 -36 -57 -14 65 -48 -52 -1 3 -91 -85 -18 -48 -22 65 26 -33 82 35 -24 -89 -61 -76 11 68 7 99 -53 -11 -41 -18 99 17 -85 23 6 -81 -29 91 -49 57 -93 -18 -36 85 2 5 -14 38 24
77 18 -46 -1 -7 38 16 96 -7 -68 -8 1 -64 73 29 52 2 -19 -93 -79 -84 -15 -43 77 -3 77 78 19 -23 20 54 -5 49 30 -51 -27 -42 4 77 12 -43 57 16 -62 26 32 35 45 69 -50 19 -16 -97 -85 -52 -5 -89 -47 -57 66 -3 78 -55 -100 -64 -52 -89 -23 -23 22 59 24 -17 94 -63 96 89 -74 -31 90 -61 -46 34 -67 30 0 49 71 7 46 70 2 7 -5 -12 -66 -29 -71 -94 -15 83 4 -91 94 99 -28 -55 76 96 -97 -31 87 -57 18 -29 97 -82 -84 96 -64 42 53 29 37 -56 50 -12 36 -20 93 -96 -90 -20 -57 -61 79 29 99 68 59 46 90 -87 -49 -50 -88 -21 26 39 -4 -21 -5 -65 12 -28 -17 -61 38 -42 21 94 -55 -4 -45 -33 -58 -76 96 -49 -17 -11 -7 0 24 -21 -92 -97 -41 -55 -36 -39 -39 55 100 -25 -51 94 55 -89 81 -98 -10 16 -65 -65 7 -35 56 -32 -88 61 5 23 19 -93 76 -21 -49 54 60 -47 4 -56 30 48 21 -42 59 -54 -65 2 59 6 20 -74 74 80 37 -100 75 -25 -5 25 -72 11 65 21 -17 -64 82 -89 -84 -36 90 41 68 -85 -67 3 9 -53 38 25 -14 92 -16 42 -32 15 -70 73 6 -54 68 94 -19 -18 -47 -68 -14 -59 -32 -56 40 -39 46 -26 80 49 4 -75 -47 35 -46 -55 -15 36 -80 -69 -63 -94 39 36 -47 0 15 -17 4 85 -89 -38 -18 39 80 47 54 -38 -26 23 17 70 70 89 -32 -91 -97 -22 -83 42 -32 50 -95 -40 -33 58 47 -37 -74 80 92 52 -90 52 42 -86 68 -57 -29 57 41 84 -74 -11 37 -71 -100 -68 19 20 -33 -73 -44 -52 91 -67 11 56 -35 64 31 -11 -55 92 4 -76 -58 -19 98 -10 86 31 -84 33 -65 -5 78 54 88 -87 92 -58 -19 46 -91 71 -1 -52 18 -56 -72 17 -39 -76 -29 -67 25 15 -1 95 7 -42 -65 70 4 99 81 -88 99 45 -13 62 -90 43 79 -12 -78 -25 9 -93 -43 70 75 -67 -65 -74 -89 -16 -66 61 66 19 -70 75 97 -85 3 -88 -21 -34 -83 -5 50 -77 -93 1 -40 -12
-71 -20 -23 -5 65 -25 -87 81 45 -37 30 -78 -63 21 22 69 -14 -26 96 -74 -1 13 19 -89 14 66 -33 76 -39 -55 -38 72 42 86 -9 -91 27 75 -87 -8 -17 21 -71 86 -39 95 59 -52 -91 49 -8 49 92 -71 35 -75 54 -67 91 97 -93 -30 -86 22 -16 37 -100 -8 33 18 -58 -80 -75 48 60 -65 -76 59 17 -54 22 37 17 -90 58 11 -90 43 45 -57 30 77 -63 85 100 49 -62 49 -47 -12 58 55 -34 43 28 -96 68 29 35 63 -39 -83 63 -18 -63 40 -60 39 65 -74 15 -86 43 -43 -19 -58 67 86 -17 -90 70 46 -75 58 29 -93 -59 -26 22 -92 24 -43 -1 -54 -80 -56 -25 -60 -91 -11 -61 -46 -22 96 67 2 -12 60 36 -90 25 -27 11 -11 23 -35 9 -75 89 34 33 -48 37 1 21 31 -96 38 -31 80 -5 -6 60 -15 67 84 35 -76 -61 -67 -87 65 87 68 -61 -100 -42 18 -46 -62 -93 53 -30 -43 35 -84 -56 63 81 -5 -90 -69 -89 -71 27 -53 -66 2 0 -92 61 38 67 -97 -56 -71 68 82 -72 -42 11 -8 49 -14 -85 4 91 69 66 -21 18 78 -14 92 -39 -92 77 -53 -62 91 -65 74 -48 -77 -69 -82 -49 59 -68 -19 60 -58 99 23 98 53 20 -4 19 67 87 57 -52 -37 93 6 64 41 43 -54 89 36 -21 32 83 83 41 -13 -19 -94 -64 -17 1 7 -28 65 -20 -69 100 13 46 -93 -90 -49 -24 81 -24 -56 12 -90 26 79 -83 76 52 43 18 10 16 -92 -95 -28 -21 -40 -87 5 -99 -20 -98 22 95 95 -64 -86 -76 -76 71 54 44 82 -29 44 82 -49 -34 -66 76 -68 -72 -45 -85 3 99 -49 75 -20 -29 -36 -82 36 -19 -20 35 79 -99 -51 -26 68 -71 29 -100 35 32 -18 -28 -91 -22 -16 -18 -78 93 -6 52 94 -62 -16 45 -29 -42 -29 54 48 66 64 64 -3 82 44 -52 -77 92 -3 5 31 48 7 14 44 -96 -7 -70 66 -93 95 -94 -43 -61 20 100 -67 -11 1 -71 6 91 22 -60 -57 98 -19 91 68 4 -92 -84 55 -86 -65 34 -22 49 -12 -100 -61 -69 92 -45
-18 -66 8 -29 -18 -43 36 20 26 -29 -34 -71 95 50 -2 -29 -67 64 25 -56 41 -38 -65 -50 -7 -74 72 52 -47 -18 2 70 -63 -51 -51 -49 78 100 20 99 -31 -34 54 -40 66 42 -15 -51 19 -61 30 1 -33 83 84 -61 94 60 5 -92 69 45 1 -30 -90 -75 40 -5 72 60 -35 -17 14 71 65 14 -36 -14 -49 -85 1 -10 -38 -14 -63 39 95 -48 -95 27 -69 84 -80 -54 10 71 19 92 72 -54 84 48 -37 -66 -92 60 -44 -78 86 -27 -51 -56 88 40 27 -94 -11 13 90 -2 59 49 25 80 -1 -27 42 41 20 4 -26 -2 -70 -48 -36 61 -84 -55 74 -49 69 88 64 71 36 37 45 11 -96 39 -95 -99 14 41 42 91 56 -82 4 38 4 -77 85 2 88 25 12 -21 93 -34 55 47 38 -10 2 0 -48 46 32 80 -39 12 39 -82 -5 71 31 -78 12 21 -67 73 50 -31 32 -80 -28 16 -16 -54 -70 11 -69 35 -18 -14 -100 -81 -81 -42 91 60 61 -87 72 -14 -97 56 69 80 -92 -55 -61 -19 -73 -7 -90 28 -50 -42 -77 64 -43 62 74 -19 -83 -17 -83 -4 -12 -5 58 4 -31 44 4 -94 -55 64 -9 18 -39 42 75 -38 69 -52 -59 -75 -34 77 39 -81 -61 86 80 -9 89 -79 -34 74 29 19 -15 38 -84 -7 16 -17 -46 71 16 57 -95 81 39 -36 -80 -97 50 64 -42 78 69 -84 -47 53 31 61 54 -17 62 47 14 -12 6 -20 56 9 54 95 1 64 -64 87 15 -53 85 -39 32 -30 -60 52 31 -38 39 69 -57 24 -52 -2 56 -15 -61 -56 -88 -7 -28 -67 55 40 49 22 -73 -92 13 96 -82 29 30 39 -97 -44 -97 76 -94 -52 -55 78 4 -71 -49 -4 -69 -37 -60 -28 -48 81 2 55 45 -53 48 -13 57 41 16 7 40 -9 -28 80 60 -81 45 -53 -58 65 95 -65 62 3 4 27 4 74 11 -70 -87 54 -66 89 -24 75 35 23 89 7 -69 -63 54 51 -15 55 63 -65 -93 43 6 -85 -59 43 62 58 -15 81 -52 -15 -20 93 -50 36 93 15 72 71 -83 98 -34 34 42 6 -16 -13 -21
97 51 -100 -87 52 55 -6 -25 45 13 47 -94 36 -59 45 47 11 -46 46 34 -73 -65 -33 79 -96 56 6 32 64 76 -18 69 83 17 3 63 -30 -41 24 -86 39 37 99 1 70 81 15 84 1 -63 67 -72 6 -32 -37 -9 71 100 29 51 41 48 -51 21 51 34 20 63 -63 46 -86 -45 -51 -69 4 92 43 -76 -44 86 -89 4 -50 -54 -87 22 69 -15 6 11 22 -53 0 68 80 -11 -28 -17 -3 59 5 85 -30 95 44 -82 -2 -35 13 -88 -100 -9 -2 -43 51 15 19 65 -43 -13 81 45 -17 -24 -73 -49 84 93 -79 -34 -6 -6 -45 61 42 37 -96 44 57 -29 -22 8 -25 26 45 7 6 -96 87 -51 47 43 88 7 -33 -19 -28 -26 31 90 -48 -76 -59 42 -78 -59 84 -67 -94 74 19 -45 12 -48 -25 34 68 100 -31 -64 -35 -80 33 64 -34 -43 70 -21 17 14 19 -75 72 -42 16 3 -90 43 16 87 14 -63 24 -50 63 74 0 5 81 -83 19 -60 99 91 -61 -13 -33 72 -26 -23 -10 32 46 41 -41 13 -40 -14 -95 -45 88 -73 -60 -88 61 0 -70 -7 43 99 -7 -88 -56 68 -39 78 -14 18 -18 -67 35 65 -98 -3 -96 88 -37 65 8 24 85 -94 -28 -13 -99 -82 15 -21 92 -53 -26 26 -41 67 71 -90 34 -56 -50 -48 -70 12 45 -29 -70 -59 76 -78 -63 -28 -73 69 -64 -92 -43 -54 58 33 61 -72 27 79 78 22 -68 -26 55 54 -84 51 3 -50 77 -32 71 -11 -56 32 22 -71 55 97 -99 96 73 60 -68 24 44 -94 65 43 64 -43 -6 -74 88 65 -77 -84 40 -14 84 23 -40 -88 -43 -3 -56 57 -17 -19 -69 98 31 89 17 45 51 81 93 49 20 -6 -16 -47 -85 12 87 -47 -92 -34 -24 -22 8 -52 -47 -58 94 66 -25 -71 -59 -40 -66 35 23 -2 -37 49 -4 -80 -90 -98 60 36 -10 70 7 76 -71 84 67 -99 73 -52 -10 72 -59 78 77 38 75 -88 -59 -49 -21 -46 20 -74 -99 33 -37 -31 21 -13 -27 18 17 18 -32 55 15 36 62 -88 -75 -78 36 -89 -2 -42 31 -44 -48 5 73
96 -55 -80 -42 47 -51 61 -97 -77 98 77 87 -68 35 3 11 12 29 -40 2 8 7 2 45 89 73 -41 -38 35 9 53 94 -84 100 70 -38 -28 82 58 36 -99 -67 65 47 72 39 15 5 0 -51 -20 27 -63 62 82 8 -82 40 -5 52 -27 -85 -18 40 -83 89 47 -82 -83 54 -57 59 27 -3 44 21 60 -88 9 94 -94 46 -94 12 69 -48 27 51 75 21 22 -66 7 58 -40 74 -8 -56 94 10 80 -71 28 -3 -92 55 -86 -43 -91 -35 -38 -51 76 18 66 19 87 53 49 -16 -90 -58 79 96 95 64 -77 14 -38 43 -75 -82 -6 46 -44 49 -65 33 -20 -75 72 16 -30 94 51 58 70 -58 -70 26 16 -6 -68 -36 -36 15 61 7 -64 -96 23 29 -50 -42 -96 -92 90 -84 -43 8 46 74 -48 47 -77 -24 75 -46 -74 -30 -45 87 42 -87 18 -37 18 -94 82 12 21 -11 -45 -39 96 14 73 88 89 33 77 30 24 -66 -79 -76 -92 38 -67 -81 14 -56 87 -77 -45 10 -83 100 6 -86 -87 68 9 23 72 -10 -95 60 21 96 23 51 -46 -54 -47 -85 0 -25 -85 74 -23 -93 -67 -33 14 -70 52 -73 -19 51 -32 -17 98 -15 -32 -51 8 -81 -74 32 -8 -5 -9 -36 -82 76 48 -50 41 -78 33 22 -17 -87 27 8 31 -21 -21 96 59 0 -37 77 -49 -92 50 69 72 -91 56 -47 -73 -51 22 -37 3 90 46 70 19 -52 -51 78 88 84 -13 61 -58 -90 -61 98 57 15 47 73 -52 76 72 30 -33 75 50 65 24 -90 81 17 -63 82 2 85 93 -4 -33 8 51 -60 21 -59 61 8 -69 -46 44 -74 46 18 -34 94 93 88 -68 -91 -60 63 -100 68 73 29 -1 48 -24 -38 65 -1 54 -47 -75 -73 21 36 72 2 52 -37 -65 -39 68 -99 19 -43 -28 8 44 90 -27 -74 -69 -10 -26 -21 88 -21 10 42 91 69 -69 75 63 94 10 54 80 37 53 86 77 40 -17 21 70 56 8 51 -72 77 90 92 55 94 18 -91 47 -64 -98 34 -11 -93 56 -39 97 51 -23 17 92 67 13 -4 -76 75 -67 50 -62 -50 42
-4 35 81 -4 77 -9 92 -3 -94 -95 -28 -95 -81 6 96 71 -58 90 -73 -98 -13 61 -57 61 -10 -15 -82 48 -44 -91 -41 -78 73 86 35 -44 98 75 -3 -28 68 23 64 -64 -93 71 -74 82 -53 5 -75 18 -68 -94 31 60 16 27 -97 -95 -71 81 37 31 -61 13 -4 7 -60 -78 48 -14 5 -79 90 -33 58 94 -92 66 -66 83 64 -18 -60 -50 35 18 66 -23 18 41 -36 98 94 -62 79 73 11 -55 27 19 96 -80 86 -40 -72 -37 -39 65 -2 3 0 33 75 -99 63 -19 -83 -89 81 19 -24 1 29 -89 32 -62 -16 -94 50 -88 75 -53 -74 -39 18 -56 81 65 39 -12 88 17 14 -48 -50 0 75 -8 -91 -48 -84 -83 12 -17 -30 -58 58 -34 -20 -14 10 45 20 -41 -70 -84 90 -83 71 -71 -62 29 -53 -30 -79 82 16 17 23 15 22 76 65 -38 43 85 6 33 -48 71 -97 -60 -100 1 -89 48 -39 37 -50 15 -71 -25 82 -51 -31 90 -26 -53 20 66 -79 -68 64 -6 32 54 70 -11 62 58 -2 -28 55 -36 -100 -55 30 89 -45 -92 20 -52 -36 -15 14 35 77 -17 -51 62 -19 9 1 99 45 68 -61 88 -78 -77 81 58 21 90 40 -1 40 -13 15 -13 80 -70 32 -31 91 51 49 -33 -97 5 -31 89 -4 13 33 -86 72 -57 -10 22 -28 51 -3 -12 20 -39 33 94 24 -14 -85 -21 -53 -8 88 52 93 -68 -58 19 -81 -3 30 12 24 2 -23 -96 -81 -9 4 -1 47 63 -86 -99 -31 28 -15 1 54 47 63 -79 -23 -13 -72 4 11 -6 69 -77 -39 23 31 -19 -100 -58 -79 -54 -60 -3 65 70 -2 16 39 -26 6 -48 -12 -63 29 87 -58 -45 -26 -96 88 -25 88 -100 45 -41 -48 21 36 -32 12 -67 0 76 94 55 89 2 -38 17 24 -98 -87 -41 63 -81 81 31 8 18 -96 -45 -50 75 -7 -78 62 -25 -28 26 97 -70 82 -68 78 -1 -24 51 -98 -10 -53 19 -6 5 23 28 -72 -14 41 7 43 -28 43 85 45 72 15 100 57 21 -60 44 15 85 -70 -24 17 -37 74 72 -12 54 9 8 -11 -50 -39
-97 -37 -47 -78 18 97 -81 43 -81 -20 60 -63 0 -47 -13 34 -43 13 -7 71 35 70 62 53 -80 47 -55 -98 16 34 -78 -27 75 74 -72 54 -38 -77 -62 2 -37 -98 -87 -65 3 22 52 -28 83 13 -99 -81 90 56 57 99 -30 95 -17 73 28 -85 86 26 -72 -15 -45 -4 -43 -46 48 95 -100 2 66 62 -1 -89 92 22 -48 19 20 86 -11 98 12 76 -98 -54 22 -96 20 -65 99 35 -92 -39 -11 -92 59 -38 35 -37 25 79 -27 53 75 -40 -74 -24 86 -100 -49 70 26 82 47 -63 -39 -4 73 -92 49 1 33 -49 -9 62 37 -74 8 -11 -81 -5 96 77 -75 -96 -37 35 -89 50 75 -25 -91 10 88 19 58 12 -19 2 -64 47 60 -4 -58 83 36 -12 40 32 69 -4 -6 35 77 63 -40 90 34 -92 1 57 -20 -66 89 26 41 39 51 23 94 33 -43 23 52 31 -45 -39 -70 94 -69 -55 -32 21 56 -100 -39 65 53 6 -5 47 -4 72 -28 55 -6 64 -72 -13 -37 94 -20 73 12 0 -80 7 -94 -24 9 -6 97 10 15 61 100 -17 -92 87 -44 -69 38 89 36 10 61 17 6 37 95 -56 -64 90 49 -30 81 100 -72 7 -82 87 -7 -75 2 -51 17 13 51 46 98 11 -38 88 -86 -87 -68 -95 8 85 -76 -47 -22 39 -50 -14 -28 13 28 11 41 -54 -94 -87 -81 64 -54 -1 17 -22 -25 2 40 -42 -61 -11 28 13 -81 -86 42 -88 88 -42 -37 90 -81 -98 -63 -60 -90 41 -45 -25 -80 81 -10 16 -93 35 -97 52 0 -33 -60 0 48 64 19 -71 10 -74 -40 77 -30 -88 24 84 -28 78 -22 -2 -28 -79 -65 99 90 -8 34 -44 46 -77 -12 2 15 99 -94 61 -56 -37 8 33 -89 99 -74 -77 64 -27 -14 -40 -4 53 30 95 22 35 -49 61 73 16 50 -2 -12 31 14 23 29 -70 80 -66 -93 80 53 -2 -78 41 -27 -76 -36 29 -5 -19 -22 32 38 50 74 30 -94 66 4 -60 -33 -100 -14 53 -7 91 -41 53 -49 62 34 -66 -7 -35 56 -97 86 62 -62 46 77 75 -77 39 -65 46 58 -86 -58 -9 94
-35 96 -67 82 -75 -67 -89 -48 -3 -41 6 21 -48 1 93 4 -57 -97 11 -49 -2 28 -99 24 75 -31 -30 15 -24 17 69 5 -40 58 -67 40 -70 93 55 41 97 47 86 -45 -22 -88 77 -54 -88 -11 43 -53 72 46 9 84 -40 27 -92 89 -47 -12 96 -96 99 91 41 -68 -44 -66 -6 -99 -71 24 -8 39 87 -96 18 60 28 -19 94 5 -11 68 -5 3 50 15 62 91 -92 6 -29 98 42 27 -9 11 93 63 -51 57 26 28 86 -62 79 -9 -83 -67 34 -72 -51 50 -5 54 -43 71 -34 -72 -63 88 -71 40 -63 84 -22 39 58 -18 51 85 -100 -52 79 98 53 -74 10 77 56 -13 -14 -46 73 -54 26 44 47 68 -72 -29 3 -65 -67 56 63 72 -62 -25 -66 -7 46 -21 13 59 -65 20 -37 -12 72 3 -67 -64 6 -33 -69 64 21 -39 52 -51 40 -79 72 -36 -20 -75 33 51 76 -91 40 -86 -93 66 0 20 -82 62 -67 -69 14 -29 -46 -88 20 28 60 -47 -45 15 -50 -35 -95 4 19 -68 -65 33 19 -53 -45 -16 81 27 -47 -80 -9 29 -49 25 -43 -35 1 4 97 71 -65 -36 99 86 -98 55 73 55 67 20 52 82 11 -45 82 -88 -10 -28 8 -33 -35 31 -32 48 -15 57 -74 60 -93 -74 35 92 -23 92 -23 97 -93 52 95 93 -20 86 -14 -63 14 86 41 -65 -7 31 3 -67 -22 -7 -14 -37 -45 -80 85 -32 -48 76 21 -31 34 -51 -9 -8 -68 51 -47 40 0 -82 -55 -14 43 25 -13 -54 -33 38 -90 -3 -88 100 100 -36 -42 63 33 -70 -87 52 43 12 33 99 -24 -53 -69 -92 29 43 -82 -92 12 -61 -81 53 -25 75 9 74 84 -20 97 -26 24 68 64 80 98 5 -87 91 -52 2 11 -87 4 -24 58 24 -27 -54 96 64 40 -46 30 -97 83 73 -66 57 -41 -93 64 47 14 -21 -6 20 -33 2 58 92 -58 -82 4 -13 40 -50 23 -24 27 24 72 39 97 -9 -86 -88 54 -32 -75 4 -8 -11 -18 -55 15 52 -58 30 4 -83 -23 -76 0 -64 19 53 15 -4 59 6 -46 41 -86 -68 -66 34 -58 -23 45
-51 46 -87 -52 41 -55 100 -58 17 20 10 16 62 40 -35 52 11 1 -5 57 23 -96 60 84 15 -95 -83 30 -79 78 -12 78 -4 43 73 79 24 15 82 65 86 -85 8 80 -83 -43 91 57 -76 100 16 -80 -53 -96 -37 -72 57 99 90 11 88 42 -90 59 11 -83 -45 46 -30 78 64 49 -31 72 16 32 -15 39 -5 91 -1 -57 3 99 64 64 65 -36 94 47 -68 98 -65 13 -81 25 49 15 74 73 9 12 4 -27 74 15 4 -70 -95 80 -64 8 -81 49 -24 -15 -20 -29 -91 59 -6 29 -78 -86 -51 -82 14 64 -50 53 64 -87 61 -8 -1 77 57 87 -28 -89 79 77 -51 22 12 -92 -22 -96 -62 -86 -74 -7 -99 -97 -26 -22 88 77 -27 -27 -38 66 -99 2 -64 70 52 -38 45 -38 -8 8 -58 50 -64 20 -24 68 91 -64 6 77 61 -70 -23 27 -36 -49 -48 -53 -9 18 44 55 20 87 16 -17 26 34 25 -17 31 44 56 -9 -54 -36 -90 34 23 20 -81 95 72 47 -78 -65 -79 -52 -22 -31 7 -27 64 -82 94 33 -3 49 -44 45 47 3 -42 97 -17 -52 60 -56 37 -87 89 -71 -50 -33 73 18 -77 83 22 84 -39 26 -33 28 19 -66 71 -3 2 63 -80 72 -86 -10 58 -43 -89 32 45 -65 -98 100 11 -94 89 27 24 -56 74 -58 94 31 -19 -66 -91 14 33 26 80 -54 -46 24 94 -90 70 -25 -43 42 79 -58 -47 7 -25 47 71 78 43 -87 -44 -18 -1 47 -89 -22 -21 -93 26 28 -29 40 93 -41 84 -64 -66 -24 18 83 12 41 37 49 4 -79 94 -23 3 -22 -45 -5 -35 16 -76 -60 -11 -3 100 78 -39 -48 -25 -76 23 -5 -41 35 -14 90 -96 94 87 5 -60 -38 -22 88 79 9 92 -91 37 -42 19 -62 39 87 58 -66 -77 -20 18 15 8 80 98 -22 28 91 -67 38 38 -65 15 20 -14 43 -83 -85 42 3 -39 95 -100 85 -26 -35 -49 -17 37 52 34 37 -66 46 54 -32 -25 -7 -25 56 34 67 -65 -63 -18 -41 75 -38 -48 88 -30 -42 74 8 -44 21 94 -16 77 -46 -57 -59 22 37 -9
-30 52 9 -50 -15 83 -2 75 -89 3 -16 99 -23 -27 -34 91 37 -16 -78 -83 -21 -64 7 52 27 15 -64 50 18 66 12 -28 -85 -87 15 -79 -10 78 -84 52 -42 71 -68 -27 28 69 95 -31 33 13 -45 70 -22 79 100 89 -67 -72 93 -42 -34 76 91 29 -3 64 68 35 57 -34 -33 82 -13 -56 -5 -5 -22 -36 27 23 10 50 -58 -97 -92 82 0 60 -83 -5 6 1 -80 -50 38 -64 44 -48 31 17 -56 -96 -81 85 8 33 -18 -69 5 48 36 -22 2 50 69 -3 64 -37 -76 53 -86 -16 28 -88 -80 53 -92 84 95 -93 36 -6 4 -35 -33 -95 -65 67 -12 -2 12 -11 -63 -25 -1 -15 -19 19 -2 -24 97 -74 -98 18 72 88 -70 64 66 33 -4 71 -3 -82 2 -58 10 -56 100 99 29 20 3 -36 -46 48 65 7 -30 39 -29 -50 -71 13 48 -92 87 89 -76 67 50 -4 17 -63 76 53 16 -97 1 -59 -70 75 18 -51 13 74 66 -37 33 -95 41 -27 -2 -12 -48 -38 89 75 -58 57 -73 -58 -71 71 41 -68 -55 21 -43 -60 -4 47 -84 59 -88 30 -37 -4 -90 -38 1 55 45 56 95 -82 -9 77 -21 -22 -78 26 -12 36 42 -89 97 -69 25 80 -46 -21 -43 -86 -49 49 39 -65 -52 68 -5 0 66 49 63 21 -43 33 -62 -60 64 -63 53 -54 75 84 4 3 29 73 -81 -100 -38 96 -42 -29 18 -88 -77 14 -6 -35 76 -51 68 45 89 60 -27 -70 -87 -72 57 -64 85 24 100 -61 -6 -5 74 14 -3 -45 -32 -2 5 -49 6 -64 92 -56 -20 -41 8 51 -67 98 -82 81 -38 36 16 63 -41 42 -7 -75 -87 -11 98 -46 -18 16 41 -21 39 -7 -65 -56 63 31 25 9 -51 15 30 -47 -17 63 -18 -2 13 75 -50 16 11 5 85 -77 47 -83 87 -33 -45 50 33 -10 22 -65 -39 9 -98 -93 -78 -57 82 -46 58 -41 -69 -18 41 -1 -43 57 -88 -91 -8 24 -25 -26 85 -37 -29 70 -1 -38 2 -100 -88 -1 -92 -8 -38 99 -95 59 19 53 -53 -78 -59 51 -36 77 82 -44 51 66 24 30 66 -67 42 45 -61
-36 -24 25 -64 -73 91 91 94 -63 7 1 91 46 76 -54 68 76 53 24 16 42 -97 78 18 -44 80 -34 29 25 93 -12 32 -92 -33 85 -2 -39 89 83 -49 -91 39 -89 -36 -6 -22 65 82 58 2 -72 47 -81 82 -59 88 -97 -82 84 -59 3 77 -55 42 -77 10 -58 -10 16 -83 83 14 -65 -98 75 -33 -10 -41 79 89 -35 59 -72 -1 -13 17 63 12 71 28 28 31 -41 20 -67 -37 66 25 -98 36 32 66 82 -5 -3 -92 80 100 7 -44 98 48 -91 58 -48 12 -58 -100 31 -22 20 -24 5 -54 52 -51 24 61 -18 -99 75 -46 5 14 97 65 15 87 54 21 3 38 11 67 8 -52 22 3 -46 64 61 -17 29 37 12 90 50 -83 -26 89 -89 90 39 -53 -7 82 26 20 28 35 0 28 -81 24 19 31 72 -30 -5 -6 19 -66 77 -25 40 -6 -58 -28 21 -11 39 37 -79 -28 1 84 45 65 -71 -24 92 -98 36 -24 61 60 -23 38 33 32 97 39 89 -71 79 47 8 52 3 -79 6 -40 -33 13 85 34 0 73 -46 -14 -36 -94 -40 61 -26 -6 7 49 -48 72 58 32 -33 29 -27 -17 88 96 -73 17 25 -47 -89 22 16 -83 -17 -17 -65 -82 48 3 97 -100 66 -17 11 90 -71 48 6 19 30 -43 -25 -10 33 -94 88 5 -92 -59 58 40 -28 72 -67 8 52 -58 1 17 6 -70 -73 -99 -25 -12 11 56 49 -8 54 -55 -10 -78 56 -4 -19 67 -33 27 -29 57 -35 -55 90 -73 28 99 -3 -43 -41 -21 -46 22 83 -91 -21 61 96 13 26 -8 36 -35 43 43 87 -64 90 49 59 73 78 29 30 19 -58 80 -99 -65 -11 29 -63 51 -89 -31 -41 -29 24 63 -12 8 -28 -7 43 -35 -54 34 4 -33 95 33 -60 -37 21 -31 19 99 7 -82 83 -18 -93 11 -59 64 2 -55 96 67 -29 -91 5 -44 -75 41 -50 76 -38 52 -88 98 -49 52 12 8 56 -46 -56 -98 32 26 -41 -22 -32 53 35 40 66 38 14 -54 28 -96 -43 -34 49 -46 -10 -56 -68 -90 -35 12 89 71 -34 -19 52 -70 -54 -87 -87 70 -26
-54 -84 -71 -49 52 56 -99 -47 -97 26 -9 -73 59 23 -8 -80 -5 49 82 -60 91 3 12 69 29 -84 -8 -35 53 -37 -31 94 80 -41 53 -60 41 -96 71 -26 -39 -88 2 -83 -89 -70 -19 54 71 12 100 -86 95 91 -1 59 -45 -50 -7 -7 -71 -46 -85 65 52 -25 82 66 -35 63 -35 15 100 -63 -40 5 79 -28 30 -28 -56 76 66 -88 -74 88 -94 18 -58 76 9 -63 52 58 100 -9 -29 88 75 57 24 -92 83 65 -52 -53 71 -32 90 37 80 58 6 -97 98 41 -94 -29 -75 -54 99 57 -21 -85 64 -98 -52 59 91 -4 92 26 -85 -65 50 43 -86 48 -8 -35 23 77 -42 -35 -52 74 37 -82 -25 68 73 30 -70 -35 -4 -55 -59 5 75 -27 73 16 39 -48 -3 93 -32 25 73 41 -92 29 -62 12 -48 30 18 -2 21 -41 84 56 25 97 14 38 -73 -93 78 -88 38 2 -41 -38 -16 -76 40 53 -57 -77 16 -24 6 38 -84 -89 -93 93 93 -33 99 56 -73 -3 -34 -86 4 1 78 18 53 -44 87 98 63 65 13 -73 -55 4 7 89 -65 -21 70 -94 -97 65 -99 71 -46 73 10 -25 9 -77 -32 38 -87 -69 -86 28 -82 -63 100 99 53 -20 -16 30 -59 -95 -43 -19 17 -87 58 5 -75 97 99 80 -11 39 -10 16 -87 -91 25 -89 46 80 -51 78 3 -82 -100 -86 -20 27 -63 -92 76 83 -32 -63 -85 26 7 -51 70 -8 -31 -6 95 4 30 -21 -52 65 54 -70 50 5 -48 -58 -79 -93 63 -14 33 -44 -15 22 9 -18 -38 -39 -45 41 -73 48 -55 -25 -96 20 18 84 -17 56 20 -46 -45 -65 -75 8 -25 -84 30 80 58 -37 99 44 8 100 63 -32 53 -74 2 -77 -43 -17 9 73 -94 23 79 -76 -20 -47 80 -80 -36 -89 50 34 -33 96 50 40 -68 -97 85 -44 55 -93 61 -53 71 -59 77 60 -16 -45 -64 61 -34 -62 85 4 -77 -15 90 -100 12 67 -38 52 89 -71 -85 -78 57 36 39 91 84 32 -4 46 1 -17 -9 -65 61 -95 -18 -22 3 -83 -20 -42 -98 -99 -53 -30 95 21 70 9 -85 42 56 -69 31
-37 -36 40 -52 74 48 8 -2 75 88 27 0 29 -4 -78 84 58 -74 82 -11 -69 47 -3 -27 57 -46 -56 -30 -34 -44 31 23 -65 98 -60 57 -31 -55 80 -100 54 89 17 70 -13 78 72 99 75 77 -71 91 -82 72 -29 -76 -20 29 22 -10 -14 -21 75 30 -34 18 62 -20 74 -39 -10 -78 -82 57 -32 37 -10 36 -41 79 -44 28 12 97 -44 -85 -67 -42 37 100 55 54 53 -84 -87 -71 -94 -67 54 -44 -16 61 98 40 -69 79 -66 -80 -73 -97 98 -70 -95 68 41 20 74 39 87 41 -85 13 91 43 -10 48 17 -44 -25 -85 -100 -18 62 22 25 99 80 -78 25 -78 34 96 44 78 -46 -63 -5 -82 61 -38 32 -19 23 86 80 60 -9 96 -40 86 7 32 93 70 -9 -22 52 -61 41 -96 -54 -39 55 -53 -15 95 10 -56 -16 -2 75 -85 42 -84 38 -55 -29 48 -21 80 -2 -84 -10 -44 85 15 86 28 91 -43 50 -31 97 3 96 -11 94 -64 -97 -9 -79 16 53 -76 19 43 -35 65 -10 -66 -26 -30 42 -76 -3 -73 23 -26 71 -35 13 -14 -18 -95 72 -20 -27 79 16 -60 99 93 -61 61 -39 -13 -74 -50 25 79 72 -65 -43 87 49 0 -84 -97 -22 46 46 -24 74 50 -56 -72 68 -27 4 16 -90 4 96 97 95 20 62 9 58 -74 52 -72 -25 -98 -13 0 49 43 85 51 -1 -18 95 -16 33 -11 -88 -77 66 20 0 -24 85 50 17 4 76 -78 12 2 25 59 16 -41 -72 9 70 71 -72 -51 -76 56 77 91 19 -1 75 27 -14 47 73 100 -71 40 -82 75 81 59 -65 76 69 16 16 -87 52 63 -67 86 -23 86 -57 -60 -79 -74 83 30 15 -29 -54 57 34 -2 74 -76 -76 -80 31 -21 59 19 -91 -18 44 60 -64 -11 56 27 43 -42 -25 -62 61 69 84 -77 -70 25 7 -73 -16 -42 11 20 86 -2 -72 92 -49 -18 -52 -52 -79 75 59 -61 -20 73 73 24 -92 77 89 -15 80 91 45 44 40 -38 -76 -43 -71 46 -35 31 -42 -54 74 -4 4 -40 -35 -62 94 -68 -59 -6 100 -12 -61 0 -77 -57 -47 79 -31
-69 72 -99 75 0 -96 62 -59 84 1 80 -83 -73 -70 -41 74 10 -38 74 -20 -54 85 -36 -59 82 -54 47 -27 -75 -61 -20 -4 32 -80 84 -99 -40 7 34 94 -30 80 -8 -89 71 18 -12 -26 -95 -32 -99 58 -80 5 32 85 -96 12 94 -1 11 90 -67 -15 21 25 -89 -32 20 34 33 68 -29 20 -96 50 31 14 -23 -49 -69 7 -55 -39 72 25 -5 -45 -80 -70 -68 44 41 48 -43 56 -54 73 -20 -78 94 80 -35 82 24 -88 -97 -76 79 49 -14 51 -99 67 44 70 -17 -51 -69 -59 -80 -29 90 38 -49 -6 12 -30 21 -83 67 37 61 43 36 -100 81 18 100 -62 95 92 65 50 88 73 38 -9 39 49 -37 25 63 -30 -34 16 56 84 60 -53 12 19 -28 -58 30 -22 -5 89 94 -79 -7 48 -84 80 -33 -24 -37 30 11 16 -56 33 29 92 60 -4 22 -97 -16 82 -34 87 -41 52 4 -7 -50 -91 74 -64 84 -58 21 42 -22 -60 6 56 29 -30 34 -72 43 -94 94 -97 -63 -8 -38 26 -73 -27 38 97 16 7 -9 34 27 40 2 92 -44 57 61 93 -10 -16 8 64 -89 -66 55 30 -47 -98 -56 78 -75 -68 -54 -57 -35 -76 45 88 82 -2 -17 84 -61 -44 -91 -53 -1 34 -63 79 -20 57 61 96 66 62 3 -73 51 -34 -16 -74 79 89 94 68 -48 -74 -83 -57 9 -35 -55 -70 -58 -68 48 59 50 -14 50 -6 73 -42 7 88 -16 63 -81 38 62 31 88 55 -62 83 -12 -41 84 100 -67 30 -15 71 57 -65 5 -75 31 11 19 -65 89 -76 40 -90 99 57 90 94 13 -1 -27 -87 8 70 25 47 -83 10 97 -11 -16 47 55 66 0 -8 -20 1 12 -78 83 59 -83 0 67 11 -82 -26 -21 23 39 -79 32 -19 -84 37 59 -18 -85 42 -64 75 21 65 32 -48 -96 -3 81 93 -10 -26 10 -78 -65 27 -39 -5 -60 -78 -89 -92 -55 63 -34 -4 98 50 -50 -28 -2 86 10 7 -62 -57 71 -28 -98 -15 0 89 -55 43 -87 54 -94 -6 -75 68 97 57 44 -100 -87 6 -32 -26 -85 -21 -45 38 -98 33 -70 -5 -8
-45 97 -21 -34 45 9 -92 28 -31 83 15 13 77 9 2 63 -68 89 -62 -55 23 -37 10 72 -11 -54 78 63 -81 -72 -97 35 -34 70 63 -70 -90 -64 68 -10 42 -26 73 -23 -9 60 -32 83 -97 34 60 25 79 -95 -37 67 29 -26 91 -62 62 -21 37 1 -40 -35 91 -61 89 -69 55 -93 -95 -63 30 20 -59 -51 33 54 76 -82 12 19 -60 -36 -72 -49 -50 66 -54 10 -21 61 95 -26 -10 34 -62 -61 69 -20 -73 38 48 58 -76 19 -21 54 -44 58 -12 -22 51 50 -27 2 81 -41 -64 -41 -79 -56 -97 -49 3 -7 -90 -95 -33 58 44 -22 87 23 -97 2 91 91 39 87 92 20 56 -12 44 -48 -92 -28 51 -84 -17 -95 78 8 -42 -87 -7 37 0 49 -64 60 64 71 70 66 -94 81 -42 97 -28 45 -7 23 -60 36 -46 98 -24 0 -55 8 80 43 1 96 -78 44 99 45 -58 -16 67 -7 85 74 -26 -8 94 95 30 18 16 -65 -78 -33 -48 -2 13 53 5 88 90 95 97 -37 25 95 41 46 79 31 -57 72 46 -90 9 -65 49 68 -31 -53 -64 59 -35 69 84 82 27 -35 -9 46 -29 64 -45 -85 82 8 90 -1 -87 40 -78 59 18 52 45 96 82 -80 -24 6 -74 -45 -71 23 -65 -31 -88 43 80 -60 -81 8 -79 41 -56 -6 81 -83 -90 0 -25 58 -74 99 28 48 -81 -56 -66 98 -98 -88 -88 82 -7 -87 -100 -69 -6 45 95 -68 38 4 -66 36 -82 69 -61 45 45 -64 3 -46 15 -92 48 -81 -37 -67 -92 92 -72 -49 51 -29 2 -29 -3 85 -53 -45 -18 48 -17 -68 58 1 4 53 100 -86 -12 -94 35 -9 -22 -55 27 -44 -76 61 -16 -66 89 -68 63 92 30 -21 65 70 44 91 -19 10 81 -72 11 3 29 37 -38 -90 -4 -4 -27 86 -80 84 77 94 -54 23 66 87 -5 -75 20 40 -36 -37 8 40 45 9 -53 49 16 -87 -40 99 94 13 48 -99 -10 -6 42 49 -26 83 -30 7 -89 -75 64 74 -57 41 42 91 98 -69 -57 -60 95 -56 -49 36 9 2 22 -24 -4 76 -6 -88 -21 -6 82 13 -45
17 49 -52 -58 -95 -32 31 30 68 -70 83 -98 94 -13 1 61 -31 74 -42 24 -40 -15 -25 -63 -41 -30 1 30 -29 11 73 10 57 -95 -30 -24 1 32 18 -11 88 76 60 48 19 92 -99 -73 91 -15 -93 19 -96 61 9 -97 44 -100 -10 -98 -4 45 -86 -13 -65 9 10 36 100 11 49 -96 -86 14 19 89 75 15 29 -98 -11 -12 -1 -84 49 42 -91 -16 44 30 -34 42 19 38 -27 9 61 46 17 44 -8 82 -41 15 32 10 -14 93 -60 -30 17 26 -39 -32 -83 28 73 -59 11 57 -80 48 -82 -51 -59 -9 13 -14 -29 -6 -57 95 19 -2 34 75 -46 -79 -13 7 -40 -98 32 88 17 -65 -47 70 -35 -15 6 -83 -21 90 50 52 83 -81 -71 -74 20 100 25 -95 95 60 30 -48 -69 13 26 28 34 -57 -47 -32 81 -17 28 72 72 -18 71 99 -46 9 -45 -98 62 9 37 53 -59 -92 -23 41 -29 59 51 -24 65 -45 -60 -57 57 28 41 84 97 -7 -39 -23 -99 -5 76 29 -88 11 20 8 -8 1 -96 51 -31 79 -7 -51 -26 -56 24 19 71 -46 14 36 -98 -57 -69 26 -70 22 -68 29 -33 -2 -53 -5 94 83 71 -6 33 6 -74 -74 64 87 52 91 77 42 48 -74 12 -25 -71 45 76 81 -59 -8 -84 -87 41 -72 -6 22 79 33 -91 -90 84 -88 90 33 66 -83 -53 -72 40 -11 -85 74 -32 -15 7 -63 -67 16 -18 43 92 -96 -1 -41 85 86 18 -67 23 -15 54 94 -10 -71 11 52 -53 62 9 -42 -47 -52 -48 -78 26 -61 -12 2 81 -4 -17 31 -79 27 30 -37 -98 36 -25 46 16 -3 -57 31 -69 -87 -47 62 49 93 6 -58 -51 39 35 -81 95 -53 -100 -92 -48 -81 44 56 54 0 99 92 -45 -72 -11 -78 7 -69 59 99 -25 96 17 61 -79 29 -58 15 55 72 -63 -50 2 51 -87 80 -45 -72 16 -88 -93 -28 -49 -94 -28 -28 -43 66 0 -67 53 -28 11 -63 -67 -16 50 51 -37 0 -80 -38 78 -30 -38 -84 15 -46 -2 15 -53 -94 -10 -66 -100 91 -65 42 -73 60 91 39 -80 79 -69 37 -10 99 77
56 -80 10 17 -58 12 32 90 58 -68 83 47 7 72 75 -15 64 52 91 -36 -7 42 -29 15 49 5 43 -45 65 -20 -99 31 -42 22 94 -30 26 -64 -93 3 -36 -52 -41 70 -61 16 -39 97 43 -45 86 16 79 -8 -10 -92 55 -21 -61 86 -77 90 24 0 -91 54 46 -16 65 89 24 48 -96 -91 33 -84 -98 75 28 -92 -37 -81 1 40 56 85 51 -19 -37 -18 -26 42 62 0 -97 92 23 55 75 57 -21 -83 -95 -82 52 -25 70 -69 21 11 82 6 68 94 25 61 -100 96 91 -93 42 -30 28 -46 55 52 92 31 -43 -70 -86 39 -69 6 -62 -43 -8 25 -84 56 -37 18 41 -85 -37 77 -100 58 -41 5 -33 44 97 -40 -32 35 -54 -64 3 -53 -58 100 -94 -48 58 10 -98 44 95 93 13 -12 19 -33 -51 50 -83 82 41 5 -98 52 5 -65 -76 57 -45 39 87 -24 -77 -54 -30 -91 -38 97 65 -94 30 13 -77 42 51 -79 65 -59 -66 -51 -35 89 -46 -17 -62 -41 40 -13 -4 -49 53 -76 -34 -80 3 86 42 -47 -90 -37 -82 -93 -23 -48 -79 30 -84 -63 -26 51 82 14 12 -65 -7 -61 40 -70 -67 -86 83 66 8 34 -56 -56 57 0 23 -74 3 8 79 -2 36 -10 -73 33 -81 -60 71 -23 24 13 20 -64 -71 50 -41 -94 26 -35 67 40 56 -43 -89 70 5 -75 55 76 22 99 -47 -83 66 -68 8 -61 -55 77 60 -38 9 84 -59 -13 90 -27 70 -23 44 2 14 -33 51 72 19 -52 83 85 34 68 -87 -84 48 -94 99 48 89 18 4 -13 26 57 -45 5 -39 -98 -47 -11 -61 -39 -80 -59 -76 -4 -45 23 3 -20 -40 96 77 -69 -70 -88 -74 -79 35 -12 -31 -13 78 -77 7 94 -11 -53 7 64 50 57 -89 86 -68 -35 20 53 -20 -84 91 -71 -52 35 100 75 65 -70 -54 39 85 14 -44 63 10 38 39 58 36 -86 54 -66 -99 -2 36 -54 -61 -67 7 33 -36 -48 -65 -60 80 -21 -8 -90 -87 -100 -66 55 19 -90 -19 47 75 -12 97 96 -54 10 -5 39 88 -66 -2 -100 -58 -5 -89 23 -5 -66 -94 40 39
-53 81 60 99 83 -8 -51 -69 16 15 8 94 14 10 76 79 -62 -30 7 -63 91 32 72 -30 -17 26 49 -94 21 24 3 -97 -47 87 22 100 26 -25 -91 47 -3 -10 -60 11 -100 96 -17 -35 66 -59 -99 89 -86 85 -64 95 -75 62 0 -19 93 -100 -80 86 -6 51 53 68 -78 -2 -67 -100 -7 -14 -55 63 -52 -22 -72 -50 -16 -59 93 10 86 78 50 -70 -86 23 10 -16 -59 46 -30 87 -31 -75 -59 -59 61 -39 -6 -6 44 -60 -87 100 -74 52 76 60 -7 -85 44 14 -56 -36 -72 90 -75 -84 -26 9 -68 -43 16 -98 39 -12 -96 97 46 40 49 46 64 85 -54 46 -75 -57 -54 50 -41 44 -20 21 -82 -79 -82 -39 5 84 33 84 -72 14 -45 18 -56 59 46 -81 -47 -98 -13 -84 -12 -81 26 35 -51 -12 -88 -65 91 -40 -56 -49 -70 -55 -71 21 -90 -99 -89 -14 -65 -1 75 100 7 66 88 -27 21 32 98 90 80 17 53 72 -92 -85 -7 97 16 73 -31 3 -50 -96 6 51 59 85 74 -89 -64 -46 93 -60 -47 -65 -76 -22 21 36 75 -23 55 -57 32 -60 -38 -28 28 -81 -96 98 -62 98 71 26 -47 46 33 -85 -83 80 30 100 47 -99 -39 62 -9 27 0 -52 46 -84 91 -14 -83 -34 40 30 15 12 38 -97 84 19 12 -87 0 65 -18 88 4 63 -16 -78 88 -28 5 -71 -23 16 2 -17 13 25 -86 -32 -95 -42 -21 21 -49 69 62 -29 21 87 36 21 49 58 84 -53 64 -38 24 -54 64 67 51 73 -78 70 -92 -98 88 -14 15 -80 22 -60 53 73 -85 95 99 6 5 18 33 56 64 70 67 75 -48 96 -20 -94 -29 88 36 -85 48 -55 84 -92 93 -74 30 -47 -90 42 64 -36 42 18 41 -54 -42 73 -66 -26 20 -38 8 -3 -60 -50 -73 47 -1 -67 75 98 41 -48 33 1 7 8 -2 -86 -1 -89 -62 -33 -56 -91 -88 -18 59 23 -29 -61 24 24 -19 -47 91 8 90 -42 -2 -45 -45 -93 82 -59 19 -57 -51 53 82 35 66 -86 99 11 40 -80 66 33 -74 -52 -52 21 24 57 -20 -19 -15 -36 85 -87 -47
54 -69 19 43 -40 15 -12 -86 -2 20 80 68 41 -69 -10 60 -90 74 37 86 6 -22 93 -35 -1 -88 91 14 54 -24 51 63 38 40 -93 -17 -11 3 75 -24 -54 65 -71 53 -35 -68 -34 44 81 36 -77 -34 -43 16 26 21 27 -64 -28 -64 -52 8 -64 76 43 -81 83 -15 68 35 -95 -18 23 60 -87 57 -34 56 30 30 52 -1 -73 -13 14 31 48 78 70 82 56 -63 -30 9 -19 -67 78 92 -78 60 -22 -17 92 -3 -6 70 52 -54 -80 -74 -4 -48 -48 73 -97 -89 45 -8 63 32 -2 -2 73 87 61 -72 -70 63 78 13 34 -22 -86 -30 -36 50 98 -24 71 56 -49 36 -62 72 6 -32 47 12 0 82 37 85 -18 -42 -80 71 17 43 83 69 11 82 17 31 70 -88 14 -87 -25 -20 -86 -99 -74 -56 25 89 -24 -92 72 -96 -76 1 -35 -56 34 -47 -47 -89 -27 -64 98 -78 23 92 21 -65 -12 -68 86 -100 17 69 70 92 -8 92 78 20 71 -18 40 -38 -50 -92 -5 1 -94 -25 93 1 64 -86 14 49 -15 56 7 -32 59 -44 16 -37 32 100 -15 -79 82 88 -34 34 -73 -36 -83 57 -25 95 57 -91 39 -33 -90 97 -13 -96 10 1 -1 71 -45 96 -44 89 50 -37 -50 39 84 31 22 -94 -85 60 -74 70 69 -87 18 40 -41 -9 -72 -39 70 -25 14 73 -96 -26 -8 55 -31 -83 -67 -1 -67 79 -60 4 1 13 92 50 -13 -84 -99 -6 -34 92 -54 -88 -73 20 -54 35 1 24 6 86 49 94 -45 37 79 88 -29 -59 54 17 17 -38 -18 15 -52 37 -62 -41 -58 -50 -1 16 39 -28 37 -33 71 -65 87 -41 -4 23 26 -19 68 -12 68 -71 -84 56 50 -98 18 55 -7 37 -98 30 0 -51 46 -45 56 -8 -50 -28 30 -41 -31 38 -95 25 -92 -97 -98 -63 -64 -24 0 -67 -56 -12 28 65 -10 1 -32 58 -13 -5 69 -34 98 2 -83 -67 65 -27 59 46 39 -49 -11 -52 -67 -38 -76 -94 -2 -84 37 -45 94 8 -95 -34 -13 -23 -33 48 24 -15 75 -31 -19 -12 -42 -52 6 -92 -4 -47 30 -35 47 -29 38 41 89
29 -85 62 76 -89 91 4 60 25 -37 -90 56 -34 -13 89 -77 -22 8 -39 -21 15 -92 95 -43 -86 -35 97 -23 69 -24 60 40 63 3 88 4 44 -94 -23 56 -65 -86 -18 -34 -54 7 -29 62 -65 96 85 -51 72 -63 63 -24 -82 -38 42 71 77 -44 17 38 -24 -89 -92 36 -42 46 43 -13 83 -47 89 -45 52 20 -86 1 48 65 -90 -10 72 73 -91 -30 56 14 38 84 -1 42 -35 -12 -26 -98 23 69 43 -99 94 -10 61 -62 -13 -37 39 67 53 34 -19 -2 -62 52 -87 54 35 -46 -53 62 -26 9 -10 -99 -13 -55 13 19 -61 -15 20 56 48 84 -95 -42 -48 23 24 41 -54 63 54 -76 -23 -11 -24 10 -79 -52 16 -72 4 -53 -77 43 39 -37 38 59 -6 -51 -40 -58 -18 -95 -52 -60 3 -51 -48 40 87 -76 89 -88 60 24 -37 -27 -59 45 54 18 -9 -54 -4 0 -95 -2 58 8 -56 -81 50 -5 49 24 52 -69 -5 70 -81 -37 -4 -76 35 -67 -9 -60 12 53 -36 89 -15 -100 24 -19 -27 -65 91 -28 -82 23 42 17 -71 -13 -26 95 23 -5 -71 -42 -57 96 57 9 40 -25 -12 -98 -93 -37 -9 -75 12 -11 -2 25 -65 -80 48 -43 -90 -53 72 -43 74 -6 -45 47 -39 40 -15 -32 -87 64 13 52 -81 99 61 46 -92 46 35 57 -62 80 -71 -74 -87 80 -93 92 53 -3 89 -98 29 60 -10 -29 34 -47 -86 88 50 -31 -76 5 67 19 -75 -50 43 44 -25 -78 71 23 -54 15 -10 65 -23 -1 -45 -100 64 93 61 20 37 33 14 -91 -33 -20 71 14 -77 20 -91 73 -73 -76 12 75 42 -8 -12 -73 -40 69 -58 40 23 -14 68 -50 -59 -43 -85 -78 100 29 35 -97 -77 76 5 29 81 -52 22 66 52 84 -24 -42 38 97 -11 -26 95 19 84 10 -34 -80 58 97 12 -86 -39 -62 64 88 -93 34 53 -27 -70 64 -84 -41 -44 -38 -72 98 5 -44 -33 -56 49 -21 -90 -84 -62 66 -59 45 -13 3 83 -26 -79 -68 -62 -24 -65 48 -11 31 15 -85 26 77 -83 -89 -90 35 15 -68 -18 -7 -66 -60 -49 6 -13 -18 62
-34 33 26 97 44 -79 -79 -47 88 41 42 10 -15 -30 -80 73 -76 -69 -40 88 85 21 74 -82 -50 49 67 -34 80 55 85 89 26 -34 57 -16 61 95 80 13 21 14 -96 -84 -27 60 62 -26 -38 -27 -27 -29 -38 45 -43 -51 99 64 12 -58 -13 76 66 88 98 23 26 -38 -72 4 6 -17 20 -72 39 17 26 -44 22 98 -98 -16 -91 -52 53 97 19 -22 52 76 -8 16 21 -48 16 83 59 -16 -94 -52 -68 -44 -10 93 87 70 -72 83 -55 34 -78 40 -24 -50 -10 -66 73 26 -37 67 -20 -95 -48 61 58 59 -97 -60 58 95 16 17 66 -62 -87 -48 -1 16 50 63 46 28 34 -77 -74 -33 -54 -34 -33 -48 15 89 94 6 -43 40 -37 -89 22 -90 56 66 -59 69 -68 29 -2 12 68 -25 75 27 23 -76 -9 -6 48 -37 -25 -37 4 57 -77 -68 -29 -56 -73 -92 95 -82 46 -12 38 -22 71 83 0 11 -59 -57 74 -8 -60 28 26 -16 42 54 -91 3 63 3 -79 9 46 26 -91 -13 -66 -70 60 -49 48 46 -52 -66 86 -40 87 -49 -51 51 47 23 -57 -82 80 10 -50 -89 -49 1 8 58 48 -30 -83 83 72 50 -9 -81 -57 86 -87 -76 -63 44 -51 -52 77 -25 -16 -35 34 -93 55 22 26 34 -11 25 -77 86 -90 40 20 -14 -10 -39 38 -49 45 -23 65 -25 7 65 31 -71 -48 -100 56 -84 -9 -43 47 -1 -61 96 92 17 -34 -33 -62 -78 56 35 92 -67 98 0 -22 -50 -30 -16 48 63 -62 -99 63 61 -51 55 7 0 -88 -49 15 -60 5 69 90 -48 -63 22 -82 -52 66 1 15 -29 -68 -64 9 -14 -35 38 -92 9 -76 -76 -12 -3 -18 81 69 42 -69 -2 -92 4 -73 70 83 4 -40 -43 -71 -5 55 52 59 -90 -95 -60 -66 54 -60 93 19 93 -10 -76 7 -11 4 43 -5 17 -21 100 -88 -16 -53 -93 39 -41 32 45 7 -1 -15 -95 52 -1 26 35 -60 19 27 -98 -2 -28 -21 -91 68 -94 76 87 -78 32 3 19 43 -12 -97 -34 -69 -22 61 -22 96 2 48 68 -5 61 -10 -35 40 -17 -38 -91 48 -43 46
76 -59 92 68 -59 6 66 -56 -94 -18 -53 -37 71 -14 37 79 17 -24 -8 26 81 49 16 -6 26 -22 51 24 50 42 45 -63 -33 29 43 -55 42 -5 -98 -41 6 -6 -69 42 55 -77 28 67 -5 -55 42 76 64 8 -41 -49 44 76 88 -53 -19 -74 -62 -84 -2 -44 48 -74 -41 15 39 45 32 51 16 88 -4 -67 -7 -53 -21 -33 -30 -30 -40 14 -58 55 26 -7 69 -1 15 54 26 -47 33 -64 63 100 -17 27 8 -90 15 -24 -77 82 64 -54 -6 5 72 57 -35 66 31 -58 44 -25 -51 27 -48 52 74 12 -17 65 71 18 75 -69 -32 -77 1 -99 29 -13 -31 -53 -9 65 -82 60 68 -35 -52 30 -47 45 19 32 1 80 -18 93 96 -12 26 52 14 -20 -73 40 15 -27 87 77 -53 14 -36 22 -5 33 -62 -54 80 -28 -10 33 44 92 -22 -79 52 -1 23 -21 57 56 0 64 46 6 -27 -24 -2 81 -54 -94 -64 100 -69 0 -37 49 28 -67 -7 57 37 88 -38 -60 -17 -41 1 57 69 54 -75 36 -5 -52 -15 -99 47 41 -49 -14 10 -29 92 68 -73 81 69 32 -94 96 24 43 1 -30 -1 -58 -77 -39 51 32 61 48 -77 73 -36 -39 32 -86 98 53 -100 7 81 20 -77 -23 57 44 84 -69 -93 -87 -26 13 59 -6 44 -87 97 40 57 83 99 48 -30 -76 -10 32 -75 -42 -52 -5 63 86 -47 -73 100 -23 90 -62 10 -23 83 0 87 -99 83 100 88 14 -49 -82 -54 -34 -87 -60 -40 -69 99 12 -31 22 61 49 26 -87 -64 10 -28 -79 -85 -75 90 -35 -15 96 91 70 84 -15 -67 -8 -62 93 89 -55 42 -83 70 -90 -84 26 15 -78 -64 -49 -91 91 90 -29 -55 -59 -5 65 88 -47 8 34 54 60 52 -39 61 -25 89 26 37 -78 -45 29 15 -27 -22 -72 20 30 10 83 -38 2 -55 24 71 -69 16 58 -96 -95 32 60 -61 75 13 -13 -40 77 -76 -71 81 -27 -40 23 -81 89 14 52 75 -36 27 66 8 -14 -72 -33 -8 47 26 -90 -14 -3 -18 -28 61 -70 92 64 -64 -2 51 -49 71 28 54 54 30 -88 22
23 29 51 -31 40 -33 -91 -64 -38 -6 -73 -49 94 -9 80 20 58 21 -38 -9 -59 -75 75 89 26 -8 16 39 -97 73 -67 -29 -79 12 -95 88 -15 -47 22 -80 -56 -94 -19 17 -2 18 82 56 62 -29 -86 -32 49 -5 -65 87 -61 70 -41 -26 74 2 31 -49 -78 -44 14 -59 -61 -2 7 23 48 68 24 18 31 -59 36 -23 -44 -22 -17 43 -7 3 -77 30 -86 94 10 3 -14 -74 61 53 78 -13 -86 90 -75 85 -39 -17 16 -68 94 77 8 19 88 -11 -14 -68 73 0 -30 -16 -65 75 -65 47 -54 -33 -59 -3 41 -53 -74 8 24 9 46 -75 71 95 98 -54 -15 -52 -82 68 30 73 -98 27 65 -42 -86 -55 62 -52 -2 -3 -71 -32 76 21 71 74 -29 38 -30 51 -74 26 83 30 49 46 19 85 -43 38 -60 71 -69 -29 -33 -88 46 -8 -65 -100 5 76 -26 46 77 45 -64 32 -21 30 -97 74 1 15 -2 -17 74 -5 -75 -77 -46 70 -79 53 14 71 -80 -35 4 0 -66 26 72 96 -92 20 96 1 -44 -87 -68 6 84 -6 -15 35 -95 -7 4 -94 7 31 -7 73 56 11 5 -69 -94 0 -80 80 -9 85 -15 99 65 65 56 -87 -3 -64 -87 52 62 -89 -22 24 -9 80 84 50 90 30 -33 -11 75 17 47 -76 69 -28 5 91 -21 -40 84 64 72 15 -28 -71 -92 -79 82 -100 59 38 13 62 57 -20 42 95 43 -81 81 -60 42 20 62 71 -27 -69 93 -20 -36 55 37 94 -40 13 43 16 -39 -96 54 89 -44 72 -1 -77 76 73 -38 -44 -60 -33 15 -60 6 -22 -79 -29 -87 -27 34 -72 60 47 -70 21 22 -82 -16 -37 -21 -82 -39 -30 2 52 49 -75 -62 -59 -65 36 84 -25 16 -11 34 67 -30 6 28 69 25 -19 26 44 -61 -47 95 -13 26 -67 -76 1 -41 -51 -26 61 1 76 -60 88 -60 87 -65 87 -22 -10 28 17 82 -19 -29 84 98 32 -41 65 12 88 77 -6 98 20 84 -85 -10 64 -94 6 7 -100 86 -80 12 42 30 52 12 -55 80 45 -57 4 55 -74 63 -58 -34 -16 82 -68 -97 -44 -72 9 18
-77 19 71 -36 -8 -38 36 -18 -94 -25 -98 7 77 -42 -81 -40 12 19 4 -10 -55 -38 -42 78 93 -85 41 -53 -12 41 -48 77 -9 -32 -25 -42 -24 -90 -38 -74 -1 -47 52 49 -25 8 -84 -9 14 79 8 -17 -40 49 -48 67 -70 100 -80 51 -87 -94 68 -34 -65 -35 70 98 -27 35 36 26 -25 19 -56 44 81 97 77 28 23 -43 59 81 -26 -78 9 -56 -69 -13 71 16 -44 -90 -73 -54 -35 39 40 37 -92 -60 -52 -20 58 60 -77 13 -77 8 12 -12 -18 32 -63 -92 33 29 -90 99 -10 80 -63 95 -92 -13 91 32 -35 89 -49 58 -40 -45 7 -51 -93 92 42 -83 65 -74 -87 -18 -4 25 -100 -68 -37 -17 22 -96 37 -79 3 28 22 80 76 58 -50 34 77 -99 40 -52 58 -98 51 10 74 54 -75 -11 -75 5 54 9 -46 68 -53 68 -2 81 -98 -33 24 -82 -47 56 -73 -71 98 -43 -85 24 -84 -59 68 -99 -24 -33 57 -30 88 80 77 47 -46 -93 -36 -72 -67 -50 100 47 66 -51 -73 -63 19 26 -6 -21 -42 82 46 23 -14 84 5 -88 -86 -76 61 97 -29 48 -78 17 82 -10 65 -97 -28 -7 85 -25 96 68 -25 2 71 -36 73 -12 -52 -15 54 -67 17 -69 -73 37 56 48 -58 3 -34 7 -6 -31 -53 41 -14 -51 -90 28 20 -93 16 43 -10 35 90 70 26 46 58 -45 -13 -7 -53 82 -47 -66 -79 -85 67 -81 26 -8 23 -8 -14 54 8 55 -37 -65 53 95 -71 -51 59 22 -11 -5 85 49 51 9 73 24 20 98 -3 -40 -15 -99 17 -28 66 7 8 47 -99 -45 72 -30 -67 4 -49 -39 40 13 19 82 81 -8 98 -29 -81 100 -2 -34 88 -20 -13 -13 45 25 -9 47 -20 43 -97 -98 58 8 89 14 -55 67 1 3 -25 -7 -81 5 -74 -34 19 25 29 86 50 77 -72 -48 15 56 -32 70 92 24 -45 -4 13 -60 -92 -23 10 -21 76 39 54 15 46 65 83 -99 -64 -12 17 -27 92 82 70 26 25 -48 -61 -47 -42 -39 -44 26 2 -100 31 -75 -97 -32 -81 14 83 37 93 14 -26 39 14 -61 30 31 -1
82 73 90 -38 93 -100 33 61 -57 -7 -22 -22 91 -94 73 46 77 -98 18 -90 -18 -13 18 57 -23 30 -16 -26 38 56 12 88 -2 42 -61 41 51 50 94 1 98 53 -50 57 95 32 -22 30 82 48 -5 2 58 -63 39 -47 80 12 -75 34 44 -84 46 -9 23 -88 -65 2 -96 35 88 -83 -38 -64 81 81 90 42 100 -23 -1 88 65 -99 44 -90 44 -87 89 -91 -96 -17 17 -40 -33 -45 1 48 44 -96 5 17 61 -5 99 -86 -18 45 50 -24 -19 -31 -51 75 17 82 -24 -27 -76 92 78 38 26 -43 77 -39 -11 27 32 31 7 74 -94 -80 -78 -83 -61 85 93 -27 39 -37 53 39 -87 -45 39 -32 -18 -4 -56 12 -16 94 -60 58 82 -9 96 -50 -92 13 -43 37 77 54 -44 6 -74 -11 22 66 73 -73 34 -10 -6 39 -34 23 -52 -65 -58 90 94 67 62 -98 -69 -47 -46 70 88 88 -54 86 19 63 -72 -48 41 -42 -32 2 -94 17 91 61 -8 -9 -4 95 -50 -42 86 -34 -69 1 -52 -93 -73 77 86 26 38 80 24 95 74 45 34 82 -33 100 50 77 8 55 -34 45 -2 -68 -81 -67 42 73 -86 90 11 72 -35 94 43 52 80 -64 16 27 26 -33 -42 -46 -5 91 32 -50 18 84 55 15 92 -23 30 -49 69 -56 57 -23 96 51 -91 -3 -30 -23 25 -58 60 43 -6 47 95 -40 -30 57 51 -79 18 9 -13 89 -29 67 -20 -30 79 17 50 42 -16 87 -57 79 79 -57 -39 12 10 -87 50 -2 76 -68 94 8 99 74 -63 51 -69 66 45 60 -88 -49 -84 70 -21 48 36 -14 -10 9 -21 -38 94 -77 76 18 -64 2 -9 47 43 -83 -34 -29 -21 -24 -2 -46 -53 -24 37 -54 77 -96 -56 71 65 -96 -56 36 -82 -1 84 77 22 -91 89 88 26 -100 -5 -81 -10 -93 -89 38 48 14 7 -38 -82 -4 63 -74 19 -29 38 96 35 38 -90 87 -80 59 -96 71 -64 -41 -42 80 -89 -17 62 4 4 -30 65 -23 -5 -28 63 69 6 -53 98 98 76 43 -66 -89 94 44 84 83 70 76 -33 -43 -63 92 87 34 -30 -89 -57
-3 73 -76 40 82 74 -90 62 24 -63 94 83 43 30 -48 18 -31 -23 31 -31 -83 -49 -74 81 16 82 54 -51 -86 -37 -8 -63 -73 -1 -25 74 -68 43 -28 77 48 28 62 -18 37 -29 -69 74 -98 87 7 69 41 14 -92 -68 54 -30 -48 82 84 4 -25 70 -13 -17 -97 -58 -50 40 6 -15 83 25 -22 -83 64 -94 58 -14 70 50 36 17 93 -88 -2 -8 20 84 -60 35 -68 -96 -18 26 72 34 86 43 -12 -30 -46 -6 60 -73 93 -5 -44 69 -66 58 28 26 -49 -87 44 -37 50 22 -10 33 90 77 -52 -59 81 -98 -93 -22 -88 -70 -57 -10 88 -33 44 5 -67 -73 73 52 40 -57 53 -87 -9 89 67 -71 26 -78 41 100 -61 -22 95 -65 84 -61 -9 0 -46 57 -39 -13 73 8 -43 -70 -16 -64 -31 -81 36 -2 44 43 19 -7 -1 -10 56 46 -52 -91 -74 -19 34 38 86 31 -64 33 10 -98 -66 23 24 21 -71 -2 17 -16 76 -34 32 1 -97 -24 -61 -35 17 43 42 1 -22 49 -4 -71 -40 -7 61 -29 -72 -32 -29 -80 -32 14 -50 -11 -98 -84 -9 31 56 -52 6 -12 85 -33 -79 67 -22 87 47 -8 -72 -2 -62 1 -58 51 68 34 39 -37 -88 -8 -24 -79 -95 69 -17 98 -81 32 -75 -18 93 53 23 55 39 -100 14 98 21 -3 -92 -63 88 36 -2 -52 92 -92 -15 -46 -38 90 28 -62 -20 49 57 3 80 -68 -16 -8 -87 -80 11 51 -85 -87 -28 -73 92 -91 -27 59 -97 48 -13 43 -46 60 -6 2 96 18 38 66 13 -65 42 65 -22 80 -68 46 50 -10 71 -69 -95 -20 -34 -76 49 95 18 -32 62 -26 89 -67 -18 -97 28 80 -5 -31 -92 -21 -41 2 86 -75 -34 -7 -48 89 -8 -31 20 43 -74 -28 94 44 -52 -19 -62 -45 68 -41 -72 -48 -77 0 -4 -24 -15 3 -45 -12 99 -19 -49 -87 49 -41 71 -35 11 46 -6 74 -69 -33 76 97 -38 -86 61 30 59 -16 26 75 22 -4 20 -90 73 -67 16 -39 13 -5 32 67 -7 82 -76 84 6 -73 58 -23 -21 -96 53 55 -14 64 13 -68 -70 82 -55 -40 14
-36 77 -61 31 81 10 -42 -96 50 -64 -54 15 4 40 52 24 9 57 37 16 34 89 -58 -26 -92 75 74 -9 -87 19 -82 35 -63 -8 -46 47 78 22 41 -12 -95 49 50 -28 45 19 -51 25 90 -75 89 57 -38 -83 71 -46 -18 -90 16 -14 11 28 49 11 -92 3 93 60 18 47 13 28 -16 -54 18 -4 -13 40 47 77 -71 62 54 39 -3 -49 13 -20 50 -75 -39 -99 -43 -36 -88 -69 4 55 90 -70 -83 -66 -35 45 50 -29 -66 65 14 -48 6 73 -15 -15 -16 67 -82 64 -80 35 -33 2 15 -10 -69 -90 -50 -95 -12 -89 -59 -76 -16 100 35 -84 -84 36 -60 -40 79 -80 31 -5 50 -61 97 81 -2 21 -86 37 19 98 -3 7 -70 82 25 -44 5 80 -74 91 70 -39 -37 -37 -42 39 -10 -46 31 -40 78 64 -64 -59 -83 86 -45 -61 1 -75 -86 -97 -42 91 -20 -5 15 -81 5 -26 4 29 -76 -15 -10 60 -40 97 -46 -52 67 53 78 -37 -32 -72 0 5 83 33 -63 -59 36 -17 -37 17 -87 87 0 -87 -55 30 55 99 -39 -12 67 -14 -59 34 -6 -94 -73 15 3 44 3 -46 22 60 21 83 -100 50 46 0 73 -20 -81 -5 -27 -38 89 72 -12 96 -83 100 -74 87 -4 89 -77 -60 25 -52 -10 -69 18 3 19 28 -11 90 88 98 -93 -41 60 -28 4 84 5 87 -9 31 -19 -93 41 77 26 -98 -96 -14 36 -88 -69 -61 67 95 42 -23 40 -71 -6 58 -50 53 -73 43 76 -60 4 -53 26 4 28 35 8 96 -100 -4 30 -72 14 79 -66 20 52 42 15 23 -85 -60 69 78 -80 -53 -4 -97 -35 11 -53 -73 -20 70 -73 -13 80 6 -45 -62 0 15 -13 -58 2 80 -76 -94 -53 77 88 15 32 86 13 5 70 9 -18 13 93 58 -7 70 -65 34 -72 94 39 -99 -91 25 19 -93 66 -81 -44 95 -16 -3 -55 -23 -13 -83 -66 -49 55 -32 36 -3 -49 -40 -90 22 18 34 -76 39 68 47 68 16 44 -99 96 -60 -90 33 -58 -70 47 80 65 -63 25 21 -39 26 92 71 63 -18 -22 -92 31 -47 48 -94 -60 -73 43
-52 -27 -45 -84 11 56 -71 41 -16 -4 46 -27 -31 34 -27 -24 16 14 -20 -39 -99 -43 -8 94 -87 15 -1 -65 -13 -64 -97 27 -33 87 93 -74 97 -78 76 7 42 -61 -1 -57 42 -67 -19 72 80 91 -78 8 -7 -83 -44 60 46 65 43 93 81 -72 -72 -3 24 68 4 -10 90 -20 36 7 48 -36 9 83 -23 -58 -44 -39 23 -71 -91 38 -49 -55 92 -66 35 94 70 7 -72 92 44 -4 -51 7 69 17 86 -89 -7 -8 87 -55 16 49 -94 62 -11 30 78 51 38 -36 28 -28 -2 19 -14 -57 40 80 75 48 27 -22 -40 -6 -100 -98 -77 -49 48 26 63 -25 99 80 -45 -67 67 -6 8 17 83 -27 100 42 -91 -55 -91 -87 -84 72 -56 -94 98 92 -29 37 67 -64 57 5 33 -79 -86 -94 -71 1 -98 37 -36 43 19 44 -64 12 -69 -5 90 -41 96 -75 -92 15 -84 -47 -3 -59 -23 -67 -81 -62 26 -64 -48 61 -67 56 23 -2 -4 -75 71 -50 50 -47 94 75 55 67 -71 -7 -92 80 63 -89 -91 -75 37 54 -80 26 -47 -71 -97 66 -21 -87 -54 -72 40 60 -58 12 -60 -58 -41 39 -40 -52 38 79 45 20 -89 28 -40 87 -48 -96 90 -91 9 4 -5 61 51 -59 -44 -90 -8 -28 4 8 -85 36 -64 93 -28 62 60 -78 -64 39 -33 18 -1 -27 -56 -93 49 -60 22 71 -9 -76 71 -24 13 -18 66 -71 59 -32 -58 90 80 -54 -12 -57 8 47 -41 -72 28 35 5 -97 -4 63 -34 92 40 -50 -20 9 -36 52 29 -75 52 -43 -81 75 -8 34 -28 -75 -7 -87 -47 -88 57 1 63 -44 -73 -6 -13 49 56 -100 27 88 57 68 -67 55 -17 -38 -82 90 29 22 15 46 100 16 -69 62 -21 -32 -9 7 -80 -54 -10 -9 -82 -7 51 -53 76 50 68 73 -53 68 -75 -34 -25 -72 -32 -74 67 78 34 19 -32 21 17 3 -75 -20 27 93 -66 -85 -16 48 -43 71 16 81 43 -46 -35 -100 46 81 -44 67 51 -62 -8 57 21 74 -84 22 -3 55 54 31 100 -72 87 63 -85 46 -34 32 18 23 -81 -51 99 -46 43 -98 39 41 -99
48 79 -78 26 72 -72 13 -5 87 63 -62 -17 47 -50 -47 -43 -68 78 -59 87 22 -78 -70 93 1 16 100 29 89 73 90 -28 -7 -80 3 -81 -6 5 42 -68 70 -66 -75 94 68 -30 -24 61 -73 31 86 17 67 81 2 -29 -88 -6 -3 76 -17 0 -73 -46 -2 64 34 62 -31 -95 -34 80 75 90 14 54 36 65 32 80 -11 18 -38 19 96 -5 -90 -42 -53 10 -87 8 56 -64 73 -4 30 37 24 -81 -13 -38 -59 64 -29 -68 -9 -62 10 -71 43 29 84 -9 64 -46 -70 -61 92 82 -50 -14 28 6 74 11 -51 35 -84 -96 -33 14 -55 -44 -40 -68 41 41 -6 62 63 42 1 68 76 -65 -100 3 57 11 -36 -93 -37 -21 55 -91 9 98 43 78 -47 99 41 14 36 -75 -22 -69 74 -19 -94 63 -27 -88 40 87 -56 4 -85 -28 52 79 -5 -42 50 -1 67 -89 99 70 46 98 42 27 5 -1 -81 -14 16 4 51 0 33 -57 -33 -77 -66 -2 51 -59 -58 15 -72 94 52 -80 -29 16 -76 -37 -48 -1 9 13 -32 -80 91 62 52 48 -76 -22 10 -78 -26 -71 -97 93 -9 -4 35 0 -49 -95 -37 2 -51 87 -93 93 94 -73 -9 61 37 54 77 -9 33 1 70 -63 -5 -32 90 -68 -75 -42 6 -12 95 -96 -84 73 -82 72 -7 12 78 -99 58 3 -7 -57 -27 46 -18 24 -93 37 -65 14 42 -54 -96 21 -64 64 60 -58 38 36 89 -72 58 -13 -49 60 -43 -16 -48 -94 56 -65 -40 -68 -63 6 -80 -23 60 -5 54 -67 76 71 12 64 -73 -56 -77 -23 45 54 77 4 -18 68 -85 -29 4 17 -15 -42 95 22 -48 -20 -92 -95 14 46 -69 -37 -37 -14 -68 48 46 94 -25 93 -97 77 -86 0 54 1 -12 -37 -28 53 -77 10 79 -38 32 45 -18 -25 72 -66 1 35 -70 -70 9 -91 0 -1 -47 -18 80 -100 -97 38 32 -78 58 91 -16 -81 34 25 -79 39 -48 69 -12 20 8 -26 3 73 -39 45 -99 -34 -79 12 -97 4 59 -47 -37 -53 -51 97 -49 -13 11 81 67 96 49 -76 45 35 -24 31 -39 34 -22 34 40 41 49
-49 -99 -26 -24 -4 37 -54 -67 7 53 -63 -23 -30 -28 46 97 -15 -81 43 -43 -20 -29 67 -56 -22 -54 22 47 5 -20 -89 51 -84 63 -11 47 -21 84 -22 48 84 -52 38 73 -33 -38 88 -81 -3 -29 20 -88 -43 31 -28 52 14 -3 77 -40 -32 3 55 89 -70 -13 -91 -74 -67 40 -7 -13 34 13 65 -8 -61 58 -52 72 -75 69 3 -76 5 84 -77 93 -66 82 77 49 -7 -56 33 36 -15 97 -62 67 68 32 -96 56 73 -47 -49 -58 33 33 43 14 15 -69 -37 12 -37 -38 25 55 -97 -9 23 68 -95 13 -46 15 -85 70 5 70 33 -7 70 -45 0 -100 56 -64 65 36 46 77 -67 -81 -31 22 -93 68 19 -6 84 55 99 16 -47 -18 -14 -76 -59 54 52 -37 54 -87 -96 -63 -9 51 40 -63 84 -17 -49 -71 -100 -6 57 -4 83 -73 28 66 29 84 7 -23 -4 -55 -14 51 31 82 40 -1 8 -34 -59 82 -84 63 37 9 22 -2 -87 28 -59 -88 -87 11 21 70 -18 91 -35 -73 85 -44 -98 -89 36 -98 68 30 24 54 -84 49 66 81 5 94 45 24 -73 84 16 -83 -99 49 -8 -63 53 63 84 -9 43 55 37 -5 45 57 -87 10 -31 -91 -19 -39 -61 -63 92 96 -18 98 -89 -13 11 -17 56 74 -70 -16 -64 -72 -80 1 15 -91 76 -57 -98 67 -90 60 5 -80 -12 -49 0 37 -67 96 -12 -95 20 88 -55 48 32 97 63 -96 33 36 2 13 -67 73 74 -11 52 -96 -55 55 31 -50 52 -32 79 -14 -32 -64 -70 84 -12 -43 -94 -61 15 54 93 -66 -67 -73 55 33 96 50 55 -50 20 13 -36 16 87 24 -62 -23 11 -86 -5 -23 -44 -83 -30 -7 56 -32 75 -18 -83 -86 36 -100 -41 74 -74 -21 8 -80 -7 -82 -39 -49 -16 -51 53 -32 33 7 -30 37 -63 -33 -8 -65 86 79 -96 -61 11 -62 13 34 15 16 -17 -46 43 -75 67 -9 77 10 45 40 -24 32 -79 -49 -88 70 86 26 22 91 71 48 -16 82 -26 -49 -35 15 77 47 53 61 -73 -75 -93 -87 47 75 53 -88 -37 61 -62 -39 -90 63 -53 -62 -89
67 20 63 -35 24 45 -59 -23 70 44 11 85 -67 -72 -96 50 -32 19 -6 -89 -41 -63 -84 78 -85 3 -51 -10 -92 -43 -4 76 -43 -67 -36 9 -53 -15 -52 51 3 -11 25 -18 -67 89 -64 19 -69 -29 81 90 -19 32 -12 68 83 -73 -30 96 -13 -11 -15 -97 -51 51 100 35 18 91 -19 -8 73 -50 -67 -5 96 -89 43 -26 9 80 -58 30 2 -67 73 -77 -27 14 21 58 34 -85 49 -54 8 -26 -43 -13 -4 16 48 26 77 -71 35 3 -35 -80 -69 -18 -72 12 47 43 -65 -28 -16 19 98 -26 64 -78 50 -2 92 61 46 -80 -70 -52 53 35 52 73 47 10 -99 -55 90 -12 5 -52 -46 34 -55 -53 -96 -11 -100 18 -11 -69 -54 37 24 46 -46 17 57 42 -94 49 -29 -44 -53 68 90 -84 -38 -58 6 -62 76 -83 -64 -42 -89 0 89 -42 20 -94 48 -9 -85 77 71 98 -91 -38 17 -40 21 55 -75 -78 -69 27 99 85 89 -66 -91 3 -13 -85 -42 -59 -54 62 -20 94 70 85 72 -10 35 -49 -76 48 -85 51 15 -31 -46 -53 65 -99 -22 -73 72 65 95 -60 61 51 -80 -70 -21 -27 -20 -70 -36 -92 -13 -32 15 72 5 92 -5 98 -87 -71 67 -39 30 -63 -79 27 -11 91 15 -79 71 47 -39 49 95 -55 -23 -74 -21 -97 -4 -9 10 -79 -53 -27 24 78 54 78 -14 -37 40 -35 -62 -37 40 29 -43 -78 28 16 21 76 39 -69 40 75 -37 -21 88 53 -65 -93 0 65 100 -15 -31 -91 47 71 -73 96 -57 -65 8 49 50 -13 -51 -41 30 94 -13 -2 39 9 -55 55 17 55 45 -27 -42 -2 -89 -34 60 66 -3 92 -7 -18 -67 76 28 -75 37 -58 -78 98 -13 -60 -75 -38 85 16 -18 24 -88 -8 -54 -64 10 -72 -87 99 98 60 -12 81 -38 70 0 -64 -66 -39 0 -56 -39 -27 78 78 12 32 -28 43 63 80 -81 -15 -44 68 63 61 10 -7 -6 60 59 -100 -30 24 17 70 -28 65 -37 -4 -18 13 95 -40 -100 35 12 -34 70 38 27 23 74 18 49 23 12 65 -93 -46 82 -76 95 68 -64 67 -14 -29 -43 14 -23
0 -37 -3 25 91 3 8 74 46 -41 -65 23 -100 -94 45 -4 -78 -72 -83 92 -45 60 24 56 -5 -61 32 35 94 -11 -95 -59 -75 -55 26 36 24 55 -23 -90 -3 7 -83 -63 24 49 73 -7 -78 1 -2 87 79 -19 -65 -57 27 82 -25 30 92 -19 90 -75 62 -45 -53 83 -14 74 10 59 89 -15 -5 62 23 69 -85 23 -81 8 65 18 33 26 24 -19 -95 50 97 82 51 -20 -19 75 69 -74 62 -68 -52 18 73 73 -95 -59 93 12 7 93 -3 16 5 -81 94 12 51 -31 39 -14 23 -76 -56 -9 -66 42 9 4 -8 10 2 97 43 23 -68 56 -85 85 39 -54 96 -58 44 -17 -6 -89 -63 48 -10 -18 -41 28 46 -3 15 40 -46 20 17 17 63 -48 88 -61 -62 -34 -37 -18 42 -47 26 19 32 79 4 73 -58 7 38 -27 -100 46 84 -7 68 53 65 -44 99 -50 3 6 -65 18 25 -9 96 63 -49 -65 39 44 2 38 40 -72 -16 -70 -34 -93 20 71 34 -15 32 46 31 64 0 28 35 -79 -8 -58 59 83 22 97 -86 35 97 -49 -78 -12 62 -83 -69 -96 -51 -15 -69 -95 -22 92 -95 97 -94 83 46 -10 -84 -13 26 41 -99 -74 -46 -19 -52 71 4 75 -22 -37 -42 -34 -72 -82 -98 -35 -8 -58 4 48 -41 55 20 17 -32 15 77 17 -32 49 -55 75 -12 -25 -92 -75 -36 31 -60 33 22 12 69 -74 -99 -6 -71 -54 31 -34 68 22 48 -13 -50 51 -17 57 -51 -26 32 -75 6 47 11 -72 39 60 84 99 12 60 -85 3 46 -36 0 -88 18 -29 -49 -65 2 21 10 -12 56 -67 79 -81 -19 -48 -29 -67 92 20 -40 51 -94 38 65 23 99 92 -55 6 -22 97 -62 -73 -48 31 -18 -10 -21 -91 45 -46 3 -71 -45 15 41 31 60 31 7 -100 78 22 -77 34 -64 63 39 79 80 -27 29 21 -5 13 -34 -71 -97 -13 88 -21 37 -23 -67 -82 -70 19 82 74 2 -84 59 -29 -1 49 18 2 -47 59 9 -31 -31 37 -55 59 -56 -68 56 -17 -19 78 -44 15 51 -97 14 -52 -77 73 -91 44 59 70 96 -18 79
55 -60 -78 42 51 55 -53 61 -95 -80 10 69 -91 -85 84 68 100 16 -93 5 80 66 -31 -23 84 62 -73 -22 94 91 25 100 34 70 93 71 61 -79 100 0 -63 52 49 -65 4 -59 -41 59 -40 -31 -20 -5 42 55 36 30 -11 97 83 0 32 -27 -52 -93 -51 70 -2 -22 75 50 95 -97 1 54 -84 17 -78 -79 -52 -32 59 -30 90 -88 -48 52 -18 -80 -93 8 -98 7 -66 -34 -32 -19 -10 86 13 -32 -23 24 -44 -21 -61 95 -6 58 -70 84 71 -89 73 -25 60 -27 -81 -28 -1 70 -80 -71 -6 46 -40 32 -21 -5 -83 -91 -65 70 -7 76 6 10 -67 47 -88 90 -72 -32 34 0 20 80 34 90 -83 8 64 -75 60 36 -11 57 77 63 15 93 19 -1 -43 -98 -70 -53 78 100 -93 -25 -67 -78 -80 -21 -53 77 -45 -21 17 43 -90 80 -36 -80 81 7 46 51 11 85 35 89 84 10 80 89 92 -63 46 5 53 95 68 62 -99 61 -58 -98 -11 -60 83 99 -28 2 -66 45 63 43 -93 -18 -49 9 -16 42 62 -24 -10 20 26 8 36 11 84 -76 3 -74 -17 56 -52 -85 -31 -3 -83 -9 -65 76 73 -51 39 48 37 -5 -68 80 68 -27 56 -45 64 -35 -96 8 -33 91 11 77 -11 -95 -31 -87 -72 58 97 28 -99 91 -21 -65 -5 71 64 -12 -12 30 -52 16 -93 -33 -3 16 23 13 54 76 15 -6 -43 -35 23 86 -16 -85 4 -12 44 -85 -65 -23 53 70 -34 -45 76 -15 78 57 -72 -99 98 -23 41 87 -37 3 -74 26 98 83 -53 -73 -38 -35 77 9 77 -67 40 25 15 74 -65 -2 39 -86 -82 94 78 -7 -5 40 -24 91 -80 35 -46 15 -59 -64 83 -74 -39 51 54 -72 98 -76 -51 -98 -56 37 86 -85 13 -63 69 14 1 21 3 82 -66 -9 94 -26 62 -99 3 -36 18 -87 18 45 20 20 87 54 -93 98 98 58 56 -36 -44 -18 47 -89 87 -3 -69 27 -99 74 -45 -88 31 -47 -78 -2 -28 7 56 -33 -12 41 -35 62 -69 -88 -33 -50 29 87 17 86 53 72 5 -9 84 67 60 -48 -75 85 67 34 62
-81 50 16 -7 -6 -35 59 55 76 60 -45 83 36 79 15 -17 65 69 -90 -52 55 -66 -71 -11 74 -80 -71 3 19 85 47 78 38 -14 82 -14 68 88 31 78 -71 100 -89 92 -68 -27 17 -62 54 1 38 84 56 -29 -17 -85 -99 19 5 -1 -28 80 -19 -60 50 -6 96 89 -49 -18 -58 64 -97 65 -66 56 -51 61 46 72 64 60 -65 -62 97 95 50 54 49 -76 58 -74 14 51 -17 -100 69 17 71 -21 87 63 76 -57 -25 61 -7 -93 -54 -1 35 10 24 -56 23 88 17 -61 88 -17 29 96 -35 95 -74 -83 97 49 -8 49 64 -5 25 53 86 -70 -11 54 -31 5 88 19 78 -13 92 -36 96 -86 -34 4 -24 -74 73 40 60 13 -78 84 84 1 41 98 65 35 33 -72 87 -27 -31 -31 54 -81 -10 -40 43 77 -27 -69 23 -29 57 70 50 82 -1 42 -40 -72 91 46 13 -69 98 -14 -92 44 81 32 23 36 35 57 -94 37 -55 53 72 41 -82 70 -67 -13 33 29 -94 96 30 -92 -76 -44 61 25 29 -27 53 -31 -17 43 29 70 95 12 -37 17 -82 85 78 32 91 -57 45 55 65 -5 2 -39 93 1 -62 68 76 69 -37 -72 -12 3 11 32 94 14 72 89 94 6 19 46 -100 -34 -38 -77 30 -7 95 -67 -54 -23 -14 34 73 41 15 27 62 -3 69 19 16 -68 -33 48 45 -92 67 34 31 -11 55 95 -78 -70 -64 -61 46 39 -61 -67 -80 -78 18 65 74 95 89 -37 -24 33 -22 36 95 -47 64 40 -8 44 10 -20 27 96 80 -25 29 11 -10 41 -27 -4 24 82 85 15 -98 -81 -9 56 20 -32 -100 88 87 43 93 -94 45 26 99 -64 -66 -91 4 -85 47 -50 -92 -72 8 78 -1 -32 -98 -81 83 -63 7 73 -82 -33 77 39 -66 98 -9 -26 -12 -51 15 -50 -40 84 64 92 -14 54 -55 -92 9 97 73 -99 50 -85 63 -6 68 -4 -63 99 23 -72 -92 35 0 -39 77 -47 -6 -100 -51 17 -4 63 -44 -79 60 -4 48 82 45 1 -9 65 -54 -45 -67 85 81 -96 -44 91 -91 95 -78 38 36 -48 94 -78 -61
71 10 -31 -12 -63 -39 -88 -39 47 7 -2 5 12 52 44 4 -66 -87 61 7 -19 80 96 -97 44 68 9 48 75 -17 53 0 93 84 81 20 24 -30 -24 -52 95 -16 -85 65 -46 77 -29 -76 -13 92 -61 -100 97 73 4 -95 44 -29 -2 -57 -27 -58 -67 -79 13 5 -8 48 47 -39 92 -39 -61 34 84 -32 37 -62 16 90 -60 1 16 -63 -27 -72 85 -60 70 -5 24 63 75 22 -68 -23 61 89 -99 -16 -4 -83 -10 13 51 -24 15 -71 -41 37 -13 90 33 60 -61 87 -5 -23 100 36 -59 -79 5 -38 -77 24 42 -81 37 8 21 96 4 88 -60 -10 87 -76 -21 -67 64 -38 67 -82 81 -14 39 73 78 60 -79 82 20 -65 81 17 -100 -76 -83 18 -20 -93 54 92 85 -4 3 -72 -66 -57 57 77 -62 -49 -17 12 -52 -18 73 -98 -71 50 1 -91 56 -74 -86 70 57 -98 -83 -22 -65 -10 -61 76 -87 -42 -69 -31 -46 46 -33 5 -56 54 76 -78 42 40 26 60 20 -46 -31 -56 -80 -82 60 -17 -37 89 35 38 72 43 -47 13 55 -55 0 87 -68 -21 7 53 17 18 -25 -13 -63 63 43 81 30 -97 -17 -10 -45 12 48 -89 -57 17 28 -80 -10 39 -18 -67 92 -88 81 -14 58 34 -28 -74 57 -56 -37 -84 11 -23 -44 84 -97 36 -93 64 -45 -38 -97 66 -9 1 99 -28 64 -29 -12 25 -82 -61 24 -84 -68 74 79 13 58 2 74 -35 26 28 -33 17 -1 -56 75 30 -55 38 1 -93 41 25 59 50 42 -83 42 8 43 -72 52 -70 -13 -82 -13 75 -97 -58 93 25 68 -40 97 -68 -12 -33 68 35 -49 -99 67 50 68 -30 -98 19 55 33 -7 65 -31 -38 -95 -38 -70 -24 52 59 -34 -4 89 31 -80 58 -18 84 -83 -9 61 35 33 75 -6 -35 -14 37 25 -9 -17 -21 -9 -16 -95 -41 78 52 10 -81 47 78 50 -88 60 -32 -89 -57 63 -14 29 71 -72 -80 -55 42 -29 80 71 -6 46 79 83 73 0 -78 48 -5 0 -36 48 -81 56 -4 91 46 -22 11 -33 64 91 -35 -53 -17 -12 90 -12 62 12 91 -9 -100 -51
48 -19 15 97 8 -75 -50 -28 73 -56 96 -59 -78 21 20 12 13 28 82 -3 36 -28 -66 24 -76 26 -56 55 -67 -40 -44 21 29 -53 -80 37 -26 -53 -96 42 85 11 17 -80 29 -68 47 42 82 -48 22 97 91 -61 -95 45 60 89 52 32 -36 -19 -62 66 -97 -27 69 -58 -76 -13 -23 -16 15 20 61 -98 41 18 10 29 78 39 -75 37 -63 3 -56 -75 -25 19 74 68 -15 65 -4 -21 -19 -57 -90 51 7 13 19 -75 -84 -28 25 -29 96 -23 31 -98 39 -83 -20 0 -100 -98 -25 75 -78 93 39 22 -10 15 8 64 79 -46 99 74 73 -42 3 64 -97 43 79 -89 -28 48 -49 60 -78 -100 52 -34 28 2 12 8 39 -15 14 -79 54 29 -79 -56 -36 -54 30 -25 -31 -10 40 91 -27 -79 -30 34 -95 -64 -2 -11 -9 -43 -74 -25 -79 -59 3 85 -97 15 25 -10 -13 81 80 -39 -51 -23 66 95 -65 -23 -76 -36 83 68 -5 56 77 -81 -62 -37 76 -44 94 93 -72 -22 -59 -92 -68 -8 98 54 84 -43 12 10 -66 -80 -29 71 -1 43 -2 29 13 17 -40 -80 -15 58 -76 -36 -100 -25 22 18 57 -2 -14 -35 13 39 -80 -41 -57 89 78 45 -93 33 29 46 -63 -80 32 -57 -18 -53 -55 -45 -94 -30 96 81 -71 30 -49 -61 97 -82 -78 85 78 69 -30 34 -32 -33 72 -53 -3 30 75 -73 68 -39 99 -70 -65 17 -29 -84 -62 -18 -40 -57 -90 29 -70 -23 -3 80 -85 -66 99 76 -1 -61 43 -96 -42 -72 29 53 61 42 -62 -94 -53 -93 -79 -96 16 -90 6 -75 -23 -56 -40 -72 47 -81 40 71 82 12 93 81 56 -8 50 18 -78 -89 50 40 7 -45 -90 -99 57 77 -46 71 -69 52 -47 -100 -98 43 79 -19 -10 -38 -82 -66 31 34 54 -82 8 87 -20 11 -11 -24 -27 2 -77 -71 1 98 -97 -32 55 85 96 -4 3 70 78 -65 53 -50 -82 92 -89 -38 -23 -50 0 -12 -21 5 -22 3 34 -2 33 -100 -31 -50 68 -72 7 6 -52 -26 -74 82 94 71 70 93 65 -89 26 -13 -63 -41 43 -88 -44 -62 -10 -6 53 57 90
-59 -81 -40 -39 100 -31 9 55 26 64 88 78 -47 36 62 31 -60 28 92 0 7 -100 -91 46 -59 75 -26 -93 -20 39 52 95 -44 -78 65 -64 -72 -56 79 72 -88 60 -62 -25 -36 -6 -55 27 -67 -26 20 90 58 23 -86 58 -20 22 -23 -61 -51 -18 2 20 -89 -28 50 -55 98 67 60 100 -58 45 -39 -74 -98 54 64 -96 -42 24 25 -24 6 -83 -8 97 77 -4 36 -66 58 63 -60 74 2 -23 -78 -37 -77 29 -52 -14 40 -74 -54 98 36 -52 -65 95 13 -5 63 11 -22 6 43 -69 -33 -18 76 -70 2 -67 37 68 32 91 77 77 -90 59 -71 2 69 50 48 64 43 86 -74 -90 -11 55 -92 91 -28 13 85 38 -31 -94 11 81 96 -87 71 74 -17 50 -95 -99 26 52 -77 -14 -2 -40 71 52 82 -18 56 0 34 14 -38 -62 -55 -14 83 4 -89 -91 53 46 38 -34 -38 -26 -90 -2 -66 -50 -32 -10 -55 -14 66 97 -37 -23 47 -30 40 4 78 6 28 58 39 -77 6 47 -16 -18 65 -71 -7 45 -48 -90 1 99 94 -30 13 -36 -16 -23 -37 59 27 91 35 -5 -44 -2 -45 -65 10 85 3 -16 49 44 59 95 -63 77 -94 -72 -94 -57 15 -49 -88 73 -85 -47 99 95 66 -60 -77 15 -75 54 -100 77 58 -65 57 95 -4 -89 -86 79 -7 0 24 -87 -73 -25 12 95 -43 0 -71 -77 42 -31 -92 92 -55 9 36 -63 -85 -6 77 -82 -50 47 27 37 -53 33 67 -54 37 87 94 1 -77 -71 41 -43 -64 -7 17 -99 -91 86 -49 93 76 24 -22 -29 63 -59 1 -88 97 89 -58 91 -39 -76 -55 14 -60 1 77 -7 -34 52 -52 -29 -77 -77 88 -41 34 13 -24 45 88 -74 -38 -65 -68 -38 -74 -83 95 -59 -85 41 -43 76 98 66 -82 61 -2 80 85 -71 42 14 49 -84 -64 11 -77 68 -27 71 26 -90 11 -86 37 -33 81 -60 19 64 89 -22 19 -50 33 37 100 22 91 64 -62 54 -69 35 -62 -90 24 6 38 87 7 -6 -9 24 -29 -23 -34 14 79 -75 -2 -61 -76 79 20 -32 -38 48 -28 3 -47 67 92 19 -96
33 -49 36 63 -62 35 -63 0 31 12 -54 -62 -36 -46 -23 -24 98 41 -13 70 -63 94 -90 4 -16 -51 -87 46 75 19 40 53 98 -58 19 -60 -83 -16 57 8 16 -10 -88 -87 25 50 -68 -81 82 -46 70 36 -87 68 38 -10 -47 70 -23 -19 -76 14 -21 93 -94 34 1 -49 97 -58 -89 0 62 -40 79 -33 -69 -38 6 18 52 -32 28 82 15 -14 -82 76 -32 79 4 -20 -78 81 -13 -93 -68 22 -86 39 64 98 -19 0 -65 -37 -76 1 -100 -96 1 -72 55 30 44 5 -13 -100 -46 -93 24 16 64 -87 81 51 -10 14 52 -99 75 -64 57 -86 -30 -25 74 18 -68 23 -14 -98 56 -10 86 -26 68 63 38 32 -81 80 53 87 13 40 -45 -61 91 76 -28 30 -74 -84 27 30 30 -51 -89 -36 -10 59 48 38 13 49 -52 -15 95 39 -81 95 -94 -55 -89 -84 64 -55 77 -70 86 -79 0 -38 -36 82 -16 28 70 11 53 2 90 14 -96 -94 -84 -77 -54 -69 42 9 -98 -31 -12 62 -7 -67 -32 -48 -47 -96 -14 -26 23 -98 64 -52 -71 1 86 90 85 19 -10 78 63 -43 -68 40 -60 -32 75 5 -51 73 21 10 25 -36 72 -35 -90 -28 -86 -85 -31 93 -64 7 -95 -40 -35 -51 -17 9 -92 -3 70 -71 45 -30 40 13 -58 -82 47 -68 -80 -13 30 56 -86 38 -85 17 44 42 29 -15 -32 -36 -62 25 6 95 87 71 -19 56 -11 -64 -45 -8 26 42 37 -70 -72 -67 -18 41 6 55 -80 -74 18 -94 -1 15 47 -25 -59 58 -13 -20 28 -53 37 -17 -24 46 -96 3 -74 18 -100 20 41 -75 -48 -28 -7 14 -69 59 15 -59 -30 17 -24 5 70 -32 99 -73 82 14 -72 -98 -77 -73 -91 -72 63 -18 80 -34 -97 -77 -99 74 30 -69 -14 -2 -69 0 30 -61 -83 -95 -14 17 -45 -56 29 -7 16 68 -56 89 -42 -26 60 19 -44 29 -40 69 -48 11 -71 67 -16 0 44 -16 -8 -32 86 10 -34 -57 90 73 -36 72 -55 -30 66 -89 -35 -22 66 3 2 -72 -64 -30 -93 26 18 62 -52 -25 -12 -61 -63 75 -21 -75 -61 58 90 -55 8
-22 62 -83 -25 61 29 -99 94 11 16 -18 49 -38 76 94 -81 -48 -99 77 -48 -21 -15 -32 90 76 -29 56 14 72 7 69 37 -78 -21 10 -98 42 93 69 -67 -63 -2 -10 78 47 28 48 74 -37 -31 -20 81 -99 -57 76 -67 -79 -51 -42 -39 -64 59 -46 -100 51 -80 29 14 -84 -4 -80 56 -63 62 -53 6 37 -46 31 11 -71 -58 26 33 41 -53 -3 -3 40 -97 75 -42 86 -24 -26 -9 18 -38 -30 22 -21 -47 -94 80 47 75 -74 9 -70 -16 99 -84 44 -2 -81 40 -3 -45 -84 50 -87 59 41 -1 89 -7 16 -65 18 -25 41 79 -55 -83 -85 76 100 -43 -68 87 -70 7 -55 11 -87 -28 32 -46 -72 97 50 80 79 15 -33 -74 -70 8 -88 -30 -14 -51 17 -58 -19 37 28 -44 -10 58 -12 87 -34 48 70 37 -92 -27 95 -79 -93 63 -18 84 -81 -82 -31 48 -49 -65 16 -20 54 -81 10 44 11 -42 61 -11 11 -11 88 75 -67 53 41 8 -82 -47 -61 78 -35 71 -97 69 -19 46 -70 -32 -23 65 -37 43 2 -12 80 2 7 -76 42 76 68 72 47 -82 -17 -92 37 53 -76 72 87 -22 -18 15 -72 13 49 -12 -10 35 -60 87 -41 10 -47 56 21 -33 65 18 61 46 -38 -14 49 98 59 34 -43 39 -65 -22 72 84 60 73 89 -100 -12 43 39 -92 -48 -95 78 -83 5 2 3 89 50 -55 81 93 87 -99 29 50 2 -76 -41 -100 -4 40 53 47 -60 -40 63 100 67 -94 10 80 -73 -37 -88 -82 95 -86 -59 53 -17 12 -65 92 -77 -88 -38 -87 -55 -18 -29 87 -93 -24 78 67 -89 38 8 -95 -22 5 11 16 45 -41 16 -10 -90 42 -45 15 -56 -97 -14 10 -15 -83 86 23 -9 -39 -95 -67 88 3 34 59 22 76 1 -1 -50 -56 48 10 45 19 -22 -32 -47 31 -20 -65 65 43 88 -37 58 -28 56 58 -79 -46 -91 54 69 -93 -26 1 -63 -37 2 -59 -75 -49 -17 -75 -80 -7 38 98 56 -67 25 -45 26 -70 -95 75 67 -54 57 -85 -60 56 -37 82 20 14 -23 29 8 42 -29 2 46 51 18 -14 12 -50 -58
7 21 -48 23 -61 92 53 -93 -56 -98 63 -21 10 5 -81 -3 87 26 37 7 87 74 1 34 -67 65 26 86 -33 92 56 42 72 -66 24 88 -72 -81 -27 68 23 -68 42 45 50 -31 -72 7 -90 -82 68 47 -35 47 -37 -99 -72 59 -71 36 -67 -17 -51 -24 -82 37 46 -88 48 -92 63 -25 -61 6 -88 91 72 30 65 -6 -71 81 58 98 -84 -12 50 -76 51 -71 78 87 37 66 32 -77 16 -53 -18 59 74 -52 53 97 72 -18 -50 77 39 -88 35 18 40 -86 -11 74 -86 69 11 -100 -91 21 -31 -56 -72 31 -35 86 -3 78 -29 96 83 100 -77 18 -89 -87 -84 -15 -9 74 24 -10 48 -65 68 -48 -99 51 -57 10 33 -97 13 -54 74 57 -60 2 -16 -51 37 -75 -26 -57 -52 36 42 95 12 -29 62 -89 98 27 77 -5 -61 -39 -71 47 -49 -100 -98 -80 -39 69 -75 -14 21 -57 83 42 79 -93 -45 -6 -79 -14 40 86 -18 24 -56 -64 -86 0 36 -40 82 -75 -18 -90 -15 73 -87 95 -99 -61 -64 -59 -43 42 35 86 -7 9 66 96 -2 15 99 -25 68 37 69 -45 -80 69 70 -5 -100 66 61 -54 -8 34 27 21 62 41 39 -40 88 22 39 -52 -13 -30 30 -51 -13 92 -95 -62 -43 74 17 -80 -25 -74 84 -44 -49 -68 92 -6 -56 -58 89 -22 32 -33 -55 23 -77 -91 -36 30 -27 0 -28 -82 -69 -86 39 -19 51 70 -35 -56 -85 -38 92 58 -10 90 -44 70 -75 1 -54 -94 -84 -9 69 66 -100 -99 -25 -78 -69 53 84 -33 85 -72 -49 14 39 93 -7 -91 -100 -79 -96 75 39 -41 -46 57 66 -3 -71 -10 -78 -78 91 50 37 -49 31 30 -29 -80 77 85 -21 -37 -43 69 67 91 -71 69 96 -23 -68 -99 -15 41 6 67 2 82 53 -29 -33 30 -17 4 -67 5 65 19 -83 -6 43 -84 27 85 77 85 -36 39 6 -9 -48 -50 -67 -20 -30 16 52 -74 55 57 65 12 76 15 -84 58 11 -69 34 22 -49 67 16 89 62 99 1 13 51 96 66 -53 50 -79 93 -72 -56 90 -49 65 -97 -29 40 -90 -67 -6 34 31 -12
-30 -84 6 -59 79 -28 -100 -19 -74 -59 41 97 0 55 47 -85 -25 -36 -46 -25 -98 76 -86 -90 -79 98 53 94 98 24 -47 3 25 -82 30 -43 15 84 35 -74 -40 -11 -49 -91 -14 96 -54 6 71 81 -14 25 -89 -2 84 -81 81 87 -53 -89 42 49 -43 25 -20 18 33 57 35 -100 8 -47 -22 10 84 69 35 -60 0 -47 -1 60 64 57 41 -74 72 -49 7 -74 59 65 -52 -73 -93 100 53 -97 -83 -97 52 -65 -91 33 85 45 -99 95 -36 -100 -41 1 2 67 30 25 -58 69 -39 -26 12 -56 -48 -54 89 -21 91 -69 22 -48 64 -44 1 82 -41 35 53 -96 -79 0 -59 -68 18 19 63 61 36 52 92 6 -14 37 -80 -42 11 -22 -44 -50 59 47 57 62 76 83 27 -19 -7 -75 96 -61 -57 67 0 34 69 98 55 -26 -66 42 -21 -19 -25 70 26 76 -39 -98 -7 98 3 -91 6 80 -83 -65 79 -49 -70 -91 -37 55 22 -77 51 -7 72 -83 53 -44 -12 -19 -69 36 45 79 -13 -50 18 -8 56 -22 96 -70 25 -93 -14 87 29 78 -57 -74 24 -64 -18 -82 -64 45 -9 59 -92 29 -19 33 73 66 -42 16 -86 -41 34 -26 -3 47 -83 -29 -56 12 69 -84 97 1 81 77 47 28 18 50 -33 52 59 -4 82 40 -47 -77 60 -84 24 51 77 -77 -7 70 80 46 5 -46 -29 63 52 -25 18 13 69 -50 -6 -53 -89 63 39 -37 71 -27 -66 30 67 22 -21 39 66 61 -46 14 -5 -1 -37 -18 -93 -66 86 43 56 -20 2 -72 98 -49 -95 -40 -54 14 -81 -55 88 -58 76 46 -15 -35 -42 -3 -64 77 24 96 -55 -50 -8 -97 57 100 48 -56 -27 58 -33 41 -17 42 28 -75 -93 36 -35 -68 -30 -6 -72 41 33 -95 -43 64 -78 -11 -74 12 1 27 -93 -4 -56 -31 24 22 -60 -81 -37 -33 94 65 62 -35 62 45 16 93 -74 -35 2 41 75 -7 67 -6 96 -81 -64 86 -63 -62 52 -99 -77 7 -80 87 63 -93 -55 -70 66 -54 33 93 62 -100 28 -77 -40 84 -4 64 90 73 -15 52 44 39 -53 -29 92 67 -1 -38 -48
75 -27 -58 -87 79 69 -41 -62 -15 44 65 98 -27 0 -37 -97 -16 44 71 -46 39 -27 0 -11 -28 -94 -58 93 -13 71 -98 -26 76 -88 -61 -26 15 -47 60 83 -48 -34 65 -7 10 61 7 77 -24 20 -57 -37 79 96 67 89 -20 -25 -77 -73 8 -43 -25 -15 -98 -9 -45 -37 92 -40 4 73 -88 7 -87 -39 100 -60 54 -81 45 78 -96 14 -79 3 -13 -9 48 -18 -42 -74 -88 86 62 66 58 9 77 -52 56 -26 -78 22 77 -42 8 -1 -23 9 -32 -2 53 97 -15 -10 -69 -1 -66 50 53 38 59 -26 88 -53 22 -34 -10 25 -38 23 97 19 -43 8 19 9 9 -71 -83 4 -59 -15 47 66 7 -63 69 -27 -52 35 -28 7 3 -43 -45 63 -86 12 83 -31 35 -51 -51 73 -13 73 -76 30 58 -96 -88 61 -62 23 -85 -80 -76 -99 93 -94 -21 -63 49 12 -93 -62 -89 35 -81 4 -5 -64 97 72 40 -10 32 63 87 50 -33 -51 -84 -29 59 96 -40 62 -67 51 -85 95 -61 32 -74 -15 80 84 26 76 -55 63 76 -86 23 96 -74 -42 -58 71 4 -92 53 -9 19 14 55 -44 82 62 -64 93 -63 -18 23 -65 -75 13 -10 57 -42 -81 -50 55 11 -87 -86 -13 45 -32 65 -25 7 98 45 -24 -7 -24 29 -69 -38 -49 -66 -17 79 -69 -11 -16 5 -18 19 -35 97 -76 -54 99 -85 42 74 24 26 -1 -54 28 75 -15 4 -28 -93 -31 -90 37 47 60 45 -31 -93 -68 13 -16 -47 12 -100 65 58 -73 -15 59 -80 -51 -74 -23 -4 7 -67 21 -33 19 99 -1 51 -47 44 -4 37 0 -95 -98 -48 61 67 -71 71 1 60 15 4 26 -54 -75 -36 -32 51 -67 49 -13 94 -20 50 50 -57 -99 -21 -6 -59 60 -76 94 69 73 -10 100 -16 91 22 -2 -63 64 -47 36 88 -17 -48 39 -7 -13 50 57 -35 -20 -96 49 -2 -52 -67 -19 9 28 -61 14 -52 60 -95 90 49 -42 63 -68 -89 -10 84 46 -8 -55 76 -41 5 -19 9 -92 19 17 78 82 -73 57 24 72 -69 100 -50 5 7 86 -47 55 55 -79 -6 -41 68 22 -2 80 97
-82 56 -86 -28 23 11 -20 84 -100 66 59 -17 63 53 48 -68 64 57 80 41 50 48 46 31 -96 90 -88 56 -10 -31 -43 68 -17 -74 -80 -38 47 -78 30 78 -68 25 -96 81 69 10 -65 27 60 -78 21 29 18 59 52 -21 -46 -7 63 53 -54 67 -31 -67 -58 83 93 -41 84 84 -38 -57 -2 61 -42 -30 -58 87 -67 29 28 91 -64 -5 -39 77 98 49 43 67 -71 60 -4 -11 35 81 72 73 21 -61 -44 84 -76 47 -97 84 88 60 -73 -74 -55 -35 -48 -24 -19 50 74 43 33 -9 -1 5 28 -36 53 -93 97 -45 71 -46 27 42 -77 96 6 -41 -37 78 83 -50 66 -83 56 81 -6 -51 -20 -49 -91 70 -86 54 19 82 -63 17 50 -6 23 28 18 -99 -50 57 53 18 -48 7 -6 -76 -85 93 69 -61 -88 -9 -4 -84 -35 -49 -7 60 35 4 -5 88 79 30 66 49 81 -79 -74 2 -42 11 40 -7 18 -82 15 -8 -97 -34 11 -59 7 48 5 -29 -74 -73 -69 47 86 -36 56 18 -95 -64 33 4 75 3 79 51 -35 -33 -35 -46 -32 -47 26 51 -90 39 75 14 6 -3 -83 -100 77 57 13 40 7 -45 51 -98 11 37 65 46 -45 -37 -98 -88 -68 83 47 -35 72 88 -7 19 83 -52 -29 71 75 95 -7 -83 92 -26 1 -79 44 50 75 -60 78 76 -35 42 -62 85 42 56 -16 85 -84 -83 25 69 4 -11 47 48 52 -59 -47 1 65 24 -85 -9 43 84 76 -44 52 -85 96 -5 90 9 14 -12 80 22 -11 -83 -52 70 2 26 -40 -90 49 87 48 -72 31 -35 -20 48 -25 50 -79 90 38 80 0 -94 56 35 4 -51 -67 49 46 88 36 -95 -67 3 40 17 -81 -80 -72 35 -57 -30 42 -90 78 -26 12 -77 -20 -80 44 72 68 99 64 29 -11 -21 64 84 57 77 -93 5 -22 99 31 3 91 72 72 -73 81 -42 -73 6 -58 -93 99 -38 64 47 -49 72 13 -64 21 -71 -49 67 -44 0 -7 78 -85 -73 58 -93 74 14 -85 18 -18 62 -40 33 61 71 -44 -23 58 47 21 -18 6 -9 11 88 98 4 93 37 -96
33 33 -81 15 -57 65 -70 -22 -4 60 7 -52 25 29 -33 61 55 -14 -87 -20 8 -93 -17 59 -25 -83 -16 -55 -12 63 47 -100 -51 -65 -51 9 -89 -81 -1 -85 -9 -70 44 57 -15 57 93 -18 -26 65 44 -58 25 25 82 -37 -69 -5 95 -64 51 33 -26 71 -15 -64 -40 -18 -36 -66 83 91 18 -78 -14 -2 23 -35 -81 -18 -16 -98 20 -51 -68 -87 -26 99 -89 8 56 -92 -67 55 0 77 94 46 -16 18 59 -57 43 75 28 12 -5 -82 0 -62 -20 43 29 -67 -97 -2 -79 36 -87 46 50 91 -94 45 -74 -61 55 10 -62 11 97 26 -38 27 58 -35 -34 35 47 -43 -74 -21 39 45 92 25 92 -32 -37 85 95 83 18 92 57 -86 -66 70 -98 -28 -79 -70 -41 -22 -5 -90 88 75 -66 59 -25 -56 -97 -29 -80 -41 98 -58 10 54 -62 -34 -53 -16 -17 -8 -50 92 58 -24 23 42 73 57 17 98 -3 -79 20 -78 -53 54 -6 -41 47 32 60 -23 -15 -15 80 -42 -33 43 -45 12 35 -49 -91 79 -63 41 -27 54 65 18 -48 73 58 89 62 63 36 30 -81 -52 -99 42 70 -39 -45 -25 99 -95 33 96 -30 -69 36 15 -64 -52 14 80 80 -86 36 3 35 71 -83 75 96 -70 51 -96 -40 33 -52 98 37 11 -5 41 5 -23 29 81 85 52 -75 -4 -95 -31 38 -28 -100 81 77 98 -58 -40 -28 -11 94 -76 -29 4 -41 -85 7 24 44 -53 22 68 -65 17 -87 -45 81 -98 92 -81 -36 -75 65 -34 17 59 68 -24 -84 49 42 59 -80 98 -78 -31 26 65 -59 -22 1 59 89 68 -39 3 86 61 25 34 34 -35 20 -43 -20 -7 92 100 -91 -28 42 -14 82 -60 31 -31 100 92 98 0 -6 -82 -92 -81 -75 31 73 89 -15 14 34 72 -43 -51 -77 61 33 80 8 -87 75 61 45 -96 33 -45 -45 9 -89 16 21 39 6 -16 -35 -84 63 7 -38 -36 24 -99 -18 -29 27 -43 24 1 -17 49 -19 -60 38 44 -7 34 -39 84 -68 49 24 43 79 92 -68 -20 -3 25 -48 -100 -73 -4 7 -70 42 3 -58 -72 -88 -21 -97 91 -35
80 -84 14 79 -15 35 7 -95 -31 -41 -29 7 94 -29 62 -75 -79 68 85 -72 86 -12 -10 -27 58 -49 -94 41 -56 50 -61 -97 95 -75 59 53 -15 -88 -7 24 -40 23 -100 10 -78 46 -79 -74 38 21 89 -73 -83 -22 79 -9 89 20 -20 -14 -81 -68 -86 -18 90 49 -28 12 -86 -82 -10 -74 -85 -65 40 86 -30 -1 70 39 -37 19 -98 -42 -58 -10 -1 25 -29 47 -75 39 1 -84 60 -58 61 85 -1 77 -82 -59 67 29 -90 -98 9 75 75 82 52 28 -47 -70 33 20 21 -30 95 -15 -89 23 -87 97 -76 -56 -75 -14 -27 25 66 47 72 80 64 -20 67 -61 31 46 -89 77 82 -17 98 30 44 -48 41 -28 -50 -87 19 -39 88 -90 91 41 -27 37 -76 -11 93 37 38 -89 21 29 -95 64 31 -14 24 6 30 -78 -12 47 39 66 94 67 -1 -75 -55 23 -6 33 -89 21 61 -23 -33 -6 44 28 96 -19 -1 -59 53 -18 8 -59 72 38 99 -98 31 -18 -82 19 -2 -75 89 -46 87 -70 -2 35 -65 -57 -78 25 -66 63 5 -57 -13 63 1 -47 77 99 -94 18 -18 -40 14 -5 71 46 -94 -93 75 99 -17 -47 76 -32 33 98 19 58 20 -43 21 15 -29 -73 2 -56 -43 56 -52 -8 57 -22 13 55 76 5 53 -12 17 73 -10 73 4 -71 -99 -19 -68 93 -16 -45 62 -92 -20 -97 1 49 79 -15 45 10 77 96 51 41 82 28 -75 34 -7 -38 92 58 47 34 65 -28 -95 -5 66 -46 2 -32 -99 53 -96 93 -16 -83 -88 -93 -62 -83 -67 17 52 19 -78 42 76 -42 6 22 12 -80 81 50 47 94 42 52 -55 -8 75 -19 -12 -41 18 -96 -47 -9 18 79 -40 -60 -10 91 -53 50 -56 -94 96 100 -14 37 84 -91 -36 54 91 20 -21 -100 63 95 -21 -80 14 -82 65 23 92 -34 -95 -46 84 86 39 39 64 37 93 15 -46 40 -57 -80 -27 -38 -78 -10 -38 -70 92 29 -23 19 6 -79 -59 -88 2 -82 -11 -66 86 75 86 -69 -53 -61 49 -35 96 -32 96 97 49 -37 63 -80 32 58 26 -24 64 -71 -47 -33 -82 -41 -27
-87 -88 25 -5 -4 19 -59 -94 56 42 -57 8 -82 5 66 -99 -55 14 45 68 -71 10 70 -60 88 44 -67 35 -27 59 52 16 -22 37 68 -51 -67 65 -90 -34 -86 -98 -22 31 -62 -38 46 -77 87 20 16 17 78 -46 -91 29 -22 -15 -86 -10 -65 -29 70 -54 -5 -20 3 -86 -40 -45 -70 -81 15 -54 -93 -58 25 -28 -98 36 26 -17 -95 85 -52 86 -19 -86 -60 -41 -9 -87 64 57 76 -67 74 -41 -29 31 4 -62 -100 68 99 -28 63 77 -93 -90 34 -33 28 -47 15 -98 -4 72 -22 48 -61 89 -55 14 36 -47 46 19 -19 27 -80 -24 -14 -22 21 99 -69 -26 1 -93 -4 40 81 -52 -91 66 -19 -94 64 51 -57 -75 67 -35 82 -53 -56 -52 -42 82 73 -87 -54 6 -25 -40 50 65 -30 24 27 -5 -44 -88 -51 90 26 -85 3 -92 98 13 86 -83 45 67 -48 72 51 -90 21 91 -77 -47 88 -70 48 79 -32 -90 -4 76 75 89 27 77 87 -38 -54 -32 -88 -91 59 -63 64 -86 -99 -98 19 99 2 -82 61 84 91 100 -57 -15 -35 57 -51 73 7 -46 19 100 -57 63 -56 75 -14 8 40 -93 76 24 -57 -50 -85 -8 -2 55 49 98 -19 96 -60 0 57 58 -42 -89 84 62 -89 -5 33 44 22 -25 -87 -26 99 -13 -92 -34 -19 82 -25 7 5 -95 23 66 -100 93 45 -87 64 7 -27 -70 -72 -26 57 24 -56 62 94 -98 -77 68 -44 -11 -8 83 32 51 67 -33 -34 -95 -72 -69 -62 -11 -30 -60 10 -59 -65 36 -87 12 97 69 -31 92 62 18 -15 -55 -63 9 -59 40 54 73 98 -83 56 -52 -37 31 24 20 9 2 34 -17 29 -37 -66 38 -75 -34 -23 24 -81 44 -38 81 -87 16 11 7 -91 41 87 -57 -79 45 -1 52 73 36 21 24 -60 31 15 35 -78 -6 -80 -33 20 87 -34 -86 -78 18 -69 -84 43 28 100 57 -61 2 -88 -94 -9 11 83 85 74 14 93 -29 55 -88 -43 9 -6 8 -8 -80 1 -18 -8 99 -92 54 25 -82 -73 -6 7 60 19 68 -95 74 -64 89 29 -57 73 70 30 53 -77 -86 87 10 -60
-2 -71 -20 20 -57 -81 -22 53 62 52 21 71 46 -49 29 -90 81 -89 55 43 -16 23 -88 -1 19 -100 11 3 -83 -49 -82 98 -62 85 62 -45 35 6 68 -92 62 69 -57 -90 -40 64 51 71 48 -46 -66 23 97 0 76 -63 86 56 -6 -54 -8 -71 62 -62 46 99 -80 -52 2 -93 -91 17 -77 -28 34 -78 -57 71 -6 23 59 77 7 -39 -59 -36 -39 -39 -87 -87 74 -66 -65 3 37 58 46 46 30 -61 -16 70 -65 23 -47 -80 -19 -24 -33 62 23 -52 14 -65 -30 -38 33 19 -51 -69 69 -27 88 -96 43 96 -51 48 5 33 78 46 -53 -56 100 -74 -27 19 61 82 51 48 81 64 42 8 57 59 -90 21 -32 79 -98 -8 -30 63 -52 -98 -87 -34 81 53 -52 69 19 8 -57 65 -33 43 -64 -24 -89 -88 98 -19 -25 78 5 -48 67 -30 -5 37 52 -98 59 -55 -27 2 65 -82 -93 15 -70 29 -21 -80 -59 -2 84 -12 -59 31 -91 -9 -20 51 -30 -16 80 17 84 -51 97 -81 37 77 -26 66 -100 87 -93 -18 47 23 30 76 -96 -16 82 45 83 -16 76 -88 19 -99 -30 3 14 29 -74 51 98 -100 -73 -17 -86 15 -24 11 40 -51 -96 -78 -82 -26 -60 61 93 -70 -11 -1 -88 65 -74 58 4 81 -25 -94 67 -7 -58 64 -75 -55 -35 95 33 -62 39 75 31 16 37 -56 93 78 29 59 -46 82 -53 32 -70 10 59 90 -1 33 -50 -8 21 -36 49 -6 -65 19 -45 45 60 -33 60 92 -13 47 -24 -75 95 -5 35 73 -19 -72 -89 -85 1 -15 -50 34 1 68 -96 20 -38 -88 100 -93 34 97 99 -86 -32 -3 80 9 -88 -90 -30 -4 -53 66 87 65 73 -29 62 -23 83 -67 71 0 -34 -44 -38 -34 97 -6 40 -13 -49 -94 -43 74 -22 -65 -87 -14 50 5 79 35 97 -10 65 28 -14 51 32 -41 47 -63 -97 -72 -44 -58 -61 -30 81 74 14 -91 14 9 -54 37 -62 25 34 64 -29 26 -67 29 18 24 60 -87 -17 -74 -25 18 91 58 -4 -51 5 -2 69 -42 73 -62 0 41 -7 -87 -90 -4 72 33 -21 19 -9 85 42
67 -60 -43 12 57 4 -15 83 48 1 50 54 34 20 -44 62 3 -3 28 63 -12 -92 -25 -41 -34 10 62 10 67 51 -77 -23 5 35 32 85 -25 58 -67 -3 76 77 -51 1 -48 -85 -87 -95 -89 -56 92 92 -91 -81 11 47 61 -94 0 -77 -55 11 59 -47 54 -33 -15 -39 8 -8 -13 -85 88 -39 -14 -95 -79 -94 85 72 82 68 -27 87 27 10 76 13 29 -38 39 -8 52 33 -98 -93 65 -9 -46 8 -80 -35 0 -90 17 35 -96 98 -99 81 56 56 -76 6 -46 -50 -59 -33 2 71 -59 75 53 56 95 -57 100 78 15 18 42 48 -89 30 -8 -41 -10 -25 -62 -29 -28 86 35 -6 11 -65 -20 28 -18 92 82 -46 -21 82 28 65 95 95 -63 93 -96 -45 -72 89 -44 -4 -39 -93 4 79 -22 -80 68 -57 95 45 -43 70 53 -30 15 25 -35 22 -79 -28 -29 -56 39 46 -53 17 -93 -83 -93 -34 -69 47 5 65 -22 49 2 52 44 -6 -83 18 88 86 -95 -5 -57 79 62 54 -58 84 -57 56 13 -74 43 -84 -1 95 -97 79 -65 -22 -75 -68 84 72 -19 -71 -48 -78 -48 -89 -90 12 55 4 -3 -27 -89 7 -34 93 7 62 69 -19 100 -7 -82 -85 -61 22 35 -11 -73 34 8 -50 48 -55 27 -29 33 -50 60 -69 -11 -20 10 -89 -49 83 -3 13 -23 -96 -59 38 -21 -7 78 -82 -66 -26 -66 -74 23 79 -43 49 5 18 -20 92 -81 46 9 59 -59 -99 -88 -90 -32 -99 -77 -9 -25 -44 92 63 -68 -77 30 14 -22 40 -97 -67 23 2 -63 -94 46 100 -60 92 -49 -43 36 -56 -18 60 -65 -28 42 -18 45 -34 2 -31 -59 -3 5 -5 -35 -98 -98 -83 71 3 -34 -97 -58 97 -22 39 -95 -87 -41 32 15 -95 36 26 -95 87 -69 86 11 -54 74 39 -2 62 -23 -83 -16 -12 -51 93 -35 -60 -54 -17 57 -23 -4 -50 -76 -61 7 -85 -15 68 42 -48 -44 -16 10 -80 29 77 91 55 42 64 60 -1 -90 59 36 -30 -38 13 71 26 -77 90 90 13 83 18 84 -5 89 26 92 47 8 -96 65 81 -84 21 -95 31 37 37 -69
-8 24 -99 59 55 -54 26 79 32 63 -56 -48 -20 -94 23 -47 19 -57 -80 27 -94 5 12 2 34 98 -43 93 -13 -30 -51 -47 97 -86 97 19 -27 7 -61 -52 87 34 64 -14 64 5 -78 -65 4 -15 -97 26 16 -93 84 57 -77 58 22 -63 -84 -44 -9 7 -81 78 -72 43 60 -96 -14 31 -35 -24 97 -47 -53 5 82 -8 54 83 35 -82 3 43 -47 -86 6 4 13 2 84 -37 -92 85 93 79 -73 81 94 57 -51 56 -23 91 -53 -52 -31 -1 30 -69 17 -4 -82 -53 -43 52 80 69 16 97 -37 51 -85 -7 21 64 50 -33 -98 19 40 -24 -87 76 -66 -93 -74 -67 -24 -43 -30 -41 77 73 26 -17 -61 93 7 -25 69 50 36 7 16 -57 57 10 82 -6 48 -45 -14 4 -43 -17 -59 88 -46 98 91 -11 49 53 -32 -80 -78 -30 -49 -90 83 -39 -96 -75 51 -51 -29 -34 -57 -26 -88 -56 -16 43 29 -73 -98 50 -58 99 81 18 -55 -60 50 -56 78 12 -28 39 45 78 40 82 -9 -69 -55 27 -21 82 -11 -92 70 4 -31 -11 61 16 19 -35 57 -68 7 -11 -6 -28 -84 -25 44 -86 76 -59 77 -64 -76 -31 61 -99 -60 -57 23 -76 70 -17 58 83 -80 -24 -38 45 -79 2 88 92 11 -12 58 -93 -65 -77 -63 59 74 81 18 -40 -70 0 94 27 17 -43 -68 -18 -78 -6 -39 77 15 -14 42 -44 -99 -84 -12 100 -24 72 -11 -78 -87 70 -54 78 -57 78 -84 49 90 -57 -52 6 92 -11 -6 69 -17 87 -27 11 -9 -95 -14 -63 73 15 91 -95 -13 20 -54 15 17 80 66 12 93 -26 -98 -39 -40 -61 33 -95 96 21 87 66 25 -12 51 79 21 99 -31 58 57 -30 5 93 17 -29 48 -77 54 -2 30 74 23 80 19 55 27 -27 39 -75 -59 -81 45 -75 28 -12 58 -68 -9 67 -89 61 40 -55 44 -58 -20 10 37 -59 28 4 -29 32 95 -88 -60 -24 92 66 1 -90 -25 63 -46 95 -41 -76 -94 -35 72 -24 37 -49 -46 66 -28 -72 -84 -66 -95 95 70 -85 -14 -49 41 15 11 74 -48 65 -48 -3 2 -18 -27 -67 -20
38 5 57 49 52 89 76 97 -85 59 -2 -38 -3 -44 -77 -34 3 64 39 -40 -54 77 -36 -89 75 3 -66 -60 -93 46 -19 54 14 -15 17 -37 -86 -36 -23 40 -11 -38 30 85 10 -90 -45 74 -53 50 -88 -76 83 -63 64 -46 54 92 -8 -4 70 17 7 -76 87 -26 29 -52 -91 65 -15 -11 84 52 86 92 72 54 -37 -35 -41 -80 -5 63 55 -74 -65 -3 -95 -17 -16 -67 10 -80 -74 13 -56 8 53 -37 72 82 25 -17 -24 85 -60 21 22 20 64 -69 73 68 97 56 41 -99 74 39 -9 46 -85 -30 -24 -47 31 -100 -94 65 89 -25 50 -96 -93 -80 -36 32 -6 57 35 33 -34 49 -35 -22 46 -69 72 53 70 88 100 -48 19 -93 -39 83 -6 -27 24 -98 -81 19 -18 24 95 18 -9 -76 46 93 27 -41 41 30 -37 -40 -29 21 75 -21 -39 -60 -87 27 13 -62 -85 -28 78 81 78 -23 -71 86 -19 -39 13 5 -66 42 -88 -18 -39 3 -67 45 89 51 -82 61 -41 91 -73 -97 -39 74 -9 41 53 38 85 65 65 -96 76 -91 -67 73 18 68 48 92 -28 -25 -85 68 -94 -56 -13 -41 -89 -29 -85 -91 66 43 -20 -81 8 9 -70 56 39 -28 -9 8 35 11 61 76 -31 86 -61 -6 -41 15 -90 -32 2 -62 -95 35 76 -77 -21 -6 -32 65 -93 -82 -66 -5 -13 20 -28 93 56 -37 -97 48 -91 20 92 61 20 -1 92 1 -72 36 -8 -71 -84 -54 27 -42 -15 -6 56 32 -14 -43 2 -37 7 19 -28 83 33 -9 86 -79 74 33 -78 -74 -7 -84 39 -78 -26 49 -63 91 -31 90 71 81 67 76 47 26 27 -82 -10 -61 -65 -2 84 35 22 50 -64 3 43 43 -15 50 -35 83 35 25 65 59 95 -50 59 -26 59 49 41 -81 -99 76 -52 10 97 -66 -94 -35 -78 99 -17 16 12 57 38 -21 -82 65 63 83 -26 -51 -60 51 -34 -11 47 -4 -74 37 -15 -35 42 81 94 -15 -91 3 -94 100 -49 65 16 39 -54 -61 35 40 -5 -87 69 46 41 73 80 -87 -84 -73 -22 66 87 95 14 -47 -73 -100 80 20 -7 -6 -19 84 44
50 50 74 -28 12 82 -56 -84 64 -33 63 -49 -51 -55 8 34 77 24 80 -29 -7 7 -70 84 62 -55 63 -93 37 -68 62 -22 -100 50 99 89 32 -97 4 -29 85 -95 -54 -90 -56 -29 -39 5 72 78 64 72 -11 -73 -44 41 -16 21 90 -8 -5 -45 -33 77 20 -60 20 4 -64 88 -66 51 59 -26 22 -42 -75 100 64 80 -7 -11 -30 44 -12 -59 41 24 75 -40 -28 4 85 27 58 -4 -22 -90 -21 -69 95 -53 6 34 46 53 -3 -53 58 -12 -33 92 53 90 63 -45 46 83 -94 4 -51 -63 85 -49 -83 71 -54 -43 54 16 -92 -97 -60 88 -80 33 72 -22 14 18 -94 86 53 32 -55 42 -52 -43 -20 26 -57 98 38 -79 53 6 10 -84 93 -89 1 45 28 -70 -96 -20 -8 -14 29 4 -37 -78 -38 42 -55 52 85 42 -4 12 51 92 30 15 -70 -96 9 -71 28 -25 -39 56 -54 -74 3 38 -74 15 87 -88 41 30 63 -80 49 -52 52 -76 -53 73 38 -18 -78 -68 -85 -66 -73 -100 74 -46 -71 5 26 9 34 1 82 22 -74 1 -78 -71 56 -96 56 3 89 46 -28 -51 67 -80 55 1 -3 -9 80 -1 0 3 17 -57 89 -81 20 -97 -40 87 -33 76 -66 -33 -47 -88 87 -13 58 -40 39 45 -29 -80 83 100 40 -27 -89 70 30 37 -29 -83 -86 60 53 55 99 -84 -92 78 -24 -90 -11 82 -7 49 51 -85 -89 -89 -66 62 20 38 24 -47 86 -97 -61 -12 -62 40 -31 6 53 -63 25 34 94 -79 -94 -36 88 -10 1 71 34 -65 -64 -78 59 2 28 70 -42 71 42 69 -13 68 -73 70 99 95 -7 -49 75 -60 -60 87 -30 47 -66 63 -91 93 95 -26 97 -79 -7 -12 -65 -72 21 48 90 -55 8 -14 83 -20 -55 -2 -77 52 60 24 5 -31 -27 -94 31 52 11 -94 -16 -18 -7 61 11 -38 52 85 -10 37 2 60 -94 16 -11 -59 -82 -89 -91 2 -8 18 -68 0 -78 40 2 21 91 20 -46 32 -30 58 -46 -7 19 -36 9 -44 -48 -61 -24 -62 -84 10 -66 96 93 17 -53 12 -44 16 -55 17 -85 -33 -21 -2 58
-4 -34 -26 35 -3 -72 94 7 20 -76 -25 -71 -30 63 -15 -3 87 -75 14 88 -99 -3 -85 40 83 -78 48 -64 -99 -40 -37 -81 -33 -94 5 -15 69 40 -4 42 -51 75 -96 -65 30 -83 17 -31 -60 -33 19 -32 29 96 -84 37 79 -83 -26 49 84 60 -60 -35 16 -75 -63 -57 20 39 -82 -2 39 53 11 -20 79 -46 -97 59 -21 93 -50 -22 29 -5 55 13 -46 -39 -8 -93 24 -23 -65 96 -58 81 81 41 14 -64 55 80 -17 -30 -78 97 28 -89 62 65 73 50 -28 -3 -1 26 -98 70 33 90 36 -12 95 -54 -45 -94 -73 14 -24 39 -62 -98 10 -24 -52 58 98 -99 16 -37 -15 -81 -97 17 -30 95 56 42 34 6 40 -18 55 93 -60 87 48 -14 -36 -54 -26 29 -20 87 -11 -11 -40 -90 -79 -75 79 18 -9 11 96 -100 14 96 -79 -77 -2 -41 -86 -17 85 -36 18 63 24 93 37 -13 -42 91 -8 -79 4 16 -51 -67 -77 88 -91 76 -75 -54 -29 -99 -24 14 -53 77 -91 42 -7 18 -13 -24 53 97 -78 -20 -65 -9 -98 -19 53 -28 53 40 22 53 -47 80 7 88 94 23 90 64 4 -91 -97 24 -52 -47 -16 -25 -2 -3 39 -42 -21 -7 -44 -77 -56 18 29 79 66 9 -93 -87 10 80 13 100 -7 93 -61 -83 32 -43 -72 -56 -82 98 -78 97 97 86 -89 -44 3 -90 -54 -73 48 -50 -3 33 -85 66 -94 -45 -53 -34 -79 51 18 27 -2 49 -37 -34 81 -44 15 -41 -19 -86 88 65 9 -71 -32 -87 76 5 -63 5 42 -50 -21 -60 -68 -88 -66 65 -58 -30 81 -15 42 -34 -78 15 -13 -3 29 -94 61 12 -58 78 -100 48 18 -37 -52 6 30 -52 -44 -45 25 -94 53 -52 14 22 30 -15 52 -67 -89 -91 -41 71 12 88 -66 -31 14 -70 30 75 -8 42 -53 94 97 -48 6 -27 3 -39 10 -48 46 -1 19 -56 90 -44 52 -79 -7 75 -57 55 0 -60 89 -41 74 5 25 -89 -13 -82 -56 -23 -64 0 -17 99 95 23 -42 -92 -20 58 -100 95 -73 70 -14 -8 -33 71 2 -74 -45 55 -98 57 69 93 -95 97 -94 94 8
63 -9 29 -14 10 63 -9 -36 24 -75 2 74 -4 -49 54 -31 -82 88 -43 -26 58 95 63 64 -61 -99 -9 -27 23 69 27 65 -49 51 53 -15 -71 16 -7 -19 87 81 43 21 21 6 59 27 72 33 -34 -72 -56 47 -72 -99 74 23 -79 -77 -1 67 -80 7 -56 -24 -93 -14 -22 -87 -92 11 76 -91 14 90 58 -51 -65 97 91 -17 9 83 -44 -11 -51 42 89 18 -96 -5 -97 -93 27 83 -5 -46 47 -71 59 13 37 -91 93 -9 -11 -37 18 -5 71 -9 -81 -1 -38 -7 29 -67 5 -58 -36 58 -94 96 90 23 14 14 -43 -99 -97 -57 63 17 -77 -95 53 4 -87 -18 31 -92 -70 13 33 -35 81 85 -65 60 -27 -58 -65 -72 -50 -44 -51 36 -70 -96 -6 -97 94 -65 -52 -43 41 -55 -73 47 28 32 56 -58 72 -83 76 82 -97 20 8 20 -64 -59 -69 55 -88 69 23 30 14 -7 -78 -89 65 65 37 31 -47 7 -67 1 -44 -83 68 -17 37 0 -11 92 -27 51 79 -69 62 42 -85 -52 5 -42 96 -68 -43 -79 4 76 64 -29 -76 -77 -20 -38 93 -35 -29 34 9 45 54 60 -28 50 45 -19 -23 77 66 8 31 -66 91 -66 79 -11 75 -97 89 -96 -19 65 -36 -14 38 -23 -29 -78 -53 81 -51 87 -53 40 -50 -81 -71 -2 -36 -3 27 -90 74 44 -37 84 14 55 -42 -74 97 -95 23 -81 -76 -90 29 -9 32 52 -35 12 -39 54 46 59 11 62 86 30 40 36 41 -84 -69 81 33 34 73 -41 -19 22 56 -25 -67 -37 -98 69 -28 47 64 62 93 3 -6 72 -43 81 41 -17 55 75 59 -45 93 -36 -10 -22 54 47 83 99 -86 70 19 99 25 -3 71 -42 -64 54 25 -34 -23 37 12 40 91 99 34 34 -43 8 -91 -49 -83 52 79 92 23 -73 -4 -34 -93 -38 84 42 -90 -8 19 -16 25 59 -23 -66 18 14 -69 -2 62 -27 -17 -4 33 -15 24 100 -68 -24 -91 51 70 50 65 -48 74 13 7 -61 5 41 -67 -61 63 42 -39 -8 22 -74 -96 -73 29 14 25 -94 -53 52 -34 25 -28 -85 -30 0 79 99 78 -38 -89
-38 -27 100 69 -58 -43 -97 -38 -22 -52 -19 -29 -67 -1 -91 2 -83 57 64 86 74 -14 -2 50 74 98 26 34 25 58 97 -35 -53 37 14 41 25 -27 -37 27 24 56 21 -62 23 -4 -51 -68 -51 -67 -80 -50 -95 17 -91 -17 -43 -24 84 -24 59 4 -50 -68 97 -67 1 77 51 25 3 8 -30 70 3 46 -2 -90 -26 88 -34 -43 -90 -14 -14 41 -10 17 -84 -4 -54 0 -85 80 78 90 57 -3 45 1 56 -76 -5 -48 10 79 44 -32 27 -60 33 -14 -28 -53 60 73 48 37 42 76 61 -70 7 -75 -26 -41 46 -81 -97 98 25 76 -55 -83 60 -88 48 -4 37 -45 99 -66 -70 66 -15 30 4 -63 33 16 97 -59 -64 82 -65 -67 -42 46 -46 -67 42 30 -12 -83 -76 -51 -21 43 -13 -87 93 -50 -1 94 -8 -3 -60 35 -92 -15 -81 -34 -32 -31 90 68 -22 21 -86 -48 -53 -57 60 -21 -7 -42 -75 25 44 -47 2 57 4 -30 -91 -58 -72 -96 -73 -10 67 1 75 39 -72 95 -66 23 99 -9 -39 90 66 -81 30 73 84 -67 -97 -52 -12 66 -12 94 15 -20 -77 5 75 2 -73 -83 7 -15 -33 62 99 -91 -2 23 -15 -88 -96 -86 17 23 79 -13 5 51 -75 95 68 36 28 -40 84 68 43 -7 4 -60 -53 1 -88 -44 -37 86 -15 -100 17 34 -67 -31 -39 -71 -61 50 -73 -60 67 76 28 -99 -32 26 -54 97 -37 -91 -43 1 -59 70 55 -54 94 22 -50 38 95 -62 92 20 47 99 20 55 96 22 25 -62 16 -66 68 51 27 -76 -64 -100 63 -15 50 -93 25 -21 57 -37 24 23 61 71 83 -91 38 50 7 80 37 46 -50 -62 68 -75 71 -13 1 38 99 -91 77 10 59 67 -90 -78 17 69 28 47 35 -51 -79 21 60 -16 -33 6 83 -53 -80 -91 -58 67 -72 -62 -33 91 35 99 -98 -34 -14 4 75 9 50 70 -80 61 18 80 -39 -25 -45 -27 74 63 -91 71 -77 41 -62 44 -69 -72 -97 -21 89 22 -71 64 -27 41 -76 -72 90 72 -29 80 74 24 -96 -60 -73 30 88 -64 -75 48 49 55 18 28 -12 -44 -54
4 -87 84 79 -15 -62 -85 32 -84 20 73 -51 -5 64 63 -40 -1 65 25 -38 -62 -2 -46 -10 -39 71 -99 90 -12 15 52 -68 -36 44 22 30 10 45 74 -25 31 70 -67 58 38 -72 -99 66 -77 -21 -52 -56 -42 -11 7 56 88 -27 -30 -55 95 97 12 96 95 35 11 61 -43 -64 -26 74 -56 -25 -33 -7 42 91 -49 45 -87 17 -30 58 -67 99 -34 26 9 -89 65 34 15 5 84 41 18 -66 -63 50 9 -62 39 6 -28 90 97 -48 98 22 -48 10 82 40 -3 -99 4 71 -20 0 -9 8 -34 -20 68 -76 90 -38 -58 -22 -33 -1 93 -46 -30 -12 2 -67 54 -85 -41 18 68 -75 -61 45 15 -44 78 -75 -76 97 77 58 -87 -22 -3 50 -81 37 67 59 25 -48 -44 -74 76 -99 35 -73 93 41 -21 -3 -11 -88 17 -77 38 -20 8 -55 98 29 41 17 6 -14 36 61 -34 56 -28 23 -39 -79 -83 -3 44 -82 83 -23 -16 -84 99 78 -85 13 -3 -75 -24 -86 19 18 19 -92 -85 -8 72 -25 47 28 59 60 -69 13 99 -7 -60 -50 -26 -44 53 -59 91 64 -72 2 -88 57 -49 -32 -20 -71 17 23 94 91 55 -36 59 99 57 88 55 -59 64 18 -84 91 -66 -67 5 69 -63 16 -56 -14 39 25 -92 -30 -13 49 19 96 -58 -19 -55 -54 95 -84 -60 -55 5 78 -45 73 -29 44 -95 -88 -56 -68 -7 -87 15 -28 60 31 85 -69 24 72 -63 7 66 60 -40 13 69 -86 1 -37 -89 50 14 -48 -69 29 -64 80 56 48 -80 40 -23 79 -30 13 27 32 72 71 -65 -41 79 -81 52 -27 -94 -81 27 60 41 -100 -34 -34 -42 -7 -75 -64 1 -56 -13 -37 -23 70 93 96 53 -38 -58 69 -53 81 49 42 42 -61 36 22 -45 -87 -17 92 -10 8 -20 40 14 -12 -41 45 -84 -100 -41 -97 -54 94 -43 31 -59 26 39 42 96 33 26 48 -75 99 14 14 -37 76 -93 30 21 94 -68 39 -34 51 12 -27 -36 -87 -89 -74 -84 36 84 -14 41 -76 90 -30 -36 90 -79 -56 -34 68 -100 79 -46 64 -85 -4 28 11 -38 59 95 -78 -51
-55 59 -58 42 -92 65 77 -67 -39 -39 -99 -91 88 -75 -94 -85 -39 -30 -16 36 14 -92 40 -43 84 16 -53 -3 80 -96 5 -23 63 52 -18 -43 -76 38 29 -83 -67 -74 88 -27 -60 77 -70 83 -2 -83 -12 42 -23 92 -3 74 -29 -52 73 -32 -53 63 -18 -52 88 -96 24 -71 -100 -91 18 49 -48 -37 4 57 -59 -47 -32 48 -36 -10 -78 5 -18 53 44 -92 65 23 19 13 95 -87 -96 5 1 1 8 34 80 90 97 -80 93 2 56 -96 -2 -60 -21 -36 52 -13 49 60 55 -18 -28 -51 83 -18 16 17 37 -59 15 -69 -55 -88 -69 21 -49 -83 -11 -98 -82 -59 83 42 -30 34 65 80 -38 -22 -5 41 25 81 -99 -71 26 -74 -10 -98 16 33 0 -64 -23 -56 -22 98 15 -46 -83 43 -88 91 37 -50 71 -4 27 97 66 10 75 94 -80 -56 68 -6 -2 -59 -42 -51 -76 80 -67 19 0 33 49 -69 5 44 43 -16 -62 -97 -9 50 11 -75 -47 68 65 57 -75 42 -94 98 -47 -70 56 -92 -28 39 -53 -34 -97 -43 10 -6 -75 -89 -49 -54 -40 94 58 84 11 55 31 -23 -65 63 99 -60 26 31 5 89 56 -62 -41 82 -77 -50 75 54 -67 -90 90 74 95 -48 52 15 -2 -56 -59 -8 -17 -64 61 -74 47 -47 -83 -100 66 -53 38 -58 -15 -87 15 75 -76 28 70 3 69 58 33 40 90 -63 94 7 68 73 -82 68 -39 -66 -12 -36 45 -97 49 -48 79 20 93 19 -11 91 -85 -44 -35 68 -81 62 -25 47 8 -92 66 12 85 -16 6 -11 -20 67 13 85 55 -82 2 -84 -87 -77 12 19 -16 87 45 -10 -61 1 88 -43 -55 -55 -3 72 -21 -74 60 28 31 -89 18 -52 6 40 69 -32 -100 7 -77 -23 10 -84 -56 28 30 80 -23 -21 -64 87 82 37 -85 -100 -82 -12 69 -79 17 -95 -57 -14 6 69 -27 2 32 85 -14 55 23 -89 22 56 18 -69 25 -20 0 -64 90 52 68 -51 -72 84 -64 3 93 -17 -34 94 -87 46 -96 -51 41 17 35 70 37 94 -45 -32 42 -65 11 14 -68 54 -36 11 39 -4 -28 -15 -66 -28 70
-76 67 8 -51 81 60 29 -65 23 39 -93 -82 -5 41 -8 44 -25 -3 65 94 100 -23 -78 93 -45 1 -61 -26 -16 29 -16 78 96 96 -16 33 -63 -83 -27 -34 18 95 36 19 -16 -93 -13 33 -82 -18 43 -73 84 73 -25 1 -35 71 -81 -91 33 33 -56 -18 -82 -76 16 -42 80 -10 20 70 28 24 98 -4 78 77 95 89 -38 -90 -65 -34 -73 55 -62 -40 -47 -84 -78 90 2 24 -51 -7 -99 88 -3 -78 -39 79 12 87 -75 -26 -58 -28 -3 -41 37 20 -47 -89 -32 -18 -27 -91 -25 -32 52 77 -5 -90 43 87 51 4 -1 -41 78 -51 43 -43 -18 -95 74 -7 76 -33 -61 62 -88 -92 -79 60 51 -79 47 -92 51 85 -5 22 96 -100 52 9 -29 -48 -47 76 -24 -7 -45 -38 98 97 17 74 49 -67 73 10 4 -78 5 -43 30 -83 -35 59 -69 -92 72 95 47 -52 55 21 -41 65 18 -64 50 86 15 73 -11 -10 75 5 -20 84 -96 -64 -36 77 17 -2 -95 -2 -45 -5 -53 25 -85 -6 -55 87 -11 -34 27 57 24 -100 62 87 -12 98 10 -18 4 -61 11 -91 12 -69 18 -50 -20 -62 -13 -21 -11 -2 -10 80 -69 82 15 -94 75 -41 99 44 -21 -29 -10 -83 -29 54 -90 98 -91 -19 -41 -48 3 18 73 40 -86 -93 93 18 -4 -24 -54 62 -40 -87 75 35 16 32 59 82 27 13 -78 41 -10 -27 -76 -76 61 -58 86 58 64 -64 7 35 -69 97 17 -8 52 -39 19 29 77 60 -69 53 -62 8 71 -70 -11 1 -75 76 13 97 -35 -38 19 63 -2 72 65 -29 67 96 23 43 -19 -75 -3 60 -19 41 59 -30 -4 -10 -87 78 44 53 -26 -77 -3 47 81 -22 -69 24 7 41 18 -79 84 18 -29 -61 33 52 76 -37 58 -73 -6 -89 -59 -62 9 -76 83 -74 56 59 68 79 -40 -7 39 -75 -65 60 91 -66 59 92 -86 76 17 91 70 -70 40 -77 -30 -95 -21 59 13 -5 -53 13 55 -90 39 -60 -19 79 -70 73 18 97 -13 15 -90 65 -28 59 50 75 -51 -12 69 33 -65 -12 84 -75 -27 81 -91 91 -99 -15 86 -52 65
-74 97 64 38 68 -9 -51 -75 35 -97 44 -32 96 -29 39 64 -79 7 -99 -54 26 11 49 -98 4 -82 -26 76 -93 -48 99 6 -86 0 -60 18 79 13 -30 28 22 5 -53 -46 63 71 71 -77 -98 -49 89 45 -48 -63 -25 78 -76 -96 -48 10 65 40 59 -73 47 46 41 68 -53 78 0 -54 -48 -49 -28 40 -93 -70 -9 24 47 -27 58 17 39 -60 -23 61 -62 -46 -77 93 -8 78 -33 31 1 -8 -86 49 81 75 74 98 -84 -92 -85 -4 -35 60 78 -55 -31 -67 -55 -64 69 79 -66 1 -51 66 56 85 21 -76 -13 -79 -89 98 31 44 36 65 36 26 -40 85 18 42 -74 19 28 -75 46 66 51 91 17 68 29 -76 15 73 94 -100 -76 -4 78 38 -66 63 23 -9 -8 -58 -36 -29 71 -99 40 48 67 -93 53 -47 36 -75 -57 70 47 -96 20 77 -79 1 95 -4 28 -36 -48 -57 35 32 -78 91 100 -61 -23 34 44 20 44 39 66 94 10 -73 -25 -93 82 -84 -41 47 -100 -28 -40 -56 -40 97 40 -14 35 -68 79 33 -73 -68 44 64 39 -16 -16 -53 -85 -25 22 -75 -14 -39 -81 -69 -80 73 24 -26 -17 -40 -85 57 -64 100 82 25 76 -45 -74 40 -95 -28 82 -10 24 47 25 99 96 -23 -71 87 97 87 -89 -31 73 62 -48 -16 38 43 74 16 62 81 58 36 73 -90 90 -42 21 -47 41 19 -11 -24 27 38 5 39 15 -47 74 -93 -1 41 -66 15 82 28 -33 71 9 30 24 -78 -43 -12 -32 -1 35 -95 -83 66 -33 22 -44 98 -84 -85 -10 21 88 -53 -77 52 -70 89 -42 -65 -47 66 42 92 23 91 -80 -59 49 -8 99 53 72 36 -19 86 71 18 -13 9 -66 95 -76 -25 -70 88 38 -9 47 64 47 2 26 30 -79 -30 -91 -87 85 19 -59 9 -86 -68 29 34 -8 -84 22 55 -73 87 40 80 63 -82 -2 100 -95 30 -14 79 36 -87 -92 -4 15 -72 -71 72 45 -79 -62 12 53 -75 -76 -63 39 27 -75 25 67 -97 -51 -19 -18 -50 82 -45 10 82 14 68 77 -60 74 -98 13 -69 2 89 -65 63 38 -41 41
2 37 -96 -17 89 17 37 93 42 -30 13 95 -45 23 -51 -89 32 -84 -46 85 -82 68 44 80 -67 -30 -98 -25 95 68 -64 73 39 43 51 70 -53 -76 -65 -32 96 36 -17 23 -99 19 79 61 29 73 -66 9 -11 7 -44 53 42 -61 -79 99 20 -15 -42 2 -99 -56 -43 -34 63 35 -89 74 -73 60 43 -98 -93 61 72 36 -67 -35 -96 -22 30 -32 25 -76 -52 85 3 -67 42 -24 -66 77 -66 -40 53 -83 -44 32 50 -14 42 -67 -83 70 36 12 -82 33 -23 -20 -83 22 43 -63 -46 -83 -53 -61 -26 -89 5 43 21 60 29 20 -76 -99 9 -3 92 51 -75 -65 -33 -47 -26 -32 -84 -39 -2 63 77 57 -5 -92 4 30 -21 7 -73 77 -31 -61 46 -32 -90 -34 54 -92 85 -17 -45 -62 -75 1 -64 96 -18 90 38 -59 74 32 -37 68 -6 -40 -9 23 61 73 14 53 12 75 93 -44 -22 -3 10 17 -82 -81 49 16 70 -38 -37 62 65 -40 -34 88 82 36 46 -50 -58 -18 62 -19 91 -63 47 -21 -72 91 42 8 80 5 74 74 -49 -5 7 69 -41 -7 65 26 9 86 -96 -77 80 -34 68 -42 -4 -81 12 -86 -67 56 33 8 -68 11 -99 -97 21 -38 29 2 40 -47 54 94 -85 44 31 0 -15 -17 -13 -45 -77 53 12 -22 61 51 -4 95 -7 90 53 -45 -89 -77 -47 71 21 -4 -77 -24 -84 -64 27 92 77 81 63 73 -75 73 90 -87 -83 -1 56 -25 43 -80 -80 -72 21 80 -42 84 -71 -11 -19 -88 -30 -24 -50 41 2 -71 45 -86 61 70 34 88 94 18 -80 -49 49 -25 -67 -51 -93 24 81 -40 76 88 94 -86 -95 0 -55 -46 -35 -23 15 14 5 -52 82 -26 37 20 -42 57 82 -61 23 95 -28 76 7 -83 -10 -34 -94 -27 -69 61 15 96 95 95 -94 4 21 -50 44 -53 22 10 85 36 64 -47 -89 88 -93 45 -70 -32 -18 -82 -5 32 -64 -66 47 -83 -27 -92 -78 -54 44 -18 28 -14 94 57 -50 76 -57 82 -100 54 17 -34 55 -60 15 -33 -78 -44 -90 96 54 -7 -11 -17 -60 58 -26 -84 -14 63 -85 1 99
-3 -41 -30 -2 -56 26 -9 -81 66 8 88 87 -92 -26 78 8 -62 -59 88 -74 -70 -32 -68 -70 -3 75 58 2 -83 97 61 3 -9 -11 -50 67 -61 -46 36 -54 1 77 -75 -69 66 -95 -76 -14 29 74 46 89 -84 -52 -27 49 14 -70 -76 45 2 -82 77 -47 -92 -25 87 -36 37 -44 19 19 70 -8 68 -67 81 20 78 -79 86 -11 39 83 -68 59 89 -77 32 8 -52 61 -20 36 25 -4 -70 29 -6 4 -47 -95 -59 1 -13 90 99 72 -34 39 -100 6 -95 15 36 79 32 61 -11 -83 -54 84 -10 -51 44 -96 29 29 84 9 24 86 60 -3 40 -17 86 -27 -90 -71 98 41 -8 -8 5 54 88 81 99 -77 -61 -96 98 57 47 6 30 -49 42 79 16 -14 -99 21 90 25 1 100 -80 -63 31 71 6 -51 18 92 -49 -28 17 -1 3 21 37 89 -45 -25 66 18 -8 62 84 -93 -99 -44 -38 -52 94 -84 -70 -97 7 14 17 -38 16 58 68 77 -63 25 77 20 -37 55 -79 43 43 -64 67 57 76 84 -85 61 -43 12 96 77 64 -68 -67 -8 -47 -37 23 -1 -89 -66 -94 -97 6 6 -99 -54 -17 49 -96 -88 56 41 47 -9 94 73 14 -19 -75 -95 -32 27 35 73 87 40 -15 85 0 -39 40 93 37 25 2 20 -79 4 50 -51 -51 39 71 -26 78 33 68 -66 7 -19 5 72 68 92 3 -84 69 30 -37 -25 -80 -28 -27 -80 -31 57 -88 -57 -48 -71 -72 -83 -41 -33 -56 -36 43 61 -80 -3 -25 2 7 -53 -29 33 7 -64 -97 -21 89 -92 -92 62 44 10 21 -96 -16 76 -83 -47 55 -35 -49 -78 -92 -68 -40 38 48 -48 -12 -80 0 -47 -72 -3 5 -75 -81 -4 36 -79 10 -40 -99 10 77 28 -97 -29 88 26 19 85 38 -13 91 93 -27 84 -56 43 -29 -85 74 42 26 -89 100 -92 87 50 86 -54 -84 -74 88 -41 76 76 -21 -10 -21 -88 50 -83 -35 15 6 -4 -40 -39 -87 -91 -4 45 -37 -56 82 34 0 7 9 -24 -32 -39 62 9 42 -42 -95 -3 -31 -85 -46 85 -57 -36 -85 100 -44 16 -16 74 -19 95 -27
51 80 42 -31 95 -2 -42 89 80 -67 -57 -52 -32 -89 -21 -34 -60 -91 -18 -56 -100 -58 46 -64 31 -82 -63 -21 -42 -78 21 -45 20 -54 -33 67 -67 24 -14 -47 -92 24 -77 39 -66 -97 18 -99 52 -1 53 -35 75 -8 76 95 50 -4 71 -71 99 -46 73 -45 -34 -17 -62 35 33 -50 4 -79 9 -93 21 56 -32 95 69 26 -8 83 82 31 57 49 20 58 26 -69 -68 62 -11 62 31 -11 74 -80 73 85 -32 -70 96 64 -60 -45 -32 -32 84 -43 92 -18 93 1 -78 -60 -100 -95 45 23 71 36 59 -44 97 -44 -29 34 22 58 40 95 -76 89 -20 65 96 -45 11 -81 96 72 -97 -23 -17 -93 -29 71 73 -55 -30 23 19 42 -76 19 -2 41 -93 -66 37 -60 -62 -93 -82 -56 58 -9 -91 -24 -50 67 -83 11 68 21 28 -25 4 52 17 -4 -28 18 -22 0 -95 -28 72 90 65 -40 72 -57 -9 46 -6 -22 -12 28 88 -78 -95 -42 66 -25 7 -90 29 57 52 85 30 46 -39 -78 -55 43 -7 59 -18 -83 -98 -87 91 58 62 -36 84 9 3 -55 54 58 -47 -26 89 -79 -84 -79 54 49 95 80 78 -51 10 33 -33 -88 -59 -92 13 78 11 -22 44 -47 26 86 -94 -18 -80 -45 -61 58 -44 83 44 25 33 -45 11 44 -86 -95 61 51 74 -78 20 -99 30 70 -86 -75 30 42 -95 -13 52 -41 -82 94 92 -96 90 37 37 48 -96 6 -9 93 38 9 26 11 -13 19 -17 -19 -81 -9 94 5 -49 41 -39 -95 44 -58 -68 -77 -28 62 97 -32 -89 71 -94 58 34 -95 -37 70 22 9 -69 69 -14 40 -6 30 -87 78 27 61 -33 -40 59 -22 -15 -15 -75 47 52 -54 -77 -44 -13 36 48 52 -68 -44 29 55 -34 -16 -86 -99 25 63 -12 -39 -90 25 -96 20 94 56 100 -91 -25 -33 -59 13 29 81 -100 -79 41 47 71 -55 -84 -26 -14 -44 -89 -28 1 29 85 76 1 -66 -38 9 -25 65 -60 -45 -62 7 -70 32 -88 -5 97 60 -87 33 62 -74 89 96 -79 87 26 -48 28 -5 17 -16 57 -30 -23 90 17 99 -16 62 17 17 89
-15 -62 57 -33 74 -7 -13 -55 -80 92 -83 5 -23 -9 -98 -75 7 -86 98 81 -94 -96 -8 -96 73 85 36 -18 7 41 -1 51 -12 8 53 -87 -79 43 -59 100 61 89 48 -12 -60 59 -19 -11 33 -11 81 82 -17 -92 -71 -1 -66 69 -68 60 -81 43 15 -34 100 -86 39 -60 92 78 -26 77 -70 -97 27 -90 -2 -38 56 -13 -60 -87 40 85 83 54 64 87 92 72 -38 66 -83 20 70 -68 -83 -68 71 54 0 4 63 -13 -52 98 12 89 -48 95 47 14 -68 81 -26 31 -96 -94 47 -31 43 40 20 -48 10 39 -70 -100 -74 -92 77 67 20 34 29 44 73 51 15 26 -19 -100 -65 48 -24 -41 -91 51 -21 -22 0 -14 26 -34 -37 49 -80 -1 -56 -13 62 -72 -54 13 97 67 15 -45 -72 -21 81 39 85 51 62 49 21 -53 6 -16 -30 77 81 -37 70 -13 -60 -6 -1 -59 11 63 34 -28 46 34 -10 -67 -73 -76 -86 61 -95 -44 17 -51 78 90 91 -62 -93 1 -30 -58 -23 -13 52 -72 -87 63 54 -19 80 29 28 -50 22 79 83 -30 3 -74 -45 33 -90 32 -15 78 -39 69 -11 26 -24 -94 -19 92 -82 -84 35 -24 7 -6 98 -66 -32 -64 52 -84 6 -97 -62 -48 -49 15 -97 34 -79 21 81 -75 6 -75 -37 15 84 75 -75 43 -99 -33 26 -41 78 -41 -14 -72 -57 -48 -15 -11 -46 46 71 -47 -87 -74 12 -30 -50 -93 26 -17 88 38 -91 13 73 -82 2 71 83 -2 0 -99 -86 17 47 -42 89 -68 75 -72 58 -83 53 82 -42 -67 19 -53 66 -97 76 -72 -46 87 -59 -9 58 -59 -73 94 -49 63 59 64 -91 36 -42 56 -96 -94 -91 70 28 -69 69 18 23 20 73 -23 -85 67 -85 -78 36 13 16 45 -63 22 49 38 -25 78 -50 -67 8 -19 -21 -91 89 -62 81 58 -62 36 43 72 83 -77 79 92 16 29 -62 -18 8 -21 22 39 -92 75 -64 4 83 32 -51 37 59 64 92 16 -43 -33 -100 -46 4 99 -92 -77 33 -39 -56 -89 -86 90 45 -94 -33 -75 -37 -26 -4 10 44 -38 88 -30 -42 -66 40 -52 58 23 -74
95 59 89 -12 -51 75 -90 96 18 8 -41 -86 63 -60 78 -87 20 -78 12 24 -10 -5 20 -2 -85 51 6 74 88 -25 27 84 37 59 78 82 33 -80 10 -19 87 67 37 56 -58 13 64 72 98 41 16 19 7 -16 77 -30 -75 -40 85 -20 -11 2 79 -94 43 -40 -6 48 -73 15 -5 -59 1 76 -29 32 -30 -19 -22 21 -32 -40 -69 84 -67 88 -40 56 77 91 41 65 -15 -94 39 -31 72 -86 77 62 -28 -76 72 -52 -72 69 56 85 51 -60 -4 10 52 77 -7 30 -43 -1 80 11 -18 36 -40 -76 33 -46 -51 19 -21 36 65 12 -25 6 65 45 28 -90 -38 -8 -10 55 -18 -55 12 -10 22 -90 29 20 82 8 -87 -38 53 -37 -26 -38 66 71 -83 -83 34 -26 98 0 -59 -12 -94 80 52 9 -8 -38 -65 -9 46 72 -12 50 71 -92 -3 -20 -72 -90 -46 74 61 -39 -96 -54 19 85 -25 43 77 -16 78 65 0 -84 85 -36 -22 -27 13 -43 -29 -74 19 1 -54 -99 -84 -87 -46 -97 -79 69 -97 90 68 31 63 -17 -99 -54 27 23 58 65 40 66 19 35 -61 -100 50 -88 85 -16 -42 -80 -26 -53 -36 22 69 -56 -68 -77 27 -45 -59 33 79 48 56 -55 -30 -84 67 -91 -56 -63 -4 -22 93 98 63 87 38 -78 -67 30 -66 21 65 -57 -35 4 -2 61 80 11 24 0 -39 35 42 -81 -45 -66 28 -18 -27 -38 27 32 81 -44 43 81 11 -45 73 45 -46 -23 2 12 21 76 -75 39 -4 -93 15 -20 -28 -81 36 46 -24 24 59 73 -35 3 -4 -10 19 -16 86 -14 77 -1 -13 98 -32 54 -80 16 -29 -8 59 -88 -31 3 -86 44 42 29 -39 44 85 63 -62 -7 -27 -69 21 -87 -46 -91 -47 -98 51 75 28 39 35 95 85 -84 -90 87 20 15 99 -68 -15 89 38 50 35 29 -53 50 4 -71 41 -20 -1 -21 50 42 -15 96 -10 -35 81 -48 -62 -62 24 -74 -75 -48 4 21 -8 -4 90 -21 -72 -85 35 25 3 -33 -52 43 -44 76 13 24 -100 -28 12 -99 -12 93 76 99 56 -63 -32 -29 -86 -43 96 35 73 -48 10
-68 -13 74 92 13 74 31 53 -44 -31 -29 -5 59 10 -24 -36 -30 -96 24 93 -86 -78 18 12 26 -23 25 50 98 -77 17 12 -54 -35 -63 -10 -28 -10 -40 9 77 32 45 -1 53 96 38 -86 40 88 88 85 -55 -67 -36 -9 91 25 63 -26 55 12 -8 -86 -68 -12 -72 -20 35 0 -3 -87 -48 67 -62 -1 78 -63 53 -50 37 -40 4 13 -43 -63 -57 18 65 -78 -71 75 -7 21 35 -21 67 -3 -57 81 59 18 -77 -29 18 31 -86 81 -69 -53 49 -77 3 -72 69 53 -98 -60 26 28 78 -40 -46 20 2 -2 60 -40 -21 -81 22 -13 -11 48 -23 48 -80 -36 -63 64 -92 41 48 -32 -73 -2 74 69 29 99 23 -25 6 -61 -71 66 -49 -44 58 -76 33 -84 73 -1 42 27 -8 99 -64 -24 4 2 96 38 -43 -91 -5 -50 13 -82 89 -99 -15 -79 54 37 8 38 -24 26 -28 -4 -81 -57 -80 81 45 67 24 94 68 37 -27 -78 -31 48 -84 45 56 65 16 71 3 -76 -9 -33 -1 -91 -99 92 -18 53 -85 14 -59 -31 36 65 -18 -18 -5 18 78 -37 -88 -90 43 -20 -8 -88 -41 2 35 85 -19 -39 40 33 -12 4 -10 -27 52 3 55 -80 -70 -84 71 85 -12 -20 -25 71 74 -30 -14 -43 8 -50 -44 -31 -90 -25 -81 -19 -19 -94 -68 29 51 -56 -30 -87 68 -92 -75 18 47 7 64 -68 -74 -62 77 -59 89 85 -43 -13 -50 -24 -5 77 -35 40 -83 48 -28 -77 -49 -26 -74 -6 -78 88 -76 12 -41 -63 58 75 -5 21 0 -77 -98 91 -99 -20 91 -30 -15 -54 -30 97 -32 96 89 -37 21 69 34 -28 -36 -13 -74 -12 49 -44 59 94 43 31 -32 26 25 26 88 28 7 -5 -27 7 21 -34 96 -65 -45 -81 56 33 16 23 -32 -57 80 23 -18 -45 -48 -86 3 -76 -68 68 -78 -40 -8 90 27 0 -94 -71 -1 -76 -12 -86 68 4 -24 7 12 64 -3 39 14 14 85 6 54 -3 -8 21 -58 94 9 -68 -30 -13 30 81 77 68 -27 -89 54 97 -29 49 -8 16 -92 2 1 93 41 50 -96 -6 11 -26 -86 76 -58 4 67
46 11 83 78 76 13 -99 -27 -97 -55 -82 -41 65 -83 -69 -81 17 -69 81 -62 26 -49 -47 94 -45 -83 -20 -73 -45 -71 20 -84 73 -38 97 -77 -39 22 78 -52 34 84 -51 -55 70 19 57 1 -59 -13 -92 -5 -23 -29 -99 -78 47 -49 41 -1 25 72 2 -61 -19 -88 67 93 -45 73 -96 -15 22 -18 68 -66 100 53 47 11 -44 -87 19 76 -35 -1 89 53 69 81 13 -41 47 -60 4 -10 -75 35 14 87 -25 16 93 29 -53 -19 -59 76 -98 -54 -37 64 -64 -84 -91 20 -75 60 -96 56 30 -15 64 -89 86 -36 38 -84 -91 -21 -96 90 52 46 -36 77 -13 63 83 -2 -30 43 33 29 50 83 15 -46 -93 64 30 65 -69 -42 34 87 -38 -52 -87 -9 -3 -28 49 90 66 -73 -87 -40 -27 73 -84 -68 22 -25 -41 -83 -90 3 -28 29 58 42 -76 -46 -14 -12 -23 -56 41 -71 -93 -29 -99 22 38 -67 34 -16 10 80 -28 69 11 40 -19 -11 -93 37 -92 75 -31 94 20 1 78 59 61 86 64 -20 -11 -55 -46 -22 -88 -92 19 28 68 43 -8 45 -78 73 68 90 48 -31 13 22 -32 -54 -100 13 -13 -94 -34 -30 -25 59 -4 34 -98 -35 -95 -1 -92 -65 73 -18 11 99 -48 20 -28 46 -4 -89 -5 76 -92 25 -87 79 38 39 -20 14 55 83 59 -21 -23 66 -71 -39 -88 -4 13 -66 -81 -8 32 -86 88 -59 -48 50 -27 -52 49 42 -2 -98 36 82 49 55 87 75 -80 47 2 -75 -15 -97 25 -37 92 66 -34 -83 78 -52 59 9 92 -67 -88 12 -91 84 -21 40 -100 -11 -65 10 -19 -97 6 22 42 -4 8 67 -18 -31 77 -43 -17 -20 53 -61 -43 97 58 -41 53 -35 90 93 27 94 -70 -38 -1 -73 56 -25 55 35 74 -87 19 3 48 56 58 55 23 -87 -14 -8 99 21 -51 99 12 -23 48 -35 -9 53 -58 95 -20 -35 11 -96 19 75 9 -26 -5 95 -94 93 -88 -88 21 60 -43 -60 -5 59 -43 9 -73 5 -39 54 -61 -14 -68 83 -14 -51 74 -64 41 79 -90 -40 18 29 1 -34 -96 72 61 -24 31 -18 -68 -6 -27
-20 30 -91 -91 -94 -85 81 -80 28 -61 -79 8 51 -84 11 64 92 -65 75 -42 69 25 -79 -41 -37 39 52 56 -79 3 95 -25 -55 -34 -64 -19 21 82 -40 47 -19 37 -60 -96 1 30 37 27 -76 -31 44 41 -100 -83 -98 -67 15 15 16 73 -32 55 -11 -90 47 74 -75 3 70 85 78 56 -89 63 -86 29 -87 -10 -60 48 24 -73 -45 19 77 -100 20 -73 -34 11 -5 -7 99 -43 -36 -35 -55 79 -15 21 39 -90 33 76 36 -69 -97 91 -5 -9 -32 18 25 -9 79 35 -38 -2 11 63 -9 17 92 -12 4 -81 66 -52 -50 4 -45 84 -45 25 36 -33 -8 19 88 -9 -24 -64 89 -56 87 -93 44 92 -26 -72 24 -28 84 60 52 -87 38 9 -22 -99 71 -29 -96 56 -54 74 9 -14 -53 -10 76 -83 -91 8 -38 -75 27 -6 96 74 -60 33 97 -74 11 -13 85 -85 -93 -45 -70 -62 4 -85 50 69 75 99 84 16 36 47 19 67 55 -66 15 -82 23 -94 10 73 27 -45 -23 52 -14 -74 -11 81 -55 45 76 28 -58 -92 -61 -41 -58 77 -50 -59 -1 5 10 -89 30 55 11 -38 99 48 93 -49 -51 40 -61 27 45 87 71 -11 10 75 26 81 79 -46 37 -36 -90 -2 49 32 74 -84 -94 69 68 -75 -61 -20 -8 79 78 -12 -73 95 -97 26 -61 71 -2 -36 6 34 81 39 33 -10 72 0 76 -67 -100 -42 33 -37 85 99 47 12 -53 -99 12 -24 36 56 -89 18 33 96 25 78 -60 -24 47 -59 43 -83 46 83 -73 -70 -89 28 44 -78 77 -87 1 40 -90 49 -29 -55 -98 12 -14 11 -45 88 -20 -21 -13 25 43 50 19 49 8 43 -30 -47 61 98 -70 -31 26 -45 -64 -61 -56 86 22 -19 65 -28 -12 19 72 8 90 21 75 36 53 55 -79 52 -41 83 -95 17 -19 -71 56 36 -10 -4 37 -95 21 -14 -1 17 -59 99 54 47 -23 81 34 87 -93 93 -49 82 27 -34 60 28 -79 -18 53 85 84 0 -84 -65 -89 -38 -58 12 -93 7 -22 37 -2 81 85 5 40 -93 55 -11 9 100 29 -72 -1 84 100 16 -26 23 52
-45 -8 -77 14 -12 -71 68 65 22 71 20 3 98 -40 -91 42 -76 53 -65 -28 50 67 -38 13 34 -47 -44 16 24 -53 -35 -100 -73 15 -85 32 53 95 0 53 -87 80 -19 80 47 45 -92 -43 72 -7 1 38 -87 5 -30 39 -71 -84 -84 -39 56 -20 -11 -16 -58 -40 -40 92 71 -33 89 -21 22 -39 53 92 -32 -57 0 85 -82 55 -69 -35 20 32 28 40 -60 49 -55 74 29 5 -28 -20 -31 -55 75 -87 68 -66 85 -52 69 78 -49 -82 -10 34 51 -34 -44 -2 6 21 -65 -7 -90 -21 92 -41 -59 -57 -32 -76 -60 -2 -97 -5 38 85 53 96 32 -82 70 -99 51 8 -42 46 -56 -55 69 36 48 -52 91 -31 -92 22 -41 50 20 100 -23 -72 -26 45 -92 62 -26 -92 71 45 -60 2 -2 58 -35 -51 47 -78 -80 -66 -4 -14 32 58 68 -11 91 30 9 20 79 49 3 -9 39 -12 30 6 52 -53 -99 69 -7 66 -30 -24 73 -86 -82 -38 97 14 77 9 -71 13 88 -10 -8 -2 -75 33 54 -98 -94 -18 23 -3 45 92 57 4 4 -37 -89 -45 47 -54 -15 -12 -98 -79 87 21 -92 26 -31 38 -53 -41 -33 -52 73 -97 37 -69 34 -70 92 -44 -66 100 64 -29 -10 -3 54 71 78 -36 42 -41 -40 -37 -49 16 -23 -33 31 57 53 -84 -31 26 -20 88 57 100 -54 -26 -22 83 65 -34 -68 -94 17 -95 -35 48 98 -69 -41 12 -73 84 39 65 -20 14 67 -80 0 42 -97 -98 78 49 12 49 -29 -19 52 60 92 94 -7 3 8 93 -44 75 -42 -42 11 -85 77 -97 70 33 70 -74 -4 -42 -74 57 -87 -49 -1 2 44 -95 -69 75 86 6 59 73 55 -81 -69 26 -4 -72 33 3 6 -9 -88 -81 9 -78 57 61 -55 -76 -12 27 57 45 100 11 -52 -80 10 35 -11 93 -28 27 -77 91 45 18 24 -62 -35 -84 -45 26 -36 92 -90 -10 -61 -52 -28 85 31 11 28 -96 -28 -33 68 13 85 50 22 -17 60 -79 -14 -52 -46 -44 -52 -30 -40 -65 -99 -35 -25 -94 -34 76 57 -86 100 21 84 -35 -16 76 -55 -57 -96 -17 78 79 100
85 68 -12 -100 76 -59 -78 -8 19 42 -66 5 13 56 15 -73 85 -20 -24 1 -15 -36 -65 -36 -17 -84 43 -15 61 -31 62 80 -66 -10 -90 79 34 97 57 -78 -65 97 29 61 -54 -31 -5 -87 7 -59 20 -53 29 -97 78 8 27 -38 -63 -93 67 61 86 -79 -73 -71 33 82 6 -99 -40 35 88 53 -43 0 -35 29 -45 -76 61 -9 90 -60 32 18 -27 53 65 92 25 -92 -4 -82 -85 64 -60 -72 -63 79 -100 71 90 83 23 -50 8 84 20 67 14 0 -36 -45 -85 -30 95 14 -86 2 -63 -3 1 10 -88 69 56 40 -99 -79 15 78 -14 -70 49 26 -8 80 17 93 -86 -86 -99 22 -9 48 -76 82 7 -61 13 -79 -92 -79 -88 -89 -10 -53 55 87 -58 46 6 8 -90 -73 56 -25 36 -19 -55 -34 36 -54 70 74 -56 -21 -50 -88 70 96 40 63 21 -22 75 -22 -95 77 53 76 -48 99 12 -35 -100 30 72 71 52 -18 -23 -22 -77 22 65 -45 18 65 36 59 52 51 91 -88 -68 92 18 -23 -43 57 -41 -22 -48 -82 -30 71 -89 -77 -45 -93 56 51 -88 6 54 -53 -83 -58 85 -93 11 73 91 -88 -24 18 69 41 -5 14 -4 -97 -56 29 -91 78 58 -27 49 24 68 48 -75 56 -33 8 -70 -75 -13 56 -35 -90 62 97 -39 20 26 55 40 36 56 -75 57 72 22 71 -12 24 64 -72 -6 -81 60 62 65 97 76 78 21 20 -84 28 31 56 -74 -74 -73 -90 -17 98 86 88 93 45 57 63 -47 -12 51 76 -69 -25 -15 47 55 28 17 -85 -25 91 -5 67 -54 79 -27 -52 64 -26 -8 -22 -37 71 -1 46 73 -95 -28 -40 19 76 -62 33 20 36 54 44 -33 54 -75 19 -2 -99 -38 87 -5 -10 -3 -91 -20 58 100 -91 -29 65 54 69 -56 83 -30 72 -19 -88 70 -33 -11 -68 22 -5 -73 95 75 -63 48 75 95 -98 -62 -75 -20 88 -76 89 -23 -58 -9 24 -6 82 -48 21 48 72 4 -1 -55 63 93 -30 69 81 17 -94 -43 86 -16 -68 -74 -84 -72 92 -65 72 -1 54 94 59 -20 51 1 68 -64 89 -59 52 -90
30 -77 96 -61 90 -88 99 -3 59 35 96 -86 4 40 7 -81 42 -40 -99 32 25 18 72 -92 -64 6 35 94 33 -92 -5 -74 -63 24 -1 -87 94 33 -55 -10 21 -100 -61 12 -56 -42 76 36 60 89 -70 -80 35 43 -33 -40 -33 26 31 -59 79 59 -96 86 -49 91 -61 -26 -77 -51 -50 53 -92 -53 75 -37 -92 90 95 32 -10 -40 -49 97 85 28 -71 -42 48 93 99 -23 82 68 3 -5 12 76 88 -20 -79 -42 68 -6 68 -52 -10 3 -5 21 -86 -97 29 29 -27 -90 57 43 -44 66 -20 -4 -81 36 12 -69 -23 9 88 -41 -27 -91 100 46 -85 28 4 27 -44 -34 10 45 20 22 9 51 7 -8 86 84 43 -70 6 -99 -63 -36 -27 -67 76 -14 -96 -82 72 84 75 -92 17 -37 88 15 6 7 -68 -41 25 9 -4 -56 99 8 95 93 -61 -75 33 -97 49 -35 5 53 44 85 86 -88 -33 91 64 -85 -35 -92 -47 -64 22 67 -25 -39 -69 -100 -79 -41 51 -67 42 93 13 -70 58 -84 22 6 -21 70 29 90 -79 38 -11 61 -64 -13 81 -2 0 -89 -53 -81 30 -48 -28 59 -30 -91 -45 -81 1 50 -75 -14 -80 56 -100 -73 -88 79 8 51 -91 -2 -86 99 22 24 62 13 28 -60 74 9 79 53 -4 -18 -44 50 50 65 62 -67 -100 75 67 58 -27 -35 -72 -49 48 23 -85 51 -77 -21 59 63 -52 -39 -98 -82 -49 -9 49 4 -22 -56 44 64 -84 -55 54 -73 56 67 -13 68 -61 32 41 37 -71 -28 -61 -90 -62 -96 69 -13 54 4 -1 39 98 84 -47 -33 -60 11 26 -29 -79 92 35 25 -59 -49 -80 -19 56 83 34 83 66 30 97 -48 73 -5 -25 66 98 -32 73 47 35 31 85 -10 10 -77 59 47 12 73 -11 -19 2 84 78 -56 98 -8 21 67 -31 44 -24 35 82 53 -34 -55 -22 47 46 0 -10 3 -21 61 -56 -98 90 27 -47 45 -91 7 -5 -9 98 47 33 43 10 -19 -62 77 -9 -69 -64 21 31 -79 49 -68 -70 -77 59 -74 -62 -90 30 -77 -3 -10 82 50 -4 2 -32 64 -39 18 -50 -60 2 -64 6
-3 19 -29 -69 -90 10 28 -14 -87 -14 -11 -29 75 35 -10 94 82 86 28 -72 52 45 -78 -69 70 -52 87 -98 89 45 22 -17 76 -77 -98 -11 -21 -52 -90 37 5 23 68 27 -58 16 47 -91 62 -24 -76 28 -22 54 -9 -79 3 58 99 -91 65 30 27 58 54 -13 -4 -83 -39 49 9 -59 58 23 -73 98 -66 -41 -34 25 49 81 74 24 -8 -50 42 96 -99 77 -62 -75 72 -54 -69 -47 -41 -18 -44 -12 -88 -88 -99 -82 -10 11 75 17 -6 55 18 -80 -57 -6 90 -94 15 -56 72 49 99 -31 98 -12 30 -87 42 100 -30 15 -69 -88 0 16 -61 -96 53 77 64 -77 94 50 -56 -96 -38 -23 -43 -6 98 -17 -72 -73 -26 81 -58 26 -13 -3 55 80 -31 93 -14 -95 58 0 -37 -60 69 -16 24 -61 -42 52 -20 -53 -83 -15 -99 80 57 -20 -17 41 52 44 -94 -79 -26 -10 -46 -67 -5 70 -46 27 11 56 21 -80 17 -20 -83 97 65 100 45 -51 -19 -70 -45 32 18 -59 51 -65 99 51 30 79 -71 79 3 0 -22 -30 -36 19 -58 -24 7 22 -35 -45 46 15 -69 -71 -50 -20 -91 44 48 -18 -65 92 -60 -34 57 -81 -100 -87 80 62 -12 33 -5 57 -54 41 34 -5 -7 99 76 -53 -67 -83 -77 -7 -8 16 -7 50 -52 -14 27 -73 -2 -27 33 -70 40 -23 -30 -3 97 -59 20 100 -63 -63 -71 63 97 63 -44 46 24 72 -52 -38 -27 -81 58 95 -100 -39 4 -52 31 -17 -31 96 -1 87 84 -73 -53 -71 -48 -38 -13 63 5 52 40 14 49 -13 84 -48 -67 -46 14 91 -85 -26 43 72 -10 39 88 64 -57 -21 71 48 56 -56 -48 43 -90 8 -77 85 59 76 96 90 76 2 -29 -20 47 18 15 -77 86 79 -90 -14 -100 45 76 -84 -48 -17 -55 -18 31 78 -50 -96 -40 -69 -59 95 -30 -49 62 -55 -44 69 -61 63 98 88 -74 -12 -64 12 -45 -64 -73 22 9 -26 47 -32 54 -2 -75 65 62 -13 4 -35 38 -48 23 76 -71 59 96 -8 52 -68 -47 -90 0 20 16 -67 -27 84 -88 16 51 -43 86 22 -79 95 3 94 -20
-80 25 -87 -18 -37 40 93 -41 19 97 -27 44 62 -41 41 42 -70 -11 35 -22 0 -34 23 53 77 80 -72 59 24 22 25 74 24 -92 63 4 -62 -79 -57 26 36 84 -23 91 -93 -65 -74 59 -79 -32 90 -73 -47 -88 -92 15 -4 51 100 35 8 18 13 -7 -12 14 -45 -63 62 17 10 96 -33 -91 41 15 -48 21 -50 -52 -91 -25 11 -72 49 0 25 61 6 57 28 -62 86 92 9 35 78 84 11 -94 -29 63 83 31 -55 48 90 5 92 -61 -97 31 47 -69 -72 39 -24 59 -57 -96 53 3 -10 4 -30 47 -41 22 91 -63 1 65 8 -61 66 -74 -26 -67 -57 39 55 29 -10 39 -93 -81 -51 80 15 52 98 -21 19 -23 -98 -53 -26 80 -87 -34 2 -37 97 -49 93 75 -93 -4 48 -78 -7 65 11 3 90 49 -32 -56 -7 -17 19 80 -11 -51 -6 64 -85 -51 -36 -12 76 -100 69 34 31 76 64 34 65 98 96 83 44 -13 -97 14 -25 45 -82 -17 -33 -22 -70 -25 -84 7 -13 -84 -36 -7 -3 -31 59 20 17 10 8 12 -39 -18 -8 49 44 -57 3 -25 -28 73 1 -31 61 -18 2 -99 -50 -75 -24 -14 53 2 -41 -62 20 -73 35 -59 -60 42 66 -82 44 55 -83 39 35 -3 24 77 -4 -5 -83 -40 66 -2 -49 -23 -47 -84 -23 79 -55 75 25 35 -46 -2 -32 -35 -44 -32 -100 -59 2 -51 -37 -16 -46 33 -60 18 27 -42 -2 10 87 15 99 -41 -19 39 -21 73 86 -8 89 -38 -98 42 36 53 -47 -23 -14 99 29 -26 81 59 41 50 -93 24 -68 14 7 4 -52 -84 60 -100 20 87 -15 31 65 60 -63 -95 -57 -9 -22 -1 -10 88 -20 0 1 -20 94 37 -74 3 44 -11 42 1 -56 -11 -99 70 -35 -67 -26 -50 -6 -63 12 -99 -36 32 -70 -92 15 32 27 70 -11 -81 87 -45 29 -26 -51 39 83 -45 85 42 25 100 0 6 -36 90 57 37 29 -60 -46 -87 -18 -22 38 96 22 72 -40 -87 -73 60 -3 -66 64 94 -12 -39 -62 23 31 63 -90 -30 -62 -45 27 -59 -20 -63 -75 40 80 48 70 -45 -8 -43 -33
4 77 -51 -51 8 -65 -90 -17 13 75 23 -41 68 41 47 24 80 -33 -64 75 39 -55 30 100 80 -39 48 83 -57 73 10 5 31 1 -40 1 -18 30 -27 -13 87 -25 26 -1 -33 -81 51 -10 -85 41 -3 -69 -15 82 -66 91 -63 -2 63 22 -23 70 -13 -75 -86 -82 68 42 69 4 -59 -37 33 -52 39 60 30 30 52 -58 -71 80 90 -62 4 26 44 -87 -12 59 69 -67 -17 18 35 -99 -37 -52 25 9 71 34 -11 46 45 40 47 -6 -85 48 39 -18 -62 95 -61 -12 -21 71 80 64 -77 -64 15 95 -10 33 74 -92 85 -60 75 18 60 81 41 -44 100 -17 96 -74 -21 22 7 -39 53 52 2 66 71 -69 32 -74 -57 -34 57 88 45 -52 -49 -14 68 12 -46 14 67 24 -59 -13 77 -76 42 -15 -66 -24 79 -93 14 36 72 -51 -76 -59 92 22 67 70 -46 -53 -67 64 24 5 43 23 -4 15 -17 36 -29 -13 30 53 -28 2 -16 61 8 -16 98 67 -16 2 -54 62 48 -82 -94 39 13 -78 92 -86 37 -72 -9 65 31 45 94 68 29 92 -14 15 -78 99 5 48 53 -71 43 -52 86 -74 45 -54 -68 -50 -4 45 44 92 -67 -97 88 86 -15 93 30 46 88 -82 2 -31 -16 -48 98 -60 -55 85 4 -40 -79 -57 -53 63 -22 32 7 81 -88 82 95 -92 -35 -84 -93 51 -30 -9 -45 55 -66 87 83 67 52 -78 -1 -40 92 49 27 -6 100 -50 68 10 -84 26 55 -11 -4 20 40 -40 -18 35 -67 -87 -91 -80 -30 -92 11 36 -30 -91 87 11 -99 -24 -94 -54 64 54 92 -64 -74 -60 59 -66 -47 -4 38 82 1 30 29 23 -60 68 96 84 -29 -62 23 6 33 5 10 77 -9 14 -1 56 100 -26 42 -66 -65 70 -67 38 -25 -92 -24 -7 99 -74 -65 65 72 -18 71 -44 88 -19 -10 68 -81 -100 9 40 -5 98 58 6 79 -83 35 24 -44 -36 -99 5 33 -17 -12 -98 57 31 -57 -88 -27 19 -15 87 86 68 45 68 33 -69 -4 -52 86 40 55 -14 16 2 -36 -83 48 51 -23 90 91 -63 -58 21 31 19 -86 -29 -98
51 -80 3 23 6 -83 2 39 7 -80 -78 -56 57 -24 -87 9 42 0 -73 63 97 -51 22 3 -1 82 47 -55 -93 -56 -64 83 -36 -39 -98 94 -37 6 -8 76 -5 8 -67 73 34 82 97 -18 -26 -28 -58 4 89 -69 -40 -88 -22 -89 29 -76 -68 -59 -100 8 67 64 82 -82 -43 -86 48 -32 -37 25 -75 3 34 -70 -48 -56 65 46 -17 -52 14 12 11 84 73 -26 -95 -21 -97 95 -19 79 -6 15 -56 -85 87 -51 -43 -33 -78 -76 27 52 -73 -97 -56 -72 -49 58 -90 -21 -76 -60 55 26 -11 40 -51 87 -68 59 -44 -22 26 94 -65 -18 41 77 -5 21 -51 -70 -33 -98 -26 100 -48 51 -3 44 62 88 -6 53 89 60 -70 -13 -92 18 -8 56 -26 13 27 35 -65 7 39 -61 75 -43 -42 18 83 -59 28 -98 50 21 -95 -73 -43 91 3 98 -81 92 22 18 -45 -1 -59 -41 17 -10 -18 -38 -63 22 -21 -3 -16 54 -56 89 -10 52 6 -100 62 10 20 85 16 27 -20 11 -4 -30 5 -78 -36 -54 39 -89 -66 91 88 -22 39 -76 -80 -38 91 -1 -30 59 36 -83 93 -38 -30 -39 -87 -3 48 75 75 54 92 44 -19 22 -5 -94 -71 94 27 -84 58 63 8 72 -53 -50 -18 42 -7 -7 33 -80 68 54 3 -65 27 -87 -31 -4 -28 -92 89 -26 -82 -50 22 46 -68 88 -49 -11 -18 97 -43 -82 -71 -16 -77 69 -76 71 19 23 67 -99 91 -38 55 -63 -28 69 -6 74 -97 -50 -77 4 80 -45 32 -7 -41 -88 -42 34 18 -57 -64 -64 -78 -37 -16 -38 -96 79 38 -79 79 9 -100 -52 -64 87 -39 12 1 75 -61 65 -37 96 -90 -31 -68 76 34 50 33 -96 -84 49 89 99 81 1 -75 -26 -69 -23 94 43 16 -76 70 97 68 45 -48 42 80 -35 -20 31 -62 56 -25 -1 60 14 25 45 -53 -75 93 36 92 62 80 72 -59 -30 72 -20 8 94 68 -51 19 -60 -45 -1 -12 100 -71 88 55 24 -80 -61 16 64 80 -7 44 -100 62 -61 84 35 -47 14 -88 51 -30 -23 59 -26 38 -90 56 -54 67 3 -91 -86 49 10 0 -97 -48
-50 74 -90 66 -79 100 88 -22 -6 -19 -39 -86 -20 -46 -64 -51 49 -12 48 69 -41 11 34 -77 65 88 -2 81 73 63 52 -41 -69 -11 -100 -100 76 80 -59 37 -51 52 -92 81 44 -12 -99 6 45 66 1 -41 -75 23 10 7 -6 10 -19 58 86 33 -97 91 31 57 -46 99 -63 23 -2 5 75 -87 12 -29 48 -55 -98 -86 57 87 -24 -22 22 -76 64 3 -87 57 98 34 -23 -3 -83 79 73 -33 52 67 -61 63 -86 79 -22 -90 -15 -53 -32 25 92 -80 31 6 48 11 98 -35 42 51 85 87 -20 -39 97 -20 -9 -29 -55 -67 30 29 -98 11 97 -59 36 -51 69 47 -75 94 43 -30 100 -29 -17 71 -9 9 -27 -99 81 52 67 67 -41 -7 -78 -63 -11 55 42 12 74 -15 48 30 -56 -83 96 -95 -98 -47 -34 -68 -41 65 10 -99 86 -88 67 -38 28 79 25 61 99 59 -45 30 37 50 60 23 -71 34 71 69 34 -12 14 0 -15 -61 -48 50 -93 0 -21 60 -21 42 -65 -14 32 -97 75 75 -49 24 -85 -37 45 90 4 17 -25 -98 81 92 100 -77 -44 -82 -27 52 34 -7 60 -77 -87 -69 27 41 59 33 62 -87 -46 -82 4 31 -72 -43 18 32 57 -47 -100 26 -33 -18 46 43 -96 72 99 -93 36 2 30 -29 17 -79 -98 -10 -80 8 -36 -72 11 31 -66 48 10 42 -80 29 27 78 56 16 -88 94 63 33 52 -71 -28 78 -38 -82 -56 -98 -82 -17 47 -87 -87 -75 35 -30 97 -75 13 60 73 -76 -18 -45 -30 -47 -27 66 -48 -48 63 -32 20 58 -69 -15 87 73 -46 -26 -46 -65 -69 -18 30 -49 -42 67 94 -90 -53 -66 90 -86 -74 60 -95 43 -17 73 71 -99 -58 59 34 -52 24 -1 -34 -6 67 89 -14 -48 -8 -15 -29 -42 -92 -39 82 92 -64 79 13 -74 18 33 99 23 83 72 13 0 -1 -8 68 -45 41 -99 -32 45 -93 -35 79 44 -42 65 44 100 3 89 -1 -85 -14 -37 -43 2 -93 95 -48 49 57 50 96 51 78 99 61 1 -17 79 97 -97 10 -84 -53 -76 -98 73 85 -83 -49 72 -34 -59 -29 93 -43
35 -46 -67 49 53 9 -1 1 51 83 45 69 -66 -62 10 74 80 -23 2 19 81 47 40 -91 -58 50 11 32 -21 34 54 12 -29 -93 -40 1 -80 77 58 34 -77 -86 -22 26 94 -12 46 93 83 83 -51 76 -83 33 18 65 -13 2 -91 82 -57 -27 6 26 28 -19 49 69 68 -73 6 15 -8 -44 28 -60 -89 28 -22 -45 22 20 -8 92 34 3 -68 72 52 -2 5 -59 -88 63 52 -2 13 -65 78 -59 53 18 56 -79 9 79 -5 53 99 76 -37 93 -79 11 -68 -89 -40 -50 -11 9 99 -16 24 -52 -61 50 -63 29 23 69 -82 10 -44 -3 -95 -72 -87 -10 61 -69 -12 24 71 -50 -99 72 66 44 46 -29 -72 -67 46 -68 98 -14 37 -55 -56 37 44 68 -99 92 -36 -63 32 -16 -66 80 -75 -73 32 15 -77 38 -87 -89 44 -56 -45 -36 91 59 -86 98 -54 -99 40 14 -30 26 -51 91 -50 73 38 -3 76 83 20 -51 76 16 39 77 -53 -40 -18 17 -86 17 -38 22 30 13 36 48 -4 -14 -26 12 -5 17 46 -26 31 15 -44 90 -24 -33 -66 63 -68 14 -22 23 27 83 -70 -84 -8 90 -66 64 50 -48 -1 -94 50 -41 -15 11 -8 -9 58 -33 46 57 38 -44 -30 19 -83 -15 31 52 18 -97 49 -65 -63 -62 79 -5 -36 15 -31 -40 -30 -53 62 68 -19 -87 36 -54 -13 -9 -17 -34 -25 -95 32 28 46 66 63 -59 84 -89 35 -53 43 -52 -49 32 -9 -55 78 62 -50 95 -38 -59 30 -4 48 3 -76 59 0 39 -43 40 -45 -80 -6 -47 49 -13 57 43 42 11 71 -100 -63 76 -25 -48 -45 -70 -20 11 87 -31 26 -6 36 37 -33 85 -72 62 -79 -31 -62 -28 89 -87 29 21 69 91 61 -6 -51 12 -16 82 -84 -20 14 82 -43 1 -99 77 -31 14 -73 -70 88 -42 29 -76 65 76 -68 -48 69 20 -65 -34 -72 -77 -96 -46 -57 88 -32 -28 -97 69 53 4 -57 -3 25 96 20 19 -72 53 -76 -75 -18 20 44 -80 81 -62 -17 15 74 -27 -79 91 75 83 -85 -79 -99 52 -25 50 -81 -53 27 -96 -88 -12 66 -51 89
96 24 -69 -74 34 -71 -6 15 69 39 -12 90 -40 -34 -52 -7 80 73 70 10 57 69 67 88 13 -20 48 -48 12 55 18 -34 -43 -12 -36 90 61 -45 -90 -34 -41 -98 61 61 10 43 -65 51 -32 24 -75 -76 45 -54 99 3 -67 -87 88 20 74 -97 -61 -54 18 41 90 -87 -60 91 -44 82 96 85 -32 -73 14 70 66 18 45 -28 11 57 30 80 54 -98 49 -65 92 55 -8 97 -74 94 70 11 -64 -93 -100 -13 -21 20 64 74 27 82 -77 74 -52 -93 -81 -47 -70 -70 -90 52 -89 73 -68 -48 64 -30 -2 35 46 54 -57 -64 -78 -83 -39 33 -46 37 -59 -96 -60 74 -14 68 9 -45 68 88 92 -76 -75 26 28 -26 -54 -20 -34 -56 46 -28 -17 43 -87 27 -9 78 51 -81 -91 -93 -79 -42 24 82 48 55 -99 12 -17 35 -84 12 94 93 -47 -63 5 -59 -68 -19 -91 -20 97 -79 -64 -35 -92 -36 -61 90 36 -32 77 76 -29 -93 47 -26 -21 39 22 41 4 -38 56 14 40 -88 35 -45 -5 -88 47 -63 -39 27 25 26 -72 -84 -40 89 -50 -44 -100 61 49 -71 -19 -50 67 47 31 -17 -61 34 -47 21 -11 3 -31 55 -49 16 -61 54 -85 6 -70 -55 33 -60 -99 -49 33 59 -82 50 79 -76 87 -25 -39 80 -82 50 -45 -67 29 -8 -40 11 69 -51 -100 -33 42 -34 -74 -89 66 74 -97 73 11 48 92 -53 26 -29 71 70 40 -32 34 -57 29 -6 -28 89 -74 -6 -47 88 36 23 65 -25 87 -92 64 -19 -91 -29 2 24 51 4 99 0 -60 -81 39 99 -66 -56 -77 64 41 -15 18 11 -64 -15 -73 -99 23 87 59 36 -53 78 -52 -83 29 -76 61 -1 54 -79 -44 -40 23 96 70 59 64 37 6 -69 30 42 -17 94 -82 -92 -16 25 -2 20 -2 65 -47 76 88 74 -86 -13 -65 -97 -50 -73 -43 79 -49 -27 -19 -78 67 -63 61 62 63 80 -88 68 58 60 -5 -53 2 39 -72 -61 21 -71 98 55 -42 -22 -81 -30 -67 -42 100 0 76 75 52 28 67 27 99 20 -31 -8 -79 -51 -43 -52 -50 -55 -53 -59 -42 -34 -61 24 -11
-72 -99 78 -78 53 -13 -57 -96 22 -8 -84 15 76 41 -74 73 -38 40 0 -85 -48 96 22 80 -45 -59 94 -23 -55 3 43 -17 -27 30 -25 -16 5 -24 -47 -80 -86 14 23 61 -45 -82 -54 -18 -69 -74 5 31 -93 28 63 84 -73 -95 -86 -40 -83 18 99 90 -39 86 -38 38 -58 -33 95 -6 -92 -6 -13 -67 95 -33 27 48 -72 -10 15 -69 99 -41 -1 89 68 -85 89 -9 27 19 40 84 -77 63 -10 16 -5 -74 -93 -78 21 76 -65 -12 -7 48 -36 6 75 -79 -52 42 52 -89 28 0 41 -11 31 59 48 95 -13 -61 97 -87 -62 4 32 -41 -34 100 -14 97 47 4 62 -85 -24 -50 -64 82 68 -66 -63 -1 39 89 41 74 -50 29 41 33 81 -11 84 -18 -62 71 -76 16 -49 -44 -54 12 45 -74 59 -40 66 73 22 -33 84 -5 -67 -75 64 -40 -54 84 -55 -80 -33 68 99 -47 15 43 -23 -64 -76 -59 14 67 50 -16 -77 -91 -6 52 97 -27 -90 -20 58 -81 19 -6 -28 -6 11 20 89 86 -99 -46 -93 59 -18 82 -78 -17 48 13 -21 -82 80 59 -94 26 36 46 52 33 -77 43 49 -85 18 -70 -31 81 32 -67 -77 -19 -8 -56 -16 -8 95 -40 44 33 -84 -7 -47 38 -66 -98 7 67 -6 -75 -52 86 -65 -24 -85 76 34 -50 66 57 94 -96 -85 -4 -85 84 -7 17 66 -21 67 74 60 -42 -75 63 56 76 97 -49 24 11 -44 74 63 -21 52 -29 -6 66 -17 7 95 -99 -85 49 24 34 40 -14 -13 0 -31 84 -14 -82 99 37 80 -27 91 1 13 43 -86 -26 -43 -15 -97 0 -30 87 57 34 -16 -15 39 68 71 23 -85 0 -74 -68 -74 93 98 48 37 -13 41 -12 30 -26 -97 -23 -54 11 89 35 22 -51 91 -87 -83 27 -91 -61 40 22 16 9 52 -7 -95 39 -86 -60 49 -44 -78 84 31 -12 44 -29 12 39 -45 20 -8 31 -48 -7 -38 93 0 28 65 60 89 -32 -38 96 8 -62 74 89 -79 9 91 100 1 -77 83 -20 90 26 18 55 86 13 39 -96 63 90 75 79 92 69 63 60 4 -43 -51 65 12
-37 -16 1 26 5 0 -93 63 6 -65 -19 30 -41 -35 16 56 -99 -62 -8 -37 4 49 -27 17 -30 65 89 -91 1 -100 -49 -39 55 46 -89 40 -95 14 -74 -32 -32 52 0 -6 -98 99 -50 19 -86 -94 38 -68 -14 -65 -9 -83 73 19 68 -22 8 52 -92 -48 98 2 12 40 28 23 -68 -33 -1 -11 -45 6 -60 -17 -70 18 91 -76 90 3 22 -73 64 83 -11 13 -12 -53 -4 38 95 -59 36 -40 4 -74 35 -47 41 28 -72 -85 21 51 -25 -2 -46 -7 39 54 8 58 80 -49 -14 -6 -45 4 5 -82 -55 -56 -76 63 60 -73 7 -95 56 21 3 -50 14 18 42 -68 -66 -98 -15 65 30 -89 78 6 -23 31 -17 -34 38 -53 72 -96 27 26 -43 4 81 -68 -9 -73 -64 23 15 -24 14 -61 -15 44 53 -97 20 87 89 -7 -100 -17 45 46 94 37 68 15 -95 34 -92 31 -39 -67 77 21 -42 -24 -1 94 91 -13 0 -85 15 -62 12 7 -63 38 -10 12 -71 13 67 55 47 -24 23 -87 33 -28 -2 9 -93 -27 79 -64 -12 -32 -7 -38 -54 -31 91 -24 -82 0 76 52 0 58 33 5 -89 18 -22 25 43 79 88 56 -12 -11 -87 88 71 -34 -43 -72 -58 -89 -50 71 -54 -23 43 -63 -49 -27 78 -94 -27 77 -80 -56 47 -11 56 -40 -94 -96 13 -15 -30 -33 -27 24 -62 11 29 -56 -27 95 44 -11 43 37 -24 23 -44 41 91 -34 33 7 -19 5 -36 -30 -94 5 -76 -90 60 -7 87 56 -74 -70 19 -96 -28 13 3 -80 69 -65 -10 -64 -23 -69 -32 -44 -52 88 69 24 9 -60 -59 52 -86 83 -6 7 20 67 10 39 8 -70 87 1 -15 44 -16 20 -91 -86 -16 25 56 -74 -72 -88 -27 61 -73 -33 19 17 75 64 75 83 62 55 37 -94 65 -31 -6 -94 -71 -74 -42 61 51 -18 11 -51 4 51 3 -84 -47 -10 -81 43 68 47 -24 -49 12 -19 14 -5 13 79 96 23 -82 -74 -69 12 -59 76 -70 65 -76 65 10 -98 -84 2 -73 -95 29 62 -84 -63 -40 14 -99 -93 20 -62 -61 -48 -14 -71 -30 -22 88 80 -19 -37 14
64 60 77 -55 -53 -38 -3 -87 -95 29 16 82 -16 41 -23 75 93 -61 63 -94 -30 35 65 39 -94 -81 -76 -31 86 83 13 18 75 -15 63 -60 -26 -88 82 -17 33 -3 88 -92 16 42 61 -13 -45 -43 8 -3 -23 -37 -67 -36 72 -80 36 23 14 -62 -49 51 48 -55 8 -23 43 14 56 70 18 -14 -5 -27 45 21 70 -49 -76 79 -26 12 -50 -74 63 83 -17 -71 -26 -59 -41 -47 83 88 79 93 -23 71 14 -58 -40 -56 -77 -29 14 -73 98 -90 10 88 91 -95 -15 -85 -77 39 -89 -92 -6 -46 -23 37 8 -22 81 82 -37 30 86 -87 -46 -78 -24 56 -48 69 -11 -96 -29 14 -15 5 -23 -53 -44 74 86 21 35 66 69 20 91 -84 -89 86 35 -22 3 72 -24 -99 56 30 8 -66 2 50 94 -60 90 -12 25 24 30 100 14 -67 67 18 -59 -91 9 14 -17 18 -2 75 -67 -3 71 35 -26 -14 96 -89 -4 57 4 -95 -2 38 -47 74 -28 -62 -2 36 -83 -24 -56 -51 53 43 94 75 -28 89 31 -1 -13 -24 -96 91 54 66 47 -39 -97 41 -88 -36 -87 -91 96 -47 -83 47 69 -54 87 -72 89 34 -91 -8 74 95 85 100 -66 43 78 -43 -25 31 -69 21 -29 -61 -85 -90 -21 -67 33 -15 -33 -42 33 -32 -36 -20 -44 -8 -23 -81 42 -49 30 -20 63 70 -20 -27 13 58 -3 -61 62 55 -5 10 63 -6 -85 -71 -72 -25 -95 20 -56 28 43 -46 -18 -12 -77 -89 45 -26 -9 79 21 -67 3 -55 -98 -4 -43 -33 59 37 87 -61 -49 6 80 -68 -75 9 -77 -84 26 -79 81 -61 77 78 42 -93 -68 -18 -24 35 79 87 32 70 -21 -31 -81 -76 85 -58 -40 -19 38 -55 -42 -30 -91 26 -84 -15 -61 -45 -92 -54 54 -60 7 -55 -61 43 -47 -92 -37 -62 2 80 1 -88 30 -64 -45 -61 -93 -3 32 2 -41 -66 15 -74 -40 -89 47 -79 57 -90 99 25 2 -92 25 95 92 56 -92 -24 18 -33 -62 -46 23 -66 -4 -70 -73 100 91 -24 -30 100 -65 -94 0 -69 -51 58 -38 -11 -83 28 3 11 46 -30 75 12 46 31 -26 -82 -26
-39 57 80 15 73 -55 -86 34 7 -49 67 -46 -91 -29 -5 -34 -42 94 7 31 -34 56 3 -25 61 92 66 -67 -95 79 26 -77 39 -57 3 -46 -83 -49 78 0 -13 -4 -7 13 -9 15 -2 -33 18 -8 -57 -1 -87 -77 96 -26 30 -62 -49 -72 -29 -42 50 39 8 -19 8 68 -64 -19 -68 74 97 17 70 53 -3 63 22 34 -38 59 51 19 40 -36 100 54 -88 60 61 -7 87 31 18 -97 -66 32 40 -30 87 59 49 -47 -26 88 94 -9 -68 -1 16 -16 -50 -68 -73 16 20 -33 -2 -40 -74 12 -99 -13 39 85 93 -81 33 75 -20 46 36 -17 30 7 -84 4 -34 5 -16 28 -59 42 -8 8 -55 -40 96 -4 41 -57 91 66 51 22 61 34 -93 -1 -46 -65 44 -72 59 -61 -84 -99 99 -80 -4 20 -63 -95 80 63 -51 -58 -71 13 -19 25 -91 53 -39 -87 52 -36 -94 33 -95 24 38 -94 92 65 64 18 -40 -24 11 -58 88 -69 16 -33 -21 -16 -93 73 -9 84 17 10 -34 -13 30 -33 -31 -7 -77 35 -100 -54 -41 75 87 95 56 45 95 -51 -37 79 7 -34 15 -50 62 45 -27 43 87 0 49 -93 61 -10 47 59 -44 -69 46 -81 66 -81 84 100 -66 88 43 79 29 100 96 32 -30 98 -3 75 -91 -96 -44 -91 -35 24 99 -20 34 56 -86 8 -21 -92 44 -17 68 22 -97 75 97 62 -94 -73 -77 -83 90 -35 -54 80 25 15 -95 11 -42 14 20 -92 34 -73 -38 -8 23 -24 4 55 -24 29 -30 76 40 -67 -54 86 60 -38 29 28 -48 -15 -11 -46 61 -6 3 89 41 3 55 -50 12 -30 -96 -21 -13 -16 -66 -3 -7 -94 13 53 32 -55 12 -82 -40 43 -4 -35 -89 11 0 -27 -63 7 82 -68 70 -30 85 -96 23 -24 -43 -80 4 -80 22 -30 98 -55 -92 91 -22 -44 -39 68 71 46 10 56 -81 -56 50 11 -46 -86 18 7 -30 42 -34 67 42 86 -14 -92 24 -75 10 49 -68 24 68 26 18 -89 -79 -55 -95 49 55 23 -71 75 53 19 -17 75 -96 10 -83 -56 92 -63 -92 3 -81 -41 88 80 -53 24 -44 80 -45
-97 11 81 -77 26 88 -79 59 -11 -76 27 -66 -47 23 -51 -41 9 -76 90 -99 57 -73 -96 29 -44 26 81 -62 95 5 -69 42 37 81 11 24 28 -1 16 -4 -73 -47 -67 -34 -13 -41 98 -98 44 -79 -91 -80 27 -97 90 -94 -29 -60 100 -26 84 -34 -59 38 99 -12 -11 18 -92 58 94 -34 72 31 -46 -35 22 -35 19 43 69 84 -29 39 -57 34 -67 -51 47 -13 17 20 -25 -39 -20 -90 -23 -89 -3 27 97 -63 11 -50 -24 47 75 -73 -81 45 83 70 -34 -22 -33 87 85 -46 -5 -77 6 -87 -94 70 57 89 -92 -99 21 -11 -39 81 51 70 -83 31 36 47 46 -4 -44 -93 69 -8 81 44 94 85 14 -1 -67 -96 -36 50 2 92 98 -68 66 -89 49 44 38 -48 -81 -48 -24 31 94 61 -93 -49 -12 26 -87 -71 -43 -94 32 -86 -32 -86 -67 10 86 60 -10 -71 1 91 58 -7 42 44 32 -57 64 -7 -46 89 -6 70 -81 -45 36 70 -68 13 -83 -71 3 -2 61 -55 -59 31 93 8 -3 -56 -5 90 -18 -59 -40 24 -12 -71 37 37 56 70 43 -13 29 45 39 100 5 -19 -100 -49 94 11 22 87 80 -26 33 -92 40 -26 -13 23 -37 -51 1 -17 -23 37 -52 81 87 -28 0 95 17 41 63 -94 -10 81 50 -84 13 -86 21 44 -31 -94 -17 -44 -39 75 98 11 -72 -64 7 -36 -88 -86 -37 -83 50 86 47 -24 11 42 68 -30 56 85 -92 58 -62 -38 17 58 75 -56 -75 22 81 37 47 -28 -50 61 -56 -99 -23 2 -38 76 43 -95 15 -14 14 6 -61 47 -8 84 -41 -17 -63 57 37 -74 15 -74 -49 -83 42 -60 40 -26 -83 -94 -80 80 80 -67 -59 -29 -14 92 84 -65 -84 -92 -7 -3 -26 93 50 72 48 65 22 -93 -61 0 29 58 -40 -10 39 -95 -41 -19 -53 -59 94 38 12 -35 -37 41 34 -64 62 -21 51 94 -11 91 53 71 94 -18 -55 36 -12 -39 28 -24 55 48 -99 -1 26 -86 55 59 38 10 -30 85 -98 -96 -16 -99 -35 94 -10 32 -25 52 -75 -84 -29 94 59 -20 42 -96 -87 91 76 33 -38 10 -39
-4 50 -86 -57 -52 57 88 12 -100 52 6 -35 71 38 -94 -11 5 -77 9 -52 17 -19 93 35 -11 72 14 -18 88 33 -74 14 -89 26 -80 99 40 34 17 -49 45 45 11 -38 -12 56 -30 -68 81 31 13 30 -96 -63 80 98 -83 25 -89 14 -65 100 -29 73 53 -82 -10 -99 -82 61 8 -35 -72 99 -65 77 3 55 70 79 -30 -75 -71 -78 -36 -51 -89 58 49 79 4 43 -76 18 -41 65 41 -73 62 0 -11 -73 -69 13 -34 -4 73 -18 -95 0 94 25 -21 -1 89 -53 -78 56 95 36 -68 17 -80 33 -97 -41 -77 9 87 33 0 88 61 -25 78 -46 -75 84 76 73 51 -8 -2 96 0 -45 11 -81 96 33 -82 88 -85 -43 -69 66 19 -55 71 42 -44 -85 -57 74 15 -72 0 -84 30 -13 -39 -63 -68 -67 -8 26 -79 -85 -20 -48 88 -44 8 -27 -24 84 58 42 -87 44 -6 -55 87 9 -9 15 -76 -3 -1 80 -63 -60 -59 -100 98 -94 90 18 74 34 -43 0 18 -6 -4 -19 -74 -68 8 92 -48 -38 17 7 -33 -69 -91 -45 41 93 95 -67 9 -72 -69 98 -33 -2 -72 -74 -25 -45 68 48 66 100 54 -33 -76 48 -87 -18 6 70 56 -40 -30 -79 30 88 44 94 29 48 19 -6 -95 89 98 -27 -64 76 -69 -26 51 55 77 -8 59 54 -82 -33 -35 -24 9 1 59 17 90 -62 36 16 70 -59 55 38 -11 42 1 62 6 -69 -55 0 -82 58 -91 -85 -32 -38 -1 18 84 47 10 -55 65 48 99 14 -44 -32 -9 21 17 -44 -94 9 -27 -18 53 11 -59 6 33 9 -98 99 52 -46 -5 -23 76 -20 49 18 31 -23 -23 -6 61 -18 74 -52 -98 -43 -54 -85 57 -14 -82 -56 -34 -25 -8 36 -98 -71 -19 -14 29 -3 66 -26 43 -53 -34 -4 -89 -49 52 -93 -38 -64 76 69 -100 48 -24 0 -97 -93 -98 -69 84 -84 35 11 47 -72 -100 -17 36 -38 -98 -87 79 -5 98 82 15 -68 -84 -85 96 -1 36 93 31 83 -12 64 -46 -76 -18 0 -47 74 -23 -41 -26 -30 67 -3 22 98 -10 28 -83 -26 47 10 -3 49 28 -30 42
44 -42 9 -61 -31 -17 57 -18 -98 -68 19 -19 -66 -7 58 50 58 -21 -69 15 37 -68 54 99 62 -46 -17 0 -98 62 -2 30 55 -86 23 -87 49 -75 -10 -99 -14 -1 -81 -64 -54 -34 64 99 17 99 85 -21 -56 -21 64 -82 71 69 17 -86 25 51 49 36 54 -45 -48 -42 92 -93 -18 -10 91 27 82 23 9 -55 -9 98 31 -38 -49 6 -10 54 28 -46 -52 -73 -44 -68 62 -17 -79 26 77 -52 -85 -37 79 42 6 63 14 -59 25 2 100 -27 51 56 63 -82 -72 -31 65 13 45 30 -31 76 -8 15 11 -77 31 46 69 35 57 -34 51 84 0 -41 -84 20 35 -68 77 88 -22 -96 -59 81 -84 80 -94 0 38 -6 -33 76 -17 14 -90 -21 -83 90 37 51 47 3 -55 45 64 61 29 -79 67 -45 8 87 -42 84 85 77 -74 49 -11 -93 89 72 -23 -43 -75 -100 97 -27 -6 -7 -78 -82 71 -44 54 -84 67 18 -8 -7 20 -15 12 49 -17 -36 -95 70 -39 94 -97 -55 62 -10 -24 -34 45 -73 78 -81 65 60 -12 -3 47 20 8 -22 41 57 -32 15 4 48 75 71 -41 -35 2 25 61 14 -1 15 -86 -55 42 -24 26 -34 -78 58 -21 -79 66 -54 -16 -29 68 31 60 -75 27 -98 35 -60 36 -21 -47 -32 86 -25 -9 18 -17 -14 39 4 -28 45 -7 60 63 -88 -5 -47 -95 58 20 -4 25 -81 -91 98 -25 -73 -31 57 96 -43 -77 37 -72 -42 -10 -3 54 98 37 53 88 -7 -93 -1 -8 -84 -34 40 -82 -54 -36 28 49 -74 -48 -20 46 55 -43 -12 23 -2 -63 -68 45 9 47 71 86 77 39 -11 39 3 -22 24 -86 -88 21 -55 -45 19 48 35 -10 99 -64 -22 58 31 9 -4 -90 98 -92 -65 -10 24 -60 -1 2 -78 -22 -61 73 10 -31 -78 -94 34 -75 -5 -98 -67 -17 52 94 25 34 79 61 -65 86 -58 5 38 91 -44 -30 22 40 -68 37 37 59 -89 -94 41 -31 -16 16 62 -44 -12 -36 -5 54 -57 -32 96 -18 -66 53 1 52 66 -75 -6 -56 26 88 34 56 81 74 -13 74 57 -73 81 20 44 5 -31 -38
-19 13 55 12 32 20 24 -59 71 91 25 54 -28 75 -15 52 57 44 1 73 -54 -29 99 -7 75 -51 -30 63 -53 43 -26 63 75 39 -62 -93 -15 -75 -94 34 92 -82 73 -47 14 47 54 64 -68 -25 -65 25 96 -23 -30 -4 98 53 54 41 49 26 -50 100 -72 4 41 35 -98 -72 -59 60 -93 -59 12 -96 86 60 67 64 -88 -15 -27 73 -22 33 10 4 21 -48 -50 -74 6 -60 -63 -23 77 -74 100 -80 88 45 -66 -40 -68 -73 -73 -49 63 85 -25 23 -12 1 -17 -1 50 -79 -49 95 81 24 40 11 9 40 25 28 2 -46 -19 -73 -20 77 15 17 19 52 57 -55 -78 74 -74 -16 20 71 31 -18 -99 12 69 -47 95 -70 31 50 -46 53 -96 -30 22 -21 -90 67 -5 0 18 -78 -77 -53 -83 12 81 -73 -38 40 32 -85 62 74 84 29 -8 78 -78 -97 -60 97 38 16 -95 75 -12 13 -14 87 6 62 17 49 66 -96 -94 -63 -15 51 -23 -70 -4 13 -70 34 -75 11 96 -30 6 -14 -50 -39 -43 44 -65 0 -81 -37 -57 -25 37 18 -21 30 66 -42 -7 -78 74 -20 -45 73 15 56 -79 -57 -91 -54 86 25 -56 84 12 63 93 35 38 83 -43 -87 -34 -34 49 34 100 -58 -14 33 -100 -13 -62 -81 -3 58 -100 38 -13 -16 -5 -96 66 60 -19 18 58 53 -30 68 20 48 28 4 -24 84 -34 -17 -39 64 71 81 -76 66 21 -100 -95 45 -60 -70 69 25 -83 87 100 60 -4 -56 -72 -76 91 -28 66 66 56 -70 -45 82 78 47 -58 -14 91 -4 67 -79 65 -46 30 81 84 92 3 27 53 -99 100 39 94 65 -35 86 40 -98 72 -50 46 53 -4 -41 64 21 -24 -14 -4 24 -50 -3 4 -43 48 86 -55 10 54 -5 -4 -70 -67 -93 18 3 -91 -3 73 -22 41 -65 72 97 -93 -86 -60 28 -9 23 -91 -1 -63 -62 -72 0 6 90 13 0 -43 67 -14 93 61 -73 -67 40 -45 -95 8 -89 46 33 90 -19 98 44 19 -10 44 28 8 9 100 -84 -20 51 59 -78 -84 -58 -34 -58 -49 10 69 -97 59 -18 -81 30 76 -21 71
94 90 30 16 -16 -46 -38 85 25 -27 3 91 37 45 -94 -50 99 -30 74 -86 83 -42 6 30 -1 -34 31 -89 -98 55 10 2 9 -67 12 60 42 32 -84 -53 -40 -91 -21 84 51 -48 38 29 14 -22 44 -13 78 23 -97 -80 63 -59 -31 98 87 -35 4 -96 6 3 99 28 -89 53 93 -34 95 28 -83 -21 59 -95 30 16 -39 63 -30 -84 -31 -24 84 -59 24 98 26 40 23 49 43 49 8 -43 22 40 48 77 16 37 -61 79 -26 -90 -33 0 -61 93 -78 -37 84 18 -96 -88 -13 33 -60 69 5 -30 10 -38 -97 53 93 -65 51 97 45 73 25 98 73 31 -57 31 -7 -67 -33 26 94 35 90 -28 -55 -10 17 71 -9 -56 95 56 -33 -34 89 -70 95 4 51 -61 53 12 48 78 -67 1 -74 21 47 -50 0 31 -4 61 67 64 -3 66 -59 -31 -9 73 89 -64 85 55 -50 61 94 -56 17 -18 41 36 30 -77 -3 -94 -6 4 49 75 76 -94 90 -29 82 33 -64 -67 -35 -86 -5 22 75 2 -41 -18 7 -52 11 21 -69 -60 -39 -80 71 -9 -6 62 -3 79 -1 92 100 -22 -38 17 -3 -97 49 46 30 42 45 -46 -74 72 40 -12 31 58 7 -17 -45 67 -35 -47 -31 -56 -94 -71 -77 100 -55 -18 -67 98 12 -64 75 -71 -23 -16 -43 99 -77 -57 65 -56 -20 16 -77 -18 -11 9 70 -6 59 -45 -55 35 -36 -51 42 71 -86 10 -39 -54 -43 8 -65 -16 -73 52 -1 26 -28 19 87 70 -16 -52 -79 -43 -41 88 69 -51 45 -14 -6 10 -34 -25 -77 -57 -49 -7 17 -48 -95 -1 -85 90 52 99 -47 35 89 -44 -5 -2 97 -11 13 -85 56 -81 -5 45 52 6 -89 78 11 17 57 -5 47 29 46 -33 68 56 63 -59 93 43 -80 31 -46 64 96 -78 18 -11 -94 32 -29 71 12 65 -59 -80 -25 -37 -91 1 81 -74 65 -81 30 45 -63 34 16 -11 -98 -72 -60 99 35 -63 -19 -56 84 9 -51 52 -28 54 92 38 84 11 -5 76 29 -61 82 -20 10 70 -7 -18 -100 -74 57 65 -80 59 97 45 -74 -85 89 52 53 -65 60
97 22 15 1 -9 33 -71 -61 52 4 18 -34 83 -90 72 -38 97 66 -51 -44 23 -95 -93 -79 -67 -42 -18 74 -57 32 -83 19 -83 33 68 58 100 -84 68 -88 88 -18 -3 66 -46 -92 -45 -41 47 21 -43 93 -42 -76 4 13 67 -77 62 -82 81 64 -42 -48 -13 -2 -85 2 14 39 -18 -42 -57 -48 -69 -41 78 13 -74 -8 1 -33 87 -15 -21 46 99 21 -3 61 -26 -74 -53 76 -12 85 -61 62 -84 28 39 -20 70 -12 -86 -83 -91 -96 94 77 -77 -52 -42 98 -86 -41 92 10 74 56 -12 23 97 29 -7 52 44 -69 -62 -75 12 -53 -85 -67 70 15 96 -15 67 -5 -40 0 -7 -71 -93 28 76 74 12 35 13 48 10 -35 54 88 47 44 -17 17 -49 56 98 6 -9 59 47 85 27 94 -50 -90 -59 41 55 -36 48 29 -86 -13 -8 66 18 24 85 65 -94 -94 -93 95 26 88 77 68 4 -25 59 45 -36 34 -58 16 62 58 -89 20 -83 66 -76 9 91 58 -79 -22 39 92 -88 -16 53 68 81 87 -31 67 -96 -91 -24 85 41 32 64 84 95 75 63 91 71 -75 48 73 -31 58 9 53 -60 21 -15 -81 -23 77 25 -33 16 -7 10 -2 -5 -72 1 -35 14 89 93 97 70 87 93 39 -54 -80 -3 77 -38 -46 12 34 -17 41 93 39 92 77 70 78 62 -63 76 45 39 48 -21 -61 -67 -11 43 -12 77 -50 -84 -55 -73 -65 -68 -63 -65 -56 -76 -76 52 -15 83 -42 -69 -62 -54 -32 -97 30 -18 -76 -61 12 86 22 44 -73 42 48 -13 53 4 54 -12 21 -67 64 -3 21 -3 -45 16 -89 50 84 44 -12 -27 12 40 55 77 -78 57 26 67 44 87 100 12 9 -75 75 -12 54 63 69 -68 -33 94 -74 -16 -3 16 12 -95 -5 32 -26 -56 61 -12 -25 -66 -87 22 18 86 -39 43 39 -24 -97 -82 9 21 39 -22 6 32 -83 46 -43 15 87 -18 78 79 -84 -56 98 -10 62 -24 82 -82 -48 -68 -75 -62 84 -30 4 100 -73 -1 -2 62 92 -78 54 57 -66 -57 14 22 80 83 -86 48 -6 19 -96 -18 14 34 -22 -60
93 63 -72 -93 -85 20 73 1 -58 33 9 -7 76 3 -31 62 -41 -11 86 -85 -44 76 72 -1 44 -4 -13 52 6 -84 52 -94 -90 86 87 98 79 -84 59 12 47 14 -3 -52 16 19 48 54 85 81 94 45 3 81 -56 -36 -22 50 -99 74 94 9 47 -18 -36 61 36 63 -85 95 -20 -11 -14 52 1 66 -96 -98 33 44 66 55 -49 26 96 -20 74 94 -66 -38 -31 -84 -26 75 96 -54 65 20 83 93 95 -40 -55 -89 -29 70 14 -4 48 53 32 46 91 -84 76 60 -24 64 100 -29 -4 -71 -81 -12 48 79 -86 -15 25 -100 -30 -29 82 11 -89 -51 -49 19 -2 73 -73 -48 -69 18 -70 -41 4 3 61 -3 -26 -89 -20 -16 -54 5 -75 -12 -61 28 82 40 -4 -53 -59 -35 11 -94 -23 -64 99 -32 -98 -19 -66 11 -2 -42 26 -85 -24 -17 43 6 -8 2 -52 -8 62 83 33 -48 94 72 -95 3 -78 82 -36 98 -1 5 97 -3 12 -76 -8 -25 -80 81 42 -4 -52 -62 -57 -75 -95 -13 -78 73 33 91 58 88 -73 -90 14 46 53 5 12 -59 78 -4 -56 -34 6 -59 42 13 -70 -10 27 -12 -83 -2 -52 6 -71 9 75 -69 53 -91 -93 -32 -87 -89 -14 18 37 -18 -35 38 -71 -20 -28 -63 -5 42 -51 18 21 -7 51 -11 -92 87 -91 -57 88 71 -93 99 45 33 85 -51 -81 47 50 -43 14 -37 54 -35 4 34 -23 61 -31 -56 -56 12 41 90 -71 -16 -29 -63 15 -35 31 88 -64 -73 -45 -15 -83 4 -63 42 36 50 37 -57 88 26 -44 -85 60 34 28 31 66 13 70 75 -71 -8 91 45 -60 88 72 -37 45 75 49 -80 97 -33 64 83 -96 5 -42 -70 -31 92 -28 -24 -76 37 -52 -100 40 63 5 42 -12 64 73 92 53 5 48 -26 88 -67 28 -27 -20 53 -68 -3 -71 -30 -90 -86 -22 -93 -76 -61 -94 72 -84 45 79 8 -100 -90 22 89 13 -82 -29 -27 -31 19 -75 -54 -87 -48 99 -18 -29 -16 -41 -17 44 -35 -87 -92 -46 -80 40 -59 -31 -26 38 -28 -93 -72 73 15 -65 65 -6 14 -22 -3 -8 55 94 2 56
-8 54 67 84 72 -95 -10 -30 -20 48 82 -15 -58 -47 -67 -56 -77 -60 29 -74 100 26 -7 -44 -18 35 91 -86 -24 -81 38 -38 41 -7 6 -20 97 -15 19 -60 70 55 20 3 -87 40 22 -78 47 54 79 -71 23 87 41 86 86 98 -38 -27 69 52 -54 -24 82 -35 -79 40 2 44 -30 48 62 27 -56 -16 -39 31 1 -89 -45 68 13 84 96 8 -7 49 0 -84 4 62 4 -100 65 -12 27 69 48 20 -46 -92 -31 59 -28 -20 23 27 12 -78 -79 24 -54 8 -38 -11 66 -71 92 -53 97 -74 68 47 -65 -40 34 -72 -84 3 -67 -36 80 3 63 -6 97 -64 54 -83 -16 -83 -65 54 2 64 31 14 33 90 66 70 -70 100 -74 52 39 50 34 -92 1 -72 -46 46 8 13 20 38 -25 19 -18 82 -98 67 89 72 -73 4 -79 -64 -39 -65 56 -23 -51 84 46 -36 -66 74 56 -80 -71 -54 -67 -69 81 24 29 55 67 73 -82 -86 69 -55 -31 -33 -31 63 10 -6 -65 93 -26 -48 46 -51 70 -46 -5 67 -75 58 51 36 -70 -22 24 -11 -38 47 -78 -89 -85 12 17 -58 -91 -21 83 92 -40 83 -29 -15 -30 44 -62 25 -17 21 -53 -56 -31 91 86 55 -56 -91 -10 -32 -90 -80 40 -31 -42 0 -1 1 -91 75 14 -18 -41 87 -25 97 -94 -7 95 -72 -21 33 22 30 8 -32 57 44 -69 90 94 -33 -87 97 76 -78 65 92 -13 -2 -66 -37 41 63 -55 -88 56 -91 17 -75 -38 62 -56 -55 -75 20 55 91 -96 -65 -36 70 -12 -51 -1 -64 -22 6 -61 54 23 -52 89 65 15 -47 26 66 -50 -57 -75 -31 59 35 -46 59 3 -53 66 93 92 -65 63 44 69 97 -62 9 -13 7 73 72 -93 -18 77 -91 -68 -47 58 34 -33 27 97 45 34 17 38 -77 -59 89 -45 15 10 -81 -72 30 13 -6 -2 -4 8 -87 -56 39 -97 -99 -70 26 -38 -83 15 -26 -72 85 -78 55 79 32 -96 -55 61 -20 18 58 15 80 -78 10 56 -89 -81 -75 -81 60 39 -7 70 66 67 25 5 22 -95 15 68 10 12 35 33 66 -28 -67 60 33 50
73 76 52 91 -8 64 8 63 43 39 -58 96 88 59 -29 -48 -46 14 -96 -65 -41 55 42 84 -62 92 -7 -88 75 68 83 -81 -3 87 -19 -20 -42 12 62 -40 100 70 24 76 -13 -54 85 54 90 36 -15 -41 71 95 -69 23 77 -54 20 31 69 5 -89 -36 -60 -81 18 -91 40 71 -19 -27 83 -17 20 -72 -86 -22 -22 97 -12 23 -67 49 60 32 -10 -74 -2 49 21 35 17 1 29 18 -45 -78 -65 70 9 36 69 78 36 -19 69 55 61 -20 -64 96 62 86 57 -42 -43 5 -78 -5 -8 55 -25 -6 10 -96 24 59 -53 88 -3 43 76 84 94 82 20 80 -35 -15 85 91 -82 -40 30 42 -69 -59 81 10 -9 49 -23 -45 -54 29 -13 -97 90 85 90 14 71 95 96 -59 49 94 -27 49 -67 -59 -58 -92 52 69 90 84 -63 -14 18 9 14 -61 76 -63 -31 -35 87 88 -16 23 28 22 -28 -82 21 27 -6 58 -34 92 38 -77 -6 -35 -15 45 51 21 -91 -54 -43 -32 -68 -78 -28 27 -35 -30 -92 -76 -3 92 54 13 46 -60 1 20 -52 1 -43 -12 57 61 34 62 32 55 92 71 43 60 67 -23 -86 20 -14 86 78 24 -100 65 -50 -75 50 69 -72 -2 3 63 -83 26 35 1 6 65 93 -60 57 85 23 38 -6 -76 62 46 84 30 85 -40 51 -40 69 42 -4 -54 16 -31 1 17 -20 -28 25 -3 -27 -84 59 -46 38 -61 12 87 -91 -37 -34 50 -86 77 -93 76 -18 48 24 -87 0 24 81 -19 25 -42 59 -22 -21 94 77 16 -1 -63 71 -29 21 -15 22 29 -29 24 24 -93 -14 20 68 -38 9 -50 68 44 90 -40 81 -61 -44 -22 -61 3 69 -89 49 54 56 -38 88 65 -44 38 -18 40 -36 94 93 -86 38 -29 -10 95 -79 33 21 -55 90 -62 51 88 25 16 -33 -74 -74 -39 80 -59 26 54 -94 70 -4 98 22 44 -60 -21 -22 -21 59 88 -41 66 -2 30 -82 60 6 26 59 93 96 1 4 96 -1 14 54 -21 51 -37 85 -87 -53 0 -41 46 13 94 -9 37 21 88 -44 26 18 -30 31 59 0 -82 -75
-2 -5 92 -86 -30 -73 -76 37 36 -71 -35 73 -47 80 -59 -47 54 -55 21 49 63 -24 -15 -87 100 10 4 -29 38 -68 29 -25 -29 -68 -89 53 -17 -38 35 17 -97 -15 -79 -22 91 40 -62 51 4 13 49 41 -59 -8 43 91 52 51 -6 -37 53 -7 8 -25 -73 62 82 31 10 17 94 -95 -98 -90 5 -15 69 63 -89 43 55 28 91 58 22 79 -35 0 32 -18 62 -66 -51 9 30 98 -96 -97 -28 -42 74 -82 -53 -37 -96 47 -33 -88 -68 -26 -30 42 20 84 -92 17 70 23 -62 12 75 -61 -94 -91 -57 -27 -24 -41 40 94 -35 -77 -3 97 63 -16 81 -89 7 -60 37 -27 76 -52 -71 62 -79 6 -57 0 -85 -94 68 -77 -61 -71 -39 67 -98 -87 61 56 55 -1 46 34 23 42 94 60 -47 -96 -36 36 -60 8 -56 -27 1 -61 -96 -21 -69 56 -46 66 -60 -44 34 95 35 96 99 77 -84 1 -25 -81 -75 -81 24 -99 -40 81 -10 79 37 -49 70 62 -85 71 81 11 -28 -71 8 -18 63 22 83 -45 56 63 -35 -14 89 96 23 -86 -89 -81 82 -42 -13 -18 3 -83 50 -20 51 -3 43 -29 30 -37 14 -39 20 16 80 -86 65 53 53 7 -68 -34 -40 32 83 37 17 -55 -53 -32 -43 -59 38 25 52 -97 -28 64 24 -16 -21 -50 100 -91 54 -54 -25 -63 -61 -62 40 5 10 54 -32 25 94 -50 -80 -12 -69 1 96 -21 -33 -2 92 -78 73 94 -18 -96 -48 44 62 -77 74 -80 -33 -3 63 39 -36 5 0 -100 -47 16 -95 82 16 -27 50 -57 29 -96 46 19 79 23 19 96 13 19 52 -90 -3 29 -41 -84 -55 63 -23 64 40 -24 34 52 -42 6 -80 61 -36 82 42 -26 -1 -70 36 -22 -100 -71 -44 75 -35 94 -92 13 79 -52 70 37 -2 83 -60 -76 -7 -3 -43 -76 63 40 21 70 -49 -54 -7 -19 3 84 -74 -55 19 -82 98 -34 17 83 72 45 54 -96 20 -79 -84 62 -21 -43 89 -13 21 48 -33 54 89 -93 57 12 -25 -35 6 -26 -72 63 56 82 93 58 -43 -71 -58 58 26 -79 23 14 61 -8 49 -66 -91
10 37 -27 -22 79 -22 66 -17 50 -37 -93 -69 -78 78 -42 -5 -17 -13 84 -12 -94 -80 18 85 -89 80 -32 -85 44 -77 91 -27 49 -76 32 17 -22 28 91 55 27 -19 -35 79 -21 -9 -49 16 -36 39 69 -57 23 -26 -82 43 -77 -84 9 -78 -48 55 -57 -53 -2 20 -94 -32 23 -7 -70 16 45 -59 -69 -28 -90 41 -49 87 0 -12 73 -98 28 -16 41 -85 25 41 87 -85 -67 52 36 -24 61 60 -88 -67 66 -9 -27 -56 -10 -55 58 67 14 -14 96 -96 17 -98 -28 -5 0 -98 -85 -52 75 -68 -18 29 -5 57 -64 70 -35 90 -80 -17 14 76 -33 -52 39 -21 -21 -34 88 74 50 -95 62 -13 3 -13 68 76 58 -26 3 81 16 13 7 -97 42 -43 -49 59 -31 -84 70 35 55 -62 -27 -9 25 60 54 35 11 -77 89 -28 97 60 -38 -90 -4 66 39 -56 25 24 34 10 -38 -87 68 -65 -63 82 87 85 -78 4 25 -67 -20 27 -94 -54 -60 18 -63 69 51 -60 -84 0 -42 -16 -44 -99 72 -76 36 -28 77 48 25 -67 -74 99 -50 90 75 -8 93 -96 51 -22 7 39 2 -71 41 -12 88 42 0 -57 -98 83 -9 -25 -63 25 86 93 -7 -46 19 -82 61 89 69 -92 60 49 55 -84 -75 78 -96 -39 6 -15 11 -95 73 31 7 8 12 -25 6 -90 -91 -69 64 11 90 -16 6 46 -77 25 -92 -46 21 -80 47 13 60 21 58 -53 -69 -54 22 77 -9 -7 25 98 50 -8 43 54 57 66 -91 44 52 -78 51 -87 97 -12 45 -27 -73 77 -41 12 -98 -84 74 20 -31 80 -80 -56 62 -22 -58 43 14 8 -84 -50 24 -88 -24 55 69 80 -33 69 69 -70 -31 29 28 -79 87 29 -65 -35 29 33 57 4 9 32 2 -99 82 13 -92 -7 89 0 -60 43 -98 -97 -62 88 -26 67 -92 79 82 58 -23 -29 -24 61 -93 -58 58 -38 -89 15 -88 -56 -23 28 -77 -63 -35 71 -63 8 53 25 8 86 78 74 -36 30 -63 -21 60 16 18 -95 20 -53 -86 5 -9 28 -15 -61 -84 36 69 -52 23 -61 -38 -72 68 89 66 -23 24 -8 -89
65 22 -87 45 -74 20 -86 -77 -51 42 57 28 -95 49 -32 -69 30 61 -39 6 64 -52 22 -33 0 13 18 -65 -54 -51 -49 -74 54 -43 57 8 -66 90 -64 39 23 -89 -14 93 94 -43 -97 -60 -4 -96 14 -61 -88 -56 -94 38 16 -91 84 88 30 -5 81 30 -46 -43 61 -58 -42 17 -1 75 1 -9 43 53 -10 -15 19 -9 1 -71 -97 -44 53 -14 32 -46 -80 9 -72 -81 46 2 73 96 -47 -23 -81 73 30 -35 -70 57 1 -93 -64 31 -43 -91 -91 -47 -22 84 38 -25 54 -50 -33 -34 81 -27 95 78 10 95 -75 1 72 -94 68 71 -97 -34 -46 -66 -51 -26 -35 -79 24 -13 20 49 52 16 -41 -87 81 -46 92 56 27 -21 -69 22 28 -26 -66 -16 -51 20 14 24 -1 88 -93 -83 59 -13 93 -37 -15 -93 -61 -82 64 12 -70 72 -81 5 37 25 90 -74 43 58 38 -60 12 -75 -65 -94 -69 78 81 -52 68 83 25 -26 -8 -89 62 6 81 24 42 -73 -63 61 39 88 -52 92 63 72 6 -10 -42 -86 13 -74 3 76 -18 -45 -75 -3 98 66 23 -94 -58 71 -50 -90 91 -58 -20 11 -69 -33 -92 -46 24 -10 -7 7 -47 -53 -76 -44 63 -19 -22 -4 -7 25 -75 -53 -33 54 -36 89 -77 2 -55 -67 9 82 3 60 40 -50 -75 31 40 0 -52 3 -100 20 -31 56 88 14 92 24 -100 -83 -46 -80 29 23 45 90 -38 11 48 -7 -71 50 31 -20 -60 -9 -85 -50 25 -71 24 98 21 35 -99 -73 22 -53 -99 24 3 12 -17 -20 17 97 -71 5 10 -31 66 -49 -83 -17 42 -43 0 34 -76 -73 -17 -48 1 -19 22 55 26 -70 50 50 54 -14 -74 63 98 -46 -2 1 -97 69 78 -99 77 -46 -24 -5 77 -26 -20 -41 35 -62 92 -18 100 19 17 -72 -10 72 -28 -93 72 -89 61 39 -3 29 92 -75 -34 13 -11 -43 -25 79 70 53 86 -55 -93 -59 25 52 -76 37 -48 0 62 10 -99 28 -30 9 -33 -100 -1 -50 32 -78 69 -50 -49 -99 -92 48 -30 -100 -90 -15 46 -65 -12 34 75 55 -22 -86 -51 -89 34 48 2 73 74
-29 -47 96 96 -35 -34 -22 -56 -78 -9 -55 3 1 -98 99 -60 -32 -1 81 -76 -83 -55 20 65 1 73 -30 59 44 91 11 -16 3 -7 15 54 81 13 78 -61 92 91 -86 26 -60 -91 -54 -57 -49 -40 -79 -3 62 24 45 -90 21 -95 -97 85 -60 -92 -31 -11 48 52 -20 -66 76 28 -9 -77 -68 71 61 -57 -66 -20 43 -25 -49 -30 -12 38 -51 13 -52 71 -23 71 74 80 -50 -23 24 -39 99 66 15 65 55 -88 -43 64 73 -10 6 -84 -51 -19 -87 -80 -19 41 -82 -43 6 16 12 36 -77 50 -34 -92 7 -97 -66 -8 51 91 52 -72 -75 -66 -92 58 30 68 62 8 81 -1 -17 -25 79 21 -80 92 -49 81 -98 55 51 49 -19 41 76 97 -34 -4 74 70 16 33 -75 -34 78 9 -26 61 47 78 -88 38 58 23 -72 55 37 39 75 -79 -8 -69 11 -77 -21 -24 -72 -23 48 84 74 -47 66 -94 -95 27 -83 -83 -91 -74 37 -32 9 -40 -43 12 26 -52 -51 -18 -73 -44 1 -24 -41 -48 -32 -62 17 13 -9 -83 -34 -74 -3 -97 -60 -3 43 -8 -76 -44 -93 40 -43 72 -59 -72 87 27 -93 -45 -35 -20 -93 25 94 8 63 -46 26 -31 -74 -87 92 -36 -91 13 1 -38 53 42 -95 13 -75 3 56 -79 77 -48 68 -98 17 -44 45 49 15 -85 -98 47 70 78 -62 -23 89 24 35 42 7 -94 -59 -34 46 17 -59 1 83 63 -34 56 32 -36 66 97 -48 -28 81 66 23 -41 53 -40 93 -63 -46 99 -73 100 -3 -71 5 64 76 -52 61 -40 -95 87 -84 27 91 -33 20 -11 -74 8 59 -58 13 77 9 20 64 24 4 62 30 59 -90 18 -52 -8 -60 0 20 -67 47 -37 7 46 51 -64 28 -4 -58 -35 46 39 -24 -46 -31 -63 -4 -60 -49 -46 -53 9 -56 -52 35 -48 84 41 -60 68 71 -24 -70 72 58 -11 -88 -4 -64 93 80 66 -76 -82 44 80 66 11 -25 -14 75 -12 47 -8 93 -23 96 -1 97 -23 -59 82 21 3 88 -21 56 -40 79 -17 64 -9 8 -46 -55 -35 -52 -70 -53 23 82 16 -1 -60 7 -66 -79 50 -57
-24 -80 43 66 -64 68 -100 54 -95 -30 45 -47 -22 -59 -33 -13 7 -82 80 6 59 -67 -53 -52 -58 -17 -80 84 -66 62 -99 -28 -15 -97 37 92 -3 -71 97 -72 -19 -61 -10 -86 92 -44 35 -46 44 -9 -39 -72 -36 -90 -95 81 -92 -14 4 -74 85 72 93 91 28 -39 8 92 -32 21 8 24 84 55 16 29 17 -16 26 22 82 33 27 94 -3 55 41 49 94 43 -17 62 71 42 -31 -97 -18 36 1 -24 -60 -76 74 -18 94 -36 -29 -15 35 -85 71 0 59 -12 49 -81 -26 68 -12 -4 -100 -49 36 52 50 -78 88 1 35 -29 34 -20 18 -14 40 -64 -97 1 -32 21 74 25 3 -9 38 -93 -72 -72 71 63 84 92 50 34 64 -94 -24 -80 -18 -21 -65 7 -57 -4 19 78 78 -74 -67 -94 -12 21 1 81 -50 51 -7 -68 1 -100 -5 58 98 -35 81 -78 40 28 83 -29 -48 9 80 33 -54 4 58 -94 -20 -4 44 -29 -38 20 99 34 -58 -100 0 52 0 39 24 -8 55 70 48 94 -5 65 -60 -52 34 -83 4 -55 18 -41 -82 62 -61 -85 -69 -20 8 -5 -46 56 54 85 18 -37 26 -37 -55 79 -36 49 49 -48 -34 33 61 2 35 22 99 0 -13 78 66 80 55 -21 52 76 -73 96 15 -70 -3 67 -40 5 58 40 28 80 -38 14 -97 63 -86 -2 -24 -63 51 30 81 98 77 5 -16 -97 -13 73 -76 -90 84 17 -40 99 14 -84 -27 -18 13 -33 -28 13 -53 -41 -35 -7 73 -79 -19 -62 -21 74 -38 29 83 -32 15 18 -52 -72 78 95 74 40 -17 58 43 -67 -65 -69 -13 18 -41 -2 -30 83 -40 -98 -96 93 43 53 13 100 91 44 81 4 40 8 51 -39 -34 -61 -51 -86 -65 33 -32 2 -67 96 19 -32 -91 39 35 -91 75 -29 -17 81 81 78 34 -80 -57 80 -59 34 91 -35 -22 5 -59 85 67 82 -4 3 77 18 -15 -59 68 79 69 8 -84 -100 94 86 97 2 58 12 71 51 85 90 71 93 0 43 -30 -41 99 -69 -82 49 7 31 12 1 42 36 -91 -43 19 13 -9 -2 -57 -74 -46 -68 10 51 -27
-4 -87 5 51 -47 49 -55 -38 -17 29 92 -76 -24 90 -55 95 -69 -19 49 73 -92 16 -62 -3 -20 -96 -48 76 62 -37 -53 3 25 -98 -6 63 98 58 -66 -82 34 -2 58 -59 -28 7 42 -31 78 10 -5 17 -100 48 -28 48 38 78 -48 -8 9 49 -56 -42 99 -23 -1 -64 -17 85 8 87 13 -23 -66 12 6 86 -90 -73 18 -5 -43 -49 66 64 50 59 -37 82 -74 -48 39 30 39 -59 69 70 -36 -49 85 9 83 79 52 18 21 -89 -44 -6 31 -83 -68 94 -1 48 73 -7 7 94 -96 -26 7 18 -53 -96 -100 60 -92 75 43 -97 -66 -97 -24 6 -68 -26 -68 31 -56 66 -19 -33 90 -91 -62 -8 -19 -30 80 75 40 -65 -8 46 42 -91 -12 -54 -100 -12 35 24 -49 26 28 93 -89 67 -9 48 30 0 20 -92 -59 -58 -99 71 7 -85 73 -12 48 -24 100 -100 62 35 -48 84 -7 -44 57 -56 21 26 98 -21 11 20 -54 -88 31 32 20 -56 -68 74 -93 50 17 -42 84 7 90 -100 86 -87 -75 -86 11 -7 -45 20 52 10 -37 56 -47 -6 -45 -41 -19 -100 98 74 66 100 -44 -16 26 -53 -37 -79 19 -20 36 37 36 15 -17 -65 62 -37 30 -38 41 -72 -34 -37 -62 -32 77 51 10 -7 -93 61 -44 64 60 -26 -47 51 -38 -39 22 65 34 38 87 4 76 -3 -60 70 -48 -55 -58 32 4 33 53 -10 -80 92 -88 47 -34 -97 -1 -44 -31 28 -70 69 67 -11 50 -23 -8 -83 -42 -51 39 -12 -80 -57 -4 18 92 39 -42 -94 67 88 23 -59 -32 -32 74 39 34 -15 85 87 44 -17 78 -33 49 -61 -53 -6 12 82 97 80 -36 -65 -97 83 52 7 5 64 49 -32 79 92 82 -86 89 -94 59 23 -76 89 -8 87 49 -8 87 17 8 -32 72 -53 56 -6 88 40 47 -38 3 86 93 -76 9 -7 38 -19 -38 6 68 -9 -21 52 49 -96 17 -71 76 68 -94 71 -18 -7 -35 -24 -86 -42 95 -18 53 -41 79 96 -44 37 -88 -95 26 95 -97 -36 -77 -67 -99 16 -92 72 -36 -10 -46 73 100 -30 -98 -20 -64 94 -56 -8 -49
59 81 -62 74 -1 -38 44 -85 -57 -31 -6 40 -26 57 -59 -69 -98 -87 -37 65 58 32 -21 -96 17 68 4 78 -95 -35 0 -52 27 8 -87 99 20 40 -63 -86 13 -16 13 -3 70 -21 -63 48 88 44 -50 25 -94 29 -21 74 -37 -37 61 -60 94 -82 98 -89 -37 -95 -39 -10 75 -72 -54 87 0 14 -62 -47 77 -58 -27 33 -19 -9 -18 56 68 -65 -70 48 -42 91 59 -64 34 36 -41 -56 -10 -97 46 45 -5 -46 8 -38 -23 4 -57 -37 30 -77 -62 0 -43 8 -35 -51 -97 -58 -39 58 -44 -41 15 -86 18 -15 -71 37 -62 -75 51 -42 60 -71 92 -26 -94 -58 -90 -75 21 56 -53 23 59 7 80 87 7 -85 98 11 -6 44 -71 -77 58 -26 88 4 49 36 -21 92 9 35 -24 -10 8 70 -77 26 -63 -80 30 -62 88 59 -58 -25 -32 -77 -51 81 -35 64 17 55 29 -13 -89 39 -99 1 -39 -19 -86 -66 -97 -56 -47 83 8 50 15 46 93 -21 -33 62 -32 -52 -57 76 -100 -23 -2 69 -53 3 63 97 38 -91 -73 81 52 -6 -62 85 40 -96 91 29 0 -65 78 -23 40 -21 -45 43 15 95 42 -97 -9 -59 83 96 86 -34 77 100 25 -20 -10 78 14 55 78 -21 -77 6 43 77 40 98 -15 83 -91 56 9 60 2 -65 16 91 -14 -94 66 -7 3 -98 -68 -34 0 98 47 9 -95 99 -49 -99 61 38 42 69 45 -73 85 -1 0 97 52 -86 -4 65 1 -78 78 -82 60 48 94 -83 15 67 -46 29 -52 -80 45 -57 -69 -23 -58 86 33 94 24 6 -97 -69 -8 77 -60 30 -28 -84 -8 25 -4 -62 31 -49 7 49 33 -72 -23 55 -41 -40 90 61 -50 56 5 69 -69 41 7 -82 95 0 -43 -9 -6 -65 54 34 80 91 -21 -17 -22 -11 24 -33 -47 78 -64 -81 -78 58 -40 -47 23 -17 2 99 59 18 -2 -91 75 31 -35 33 -96 -22 47 20 98 -52 36 89 -8 100 94 -61 -17 16 -32 -15 -29 -4 -23 -65 20 5 -10 71 40 -67 37 -52 43 8 50 -65 -26 -22 -34 -50 -19 -32 -36 -66 78 18 -51 -82 -61 -2 -49
-55 -80 -47 -51 99 88 -29 -84 -5 74 62 -51 70 100 -13 64 76 -14 -83 61 17 39 78 86 9 -77 -91 -88 -7 -78 -78 67 -12 66 -22 -80 -36 62 94 -70 88 43 -65 -100 -33 51 53 -32 -20 -34 -91 21 -50 -82 -24 -35 -31 -85 -30 -43 66 -47 -90 -89 51 -63 96 6 77 -69 96 25 -76 23 44 -74 24 -64 89 -63 80 98 4 12 13 1 21 -94 84 -22 -42 -64 -96 75 -70 -19 48 86 -23 35 36 45 70 -77 26 -57 -9 -12 -11 -72 -27 -99 -58 -51 -74 -45 -42 -7 -49 -77 65 -96 58 -21 -81 -54 -8 61 -23 80 -21 -67 -49 -2 93 -34 98 -11 69 86 77 -60 59 98 -97 -30 -75 -32 34 -79 -19 44 36 -71 20 15 96 -46 9 -21 88 55 -42 -40 35 81 -6 -30 63 21 -87 5 11 55 64 26 -59 -18 -64 -67 -11 -72 -41 -51 -70 43 -37 -54 91 -31 94 -71 -76 26 88 -4 -70 55 2 -82 86 -27 -96 -30 67 -78 44 -25 24 -76 21 53 87 -28 -25 69 -19 -9 10 -42 69 -44 24 24 65 -40 27 54 -74 -50 -58 -11 90 11 49 81 -28 1 3 -59 -54 -81 -82 29 97 55 -51 56 -92 72 23 35 35 67 -42 -45 59 -45 51 61 36 -100 3 -5 -59 -5 31 18 -30 -26 49 97 -100 -71 -87 89 -75 28 86 -79 81 -12 88 4 -96 87 57 18 -22 83 87 72 84 -64 -6 -32 -7 72 -65 88 90 -87 51 -4 8 -52 45 -7 -66 32 -100 -83 -28 -27 -60 3 17 58 -67 -70 46 -10 19 -18 69 -23 -40 -69 79 11 60 -11 0 -88 49 -67 76 -20 86 30 -75 -57 -22 -15 -95 14 80 -53 -60 31 78 62 -75 95 -66 48 25 27 18 -4 -25 -81 61 85 92 -52 45 -30 78 -57 95 74 -97 14 100 7 26 18 58 67 -66 53 28 54 -97 -9 75 -74 7 78 -96 33 -29 -65 80 54 68 59 53 70 82 39 50 -82 -18 -52 -57 -7 -39 24 49 -8 -66 19 -40 -19 7 -64 -26 2 -32 -63 78 -81 -35 74 91 32 85 -78 -27 -33 24 42 7 -82 14 37 -49 -89 -34 -60 32 13 -16 -17 45
-55 18 45 83 -69 -64 52 6 -74 -79 85 -49 46 14 -32 82 53 -58 -73 0 -13 66 53 -22 -80 93 69 -79 88 -70 8 1 -12 -52 -59 1 -69 -42 -67 -77 52 15 94 -84 -75 -90 -55 52 33 -58 18 -74 59 56 81 96 -2 -82 100 39 -41 31 9 -81 98 3 4 -65 75 12 36 -56 -29 -20 -98 33 44 0 -19 -90 23 -35 -35 -96 55 87 15 -84 -68 78 16 -46 -4 -9 34 100 -39 9 80 -97 59 87 -4 -100 -96 79 -43 -67 55 -17 5 -39 18 -8 -82 -80 93 -86 -14 2 -62 -12 -82 79 62 62 -66 -78 99 35 89 68 -59 -64 -2 -28 43 68 -7 -54 99 95 -83 39 -51 53 -99 -85 83 -95 -43 -13 35 -57 16 38 60 -43 52 -79 -77 -88 -37 2 79 5 -50 -75 76 1 -15 34 -26 -40 68 5 -41 -6 -87 -6 -77 -66 85 -60 31 -42 -50 68 0 36 91 98 64 93 0 30 -12 -71 -92 -17 -9 56 21 -90 -38 -82 -27 -33 -68 -36 -55 -39 9 27 53 -8 29 79 74 -86 -35 82 37 -27 32 69 31 -41 -44 72 -89 -89 -92 98 -27 50 -45 56 -53 -49 -89 2 100 34 -45 41 65 59 -57 -64 82 43 -49 -3 -87 -28 -30 46 42 -89 83 -42 -31 17 53 37 71 -71 -59 18 -63 -32 -82 -14 6 100 -90 -37 75 7 -75 53 5 48 -61 -46 -14 45 2 25 -72 -25 35 -60 -18 70 -89 38 41 56 28 -42 85 -31 15 -58 19 56 76 27 -70 56 21 21 -93 -38 0 28 56 56 -22 39 -66 85 28 64 31 -92 1 54 92 -91 34 -38 -92 -71 91 -2 73 10 -59 13 -11 81 -93 -83 -54 27 -29 -55 48 84 6 34 17 66 68 -36 -59 58 0 -42 12 83 75 57 -28 5 41 -58 55 -40 -26 98 18 -32 0 -5 -17 90 97 -70 65 -62 68 89 -75 -90 82 -61 -39 72 -89 -68 12 50 -15 -83 -24 -94 -75 36 -8 -100 88 46 -19 -24 -66 60 83 71 10 65 53 1 7 -48 5 -61 -39 -24 49 -16 -36 -50 68 -45 88 39 83 -48 35 -86 -87 -30 41 67 -75 -9 -22 58 86 53 42 -27 23
54 23 -58 32 61 -69 -69 59 38 87 54 80 -80 25 -14 -55 21 66 43 72 58 100 -64 63 -25 80 4 81 62 23 33 -25 -79 -27 -40 -2 -79 89 4 40 -50 86 2 -12 85 69 -88 -51 85 12 76 -27 80 48 51 -12 -72 -38 20 -45 86 -21 42 -73 26 -83 -63 -76 -44 -67 1 32 -81 58 -59 10 -71 -44 5 -9 31 92 31 97 -52 20 90 -78 -14 42 73 -44 -60 39 -5 -40 61 70 52 -94 54 6 -10 -83 69 27 35 24 41 -43 -21 -72 76 -80 64 -77 -21 72 93 1 95 -79 -13 34 30 4 79 89 -48 -10 71 44 43 -100 12 37 -48 70 60 -6 -52 -90 99 -25 96 68 22 58 -36 30 -15 -80 -100 80 54 62 56 2 -59 53 65 60 91 77 -97 79 -53 80 37 -33 -98 -10 8 -82 20 91 75 -23 -48 -11 -60 57 12 -19 -30 32 -94 -87 -31 -80 -72 -70 -21 -10 -47 54 -87 92 33 -99 84 42 73 52 -15 -31 58 -64 -9 36 -44 87 -79 51 -58 25 28 -32 87 -13 43 94 79 -74 -51 -51 38 33 -55 88 -15 -19 -31 61 -7 -33 91 -74 56 42 -22 -71 16 -43 43 19 -60 38 34 -13 32 56 13 73 -39 -66 74 2 -52 -23 38 -93 33 81 49 -1 70 17 -19 -43 60 -66 -17 -2 37 -81 15 -29 32 41 39 -29 20 61 -28 -39 94 39 99 57 -20 41 -2 14 96 -49 40 -51 -99 -56 81 40 46 2 -35 -39 -27 36 -41 31 -23 18 47 31 29 58 59 10 -60 -96 35 -41 60 29 83 17 22 1 -84 -88 -5 49 -66 92 1 65 41 65 -61 4 7 90 94 -4 54 46 -75 -90 61 50 -98 -44 -49 36 34 -46 -6 -49 25 88 -47 -54 -43 -43 9 90 -64 1 -35 -94 -44 -49 -68 35 70 42 -16 27 -27 61 93 86 40 40 99 32 -93 -2 -6 -33 11 -60 24 87 -18 45 25 -78 -92 58 -25 -93 -34 -66 -95 42 -14 -59 -92 -6 -97 3 -48 -57 2 -24 8 3 24 -15 -42 -100 -95 66 -20 32 36 -64 97 -2 36 33 -97 -62 57 -94 19 63 37 95 -42 -25 -48 80 -61 62 -20
-98 -26 -34 -44 -37 100 47 -41 34 -41 -87 -61 -37 -2 -90 -49 63 42 97 85 95 25 97 75 -22 73 93 -70 -7 19 36 -45 -16 98 -36 8 -51 -80 -26 88 -83 -31 50 -4 -39 -64 52 -57 -71 -27 -92 87 25 27 -24 69 -34 -32 54 -20 27 -26 79 -72 -16 -74 -97 -62 -63 -74 -72 65 2 70 -77 -80 90 4 64 -8 -37 -41 68 72 32 -54 -94 -79 -69 76 -91 59 41 -81 -62 85 82 63 -1 41 77 95 -31 -23 24 -22 89 -64 -82 12 -93 -40 -61 24 82 -13 0 97 44 -54 -2 0 -93 5 69 18 -61 -8 -76 -22 70 94 86 -8 -61 1 -45 79 -55 -26 74 49 69 -4 -98 -57 -57 -48 -93 -100 28 -86 98 -26 -84 -51 -39 -18 -58 56 29 -27 -70 89 87 -80 34 -78 7 38 80 -17 -96 86 54 47 -79 -68 -3 1 24 98 -48 52 -96 4 -39 12 94 -24 -67 28 78 -50 -51 67 -78 78 21 -72 34 -61 84 65 -70 91 -94 -32 46 -11 36 -27 -93 -72 21 24 -89 45 -77 -53 21 48 18 -62 2 -59 35 98 -27 -99 -11 1 85 64 82 3 -36 72 -52 -49 80 46 -96 26 -97 80 -30 41 -51 44 27 81 -74 35 4 -42 -40 33 -67 5 -82 33 -26 -73 -27 -61 -26 34 -16 93 -93 -11 40 -80 -14 -94 92 -68 4 60 95 -20 67 73 41 -41 7 46 93 -14 4 -19 36 3 -39 69 38 -60 45 71 11 -12 55 -18 5 -77 58 70 60 36 -69 -55 -38 34 -28 23 -47 -34 22 97 77 11 21 72 -46 -75 -53 -24 38 -35 -79 54 -56 61 41 42 88 -77 -65 29 63 -33 -17 36 -73 20 87 77 -98 50 -75 -57 -89 80 -7 -24 -59 42 44 -10 -74 8 44 31 48 -86 -81 -30 -73 -95 -36 47 -23 -11 45 -28 -88 37 -48 -82 -41 -62 -31 88 -82 -5 64 79 22 -1 -97 73 -22 -79 2 -62 -90 -55 92 -43 -68 28 14 41 19 65 -71 30 100 0 55 100 2 -96 -97 -27 -85 45 53 56 -10 -2 -73 28 -75 28 15 43 -63 63 -89 0 49 -89 0 -6 -11 -94 85 -26 -49 -78 -63 75 -40 -91 -54
94 -61 98 -8 -37 91 100 35 71 60 -80 -48 -46 -90 -79 -53 12 -25 -80 14 -86 70 2 -51 -28 -61 57 -41 -11 -30 -27 70 80 -22 97 21 94 -96 32 54 -35 26 23 0 6 91 14 46 -62 61 -90 50 77 50 -62 78 66 -11 27 -14 -56 -63 -88 60 -49 -36 99 -87 -28 91 -29 -43 -100 25 -58 -19 -9 11 -58 -10 -85 14 -43 100 -66 -34 -26 95 78 62 -36 -33 1 53 -3 -37 -45 -74 -45 15 -23 81 -28 -73 -83 66 -8 37 63 35 -12 -12 100 49 40 36 -96 12 -93 64 54 69 -89 -86 36 6 21 36 23 -3 -76 2 -31 49 35 -9 -11 78 -15 94 -69 58 -8 -36 24 -53 -99 62 -90 97 -97 95 -72 46 25 -31 2 -18 -64 -90 83 -8 -95 -6 -82 -55 67 86 76 5 47 -23 -11 12 -82 -35 99 36 68 45 11 17 -82 89 40 15 79 -36 70 31 66 -90 2 -40 2 -45 64 16 -18 77 36 -28 -37 -66 54 -100 60 58 76 -7 28 82 -91 -96 -98 26 -26 -82 -67 -94 60 12 -42 63 11 79 -80 -30 86 -53 16 -87 -17 29 -94 3 -72 -19 -62 63 59 93 63 78 -52 53 73 31 90 -49 61 -85 -62 -72 -96 -98 26 -90 54 -27 -43 2 27 -20 60 -20 11 -27 -85 -53 73 -96 -28 -80 -70 -21 -42 34 70 -92 59 42 42 -45 100 -80 -55 -36 -91 -98 -97 -69 -96 30 -96 -96 -96 3 -99 74 23 -48 -55 93 45 -39 -80 31 74 12 81 11 -42 27 -3 31 88 -52 -83 20 -69 -100 -5 -92 -73 7 -14 -13 -46 31 35 61 50 84 -90 -67 93 -43 18 18 -26 -82 -65 -85 -95 88 -33 -81 3 34 -99 -45 27 -81 -33 -35 42 7 49 91 -10 -65 78 60 -98 56 64 -59 -46 69 -85 60 -31 4 66 97 -40 -73 -61 -53 35 -6 29 -52 -32 -39 -24 53 17 48 28 33 -76 94 -75 -26 -100 33 3 46 -23 -74 -93 25 92 -98 19 14 -59 -72 4 -35 -87 93 -95 -7 -87 -65 9 12 -96 -91 4 -56 49 69 14 48 97 25 -26 -29 -84 7 -30 -14 65 -45 -90 -17 -55 29 42 -87 30 -31 -47
-8 -46 83 56 -18 9 -77 -94 -37 -68 9 17 58 94 0 18 62 -6 -34 -26 -83 57 -7 47 -81 60 -18 64 53 -56 -38 33 38 -25 34 -28 -75 -51 -27 25 -4 24 60 77 71 -68 -72 67 -44 -6 97 35 -21 94 -9 -49 22 3 -58 -22 49 43 -36 -9 -49 -87 -1 -33 98 -77 -95 -46 13 61 5 -79 13 97 -49 -26 -34 -83 -27 24 30 86 -34 -43 -87 -34 -83 85 50 -15 -10 55 -91 -51 4 -14 -75 -17 -1 96 46 97 87 14 75 78 -82 -80 13 -18 7 49 73 98 28 -13 -78 -8 19 -93 24 -56 92 19 -55 -80 7 41 -68 7 41 19 42 -88 -10 5 4 32 41 34 -69 31 60 93 -92 -9 3 -14 70 35 -44 70 -14 59 89 -68 -91 36 40 -79 89 97 -85 27 -22 -88 45 -75 -19 -5 81 38 -66 30 27 92 17 -76 -50 -86 -93 -42 49 10 -84 -26 -72 -8 -48 -75 76 -4 -69 16 -4 -96 -2 14 68 10 79 7 45 -98 -44 67 36 10 -8 73 94 9 57 -56 87 5 32 -37 -16 -73 -45 84 42 -51 -46 92 19 90 26 17 19 6 -96 -65 -17 -11 -4 6 74 -99 15 34 -75 42 82 47 -4 57 -9 -64 -30 79 -17 100 14 -34 99 56 24 -67 63 11 22 -99 -15 -27 15 74 -50 -76 11 -85 -37 -58 -52 100 -21 20 50 6 -50 -26 76 19 84 -13 -17 83 -99 -77 65 22 62 91 -16 -29 20 57 -5 36 -43 -92 18 42 -62 96 8 23 33 97 9 52 79 60 -13 56 -26 -14 47 91 63 82 -54 -62 87 50 -73 -65 78 -96 99 -62 25 60 -58 49 15 100 -20 -36 92 68 21 41 -38 84 -61 -72 70 -97 -51 86 -26 20 -72 -99 92 -61 13 -95 19 89 -63 -6 23 -69 -32 30 -70 -100 -32 38 -87 100 -74 68 56 85 -17 63 46 -12 65 67 -98 76 44 -12 18 32 -58 -8 87 80 -52 -18 13 -76 5 -14 -72 -51 -42 64 34 -23 63 -50 -34 -72 96 81 41 -4 -72 -84 -13 -31 -57 -4 -68 18 -30 -43 -75 65 28 89 39 14 -69 -48 79 11 -67 -36 94 -82 -31 24 45 12 3
-49 -96 -85 45 -62 79 -68 -65 -82 19 -9 55 -32 96 -47 37 81 83 -20 43 13 -79 58 37 81 -26 -95 -26 -81 -60 -50 -86 63 93 -32 20 38 14 99 75 -92 -84 -46 42 -36 71 6 18 -85 -25 -1 -31 -69 59 -89 -6 -91 24 46 -77 -2 -72 -74 4 33 -85 10 -42 -7 -18 0 50 75 65 92 8 20 -55 -73 71 -18 -60 88 -42 -64 -45 38 7 98 8 -6 -63 -4 -37 14 -73 -68 37 -48 93 47 90 -82 77 -19 21 0 98 45 -86 -96 51 63 -25 36 74 33 92 -41 -70 11 -60 -12 65 43 88 -88 -79 69 85 -88 -53 -67 89 86 -53 81 89 99 -94 93 97 26 51 -27 -49 72 37 -74 16 -96 -19 85 40 -80 47 -2 -86 -47 -60 99 61 -56 -70 -76 -55 14 8 28 81 -15 -42 83 41 -38 37 32 78 -42 42 -94 -21 34 18 27 45 -48 -88 41 -26 37 -80 19 44 -45 24 -91 -8 14 -42 -17 -21 20 -2 -8 68 40 -63 59 -62 43 10 -67 54 74 -76 -8 -65 -95 9 94 -95 -18 -1 -77 -51 -59 95 -83 -70 35 -22 87 7 -66 -7 -73 -81 34 -87 42 -26 6 -70 -17 48 -94 64 57 27 -78 -4 11 -87 14 -90 -17 88 -21 55 -80 -100 69 -13 -21 91 35 81 54 97 -33 80 -26 -80 29 63 -62 -14 -12 19 25 -84 -64 48 -21 57 -76 -22 4 -86 42 82 -32 -14 66 86 -15 83 -93 99 -10 -84 -22 -72 28 -66 -85 -65 -79 52 26 -4 -55 -43 -53 40 34 -51 14 -65 -99 11 -91 14 -91 42 -49 -64 74 -51 -41 47 -34 6 7 35 100 31 -28 -19 99 -40 82 89 43 33 -6 -77 -93 -31 -74 80 32 -6 24 -55 78 -26 0 85 65 -55 -41 63 -39 -98 -79 -51 14 -7 67 -67 -1 69 62 60 -28 83 46 12 12 -26 31 -26 58 -63 -24 31 -21 32 85 46 37 -63 90 -49 -35 -70 50 -46 20 -59 -73 100 -99 -86 54 53 -91 71 -11 -14 58 85 71 18 -23 18 8 66 87 97 -39 17 86 99 11 -74 -25 -51 -16 26 24 -84 60 -81 -98 -98 -77 25 -29 7 28 -18 40 72 7
42 -12 -87 -90 45 -13 92 -86 -85 -32 84 -89 2 -66 -69 36 65 11 -30 -41 -35 -36 96 -82 38 -69 99 -62 -98 68 33 -31 -74 -44 78 9 18 17 -21 1 60 20 -38 12 7 -100 9 -45 -54 -29 -71 -48 46 -71 -76 -22 -33 -76 -3 -77 -99 51 -74 -42 -56 6 41 -92 -24 -82 11 33 35 -89 86 -69 -73 -44 -68 -45 38 84 90 -28 79 70 -63 -53 -78 19 -47 64 -32 -83 -87 -83 87 -85 84 43 55 50 -96 65 1 16 88 0 77 0 86 44 35 53 14 100 -21 36 -65 67 1 66 -63 -89 -41 -81 -52 -96 50 -82 -15 -10 40 -67 -70 -17 -14 -66 -76 -91 -3 -71 -59 92 -20 0 -9 -70 24 -7 21 -79 69 -75 -56 54 29 54 -54 -89 96 -98 -19 59 -32 -57 -63 -45 -52 85 -32 -95 48 -49 55 98 77 -42 31 -46 -59 -22 36 43 56 -36 66 97 -69 94 6 14 -44 -47 30 41 41 34 0 -62 -15 62 -13 -20 -36 -46 -8 14 79 -81 59 -39 88 68 19 -7 -37 -79 -28 65 53 -45 -18 -92 -23 -26 -95 -94 -61 -57 -28 27 91 -79 10 62 -76 74 -69 -78 -37 81 99 -88 -32 91 44 -32 -64 -46 -38 -81 -85 -6 13 54 -38 50 60 -10 15 -11 68 -76 -40 1 -80 94 100 -57 -60 26 30 86 47 -41 -38 1 39 35 -56 66 53 -57 -10 -10 -67 -8 98 23 -18 -38 82 -49 -17 77 -87 82 -35 88 -27 -12 81 27 -49 76 -13 -21 38 -4 -38 21 -9 83 -14 -55 40 -88 17 74 49 78 -81 60 40 -63 -10 62 55 -62 -20 -76 64 65 28 -84 -41 -37 -16 -85 -36 -23 70 -31 -2 -57 -16 -62 -73 44 84 67 16 17 -5 2 37 6 29 4 100 -93 47 -70 18 93 -52 -55 -51 31 -70 -29 -64 28 0 74 -23 -39 -4 94 97 -45 38 99 79 71 59 77 -98 96 9 -48 -99 -5 -71 27 -47 -82 -42 56 -97 -78 72 9 77 43 -16 46 -2 65 -27 25 -11 78 89 76 77 -21 -76 -83 72 -78 68 19 22 100 38 62 58 -47 -87 -18 15 51 17 19 -2 59 57 -51 -21 -44 -50 -18 -44 -7 -45
-35 30 31 29 -100 -39 -98 -68 -22 -5 -25 -70 -6 -96 1 5 81 -46 21 100 66 38 -13 94 95 -29 -15 79 46 -88 50 -100 70 83 -82 -54 -99 65 73 11 -21 60 33 95 -8 -95 77 80 -90 98 -91 64 -5 -24 -78 -47 -7 -37 77 12 -89 53 -6 -57 96 -73 97 54 -86 -44 -34 11 -93 78 73 -56 -9 -99 -39 -11 -86 69 -83 96 -12 -85 -76 -95 -22 -82 -14 -57 -38 70 -80 8 -33 -26 14 13 -36 -4 31 -52 55 -42 96 -49 100 -90 -93 5 -28 -18 14 -52 21 -2 10 97 62 14 -84 -66 15 88 5 69 92 4 -11 -45 -5 28 -81 36 56 -40 85 83 -9 46 -19 57 1 -81 9 -73 85 -33 -81 -96 -36 -28 -7 77 18 29 43 64 86 14 -33 -60 83 -99 -43 -74 -91 -27 -35 52 -89 12 29 -49 29 72 -29 -1 90 -28 56 99 65 8 63 67 1 52 15 83 1 -54 -1 17 73 20 35 -13 -11 78 -85 60 -2 54 51 -80 -41 -50 -87 -94 -2 -14 45 -8 -33 79 -1 6 -83 56 -69 -19 -3 -29 -31 32 86 -2 67 -35 -2 -82 68 26 -52 -6 76 66 -75 34 -27 -23 -47 81 -23 77 9 47 45 44 52 -99 94 71 -79 35 -83 11 -38 82 38 0 33 16 83 65 19 -20 -39 -37 7 -99 58 -77 -32 -4 90 64 14 -98 -21 55 5 -9 -12 -27 -12 60 86 77 -70 -88 13 83 -10 70 -16 -1 5 57 -73 21 59 46 9 40 89 89 44 62 -100 7 77 -34 -40 64 78 83 -7 -93 32 -9 -32 80 24 86 -5 -81 -91 64 42 -77 75 91 -44 15 -11 57 -39 0 53 25 27 99 12 21 -99 -48 51 70 -97 -30 -8 -57 -25 41 -30 -63 -20 7 36 74 -24 -72 3 4 19 -14 45 79 -13 66 38 -59 -88 -43 70 78 8 -87 62 34 -32 -5 -41 90 -31 -28 -58 -54 -41 9 21 -93 -84 -1 -97 -36 19 -66 50 -56 -5 15 52 -46 -33 42 53 -5 60 94 -96 -18 72 -44 -94 30 -91 -89 -40 -98 11 -55 47 -4 51 34 -45 -38 21 1 98 94 -52 10 -79 37 -74 -36 69 79 -58 17 2
87 -10 43 15 45 27 37 -39 22 17 24 -31 -14 31 89 22 19 -67 -33 -62 -91 -76 -65 -98 6 76 -60 -36 95 -12 83 99 -5 -7 41 -11 -73 -17 -34 -100 -54 66 -79 6 -30 55 -88 27 71 -47 94 5 55 -14 -71 -24 -59 89 -90 -94 77 -96 -30 92 -54 59 77 99 -16 -8 -4 16 -94 90 -78 70 17 -21 77 -62 -35 80 -61 83 -92 21 -50 77 98 -68 -59 -85 -34 -39 -89 60 -88 20 -76 -74 2 -40 15 -58 25 33 32 -38 21 -44 82 -40 16 8 78 71 23 -9 -40 71 91 -9 -40 22 -51 -82 6 82 9 91 27 -50 -32 -47 -64 -43 -25 66 16 -53 55 77 -23 28 94 18 -46 17 85 15 -83 -2 8 3 -53 -82 -92 10 -100 87 -59 -24 -77 46 -76 -51 -64 53 -35 -10 -61 0 -53 23 -85 90 -83 74 82 98 -25 -5 37 68 -38 48 -45 -43 86 13 -50 -91 -69 2 15 -14 23 83 12 -44 -87 82 -88 46 13 76 45 12 90 -95 35 -8 -30 36 4 59 -78 14 92 8 78 -84 -76 62 52 92 -55 2 18 -15 -43 56 -95 -69 58 25 8 87 12 91 96 83 75 -41 44 -56 36 6 72 82 27 55 -49 -65 -97 -71 9 -53 -74 31 61 -32 62 5 85 81 -2 86 -76 85 77 44 28 18 52 75 -70 67 -52 -81 39 -1 -89 0 -85 -89 100 88 -46 -40 -94 -22 -100 89 23 7 0 -22 91 -56 70 -21 74 12 -44 24 -18 -9 -33 85 55 89 -43 26 42 25 -79 -79 44 27 50 -66 -44 88 -12 -45 -14 -44 -48 36 -64 10 -92 -38 21 16 -6 53 -49 -58 -11 97 75 84 75 -88 -2 -5 0 -51 32 91 -68 -17 27 -88 43 76 36 95 19 -62 -13 76 -64 -50 -52 23 48 62 -64 -43 47 22 -75 89 40 53 48 -17 63 -44 38 0 -1 46 66 42 48 64 -34 -48 38 1 44 5 -65 50 4 -65 52 97 44 -77 25 5 -7 -7 20 87 86 52 85 -22 -75 -29 63 -49 -15 -61 12 -61 6 -47 3 7 81 -92 -67 -3 19 10 23 -96 -57 27 -91 94 -36 -62 -94 57 -40 -53 38 -48 -90
-90 84 87 -92 -25 -45 18 72 64 -58 87 -22 92 17 70 29 9 93 -55 -94 -34 98 37 -57 -32 -64 -51 46 -35 -46 -25 -43 51 -19 61 42 17 -100 31 41 14 -97 35 -46 54 -66 34 -15 73 -77 -57 28 -66 44 11 0 68 -45 -11 -97 -28 -54 73 18 -34 77 41 28 59 -86 98 57 -64 38 32 12 19 -57 10 -75 -40 -27 -75 -56 -75 36 91 99 28 -93 44 -59 -80 86 7 61 53 8 100 99 -63 46 71 33 -69 30 -37 1 -87 -83 16 46 -23 -70 -97 23 -63 8 -28 50 72 23 63 41 -14 61 -33 3 -63 17 93 -89 8 -36 -54 -53 -75 87 -42 46 66 26 22 58 77 15 -30 -53 17 -70 54 -95 -30 -76 15 46 -100 -6 15 -9 91 -56 38 2 93 -8 -22 -45 -20 80 10 -60 34 -36 72 75 -44 96 -31 0 21 25 67 51 -44 44 -14 97 -39 -93 21 -100 -32 4 -12 31 -58 -9 -18 17 33 -30 19 -36 -6 11 62 44 -25 -98 -25 -51 -19 28 19 -73 -40 81 43 8 79 34 49 97 -10 -51 -83 59 79 -52 -41 -58 -69 66 -61 63 70 -88 -23 -79 73 74 -30 -96 -80 15 78 -55 -41 13 23 6 -96 83 40 17 42 39 -15 -56 -57 -20 -95 -82 -75 87 57 59 -71 38 -49 7 -97 11 -84 40 -21 61 90 -2 74 33 -78 -23 -15 89 -50 -2 88 20 -9 -53 77 -11 88 -99 45 74 36 -74 -10 -93 -93 20 -7 -31 -14 -59 -85 31 21 57 93 27 -23 26 79 19 91 -65 54 -4 47 32 -43 46 -68 -71 58 18 -6 -15 -79 3 100 31 36 -50 -47 -75 18 20 -90 -9 -21 82 83 -3 -84 58 -99 78 -21 44 -50 35 -86 33 -73 -82 -57 -95 59 91 44 -7 51 97 -33 -2 39 52 -17 99 11 53 -56 2 -75 5 -36 -100 -77 60 71 38 88 -62 -2 -89 -53 45 91 47 51 18 89 55 -73 -87 -78 82 65 18 4 78 -54 95 -55 13 48 -18 74 -72 65 76 -17 70 95 -57 24 27 97 -29 85 79 29 4 94 -79 -29 -88 6 -28 73 -92 -92 43 27 -50 -69 -53 42 100 -74 -93 26
68 -47 1 -53 97 -33 83 -47 -18 -7 94 71 26 -92 30 36 22 -20 49 -94 10 -25 95 86 41 31 -79 -41 60 -56 66 -11 -11 -30 -14 34 -2 -73 -79 -47 57 -35 22 -98 35 -98 19 -82 44 -99 -41 74 53 -48 -79 -81 -41 1 75 -71 -38 -23 18 -18 19 97 96 -65 -83 -43 -100 -40 56 61 -20 33 87 86 95 -89 -48 -60 -80 38 -16 61 77 9 87 -12 -1 69 -71 -56 -30 91 -25 25 -56 -50 36 -51 -25 87 52 53 91 76 -9 72 -42 34 -81 8 -92 -14 -88 -69 -100 -13 18 -28 100 -95 50 -81 -47 -15 -45 36 49 93 69 53 -68 -87 66 -36 -49 -26 23 -47 40 -90 -32 -7 37 -44 13 17 -80 -69 -6 -55 38 91 -29 96 6 -17 78 69 40 61 1 21 22 69 -80 -98 -69 68 -82 -27 41 53 77 38 -53 85 22 61 -68 -13 -60 75 -50 27 -15 -20 80 47 -3 21 89 -21 -81 -62 45 99 64 -48 -47 63 -20 -20 -4 32 -42 -80 -80 -39 -24 69 -6 9 -48 50 39 -92 -27 95 -3 -97 11 48 -1 -30 54 27 -9 -4 59 25 -2 -44 31 -45 5 -5 -4 -28 35 -42 -25 -8 36 -5 -6 -83 78 89 99 -63 77 79 -31 87 -7 82 8 -85 6 54 68 -38 -31 -7 -17 -1 -18 -66 72 3 -56 -1 88 91 -29 -32 5 -88 -35 -25 14 -43 89 64 -55 -10 -86 -82 86 -67 -90 20 78 18 -83 90 23 -71 96 81 28 -45 -53 5 -43 -73 26 -81 52 -41 53 -25 -66 -31 -14 -95 -66 19 33 85 49 16 33 38 98 62 70 62 79 -33 30 65 87 79 -6 -71 1 24 56 56 -75 -2 28 -39 97 51 -74 37 -49 16 67 89 -80 -81 -7 -66 -26 -19 -75 69 -100 32 -86 73 3 57 -78 50 48 -47 35 -10 -92 -94 -97 93 99 -67 58 4 -47 -57 -81 -45 68 88 85 -13 -51 71 -68 -81 1 -57 -97 -25 -20 63 93 -69 17 -45 76 27 63 -63 -19 -63 43 -31 5 19 40 -6 -22 -76 -11 81 -100 78 -87 -100 87 -100 -82 -71 5 34 30 0 17 -22 18 80 -93 88 -94 92 24 6 68 -69 7
91 -19 -15 95 -18 -76 10 25 -2 -86 47 -26 29 -80 -61 -29 -37 -56 27 26 -11 45 -56 -44 41 -33 -53 -6 -99 96 -58 22 -98 41 25 51 53 -70 39 -76 -3 -47 62 -96 54 -26 89 94 -92 -92 83 52 -3 49 -91 16 74 45 12 36 -42 -69 -32 -18 -13 -73 1 -9 -81 -48 -44 -43 29 -45 -33 -1 80 -72 0 -88 70 86 92 -77 80 -99 -54 55 24 -26 -78 -19 -97 81 -1 58 -84 5 76 74 77 -8 87 -75 -84 -49 65 -20 10 -40 -8 -75 96 83 -3 -70 85 -44 -24 66 -81 66 -95 63 15 -99 15 -98 67 -55 64 -44 97 15 91 -46 -89 58 13 -28 -65 94 -51 31 -49 75 49 -15 61 -83 -71 82 7 41 -23 -79 29 -63 86 46 69 50 -60 -44 51 -60 99 -92 96 97 52 47 85 17 -57 94 -16 -37 57 -15 -97 -28 30 -90 -26 96 -57 -37 -54 -5 -92 65 33 -72 -82 7 66 75 -9 -58 -41 85 29 63 18 48 -63 33 -36 6 0 56 1 -100 -33 1 -89 -10 -45 56 14 -19 1 53 85 -6 -32 29 -92 17 83 -55 45 41 7 -60 33 -64 73 -45 -67 -23 -75 27 -97 18 10 97 95 67 12 1 98 32 -24 18 26 -76 24 -42 4 -68 -74 88 20 13 18 -40 27 2 86 17 -83 21 -31 -23 54 -84 -10 -68 -21 47 -73 16 28 -87 -41 -53 -97 54 72 7 -95 9 23 5 76 -94 -28 -36 -25 100 5 66 -41 -82 78 40 1 24 -58 2 -85 -99 28 84 28 -4 -72 -37 -53 -4 20 -63 27 91 -99 -64 18 28 -71 9 -35 -31 -98 -51 -39 46 73 5 34 -33 -20 -37 -14 90 9 -73 -68 -65 -40 89 80 91 69 89 -36 71 -73 -5 -3 40 29 -81 -61 26 -21 -84 79 -47 -12 85 -14 -45 81 -60 -48 -76 58 25 98 1 84 -66 55 67 -58 -82 -15 90 -76 -40 7 -42 -33 21 -94 63 -65 9 -20 -91 -69 59 78 -92 52 -97 4 -44 66 53 -86 -69 -16 -82 41 -93 17 20 25 -15 -89 18 -98 82 3 -12 -26 51 -45 36 30 52 -56 -9 -46 -4 53 85 69 31 -14 -57 -20 -88 31
55 2 -100 38 -59 3 -91 -74 -7 29 -5 -29 85 -53 -25 -91 28 -52 97 99 99 -38 81 38 19 -16 9 51 -5 78 -15 -25 43 75 73 -25 46 54 -37 45 35 57 36 0 80 -50 -20 18 33 44 84 -98 44 49 -43 28 -62 6 33 64 62 78 10 1 34 -83 -4 11 -11 93 -35 26 34 -16 20 93 -87 44 -21 -76 90 -83 -78 53 86 23 94 93 -21 53 0 16 6 59 46 -79 -33 88 91 31 -63 -84 36 -83 -11 0 39 -100 16 -82 -88 -55 27 -99 -42 29 -47 -97 74 7 -85 -98 10 -7 -20 -45 -7 -44 -8 -48 2 -29 -55 90 -93 -65 40 17 -91 64 77 99 95 27 97 60 -37 -5 10 -86 -96 82 -71 -19 -15 76 6 86 85 -28 -64 25 73 93 93 -47 42 -77 69 -97 -18 29 48 -62 56 -39 -29 -18 4 40 -85 -64 31 -22 -52 92 -57 89 -9 -47 65 47 11 30 -99 20 96 32 -5 -36 76 71 54 68 23 89 -13 48 -55 91 43 -79 -96 -87 -54 83 89 68 87 81 78 -63 66 15 42 -90 -24 -88 -18 48 -26 -58 66 20 21 -99 -62 -44 33 22 -44 -61 -27 54 -24 -58 80 -72 -8 -50 27 15 -54 77 -50 97 -42 30 -84 74 -95 -19 -12 -7 61 93 79 -34 67 -19 96 -20 77 -30 -25 4 18 -9 58 -29 41 14 51 -34 -1 81 -5 77 -23 -79 24 91 -98 -69 -22 61 -54 -52 98 34 21 -7 -81 -84 -78 -60 -44 -9 -48 68 -46 -61 0 -6 8 65 22 -74 -37 73 -89 19 2 23 71 58 100 5 -26 -42 -5 -41 15 31 -19 95 37 -46 -100 52 89 98 -86 89 41 87 -20 85 86 -1 -20 -99 -16 -71 -4 25 74 -10 99 -13 81 -94 -42 -15 -24 -54 -71 15 12 -43 -55 -1 -96 -67 16 -64 -49 30 88 -20 -12 -78 -27 -23 30 -3 67 -95 69 28 39 39 -62 -5 -16 -57 -13 38 -95 7 14 29 89 52 -67 75 34 -75 -10 24 37 -86 2 3 -1 61 -51 98 -16 -93 37 -29 81 1 -30 35 -59 -36 76 13 1 31 -82 50 60 47 -4 -7 45 2 -56 48 -34 -12 -43 1 32
26 -45 -30 -70 88 -75 -34 98 -65 -15 89 37 66 2 50 25 0 -6 -8 67 -95 17 -48 46 78 -52 -69 69 15 21 -60 -12 -97 34 -95 -26 -30 20 -36 -42 -58 -14 93 70 90 85 97 -88 95 -7 62 93 -78 -72 85 63 95 83 42 -77 92 -58 97 -63 -10 -88 -39 -93 -75 26 -62 -35 100 63 96 -83 86 -69 -83 91 -39 42 13 -73 74 21 46 66 -87 37 -18 -24 -2 -68 -87 -82 -46 -38 95 -2 52 -8 13 32 35 -92 -93 5 -40 0 73 75 56 45 43 11 89 -26 87 -41 85 33 0 54 100 25 99 -86 -86 35 -22 15 -23 70 -30 -5 86 -35 -90 -68 -18 -47 30 83 -9 -56 3 43 -70 -89 64 71 -82 73 -14 -93 -47 39 18 -20 95 16 -76 77 -52 -90 -93 -71 -44 8 16 -10 -95 -72 -96 22 -87 89 6 -8 91 -90 -95 49 -70 47 30 76 28 62 -29 40 87 -43 84 -85 -46 -27 70 -67 30 -47 8 53 -64 56 -83 75 -22 -86 -41 -82 -41 -45 18 -58 29 10 -7 -34 5 -89 -35 -53 28 -6 37 99 88 62 -91 -7 15 -60 -70 -1 22 91 85 -66 -26 45 -3 -44 11 -18 -90 23 -51 53 -39 -16 76 -57 -19 -46 -99 -87 60 11 77 -42 -22 -76 38 39 -84 49 94 -63 67 91 -42 86 -83 78 -50 89 21 -48 40 -44 67 34 34 25 57 36 74 90 -51 -41 66 -27 24 75 -35 51 85 -81 -71 -43 -52 89 8 -21 23 -58 -84 7 5 41 95 67 7 -23 -71 -10 -95 -64 86 -17 -4 -71 -67 -29 10 7 36 -90 87 -91 19 97 -51 73 17 37 14 -30 -3 4 -84 -11 -5 83 64 63 -63 -84 -100 -52 -72 75 90 -13 -29 -69 12 -57 32 97 -15 -49 31 -3 95 14 84 80 -93 16 95 -31 39 0 76 -79 22 -34 97 7 91 77 53 -72 -35 -53 -28 -5 -94 -57 -76 22 75 69 -5 78 -12 85 -7 -98 56 -78 19 -87 47 -72 -24 -21 -50 70 78 56 79 75 90 -4 84 56 -92 -45 -3 83 74 -12 30 75 23 -19 91 79 -9 97 -4 -53 83 -78 -96 97 -38 -7 35 -18 -7 -17 0
62 84 78 -67 70 37 -24 14 -5 84 64 -4 13 -91 60 46 14 -4 3 -52 -16 32 83 30 -16 -83 19 20 51 91 -66 -78 44 -83 -92 66 0 -2 -6 -69 -73 23 26 -73 60 -61 12 47 73 10 37 57 -63 67 -73 -57 -33 -99 1 3 -86 70 -62 19 74 -53 -78 84 19 -58 91 -90 -32 -10 31 -43 99 24 -100 -41 27 -82 25 -93 -88 -9 57 -90 33 58 -54 -17 1 -47 31 90 28 53 11 -31 34 22 -59 4 59 53 57 -67 -80 -44 33 -51 -7 -5 91 -67 100 -55 55 -86 12 -68 54 -77 75 -61 -38 28 -24 72 -10 -62 -28 65 52 75 44 -13 91 90 7 62 70 32 84 -100 -77 68 29 -41 -74 22 -83 -75 -77 30 23 -17 99 83 -34 53 -20 -81 -59 -91 86 14 -49 -82 81 21 68 5 -26 -19 74 -91 -53 -66 -74 -38 -15 -2 26 0 -88 -68 81 -46 63 80 17 17 89 30 -91 20 75 93 14 29 66 -81 -8 -58 -55 -19 -60 94 -18 -26 60 4 -56 -85 -55 18 -64 -24 -77 48 69 -93 55 -24 81 37 83 85 72 56 54 -83 93 -78 47 54 40 59 48 90 -87 86 -55 -48 0 -9 -31 17 79 21 93 -88 75 -91 46 -34 7 3 95 -62 47 -92 95 -38 22 85 92 -39 -89 -4 30 -24 -7 -53 85 -7 -52 30 73 70 48 0 -78 22 -10 -81 -30 -30 -32 -74 -13 71 -97 12 -24 39 -36 -96 51 -3 -59 -64 42 -42 81 -14 -94 68 39 96 -16 97 59 -80 59 96 67 40 71 -58 7 6 82 55 84 38 65 -5 80 -46 61 -47 -89 -76 93 -1 -58 27 -73 -56 63 8 -56 77 27 58 -44 24 93 -69 -72 2 15 13 -92 75 -59 -89 87 21 78 19 -20 -86 -80 79 -67 1 -71 74 -2 -41 26 0 80 74 -84 71 -17 -71 79 87 8 85 -29 97 62 -75 -65 -13 -56 -41 1 33 54 31 46 -95 -42 87 -10 -44 -48 -31 -10 73 28 0 -15 73 91 -92 96 -35 79 -34 -34 79 33 97 -23 85 73 -98 55 -25 83 -14 -74 61 4 46 1 50 12 87 72 29 -25 -85 -80 52 93 66 78
-63 -46 57 52 -21 91 -13 -57 -18 -99 -27 -56 90 -65 -11 -12 70 -56 53 -33 50 -70 -48 -52 -8 96 -26 -88 -69 -18 23 77 41 -72 -46 48 15 -72 -64 -74 -33 68 31 0 12 -56 -82 -51 -21 -66 -11 70 -38 -80 74 -27 54 55 -99 -86 93 10 -3 -55 -94 61 -84 -1 42 -40 -57 -58 92 -6 -81 58 28 41 5 52 49 -79 -46 -63 29 71 33 63 -7 -65 51 -85 63 -99 4 81 45 22 62 -44 64 73 -42 72 34 55 73 84 54 -50 -61 41 72 -41 -17 -24 43 -44 26 42 62 -86 13 -47 -38 42 -40 89 68 16 -7 -14 44 -7 100 -54 60 -56 -44 -69 48 -84 -41 13 94 15 -87 41 -95 50 50 61 -74 -73 -65 4 -50 71 51 -40 -82 -79 -43 89 70 42 -9 52 -45 21 -17 32 -19 -2 -11 -11 -62 39 -50 21 87 -21 -94 -94 -46 49 31 -90 20 -56 28 18 -55 -2 -78 32 -60 99 -99 70 -50 -83 31 -94 6 -86 57 49 82 54 -87 -37 -76 -78 63 -56 17 83 -12 15 -50 -77 -66 56 66 -20 6 -54 84 38 46 10 -100 8 64 2 62 -41 97 61 76 10 -96 -34 -44 -18 -46 -46 0 17 82 18 -6 29 -83 -43 74 -2 52 22 36 9 -79 78 -60 -3 -95 41 1 2 -72 -1 49 -99 99 -5 -59 16 40 -82 90 -74 -89 5 -51 -55 -91 -9 -61 -65 -60 -11 98 -47 48 -9 -68 50 -88 44 21 73 -15 13 53 22 -63 -23 -69 -41 -33 60 37 53 56 -81 56 21 76 9 -22 55 23 75 -16 78 37 -95 55 -9 9 -76 79 -52 -92 95 -25 94 27 -45 -94 -80 20 86 -2 -29 48 -53 -26 55 3 -33 -98 -52 -92 74 -76 10 -22 52 -41 -26 -1 63 -67 -83 -12 78 22 45 94 -37 67 74 -47 -9 -40 -96 -78 53 -98 16 92 -73 88 -18 33 91 -23 -85 67 -42 -31 -51 -67 -76 -53 -51 -27 90 -28 50 3 -99 80 44 -96 85 -65 20 78 -47 51 61 78 74 31 59 4 51 -31 86 -14 12 -24 -44 -20 -40 26 -74 42 -61 -17 86 -4 14 -98 -5 -26 -56 -65 13 -77 -50 4 -18 30
-83 -56 -78 -41 -11 -60 21 46 -55 9 -53 -5 -35 -45 17 68 44 -31 -4 12 -16 76 -41 27 -24 -49 -1 84 41 -87 53 -86 -68 -5 11 16 -18 -29 -68 69 -60 -61 -26 -80 -53 -72 -7 56 -35 26 -43 -20 100 98 27 -99 -50 0 -53 15 -47 55 53 -78 -99 -8 70 67 -68 -37 12 -64 12 -63 46 -36 -10 -73 19 80 -28 18 -100 13 -81 -67 4 10 59 -83 91 84 -93 -91 -3 -62 -35 -40 -39 84 -51 -93 -78 46 -99 57 38 -31 -14 49 -36 84 95 -3 -76 -10 3 -41 -40 -10 49 67 17 31 -84 36 -8 -47 34 -11 -33 19 18 -11 -41 64 -68 96 0 7 -70 82 72 -26 -74 -61 -22 -11 46 66 48 -86 24 -100 3 72 52 7 34 -76 69 -94 58 -53 -15 -22 -53 -44 -10 52 34 -6 -68 -46 -19 -62 -84 6 93 -1 -32 -3 -22 -42 -95 73 17 -54 -59 3 -24 -40 -92 67 54 99 -76 88 46 64 -71 -93 -4 -79 77 20 -25 79 -100 11 81 20 20 60 9 81 73 69 -50 -59 14 56 -58 -93 31 99 -53 -45 53 1 -38 -86 48 -52 46 61 -36 36 76 14 -35 -48 22 -66 36 -78 -18 -26 64 -23 12 7 80 -54 -69 31 89 -44 14 -83 -48 40 -75 70 -69 -3 -55 -54 45 53 -7 -90 -24 -61 -48 -45 73 -34 49 -76 -31 49 24 -93 27 100 23 76 39 -60 -71 -23 45 -53 13 -25 11 98 92 -68 67 97 6 -59 -23 97 -37 -39 -40 -82 29 74 37 8 98 33 12 -99 71 25 -98 63 57 -23 33 -6 -59 -74 -34 18 67 2 -70 -10 -13 0 -7 -53 -86 55 -80 -24 -92 -17 -87 -1 -30 -74 24 2 40 45 59 74 -94 -72 15 -68 -34 20 21 93 53 -86 28 82 51 -58 20 -67 -5 82 20 -58 33 75 -80 98 -12 -73 -77 -83 39 89 -93 -53 -6 3 -71 -80 83 84 -71 70 29 23 21 -64 33 23 -78 -97 90 26 -75 -70 6 -85 27 -87 -75 90 -59 36 82 46 -64 -47 72 91 -81 73 -93 -22 40 22 -7 98 8 -73 -79 -30 -90 2 60 -76 67 -93 -54 7 33 23 -48 33 10 -28 60
68 -65 -81 -30 22 35 93 -49 -1 7 19 -22 -100 -74 -27 -61 -98 97 -36 -5 -95 -56 -93 -6 -95 95 84 -92 48 7 27 -74 28 91 -4 94 -100 73 20 71 -31 10 15 -16 -59 83 -23 -41 32 -20 88 90 -8 35 13 30 -52 61 2 -55 29 54 69 35 -8 -11 47 -3 -47 -85 2 70 38 -11 -84 -91 -97 -64 72 -16 52 21 -27 32 -6 32 -31 -7 -50 -79 -47 -26 -51 -94 34 -29 -50 -73 -85 -85 52 59 6 -100 -34 -78 -11 -80 91 14 -4 -12 71 38 -68 90 -13 -17 -36 -90 -96 43 90 58 20 -41 -46 -42 -35 37 -96 87 -20 -16 -47 71 -74 -56 55 -25 -76 -89 19 54 40 60 12 -53 60 3 39 97 42 50 73 -63 -40 25 -65 98 13 17 29 15 99 -76 59 -35 24 -75 -97 96 -100 56 -44 84 -82 45 -8 -96 59 39 -59 -89 8 95 -13 87 77 14 -57 30 12 -51 84 -24 63 91 73 62 60 -47 -67 -18 -61 96 -39 23 -27 -57 37 -34 89 -26 -13 -12 -86 91 86 25 -57 -87 -89 -71 -73 11 45 -51 0 80 -59 -18 -51 33 -62 81 -100 -25 -77 20 -28 -78 0 -99 75 13 56 88 -63 62 47 -25 45 -81 -71 86 29 -10 66 46 -91 -91 59 -4 -44 -6 68 -5 70 -17 -49 2 -66 20 -42 -77 51 -59 75 63 -15 6 31 32 -74 -86 -94 6 49 72 41 21 -44 -62 -51 63 45 -25 -87 -35 -9 60 -94 -34 28 84 67 -55 17 55 27 20 97 67 -1 -75 -96 -64 10 -24 -87 -45 -79 -86 6 73 50 64 67 -41 80 -45 12 71 80 -50 71 -15 -70 -9 -55 80 -95 14 0 18 -74 -77 16 14 -23 26 2 22 -40 -29 42 0 43 23 13 5 21 8 5 31 -76 96 38 46 7 -15 67 34 96 31 -90 36 79 -28 -26 100 -17 34 77 69 95 -26 -27 83 87 55 -47 8 -3 88 2 16 -72 89 -60 47 -18 49 29 -84 -79 -28 -21 45 -18 83 61 16 -46 -5 -30 99 12 9 -18 73 -59 -81 79 -66 30 63 72 -8 -92 96 42 -49 19 -72 -99 52 -15 93 48 -77 98 17 30 -100 -43
-59 -31 32 -29 19 98 2 99 29 -20 26 -12 25 -13 -1 62 -50 -64 -99 -5 100 -48 -53 -80 89 84 -61 -18 -12 24 -65 -22 -24 44 40 39 -71 -27 -11 -23 39 15 -33 23 -55 42 64 -67 97 74 63 -90 -82 84 37 52 -35 19 -63 43 67 88 -12 6 -80 -1 4 -10 -47 71 44 28 54 96 -74 31 3 92 -85 35 35 47 33 -43 -56 -1 -56 26 41 -61 19 -18 95 -20 100 -63 -81 74 89 -19 -40 -68 -23 93 -10 -2 89 -70 51 -52 96 -69 65 -91 -52 -85 67 -1 62 -40 47 -14 4 42 -70 -8 19 19 74 -31 -28 15 -51 64 -51 -36 -81 -16 47 66 -76 -89 -4 -47 -98 76 -91 -18 63 48 33 -36 4 -63 -56 75 -11 -23 -50 46 -40 43 14 -29 44 -44 30 -89 92 62 -29 10 80 96 91 -86 -20 -37 -70 14 -52 -33 70 -33 78 74 -91 -72 -67 97 68 31 -60 -22 0 66 19 -57 59 0 25 -74 -15 -21 48 -99 66 -97 -77 70 -75 -38 16 -1 20 -87 -29 -52 -53 -14 24 65 -76 -58 -91 -3 -92 8 -58 -43 8 72 64 85 64 -20 74 85 2 -44 -59 12 14 -72 88 -93 58 50 -72 -82 -63 -24 19 -10 -51 6 -61 -100 73 56 42 -30 -74 -71 -57 -3 -36 -88 -79 -20 51 -97 -83 70 -64 26 100 -83 97 7 16 91 38 83 -76 92 13 -13 -77 32 83 -1 69 -16 19 42 -88 -6 16 54 69 8 9 65 78 92 57 65 16 91 -89 -59 -86 46 26 -79 -14 -88 -80 66 5 -48 -22 -6 -75 55 -42 70 -61 -16 79 67 100 -55 -82 -75 16 -42 -53 57 -98 -18 46 -33 80 -79 13 5 12 34 -84 -56 -86 18 45 73 22 -35 67 -69 -45 -78 -67 -96 83 68 -84 -70 65 77 -9 39 60 -93 10 94 38 -26 36 82 59 87 83 13 -84 -19 6 -87 -39 -61 8 -95 4 22 -82 -97 -9 -29 -31 -46 -40 60 99 -26 -74 41 87 -85 73 -71 67 -91 45 18 89 66 47 54 63 -88 -27 -90 33 -66 99 7 26 -57 -74 37 71 -65 -99 28 4 -44 -12 -2 -30 46 61 47 -26 -5 68 -49 -27
76 -16 9 -32 -74 18 -58 20 53 37 80 73 90 51 44 22 -48 50 54 -50 71 84 -99 -85 -78 52 -31 82 72 -26 99 46 -93 5 81 17 69 -15 21 -76 73 -71 93 46 37 23 6 52 -96 64 13 -25 74 36 43 13 97 -26 39 1 -34 16 -94 17 -49 71 -19 -19 89 -42 -55 31 -52 -56 -67 -69 54 -48 -8 -41 -69 55 55 -44 -44 -36 -66 6 25 21 -21 -30 83 59 4 -31 63 21 42 -58 -3 57 32 84 38 13 19 100 73 22 -7 -72 74 2 57 4 54 -72 -8 -5 76 40 25 51 -73 -58 11 77 -67 40 -94 -71 -80 68 34 6 37 -11 -51 67 64 -4 90 -6 40 52 -50 -68 -73 -9 -87 8 49 66 -52 -61 -49 -91 -82 -92 39 8 3 35 52 58 76 -52 76 -4 33 5 42 -27 62 -24 -12 64 -74 47 -25 61 -31 -80 91 -21 77 -6 -63 -1 -21 -39 -56 68 89 -76 -45 -94 -12 33 18 61 87 -16 66 -38 -22 -69 -29 14 31 -20 -22 -50 9 13 27 -25 34 23 44 47 -50 -81 89 -88 -39 -44 68 -99 89 12 -16 52 63 -43 -81 -23 85 -73 -91 -40 -81 100 52 -1 -39 19 70 27 -47 83 -75 51 -9 41 -18 16 -56 -8 -1 -43 -62 -64 90 -7 -51 -67 -69 -22 -96 67 -50 -69 -34 -67 -42 -89 -19 34 -10 -19 13 43 45 93 84 51 34 6 21 88 -53 -41 -76 -24 -29 -7 -80 7 -88 -35 -76 79 45 -54 -43 20 89 82 63 -34 87 25 55 -99 -77 37 -3 50 -43 57 27 9 -85 -69 -58 -18 -92 -12 -67 21 -29 -9 51 -70 100 -73 -9 -7 9 -24 60 -1 -66 -30 90 98 -77 -66 -95 56 -66 -92 -35 97 68 23 -91 -31 68 -85 21 55 -84 91 -31 88 -95 -15 -14 -74 23 -66 30 -16 27 -55 -41 -94 71 35 2 4 -80 -5 -39 -11 -70 17 -60 -60 -68 49 30 -42 -75 -30 -36 0 -88 -46 -60 -29 -38 14 -76 4 76 -21 2 68 86 -69 28 54 5 -26 -13 -44 21 97 21 -82 -99 -62 94 0 -84 53 -94 -31 -33 -66 76 85 -42 -99 -86 81 69 -24 30 23 -60 -37 -31
-3 -30 70 -24 93 34 -26 5 -38 -69 -3 -44 -6 -26 -75 54 37 -81 90 98 70 7 -87 71 -10 37 26 1 -25 63 66 -3 10 52 -76 -97 24 25 -45 87 -37 -93 -39 -54 -74 -57 -39 48 -92 82 98 -6 -71 -43 55 -75 82 -46 -75 50 39 -80 -37 -61 -63 -3 59 -77 -89 77 -16 -5 32 -90 10 42 -60 -90 5 -20 45 -59 85 -68 -94 50 -14 55 -78 42 97 0 89 -89 73 4 73 90 5 30 -16 60 48 -47 95 98 69 -85 82 14 -87 -12 67 -22 -86 -19 18 29 -52 57 -13 55 54 -93 -76 -94 -23 -38 31 -73 -96 -66 68 -61 -69 26 49 -79 83 -32 18 -66 43 9 -51 -89 -78 44 66 65 88 35 100 74 11 -30 17 -49 -38 -32 -94 80 12 3 33 -94 -18 86 58 -100 48 -66 4 -76 -61 21 16 -43 83 -58 39 -20 85 96 35 -7 12 60 -84 -55 -40 -71 -16 94 -6 77 -20 -18 19 -57 -44 69 -88 -40 -15 39 22 52 -37 -45 15 -43 -70 -10 83 -35 26 -50 -64 22 28 47 20 75 -77 -5 1 76 -73 -54 -74 -7 -18 54 93 -65 58 -33 -57 73 60 -28 10 40 74 -70 20 -44 -4 48 19 -16 -31 -9 66 35 -51 90 -97 88 74 84 70 -33 -1 42 3 67 -10 4 75 5 37 82 38 -46 49 0 30 -85 -17 -60 38 -43 -100 67 -12 67 -91 -71 99 40 9 -65 39 16 -61 49 17 -96 -76 9 -10 92 -2 85 19 99 48 61 -53 -9 53 -74 37 19 -8 -23 40 -86 -89 -58 23 -79 -76 54 -53 30 71 75 -99 -99 -9 16 -91 -35 69 47 -84 80 77 99 67 36 -96 -31 36 -77 -86 -62 48 27 21 -58 -80 -41 -14 -92 -7 68 -47 -83 -11 2 73 93 50 71 -36 17 -70 -84 20 -38 77 12 89 36 -21 88 -67 -21 52 -43 43 80 -62 -75 96 -8 -74 -94 84 -69 -30 91 -52 -5 -74 80 -55 -60 24 100 -22 29 -51 32 72 -59 -96 -47 -20 62 -74 -80 35 24 48 -19 -74 -40 32 -56 -10 -50 48 -4 17 42 86 17 -89 60 -13 -85 -37 -69 39 99 43 54 20 55 -61 -69 63
88 -81 38 -45 -44 -97 -28 6 4 -34 20 38 14 -11 77 27 -14 -42 -15 40 -27 -15 24 27 40 87 35 -56 34 -64 68 -12 31 4 -81 -63 46 -78 -37 -60 -29 -95 77 -74 -30 26 66 -61 1 55 -4 -48 -83 -82 -87 -96 -58 -8 -24 27 -7 21 -45 -34 79 -95 44 -26 85 91 -70 -100 67 70 44 -40 95 3 -3 -5 -88 -14 44 -51 -66 21 8 51 98 -43 24 67 -39 86 4 75 -94 -88 -19 79 23 -2 38 19 16 19 90 -22 97 -66 -94 -83 21 80 -82 92 -60 -31 -50 24 -62 56 -58 3 34 -29 74 21 -17 97 58 84 85 -15 -8 -87 -71 65 98 -20 -29 -6 74 48 -9 40 25 49 94 -65 87 -97 -32 -26 77 -28 -38 2 51 -7 -19 87 -3 -40 -83 62 29 -71 -90 -49 2 8 -66 10 -98 65 -96 -14 96 -64 97 -89 93 49 -16 52 -16 9 -14 98 19 -100 85 -12 -96 -95 56 -15 26 -90 32 -4 -84 -59 -73 13 61 -30 5 42 -43 21 3 25 74 26 26 -58 -21 -56 -30 -70 31 -13 -100 -86 -10 12 -3 49 91 -68 -40 -18 -95 -86 -9 93 78 -22 40 -69 1 -4 73 -16 -26 -55 -48 -78 -93 -57 -22 52 -97 75 63 -26 -82 -58 -89 -55 -28 1 -68 30 69 -91 12 -25 -20 66 -28 41 67 -48 41 57 7 47 -19 -11 100 -7 68 69 -35 97 92 -66 66 -45 -37 88 -38 -99 95 -44 14 -17 -25 -74 25 -45 13 56 -19 34 -26 -2 -89 32 66 48 70 -77 -95 -77 29 78 73 87 -26 -57 73 47 -2 -56 7 -84 -18 1 -97 -72 99 53 23 95 97 51 94 50 -62 60 -61 16 -75 54 63 99 -12 -43 7 -86 -70 98 2 57 65 62 52 -43 21 3 97 -53 -81 -44 63 31 -34 -92 -35 34 -59 -57 7 57 -71 41 -27 -21 -28 75 36 2 64 19 81 -86 -97 77 77 56 13 9 83 30 -30 46 -71 72 67 -100 85 -38 80 23 -74 95 98 41 87 4 -41 69 83 -44 -2 35 51 -46 -81 71 -91 -84 57 15 45 92 76 -1 51 -43 -34 -99 -18 24 55 58 -88 -83 72 -3 94 18 -34
100 61 60 17 5 66 64 -27 25 9 48 10 -37 -47 -82 -91 52 -37 39 -44 -11 55 -3 -8 16 -23 83 93 38 -21 26 75 -40 -72 -28 -91 96 -73 77 89 -60 1 30 66 -15 26 32 74 -70 -76 92 59 27 -86 76 -20 41 -16 -53 44 69 20 -49 84 -42 62 35 77 -22 -86 -21 14 -26 7 -16 -14 -95 -53 50 -9 91 -38 -85 87 -22 -15 13 -76 67 -13 30 61 37 87 -40 37 54 -19 -48 -63 92 8 61 -90 -44 17 50 -93 63 49 38 63 93 1 -17 -88 -21 98 17 93 -59 -39 -4 -54 57 3 -56 100 -61 -91 -8 64 92 26 4 75 -13 46 -29 -63 79 95 -3 -21 47 61 -56 -46 -43 38 -4 -58 -66 -75 95 -70 15 21 -56 71 -81 63 78 29 -18 -27 65 -46 -32 -93 77 17 83 -19 -47 -97 -22 -18 77 95 4 -81 58 -49 47 40 -63 -75 -11 -2 88 15 80 -14 -43 13 -11 -13 -31 98 -98 -91 -69 31 42 -7 -75 41 70 -79 54 9 24 95 -42 2 72 -8 -29 69 45 -33 83 -60 -49 87 -36 67 -58 -14 -43 -25 42 -38 30 93 38 96 -97 -58 41 -22 -13 34 73 -43 89 -34 54 -15 26 81 30 -55 -20 52 -82 -72 21 -83 -88 -40 23 40 -39 -30 -9 30 -58 88 73 -32 -15 98 -69 -96 2 -31 85 85 -41 -47 35 -47 0 64 90 77 -56 87 56 -49 -91 65 39 44 63 -51 -10 54 -59 -81 59 -50 -60 6 71 -25 75 73 88 -3 64 29 18 -48 51 14 49 -43 -17 63 13 -38 -19 53 23 -91 -30 4 -11 2 -51 -80 64 -81 57 88 39 -84 23 -89 -42 -33 -48 33 46 100 -48 46 90 88 -7 -58 -91 -51 -78 79 0 99 -43 -60 -69 -7 -90 -76 90 -51 -47 -78 -91 -4 80 56 80 81 26 34 -12 56 16 -34 58 44 -4 39 -74 -29 26 -74 -44 -68 62 38 -13 47 89 8 -40 96 72 82 -41 63 41 80 77 -37 48 66 96 -32 5 -54 -52 -78 -57 47 34 61 67 -20 25 14 51 14 -18 -31 -57 83 -89 -93 -58 93 62 26 -42 -82 3 -27 -24 39 -6 -71 73 -75 -20
75 96 -49 28 -50 -16 -22 94 -92 -12 85 -88 -10 -95 97 -34 -66 -18 29 -88 -100 28 -35 34 79 19 79 -99 8 -57 35 -49 7 -98 -64 -88 37 72 -1 -93 -80 -51 -5 5 23 -62 27 78 11 -82 -43 -35 36 48 59 -64 91 -92 30 68 93 -91 11 -39 34 11 -22 7 78 55 -2 1 83 66 -92 44 98 -9 91 56 -91 -58 -24 56 24 -38 -4 93 -10 -16 -6 -58 -12 62 -88 -55 55 -15 49 30 -49 29 29 77 51 -46 -100 63 -11 25 -53 57 -51 -91 95 55 -95 -2 -92 -41 -20 98 85 -90 -70 33 84 -81 98 80 100 79 86 -26 -64 -85 42 -22 25 2 76 56 85 -4 0 -83 54 87 -62 -9 -56 30 51 93 -44 39 -40 -89 12 -46 15 -95 -17 -13 -90 -85 -44 36 -53 5 37 13 13 87 21 -1 -66 -39 79 -51 20 64 -24 -62 -19 20 -93 74 -43 34 -54 43 -37 59 73 52 -12 35 -8 -26 51 68 -19 22 42 14 -41 -8 1 14 98 -21 -8 60 88 -99 91 -33 -56 -62 -63 77 -74 64 -32 -70 -34 -59 -69 3 -51 59 -96 36 100 38 -90 38 -70 43 -35 37 -61 -18 48 -30 -66 77 100 56 21 -62 50 100 -92 -22 5 19 -10 8 -23 -22 64 4 94 -3 -57 58 -93 -17 -24 -46 -69 99 -34 -100 -27 74 31 34 -65 41 -60 -65 -77 -59 -96 -12 58 96 -40 -70 -55 -92 -82 37 -1 -46 83 -90 69 43 17 65 -12 -58 54 -47 -25 51 -26 -51 65 2 18 -63 -9 -91 -63 -40 22 -15 -81 2 68 32 39 16 77 12 -54 75 -45 36 75 -33 87 -86 -72 -47 -21 42 -94 -8 89 83 21 -69 47 -37 -28 99 91 76 34 81 -39 58 -55 62 38 81 62 -45 -94 -31 18 67 -44 -88 -1 -15 -90 45 -6 11 39 58 33 -85 100 65 45 6 -83 -79 -36 -4 5 -22 85 24 -67 -91 37 -80 -10 -71 -39 -59 44 -88 57 92 80 -34 79 -86 -88 57 -22 45 20 -67 -7 -99 56 48 20 -32 -53 -92 85 64 -59 -87 71 -79 -44 91 -25 -84 -5 -27 -19 -2 72 -57 -88 -9 -44 -53 -97 55 -54 -62 1
-2 -60 89 -79 -92 1 38 -78 -29 -91 -32 56 -51 -45 -66 -31 13 96 6 73 -24 -14 -55 -48 -60 -36 2 72 63 -76 -89 -30 -94 82 71 -79 35 57 59 -87 67 21 22 -75 -76 -64 87 -43 -9 58 46 -65 -29 -10 12 23 -76 -78 -96 16 -5 -51 63 -5 -8 55 -83 27 -2 12 41 30 21 27 58 -82 -97 3 25 81 -50 -43 -44 47 -37 -34 -61 82 61 21 -22 29 30 72 -58 87 13 78 34 38 71 27 72 -40 100 -91 -41 -60 -39 -68 37 -60 -57 54 91 -56 -35 -63 -48 -57 74 -69 -21 -37 31 -3 20 79 -41 -67 -10 89 -13 -36 42 -7 -86 70 -90 51 20 -64 21 -58 60 -53 -4 -22 -16 -77 53 -12 -66 37 -99 -2 67 -38 46 20 -94 28 -24 76 -19 -20 0 47 16 51 -56 77 19 -38 -20 -75 -35 53 3 43 66 -49 -97 34 -91 98 33 92 -54 -66 57 70 -18 9 58 -32 49 49 31 99 55 7 -95 18 42 -97 76 16 96 50 -76 -21 89 -17 91 -29 -59 47 -68 -12 82 23 -100 -14 100 -22 38 -29 95 69 -28 -45 -63 -20 -30 -62 13 75 93 -36 7 -95 -11 79 42 -42 -8 88 40 43 14 -50 25 16 77 -62 -91 11 77 -35 81 -70 -49 -49 83 -100 -86 -69 -9 -83 -73 23 -22 32 47 99 5 -44 -85 77 -37 -90 -67 -99 25 20 -67 74 49 -4 -93 98 26 -59 15 75 -26 63 67 -73 -37 94 78 -35 -19 7 -63 -91 -73 -15 -35 45 26 -74 73 37 92 -22 -69 57 -25 -24 51 98 47 44 78 1 -98 83 46 -58 -78 20 91 -84 46 -48 -89 90 -39 88 -70 29 -62 86 51 52 82 -15 -81 95 1 17 32 66 96 -65 13 85 92 -96 -86 58 -88 65 59 -98 40 -37 85 94 7 -69 -5 -62 77 62 16 -48 38 13 9 -67 -54 -33 34 17 94 -38 -42 -20 -28 -94 37 95 -9 53 -53 3 8 -21 -28 -80 22 97 95 -33 -46 13 11 44 87 44 -52 -29 15 63 2 57 -73 -29 -40 -82 2 -9 -73 35 79 29 -74 -29 5 36 43 -60 81 95 51 -60 23 17 14 -20 -32 -78 16
61 80 -33 74 -5 93 64 56 89 -11 -36 -18 89 -45 83 -30 -69 16 -27 -75 -63 68 -95 -63 -90 -9 -18 66 95 76 8 100 26 -41 -75 63 28 -9 12 11 -100 -58 -92 -70 64 -3 86 -82 -42 91 -98 83 -64 67 83 -36 81 -96 -7 60 49 29 80 -38 51 75 98 38 82 -33 -31 0 90 78 100 -73 -87 28 59 -21 -56 -72 -62 -93 -87 -92 95 -97 -67 -33 -30 70 91 -2 -89 -100 -1 90 -67 66 97 14 72 51 70 -28 65 -27 81 39 92 47 62 99 -47 -25 -85 67 -62 -53 -86 -18 76 32 2 -53 96 -73 60 -82 -37 94 -87 41 -71 30 -57 -40 -38 -30 41 25 -71 65 78 -41 44 84 -85 58 -11 74 -31 -55 29 -92 -78 -26 -36 24 -62 15 88 87 91 -43 64 -61 43 80 -41 -5 88 -24 49 90 -39 36 88 -1 35 47 -17 58 42 -14 -15 -72 97 -45 81 7 -26 88 70 76 94 -75 -10 -82 25 34 -57 -76 14 -27 -81 -84 -56 81 20 1 86 -5 -7 55 91 82 -41 -70 -13 -46 -4 53 17 74 12 -17 -61 -48 -42 46 7 -95 85 -20 -43 41 -10 -1 -54 -15 -65 -26 77 10 -55 59 67 47 0 60 93 -80 93 2 92 -38 -62 -53 35 68 -83 70 17 -47 17 17 -74 -72 -39 98 -21 -17 59 -28 -95 53 -2 -67 -40 -40 41 15 -14 15 -2 -4 -54 32 95 8 79 -68 28 -39 94 95 -39 -70 -28 42 82 85 81 92 -25 -12 68 -21 -27 -83 -9 54 67 60 63 -10 -9 -19 -30 -68 89 -39 57 97 94 -15 -15 -78 2 17 -45 -95 -20 36 73 -90 26 -52 96 -99 -76 8 65 33 -4 -32 12 -36 -93 84 -48 0 84 -59 31 34 55 15 -24 -43 35 46 -44 -35 -28 30 -74 -27 -9 14 76 -99 -72 -42 -43 -56 98 74 95 18 -91 48 40 -33 -22 89 82 83 99 86 87 -75 -55 -54 -7 57 62 -63 -71 -44 -85 -48 11 47 79 -46 0 -16 -37 60 74 -53 97 17 73 66 67 -22 8 36 -6 -79 -21 26 56 -99 -89 -80 -30 -48 -93 -28 -94 -62 46 25 52 -39 -62 0 -46 48 -19 -51 61
100 39 -22 25 -74 -58 -18 -95 -7 -10 -4 59 -60 12 -81 66 -57 -34 1 -29 83 68 -94 15 95 1 -19 -3 12 98 -5 63 96 -9 -32 32 -76 87 -78 -88 88 -8 59 70 20 55 41 -98 -75 -75 40 67 30 20 -75 -20 -85 -100 -92 57 32 90 52 -88 31 82 -61 92 73 91 -13 61 57 27 -28 -92 4 89 -52 96 -18 80 -75 11 -83 16 38 35 -20 -48 95 -85 -60 78 41 -65 -19 2 49 -80 5 65 0 95 91 6 -52 26 16 -98 -5 1 0 -32 90 -84 36 -71 -7 -59 -35 -3 43 -76 24 -34 -93 -99 54 5 74 82 -90 17 38 -68 -82 -22 8 -5 7 19 -35 -77 -11 -26 -80 -75 -80 -65 34 -28 -31 99 25 -18 28 48 -32 -3 25 -70 58 -67 58 -16 96 74 -79 73 38 88 -90 46 -89 -100 -16 97 58 90 47 -6 -44 74 -66 69 72 -74 -14 -71 80 67 46 -63 -56 14 -52 -77 -8 71 14 -45 23 -43 68 43 82 -75 -61 -66 -71 -75 52 -28 57 -16 97 70 -13 -87 -34 77 0 3 -80 3 84 49 65 73 13 -90 -23 99 86 77 43 84 45 11 58 8 64 -85 -24 87 -56 33 -29 -65 22 31 61 32 64 1 -94 -25 92 30 -69 73 -35 -19 -100 83 -62 -22 -45 -45 -70 -32 4 7 0 -23 13 71 -24 -8 -60 28 -49 70 48 -82 -12 -40 58 -87 12 65 89 71 43 -59 87 18 -12 -92 59 14 -57 60 61 -94 -30 -67 -52 22 -64 -41 99 -92 -59 84 20 22 21 -88 -50 82 74 81 14 -97 -1 62 -2 -20 38 -89 93 94 -51 90 92 -68 -80 73 -18 -14 -57 39 -82 81 -59 24 71 17 -1 -17 -32 1 -94 68 -58 -30 42 -18 -65 3 86 -42 -54 78 -5 76 -98 42 -83 -49 -44 70 -94 -48 -65 66 -52 34 -26 47 -48 61 69 -32 -10 49 -49 -69 11 -30 -97 -56 -75 -96 -34 -12 -63 -76 -88 -70 13 -6 98 -86 -75 12 -84 10 -93 87 -63 3 -55 11 -88 56 -67 -28 -31 88 62 85 12 13 81 -10 71 43 76 -35 -45 -91 49 -40 -73 15 72 60 56 -47 -21 -99 77 88 14
-43 26 -89 -13 -52 83 -18 -75 24 19 -84 -49 -55 -91 -66 -53 -4 27 -29 8 78 80 41 75 92 75 -5 -24 61 -12 -59 72 39 -54 80 -72 27 -28 34 50 -97 -12 -72 -57 15 -82 86 19 20 71 70 -48 21 -73 -91 22 -55 -54 -76 -71 24 -81 -87 -90 -28 -68 11 -20 0 64 -48 95 -98 59 4 76 -57 -6 -28 -72 -65 -14 98 35 -39 -62 72 -72 -95 -30 43 -52 39 12 83 20 -27 -88 33 46 70 55 -35 -19 1 43 6 69 -17 66 -62 56 -76 -10 -38 66 96 -52 -55 -92 28 -96 -77 -71 75 43 58 54 -86 96 84 86 -84 -60 82 53 88 8 32 -65 -47 -18 -78 35 24 -33 35 -17 20 89 -61 25 78 60 -36 76 56 -40 -10 19 6 20 -39 -42 -12 81 96 69 -97 9 16 11 60 -60 25 49 64 -79 30 -77 -69 -43 17 21 75 18 -67 -37 38 55 92 31 -13 -58 -46 79 32 52 1 45 76 51 -53 11 -16 48 -51 -68 -41 99 44 -33 16 63 -76 -93 -93 83 -41 44 18 49 3 55 -18 42 33 83 100 -40 -99 75 -80 58 -29 -36 -94 -96 -61 -10 99 93 -94 -36 58 47 17 50 47 -56 38 -96 62 43 21 -55 44 -44 -59 96 16 -74 20 79 18 67 -27 -15 -46 100 31 -60 48 -58 -17 74 38 -85 11 98 -41 32 94 46 46 61 -11 -23 14 -48 37 74 66 4 65 -58 66 -35 -96 4 -94 36 60 -51 -41 16 -6 65 -25 -76 1 -52 -2 -14 4 -90 98 57 100 13 38 17 84 -35 -30 -83 -67 -21 -43 49 -74 23 5 98 -6 -63 64 87 -54 79 -36 -19 -14 42 66 -25 33 20 97 56 22 50 84 12 62 35 36 19 44 -66 -19 -75 -19 -35 55 44 -7 -94 -59 5 -5 -9 -82 -37 -68 17 -1 -97 85 19 37 86 10 60 -87 49 -96 34 34 -50 16 63 -51 52 -27 44 -72 -41 -88 -35 -55 -29 100 -93 -80 -26 11 -87 9 -42 32 -14 9 6 85 -72 -55 3 86 2 -66 -2 46 -7 -69 52 -21 0 35 -42 -1 19 -31 -13 71 94 89 -11 10 74 -52 61 -77 53 -50 -35 80
54 -95 56 -30 -21 -86 -8 83 -53 95 45 -21 24 76 -64 -78 -66 -14 44 -74 -47 -52 -19 13 88 5 100 38 -44 -100 1 -12 23 -34 31 45 -47 -82 87 -16 43 -68 70 17 43 -79 3 -93 47 62 18 -97 -27 -64 76 -57 67 64 -97 80 -42 -98 -51 26 95 7 -62 81 -13 -34 -37 -31 57 37 -11 -63 -40 -44 -76 58 -96 59 100 86 1 -7 98 -13 -91 9 16 -69 54 37 96 -58 -18 -24 -31 37 -78 -65 -44 -50 4 90 -9 -29 46 -46 -92 -77 59 39 99 84 48 -51 -14 -9 -36 -17 -31 -45 2 71 75 28 47 51 90 44 55 -48 -48 -100 70 14 75 73 78 -98 77 -45 -70 -23 95 35 37 -31 -89 -29 -16 9 8 -4 94 -60 -15 88 -16 -28 -73 96 32 72 43 -44 -98 -71 -84 26 46 -19 -46 -41 -21 -66 -52 -25 52 2 -89 22 63 -24 7 -32 -79 83 -80 88 14 40 13 88 -56 85 34 10 55 84 -9 -48 100 52 -91 85 27 -16 -25 7 -96 -6 -46 -70 9 48 76 -38 -10 -45 -24 88 -84 89 -10 -93 48 -96 -86 -64 78 -21 32 -41 -33 18 -37 30 -69 -71 92 59 -16 36 29 27 65 -97 83 16 -45 85 5 43 -44 -67 -66 20 20 42 29 47 68 67 6 -21 34 37 -45 55 97 -64 12 38 -58 -77 -82 12 -52 32 -96 -72 54 -29 -79 -9 96 81 93 97 -77 74 -53 -20 86 27 -17 71 92 46 93 -49 84 32 -80 -99 -19 78 -50 -61 -65 97 -57 -31 28 67 -89 28 -69 27 31 6 -42 39 83 97 -9 -33 44 32 -87 20 -19 -55 72 54 -95 -91 82 -66 -49 -10 -67 6 -53 46 -66 -9 72 -81 17 26 85 -25 27 -63 -3 -73 -27 86 60 39 57 -98 -25 43 -71 35 50 13 35 50 -68 -3 45 44 97 -2 29 23 -25 -17 -4 81 -35 62 64 36 -60 -17 -84 21 -65 -11 16 -54 52 72 81 0 -83 6 34 70 79 -44 -62 -20 25 -35 -45 -74 -37 66 94 -1 -85 -14 72 -18 -47 64 -66 77 -13 87 21 19 -34 73 -38 -1 -41 -21 -40 -68 11 56 62 -42 29 -17 -96 -11 68
26 6 21 -10 86 23 86 68 20 -33 -2 6 65 13 -85 -81 57 -1 -2 6 -90 84 -24 43 3 -75 -26 29 88 -69 -3 39 25 42 -27 65 -61 47 -90 23 17 -53 -83 98 33 93 -23 54 -22 -44 39 -11 -86 68 -34 48 -79 51 24 80 -5 44 3 -32 -74 -12 87 -82 -93 62 -33 76 -90 79 -47 -83 -62 -13 94 86 16 -61 46 1 -63 -84 67 32 -37 44 94 -94 62 -36 75 77 -7 20 2 10 -65 20 84 87 -37 99 17 -7 -83 18 47 97 88 36 11 36 82 -68 -4 -100 81 51 76 74 42 73 0 -54 -63 -99 49 -66 83 -32 24 0 -63 80 -10 -75 -23 -31 -5 -7 58 -13 26 19 -31 66 -27 53 72 79 -75 19 -32 38 -100 64 0 -6 13 -74 97 90 39 -63 36 76 -47 40 60 -98 19 -1 43 40 -35 31 -41 -85 70 -92 72 -69 26 31 76 -33 -31 46 33 51 70 -77 72 -61 -86 -27 51 15 56 -47 83 -17 -100 23 78 32 -88 70 -67 55 83 -91 31 -56 94 -25 87 -67 25 77 79 67 30 88 -4 -97 -97 75 -75 -29 -40 23 66 15 -27 69 -23 34 91 25 -85 -72 72 68 52 6 -33 56 20 -22 -88 5 5 -65 21 -67 80 64 0 -20 -31 88 -91 -70 8 9 28 27 -63 -24 89 94 50 -93 -51 -57 29 -13 8 66 48 68 66 -27 30 100 65 -43 -80 -26 68 -51 -79 52 48 -53 38 -73 -75 -49 65 -91 -83 -94 95 44 -23 6 -14 33 83 -44 54 84 -97 58 -6 62 33 100 -13 -80 97 19 -74 49 65 -80 -61 -56 62 2 14 -42 -89 -61 -48 -52 -96 43 72 78 -22 -24 41 -15 -57 -93 6 64 -16 97 41 48 -65 -98 23 -96 98 18 44 46 -73 -56 -3 21 80 88 -26 37 53 58 -21 56 -84 94 1 -96 78 -76 92 -97 -29 -95 13 69 77 -93 5 -71 -54 5 -82 9 33 70 27 -19 -100 -32 19 -3 10 2 -38 -19 54 -88 -37 97 91 -75 -49 -84 97 1 -55 -13 -16 -38 99 -50 -36 71 -14 18 -61 36 -29 72 35 -34 27 7 95 41 88 86 -38 -5 7 -76 -62
-15 59 33 87 -54 50 19 19 -70 54 -81 40 41 68 -1 19 97 71 27 70 36 -12 42 -52 31 23 -46 31 82 6 -9 -97 -27 -55 -45 56 95 -18 -31 68 -51 -72 -55 -95 -84 -60 48 94 43 -66 45 -34 -40 99 32 -83 -10 55 -53 52 90 18 -89 -18 -94 -39 0 33 98 -40 -66 -68 -81 -54 -11 -89 49 -64 -59 -38 -8 -62 79 -38 20 72 -44 13 -72 -98 8 -88 33 -66 43 43 -12 66 88 0 -15 4 -69 -28 -20 69 95 -49 22 -84 -25 10 2 -42 88 -19 97 52 75 -48 46 -58 -62 40 52 17 63 44 -86 41 -71 -17 -86 -3 9 -15 -80 78 1 -78 -50 -23 87 69 -30 -86 72 69 71 -12 -61 -70 -56 40 -11 -46 -44 -37 25 79 -69 -40 -44 -91 94 0 -74 16 -99 -76 -60 79 -60 -44 -24 -70 -96 85 67 -89 -13 14 -84 12 80 14 3 -2 51 -86 72 52 25 14 83 77 95 -95 47 3 -29 79 8 -54 -19 -42 46 27 49 99 43 -97 -43 -77 -81 -99 -40 70 37 8 -84 84 55 70 -81 73 -48 50 67 90 -17 75 34 58 80 20 -67 56 42 22 85 -56 6 11 65 17 -19 -4 -97 10 75 -39 8 -35 -7 -39 -35 67 33 -31 75 -19 4 94 -64 68 70 29 61 55 58 23 -24 -72 13 51 24 17 3 93 29 90 -63 -38 -10 42 -23 18 14 41 76 69 -31 -40 88 46 68 1 -95 -37 -93 -50 -46 -93 -48 -44 -51 27 -30 -60 -8 -98 43 58 -38 24 28 9 -81 34 -42 100 94 -58 2 -61 48 72 59 -84 -79 31 89 -8 9 77 -6 -90 -53 2 -21 -11 36 -1 90 79 -9 -51 20 -44 -60 60 0 -92 -61 -79 -43 -94 34 54 45 -38 57 44 -88 46 99 25 100 -47 20 93 -37 31 -73 47 -12 34 47 22 30 90 75 12 81 50 62 -57 92 -80 -80 6 -96 8 65 61 85 56 -51 31 26 74 -19 55 -68 33 -67 -24 -11 -70 35 -35 -4 15 -73 -70 -20 85 1 -32 47 26 -42 56 23 -10 20 -68 -79 52 -84 -99 -55 -41 72 32 82 68 64 -57 -100 47 24 -83 83 -96 15
3 66 -67 61 27 -21 27 15 -20 23 85 34 -13 -69 -38 -47 68 84 -93 -33 54 -52 -3 88 -40 -30 -63 -75 -30 -83 89 54 44 79 -83 -88 -51 70 56 92 14 54 22 62 79 49 93 26 43 -56 -5 31 14 44 43 99 -28 -79 -15 -90 -35 95 76 67 -13 86 19 -55 55 78 80 -35 -73 89 6 -80 -20 10 94 48 -11 -3 -30 96 40 -6 8 78 68 17 -54 -100 11 -38 82 -97 -86 -83 -20 -21 -83 76 -90 19 -29 -95 -56 -6 98 -47 98 -1 -44 82 43 -62 -69 2 8 -47 -85 -81 91 19 14 78 28 9 -21 33 54 -39 6 -34 -5 64 -72 -39 -66 27 -77 75 94 15 79 -33 -45 -27 69 -11 -33 -27 87 51 -47 -35 51 -17 55 84 86 -15 35 -26 10 -76 91 32 -78 90 47 -65 67 -77 -19 -11 -23 4 -67 -91 -69 29 -77 -45 16 62 10 50 21 50 -11 90 40 -59 42 5 7 -3 -98 24 -66 -47 26 21 21 74 42 35 -13 -58 90 -95 -91 16 29 89 9 33 5 -88 -16 -64 -94 91 -79 31 -28 -22 47 -98 2 47 -21 81 28 -31 74 70 -99 22 -81 -53 -3 9 -33 19 -43 -13 -12 -38 20 17 -93 -38 -27 -38 -16 93 19 37 32 70 61 50 -18 16 61 -23 76 20 46 17 -36 27 -70 31 -42 28 5 -37 -66 99 -77 -37 -87 67 -42 -33 1 -75 88 95 -53 6 36 46 -21 12 -45 -1 42 -11 -43 -47 44 75 45 -22 36 -23 1 93 -91 2 89 11 53 -46 23 -14 -11 87 87 20 6 -62 65 -45 4 -29 15 -38 51 50 -56 -13 -68 -84 -81 31 67 -23 -67 -29 1 -28 -50 -25 82 100 73 33 65 96 9 -96 84 93 34 58 -88 -34 -17 65 -55 -98 -14 -95 -81 -76 46 -73 -74 -91 -96 -92 29 -11 -27 -63 75 96 41 -38 -93 -18 42 32 62 -82 93 -89 49 -14 42 93 -22 -35 89 26 46 74 -96 48 77 -53 -64 35 -44 -65 -34 20 89 -50 0 15 -14 91 -10 25 -83 49 58 -90 -4 84 -44 28 -10 -71 70 70 3 27 -35 -27 91 -65 -87 94 -35 57 78 -1 1 58 45
37 -16 54 -91 27 27 0 10 94 25 -24 3 -11 51 -78 -70 96 64 71 -25 4 -72 77 59 -98 66 55 88 -42 -44 64 -60 74 -30 -22 -63 31 53 -46 -49 -64 16 -3 10 -90 -3 41 -93 -15 -25 70 -79 -65 47 66 40 -88 -64 39 87 -30 78 85 16 0 -71 -36 2 91 -37 -12 -72 -20 88 -73 7 58 -100 -36 -10 52 -20 99 -49 92 49 -14 -70 78 -91 3 -21 -35 49 3 34 74 -2 6 -63 -41 -57 -82 38 -85 -23 -23 -62 -66 14 2 83 -84 -42 -79 46 83 -79 35 -17 -56 6 0 -20 -28 51 -79 93 -14 -19 -55 63 -3 -14 -96 14 48 30 -9 -10 -95 -99 28 -32 -1 84 99 72 -98 -60 83 30 -32 -7 -14 -57 -29 -28 30 -41 -25 1 -42 -64 39 -22 97 9 -70 42 -61 -92 16 13 -59 -47 -69 -70 93 66 76 30 4 -1 -10 10 -33 61 -42 90 87 -20 -22 -75 33 19 -86 -19 84 -31 -81 -78 -30 68 83 -48 67 60 82 -80 73 -47 27 26 -60 5 97 91 4 -9 14 19 -44 -3 86 98 -69 66 86 -37 -52 97 1 -90 58 96 -59 -98 -16 27 87 -72 -19 6 8 -50 -30 -33 -77 -64 -44 85 61 -58 94 57 -40 28 100 35 20 92 -100 70 -93 -32 -63 -7 82 10 -1 -68 62 65 20 -56 16 13 -53 -56 53 92 100 -83 -1 2 -43 29 -89 7 33 -1 46 38 25 16 54 -76 -82 25 -10 -97 42 -26 96 36 16 -21 -62 2 -41 -49 -56 59 -15 40 53 22 -79 81 -42 70 20 63 71 56 68 -67 7 -61 -29 -49 72 26 98 -96 97 -38 19 96 -82 58 32 -42 -98 69 -64 -67 -81 13 74 17 16 65 50 1 -44 -84 -62 -57 -52 -45 94 52 97 23 -2 38 -37 -38 -72 -93 66 93 -57 12 -73 -99 83 -16 -49 51 -25 67 -30 -80 65 -10 73 -64 64 68 9 4 2 87 23 85 -1 -86 52 53 -97 60 31 -74 28 -84 -67 10 -81 55 53 -86 -69 26 -84 76 -73 91 -3 3 -35 -56 74 2 -94 -91 25 89 -99 -25 23 47 -52 4 -21 -74 -35 31 44 37 78 30 42 -79 32
-23 -33 80 93 38 -51 8 -71 -44 31 29 -46 11 -20 -74 49 -85 94 67 -65 36 -21 65 22 25 15 32 31 -9 -82 -20 -72 100 72 8 -100 -31 -60 87 22 68 74 -79 -85 -17 -26 12 11 31 91 -93 14 -63 11 -57 -65 65 -80 83 -5 -29 57 3 -66 47 74 -39 -35 16 69 30 -10 -81 -38 7 63 -28 -31 7 -4 55 54 15 99 -43 -77 5 -18 65 3 -53 -58 63 68 -24 -18 -49 -59 -88 -93 63 -63 -99 -89 23 -60 58 18 69 81 21 4 35 -59 -66 12 -16 3 53 60 2 -14 81 -67 20 -3 -61 98 70 46 -11 -77 71 1 -79 -61 -9 -52 -20 33 8 -29 46 35 -62 -57 100 -62 27 -7 -70 74 77 -37 57 -80 44 -9 18 -93 -78 -53 -13 31 67 -85 83 -30 66 -17 -80 95 -77 -82 76 6 -33 -71 -40 -79 78 -38 77 70 60 -71 -26 65 49 -86 -17 38 -25 26 36 -46 -90 64 -67 -73 77 73 -97 14 -74 -56 95 -83 18 85 38 80 -47 -25 -41 84 -32 35 -6 -7 -64 -82 61 -2 -9 -48 -99 85 -84 -25 69 -21 -63 -95 24 -34 38 11 -69 -77 -38 65 7 -10 -83 4 1 -27 -23 -43 98 -19 14 3 -92 34 91 16 12 -41 35 -13 -48 51 47 34 -82 68 -16 -74 -44 93 -45 77 -68 35 66 -66 44 -53 -4 -57 -97 78 43 17 -42 55 -15 24 -40 -8 -14 78 78 -12 55 55 57 -22 18 -9 -22 -32 -14 -11 -11 -78 -42 6 -9 30 -73 -94 -2 0 30 -58 46 -57 57 60 -75 18 79 35 -61 71 57 -70 -30 -32 6 88 -37 95 52 -98 28 -67 -10 -34 -87 78 33 67 -60 -22 -64 -88 -39 -86 84 8 -84 -56 -9 -4 33 19 27 -7 -5 2 -99 -54 -71 93 19 35 -93 0 83 -86 80 -55 -54 81 -97 56 93 -98 -53 66 66 -98 80 41 -75 -94 21 78 1 100 -99 -76 -39 -31 74 -96 77 19 65 81 46 -57 -36 34 -66 69 -67 -95 -69 36 -87 -70 19 19 60 31 -41 85 46 55 42 56 80 9 42 36 68 -68 -72 -35 -23 49 18 -40 -37 -9 98 -10 -4 69 -32 -80 91
-70 -71 -98 60 96 -94 -68 -40 38 0 -75 -29 7 54 -58 -88 4 -47 95 7 -93 87 -83 -48 -28 -90 83 -66 18 32 -65 -67 40 -48 -78 37 -30 -27 80 -81 -60 -12 75 41 -44 41 -29 65 45 87 -50 100 -98 38 -58 -29 77 -44 24 21 72 -35 80 -2 -64 -18 39 -83 -7 -88 37 -23 -19 10 -82 -33 -62 -66 18 87 -55 65 -31 -87 83 52 38 37 5 -74 94 -56 -32 -57 -64 -81 87 72 77 90 35 -90 -94 -85 -74 -30 45 -61 39 30 27 -1 69 -15 92 33 100 -29 -47 59 100 64 68 23 15 36 71 58 40 82 -73 44 -48 -66 19 3 32 -78 -69 -19 66 65 -15 89 93 -10 94 68 -31 36 7 -36 -90 28 44 38 69 99 74 -27 -12 -55 5 -19 -39 15 -68 86 -23 -44 94 -3 47 -22 78 -15 -47 62 -55 89 -92 -98 99 32 -31 -96 -87 85 92 -50 -60 3 87 61 18 90 -40 -90 -72 -36 4 -20 90 54 34 82 -74 -45 -90 35 -6 -32 21 99 -95 34 -82 14 63 9 100 69 -86 -90 -5 -15 -56 -61 21 -17 -9 -77 38 96 37 45 -24 42 65 -32 81 -42 6 15 45 66 50 -68 -11 100 91 -85 28 -23 -6 -51 55 60 -2 30 -29 -79 -32 21 81 -1 70 -21 -73 -41 43 85 -69 -90 -56 70 -19 -42 64 -93 -66 47 69 26 -45 -72 -87 -80 4 16 53 -90 -60 -58 -35 -93 96 12 96 -64 -98 4 -5 -89 6 -23 -81 30 -87 37 35 17 62 91 29 57 -4 -63 -30 51 8 -57 96 85 48 100 -28 -93 81 63 -46 5 -84 -51 56 74 -11 -68 39 97 -43 50 96 89 -6 41 -11 -84 -83 82 -49 -90 -38 88 -94 57 26 -79 41 -34 -41 25 -44 -10 59 -53 51 78 -90 29 83 -98 -11 40 -1 33 92 63 99 -80 -38 25 -38 -77 -60 36 -7 1 91 -25 5 37 37 -77 -60 -21 -69 25 72 40 83 23 79 57 61 -64 -64 -71 73 -51 37 -33 -15 68 -21 61 45 -29 58 25 2 98 -55 50 -26 -17 53 -35 72 96 -32 33 8 -83 95 -18 6 88 6 -100 27 -63 6 61 -87 -6 -87
-8 -40 -99 14 93 -8 63 66 -20 98 -95 -48 52 -12 -67 -90 -70 -42 -76 63 -2 -68 33 -89 -67 -10 89 75 -15 -66 -98 58 -19 48 -78 24 -80 -27 -36 -95 -60 -16 61 5 -93 -16 -80 100 17 97 85 -81 93 -92 94 76 17 13 -17 -39 4 -74 63 54 -98 -8 -20 -90 -63 -43 -95 73 19 -71 99 -64 47 68 -55 -9 -63 -38 -29 38 16 27 -24 -69 -53 -61 -87 -20 -95 -62 45 72 72 -51 -14 29 71 -46 -7 77 -19 99 49 -22 -89 44 -29 -16 4 -28 -68 -25 -43 -50 -3 -17 -39 23 6 13 77 -59 -14 -16 43 70 -89 -35 92 0 1 81 -2 -6 -83 7 -52 -92 -16 -45 -20 56 20 -66 -15 -34 91 17 99 -45 -7 -100 59 39 66 -26 -57 52 66 -4 52 -35 -76 -13 -86 -86 -10 52 7 65 -21 1 73 -6 -42 -62 -52 80 61 -24 -98 57 32 27 13 48 20 -78 5 92 8 64 46 60 48 -61 -56 -64 56 17 75 -4 72 23 -67 51 -53 -54 20 -43 -23 29 81 8 -81 83 -54 -69 -63 89 -22 43 33 -48 13 -35 69 -30 -36 -33 36 -14 -93 -97 26 -87 0 40 77 35 32 -87 -46 19 -76 -10 1 -81 -79 -26 31 -86 51 49 9 -16 -31 -98 -35 21 58 59 94 1 -34 57 -51 -84 4 99 78 -82 19 38 68 -12 40 -19 24 -64 7 -50 -80 28 -72 55 63 -95 74 -37 -17 75 -25 27 2 -65 47 -95 -28 -65 -22 -35 30 -95 56 100 7 26 -30 91 -24 -23 77 -81 -39 90 82 99 62 -4 -76 -24 95 63 81 -5 -16 -33 -40 -76 58 -99 -19 -2 29 -54 -41 72 8 43 -43 39 33 -53 98 79 -81 13 1 -21 59 57 -22 76 -72 -51 5 83 -55 45 1 -27 -63 91 -1 -10 93 13 13 49 -26 83 -58 -28 10 -43 65 36 78 -36 88 -18 -37 94 -18 54 -12 -43 6 45 22 31 -27 -97 -69 -38 -28 42 49 -18 49 31 -62 -28 -39 -8 -6 -73 -14 3 -56 52 23 -55 71 -98 -87 -9 -42 96 -60 56 -87 -92 59 -3 86 -64 26 83 -58 29 -65 -78 1 77 19 38 82 -44 -38 13 -52
4 79 -24 81 -20 -6 -89 83 -46 12 92 73 24 -60 63 85 84 93 -87 -49 18 30 46 -100 14 53 1 34 -73 54 45 -57 -14 -75 77 -49 14 60 -75 -94 -90 -81 -44 66 23 18 -52 93 -51 50 69 63 -32 71 -81 -71 24 -17 -10 78 -1 75 -40 -69 -95 88 94 84 -4 -96 -47 -4 -17 36 54 40 74 -26 -50 -97 17 -31 -34 -9 -60 -51 -64 -66 -56 87 71 3 96 -30 -39 -95 -71 27 51 81 38 -14 -32 12 -64 84 68 -63 -66 -67 -55 32 83 -53 26 -46 57 89 35 62 37 -44 -6 71 93 -75 36 97 82 -50 -99 -8 -91 -67 30 70 -69 4 14 -74 34 32 -30 -80 25 67 87 40 -48 -14 75 -65 -41 -100 53 -89 -64 52 -88 -49 85 -74 4 71 -56 -75 51 -40 29 -22 -48 -28 11 -91 99 31 -26 10 -57 72 77 67 72 34 45 64 52 -5 -6 -87 -5 65 -32 -2 74 -45 50 29 1 34 -41 -27 -76 44 14 -100 53 -82 -85 -63 32 5 91 -45 6 -50 100 38 70 -52 34 -37 6 17 -21 57 81 -22 -65 -54 82 22 -44 -70 87 -43 -5 -31 -68 -5 3 -5 -75 59 -24 -95 50 -84 -18 -75 -1 -39 2 -1 -52 20 83 -43 75 90 90 -41 96 -67 -82 -76 75 6 67 -67 73 77 -12 11 -72 -45 -39 -34 -10 -7 22 -37 -8 -10 -57 -35 -30 -40 -37 -90 -77 -14 -22 -70 24 88 26 93 86 35 -90 32 70 68 -2 -81 68 -51 7 -18 -86 -17 27 -74 -40 -51 96 0 -6 -32 77 -37 -95 -11 -92 0 71 63 3 -44 68 49 53 9 30 -65 16 -32 10 -59 66 95 67 -56 -33 -43 71 -79 -46 74 28 -87 47 46 -85 -50 59 -18 74 -73 79 77 50 -30 -38 -99 5 -49 -69 -69 23 -35 84 -97 86 -2 55 47 -86 86 32 -62 1 25 50 59 -99 68 -64 -41 83 -89 39 -48 -71 56 96 75 -48 91 71 79 -48 -43 -28 39 27 15 60 -62 95 28 76 100 -93 -34 -6 67 -75 -73 -22 65 29 -47 29 -78 -18 -40 -55 81 -26 -61 100 18 17 -32 -75 -86 -38 -14 -15 93 2 30 -2 68 96
58 -45 15 5 -96 -31 33 6 -18 19 25 46 -64 84 -4 -36 -99 -16 -6 1 -53 -36 61 58 99 16 74 91 99 48 65 99 -67 -78 47 32 49 -69 40 -83 61 13 15 52 -100 -72 53 -66 10 85 79 9 -13 -25 72 -71 -47 -54 -60 94 -39 94 -69 -93 62 -59 10 76 86 86 0 26 51 -64 87 17 -46 81 -97 -12 31 21 74 -73 16 -96 -23 25 42 -99 -67 -63 26 -99 85 42 -77 -19 79 -94 52 27 -51 56 91 38 19 66 39 -79 13 -88 -65 72 1 33 19 66 -46 17 -36 -35 -82 -15 57 36 16 -27 -6 -15 64 72 -9 42 -51 69 -100 6 99 9 -99 -25 82 -9 -68 26 56 -20 43 -4 70 82 84 43 47 -59 30 30 -35 -89 44 84 -4 -57 -14 -17 -33 -1 0 70 51 2 -7 31 66 -80 98 -43 -99 -97 51 38 44 -26 57 94 -29 -15 99 -88 42 91 -81 59 -97 77 -97 18 6 -13 -54 84 100 54 79 -18 -7 42 24 30 -27 13 -65 8 69 -35 96 -73 -78 78 -69 -24 68 65 100 -84 -32 -5 56 39 -93 -76 12 87 -70 90 -48 29 -95 72 16 -73 -97 -59 -44 53 59 -9 20 14 -25 -84 36 -61 -66 -13 21 -13 72 69 -40 63 -75 -73 14 -67 -65 -85 40 -49 10 63 86 -83 67 3 63 75 -85 98 92 3 -19 -56 87 -80 -78 72 10 42 89 67 -2 -2 48 -60 59 -8 -63 -96 -30 48 -20 -26 35 -11 -15 60 -94 7 -44 -62 -33 36 27 76 24 82 -42 -45 84 59 24 89 49 57 -95 95 -99 3 99 -1 66 8 67 23 -81 -35 43 49 -67 -82 -9 75 -91 -14 20 -10 -70 51 88 37 -30 -56 15 56 64 -61 -95 -3 -87 0 85 -66 26 4 41 2 -14 -7 26 -53 48 36 -80 37 -19 -52 25 -72 -70 -8 4 100 44 -45 48 -10 99 -45 -71 75 -71 9 -82 -83 84 -6 -33 -89 20 -96 -20 -83 -17 27 -2 -57 17 62 32 75 -8 20 70 47 -95 12 -96 -28 2 13 25 -10 4 -95 6 -95 35 -5 40 55 30 -11 -73 -68 -55 -21 98 -49 -43 -91 28 36 62 -82 65
-96 84 -47 -78 -84 11 -42 26 15 75 95 -23 74 18 -83 -83 66 3 52 11 87 -24 -25 -95 92 -61 34 53 47 66 -18 4 9 85 -7 -58 64 -44 50 3 -39 -21 -80 -93 -93 -28 -81 12 -53 92 9 -96 66 11 51 26 5 -76 45 57 -75 65 -17 89 82 33 92 89 89 93 34 -6 -37 -31 -1 31 -6 -80 -100 89 -5 19 -30 13 1 44 -91 -76 12 56 22 4 78 -90 -42 -77 -94 43 60 30 -48 -73 -68 56 37 -56 10 -75 43 21 -18 -9 21 -38 15 -63 -98 -47 93 24 68 97 57 -60 85 -54 -62 71 -78 -58 -33 -68 -48 17 61 50 -46 80 -80 -47 36 -89 67 -83 99 67 89 -24 32 -38 -89 -38 -40 -66 16 16 77 42 57 -33 25 -31 64 -94 87 72 -66 25 -61 51 -17 -88 34 35 -70 -36 -9 -91 -17 74 -77 95 80 14 -76 -71 -35 -13 -23 -5 -92 51 25 -9 70 55 18 -65 -24 -21 -13 44 -47 -78 6 -83 -99 20 -67 -53 -41 -76 41 -42 90 1 -41 23 94 -49 -5 -3 28 88 71 -89 -21 14 -31 26 -61 60 42 24 -70 36 50 31 -24 -26 -71 45 83 77 -16 -53 -29 2 -54 -37 -32 88 85 -73 -31 -53 -19 -18 62 -76 91 34 -83 -44 -25 -44 77 71 -64 -88 92 -36 12 98 -26 80 -10 -9 -20 -87 -8 -6 56 51 24 26 -3 64 46 54 95 -27 17 -39 -62 41 -16 53 41 -16 -58 26 -7 45 -8 -32 95 54 46 -34 45 69 59 93 -51 -6 20 92 -76 -75 85 -67 22 68 -63 32 81 -17 -24 -57 41 -54 -75 -18 -31 30 8 -20 -100 26 -98 44 -15 17 93 -31 -37 64 57 -61 58 -22 -68 -82 96 79 -69 37 -93 -13 -73 85 -6 -88 -90 -83 -48 22 -79 -40 26 -91 -87 -9 35 -34 31 62 68 65 30 57 85 15 -100 -69 -13 4 -54 -97 -43 -54 -50 95 27 -12 -73 -29 60 -24 -5 -93 31 2 -56 -9 48 -8 -44 -42 75 95 -17 85 -12 -39 -42 25 33 -36 63 70 96 85 57 -76 -92 -50 95 -94 40 8 -39 56 -33 -61 45 -19 24 -62 11 13 -36 25 35 -12 -42
-19 -22 -64 70 23 71 -41 -5 -12 61 -57 -32 -49 79 2 9 17 21 -73 16 90 -25 32 87 -19 64 27 18 -88 100 -16 -73 38 -30 -94 28 -6 -34 -14 60 -6 -66 55 -38 -48 26 76 -96 84 -85 -43 -46 50 -90 -10 -59 72 95 92 -11 85 -46 -95 57 -57 18 -49 98 -65 52 -27 9 -19 82 30 54 15 20 -77 37 91 -2 79 -51 24 27 73 28 -40 -63 -82 43 98 -35 -71 -76 -81 -7 -24 -61 77 -76 -19 -65 84 95 -18 -65 40 74 -4 52 36 -95 -66 -82 100 62 11 -82 -38 2 32 9 -17 -63 7 -2 40 1 -13 -78 61 21 70 -16 16 52 -64 -37 -38 0 -6 -68 -32 49 85 -24 -93 36 66 -21 19 59 65 11 -76 -55 49 12 26 74 75 67 31 -90 -37 -25 -64 81 -17 -91 -66 85 83 -45 -80 -61 66 -95 67 54 60 44 50 -10 -31 -28 -9 -69 -17 -89 48 -86 -73 -34 -55 34 68 50 -97 -16 44 -14 -98 5 -21 -9 -67 -37 -70 -5 86 53 -9 76 -37 9 -45 15 67 -28 19 7 -81 -94 -61 93 72 2 16 -51 -55 -3 49 39 -21 11 -30 49 -66 -38 -99 23 -31 -71 76 20 11 91 -95 -49 -86 -51 42 -68 82 28 -72 84 28 61 50 52 -91 28 80 -66 24 -71 -12 -44 51 -70 43 -30 -64 89 49 -58 -72 -43 -38 -24 -75 -47 66 -2 33 97 29 -42 7 -91 -68 -58 -16 -69 29 60 83 27 99 -8 98 99 -68 -67 19 -86 19 26 87 -26 60 -64 -35 41 -53 24 -35 -17 57 9 98 -68 -14 -65 21 92 91 66 -84 -37 74 40 8 9 45 -71 66 -46 -55 82 71 69 49 14 -95 1 -42 17 -30 -56 14 -6 54 3 -62 -1 -86 50 -29 63 46 52 19 84 53 100 -35 33 -63 -84 51 100 -38 -40 -27 27 -59 26 84 -27 4 84 -95 -96 2 10 -90 -91 -79 2 -76 -100 -93 94 2 8 -64 84 10 -40 -17 76 61 -17 -77 25 75 -49 -53 -89 -72 92 -40 14 35 86 -49 -52 -17 11 -23 -82 -87 1 -7 -72 90 74 -29 -41 -41 -59 -50 -39 -10 -37 43 -19 -99 91 20 -29 75
61 -90 58 -93 -41 92 85 -37 -95 -2 19 60 82 43 100 -14 32 21 -73 -71 -36 11 -6 -6 3 5 49 -47 20 -90 -97 -91 64 43 64 -46 -63 -10 -17 -89 59 17 70 59 30 68 -81 16 77 17 64 52 -50 18 14 37 -73 -66 37 56 10 7 17 12 37 8 -50 -34 91 -32 -89 -45 -19 -34 -77 -86 86 -6 -8 -61 76 -9 25 56 -43 44 -20 27 -38 -28 90 59 -30 -17 -87 93 -57 26 -37 -57 -42 37 -3 99 62 -69 -11 -19 -52 13 -56 94 -49 25 -89 40 18 -27 -20 19 69 38 7 -41 -54 49 2 6 -9 58 -5 17 42 64 38 -1 -63 26 75 67 43 -70 84 -14 -3 34 58 -75 -58 63 46 -60 78 74 5 -77 86 -31 59 28 75 89 -73 -47 -53 83 61 -8 23 67 -29 -80 92 42 71 -13 -99 60 61 74 25 9 64 23 -1 -80 -80 -25 -99 -39 7 18 29 -4 58 42 -54 81 -70 -30 21 83 25 29 -61 -36 -74 18 -27 16 12 56 -37 -38 -63 54 67 37 -27 45 -40 -23 -41 62 -3 52 17 -31 -4 7 -79 -92 -11 86 -71 97 -95 -81 -93 -61 52 -30 -76 -34 -35 43 23 -71 -40 27 -12 26 -47 37 -13 -51 0 -78 -2 99 18 -21 47 -21 -85 94 5 -16 27 -46 -38 -15 89 -86 -5 -15 33 -20 65 -68 23 -64 11 92 45 54 -57 -22 42 53 75 -84 -77 -8 -23 84 -3 -36 -4 27 -94 58 36 -3 99 -49 -40 -42 51 40 26 48 25 28 -31 -25 99 -63 58 -63 -82 -58 -27 -57 -93 27 -74 47 -100 100 -56 -63 27 95 11 -66 70 -71 -81 21 -12 21 -40 -73 35 -73 -85 92 -54 18 89 35 62 98 32 -81 40 -13 -15 -7 45 53 60 -99 -56 -49 -81 41 -18 22 -37 81 59 41 -44 -18 -7 94 -81 -51 44 80 45 -22 4 -37 59 33 40 56 19 -63 65 45 32 -43 -29 16 6 -42 -57 77 58 -48 -39 47 -4 -89 48 24 -15 5 8 -28 53 -34 -8 -9 -54 -26 -78 -84 17 -20 32 65 75 25 -55 1 10 -75 44 90 17 61 -52 11 -38 14 -86 84 -49 84 -6 -64 -15
42 -38 -34 87 -1 -100 42 45 72 84 83 -25 100 58 -22 79 -46 -59 27 42 -17 -95 28 -5 -21 -64 6 97 26 -6 28 24 -27 78 -36 -85 27 81 -13 61 87 88 92 -88 -94 -23 89 -16 -29 67 -3 30 59 86 3 35 -54 -91 12 -15 33 -7 -94 82 -70 -92 68 90 -69 -61 -16 -55 3 -99 39 -97 46 99 -50 -74 -89 -5 31 87 46 0 19 75 95 -30 36 -65 11 -6 -45 19 4 31 27 -91 31 73 13 94 29 -12 -60 16 8 -70 -38 -39 51 88 -15 83 -53 54 -47 59 -83 99 12 -72 81 37 66 14 -97 -52 24 21 60 -93 -93 -17 -55 16 -70 -87 49 -72 -76 60 21 -82 -92 -7 -55 0 100 37 -32 -56 -18 -98 33 -54 41 91 -45 -96 93 -22 0 19 62 -80 -56 70 30 10 9 18 15 84 -94 99 -91 -18 -52 36 48 -84 -89 -68 79 77 -35 60 48 -18 -80 49 -55 -81 5 -55 -23 -12 99 31 7 94 73 -45 11 55 72 47 -79 -82 1 10 -88 79 55 81 -37 94 -4 -7 25 -99 -11 -32 -57 9 63 -6 -81 31 46 -7 64 30 -49 33 38 87 35 -1 -57 63 -54 -38 -42 -72 99 -65 -91 -10 -21 54 -96 -83 76 99 77 19 -47 -83 -47 95 48 -71 23 65 -47 -62 -51 9 -6 4 37 -10 -74 58 42 68 -59 -6 88 21 -58 -87 12 -72 -65 59 83 56 -63 -91 -17 93 -98 75 -55 -87 66 -66 -29 76 -3 24 -16 84 93 -41 -18 -46 -98 35 76 -57 -66 29 -83 65 96 36 -37 29 -23 2 41 39 77 -49 85 -96 46 -52 23 97 62 52 -49 -52 37 78 29 -23 -23 90 17 26 -48 -36 17 -34 -79 -49 28 93 -45 -99 79 -7 -66 64 -47 7 -90 -37 -75 67 36 23 -75 -62 -52 25 -43 86 -81 17 92 -37 -67 28 70 65 -12 -32 -23 10 -33 2 -68 17 -30 75 -46 -13 60 49 54 86 58 61 53 -43 27 -2 79 -28 4 -67 -81 -2 -30 -3 26 11 -58 -23 18 86 -83 51 69 52 -53 -18 78 47 -39 95 -17 9 -31 -62 -48 -8 71 41 -99 53 -45 84 -40 59 -76 86 13
40 -72 -17 35 -64 91 88 16 83 -94 -50 -85 -10 60 44 33 -1 64 77 -45 -88 -12 -82 -49 -98 -32 89 -22 -100 -70 88 -89 -57 -3 -52 -88 -40 30 88 -2 44 36 12 71 -30 -2 -20 20 6 -50 41 26 -95 94 -16 48 -82 94 47 1 25 -22 -50 -17 90 20 -51 91 35 48 -37 -87 -85 49 12 73 45 -94 -43 -35 32 45 97 -58 -78 -66 9 45 42 -34 -83 28 19 -14 79 98 20 -65 -31 -49 -55 -85 -47 -12 66 31 -83 -33 33 82 -61 35 -39 42 -90 79 95 -90 33 -55 73 -21 -86 58 57 -75 49 16 90 73 49 -94 64 95 89 -20 57 -78 -56 -25 81 100 37 -58 75 39 -92 16 -100 31 58 -89 79 57 -13 -32 -58 -89 -74 31 94 -97 -44 -56 79 19 -28 -59 66 -69 52 32 -88 -99 -86 -9 99 -18 -9 -47 10 10 41 -45 -62 -24 -56 -82 95 59 -100 87 36 -3 -1 50 19 -49 -42 -29 -6 -49 -53 52 -92 -30 -2 34 3 35 -21 -80 -59 77 -41 -68 46 -82 -12 96 -38 -23 32 -98 82 9 14 -4 -57 85 85 -83 45 -32 73 -20 43 96 6 34 -69 -27 -15 -23 28 52 -5 45 -10 -43 -37 87 95 -53 -84 31 17 -87 4 -60 37 84 35 -97 -14 -19 36 92 28 -91 90 -52 -65 -91 55 85 14 -8 64 55 43 -76 42 -72 81 55 -81 -89 -11 21 -56 -59 51 65 45 -3 -29 -61 59 39 -85 78 -83 40 -4 -30 31 60 -9 -22 58 -7 87 4 85 -47 -36 -90 -58 -97 -91 47 7 36 0 62 16 -19 -2 -64 25 3 83 91 -58 -5 92 62 82 -55 -41 -71 53 50 86 -72 63 -71 21 26 -75 -5 -23 -88 40 45 10 -31 21 54 -94 -17 97 -18 36 -71 -7 -75 80 -86 68 60 25 -16 0 -54 10 -40 3 25 73 72 -20 71 -26 -69 74 81 55 -25 -69 57 33 -49 -82 -85 79 -52 87 80 -56 -75 93 52 40 40 -23 -64 -82 60 -52 -67 -16 -60 -29 -11 21 29 -60 -100 16 -59 22 13 39 -44 -58 -73 -4 30 -6 6 48 15 -61 84 -48 3 60 41 42 -97 89 56 -43 49 43
65 80 -33 47 92 -61 51 -20 54 97 62 72 -72 -77 96 66 -66 -31 -35 -31 -35 73 40 -36 -16 -5 43 24 -9 -99 70 54 55 67 -5 -32 -75 -32 79 -29 -80 86 37 -17 -42 36 -70 17 56 80 6 -93 -25 64 1 -67 -4 75 -98 -9 -62 -34 14 81 -65 -54 49 -6 13 55 79 -21 40 -63 -94 -5 -45 -75 -65 96 27 -23 -12 95 -93 -99 -17 58 31 15 54 -22 -50 97 76 -59 87 -47 -56 -37 -40 24 27 -61 -15 -20 39 29 -33 70 13 36 9 -100 44 -26 32 -99 79 -12 73 2 -20 34 51 100 -48 -67 85 16 3 16 13 -27 23 -6 -14 30 3 16 -82 -82 59 -16 -32 5 67 37 -91 92 -6 -62 -21 -19 65 -7 66 85 87 -26 41 -67 -89 -78 -62 -84 51 16 8 46 -7 -98 -23 -45 -30 -68 -86 -85 -28 -14 18 -24 22 85 66 -54 -49 -79 17 -60 73 19 -91 96 84 14 95 -6 -13 -80 26 -94 24 -17 18 -36 -16 -70 -33 92 -34 -68 53 28 61 73 -40 -22 38 -4 29 -13 36 78 -79 97 42 -67 -21 29 -84 82 -13 -39 24 -77 -54 53 97 34 95 -33 75 -79 68 78 -14 26 95 55 66 -69 45 -19 100 -62 39 48 -40 -31 -63 -91 -37 48 -27 -53 -92 -98 -48 -21 20 -62 1 43 -5 82 13 -23 -72 -29 8 -46 29 59 28 53 -16 86 -73 -42 71 -50 40 -90 40 14 91 -27 -5 -77 31 -93 -19 -47 -33 -19 53 36 -65 -92 89 66 -48 -75 -81 -86 84 39 -24 -82 -23 25 65 90 58 24 51 -1 24 -57 54 -32 -25 -19 -44 99 -47 83 72 -66 59 -84 -100 0 17 -98 -46 -75 -50 -9 74 25 -72 29 -26 95 -83 -43 49 61 51 -73 10 -48 37 -96 -8 40 96 23 -33 -37 -71 -37 36 -61 -77 55 41 -33 61 69 11 57 -73 -98 36 -36 -56 -25 -79 81 -65 31 3 -88 5 -95 65 -48 78 50 -85 63 44 61 83 -1 69 -6 54 -66 65 -37 95 86 -14 -33 43 -59 16 47 -91 -77 56 55 92 -3 -79 -3 -84 -12 -28 -62 -35 99 -6 40 30 81 41 41 29 44 -54 2 -88
-90 -59 52 -9 35 93 29 0 91 70 94 -36 97 66 -5 -30 96 33 1 34 -22 99 -46 -63 -28 79 79 -47 -67 49 -30 74 3 -45 -51 38 -67 -35 33 -80 22 -15 7 -72 -88 -43 88 -72 -50 61 -45 -70 3 -9 -13 82 71 -52 -3 3 -61 -86 -21 -33 -17 14 -11 38 54 -1 74 64 21 -24 20 -83 66 -77 29 -53 8 -31 13 48 -24 -35 22 47 68 47 87 17 -99 37 -4 43 -34 -49 17 5 58 -23 -5 57 1 -41 56 22 -78 17 1 0 -90 40 -24 67 46 85 -20 65 10 57 33 -40 95 95 -35 -93 86 51 -50 63 93 -49 100 47 25 33 71 -7 3 90 21 -53 -75 -12 -20 -31 26 -24 98 56 -80 10 -87 -30 -24 3 -29 64 -94 24 -23 69 -29 -60 38 82 -73 36 51 -99 -46 94 75 16 -35 54 5 -93 67 58 -11 100 28 -68 -100 19 -43 -39 5 -76 18 40 -88 -39 49 98 -24 92 -63 -98 -80 44 -98 38 -52 -18 83 89 92 -27 -88 -27 -14 92 -95 4 40 -79 -82 -28 -32 -15 42 56 53 -66 -31 11 -88 81 52 18 60 24 77 -62 89 -14 -12 -61 42 -47 -93 94 -51 39 -18 11 -16 -17 83 70 -31 -72 52 -54 63 -14 -72 -1 -1 -66 -81 46 67 94 31 -56 39 13 -69 -90 27 26 -39 59 -43 -42 62 -90 -69 -39 -5 -51 -40 29 -97 -31 -5 75 80 -30 -85 -60 83 -66 -27 71 81 -84 -57 -79 63 -85 1 -16 57 9 11 24 -47 97 32 71 92 74 71 -86 100 60 -41 37 -6 -94 12 -28 98 96 93 33 19 -65 -82 31 -25 -23 -1 100 16 3 -31 87 -94 -33 89 11 94 -18 70 -63 58 49 44 19 6 -38 22 27 -64 -46 59 -82 66 -78 -50 -93 -31 30 27 53 65 -45 74 -69 -35 46 -38 68 -77 68 98 81 36 -87 46 96 89 -73 17 27 61 -86 70 -68 48 2 -95 -65 -41 -89 -1 -72 -32 2 -39 -54 15 -66 21 -88 67 -3 -36 7 75 -36 -16 -33 -99 -7 7 30 -22 -86 -20 -32 -13 59 -49 -47 11 -21 -73 29 -68 -19 10 54 48 30 -31 -99 58 61 61
-26 -65 58 69 -20 -58 56 46 38 84 8 44 -69 17 -41 96 -41 -11 -50 100 84 -21 -7 10 -4 67 56 92 28 -46 33 -25 78 4 -60 31 -86 -58 91 19 -3 38 -78 36 -52 -74 -15 55 90 89 17 18 32 -27 -63 -9 17 -20 -63 -69 -48 12 78 96 99 75 -18 -60 27 55 93 -67 -91 17 -22 26 -83 -85 61 42 30 -72 7 -10 23 72 -49 97 -74 9 91 -23 45 0 -75 -55 26 10 95 -60 26 -60 -94 -34 -24 4 98 86 -57 -99 -49 -37 -14 49 33 37 38 -51 50 -31 -37 -86 -18 39 55 -44 29 -34 80 -20 -18 -59 8 -40 -88 -63 -61 -6 35 -12 -5 92 -47 15 -88 18 -85 -84 51 11 -22 98 -84 85 50 -74 -98 52 -88 46 -61 51 -87 -85 3 61 -71 -39 24 67 -82 -24 71 42 55 39 -17 -21 48 18 -46 93 60 -60 66 -27 16 -57 92 -66 -50 -9 42 -41 -13 25 4 -59 -16 11 -17 91 -22 81 44 23 -84 67 14 -20 -17 55 -52 -56 14 -77 29 -44 -89 38 56 33 -3 57 24 -25 20 -30 83 30 51 -86 -27 90 80 -47 -17 -60 -9 29 -95 -40 -13 35 -34 60 55 -65 14 10 -39 -54 -85 24 -29 42 52 58 -31 46 -15 17 63 -34 72 47 -2 -30 -13 12 -39 12 2 65 66 8 69 14 -79 96 -46 -55 -75 82 -10 -34 -52 40 47 26 56 -1 72 -48 5 -92 78 -53 100 -70 -55 15 -51 -42 99 54 86 -25 90 -11 67 -96 -68 -36 -9 38 66 -37 -68 -44 -1 -61 98 80 32 23 -51 91 -31 -14 -85 62 -21 -96 35 72 100 -87 -20 -2 74 76 100 80 -49 9 -22 -23 -92 86 51 4 37 65 -35 96 73 58 -94 74 41 -1 -88 -9 20 -23 11 -99 87 57 8 60 30 66 94 32 -64 -97 6 -88 80 -56 -59 -91 -45 -95 84 -11 -48 52 -90 92 43 -83 -38 -61 -47 60 -33 71 68 86 -80 77 100 70 -49 86 57 -1 -61 56 -29 71 -26 -64 -51 54 -77 15 -17 23 -72 44 43 8 96 56 33 73 18 -59 -100 -43 21 66 -6 74 -7 -77 -86 -16 -33 24 72 1 -44
-93 29 -100 77 -92 62 48 68 -74 -21 -57 -21 15 41 -34 32 -45 41 -40 67 98 73 -57 -90 -93 -19 80 68 -20 -84 -7 -39 -89 -25 -39 15 95 64 -3 85 80 0 42 -74 -100 15 -39 -67 21 4 -18 33 -11 75 -32 13 -2 -61 -96 21 -80 24 20 -12 -5 7 -92 -7 -63 -84 -41 -100 -63 -91 -55 41 -49 -64 90 -70 15 -99 -77 -13 61 -2 62 -12 79 -58 35 18 -76 -3 37 -16 57 -63 -53 44 19 -95 -2 -13 -89 -65 57 -24 -43 -26 -78 35 50 67 -1 8 -7 -60 16 -10 -24 61 71 98 -81 90 28 -45 100 -23 -17 -25 -19 69 34 -12 25 -8 -63 37 38 -53 -47 -17 56 -49 81 -30 -8 -12 -40 60 79 43 6 44 96 49 -23 39 48 -22 56 -6 72 -67 -40 3 -58 -13 77 11 47 94 68 -37 -4 -8 55 -96 -46 -90 -89 23 -85 -64 -42 12 -6 99 -1 29 81 35 -52 58 -99 32 79 91 -96 61 -87 44 10 74 36 -77 58 44 97 7 100 -86 -83 24 -49 -99 -88 -10 59 4 61 57 9 -18 -34 -31 -37 -99 -81 70 -83 -28 40 -36 -51 5 34 23 98 33 47 -83 -35 -26 71 -91 72 -78 28 -89 85 92 -11 95 -72 44 -46 -20 -6 -36 59 -25 37 70 79 -97 -63 47 -19 -53 -14 100 45 -22 47 -89 -1 -50 38 76 21 51 -63 37 63 -62 -35 0 -40 76 -54 18 -70 -24 57 95 -14 -13 -70 -28 69 -92 -39 -27 63 -59 -34 46 -53 49 -79 2 -64 65 -17 -74 74 9 -79 92 82 -98 43 -39 92 -87 -73 41 27 94 14 34 -1 22 19 1 -14 -45 58 86 50 -73 -97 97 69 25 -52 -83 -47 -88 31 -7 -25 68 -10 65 54 94 13 -15 -30 -17 -16 15 40 17 92 -2 -23 -61 -45 95 58 -97 96 35 5 10 -65 40 -47 74 33 30 64 81 85 -97 34 -56 -28 63 -14 21 55 79 79 8 -9 81 -81 17 54 -89 44 -24 56 -41 71 -9 26 -27 -47 10 71 72 46 94 -72 -12 29 10 -34 -54 92 88 51 60 26 -53 1 -73 -23 -47 -25 83 -78 30 -51 62 -19 -3 -71 -63 96
-4 13 87 -39 -69 89 9 -97 13 -86 65 -52 30 -79 -85 -17 86 -100 -14 56 -7 2 53 66 -90 14 -3 -68 36 66 -68 -66 95 -45 -47 -37 -10 97 81 -68 -14 0 -86 -40 -2 81 54 -44 -59 -51 -3 82 94 -26 51 61 -30 12 44 71 33 68 -56 -85 -27 17 -43 53 87 -84 -94 72 -81 65 60 -91 24 13 -13 -73 58 -54 -39 -7 -45 -58 -81 -59 -71 -85 50 -52 81 -10 65 -67 36 -23 -43 -85 40 -14 23 -42 57 -5 85 28 -61 22 16 -31 61 -14 54 19 83 -70 72 -26 77 41 13 -19 -80 -48 -70 52 21 -18 96 13 25 98 39 -51 -72 -38 -78 -93 36 34 73 51 -16 70 22 38 -91 21 94 -45 94 30 -80 -34 17 57 -54 -93 -74 -7 -100 29 80 -32 88 70 4 2 34 85 -52 -30 -87 84 -65 -46 -23 -96 77 16 -21 47 24 -53 -72 -21 98 75 0 72 4 79 -7 98 -75 16 8 -90 -60 85 -4 -79 -2 -28 -75 -92 91 -26 13 67 -22 92 62 54 -10 44 -2 -68 100 -53 63 -66 85 72 57 69 25 -86 44 -45 11 51 -65 -88 40 -40 -34 3 84 -44 71 -16 33 -37 11 -32 -80 37 -40 -22 -39 12 -4 18 -29 30 22 11 -8 76 -24 12 74 -31 86 21 79 5 9 -58 -64 82 47 44 -1 93 57 59 -95 -90 -85 -7 -75 -1 -19 -30 -67 74 -23 -98 9 -91 -69 -1 70 35 56 -17 10 62 59 -37 34 46 6 -15 8 44 4 80 32 40 45 49 -50 -56 -24 -9 -20 47 -16 -64 85 99 -40 7 -76 -23 51 -94 11 81 64 -92 -32 -74 -10 -17 11 -47 26 53 4 73 90 -82 -13 24 -16 -25 97 -70 -23 15 50 -67 -8 -7 -77 67 -36 -92 69 -82 -95 -85 96 -28 60 58 -100 28 -86 90 -48 70 96 65 -49 34 14 58 85 49 53 46 45 48 -93 86 -71 51 -53 -92 -57 59 52 81 23 85 3 -91 44 -21 34 -40 64 -51 43 -70 28 -49 -8 -33 -48 52 -85 -21 75 -64 -90 47 -75 11 -45 98 -100 -93 59 -98 1 4 -74 -67 -59 -40 -68 -35 63 88 85 7 -23 93 -58
11 61 -72 -92 60 22 13 -82 40 -45 -69 90 65 -77 73 83 32 -24 -98 76 -22 50 -65 62 -26 68 -88 -47 -2 2 74 83 -82 -5 -76 20 92 26 -90 84 83 -18 -87 87 -54 -76 -48 -25 44 -24 -78 -4 -84 -67 -29 -18 10 -48 43 8 -56 65 -59 -100 -66 26 80 68 99 99 44 35 -3 9 75 -49 -59 -81 -100 14 -25 -71 78 -8 91 33 -96 -54 -98 -67 -33 -55 90 55 -71 41 -69 -15 -17 -62 70 71 43 95 -57 16 -99 -13 34 71 57 89 20 96 -92 -11 32 -84 -21 86 80 33 -82 56 -37 91 46 -19 -49 -74 73 -88 -92 51 -96 -28 77 95 88 24 31 28 -9 91 94 97 81 94 -68 94 -53 36 -32 -82 -67 4 28 61 4 -70 -23 46 -84 -48 63 -26 -28 -73 64 -68 55 -88 65 38 -20 -97 -58 -11 -73 -12 0 18 -50 27 72 51 -15 92 90 75 25 -59 -54 -52 26 -32 4 73 -22 27 -72 23 0 66 -54 -74 -95 -75 22 -80 0 98 22 -12 -44 -15 56 31 70 -11 22 66 66 57 19 7 -27 72 94 55 18 21 84 -86 -80 -38 -72 44 0 -70 -80 -5 -76 37 59 28 -64 -26 -3 82 81 86 22 -32 -32 -99 68 -28 4 47 44 66 -10 -28 79 94 77 -43 -33 37 37 -29 -94 39 -48 -74 71 -15 42 83 -37 -95 -73 35 -100 -65 62 17 49 -17 2 -64 -78 -47 -74 69 37 51 -9 -45 -13 -69 36 -69 8 -55 -83 -73 45 22 93 -29 -18 64 1 -63 10 54 -97 16 -7 -48 3 5 76 -86 -41 63 -1 46 84 96 54 -67 3 35 -56 89 -88 -35 60 -65 -42 -96 -56 -49 -89 97 6 70 -20 43 23 7 38 74 72 39 -76 -85 88 97 94 11 -77 -45 29 -38 -97 -36 -30 32 -9 -35 -63 -23 -73 -38 -72 92 2 62 -4 -22 34 -99 1 13 -26 -30 -21 78 9 -2 8 49 97 -48 -99 -21 -74 -6 -57 46 -14 -73 -39 60 -8 -24 -35 -21 55 -82 -13 -1 29 -26 -37 -73 -100 52 -34 3 78 -11 -4 16 -24 -77 96 73 86 64 62 -95 35 -81 45 -98 19 75 0 -58 -56 1 3
63 11 -70 25 -92 64 -15 88 19 61 98 12 48 -40 48 -42 -2 -86 30 84 57 -78 -87 35 -23 1 50 21 35 99 -50 -58 2 71 -29 45 -50 -23 -32 15 18 -4 -32 38 -88 9 -96 -51 26 -94 -59 -7 -31 -63 -54 -90 -18 76 65 -65 4 -85 44 -20 -31 89 31 6 95 -93 -5 72 -61 56 -98 52 94 75 83 79 -93 -68 67 -29 20 -52 -8 42 -50 10 60 -94 -5 -45 -77 -68 40 -49 11 95 79 -16 11 20 -27 26 83 -33 9 84 16 -21 -11 -65 91 -34 -34 64 46 44 68 55 -91 51 -75 -18 92 85 4 82 -23 -76 -75 72 87 -40 60 -81 -52 -71 17 -97 46 -16 -65 94 -16 73 -92 -63 -33 -19 29 -67 93 47 -78 -93 -59 -36 19 84 -96 1 13 43 70 97 -22 59 74 -85 -83 -22 -92 48 91 -44 42 -27 21 -41 93 88 54 -31 30 -5 -6 -12 -20 -31 73 70 -80 25 -75 -41 17 -26 57 -26 64 45 -82 61 81 5 -26 -91 -4 29 -58 81 -56 38 5 54 64 -94 -21 -23 -48 -1 -15 -49 72 94 25 -42 43 -20 -32 -93 38 -49 -71 -68 -52 51 -23 -71 96 53 -35 82 87 -15 84 32 90 -24 81 32 -56 68 -40 25 -33 67 -20 -95 51 86 7 -30 0 1 75 -3 53 -51 38 0 83 41 65 54 99 85 12 99 -27 -64 -31 -47 -80 63 86 -42 41 -91 -14 62 83 -80 56 38 52 -42 -32 13 -31 53 -55 -55 98 -92 -99 -66 -30 -50 5 -7 -58 -26 81 -23 -49 91 -57 50 97 -45 -36 -58 -33 86 -11 24 1 1 -22 -96 -94 78 -17 34 82 -4 -44 32 43 97 -47 53 18 -20 48 10 -60 74 85 13 -74 39 2 34 16 33 -72 -59 -57 -64 -5 -90 -42 -38 -32 -30 -86 -50 23 -12 -91 46 83 39 -29 -68 43 29 -57 -38 -64 49 80 59 -1 27 -6 86 76 79 -90 56 0 -85 -54 -38 -55 -76 -20 15 -56 41 79 33 -82 -94 40 -61 -46 -30 69 -1 70 -36 60 -62 18 -97 -7 -38 42 13 44 38 -22 -4 5 -55 72 -6 -57 65 -11 -94 97 82 -5 -36 -54 15 22 -66 -14
-60 -73 -19 -12 -64 -31 -12 -41 33 94 22 -10 -27 82 -11 -90 4 4 -81 -49 8 -7 -31 45 -2 -51 98 45 73 -92 89 -9 -60 10 62 54 52 36 -15 80 -92 100 93 -94 16 -62 14 16 -45 5 -37 -36 -32 85 -16 -7 97 49 38 4 16 -89 88 87 44 68 75 92 50 67 31 9 -98 63 -7 -31 -7 -29 94 2 91 -51 97 29 -50 97 73 -99 -17 3 52 -90 -6 35 41 54 63 -54 -86 15 13 17 -4 -96 44 65 69 -11 -68 98 44 -84 -33 79 33 70 32 6 -45 -4 -78 29 -95 78 79 -24 57 73 -18 46 83 -83 14 -22 -20 42 62 18 -19 -18 -72 11 7 21 48 80 -56 -61 -11 88 9 -73 -53 -46 32 -95 53 -43 -21 79 76 82 -70 -2 28 31 4 84 -36 78 68 13 -39 4 -27 -95 -90 84 -90 -39 -58 -58 -50 -46 70 73 38 60 99 36 66 83 -39 -33 17 82 14 0 70 52 65 83 51 48 -92 -11 -100 -77 -66 84 4 -69 27 0 43 -7 26 -89 -69 28 36 40 -55 62 73 60 44 43 -4 93 -59 -19 -25 88 71 35 56 72 -57 -11 -42 0 31 -58 -46 43 0 -45 36 -92 6 -67 -87 45 33 47 -3 -3 -24 -44 4 -21 -74 96 88 39 40 -54 58 -75 -71 -50 44 -3 15 33 58 54 -20 28 23 57 -95 -33 -4 18 97 -82 93 -67 -26 -46 -55 24 67 -42 -9 -83 -12 75 60 44 2 -23 -64 -27 57 -45 -64 -56 25 -46 -37 77 -63 96 61 60 0 -9 -22 -66 -85 -25 -29 -13 -79 68 26 100 -17 63 -11 29 -5 -40 49 -29 28 36 -8 92 73 -82 58 -89 -4 66 17 46 -54 86 34 6 50 -58 -51 -18 21 95 -14 -61 -55 -6 -37 40 -37 -45 85 82 -3 50 -12 -49 -17 2 -100 6 6 99 28 -65 95 50 -91 80 -69 4 -53 35 70 34 -58 23 -6 63 93 -5 -67 -71 2 -29 -6 52 -47 49 -50 -53 64 -44 100 56 37 -5 97 -67 -64 -93 36 -35 82 -79 99 58 -96 78 -23 38 -60 60 86 59 3 -68 10 71 -43 33 -70 -54 -85 7 -67 70 -86 29 77
100 41 -60 -42 -70 64 -36 -37 74 -44 -61 42 94 -30 -35 -64 27 69 -61 -17 45 12 86 12 61 -72 -40 -93 -74 82 92 32 -18 33 -16 17 -28 38 55 -16 -20 28 55 -98 83 -26 0 -4 -31 91 -46 26 16 -86 76 56 21 12 -73 37 27 10 -58 -27 -96 -81 -99 73 81 42 85 9 -6 20 -45 -47 -22 -3 96 -58 34 95 -59 43 3 17 62 -22 77 55 -54 67 83 1 -80 -50 54 -16 -100 4 -5 5 79 -72 -64 -35 -67 -90 65 -14 -12 51 51 -83 -36 -75 82 71 74 78 -83 -13 -56 94 -90 -83 -50 4 100 -82 22 60 -11 87 14 42 28 61 -18 92 5 64 27 -56 77 70 83 -11 31 28 -35 -86 -76 51 87 51 -28 -25 4 6 33 -58 7 -11 -98 -33 -32 32 100 -92 -42 32 -79 67 37 5 -5 56 79 55 64 42 -33 -69 -13 -49 93 31 23 79 -48 -19 58 -97 64 -57 -54 -26 -92 -5 -56 -89 53 -1 94 93 -82 68 79 -10 61 12 -43 92 -63 -67 19 -26 -50 -34 52 -28 -94 25 -27 7 -66 -9 -47 -85 -26 82 -12 -92 -20 39 -48 -46 -7 68 -21 -62 94 96 -51 -39 19 60 -32 -17 21 -16 27 -10 57 80 -55 56 -71 93 -52 -96 -89 54 -1 -61 -86 -80 57 90 -10 -73 39 -79 -24 42 39 -84 -33 -32 8 -46 65 -54 74 54 -63 6 -9 57 -85 -28 -94 62 33 -67 -24 -96 -25 32 92 -93 -79 64 -93 -100 99 12 61 30 -86 -54 -21 -90 73 78 11 -7 83 -61 -58 97 -73 74 -74 17 -51 -45 5 -100 63 -100 -31 -59 -58 28 100 -1 -57 66 -22 82 98 73 9 -37 -99 -98 51 -55 -9 23 -100 -63 1 -82 37 -38 -1 -31 13 -89 -64 33 54 98 86 -25 35 -98 -96 18 97 58 -19 38 62 -45 -54 85 72 -66 -14 45 21 60 -79 80 -81 -24 -53 92 28 -26 29 -40 -88 -36 17 95 38 -30 22 -42 9 -81 -69 3 42 -76 24 19 -29 -31 -84 -26 -91 94 -38 40 7 36 -83 -70 -6 -75 17 -24 -97 88 49 -5 29 63 -7 -75 60 90 -3 -14 -64 -91 31 -100 34 -72 7
-85 -63 95 66 80 34 -31 -69 -52 -91 1 36 -90 12 -6 38 -18 -37 17 40 97 -25 56 32 71 -43 -74 -82 -31 85 -89 -87 92 83 -88 -65 22 -100 93 -76 -62 -35 39 21 59 -46 -91 -28 100 36 -22 -2 70 -73 67 -76 -39 -45 -47 37 33 -45 -72 25 -76 -70 96 -88 -79 25 -17 -92 -56 50 -30 84 -75 80 -74 13 63 76 39 73 -10 63 3 32 -47 73 -33 88 28 7 -42 80 -89 -57 -75 45 2 -5 40 -43 -91 -81 -14 -25 -31 -59 -13 44 87 95 -2 73 -60 20 98 0 -10 98 -21 -45 -94 -54 8 23 -32 -60 -85 63 46 -58 91 95 -20 -95 69 64 -30 -61 83 89 61 -25 81 70 -48 -15 -35 -1 -68 -88 37 76 -35 58 57 -31 -34 -61 58 57 -81 80 22 74 55 -15 -37 -78 -67 13 -44 26 -47 -39 -46 96 -53 70 -92 -89 66 -42 29 7 92 -25 56 -72 -84 -88 10 86 -36 43 -84 -61 -83 41 -35 80 46 -85 -77 -38 12 26 -28 -10 74 -66 18 69 55 -17 -95 -88 2 -23 -3 -67 -41 -87 -3 12 -3 74 58 -34 19 -27 55 6 -7 65 34 83 -15 98 62 -17 -48 -53 40 -82 -36 6 -70 51 13 12 -6 -50 100 -100 61 -75 -72 1 39 -52 98 2 36 -39 11 47 64 -85 -36 -38 -77 4 -38 -6 -55 39 -99 -4 -46 -36 50 -79 -78 15 -77 -45 -5 -58 -82 58 -12 79 -89 11 77 -30 -65 34 32 49 -41 54 -45 -90 25 48 -33 13 50 34 55 -92 79 60 95 -94 -19 81 10 -58 -99 -29 43 -31 -40 92 -25 74 63 -31 68 93 43 -23 29 -57 17 -98 60 82 -62 -64 -34 87 -75 7 -13 51 54 76 -15 -23 75 20 26 -68 22 -60 76 -94 -83 -75 6 74 -89 3 -50 6 72 -86 19 85 -31 86 -96 -69 44 -61 82 -69 -42 58 -96 -20 66 58 -40 -74 35 -90 75 -42 3 8 -21 21 23 37 -40 65 -53 -36 2 57 -67 -78 60 -82 -39 -7 -33 -56 -82 -32 -32 5 61 42 73 -78 -80 63 -23 -92 63 -68 27 -94 35 28 83 27 69 56 -10 -96 31 -23 33 100 -64 32 46
-62 -51 68 23 84 27 84 56 -78 68 97 -48 54 72 65 -60 3 -58 92 66 61 -56 -19 23 -27 8 -98 82 17 9 100 92 -50 65 71 1 -18 19 21 -95 82 -24 1 47 -54 -49 43 45 -39 -64 -93 -4 -61 2 -59 68 -43 -88 4 56 -57 36 69 -48 15 84 93 18 -61 34 78 -96 51 -4 61 -14 20 -38 -43 18 18 74 24 39 45 -55 -68 2 33 6 -27 1 -99 -87 -25 -41 54 -85 2 79 -70 -57 -1 57 87 -94 94 -100 -40 -17 74 43 4 85 27 -95 -53 65 -55 40 86 -52 47 3 82 47 -8 -30 -31 -49 -94 3 31 76 -25 -31 67 -4 96 56 17 98 -88 24 0 20 -61 6 -95 -59 -88 -78 43 93 -44 -64 -44 -58 -97 -21 29 -54 -63 59 84 47 -15 -40 -6 -49 44 -3 21 69 94 -31 -9 26 63 -98 -8 -51 78 29 -10 19 74 6 -44 -72 -76 59 -39 -93 9 -60 -62 -77 11 60 -84 1 61 -16 -46 12 -34 -4 -91 65 -41 -52 77 61 -8 20 -32 -99 41 -54 -2 -65 8 -96 93 30 25 -92 72 1 88 86 -8 57 -47 60 -73 24 -76 -48 34 -59 1 -22 89 32 -51 12 9 86 -31 57 -30 41 -99 11 73 8 53 -14 -100 44 47 -35 -59 -98 20 92 48 86 64 -67 -98 -69 -64 -5 -87 -26 -64 84 47 -1 83 -96 -85 -48 96 -3 -84 21 64 -56 28 -5 -83 45 -94 -85 27 65 -42 83 26 -98 -78 -80 -71 -52 89 28 -99 51 38 -62 -47 28 -72 85 -6 54 33 26 -26 100 20 87 3 47 -56 -71 -88 -61 87 -92 32 39 98 -25 -63 48 -41 49 -40 -17 2 19 -60 23 2 -43 53 60 -23 22 -87 -31 80 -93 -76 -36 -52 -69 80 80 53 -59 -94 65 -99 42 82 -16 -59 12 77 16 79 -15 85 -26 -53 -30 1 96 59 -18 99 -21 -2 -68 15 -2 -28 17 83 -38 -10 49 76 2 -77 43 -88 49 71 83 -39 59 12 54 33 56 -28 -83 -78 -13 23 -58 -41 -59 71 5 57 30 96 73 -41 40 -96 -82 93 -70 -30 -95 71 -93 -84 -80 -15 -11 83 17 -61 -29 -66 -55 99
-50 37 97 71 -88 14 -12 78 -95 -37 -37 43 -49 -60 -97 -87 -83 -34 54 4 -72 -40 -10 -58 -12 -8 49 57 70 -62 43 -21 35 -85 6 82 -69 -42 -18 16 92 31 39 46 -70 -53 79 -40 10 -58 46 92 81 -41 -79 20 -25 35 93 -80 -47 -41 -72 55 15 0 -40 10 50 -12 91 -58 -98 14 -66 -38 -80 46 52 81 7 -28 50 -93 97 54 42 31 -17 92 55 -26 28 40 -96 -38 -81 34 2 48 80 80 7 -97 29 38 47 96 98 -34 96 98 -73 95 24 87 85 -43 92 -41 -66 52 -13 17 -90 31 -71 -27 -54 -9 -40 93 30 -49 96 -42 17 -62 -21 -18 -77 -40 75 -14 -54 -55 -57 -85 -32 -41 -87 -77 -70 94 15 51 64 27 -3 -9 9 59 27 -18 -15 -37 -55 -32 90 -20 8 -18 35 -41 67 -21 -94 23 27 19 -82 86 7 88 93 31 84 -15 -21 40 30 92 7 19 57 39 93 17 40 -11 51 -22 -21 -75 -81 -43 79 9 92 67 -78 -75 -71 84 12 83 -91 27 -26 -98 60 58 9 34 25 -11 -19 -32 -70 -58 -11 68 73 -64 82 91 88 17 0 56 73 -34 65 -6 -53 23 -52 10 56 -49 -54 19 -44 -87 7 -44 -53 70 45 91 -30 -34 45 81 21 85 66 88 -92 73 23 48 -24 95 31 80 -80 -49 83 -12 13 94 -45 -64 81 -44 1 83 44 -36 -27 45 62 -54 -66 54 44 42 -69 -83 8 -30 -71 25 -12 -44 -50 -42 -37 78 36 60 -67 33 5 -73 33 100 -66 50 15 14 -50 -2 -69 -96 -41 -87 -98 31 9 -50 -66 51 24 -58 -84 85 17 -91 -77 47 63 -19 99 9 -64 78 72 98 -78 -87 37 26 90 90 -16 6 -95 67 75 12 -52 -18 -58 22 -90 14 -88 26 15 89 -11 -54 11 -15 -52 6 2 -13 -96 -6 -21 -59 -16 -28 -46 -36 -41 -99 66 38 -59 -16 88 14 8 81 4 36 -61 0 16 61 -98 37 -73 36 63 68 -27 41 -33 -21 -81 -56 80 82 -10 19 46 -23 51 -46 -65 72 72 83 -71 -92 -83 -76 27 -50 46 24 -77 65 -15 57 -99 -71 85 -28 -51 -76 67
-14 -76 -81 14 96 -63 91 -29 -66 -46 -15 73 99 21 -18 -4 62 69 3 69 -20 -92 18 -79 41 -92 93 1 33 28 -29 25 -10 -88 -18 -44 -33 -80 -12 -39 -66 90 -48 -70 63 16 -36 -96 39 -18 -2 -97 52 -100 -86 -82 78 -32 -32 10 -60 -41 96 91 -16 94 2 -22 56 -3 47 37 -68 84 32 -79 1 -22 27 22 -93 -40 -100 -99 52 25 -25 -14 -64 45 -28 32 6 0 -6 64 21 -41 93 -21 92 98 -5 21 96 -58 52 -3 92 -10 78 89 -79 83 -85 -42 -56 24 -5 15 39 73 -72 -21 -72 93 84 8 89 60 27 69 -21 -17 -49 76 75 -29 51 -41 20 40 9 -36 66 93 8 -53 -53 46 24 -46 86 51 -63 61 29 8 -65 -68 -72 -14 -82 45 -99 6 26 87 -7 -10 54 29 30 -25 -16 83 -11 3 43 96 79 41 34 -64 100 99 -28 -59 18 -95 24 23 -72 77 -89 2 -3 -16 -67 -3 36 94 -49 65 43 45 -88 -20 -49 35 68 -58 34 53 52 -67 51 -45 -38 -78 -86 -97 81 54 -81 44 77 -88 -76 22 -54 94 -2 74 50 34 94 -80 42 -44 70 57 -62 -91 -59 78 26 -57 -99 15 -84 5 81 -90 -88 50 34 87 9 30 12 -69 57 10 54 -39 8 -13 -96 -79 59 53 -27 -22 -3 -52 -37 -68 81 -13 15 58 -99 77 58 -97 -61 47 -49 -8 78 -93 -13 5 -55 85 -5 64 -74 79 37 86 -27 -4 25 41 66 -22 -92 -35 32 39 -89 -99 -28 25 22 -81 89 -6 -59 -97 30 -79 45 71 -84 -20 11 -95 -35 -61 19 63 67 98 80 -9 78 29 -12 19 -18 28 29 27 60 -81 98 36 -52 -71 93 -33 -92 -34 -25 34 33 6 -93 -72 76 -64 -97 41 -81 15 91 87 57 34 -1 -83 -75 12 -52 -49 -24 55 -84 -40 -84 3 75 -35 65 91 89 -77 -14 13 54 -29 16 50 60 91 -1 87 -74 74 28 -88 66 -81 -15 -1 40 17 -48 4 32 55 72 0 -50 -54 -100 30 -31 -37 -28 -99 -37 70 35 63 65 -40 -78 -10 85 86 -97 -18 -31 2 -89 77 -43 99 9 -71 -82 -79 -73
63 -37 81 24 -31 91 -34 -8 -63 61 -53 -21 -38 -72 27 -11 43 -6 -54 -3 -28 1 47 -96 89 10 31 -77 -86 -33 -18 54 -86 -29 -21 5 55 56 -52 72 -57 -36 -94 26 -75 3 61 79 4 -46 -25 74 -74 -37 -97 70 96 69 -12 -52 -63 -85 87 25 74 -65 -79 -5 -47 -33 -14 -57 -62 -80 -56 98 -72 5 88 -40 -26 75 -26 -30 57 50 -84 82 93 -87 -22 36 -10 -29 57 -40 67 42 56 76 88 -58 -82 -24 -6 -95 -82 95 -23 94 -42 -33 -1 20 88 -98 15 89 40 -11 82 -31 67 4 -29 35 35 2 25 62 52 -6 -27 71 63 -28 -17 73 81 -68 -48 -2 -74 51 71 -92 17 43 -49 51 -13 -14 20 -48 -44 5 -37 -89 70 26 57 12 -12 -47 32 77 -100 51 -88 -60 41 59 -99 54 -95 33 -39 -65 83 -41 -11 11 80 89 32 59 48 -12 -19 -39 7 -51 -96 -76 9 24 88 79 -42 31 66 64 -97 -6 85 91 -32 21 -61 11 -87 -68 33 39 67 29 24 74 40 79 79 68 -54 67 67 76 78 97 -46 29 42 74 -58 21 36 -27 14 -74 -40 41 33 -50 -96 55 -39 -20 -47 -82 -33 60 -97 -54 -61 21 25 -14 -44 -18 16 -45 -58 -31 26 -3 25 -10 18 -21 30 -26 29 65 54 52 21 -50 18 -45 10 -27 -68 -78 5 98 94 48 29 6 42 26 74 21 28 94 87 -8 39 -80 23 56 29 -30 27 26 98 -89 -84 -24 99 -6 54 97 -37 -79 -20 -33 -23 -89 -13 -94 2 -90 -86 -35 85 -82 57 70 24 -26 -36 51 14 -48 -16 -17 84 52 30 69 74 -37 -59 92 -83 -75 -67 -64 56 69 90 -63 48 -73 -58 -41 -83 73 64 87 39 -34 78 79 60 -90 -84 66 50 -54 57 89 -25 -92 -40 -17 -74 8 -64 -30 -98 -84 67 -1 2 22 -86 -47 8 65 94 17 -79 80 40 78 37 86 -6 -56 51 63 -21 51 19 -41 -15 46 -85 -68 -65 -82 93 92 -43 53 -98 29 -55 -44 -57 -37 9 1 72 -30 -13 -7 -34 -19 -7 -50 61 4 36 97 95 7 28 87 0 75 39 42 -13 100 25
-59 20 76 84 44 97 28 -8 -66 -67 8 11 53 8 46 -99 35 37 12 -71 -56 62 96 44 81 -29 27 12 -70 -52 10 6 -35 -18 -34 94 40 88 27 94 -5 6 34 -19 7 -96 -7 96 -31 -41 25 86 -60 58 56 54 -36 -59 97 -94 63 -69 -40 44 -92 77 1 -3 -65 16 -55 61 -29 11 94 -73 77 78 10 83 -84 -81 91 63 -37 -40 74 -55 14 91 29 35 51 -9 -50 -39 -80 10 73 -89 -46 -68 59 -25 87 90 -83 90 15 -4 42 -36 70 71 -43 -8 -51 -36 3 -48 -59 -46 -31 -68 2 65 -65 -95 -84 43 -100 58 11 55 88 2 95 -81 69 -37 27 -59 -91 -30 63 28 22 -37 -52 -32 -60 -78 -92 96 68 -42 5 72 4 95 56 -8 -66 -76 -59 66 14 -68 67 -10 60 23 89 -61 90 39 -78 5 -41 -60 100 2 77 -56 4 58 49 9 -41 14 -60 -37 83 -22 -2 55 -59 -95 51 13 -36 47 -43 13 51 68 78 -56 -54 -32 -32 -38 -8 -43 10 92 -92 -11 8 -47 -88 -7 56 -25 -51 11 78 -12 75 54 87 -40 46 97 94 25 44 -7 60 -20 -71 -37 -30 26 22 43 -94 -81 -14 97 -3 -61 45 99 77 -17 -57 12 -28 47 -79 -13 6 -22 -75 -85 -76 -86 -90 -87 0 -50 -5 0 13 8 91 -11 28 19 51 99 -52 -85 15 -99 -54 46 -9 41 -28 -25 -73 60 69 53 -37 33 -20 7 92 53 18 -9 -16 40 -12 66 73 -93 6 82 33 -26 -50 -18 57 38 -37 -10 -28 65 42 1 -55 71 -34 22 -52 -50 20 -65 82 15 96 -57 -84 -38 -9 73 88 -76 92 77 33 -63 8 28 -32 -20 52 -62 -30 -27 20 35 -60 -75 32 -56 -41 -9 -4 34 46 74 -28 20 -75 -90 -72 -82 -74 -11 -76 27 -30 15 -46 28 6 -91 -40 -88 68 56 -69 -34 -36 -87 69 -71 -19 -48 94 -69 -35 74 91 94 57 -48 -6 -62 3 -64 98 -24 -83 -35 -33 -26 5 86 8 37 25 13 20 -70 -33 -26 -24 72 68 -51 4 -68 3 -33 -23 84 -68 77 96 -5 -24 -70 9 93 -46 -92 96 -43 87 -64 -74
-75 -82 -14 -65 8 8 -57 39 -27 -86 82 33 -9 -95 59 87 -36 -45 35 -65 73 37 79 90 14 76 1 41 64 9 -30 25 10 -77 -21 65 -7 -63 -92 78 -74 -14 52 -12 47 23 76 -96 -43 7 17 -73 62 58 39 -31 92 -76 92 69 20 55 -23 52 43 -10 12 -94 -10 76 -31 -65 -90 -20 -2 93 -78 15 59 -33 63 -39 -88 -11 -81 -57 54 91 61 -49 38 97 -40 -1 11 93 23 -67 -16 65 -94 -19 -76 -46 -4 57 -42 44 51 85 -92 81 -18 -12 -35 -69 23 59 -88 -93 -93 -90 90 -47 -35 -30 78 -14 -57 -40 -8 -38 93 -39 67 7 -51 99 -1 -29 0 -31 -27 8 -62 60 -81 38 -98 81 -78 -41 -44 27 89 59 79 -73 64 59 45 -31 -34 -35 -27 -68 20 -10 -68 -79 -12 61 46 -64 -34 63 40 35 -100 -13 -57 -62 74 61 63 78 86 -46 -45 -10 -46 17 26 -49 -67 -79 -84 29 -16 10 -77 56 73 14 -56 -61 14 31 46 61 39 -80 -52 -92 -43 4 32 57 -85 71 47 -28 -61 -70 49 83 27 -67 -24 68 -77 -14 31 80 -43 -2 -40 30 -58 -59 -98 -30 -37 -1 -58 13 63 -45 94 94 -57 2 36 4 -71 33 -71 -43 78 46 48 -24 -67 93 -78 89 -25 41 -77 -14 -14 -56 -7 44 79 -20 -12 -65 -63 -63 29 -23 43 14 31 36 56 -38 50 11 16 54 -65 23 -42 -37 27 11 10 -67 -68 -100 88 -15 7 -100 82 45 -13 -84 24 100 1 -93 52 -34 -70 -62 -81 25 -56 -39 24 24 37 -43 8 -99 -100 83 91 -69 85 -78 57 96 14 -42 76 -60 -18 -2 36 33 13 -69 91 72 -21 -56 -8 55 -85 65 -23 94 66 80 -44 -3 59 -19 -11 78 -33 47 89 42 59 -78 95 -84 -2 -28 55 42 -5 53 42 -82 87 -41 -11 -67 7 81 93 -91 -24 19 -24 -78 -71 4 64 58 -49 -72 -94 -7 -27 -98 30 96 -31 64 68 -66 -31 -48 91 10 -7 46 -75 56 -96 -100 -44 18 26 84 73 -57 -93 72 82 63 21 -81 -49 59 65 61 -3 98 61 -81 54 61 31 83 68 -1 59 22 -94
-58 4 -84 -67 73 48 7 100 87 -37 -20 -77 26 -14 6 -54 67 -18 -23 44 -55 86 17 -95 78 17 -33 38 -83 48 13 -76 45 44 -75 -29 59 25 35 43 -39 96 -29 3 -13 87 29 -20 -11 -20 36 -69 -38 3 -45 -86 -65 86 -97 -92 -28 55 89 21 -59 -73 -23 -81 -3 -84 -7 94 -82 -54 89 -71 98 69 -82 -81 66 -30 -62 -44 -14 46 23 39 -77 -49 65 -43 -81 -45 22 -43 1 95 98 -75 14 81 69 11 37 -44 0 -25 -92 -58 -27 58 28 -30 9 -72 -93 -31 -41 55 62 -82 40 -2 7 6 9 93 40 -63 10 23 -97 -76 99 -27 40 -66 -47 -1 -93 100 -5 -15 79 -26 65 47 30 -56 57 -90 53 -94 -65 7 35 -92 -63 34 -23 2 -63 26 19 10 17 -35 51 59 -87 -87 39 15 72 69 -88 -55 17 -63 38 47 62 -98 15 -66 -3 -96 33 -58 86 -35 98 -61 77 53 -60 -66 31 -23 45 -49 64 34 82 59 51 -90 0 -78 94 75 -24 88 51 39 -14 -56 -59 96 -98 88 20 93 1 -85 -9 99 17 14 43 -96 43 46 -25 -37 -86 62 5 -89 68 52 50 72 6 -46 -69 38 -66 12 0 15 -67 84 -56 24 19 -64 -37 95 -96 -93 84 -70 -40 -95 -99 -79 -25 -57 64 44 -60 -78 19 -35 -84 36 3 55 -81 67 -41 -44 99 -69 1 17 39 -60 95 -87 6 81 -62 85 -48 51 38 49 -99 -96 -93 -49 -69 6 23 60 13 92 -10 91 2 -19 -69 -50 -50 20 67 49 -73 -45 79 -26 -66 20 0 29 85 70 -24 -30 41 84 2 22 70 56 1 56 -33 -50 -97 10 -21 -93 -54 -98 45 60 70 57 5 9 -16 52 72 -63 4 53 -76 27 10 93 20 61 58 -41 -82 91 38 -84 -12 51 -97 -96 28 -49 -82 30 -86 89 44 57 24 -67 -43 -70 -51 5 -40 23 -31 -87 -54 -99 -9 66 18 81 90 64 63 68 94 8 -47 -72 -71 76 -89 -42 -90 -69 -73 97 68 -13 49 -25 51 -5 13 -27 -54 -92 77 57 82 57 -18 84 62 -68 33 -67 -87 -1 -88 -31 -97 45 20 88 -17 20 13
-3 61 92 -3 -10 -53 -21 -31 -14 15 20 -17 -26 95 4 16 32 -46 -31 -5 93 74 -31 -63 29 -75 -62 -39 -98 48 58 0 -83 -32 -86 -70 -22 39 -5 3 63 49 -18 -36 -53 -17 -30 -41 1 -24 43 -25 -99 -74 -72 68 -37 100 -26 47 68 -5 11 48 -59 56 -40 -15 23 87 36 82 -49 96 28 75 -82 95 -24 -47 85 76 -2 -70 96 62 -45 -64 34 -38 -42 58 4 -7 90 -31 37 24 -74 -7 -14 62 -84 62 -67 28 21 -82 -18 62 10 -67 -34 -9 -30 -41 14 0 -28 67 6 38 -33 95 81 64 -70 53 55 47 45 -36 -9 2 -3 76 10 57 32 8 87 -67 -89 -60 83 52 56 32 46 -65 47 -14 84 -70 -59 13 7 38 -67 -76 -18 3 72 28 -23 -6 60 12 -22 -88 -34 -9 -51 -78 -43 -90 90 -13 67 89 22 6 -28 82 -79 43 13 11 -50 83 84 3 78 57 89 63 28 35 -52 -92 -92 50 51 8 -91 73 65 46 50 57 59 78 -20 53 94 45 12 -88 -81 39 -98 -58 -70 -82 74 35 -9 6 -18 61 93 29 -98 -66 -38 -24 51 -70 -36 78 76 -96 -92 52 -47 -93 -14 -69 45 81 72 85 -90 -97 -47 -74 13 50 9 -63 33 39 -54 -13 -62 65 -70 -26 39 35 -57 63 18 91 89 20 48 74 -69 -62 33 -92 -74 -13 -68 85 -23 10 -80 38 14 -42 6 36 62 19 25 -65 14 -49 -84 35 -22 16 -28 32 7 67 79 73 -64 60 -76 13 -1 -69 -85 -11 -86 -10 33 -39 -55 56 -10 -38 -39 96 -99 11 -41 -36 9 2 -3 92 -81 -70 -7 63 21 9 26 -14 -73 89 24 72 -9 74 62 -50 34 -91 -7 7 -10 -10 -36 -90 -94 -89 30 -50 -70 74 29 45 -14 4 -20 -59 -87 -59 92 35 -43 -11 -26 88 15 88 -31 -50 -54 -27 96 87 62 90 -33 63 55 -60 -80 -75 78 -11 -63 -70 97 13 63 93 82 17 1 38 8 -83 -4 -8 37 -3 74 -98 85 -51 75 58 -17 96 30 -31 67 -50 70 -60 31 -56 45 23 52 -12 29 78 -92 -33 -4 -40 -68 8 -89 -94 -88 100 -23
80 -62 -32 -71 -28 24 44 12 47 -30 -84 73 63 -88 -49 94 -47 67 -56 -91 -7 -100 -2 44 12 17 -71 -16 93 90 61 -45 -18 0 -55 75 97 65 -15 -30 -62 22 3 87 -59 -2 -5 67 22 76 63 23 -48 8 -61 -81 95 -4 -95 -80 91 78 -82 -65 2 85 29 58 -74 -86 -60 -17 -58 49 -67 28 12 31 -8 88 20 93 -58 61 92 -79 -59 -18 -52 -14 30 75 -99 21 57 82 -99 66 84 69 -74 85 61 -51 -40 -3 -39 69 63 -44 77 47 -54 72 1 -75 51 91 -77 61 -92 73 -60 -35 -5 -49 51 41 67 96 21 67 24 -20 53 -96 97 10 27 69 17 -100 -18 -44 29 6 6 53 -75 2 75 -49 -23 -39 -19 76 58 -31 -68 -17 -3 -69 -93 -75 18 100 60 -81 -61 24 -37 66 59 -73 -73 -8 -94 -30 -99 61 1 92 -32 47 16 44 75 60 -32 25 -4 56 46 96 38 -24 51 90 21 -13 -88 -91 10 -12 84 95 -12 85 -38 70 82 58 -27 -69 39 62 -18 -57 -71 -70 17 64 -22 53 8 -84 -78 -4 -22 -14 -10 35 -92 -33 -13 48 45 3 75 46 20 83 -8 43 -88 -94 -38 -86 6 -59 -39 -97 -52 63 19 38 -29 -22 -56 32 55 -61 10 55 -10 -50 -68 -57 24 -55 -85 -10 73 -1 -15 -57 77 -11 -6 -51 -20 -48 -5 93 45 96 73 -26 -98 65 -18 -19 -49 36 53 -79 -8 73 -77 -9 94 51 30 -72 -35 -80 -80 -100 -21 -74 -41 -76 -52 -14 33 72 56 11 63 59 -80 6 -75 -67 -2 -22 87 53 41 -91 -60 61 36 52 13 0 -57 -55 67 -80 25 -48 -98 -15 -88 -76 -32 75 87 -90 61 62 35 83 -46 0 61 -25 10 -87 22 85 49 35 -69 24 78 71 -18 -62 -64 -89 20 -87 11 35 87 -17 76 -87 42 -1 -44 5 96 66 -97 94 -62 45 80 -96 -58 -2 -49 -49 -25 -94 -85 -13 -8 -13 -49 42 64 -24 73 -79 94 48 -39 92 32 16 -84 97 -80 34 -100 -15 26 8 -69 -60 -80 -73 41 36 4 -30 19 -57 29 -83 94 -2 66 -7 -95 -15 91 -34 -2 53 -5 -86 35
-63 16 30 0 29 -75 5 -99 53 -69 -57 -84 -100 53 -31 -88 89 -52 -41 85 -84 -100 -19 60 -34 26 4 69 -11 56 19 13 -61 -78 -10 -3 -52 -19 43 79 100 13 95 40 -23 -25 88 82 -63 92 -54 -86 -58 82 77 8 82 -42 81 69 48 -3 -76 44 66 -79 -74 34 -6 58 -50 -56 -66 -61 -37 -63 -50 93 -54 28 42 13 -66 17 45 76 -33 47 -5 88 -69 -97 83 -96 67 -59 35 45 -2 7 -35 -61 -43 -37 -34 19 25 -89 10 30 61 91 15 -96 -1 -45 81 -78 -74 -87 -90 37 -35 -27 80 85 95 -83 59 71 31 92 40 -54 80 29 32 -88 -70 -83 82 68 40 92 -23 -19 72 28 -86 68 -28 40 -56 80 99 62 -37 18 56 -58 1 -30 41 17 -25 77 93 16 -27 -55 56 -25 4 84 5 -47 75 -35 -92 47 -77 24 -43 -40 28 -13 17 -81 -85 -57 82 -88 14 -38 7 -69 -46 -48 2 27 46 43 90 -77 85 -100 6 55 3 -4 5 2 -35 41 8 -12 -75 -3 63 -15 44 -45 97 -74 23 68 71 68 -15 -81 2 -38 58 -78 26 -42 -11 -27 -61 53 50 2 -83 -57 66 7 28 -77 -46 62 56 -10 78 52 -28 36 -76 -28 -24 -74 98 -89 62 -77 17 8 55 -4 82 61 84 80 28 -48 42 46 -35 -70 -12 -55 -95 -37 -68 -80 47 -28 33 84 -20 91 82 81 86 -52 19 37 47 41 -38 -66 58 12 39 73 69 -74 -81 -10 -97 43 84 41 -66 -37 45 30 81 38 -26 90 -5 63 -73 -77 31 9 37 -93 50 59 23 67 55 -82 -20 100 -70 54 -93 70 20 -72 -75 87 -29 -2 -71 3 52 91 49 -50 -69 -44 7 100 82 -76 43 -83 -3 -6 -50 -58 -43 -88 -39 -28 -51 -86 -94 -55 82 -24 93 83 80 35 -23 -64 -93 -68 -10 57 19 61 52 -66 -98 -40 -31 71 71 95 -21 -31 -33 31 -82 17 44 13 18 -14 53 -79 -82 -93 34 42 57 58 51 38 59 38 -38 28 6 -28 -68 -30 -56 -77 61 -85 57 20 -85 -47 -40 -98 64 -53 12 -48 -3 41 58 -20 69 -53 51 -74 71 84 45
-9 -82 -94 -44 -63 11 90 17 -28 -35 70 -23 -92 -3 6 84 -10 5 -47 79 2 34 -49 40 92 -57 74 -41 -24 55 8 53 85 28 87 -28 -55 17 97 15 -56 15 -5 -93 -24 -49 43 -57 60 92 -34 48 -16 54 54 72 51 -62 -10 -23 -20 -81 98 85 37 -20 -28 -92 71 93 -51 3 -87 -29 85 -86 25 -87 -17 48 -32 0 86 78 2 24 -86 38 7 100 39 58 -97 -13 -32 27 -24 20 21 40 -69 26 -67 -22 50 56 -51 70 33 -47 -48 -11 -88 -5 30 86 48 -38 -48 -12 -82 -31 -41 72 -90 76 -97 4 -2 68 -18 -66 -61 40 -14 93 -37 -37 40 -51 41 -98 -32 25 -93 5 -15 2 -97 66 -28 -33 -31 -32 -69 -52 94 -58 -38 94 -91 -99 -4 80 -69 99 -16 5 -91 27 100 -7 -69 -26 13 88 -30 49 62 -13 -66 -52 79 56 93 73 0 65 93 -81 96 -49 -46 93 64 74 69 68 -1 -4 92 99 -100 32 38 65 -91 -44 93 11 -99 -54 -40 -80 23 78 5 -71 31 78 -74 59 -89 0 -35 -64 93 -73 -8 -44 26 100 -99 19 -66 8 96 95 -67 -62 67 3 -87 -21 8 -63 1 -71 49 93 34 -23 59 -32 24 51 81 -42 12 -3 -60 35 -47 37 -10 -80 41 63 -99 18 55 1 -30 10 -54 -64 -9 30 -44 62 30 73 34 6 5 23 35 52 71 86 -45 -85 6 -76 70 68 -50 68 -74 23 43 -32 -36 -44 61 -57 -98 -63 -54 -71 59 29 -35 24 -57 55 -44 -11 -3 51 -37 -54 -50 54 5 14 42 51 -36 -7 -92 3 -55 -83 -61 98 14 -10 -65 60 -12 -86 12 47 -98 66 32 9 30 -94 28 -62 -19 44 -3 -49 -94 -96 -32 -73 22 -65 -43 52 80 80 -62 -70 59 86 85 -6 -75 -18 84 41 -22 83 92 -49 65 -10 84 -62 60 60 -18 32 -87 -82 46 -54 44 3 -21 47 -90 -29 -50 39 -78 7 89 -17 -31 48 -42 -77 -75 -39 -79 88 5 30 -43 -94 -79 48 86 77 -89 -37 60 71 -25 4 -7 54 -86 38 -88 68 -81 32 70 -50 68 8 -2 -83 6 8 -15 -38 -74 42 91
32 -55 -93 -19 -73 93 82 -27 -40 15 63 57 46 -19 -35 87 -28 -43 82 -74 -33 69 -41 -54 98 93 9 98 -54 -81 -84 72 -71 -55 -53 68 37 -91 -79 31 -66 41 -25 -94 -36 22 -54 10 -30 -93 -87 90 77 -78 -87 19 -58 -70 -100 -59 -73 19 12 -72 -65 56 19 -50 -63 -20 86 -4 -27 62 -7 94 14 -73 16 5 41 -18 27 7 -97 50 99 6 10 30 -91 -58 -93 52 -34 90 -77 44 79 -94 37 -77 -38 -39 6 -39 100 -61 -48 -95 -96 14 -53 98 -97 -66 -87 54 64 -6 62 58 65 94 -86 -62 84 -89 -78 59 72 -16 -74 -15 -34 47 88 -75 2 -47 81 59 66 71 -60 -48 -55 14 12 54 -85 98 33 73 -14 -5 67 6 -43 34 48 -69 89 -99 34 70 -22 43 -60 67 -92 26 57 -3 -23 22 10 -11 25 44 27 20 9 -53 98 -43 92 80 -81 -85 -40 12 -62 5 30 98 31 -78 5 -81 43 78 -43 -33 -25 47 -25 84 -16 -39 -86 70 17 4 -76 -39 31 33 62 65 62 76 -72 -25 22 82 40 11 -9 59 50 -86 49 -7 -33 76 42 -91 -28 -59 -56 90 15 50 -67 -95 80 75 21 93 -53 79 27 36 -52 -74 -81 -54 49 91 -75 -22 13 97 -16 -50 -31 -5 75 -1 86 5 59 -57 45 -86 -29 -87 95 -13 16 21 -55 98 1 27 52 -87 20 30 -42 -32 20 63 -84 67 -19 50 -22 96 -62 -75 3 17 75 93 -34 6 -47 89 -16 95 -42 -25 31 73 85 -54 -77 70 -73 -30 83 -93 -70 -97 89 -87 7 39 47 50 -32 25 83 -78 45 55 36 26 -71 22 19 77 55 64 10 39 -4 -79 13 51 -33 8 44 82 55 -44 -16 -60 -79 26 92 -17 -55 13 93 -15 95 54 26 27 80 -26 28 -63 21 -60 14 -29 93 -84 -51 -16 36 -45 -46 24 33 -15 43 -83 -94 76 -89 -17 -20 -75 76 86 29 -16 -75 -52 40 56 -5 35 -22 34 60 -65 79 43 49 43 91 -68 15 38 25 20 89 0 -76 91 -27 27 -45 49 3 -13 -97 15 -48 -97 -76 70 -28 93 -68 58 12 25 29 -28 81
-34 -18 -74 -14 9 -43 -66 50 6 61 -64 -62 29 47 -76 -41 57 -65 70 5 -73 -2 93 87 -68 81 -48 21 -55 3 -49 -56 43 -29 -64 -80 97 69 19 94 89 49 72 -96 -6 -74 13 -82 -4 31 14 -64 -25 13 92 24 -64 -9 2 -22 -93 -75 74 61 -95 -25 81 -46 43 -37 -53 55 56 71 29 92 -90 37 -24 -70 16 -7 -35 -36 34 61 93 -78 -50 79 4 -83 62 -14 -8 -78 -37 46 -17 -52 -36 95 -8 -1 -86 -23 54 56 -38 32 7 100 65 -10 50 51 -41 -11 -72 -65 27 32 -52 25 45 7 -86 89 41 -12 52 63 60 -74 43 37 -90 -15 37 18 -66 -32 -89 100 73 1 -45 20 21 100 -17 -68 -24 -37 83 40 94 6 -33 98 2 37 -34 -26 -36 -27 -86 -63 24 98 -10 -12 -13 -78 12 57 -85 -56 -60 -55 47 36 -44 89 -45 88 83 -58 -22 -66 -56 -14 59 76 -54 32 -88 91 73 64 -79 0 62 88 1 -87 -8 -88 83 -3 30 -44 44 75 -59 -50 -75 21 -64 50 -9 -81 -86 -79 9 49 47 -27 -28 39 -73 95 8 38 -16 -1 -52 -59 -47 22 85 88 -11 -47 30 73 75 -24 -24 66 80 71 26 45 -28 -16 68 21 17 -18 -35 47 -56 -50 57 -100 -100 88 9 -100 20 78 -94 68 -82 48 35 49 65 11 -14 66 -79 -31 -13 88 32 -39 -9 -82 15 17 78 40 -82 -50 -69 -14 88 -81 -34 -86 18 -53 -3 100 78 -24 -42 -99 -79 5 -95 -4 46 -73 49 -64 52 -65 -30 8 70 -99 -2 61 51 52 -34 -64 12 -38 -78 40 -100 89 -13 -75 47 2 84 -60 1 11 -4 68 92 -24 45 -18 29 -49 -25 19 -98 -30 76 -4 65 61 -92 11 -55 4 56 31 0 24 -77 -95 99 73 -66 -37 5 94 70 12 59 66 45 31 -47 -94 -41 -42 -44 85 -61 18 22 30 84 42 -100 -37 -45 -38 -13 -49 35 -42 -84 19 80 12 -62 98 -36 -23 -65 -66 -26 -29 -98 -95 -27 31 85 -72 -30 72 80 4 54 69 -67 11 15 -87 -34 10 -59 -48 77 -66 -79 -76 -60 -40 -58 59 -93 -47 93 -17 -94
37 11 -37 27 93 52 80 -93 43 -66 30 16 -75 -99 61 -18 -86 94 -59 -17 24 21 -10 90 79 -89 -19 31 -68 58 -85 -96 65 -9 10 91 -66 83 -65 -37 -7 51 -98 -96 83 -41 30 -100 68 -11 34 -24 24 100 -49 -29 10 11 -14 -29 -1 -53 -25 31 -40 -7 98 23 -50 82 78 -63 -26 -6 61 -88 -13 -96 -67 74 -86 69 8 33 20 87 -93 -69 40 33 -41 -3 14 72 -8 58 79 -64 -57 -95 1 -72 70 42 23 -77 31 14 72 69 20 -44 35 -40 2 -41 46 46 23 92 80 29 76 -74 -39 -91 -28 -76 76 -26 29 82 -13 75 -30 95 -77 -48 7 -21 82 -63 -1 31 -93 38 -76 -93 -8 -62 51 63 73 76 -18 0 23 33 -13 -8 -85 9 21 -67 -31 -100 -85 12 -5 -40 46 48 -78 -71 16 2 65 21 80 0 43 65 88 51 -91 13 -37 10 64 89 34 -73 -96 3 46 68 -93 -32 -54 30 -29 -50 98 22 15 51 40 96 -31 84 -94 89 40 -1 51 -100 -52 0 -35 -100 -55 -59 -92 -20 53 -71 -79 -46 -50 47 91 75 92 84 -54 62 93 -62 -34 -38 3 -91 -77 -98 -49 13 -17 89 88 -80 2 -62 -6 -3 81 12 61 11 24 34 48 -44 95 31 79 33 -63 43 -31 -16 60 39 -78 -46 59 -82 66 -77 -86 49 65 -41 39 -41 -40 -86 37 87 -33 -85 39 36 -22 -85 -28 77 60 64 -59 63 -32 -70 17 -54 36 -28 95 -36 15 21 -54 -39 24 100 26 88 98 68 79 1 58 20 -45 -51 -19 -75 12 43 67 -47 -59 84 97 -80 94 -49 -15 -57 -15 20 -90 70 90 40 -8 67 -41 -85 19 28 -99 -42 40 38 -30 -81 24 -5 -67 -81 13 78 68 49 -27 -3 -26 9 -56 96 96 75 77 65 44 -21 58 22 7 32 16 -68 68 -1 -80 98 5 -71 97 -26 8 -90 52 32 16 60 37 -76 -86 67 -6 -95 -78 44 80 73 -2 -93 -29 -97 40 -38 61 -4 4 -81 42 18 88 -26 -53 27 67 79 -86 -45 53 -47 45 -4 88 84 3 -55 77 67 -30 -7 69 99 69 -93 -73 -46 -54 -90 49
65 0 -73 -53 48 -49 99 -20 -6 -12 24 -87 -12 91 -8 -25 -14 30 17 79 -58 34 -74 -5 30 4 -45 17 93 80 -51 35 25 -67 -73 25 -74 32 46 -11 -11 -37 -32 21 81 98 -95 -10 -79 16 -53 43 43 27 -28 58 70 -91 52 -16 78 8 79 -85 -58 -75 96 -25 -79 12 -35 -98 -14 30 -4 75 -12 -41 7 95 -24 -37 66 88 -88 -86 -42 -54 77 50 15 40 -4 21 29 74 -17 72 66 63 -16 82 -98 -53 -39 57 3 -62 94 -81 -4 88 -28 29 -10 -63 38 69 -13 -13 -14 58 13 14 -51 5 79 -42 -3 -45 32 -4 15 -40 68 -31 -96 -84 -12 59 -83 -66 51 37 -55 -92 -58 -78 85 -99 92 -31 -23 -20 -62 75 -19 -77 36 47 84 73 50 -2 -63 -72 68 -67 8 17 -76 69 63 -59 -89 -43 -30 87 90 65 95 -60 -5 -56 16 -39 70 29 -20 -75 56 -2 34 -59 0 -30 -50 -29 -47 -88 6 55 63 68 46 40 49 -12 -40 -88 -49 -81 -11 -95 53 85 45 8 -11 -63 33 92 -68 32 -87 -24 -32 33 -62 13 45 35 41 -71 -32 31 25 12 94 -76 -3 29 86 -93 78 40 28 81 3 -71 -16 33 -21 33 77 87 81 7 -77 52 83 -32 -96 94 29 -4 48 -13 87 -98 7 -80 34 6 -5 -9 -15 83 -2 45 42 -9 52 -56 31 80 52 28 -74 92 -25 81 -82 33 68 62 -63 56 24 -31 -22 -77 1 -48 -32 -5 -40 50 -31 -84 71 -26 75 12 -1 70 -81 25 -65 -64 -86 -92 -45 2 -54 -58 -73 -94 90 -20 -24 80 -44 23 8 -38 -79 69 -49 -94 34 77 66 82 -3 58 -79 2 100 -3 -41 85 35 -5 -29 -70 -26 -14 -2 -25 91 -65 -62 44 -91 -61 42 60 8 -87 43 41 -63 41 -19 -78 38 -96 -92 64 74 24 0 7 84 -36 -53 54 45 -86 26 -23 38 87 -95 -84 -35 -76 99 47 34 -38 -29 -31 14 36 -53 -48 -98 4 -81 42 11 93 82 -16 38 -38 -18 -55 -36 -98 36 -10 40 -80 10 7 -74 -60 70 15 -6 87 -71 -47 -8 -32 3 10 -69 -53 -27 21 75 45 -86
39 -31 32 -14 37 96 -85 34 -50 79 35 66 39 1 20 63 53 94 90 4 -31 36 39 -61 38 -76 -47 71 -42 -65 4 -8 53 100 17 67 -25 -18 -43 23 7 78 27 -99 -16 93 69 47 64 -78 21 -14 86 -27 68 57 45 -51 -91 44 73 -11 17 12 -90 -72 -52 93 54 49 -92 -72 -88 -8 71 -3 16 -48 81 75 10 -8 90 0 -65 -71 35 -1 -23 -31 36 74 14 -56 -66 4 -84 18 3 -90 59 74 87 -46 -54 -17 -7 40 -77 72 -52 56 0 -31 -87 -15 -28 11 29 77 23 -22 -46 -31 21 46 -15 -47 -85 -93 -85 75 9 6 94 49 -60 -42 80 83 91 59 -30 26 45 -97 92 -26 57 -7 -14 6 -64 -83 14 -5 60 -26 9 36 77 -87 83 83 55 65 -78 -94 73 -27 -24 -20 78 -40 -23 21 -33 34 -76 75 44 -32 49 39 67 -8 2 63 -62 39 -73 38 28 68 70 -74 72 -78 48 -30 -99 67 66 98 -13 -73 -76 37 -6 14 -45 4 -58 61 -13 -53 4 6 -64 -36 41 -41 -15 -35 -86 -10 -23 93 -39 41 62 52 -100 61 98 4 55 -95 -10 36 -45 -82 98 -40 -26 99 -18 -68 33 99 -23 -16 71 86 45 -68 23 -43 -78 -22 11 -78 -96 -17 -4 5 -40 73 -21 61 1 98 -32 -62 88 -96 0 -31 -40 80 40 53 -4 23 42 -87 -7 48 49 -31 26 92 -39 31 -48 100 86 -56 -89 52 -36 66 50 -93 71 -65 -88 -64 -40 -45 60 -31 89 98 0 29 45 -4 -6 -57 -96 -93 -99 -63 46 95 -90 11 -25 79 46 99 -76 6 17 62 -31 -67 39 31 -61 39 55 -36 -91 5 5 -53 47 -63 59 -68 28 53 41 -96 73 49 -60 -17 -80 82 -3 -47 -98 52 -44 -59 -92 48 -23 93 -32 -79 92 -15 34 -69 -46 93 -89 41 -22 -64 -70 -56 42 -8 -3 71 -61 -42 30 99 -96 41 2 46 -40 -10 -2 -11 -78 59 84 -58 48 -84 -84 -8 31 -43 -3 3 42 53 -22 -2 72 -100 -95 33 60 -9 11 -42 -85 93 48 90 46 -63 -92 -73 28 100 91 2 88 -75 -49 94 -98 -36 -77 -70 67
32 95 -82 -85 -71 50 -77 -62 -20 12 -71 37 -91 -40 12 98 68 0 66 -99 -22 -63 -78 98 -49 -19 -41 37 -61 85 99 -100 3 14 -40 -73 -54 7 84 9 56 54 8 -14 59 -29 96 40 -85 -68 -3 65 33 5 -26 28 33 -98 75 -37 -8 94 66 -13 -24 73 -54 -12 67 80 -76 -57 3 -43 -11 -25 -48 -79 4 -27 96 62 76 17 82 -79 -76 81 12 -85 82 48 93 -29 -85 -77 -97 -62 -5 60 67 -68 88 14 -59 42 -7 -56 30 -55 -24 -94 0 -23 -38 -5 -59 16 -8 -52 -65 18 57 -13 -40 -11 -62 -54 -15 29 -81 35 -94 28 35 -9 -68 -20 83 22 -92 -38 -60 15 76 74 59 -83 -100 -20 -35 26 -33 -40 -75 -44 70 -65 -99 -19 59 4 78 18 13 76 -33 62 -97 23 55 -58 62 -73 100 27 -9 86 -18 -96 -51 69 -38 -49 97 79 18 -57 -62 -96 -25 37 -85 93 45 -24 32 64 48 -100 25 -98 -32 72 46 78 -2 -96 91 48 -17 -10 16 87 -65 -23 -16 72 75 47 -80 28 -77 -6 -67 -93 74 69 -39 -76 -83 97 -57 57 -91 -70 -1 19 -33 -43 19 18 46 -55 -37 -86 30 -88 0 -48 34 -87 91 -12 -43 -41 62 -83 -88 45 -51 48 -87 -90 -18 28 -22 -38 89 97 50 -23 31 -51 62 44 -97 -42 -83 25 -39 84 75 13 -95 7 -51 49 -78 -31 -86 -44 46 76 46 37 -54 -55 92 34 58 -7 -85 98 25 -53 44 2 -62 20 8 7 -12 58 -27 9 -80 91 86 82 19 34 77 -3 50 59 93 -48 10 -50 -94 79 20 30 -11 -4 52 49 96 -75 -93 78 -99 21 29 78 -29 -75 65 4 -87 42 -52 50 -88 -100 -26 -20 81 77 -69 -65 -53 61 -55 23 15 -52 70 -41 99 83 -16 87 -46 -32 90 -77 -56 -87 83 -45 -27 24 -37 -41 75 32 -8 -13 -7 12 81 63 -47 10 52 14 -99 -33 -37 -93 -22 -26 -3 -54 20 -59 5 -43 24 6 -76 9 -28 100 37 20 -71 -86 31 -7 70 57 -95 -34 -24 63 83 -97 -17 25 7 -99 22 31 -60 19 97 85 50 60 20 -61 78 -50 -58
-55 5 56 -82 86 -7 -52 32 -98 -73 -72 -54 4 -50 -52 56 55 2 -31 -59 -20 -28 -56 2 -56 15 13 39 -100 92 44 -59 -39 -3 76 37 41 10 -43 -56 1 27 -52 46 14 9 -93 -47 -24 61 20 58 -36 -96 -26 -92 -77 -3 93 -96 89 -48 -1 -58 5 70 -69 0 -36 12 -79 13 62 77 -7 92 -53 -10 82 19 4 -41 73 -92 90 -39 -96 99 -1 26 73 63 10 70 19 56 -33 2 -5 64 -23 -5 -92 -7 81 21 -76 -88 -96 88 65 -82 7 -4 -31 -55 -60 -85 -30 -85 6 31 53 -39 -58 -38 59 24 52 -39 -22 -6 -31 61 -39 52 -21 68 76 11 -70 59 -14 -60 -45 96 18 -95 -30 45 -6 32 -94 83 36 -90 -43 97 10 80 65 86 -32 -83 -46 -31 -49 -83 11 76 -88 93 -15 -61 99 64 -43 -42 23 -66 42 -79 -23 -15 -48 77 25 6 59 51 51 -10 18 -96 88 -39 68 65 60 -26 -58 1 89 56 -30 -37 -69 26 88 -86 -17 12 70 -67 7 87 40 -81 27 -73 97 -8 94 5 22 -25 -2 -52 -15 11 66 -70 35 93 96 -37 -76 -17 -65 24 -48 -92 7 53 -44 52 73 75 -75 96 -8 -17 62 72 26 -28 50 16 -20 82 -81 -19 67 95 -18 4 -19 9 1 38 -84 83 68 -78 -56 -53 -33 -38 -34 -24 -83 -22 -96 -46 -54 -45 83 -31 -68 87 67 8 -81 -62 99 18 -83 -7 -96 45 -61 -68 84 -48 -47 45 96 -76 -18 39 -28 -21 -18 -27 72 54 -80 26 -3 45 98 -85 100 -74 85 -16 -44 -72 -44 -26 72 39 70 37 -31 22 98 10 65 -63 78 84 87 85 33 -6 -75 -27 -78 93 1 -43 79 -28 -44 51 60 63 -2 89 6 -6 88 -89 -63 38 -59 -1 -3 20 31 12 -82 83 15 4 76 -48 91 36 -75 -22 -56 -6 65 12 2 -84 -49 38 -94 -44 72 -31 -54 -29 4 83 34 35 60 -19 75 -68 87 85 20 20 -5 -99 -81 -75 -93 -47 48 9 12 100 9 -7 -57 23 89 58 -69 34 -60 -9 86 92 90 10 -31 -9 -69 -30 55 11 19 -59 29 76 -19 -62 -3 7 -24
-20 -73 66 50 -38 -79 -58 45 -25 -12 35 -89 13 -89 27 65 -51 97 44 37 -14 -90 94 18 38 -40 -53 86 -5 -3 53 -97 -38 90 -9 76 43 12 -52 -86 28 90 99 -17 27 23 69 75 -63 -15 25 -57 42 27 -99 -80 -41 57 -42 -71 -14 90 50 48 -100 -95 86 4 -87 24 44 44 -29 26 12 53 -55 -8 36 87 -95 -20 14 8 -14 37 92 64 78 -47 -55 48 94 -84 40 66 44 92 -53 -100 64 -93 2 -92 89 -42 43 33 21 -93 98 -1 -54 -35 -3 18 65 60 -30 -100 -26 -81 -68 9 -40 -66 -76 51 -50 -75 5 65 -54 87 -27 58 20 77 -50 45 26 -91 -97 -92 -50 72 67 -45 -66 -48 31 -25 -66 -10 16 -84 -12 47 -26 95 95 -28 26 77 63 -52 -42 -1 -73 29 100 -85 -80 -79 42 77 -1 96 96 -99 44 -72 85 51 80 -99 -44 82 14 -23 10 28 -73 -13 60 -42 -36 -72 -13 44 -29 -85 -34 7 -7 -90 18 70 -36 -21 -55 77 -94 86 -15 32 -50 13 -19 -64 79 55 58 -34 65 -62 -44 -1 -91 78 9 -81 9 -39 28 -50 93 97 -16 -42 28 -58 -93 -11 87 -5 -59 -88 -96 -28 -26 90 59 42 -24 -63 48 64 -11 -53 73 -77 56 -68 64 -34 99 95 -10 -16 -29 -96 -74 19 38 28 -30 72 38 -56 53 68 81 79 16 88 -54 -50 0 75 51 97 9 -9 99 73 -88 -28 -92 92 6 -71 -30 9 -24 -2 32 -61 65 -68 67 -16 -79 -34 -12 -46 93 97 9 -14 3 -41 10 63 -87 57 40 1 -71 -79 68 100 58 -7 11 66 33 44 -74 88 -62 39 99 -19 -35 -67 23 -43 65 -86 -26 43 50 50 4 -60 -24 -50 97 -65 -56 -81 -70 -87 18 17 -19 -25 -5 9 58 29 97 7 14 25 78 92 88 -53 7 -48 39 24 41 36 -96 65 91 51 -49 -15 -72 1 5 -46 10 35 81 56 38 -63 45 -89 -25 77 38 68 59 91 76 -92 65 -82 -67 -85 -100 39 25 -18 -83 -16 -60 -17 60 -14 11 45 84 5 -50 63 95 97 51 -65 74 -54 -44 -44 41 -15 -86 -35 -18 -7 -30
29 4 -53 44 -25 -79 -16 37 63 -52 45 6 -94 -98 -56 -75 72 -41 12 -57 -86 34 59 34 -56 41 -87 -86 18 100 56 -28 -27 -71 58 -33 81 -8 96 -47 -10 -100 -94 35 -36 32 30 -4 100 24 99 -72 -88 60 -89 -25 -37 96 -31 -50 -3 -38 -11 -14 17 -24 39 -85 71 -22 -23 -60 56 97 43 46 -14 8 27 22 3 39 45 94 -73 -83 -62 41 27 74 32 33 -17 -43 -50 79 16 -27 -90 -35 24 -44 -86 87 97 22 -7 50 -59 -92 -49 -61 14 -79 -2 -97 -50 -94 34 -25 -47 13 -98 52 -41 -100 99 -33 95 -37 -59 59 -52 42 31 96 40 43 38 -63 34 -16 -6 -78 17 -78 21 -39 -27 43 -30 -73 -30 -85 21 -7 27 -15 97 -99 53 -79 68 -31 1 89 -42 -16 95 -21 -44 -82 75 -28 -80 67 7 -45 -49 75 -5 -56 -80 -55 -47 -74 -31 42 -40 -9 7 90 55 9 95 50 -32 59 34 73 -76 6 -39 -86 -63 -44 5 -41 48 86 18 34 59 19 -71 88 2 10 -65 -81 -95 -21 -71 11 100 34 43 32 17 68 -9 -88 -97 -3 -58 44 87 -6 25 -81 9 -51 -10 -3 55 6 40 -20 -51 -66 70 -23 -43 63 64 55 36 -47 -26 66 -76 -55 45 78 34 40 -32 -98 -17 25 -86 26 -81 44 26 -50 -89 54 -79 63 13 45 -70 39 -100 0 35 -83 87 -85 35 -1 -45 -59 -28 73 30 2 10 -30 -60 100 -58 -18 74 35 -14 -19 55 94 -58 -58 37 -36 -83 93 25 -45 86 -99 87 45 89 -83 -65 68 10 62 -27 -81 -42 62 66 56 25 -83 97 -43 -12 -17 41 -72 -39 68 -95 84 -81 -36 84 56 77 91 -18 25 33 -25 -41 39 86 -4 70 98 45 -39 -85 92 -34 32 12 -96 32 66 -23 -54 -95 98 14 95 -86 12 11 -96 62 -40 -62 79 -23 36 65 73 10 31 -43 20 19 88 -44 -25 -45 -47 54 96 -83 -2 -99 -79 1 77 -43 -3 80 22 -11 -9 91 6 24 -58 72 -18 -97 -13 75 -99 -32 -59 33 -79 -83 -98 -96 95 1 50 -100 82 -89 100 -28 -43 -46 80 -95 7 23 28 10
-13 8 39 48 -68 69 0 -37 45 52 -30 -32 -63 -77 61 -68 23 -27 -69 -29 2 21 46 -54 -28 88 -61 23 50 23 95 94 77 83 -92 -34 63 -88 -40 -14 33 23 86 -31 -18 -59 -58 42 -10 -36 -66 -63 -94 -38 -30 -22 -25 68 22 64 -79 -27 -46 -12 -32 -56 4 -45 98 -41 54 -21 2 23 85 71 -5 -66 -87 -97 12 -22 -44 -36 -17 46 -92 -24 -48 14 58 -20 2 -59 -64 80 -1 86 95 45 -24 29 7 -32 -38 91 40 25 -42 -5 -22 78 -98 0 -44 -85 5 -41 -36 62 93 66 -81 69 -81 -7 33 66 -59 4 -4 -68 -6 4 -10 27 32 -77 33 13 -3 -34 -91 -3 2 -41 0 -90 82 75 18 61 -20 69 52 31 17 -97 46 33 6 2 80 18 39 -7 -7 -91 83 -4 -57 -15 -100 -71 -94 -85 -81 87 -46 -67 -78 -99 3 87 -1 -92 42 73 -46 -25 91 99 33 -95 84 -9 -87 87 -16 92 15 -69 -53 -26 59 -88 -93 47 -94 36 -65 -90 -1 -82 -42 41 50 -55 57 -1 28 5 44 -22 76 -30 -98 -95 -92 -39 -57 -57 52 87 -14 -92 -6 43 -92 36 49 81 35 57 69 -67 -33 -12 11 43 43 -30 -85 -54 -89 37 97 79 -93 -37 85 -13 -57 -14 -16 -20 49 13 62 31 66 -76 -2 -44 -57 71 -45 -37 -26 -59 -31 25 26 -56 -93 -16 14 34 21 -82 23 -90 7 65 -64 20 -33 -23 -45 82 69 14 -24 94 -45 -11 -45 44 -17 49 73 -99 -25 -28 74 2 -18 -92 85 -35 -60 -8 49 -51 -33 25 71 -81 72 7 18 62 -71 91 86 25 -52 62 -80 73 99 12 -56 -59 17 81 -80 -56 68 -66 45 3 -99 5 56 -28 -66 -48 73 -78 -76 31 -6 56 -3 9 75 -85 78 56 -74 -44 75 -22 -52 17 99 -6 -17 -24 -55 -29 -78 36 54 -84 -81 79 -84 -71 -99 -49 60 61 1 48 35 -37 65 -41 45 23 77 -95 62 -69 -33 100 65 70 73 40 -3 0 -96 63 -29 95 -35 97 39 38 -30 -18 -100 -46 37 87 -56 -51 -13 61 -87 -90 95 -33 73 80 23 38 29 -76 74 57 89 -54 -50
66 -1 -9 34 -80 51 36 6 -55 17 -21 -89 48 -23 -40 -16 -66 -20 -26 -89 -29 24 -4 6 -5 64 -89 25 77 -5 71 58 95 -90 -67 33 34 -48 51 -90 -19 -42 85 -50 -85 87 65 56 63 69 -95 -27 -60 -69 56 76 -35 70 -21 77 -49 -47 -79 -31 -87 8 -41 -49 -33 1 -90 75 -18 -46 -81 -87 48 -1 -38 79 -38 55 80 -79 43 -83 -36 -55 -60 60 -13 -52 93 41 78 75 -79 30 51 -62 -63 41 70 -18 -23 -88 -8 80 -80 34 52 54 -96 16 -92 -17 -37 79 13 -62 17 58 -88 73 59 -35 65 -16 -79 -85 70 2 -4 47 -34 35 -55 -51 51 -21 51 -98 -51 -80 72 26 30 -33 -94 21 -94 78 -61 57 -16 1 22 38 43 64 -68 -45 -35 -83 -76 24 61 40 -66 -13 -48 3 -21 62 -12 -52 61 13 39 87 -16 -13 40 81 -1 -19 -64 -81 -48 -37 41 -13 47 36 67 44 -49 79 -5 -99 32 -80 -56 -32 22 85 62 78 -85 -18 -88 75 99 -19 -49 48 -68 -38 -11 47 -55 37 -70 -48 4 -55 -48 90 -10 -44 -86 58 2 -75 59 3 87 -26 6 -66 -47 31 99 33 -75 -75 23 -97 -53 8 53 -18 -52 -1 98 9 55 -32 -78 -28 -91 -68 -19 -1 69 17 -35 -28 -75 -33 3 -38 -85 -77 -83 18 -68 4 -61 -55 62 65 -93 -61 -82 79 -61 -93 44 90 -27 7 90 -39 -69 -36 76 63 -24 18 -91 -11 -62 37 75 -80 -61 20 -39 78 53 34 6 21 9 -97 85 34 -32 -44 87 -12 -32 -44 37 20 92 -26 -31 21 -93 -32 3 22 31 6 -71 55 82 10 -70 35 31 75 97 -47 53 77 84 -69 -63 46 61 26 84 -49 27 -4 47 40 -19 -90 -51 76 -36 -97 47 83 -51 46 41 -5 1 -71 -77 27 -4 83 -17 20 6 59 14 -18 55 72 76 -21 20 -100 -22 -25 86 59 99 7 28 -15 90 -98 6 13 -74 -2 -29 -55 -38 -55 -74 -68 -71 80 80 20 -68 20 -46 -97 66 96 13 -46 -88 -88 90 79 -11 -29 60 5 37 88 1 -33 -23 35 60 -50 -79 -42 -83 -41 -23 -20 59 48 -25
-83 66 41 66 44 -9 12 14 15 92 -62 96 96 -82 -13 -55 26 -39 -71 -54 -43 -72 75 97 55 -71 1 -50 -94 -74 -30 39 99 95 -20 -65 -52 5 53 -73 -66 19 -73 -18 -22 -78 -19 -59 -17 -14 71 -43 87 -42 95 -99 -26 -92 68 -96 -94 30 11 76 -68 35 76 -38 33 -13 -57 -62 -71 42 56 -1 53 89 21 90 -25 -44 38 -22 22 -92 62 -17 44 93 -64 -46 -70 -10 32 -69 -89 12 -67 -85 -34 -33 -27 17 66 28 22 24 32 94 -79 99 58 -89 97 -40 33 -28 50 11 11 37 -41 54 72 -19 -13 18 -45 -82 7 10 -4 4 -48 -70 -10 8 -81 -39 40 51 19 -46 -67 -50 14 30 85 88 10 69 -2 -95 -58 -53 62 6 -93 53 25 52 -76 -68 -74 73 68 67 -38 -69 -79 -100 -5 -78 75 40 92 46 75 67 37 13 50 -10 -72 70 -88 -1 60 -90 5 83 12 -68 -62 -20 59 77 -25 -57 14 99 -50 -63 45 -34 -76 43 -61 57 68 54 -43 -45 -64 -46 -85 45 -6 -99 -66 -61 45 -99 -9 -85 -45 -90 49 -70 -7 -19 -83 -88 -8 -16 -14 83 -69 -77 43 7 -19 71 29 -8 -12 31 -37 -73 54 -43 27 -30 -27 -80 10 96 -1 2 28 71 24 -37 93 6 30 -62 36 89 59 75 44 45 14 -99 87 -78 -30 34 -95 -77 45 -36 89 78 92 -91 -63 -26 -45 3 66 6 72 2 78 27 -45 -91 47 13 -46 -97 -8 21 75 -79 90 22 14 -52 -34 -46 36 40 93 40 -44 -73 30 79 -90 44 70 84 -71 41 74 17 -47 17 72 -22 80 82 -40 19 59 -91 -25 -79 -54 -30 27 -72 -5 95 -50 -2 72 -7 53 59 -11 -58 -29 87 78 -68 71 -80 0 -37 39 -58 70 -25 -84 73 65 -73 -61 -86 55 50 -27 -96 47 97 49 66 -53 -43 -37 28 46 74 -13 -51 6 -99 39 -3 -9 35 -95 37 -97 -22 -79 87 5 -81 40 -7 44 0 -33 -78 70 -46 65 -24 50 -20 22 78 92 -70 47 -50 -27 52 -18 -29 53 68 15 6 -61 43 54 -25 -99 -10 76 -5 -73 -33 22 -46 -70 84 -42 -10 -97
-28 -23 -48 -61 -80 78 12 -75 -86 27 0 36 44 -52 88 74 -8 -39 62 -87 42 90 -90 -22 82 72 24 20 71 -84 -40 -46 -39 -53 15 41 64 96 -7 -52 -1 -72 94 95 -90 -11 22 -17 57 -28 75 -43 -17 -46 -39 -40 -57 -88 -67 -50 47 2 -62 96 93 82 76 55 -52 -69 -83 -99 -17 -23 -46 -78 -75 69 65 89 89 81 88 -16 46 66 91 62 71 -13 -87 77 80 -65 76 -20 -89 41 3 0 -23 51 47 19 90 -18 79 38 -35 -4 -25 -56 -50 4 51 41 53 -39 11 -45 28 2 90 -11 -90 27 -46 64 -39 -14 5 18 -56 11 29 54 98 -19 -86 -99 99 -51 24 -53 73 -59 -2 -84 39 -57 -36 95 -20 -80 -64 -19 91 22 -22 -75 -9 50 96 -65 33 -8 55 55 -63 -100 -98 -100 48 86 25 99 54 -7 -34 -24 60 -19 5 -52 24 -15 -22 -83 -61 -92 -37 72 52 -27 -29 57 -100 81 -97 -79 33 46 6 43 66 10 34 -64 67 -43 -14 9 -31 -31 22 -10 71 -39 89 46 57 -16 -37 -86 57 -65 -93 -67 -84 -71 44 23 71 -58 -28 89 65 -64 46 -76 -28 -3 -97 65 74 -39 -85 -26 59 51 -90 -46 -76 72 39 -48 9 74 -49 -65 -22 -85 -77 -73 -49 -15 54 35 10 52 66 -53 84 84 20 -37 -40 89 -77 -57 -67 23 -98 -40 70 -95 -34 48 -28 64 -57 -28 -3 -19 -46 -29 82 -50 95 -97 1 85 -37 -64 11 64 1 -70 28 -99 86 68 -83 51 -59 99 43 -27 77 86 -41 5 48 -1 -99 -21 -74 10 -25 62 68 21 -39 47 17 -85 91 -56 -3 60 18 -6 72 18 33 -22 15 -66 -6 -22 56 84 53 -8 -37 -36 -81 58 -53 -18 -3 -64 54 36 -65 -83 77 1 19 -67 35 -60 21 -18 69 7 100 95 -57 99 -7 69 87 -43 -1 53 11 5 -4 -69 85 70 29 77 2 -43 -60 17 -30 -71 -83 22 -79 -44 -10 -87 6 94 -88 -64 -66 -68 -74 23 -12 -43 20 -24 86 -18 -2 50 47 -2 -55 -12 65 41 -3 -66 -52 71 -21 48 10 -86 30 -58 -88 24 -94 -10 -31 -61 -59 68 -12
62 -71 -65 -82 -8 -19 -19 -9 -63 -39 -45 -83 -70 68 65 15 9 -89 -12 9 -7 -83 -12 99 71 26 -93 66 48 65 -62 -64 -50 23 -53 -22 77 79 -78 44 -85 76 13 -100 -48 -43 93 24 -59 -1 -19 -59 7 -29 58 -64 -73 63 -84 -3 80 -46 79 48 62 -5 100 -29 -20 27 -84 -55 68 -42 -94 89 40 10 55 59 45 -3 -16 -3 100 5 73 -24 10 69 27 -9 46 -60 -21 80 -90 24 67 30 -67 -34 -48 -17 49 64 27 -31 -69 47 56 5 44 13 -12 14 81 -26 79 58 21 -20 -61 -4 -65 66 -93 -9 26 -77 77 -52 48 41 8 -9 70 -66 -60 -67 -52 -80 16 -44 44 -95 -12 -59 26 67 88 -42 -98 -51 49 72 -9 -38 -40 -12 -69 17 73 2 80 -92 -99 46 38 38 -25 -65 82 89 18 -69 51 -10 83 0 45 -93 -46 66 10 47 -32 96 19 -25 86 -67 -81 -68 49 56 59 -58 5 56 75 60 -64 76 -38 23 81 46 63 77 -17 26 42 34 -90 -57 24 36 -10 67 -47 2 76 -96 12 97 94 16 -19 -64 -44 37 27 23 -22 37 -53 -88 -62 33 0 84 -31 -3 -17 -51 89 -58 29 19 -26 -83 -36 -86 48 72 -95 -18 62 -7 -91 -11 58 -42 -59 -26 -8 -65 99 42 -22 -43 66 -11 -77 47 29 32 -15 95 -79 -50 -85 -46 65 -35 44 88 79 89 -51 -56 -71 -24 94 -81 -46 1 72 51 89 -49 -18 47 45 29 67 84 -37 -37 -25 30 -89 22 -5 85 44 -40 33 -71 -19 84 33 14 78 57 77 2 -79 -19 14 -76 5 73 94 -58 1 5 56 29 62 -95 -82 -20 -31 64 99 33 -30 46 -25 -77 -72 22 -61 24 85 91 -92 35 84 -97 -97 50 -82 -95 53 -30 -66 47 82 92 -38 -79 53 -43 -7 -37 -9 -21 -10 0 75 -16 -92 8 -33 17 66 -40 92 -84 -51 35 58 -98 -18 74 72 15 78 91 -82 -65 22 66 5 5 -55 9 21 89 16 -22 62 78 -24 24 -99 -88 -96 3 82 -76 -45 11 47 -5 73 84 91 -81 92 -6 -80 -92 50 59 -77 51 78 -66 -23 -47 55 42 -23
31 6 -23 -54 19 49 -2 16 -8 54 82 -19 -2 43 -87 -56 -41 42 28 -87 50 55 61 -22 -19 5 38 -8 -6 -24 -10 62 69 -83 -17 77 -42 -14 13 31 -42 -50 89 39 -89 10 -30 -8 -17 9 -25 -37 -85 25 -9 4 -24 -43 -58 -3 5 70 11 -94 -2 24 34 40 62 35 -15 41 -43 -32 -33 -1 61 79 13 -31 67 -83 -98 22 -7 -35 -96 -62 -30 44 -70 -69 50 62 -9 -60 100 -56 -2 32 -30 66 -64 -49 -3 27 -13 58 61 75 56 -14 86 43 31 -41 55 -68 76 10 -36 -96 -46 63 33 -8 -63 100 58 76 82 -8 -79 9 69 17 -48 -92 -81 64 -63 -85 -7 10 16 87 -48 -27 59 33 93 40 -80 90 -46 -16 51 53 61 -35 88 13 -74 -25 -27 99 96 79 88 -45 45 -47 -60 86 -98 2 -74 -72 -96 -63 -59 -90 46 0 91 -100 47 34 42 -68 74 78 33 81 -11 -47 1 -30 -28 1 30 59 -90 -4 0 -33 89 39 -70 -40 44 -6 14 -73 13 76 10 -7 -36 43 -79 96 38 -81 100 48 94 84 -34 42 -52 20 -63 -7 -62 -79 -75 30 46 -40 -69 -63 -52 -98 18 -28 -60 -9 -13 -56 79 -56 -67 -32 -9 -84 -38 -96 58 13 81 14 -43 -41 69 81 84 90 8 56 -52 92 -12 -46 16 -39 56 41 93 -45 -82 10 -78 96 2 -30 92 96 -63 58 18 27 54 -70 13 -61 -9 -51 -46 -70 -12 54 -89 55 -24 94 -35 -41 -75 -1 72 1 -52 24 66 -55 40 18 69 -77 -8 87 95 16 7 -99 -22 -84 -11 -100 -41 -68 -65 -8 -47 -26 22 59 7 -78 53 -95 17 -62 66 3 5 -64 -6 83 1 56 -79 -57 -68 -36 16 79 -42 -91 9 29 59 12 38 88 -4 -48 88 -42 56 96 39 -74 26 56 31 24 94 -93 -96 24 59 -48 11 -39 31 -24 -25 16 -90 -62 5 52 -37 76 -100 27 13 -73 -100 57 62 -42 98 -84 -67 -75 -70 -14 -18 9 -65 96 -57 -77 45 96 -42 -38 57 15 -42 -17 -55 8 23 -86 72 48 -38 -89 32 -11 19 42 68 26 -22 -37 -19 -47 -99 -100 17 12 -91
-85 -17 -66 -21 57 23 59 -37 -84 -59 33 -98 -58 43 81 92 -57 -18 -49 -4 27 74 -70 100 -24 -11 76 7 5 -5 -10 13 80 -68 -24 -63 23 -58 73 74 68 -87 98 87 14 60 -96 -14 -99 7 -7 88 30 -27 0 -9 96 -33 -84 43 -61 6 -81 96 45 -31 -12 19 -92 91 17 -58 -70 88 -5 -13 8 -97 -84 94 71 -29 -69 35 -86 -42 -86 -83 93 -95 11 -5 -3 -50 84 -39 -82 31 30 10 -76 -80 -21 58 -54 5 6 85 82 -84 49 27 71 -20 -99 15 -76 76 -35 -2 -98 28 -1 67 88 -37 -74 60 20 22 79 97 98 -60 -46 -80 55 -58 58 -95 9 -90 67 -5 -38 -31 2 -59 89 -20 1 -66 -89 -55 -91 -45 59 47 10 -99 40 41 76 -3 45 37 98 -55 -79 -24 -5 68 20 -55 68 -12 -51 -94 78 37 78 -7 -36 -96 -81 7 -25 -37 29 3 42 -83 90 -17 61 81 89 74 14 -84 -98 -75 45 12 -53 62 21 57 1 30 -57 -59 68 97 -69 -42 98 -38 67 -39 -68 -28 56 67 19 69 40 53 -74 -23 89 -14 -30 -47 -80 93 -37 74 57 54 74 -90 -3 -100 -76 -53 74 -70 -12 85 0 38 56 22 76 87 -47 -8 -15 -96 -72 -89 17 -95 8 -39 -58 39 -53 68 -7 89 -50 78 43 -47 -35 63 -98 31 6 90 -39 -24 -86 8 29 68 78 -58 -71 54 -14 -2 25 -12 -92 70 61 21 -94 -37 -63 -1 100 68 50 32 -1 49 -40 76 36 51 -60 29 95 40 92 41 -60 -77 -56 -84 52 21 -66 54 99 95 -96 -43 -16 57 -64 -30 -60 -63 -32 55 85 -35 2 -79 -43 56 -19 -98 79 -68 57 36 75 -60 93 -30 72 37 74 51 -30 -37 10 -68 50 -67 11 65 -59 1 -14 10 5 -57 -82 47 -53 45 73 34 56 -33 -64 87 -26 -66 -7 54 22 62 -44 -2 -65 11 -100 -96 35 16 77 12 36 -95 -47 -81 29 54 56 -64 -81 75 -18 -33 -84 -76 58 -74 -43 66 -94 92 89 46 -95 16 74 -92 -43 15 -63 75 40 -2 81 93 52 -39 82 43 -92 90 42 -69 18 6 -54 -56 57
3 -92 -58 90 -78 76 67 -49 35 -87 50 11 50 48 -38 -38 -57 -20 -50 49 86 -56 61 -3 -54 82 19 -80 -85 68 54 76 42 80 -56 90 46 4 24 -29 -4 -82 62 24 -86 79 67 -53 -66 41 33 100 24 -64 96 -61 16 99 -68 -48 65 -81 -34 56 47 38 -25 -93 -55 32 84 -38 0 0 68 -83 -75 60 3 -29 -42 36 4 -31 16 57 100 -36 -39 30 30 44 -41 83 -49 37 -65 -33 -64 33 -78 51 -40 10 2 -15 89 42 95 -13 -32 -9 32 -42 99 68 -83 96 -68 -10 14 -75 55 42 77 -31 -84 -56 35 -69 -89 58 -30 -59 84 -59 -70 -99 52 -75 69 30 -42 37 -31 -50 -7 -4 20 81 82 5 -34 -95 52 -13 -89 76 6 -50 -57 -50 -74 26 -84 44 65 -44 100 16 -86 46 55 -62 61 61 92 75 -4 43 -98 -2 -47 -16 79 -95 80 -70 -60 -10 62 15 -52 69 -26 -57 76 -26 5 86 -26 41 44 -95 -2 18 79 -69 -35 -40 -19 -3 97 2 41 44 -22 -40 -74 70 -24 -23 -24 24 99 -19 17 -4 -51 -60 1 48 78 12 0 -78 -48 64 -10 35 12 -62 -36 50 82 61 -23 40 36 73 97 29 89 -59 -80 -88 74 64 -98 -19 96 46 97 76 -38 75 23 45 42 -99 84 16 -20 -70 -11 72 -38 -26 -11 34 -35 -10 -82 69 -60 6 -63 -22 -5 59 -48 -34 73 32 79 98 84 -59 39 -47 100 -4 26 -29 -39 -65 -10 24 -95 -89 57 -19 -31 40 29 -2 -98 34 76 -44 24 -93 73 90 44 -28 15 -15 0 -30 80 59 -44 61 -61 7 -89 56 -60 -6 -33 -30 0 19 46 35 -7 -46 46 96 -86 -31 -9 -23 13 65 -85 -33 -47 -57 -82 44 -2 -49 1 -2 -22 -3 -28 58 56 -88 -89 -78 37 23 -33 -32 4 -45 -68 -43 34 86 -51 -65 -42 92 42 64 -73 -50 45 -57 57 -68 29 85 -53 89 -86 -88 -36 -34 -91 57 58 98 65 25 40 68 72 -58 76 80 7 -8 27 -15 82 -63 72 -27 -91 -3 -71 80 61 27 19 86 -15 39 43 -99 -2 14 8 69 -46 6 -66 -99 65 -31 35
-8 -55 71 -41 44 3 83 60 -68 10 80 -86 -6 56 88 -35 7 -46 14 -55 4 -23 -20 -85 -25 -47 53 -67 7 -57 5 -41 12 21 64 -75 68 -3 83 -36 0 -7 44 -61 30 -80 -73 -81 14 99 -40 -23 -86 22 -39 5 -79 -65 -4 81 39 -71 -86 40 62 32 58 -14 -76 62 59 51 -65 -87 -6 -93 -8 -11 -56 -12 58 3 -42 15 29 -82 -34 7 57 -20 -85 -75 88 35 -29 90 85 -2 90 -61 -5 100 67 -42 54 -37 37 -30 -24 59 -11 71 62 -65 67 -41 11 10 -52 9 -79 20 65 21 -20 -97 -59 -33 43 63 -5 -18 -2 -58 24 68 8 82 -78 15 -28 20 91 46 -80 45 76 7 81 -58 -65 -71 -98 28 14 69 -67 -9 -85 -18 -17 19 78 23 -62 -80 -59 42 -39 100 -29 67 -54 73 53 -7 99 37 22 -12 -21 -64 -74 -62 99 38 -15 -24 -20 -5 36 59 -69 44 3 -96 57 -50 46 -90 -88 91 55 -73 -68 -75 85 -35 -59 -87 88 53 -93 -33 -82 29 -67 -58 54 -5 -6 -51 -96 81 -47 -96 9 -70 65 -9 -33 50 13 44 74 -40 -66 -78 -1 87 -69 14 -3 -32 -61 10 -28 -52 85 -77 -41 -10 15 48 83 -85 7 22 -78 -7 -4 -96 -87 -98 -40 86 -13 98 11 -13 35 33 -37 -52 -29 45 52 2 -48 -30 -49 61 -51 -14 -58 15 68 -92 -92 56 16 -82 -81 -64 36 -25 -7 13 -7 -30 14 -90 96 -49 -92 47 -90 21 24 27 -52 18 69 56 -40 -63 10 78 -99 83 -32 -53 -78 77 10 -12 -42 79 42 41 -62 -69 25 16 51 -93 -55 75 -91 -50 3 -54 4 -53 100 61 60 -67 17 -27 -31 -18 40 60 -58 38 90 -32 47 73 -72 80 22 63 -18 68 75 95 -77 52 -88 62 66 -88 16 -41 -59 33 -83 57 59 -85 63 53 -24 -48 80 40 63 -99 35 3 -41 9 84 -35 47 -80 33 -84 24 -97 13 80 27 45 95 37 83 61 44 -62 -13 32 45 -95 81 21 16 -58 -50 -70 -60 74 -54 -13 0 -12 17 -67 37 33 17 -29 -89 13 -90 -21 -41 -48 67 73 44 86 -54 56 69
-27 28 -39 63 -61 -45 -19 25 65 -44 -35 -81 -87 8 -21 55 -10 -42 82 81 -61 80 -21 59 -5 75 -18 79 9 -32 -76 -1 7 -72 76 -1 -27 1 -65 34 23 -95 50 57 89 33 0 -75 62 5 20 59 -27 -80 23 23 49 18 -61 77 100 57 86 59 92 -74 -90 -63 -75 -70 -74 -90 20 91 -49 -95 -21 -59 -80 24 -82 18 -1 -35 83 4 -90 -37 -61 46 38 70 -86 15 -93 12 66 37 13 47 7 -19 4 54 -96 -41 -65 -8 9 -27 -56 -88 -100 68 -57 -95 31 10 60 52 2 16 70 -45 8 11 -91 -58 83 -55 42 90 -60 68 -96 73 0 38 57 -12 83 -65 63 -83 15 -99 88 -76 -52 -84 19 -48 22 -42 87 -99 -71 3 -82 -88 -80 -36 -84 50 70 96 10 -95 27 51 -85 11 51 22 96 -44 -44 -26 -83 -64 1 -80 -38 -49 54 17 -65 81 -92 -66 -49 -21 -7 -99 -77 45 23 39 26 -29 72 -13 34 -34 -12 -72 50 -78 76 -62 30 -68 -54 67 40 96 -45 64 4 -99 -34 -24 64 -74 -4 91 -24 -39 37 93 10 -30 90 -77 54 -59 -75 -90 59 -84 -96 43 40 -14 29 -6 1 1 73 -43 52 58 22 9 11 -100 -68 -64 31 -26 -26 21 37 -73 28 46 -30 10 -66 -60 52 8 29 46 8 -81 91 24 49 39 -19 -86 26 73 -71 88 98 -19 -45 7 15 29 11 61 22 -5 -37 -4 81 -22 89 -61 38 29 13 0 84 74 -14 5 -28 -21 -26 82 6 -21 41 64 -11 -64 100 -30 75 32 76 96 -92 -31 0 -11 74 -30 51 -68 -31 22 43 -4 0 2 46 -81 64 40 58 -89 -67 -8 5 -13 11 20 59 14 -80 2 -90 57 -85 16 -9 69 66 22 -47 -7 -5 -90 20 -87 -93 -36 -36 22 -38 -42 64 70 -84 -17 -2 -62 33 -20 -55 -22 -92 -14 53 23 -49 11 3 -26 -33 -63 -19 -42 -7 -26 -97 -13 -47 -73 -8 93 64 22 60 49 -72 -31 92 -75 -83 -4 -43 -68 -67 -22 62 18 55 100 24 -49 58 -93 28 37 26 -45 68 62 -86 15 -92 59 24 74 -84 54 -6 77 -58 -29 -60
99 -56 40 -43 71 52 -80 -86 44 -34 34 94 83 100 16 21 -86 -83 89 -95 89 -27 -32 -52 -81 -61 2 82 20 -36 47 95 -1 -49 -62 43 78 61 56 -5 74 -11 90 -84 -50 87 90 -58 -65 -73 56 -8 17 54 -38 -52 -60 -68 93 -51 54 1 -8 -99 -44 -81 -80 94 -22 -97 -64 -43 25 86 -33 6 -65 -86 -60 -95 52 51 -78 -30 18 55 91 93 -29 -25 16 54 91 -53 -100 -82 -29 -60 -33 -5 78 46 51 21 -28 61 71 -55 -9 -78 72 50 -76 -76 20 -62 -60 -66 -80 56 -3 37 28 -10 79 27 -80 59 53 20 -53 -73 -93 -57 -69 -57 -60 -52 -36 -84 -9 56 -98 -10 78 3 6 50 17 -27 34 23 -100 -2 64 64 40 15 2 -86 -23 -12 -49 -16 44 -62 43 22 7 28 -74 65 -28 -67 0 89 -100 27 -91 -58 70 80 -84 -51 -60 -95 -3 59 27 3 44 95 38 -13 -20 1 -100 50 46 66 66 85 -7 -91 -77 -89 0 -37 -58 -68 17 -20 54 33 98 -49 55 19 50 -35 87 94 72 13 -35 -96 10 -9 79 1 17 48 -75 9 64 -81 28 -41 -69 90 68 -71 -16 -64 24 -91 -20 -68 41 41 -54 53 26 44 44 -30 -94 -95 -78 -78 -22 13 53 0 -67 -38 -83 -12 -97 -1 61 -12 4 -87 45 72 -72 -50 86 62 -96 66 -97 -44 29 -39 -58 -16 30 50 -56 12 84 -100 -27 -30 48 -38 -46 7 -17 -55 -20 31 -9 98 -6 -2 20 -44 83 49 56 -3 100 45 30 52 -20 17 73 97 -36 -93 15 -82 -49 79 -38 31 -65 14 92 -38 -8 -94 -67 97 52 97 -6 18 41 26 -22 -73 40 -89 38 -13 74 74 -77 -24 3 -39 79 90 -44 -59 -66 86 54 -95 -12 -25 3 91 89 4 89 33 38 65 95 -57 93 -60 -60 35 -85 -70 -55 87 -23 63 -82 -31 24 -69 -21 91 -66 52 33 -33 12 -16 90 -1 -57 13 89 -6 22 70 -45 -41 20 30 28 9 -79 15 30 2 81 -66 -71 -77 -60 -26 43 80 27 76 -3 40 -51 -66 73 -40 -31 33 26 -98 36 82 -95 96 72 -74 -89 -48 -16 -5 -39
43 -46 74 89 -80 58 -51 49 61 3 18 -65 -23 -74 57 -97 62 -35 -24 -32 40 40 -40 78 -6 -30 -93 5 96 98 87 94 -25 72 50 81 -35 -83 -33 -9 -67 52 -94 -21 27 -18 -17 -23 79 29 -56 -41 -33 -97 11 36 17 -77 -29 -59 -84 44 76 31 62 -37 -58 -6 -59 -31 52 -94 -58 -31 -54 41 96 -56 32 28 91 81 -49 64 7 -17 -4 35 -31 5 -58 65 11 -70 46 38 40 59 21 -42 -76 88 49 -98 32 -43 41 59 35 31 13 81 -13 82 47 -53 15 63 17 55 -77 -16 63 -45 -39 89 -12 -58 -64 34 -83 -23 -17 -25 80 100 96 -60 30 -55 -85 69 -71 22 1 -95 -55 -29 19 50 60 -89 -7 -74 -13 -87 86 0 -84 -50 11 65 26 96 21 -90 87 40 16 -75 74 68 45 7 51 35 -91 65 65 -11 40 94 -62 -78 -65 84 92 -22 -91 71 34 8 -22 -33 -78 -55 95 -30 40 68 3 -37 -89 -95 79 80 -44 -78 40 75 -41 33 -81 -6 -2 -75 -69 77 72 -29 -48 20 15 51 -31 -41 56 99 -63 30 98 -16 7 58 -62 -2 28 25 15 82 45 48 88 -57 6 -95 71 51 -70 20 18 1 85 -33 38 -43 -58 77 74 -59 -54 94 -60 2 -71 5 12 28 36 79 -25 66 -35 63 85 13 11 -22 56 -15 -60 -7 46 30 -78 -73 -13 24 10 29 -66 -76 87 -19 -50 22 55 -98 -32 -32 -75 44 3 10 -54 53 45 -78 26 -36 -96 25 63 98 92 -57 -5 -46 -80 42 72 68 -18 -59 -99 97 79 89 33 -100 87 54 90 -76 90 50 95 90 83 -12 78 4 -24 45 -33 38 -95 -32 22 20 -92 -5 51 6 20 100 -88 16 -2 26 -66 98 57 -95 -15 -8 38 88 -45 -64 97 -99 -42 -34 -84 93 -41 40 27 20 -71 -45 44 -28 -93 -12 77 76 -97 -35 54 -86 -20 67 -55 -65 -67 73 21 8 33 12 -23 -74 19 4 -7 78 10 47 -78 46 55 37 23 71 89 -80 98 3 -57 94 9 -41 -91 -54 -70 -41 -11 98 14 72 -39 -83 78 29 -92 -70 53 81 -38 30 -28 -84 -97 -100 -18
88 49 25 24 17 69 -40 55 -13 -10 57 -100 -34 -75 -64 65 -95 21 46 74 94 49 -51 -89 -68 -77 -28 59 53 -53 82 52 -69 -5 67 -27 -82 11 72 -53 -33 -33 -85 -2 25 34 -8 99 -51 -87 -95 -96 -67 -31 -60 -76 29 43 -97 -31 2 57 68 -27 -21 55 -98 94 -58 84 96 36 11 21 19 -84 87 57 95 68 -76 -95 -20 34 8 -95 -34 46 8 -65 36 55 80 -32 42 23 30 -68 -54 39 -98 73 -5 63 -29 -36 64 -59 -87 80 -20 58 35 95 81 41 77 -2 2 -4 -36 -24 -47 -100 -70 -62 -98 -45 70 -72 95 -42 -11 43 36 96 82 -12 -33 -5 -85 -75 26 -32 58 73 -49 76 86 -75 68 -13 -34 -40 69 -41 -32 27 -47 -45 56 54 43 -68 28 -85 75 2 30 -44 -79 75 2 48 39 -34 -20 85 -72 70 80 -24 90 13 -87 66 17 -39 -97 -62 -6 -76 -24 -14 5 10 44 -48 12 72 100 -5 72 -55 84 -64 -70 -58 88 -39 -56 37 84 -52 89 41 -59 -46 -74 64 71 3 46 77 7 70 -91 -32 47 -71 -53 21 47 -34 69 99 37 -9 -42 -10 99 -34 7 -48 -51 74 82 -64 18 22 27 53 -24 52 -15 16 31 64 17 -15 -12 -81 -78 -61 -67 32 -22 76 89 89 92 -97 -50 0 -45 -52 -42 -2 -95 -33 95 -29 -31 -86 -74 -15 -84 -28 -20 27 24 4 56 83 55 -97 -62 -6 -60 -28 -53 59 -77 -88 -41 96 79 -26 28 76 -40 50 99 11 -76 -31 -81 51 29 -87 -32 -92 -43 -30 79 81 -96 -59 -31 45 49 89 35 59 19 -36 -46 -69 -72 -16 -38 -15 -22 -19 47 -44 -79 -1 -24 -15 22 -81 40 11 11 12 20 49 -87 93 -100 -61 67 -9 51 -90 -92 96 40 -84 86 -87 57 85 1 60 -38 23 -56 59 75 -35 87 45 33 -43 -89 96 -90 44 26 -85 -47 63 53 34 -64 -47 -62 48 93 -21 53 -46 -25 7 -54 -46 66 28 72 -74 12 -45 94 77 32 -91 -94 -59 52 31 -87 42 -42 -68 50 26 89 9 62 -34 65 86 -57 -44 47 -53 -5 77 14 -33 31 39 53 -33 1
-26 94 68 19 82 -69 71 97 36 13 45 54 38 -49 -69 -42 -41 95 79 -46 100 15 -80 48 -59 -58 30 -68 51 48 -8 -62 -2 -85 7 -54 92 60 95 -13 -77 11 -59 -40 -84 44 44 15 -8 81 -46 -41 11 -62 -34 -62 -66 -52 -83 -10 90 -1 -75 25 -32 -38 51 -42 -59 -26 86 -86 31 55 -68 77 -81 29 -71 -100 61 5 55 97 97 -26 -41 -37 34 37 68 0 53 16 27 34 -37 -10 36 -89 -13 -56 80 52 -46 -4 22 14 22 96 82 -19 -91 -34 -20 -17 -58 -76 -38 73 -15 -69 96 -96 -65 -83 -74 75 4 -45 17 88 0 17 31 97 60 -62 99 72 1 -47 35 -13 -83 81 -24 87 -10 50 -50 52 -16 98 78 -51 3 45 12 -100 30 -70 47 -91 3 -63 -50 69 -89 34 -98 -51 8 0 -9 35 -2 -67 80 -28 7 -54 -57 48 -85 51 92 -2 -17 -51 51 -48 15 -38 -73 -22 54 71 4 -96 -35 49 81 -40 -84 38 -50 -7 78 1 -8 63 -12 32 56 41 54 48 85 -9 -71 -96 -62 99 58 -21 63 -99 10 95 12 -21 -75 -27 -60 -84 49 29 -65 95 -61 -38 44 2 -33 60 -83 -74 -72 23 41 45 -71 -12 38 2 74 87 75 76 -97 57 44 -21 -71 67 24 -68 -56 28 -33 -29 54 -26 -6 -93 99 -86 -30 -66 -47 31 32 -40 44 -44 -2 80 -88 88 38 68 -53 100 -87 17 -85 34 4 62 -48 31 29 -21 -68 -72 12 59 17 31 -28 20 -91 83 43 -16 79 35 -34 10 45 78 -12 -57 -45 -87 -28 -67 -85 94 -81 64 -74 60 76 16 -28 51 66 -84 37 -79 -12 79 -2 -72 75 22 95 18 4 12 99 8 -35 100 -5 -12 -39 68 -82 82 23 -77 45 -38 -31 -65 -98 75 20 3 -87 61 98 85 96 -66 -34 -29 54 12 -9 81 -64 -57 36 76 -48 93 20 40 -5 61 -18 37 -97 -10 51 -25 59 -81 -67 -14 60 -83 48 -93 -77 -78 -56 1 -52 -94 81 50 66 -35 -94 73 -38 73 9 22 -43 -88 30 57 -66 67 -48 -75 -28 2 -62 -17 44 -13 -50 -60 27 -10 83 -43 -50 -80 72
-44 74 54 -31 6 -43 64 28 73 -44 65 24 -22 57 54 -91 -33 -68 29 42 -61 -48 86 -27 -39 39 -47 97 36 7 69 -61 93 -93 63 44 -100 -85 -93 -71 62 -2 64 91 -4 38 97 -35 65 31 -1 29 -61 -41 9 -11 -61 69 62 89 -58 8 -20 -5 -80 -30 -27 71 30 52 40 -60 38 -24 -49 74 -66 -85 86 69 -43 88 -25 87 -48 -1 80 19 -27 -54 38 71 -28 61 -24 -75 55 -57 50 16 93 -1 -38 -94 31 -87 98 -16 36 79 35 35 92 61 69 -48 8 -76 -74 -17 48 83 99 22 -81 73 72 -9 51 -34 100 31 58 -87 11 36 86 64 46 82 -56 -72 -30 71 -89 -49 -56 -14 -100 13 -40 38 -66 85 -75 12 -33 98 -75 62 36 -4 -45 -42 8 74 58 22 -49 78 46 63 -63 -41 61 -32 90 -14 27 84 27 23 92 71 61 42 8 -65 -5 52 82 89 52 72 -42 -18 -16 -76 -61 63 70 -51 -27 -42 -92 -62 -64 53 37 -4 -14 -52 -18 -48 27 2 50 54 74 64 3 -13 -6 -40 -32 15 -69 -72 65 -82 55 88 -82 99 93 73 -80 -96 -15 -26 -59 97 29 67 82 65 -18 37 28 -100 -17 20 54 11 71 74 -13 17 -66 -11 30 94 -61 20 -51 -34 -16 -85 1 -73 77 -20 37 63 -82 -80 -66 95 58 -79 -42 -91 49 -71 -97 -58 -83 -45 -45 9 52 79 -35 100 51 0 33 95 -90 12 54 22 84 -9 50 25 72 -92 -7 -46 80 76 -54 48 84 -67 29 31 -55 -80 12 24 -16 -72 -6 -17 70 17 15 -92 13 58 -61 18 -5 -94 14 27 64 17 64 -36 -23 51 -2 43 26 -43 -77 -6 90 -78 -13 -37 41 87 3 -30 90 71 -53 4 -94 -54 -84 -66 5 -92 93 -24 81 18 82 89 -92 77 -50 69 11 72 6 76 5 -66 1 -25 38 86 -15 -23 75 -28 92 -49 -6 -85 93 17 -41 89 -50 45 -56 -57 92 -5 76 38 94 -92 -96 -40 64 -59 70 58 -60 65 97 42 77 -87 58 91 -21 -46 -40 4 93 -34 74 -5 23 -22 -19 91 96 74 -64 34 -82 75 -93 21 -2 43 -97
-42 -99 -61 -84 8 -18 -81 8 -50 87 79 -45 -83 -42 35 -57 -4 -34 45 23 20 73 -83 -55 5 -77 -88 83 22 100 -84 -88 -57 -62 -58 42 -89 -57 27 66 -50 -6 41 -48 -30 -39 -80 -85 33 -86 -100 24 -57 33 -85 -11 -61 42 -42 -64 -9 -35 6 98 -76 -37 53 30 -5 -62 68 79 -94 46 50 73 -20 15 91 84 98 -97 -73 -54 -63 52 81 42 42 -92 48 38 -93 -36 31 42 33 -44 51 52 81 46 -65 -75 10 94 -83 -93 6 4 52 -97 -95 -47 90 -80 -77 32 -17 -86 35 43 -13 41 72 70 36 -7 91 -60 -98 3 -24 -83 -52 53 -21 -24 15 31 -80 -8 -27 -94 -37 8 -23 95 28 77 -1 -56 -54 67 -27 90 69 46 -78 -85 47 -87 -1 -35 -71 -84 -37 -30 1 -49 -15 -69 20 -13 3 12 -47 -3 -6 -17 -71 17 -27 -69 58 7 9 51 -44 -34 11 79 77 -52 52 -26 73 57 26 -30 -94 74 -59 -83 63 95 -19 -85 -39 -74 0 98 11 80 -38 21 48 -59 -16 5 -17 72 -59 24 -15 -9 -57 62 42 67 -32 70 6 -6 61 58 -74 -52 -14 -83 -80 45 81 90 90 -84 61 -26 -96 23 98 -55 84 74 92 13 17 36 -21 67 -64 -86 -72 8 54 -47 -5 -40 8 96 -66 -45 -58 -12 70 -10 61 16 81 11 -45 -72 -54 -51 -73 -18 98 -90 10 48 5 -5 19 -55 -37 84 -48 36 -44 -56 -82 -11 -35 -35 -39 -32 33 89 10 -20 -13 76 93 -18 95 -69 -44 -93 38 82 -64 72 -66 45 -64 57 21 -16 50 -80 -7 21 -84 38 -58 63 -21 -25 -32 -82 34 58 13 -90 -9 17 -35 76 -58 -37 55 -35 21 63 61 14 -7 -48 -43 -47 71 99 73 100 89 -74 -98 70 57 -1 18 46 100 -78 -98 -71 24 41 -39 -22 -96 25 -29 24 -85 -17 2 -8 53 35 2 47 44 85 4 41 90 2 -29 21 -22 40 78 63 -80 18 -22 90 39 -7 12 -38 36 -90 68 -30 -95 -85 -73 -72 -44 -37 -7 -38 70 -3 2 -23 71 88 -4 -29 81 85 86 75 -80 100 -19 71 -6 75 -31 98 25 -57 60
29 2 34 -85 82 21 21 -79 5 51 -85 -72 92 94 62 -73 77 -86 74 100 40 -44 -73 -16 80 -2 -45 -65 98 -36 -67 22 -24 95 66 -84 71 -24 -51 51 -93 -58 -86 -76 83 -66 -17 3 -35 92 35 59 -85 10 -29 -68 -21 -55 27 26 -34 -84 84 13 34 -1 7 -3 97 -74 56 -98 -67 -10 -51 -3 39 -74 92 -14 -4 -75 -32 9 83 -40 -37 80 -68 70 84 72 -72 -12 9 11 -75 97 2 -54 56 75 -23 28 32 44 -14 -7 76 21 53 -77 -86 -98 -88 24 -50 -28 -48 -37 -89 26 52 -62 89 -43 -41 2 70 -8 -77 8 -49 -100 87 47 53 41 -46 -21 30 -39 -57 1 5 21 25 45 66 14 -16 77 -7 18 76 -86 -84 76 -87 -90 -95 36 45 74 -28 -41 -45 -54 -56 93 68 94 22 -97 15 46 -2 -21 -96 -41 -81 -68 4 23 -78 -67 -71 62 48 -94 25 55 66 60 -38 76 10 27 40 -73 -4 -17 -52 -30 -91 31 -30 84 78 24 -22 -50 83 -99 86 -12 48 87 -44 -34 -13 23 59 21 -57 2 -34 67 -47 -72 -90 -62 57 78 85 -99 -76 -37 25 -8 66 77 4 37 -31 -74 -39 -95 20 -72 20 -40 -96 -56 -68 -9 4 -8 5 65 61 -38 -38 -33 32 15 41 27 2 -65 26 63 -56 96 -32 82 47 34 51 93 25 -81 -18 50 -55 10 51 -28 -48 -63 -68 -89 -9 31 -34 -38 -72 56 -40 -32 -56 -3 62 92 49 13 -39 -77 85 -14 45 76 98 -25 -89 32 40 -45 94 4 -45 -50 -30 72 -34 51 37 -23 -54 -65 42 -41 -77 79 54 -15 -31 59 40 11 -98 71 -83 93 -44 -37 -26 68 3 0 -57 84 -28 4 85 53 23 -83 99 52 -89 59 12 -34 -24 74 -48 64 76 -98 33 30 -38 -44 -53 71 96 -75 -16 38 89 -38 1 -21 -97 -92 -37 -45 -94 -64 96 39 76 50 -81 -54 -28 -70 -28 59 51 78 -41 -67 25 80 -29 -42 -71 25 -48 -63 1 83 50 70 27 -10 85 -2 -37 24 20 24 -38 -76 4 -96 2 -40 -63 79 -100 92 -48 46 4 -69 -64 34 -92 -19 -90 61 52 -45 -30
-100 -57 31 -31 -93 53 -32 -59 -35 48 6 -30 -56 37 -75 -54 4 56 33 -94 -30 48 -43 -25 90 62 -70 -79 -99 2 63 -89 -84 52 -83 72 41 95 -45 11 -96 62 -81 -57 -77 -36 -47 40 54 -49 33 -87 -54 14 67 57 56 -67 -18 47 92 -3 -18 94 -14 -31 54 -38 -43 -94 -30 91 -17 94 -46 90 -66 74 -40 -65 -23 -92 14 -87 -64 -90 -99 82 -68 -36 -38 13 20 41 57 84 38 85 59 -95 22 61 -18 48 22 21 -19 49 7 -46 40 85 14 -66 -1 47 18 -4 -11 -48 -41 19 -69 -81 86 17 73 35 -92 28 63 -32 35 36 -74 -41 -23 15 14 -32 20 -71 27 20 -49 11 -39 -5 -12 -82 -49 10 -62 58 74 -14 -31 0 -15 83 -86 43 -9 46 -63 89 -78 97 38 81 -37 -30 30 29 -94 50 -64 -6 16 91 55 73 -58 -51 78 20 83 66 -74 12 -50 -18 32 43 22 45 -76 -84 -94 88 -30 64 -57 -84 2 -70 -63 54 82 50 -64 -11 -15 14 68 81 -69 88 43 62 -68 -42 48 63 89 64 42 -63 44 -95 44 10 -2 -62 38 -99 70 -26 -42 31 -48 99 81 -63 -95 77 57 43 -67 31 64 20 -54 -44 -99 -69 -81 -78 -54 12 25 -65 -79 -12 27 -39 -33 -83 -76 -12 -50 -45 74 31 25 26 -40 24 -8 -99 -45 -83 92 -48 25 50 -10 -15 -7 51 51 -71 -95 62 54 60 63 23 80 -93 10 48 2 52 74 -52 44 46 -62 13 75 -65 -77 59 -72 21 -71 -33 -6 59 17 85 -100 52 -49 -2 -17 -26 -65 -2 90 20 37 -67 77 13 61 -16 -80 71 81 45 -72 -41 -28 -78 -20 -36 -40 0 -26 -1 18 6 -95 -31 30 -45 -36 77 -84 24 78 -17 20 78 -11 -27 -49 53 32 7 -24 54 64 -36 -40 15 -76 -11 -79 -39 68 -8 -47 46 -96 8 -36 4 -21 -4 -23 -96 -3 86 -67 -40 30 24 55 -35 -62 -95 -9 30 -83 -89 -16 3 38 71 61 59 96 -92 17 -100 26 70 -1 38 -50 71 -49 -89 -71 80 -89 -21 -39 7 31 34 82 76 -74 -17 65 91 -57 -85 -84 13 88 37 42
-82 -48 -98 68 81 77 -95 42 56 -34 -86 -4 -94 68 53 28 40 -64 -13 -76 77 29 -33 60 49 77 -74 11 -80 14 -25 11 -30 -41 38 -86 12 22 -9 -87 84 30 -10 9 -44 86 99 71 39 2 -6 -30 -55 17 45 -6 38 27 -93 93 33 -4 18 -28 38 -97 -9 9 -40 -24 -26 47 47 88 -12 -18 -97 -12 -81 -57 -94 -4 -3 83 3 -27 -74 -64 99 13 -31 100 56 -34 -53 -3 -64 75 93 24 -75 -3 -94 -39 -17 -18 11 -61 81 84 -53 -32 -90 -50 93 75 42 -47 -97 77 -81 -60 -73 15 -88 -28 -98 -69 -97 18 -81 -56 96 -67 32 42 -11 63 69 12 -35 -2 -58 89 -13 1 -100 8 -35 -39 -87 93 13 -26 31 16 40 -34 -35 -56 40 20 20 13 -49 -95 -87 -60 61 -49 57 -35 -89 -82 -78 -10 27 38 75 -52 100 -60 -2 0 32 81 51 48 22 88 -49 -89 -83 69 22 62 -94 57 -68 77 17 -12 -17 77 55 76 57 54 29 45 58 -23 -3 -29 -86 43 -83 -91 62 20 -77 73 46 -10 41 20 -37 -21 -63 35 -94 -58 -26 -29 66 71 -46 -23 -12 65 54 5 19 54 -49 95 11 28 4 -29 -40 63 14 -97 15 -24 34 -19 63 74 -20 46 38 -43 -14 2 13 61 81 -4 54 55 -18 25 -48 44 17 77 37 -99 87 62 -93 -6 10 9 -30 75 -35 3 -81 -43 -26 -47 23 27 40 -35 99 -66 19 52 -25 10 19 -80 69 -87 -74 -53 -57 1 -55 53 56 -64 26 61 41 88 -50 75 64 -60 38 -68 -1 -95 -79 -90 5 87 47 -35 -42 -36 -96 83 59 -15 -80 -45 -6 24 -3 78 6 -96 18 20 22 48 -52 -13 -70 33 98 -86 61 -59 48 83 57 -2 4 16 -32 2 87 -7 50 -52 20 86 76 -69 22 34 -98 71 68 -20 -31 -97 -99 -1 -72 59 3 -16 13 98 89 -57 -14 -19 -19 -21 -72 -11 28 23 -87 -16 18 -46 11 -75 -72 -82 86 -44 45 -10 90 46 -35 70 -94 1 26 -45 35 9 0 -77 -6 -6 11 8 -96 66 -38 26 -75 -86 -20 7 -13 -69 69 -86 -49 -67 -92 90 -12
-89 -10 -47 0 -46 -70 6 51 63 28 -56 -99 50 64 -35 -92 -28 55 64 8 93 -69 56 17 33 -65 -77 -3 -19 85 31 44 31 -9 -26 -27 -92 -93 14 56 -44 94 -6 52 -69 25 -68 82 33 52 -25 2 82 -24 -7 61 5 -90 -53 50 -1 91 27 -5 2 -77 -44 -66 81 -39 -99 23 31 91 42 65 -11 -95 56 57 -99 29 0 90 100 90 52 67 -62 -89 31 21 -36 34 -8 -62 22 47 -87 64 99 -55 19 65 95 47 -83 -91 -22 -14 91 -81 -54 -32 -4 -64 8 99 56 -87 87 29 -91 -82 -98 6 -35 -46 36 -12 89 2 -94 -19 -5 -63 -26 -67 -95 -89 8 -32 -29 31 -68 31 85 -91 14 -76 -72 32 -26 94 -40 -35 -91 -93 24 -68 87 41 -73 53 80 35 91 -95 81 36 50 -34 -26 -8 29 4 53 52 -89 83 66 -92 44 -30 79 -48 -20 55 -26 45 64 -3 16 72 68 -7 20 19 -59 2 90 -94 100 49 27 -8 -93 40 4 -74 98 67 75 -4 -51 -25 76 2 -71 -59 -86 38 53 -100 88 69 -51 71 -67 78 14 -9 -84 5 37 50 -64 8 -48 87 58 -57 55 93 -60 54 92 -56 62 -30 -93 73 -25 -62 36 37 28 -49 7 -25 -45 -97 70 -75 48 69 -16 87 -53 -86 60 -28 99 29 69 98 -64 16 -79 15 -7 -22 42 96 -74 14 -8 95 96 31 -72 43 6 82 20 36 -31 -3 -24 27 59 -59 63 97 -79 60 -11 55 9 100 -51 -88 -24 -36 2 37 32 -8 74 97 -2 7 59 -23 -5 69 -85 -36 -36 -97 -42 -15 6 -45 -79 12 19 21 63 52 -32 63 66 -70 44 55 94 -46 12 -49 -56 -17 -29 78 -63 15 -9 71 -78 -50 51 18 75 94 -36 -61 -97 -38 23 77 96 -5 -2 45 -95 22 -89 -33 -58 -22 -18 -49 -88 -21 56 -100 65 -4 8 -86 29 -53 -99 -64 30 -13 -35 84 41 19 71 62 8 81 96 -99 15 62 -29 -23 -19 2 -75 32 -68 -58 -74 6 75 68 43 37 -40 6 64 -17 -6 54 -63 -77 55 -21 -48 90 -71 -100 -23 70 -70 -98 28 -59 95 63 16 5 -25
83 12 -79 12 -21 38 1 70 70 33 20 -54 6 -91 -91 -12 99 -18 -94 -6 -37 29 -57 86 66 -91 10 16 -39 42 18 91 -39 -84 -75 57 76 39 88 50 -98 88 -41 12 -17 7 53 -26 -38 -78 -8 97 80 22 -92 45 -7 -82 -96 82 49 73 75 -45 -98 -66 84 -40 -83 63 -31 62 -39 55 89 -80 73 -72 55 36 -14 -16 -49 -97 10 -80 42 89 -17 -70 -72 -2 76 -65 -92 81 52 68 -81 -82 -6 2 94 -59 -4 71 32 -4 28 32 74 -17 -13 72 85 0 -96 -9 36 -52 -86 38 0 -59 -98 44 -39 29 52 -33 18 -74 32 -19 68 51 -59 -21 46 75 60 -27 82 -99 -91 13 37 -71 -48 -49 -83 -41 -24 -71 -33 -53 -10 -38 -90 6 -32 3 81 21 -23 -56 -30 -61 -77 28 32 -13 -10 -86 67 -82 -96 56 35 -68 -13 65 -17 16 58 -86 49 88 -34 -27 -55 33 -16 1 -58 0 -28 2 -13 -91 49 64 -48 74 76 84 -30 33 -43 42 14 11 79 -92 -11 -14 -25 -50 52 -7 29 -64 -67 -98 -15 28 -36 75 -100 -39 96 45 49 -8 24 74 -76 -45 50 -26 -40 -67 68 20 -37 -83 79 -2 -80 88 -51 10 -33 -85 -16 -47 -13 -18 -36 86 6 -88 95 -51 -91 -84 -53 -83 50 -49 -97 -26 -6 28 -86 12 19 37 57 75 -30 -14 58 -92 25 4 -46 -17 -56 79 -71 -53 12 75 -66 67 16 17 70 -50 65 -94 100 -60 -65 -71 18 -31 -28 -54 34 -88 53 11 -37 -3 5 71 -3 -17 -6 88 -39 -54 61 66 -33 -54 -69 -10 1 68 -62 50 60 -11 28 -76 -71 44 -55 -53 92 -35 74 80 -17 65 92 43 92 -33 91 -45 37 -4 -51 -72 41 -85 -32 65 38 14 -99 21 1 84 77 87 -98 -53 -19 -97 96 -18 -85 -44 33 -33 0 50 8 92 21 -61 10 -41 -17 81 -53 -66 28 -88 64 -39 -86 -9 -99 -54 70 86 -2 -85 13 -11 87 -41 -57 -52 -3 69 24 -28 -100 -57 65 -67 77 -47 11 61 -8 47 38 67 77 66 3 -69 30 46 -57 44 -95 -46 -23 -28 98 92 -51 66 -19 55 35 93 -15
25 -1 -85 64 -38 13 -85 84 -100 -62 -60 11 -24 14 10 27 66 59 -71 94 -79 -4 -66 -38 81 -11 -20 23 -13 80 -60 -20 23 83 -23 98 55 83 87 97 -8 93 12 -39 -80 -22 -73 48 33 89 -87 -6 -25 -93 -98 97 92 -62 -17 38 83 8 90 95 24 -40 -97 86 -21 58 -27 52 -5 -14 79 -56 42 89 -99 -18 -47 -59 36 81 18 69 -86 32 27 27 91 -50 -96 -28 -77 30 14 85 88 85 59 56 86 37 28 -20 45 15 -79 14 -89 76 21 13 80 37 -30 1 60 -54 12 -26 6 -67 44 -26 -81 25 31 -29 26 -15 82 77 20 8 88 -57 -45 -62 87 -1 47 91 -1 -34 -25 -17 77 93 -45 -4 8 40 -21 39 83 -53 49 -22 92 31 54 40 -89 40 14 -77 -13 -75 -78 -98 -11 65 -17 9 -83 -18 11 -89 -95 84 25 -9 -70 -19 -47 -4 81 74 -87 -4 -96 -72 -52 -38 72 -14 71 56 38 8 -87 -17 -3 -37 21 -96 -4 15 68 92 -36 97 87 43 20 -24 -41 46 -20 68 -7 -13 -98 38 -59 58 72 78 -44 11 67 -97 -87 53 -9 91 -20 17 90 81 22 -73 -65 70 25 32 43 -8 -14 -13 73 100 -46 0 -79 75 -35 29 53 78 60 -19 5 -12 -80 98 48 70 36 1 27 -88 87 -86 -33 16 -46 15 3 93 -4 -28 -54 65 8 -78 -77 -48 53 89 -50 34 -19 -27 83 77 -53 97 -26 -41 68 66 -90 -46 -18 -8 12 -20 -58 60 -27 65 -26 66 52 -84 84 98 -24 -85 35 -1 -37 -82 47 34 1 -84 -81 51 -63 65 79 -79 37 -15 -72 -23 -92 -36 71 -36 26 -51 -4 59 -82 -74 37 14 37 96 -44 43 82 -55 -18 -66 -75 -20 -93 97 33 -23 -55 31 11 -19 60 6 35 -78 77 51 61 -12 -35 -15 15 -86 -80 -21 52 28 -36 -3 -14 -37 0 38 39 29 12 -83 55 -53 -75 4 65 -47 86 13 -89 35 -7 9 68 60 67 -53 53 26 26 -1 -42 28 -32 75 31 -12 -46 -26 99 14 -64 -81 -69 -47 65 90 -51 68 -5 -89 93 -61 79 57 -39 -60 -61 -13 -60 77 73
-77 67 43 -30 63 -7 6 68 -73 -4 -90 55 32 79 -85 91 81 -11 -62 -85 -6 -42 72 -88 -12 -22 100 -65 -1 -89 -78 -23 44 35 1 25 95 89 -47 8 98 9 4 21 -53 100 26 4 94 -12 67 7 71 -70 -49 57 100 84 -40 -85 -98 33 83 -60 18 -67 40 58 -58 -90 -7 19 6 -40 -46 40 -29 85 -26 78 97 -91 39 -64 -17 22 -68 -100 28 -23 -57 -97 -54 81 89 -21 -2 -54 29 -80 -40 91 94 -21 -10 60 59 -4 -89 81 49 2 53 -3 -57 3 -14 -37 -36 -11 -75 67 9 97 60 -37 -65 61 -16 -73 -50 28 81 -39 -56 62 58 17 -67 41 44 62 36 64 -78 84 -85 -41 42 -94 -92 -84 -39 97 -36 89 -7 -87 -76 52 -54 54 -63 -59 -63 26 74 15 -33 84 -94 -43 -39 -86 -26 6 40 -3 87 90 -86 -1 -25 19 -86 -43 75 -77 -86 -25 11 -81 75 88 9 -84 -44 -100 91 71 -70 -60 30 -71 -11 -58 54 -82 -90 -2 -30 -37 -2 23 -61 32 85 -30 -36 64 3 -69 -42 -9 99 72 58 -13 29 86 -94 -6 -72 -69 28 52 45 19 71 -43 -80 -11 -58 19 -65 69 -40 -61 -30 -9 57 -88 -11 -27 -79 30 -91 -80 64 -24 77 -71 -80 -41 -8 -71 60 87 -88 -40 -31 90 -46 -46 -21 -4 -97 -87 14 18 9 -32 -58 -58 31 27 13 -67 31 98 -11 89 -82 -18 -38 -81 -34 -8 -71 -41 -78 -85 56 82 -11 5 46 -46 78 -30 -21 -77 -15 -79 98 -57 -37 -70 11 18 44 -33 -96 43 -18 -30 -4 71 -67 -79 59 73 13 38 43 -75 58 66 47 -42 -53 28 -18 -77 57 26 4 87 8 -50 -99 70 -59 81 -60 -4 -13 -62 -14 -39 -65 35 -21 -14 23 11 -70 -17 84 38 -27 -4 -77 -16 -36 10 -42 56 88 30 7 -36 -91 -67 15 69 32 -16 28 63 -47 34 69 31 -21 -23 -2 -11 -16 -70 17 48 -6 95 22 -34 -71 47 61 59 -64 -9 -44 13 -15 -32 83 27 97 -87 36 -5 45 47 24 -65 19 96 -78 -44 72 6 -2 -61 -50 -9 -4 60 64 -6 99 14 11 44 57 -42 93
73 77 -72 44 86 39 -67 -20 54 35 -19 -94 85 -16 93 33 77 -15 54 -8 -76 100 26 -31 -40 -71 100 49 -40 84 23 -50 -14 34 -76 32 -19 -98 -36 -6 -83 -12 -28 -55 10 52 -11 86 55 -30 -74 17 87 -67 67 60 -62 -6 74 2 -80 -1 94 30 27 24 30 73 -7 63 52 85 60 -64 -44 -42 73 -79 -10 -96 -20 16 86 -40 -20 27 19 83 54 30 -19 -4 -36 -14 -15 -64 -33 16 -30 -54 17 -36 55 -76 50 46 57 60 60 -16 2 -48 -55 -24 81 -29 54 27 -97 41 78 84 -9 73 61 -99 97 90 -38 -97 78 87 53 63 -17 17 -39 -96 -36 9 41 -85 -43 28 -71 28 -95 -15 57 46 -92 -55 73 92 16 59 -30 16 -26 9 69 38 -99 -20 -47 -18 97 31 -87 81 7 -11 37 93 73 92 -1 -73 33 28 88 -6 -62 -54 -77 43 80 -72 69 -100 -48 31 14 -1 45 69 6 -24 -52 46 71 -80 70 -45 -26 -56 70 -8 -36 -74 -95 74 54 -47 -10 72 77 69 2 -63 -43 93 91 -76 -80 -43 -92 -44 -74 -41 93 -59 -22 -7 75 17 4 -29 -55 50 90 6 -30 20 17 32 54 -44 -12 -72 63 91 -69 -72 -76 39 -75 -61 51 9 73 99 28 -10 84 39 25 68 -87 -72 -94 -98 -15 -41 71 96 -20 78 -9 -23 -55 -57 -1 -32 -1 55 0 -7 -58 53 -61 -6 61 45 -43 97 -56 -29 61 -38 85 8 70 20 82 -25 -54 -11 -16 -69 55 -85 90 36 67 77 -18 -74 -25 -82 23 -79 -68 -5 64 -68 -36 72 31 1 93 -48 -45 84 -60 -78 50 10 21 -51 -86 33 -25 -67 19 -6 -77 -31 -55 98 -27 -87 -60 -76 34 -63 -56 90 -85 3 -51 -61 -39 -34 24 -94 50 -14 -13 30 -59 50 14 -90 -53 32 -8 56 -27 89 -63 28 75 -47 93 -64 39 -15 -90 -91 -57 -55 2 -75 78 80 73 -4 27 -63 48 -8 -58 -86 90 -12 89 -15 -85 -56 -38 -21 -43 74 -81 87 27 83 47 -42 61 85 -89 -4 54 78 -61 -63 76 -10 -99 35 21 -36 -59 19 57 -10 -63 -74 -95 -93 -53 -67 96 26 56
-68 7 18 41 70 -12 -60 -31 100 11 92 4 56 -28 -48 -72 -96 -78 -17 22 -70 -61 -4 -64 12 -54 68 4 14 -18 -53 -90 29 -77 45 -54 67 -78 61 -22 7 -64 14 77 -44 65 -12 -53 -89 -22 49 -1 59 50 6 41 0 -80 -64 65 34 53 -41 -2 68 -45 -26 -48 54 -78 9 -47 -12 51 -89 94 -64 83 -94 -5 46 26 100 60 -86 16 -45 -99 -27 -59 90 34 -74 42 44 23 8 -55 24 61 -73 -27 -53 39 -16 97 64 77 -68 -9 -33 -18 18 -36 26 -76 22 -12 10 97 -55 -33 16 -63 15 93 -85 50 1 -34 22 91 -22 -24 28 99 -52 -38 -40 -43 -57 -14 45 -90 75 -28 58 -64 -99 75 17 -48 -25 -51 56 77 -51 -66 -54 67 -12 -3 -39 62 -32 44 13 37 -4 76 -34 -21 26 13 23 -23 42 -3 -55 -41 23 30 -86 -90 3 -47 73 21 53 60 -46 60 -65 12 57 -64 -79 -10 -55 60 -29 -51 -84 -53 -98 41 95 42 47 -22 -71 -68 -53 78 41 -46 -29 79 -65 83 -95 -87 36 -50 -66 -91 -33 -15 -54 51 -25 -66 39 -87 13 -54 26 -55 66 -14 100 49 -93 48 -59 -23 -30 24 36 56 -92 -74 -45 47 72 14 -57 55 18 66 10 -39 -14 17 73 -29 44 -36 81 88 -57 36 71 10 71 73 -46 -16 78 -68 -36 -7 78 16 -56 75 -23 5 -73 -33 -5 -14 -45 -18 1 -31 -47 -54 97 -77 27 -14 -5 44 48 35 -44 2 6 -69 -99 -60 78 2 39 68 32 39 10 -50 -97 -56 22 12 10 -71 94 90 -21 98 98 30 48 -81 -44 35 25 -70 -13 64 -2 -41 -68 41 -72 28 -97 -18 -21 11 34 10 63 94 -62 78 66 -7 49 55 24 -24 95 -68 48 -97 -63 36 58 -87 -65 52 -39 23 64 70 87 92 -72 -27 -30 1 78 16 80 -9 74 -21 44 -14 -34 69 10 -19 100 44 30 -88 -97 -87 -63 -21 -2 62 -65 -89 -32 24 -7 -32 -15 -95 -77 73 87 -60 34 -63 -38 -19 93 -21 12 78 63 -49 -96 -94 1 -15 68 49 8 6 11 -30 96 75 12 -60 39 56 -31 -14 70 -84 13
-85 15 41 6 -74 75 12 -71 -4 -60 -80 -82 1 70 90 81 90 -36 -4 -34 -70 -99 -68 -78 -89 -4 -68 54 -15 68 -3 43 9 56 -69 -32 -94 13 -84 -58 100 34 -51 35 -40 53 23 50 -13 -21 55 -9 -100 96 33 -24 -80 -33 -76 70 -55 -85 8 -3 50 78 -28 -76 54 -13 -74 -56 -82 -75 -46 -85 -56 5 100 -76 -44 -49 74 76 -22 -52 -54 -90 31 80 -80 -16 -7 -50 49 -18 -62 -4 80 70 36 61 -31 -29 38 -71 -1 29 58 -50 -7 76 -67 15 -95 -47 -46 10 -85 -56 30 -87 40 -91 -99 89 -26 7 99 44 -46 29 -11 25 89 39 -64 -19 17 44 -68 80 55 27 7 75 -23 -27 -82 48 15 25 50 -82 13 93 15 -98 0 88 -47 -43 72 45 25 93 3 2 45 -18 -35 62 74 -4 33 -56 29 4 -18 -40 -83 49 -88 24 7 29 11 -22 -71 20 11 -41 98 -1 6 66 -2 50 -23 4 -53 50 -88 34 -52 -32 48 -7 93 -42 9 -55 55 38 -29 51 -57 22 41 56 87 -29 -32 -88 94 -63 -38 74 36 -85 7 71 65 75 -96 51 36 74 55 10 -93 -61 -2 34 47 -97 58 -80 97 63 37 -20 -29 66 -86 -76 -59 99 48 -91 -43 -69 79 -39 84 81 17 92 36 -99 -10 40 -5 25 62 -38 -23 -11 50 -42 86 81 -34 -4 26 -73 -9 8 42 -7 -21 6 -5 -34 17 6 67 -89 -23 16 -29 17 81 -42 -12 31 41 -3 -33 37 -4 -25 47 -53 35 16 -94 66 -99 -51 -12 100 -38 82 -21 -86 -34 -17 38 -95 -95 66 34 -83 70 -47 -65 -42 27 -21 -83 90 96 -30 30 52 29 80 -65 -35 -93 7 91 -82 -26 46 73 -96 -38 -84 -86 -75 37 -83 -18 -23 -63 90 -39 -2 -52 -15 -100 -26 62 -34 85 -24 -16 -77 79 42 -54 -28 23 -88 98 21 -32 95 12 -4 11 90 -98 -70 57 -22 96 -67 -99 -44 70 -94 -27 -35 -95 6 -92 -37 46 66 -71 44 -50 -40 61 90 -65 85 78 -31 -49 -79 55 55 11 -1 51 -55 -4 -63 -72 -30 87 35 15 -50 -69 28 -75 -96 -53 11 11 8 93
50 -8 5 -90 -48 -50 -15 19 -3 -18 1 -98 -36 83 83 7 -46 -85 -47 -68 16 57 -23 8 91 46 -44 -65 -17 16 68 -3 46 -33 45 -78 74 -59 -9 -73 -37 -73 -4 38 29 12 -82 24 -79 15 88 -30 -13 49 -60 -14 -16 -57 76 -13 -10 22 -17 -45 -11 48 -79 -71 77 -37 -49 73 25 60 -19 21 8 -30 -61 64 78 59 -14 -32 -73 -31 87 -41 38 -32 -39 50 55 -93 -12 54 -27 91 -96 -86 -10 48 18 45 18 -44 25 -14 -10 59 -62 18 -40 -19 58 13 45 19 -38 -8 -35 -30 25 -84 -30 -7 82 96 97 -37 11 -19 -32 24 -31 51 62 -52 -20 -39 -75 -80 -61 50 88 40 15 74 -61 47 63 25 38 -52 -75 -91 -88 7 24 13 -70 -80 60 -26 49 -71 49 -3 -41 -65 40 -32 63 -90 -26 69 -76 -32 98 53 -83 -41 78 -41 -45 67 -63 -49 100 -30 43 38 32 75 -30 -20 30 -69 71 -31 -16 29 -90 66 -20 27 -49 -55 5 -100 -68 -62 31 -80 -4 67 -4 -12 35 62 2 100 23 -76 -79 74 -100 63 -46 -57 65 15 -45 -94 -84 -4 -76 -22 -96 56 96 25 13 54 38 97 -41 72 -17 18 -87 -65 -55 -90 -87 29 -30 -25 20 86 26 -39 -42 13 -20 -38 -94 -39 -53 46 73 70 -66 74 30 26 -31 54 82 -28 43 -36 81 -82 3 -41 -94 -65 50 12 -4 68 -5 -90 31 -61 84 31 29 11 56 51 25 -8 87 -35 23 -62 -73 -73 65 44 75 -17 -36 -62 75 -74 -80 -52 -53 88 -4 -40 70 -93 78 47 48 24 19 87 88 -57 16 12 -74 15 -35 0 65 33 48 100 -5 2 13 -6 35 66 -95 -68 -99 -76 -89 -69 65 18 37 22 100 50 83 31 -53 99 -28 -55 67 -37 -75 -59 -42 6 -4 66 90 -60 -28 -33 78 56 -31 76 0 91 20 -24 87 14 -60 45 73 10 75 -7 20 -45 4 -98 45 8 -85 57 -16 -15 70 -94 -11 -59 17 56 76 -8 -91 -73 -27 1 -10 41 -82 95 43 40 -10 37 -72 0 -89 -24 -38 -95 -4 -3 -78 71 35 -5 -29 -37 -63 -52 -92 -52 58 -21 6
0 76 -29 73 72 -54 -71 -42 -70 -45 35 8 100 -68 53 5 -75 21 80 58 10 -23 -29 44 -49 11 98 -58 27 -49 11 -93 74 34 94 18 22 -86 -42 65 91 63 -98 70 -100 18 -28 -2 92 31 -64 84 100 22 -50 -25 -52 -9 89 -1 24 65 -56 52 -61 37 -84 2 -50 40 49 -95 26 -70 -59 -38 37 38 -64 -72 -62 78 47 -64 72 -1 -2 -34 -42 -3 -33 67 52 -61 82 -53 21 82 25 -92 4 -84 26 -42 -45 47 75 -61 90 79 71 -33 58 -9 -83 23 -86 -84 -68 23 -83 -96 -92 41 90 17 87 -72 24 47 85 -76 -31 -31 -75 55 44 52 -92 -18 90 -99 -87 -72 -3 -56 -42 59 -53 7 54 53 -50 48 -20 -53 -79 -96 -93 50 0 -62 67 -78 -54 -73 28 33 54 53 -17 -21 34 -84 -17 47 -48 -42 -40 -85 -50 -81 41 -78 -55 25 43 58 61 -43 52 -41 -22 -24 -36 33 85 -60 99 -59 -23 -27 51 -61 25 16 -25 16 -50 -22 34 30 23 -59 79 -93 -53 70 -2 93 -52 30 -50 -53 33 8 -65 53 -35 37 95 -53 -46 -100 -69 -97 0 -69 -67 16 -28 -58 -87 98 60 -68 27 58 73 -69 -66 69 98 49 -95 46 -41 -18 -73 72 1 99 -18 -61 -93 -2 -78 18 -5 71 -46 63 -59 -13 7 1 -43 -42 83 54 70 72 -59 76 -75 -23 83 68 44 72 100 54 -99 -59 -44 -29 -56 -43 66 -54 -98 28 51 90 -23 48 -24 -17 -29 -68 74 -55 43 -12 91 -26 -29 -8 -78 -37 62 93 -79 -48 -83 75 -89 -35 -16 -47 65 5 16 -22 -20 -92 -39 54 57 -30 87 38 20 -95 74 -35 -66 1 53 -58 -92 23 -79 57 -45 67 -49 3 -6 39 -75 14 76 97 22 -86 71 -70 66 -73 -52 98 -96 91 68 -62 43 -51 11 -1 15 -77 -97 75 -100 19 -27 -96 64 79 79 -95 87 66 -29 35 -94 -30 17 -4 58 6 71 -87 -49 -80 -31 -60 47 -10 21 91 49 4 -25 -97 -16 -93 95 -90 74 42 -94 41 -91 -7 81 42 33 -39 59 -5 -71 -34 -48 56 -24 51 98 30 72 -54 86 87 66 26 43
-26 29 7 76 19 17 43 -86 -22 64 38 -2 -89 83 -49 13 -10 83 -5 56 36 -18 -64 34 53 3 69 -49 98 99 37 91 -75 76 68 13 -91 -52 -99 -38 -60 -84 50 48 59 28 -58 -2 -12 -69 -85 21 -5 71 -17 -65 -70 -43 -39 99 -87 30 -28 76 74 55 60 -33 -26 -55 40 -69 40 -100 97 -20 -71 -54 -98 -48 -12 -39 -20 -51 96 -80 53 -65 83 35 -21 93 -35 -73 58 -49 52 -8 -36 -19 -90 -98 19 -94 -66 -87 -35 -51 -19 63 74 78 -11 57 83 86 -90 50 94 -17 85 -81 -61 86 12 6 37 57 -87 -95 75 -19 79 -71 -35 33 -50 2 14 60 86 -59 -68 -28 -94 17 -43 48 9 -71 77 -55 -35 50 45 -90 79 62 8 -18 47 -56 26 28 76 -33 -91 -19 57 32 -62 -66 29 -31 86 -53 -63 -62 47 1 27 60 -50 40 -19 77 29 -43 -36 -83 68 -46 -16 48 84 -65 -93 -54 -58 67 -84 -47 83 -29 18 1 37 -15 32 -71 -24 3 9 -62 69 -70 -65 42 27 5 49 45 63 45 77 7 -39 59 40 12 -30 -17 75 -3 -55 66 -92 -20 58 98 27 -56 1 53 -74 68 95 23 40 -56 -64 44 -48 -68 15 -73 -69 2 18 66 -42 -46 6 82 -52 79 12 35 -24 27 19 83 -40 -6 -57 23 -32 -86 -68 32 84 93 -29 18 -82 54 -30 -24 82 70 -82 -31 42 27 56 55 -22 -15 41 92 -23 -67 -89 -32 28 -10 54 -54 71 -51 -15 85 -47 4 -64 -24 -11 74 -49 -81 -19 -61 19 -88 -33 -43 12 41 18 42 74 -77 -29 84 2 -7 68 -12 -75 5 -85 -18 16 95 70 -33 83 19 -40 49 -97 60 -11 -54 60 91 -65 -23 82 -47 8 23 -53 -54 -44 30 41 50 29 -84 80 -77 -80 -38 86 43 -28 95 24 -96 45 60 63 -99 -86 73 -22 98 -87 -33 0 28 68 80 49 -35 -88 -59 100 61 55 17 75 -34 5 85 14 -36 -95 -36 87 -19 -77 -46 -89 -64 -48 51 33 71 12 26 -87 17 50 -100 -46 -99 37 68 79 -70 10 81 23 53 -29 -14 57 7 -81 70 -60 90 70 46 38
-89 67 17 -1 -64 -87 36 27 45 45 57 -10 13 69 54 -1 67 -99 -13 -64 73 68 41 28 52 -81 58 -31 -69 87 -80 57 -14 -38 32 3 -11 -72 14 97 56 77 -87 70 17 68 17 -39 87 29 91 -37 -98 -78 59 -35 -94 76 3 24 86 -13 -96 42 -73 -59 25 29 72 21 90 -84 42 69 83 50 95 77 12 -24 -92 99 75 -12 -33 -40 47 -31 43 -39 -47 85 -4 45 97 81 -100 76 -16 40 -28 -89 33 -9 11 19 13 -70 4 -58 76 49 49 88 -64 1 -46 -63 -25 -13 8 42 7 -13 74 -94 -49 -22 73 -81 -56 -20 73 98 -78 93 -73 -37 -52 67 -63 -92 42 22 79 45 94 -1 43 44 -63 -18 16 -77 -66 16 52 -97 -72 24 -60 88 6 11 -5 -38 -98 -5 13 -35 -88 -58 -81 -42 55 -28 -35 -14 -88 -74 -66 -2 -78 48 14 -50 -11 70 65 89 -17 18 -98 98 -66 -99 41 -86 -96 -48 -74 -31 49 -86 -4 74 44 -65 79 -21 -75 -52 -24 72 -1 -3 -78 -66 98 79 -45 -95 82 5 -81 44 -29 -10 -78 -43 92 82 -6 -24 21 -20 77 39 13 14 57 87 56 -96 74 87 -69 20 -62 14 -25 26 63 -98 30 -44 -72 -22 -59 -43 19 85 58 -90 -97 93 38 -22 20 -74 81 4 1 58 82 -5 -95 -29 -8 46 -96 -23 86 15 90 -74 -80 72 -17 -17 29 -51 -1 -29 -23 6 -2 80 -45 -73 1 -95 20 19 59 73 -52 -53 69 -24 25 58 -34 -2 47 -26 -12 91 -70 10 -84 2 5 -49 42 -23 4 -2 3 91 82 72 -70 70 58 -55 40 90 73 -86 45 -51 34 47 46 23 -90 79 -59 -36 12 13 -21 -21 100 -4 9 60 -6 10 24 -19 49 73 45 -45 -81 77 -62 -38 -46 -86 40 -22 -41 34 15 85 65 -52 -73 32 -49 -27 95 63 40 -65 -80 0 23 100 13 -92 9 -42 -9 14 99 -4 100 -77 -32 -76 99 -67 91 -98 68 60 -25 48 -72 -79 -72 -6 73 2 -13 -77 -57 91 88 53 70 97 5 -91 19 -14 -1 -56 -48 -14 4 7 -58 55 -19 -85 28 -100 -39 -75 21 -94 14
-36 77 16 70 -80 -11 -15 -15 11 10 52 96 -52 -78 -59 72 -63 97 -28 46 -29 -16 1 -88 -68 -34 8 85 -89 -76 21 67 -26 4 34 61 24 6 44 6 77 -5 -71 19 -9 1 18 -25 85 -97 -29 -42 -98 -83 27 96 34 84 -70 86 -58 33 31 -32 41 -33 -66 -90 -83 -27 -95 -19 40 -10 39 81 85 -96 -27 -49 -76 -44 83 33 -43 -42 -17 47 -14 -81 84 17 89 -92 27 -3 71 -67 58 12 97 86 6 88 -71 24 2 -45 -83 -30 97 5 -48 75 -71 -84 99 38 -77 91 68 -9 57 -38 -96 -96 -40 -21 -77 36 -31 47 -28 96 -81 -32 -80 10 48 20 37 -31 23 -1 -39 65 4 91 -67 -88 -28 45 83 -66 95 69 -48 27 77 -51 3 81 -75 -100 -28 92 39 14 -10 13 92 -15 -25 -66 12 -73 -36 -75 -82 -42 30 -99 -39 0 -90 94 -26 -23 -24 -39 -69 -73 -46 87 -54 -77 73 91 37 93 50 58 6 -87 -16 -59 -86 -58 -41 6 0 -4 -85 97 -55 2 22 -44 -3 30 -97 -83 -95 61 76 -37 -90 1 -88 -47 22 -55 -63 -75 56 -50 5 88 92 11 -56 -68 -63 -18 -38 13 -42 -5 79 -41 -54 -62 78 32 -68 21 61 29 -3 38 -65 -59 9 95 -86 55 32 19 87 -15 34 -3 55 48 76 21 -70 42 -12 36 -56 -40 96 29 -10 -51 59 -77 -25 -38 -22 11 85 -13 33 -15 -85 -66 96 30 96 -72 18 14 -47 14 -43 -40 -31 -17 91 -46 99 -80 -16 -32 -90 -72 -93 -3 -98 18 62 83 -14 79 39 -14 77 -96 30 18 93 -44 -9 22 -93 72 16 -35 -4 95 56 -82 81 -34 -43 -69 -55 -82 -13 -17 94 -39 29 57 -39 -97 -44 -100 -23 -80 37 8 -35 -21 -1 -11 84 -64 72 -34 36 81 -40 -46 25 -63 73 -26 -78 -25 90 -97 -43 -7 -94 9 92 13 87 92 45 30 -62 76 -70 50 23 25 -30 25 -62 -84 66 52 -89 -19 44 -93 -12 79 -78 -99 -63 -98 72 -4 -27 65 68 95 -60 -30 63 -34 74 46 30 30 -24 -19 -60 51 47 -25 -49 -67 -35 -54 23 69 -78 9 98 5 86
-66 -71 19 19 -12 -35 75 25 78 -48 -88 97 26 4 -40 -48 12 -85 89 100 98 7 70 6 31 9 -41 -23 -4 -97 35 -98 53 -12 17 -29 0 -68 88 34 -44 -60 31 -85 -45 -1 -14 -10 -82 87 -88 -99 50 -66 -46 -88 -70 -59 -87 -12 97 -1 -38 -38 64 -51 -87 54 85 75 93 -81 0 41 -94 -70 -4 41 -21 11 26 -82 -98 18 -5 -4 73 59 -25 -12 77 -17 -55 57 11 -91 14 -87 49 55 32 -30 -60 -82 71 -6 -98 -92 42 -21 -28 85 -8 46 75 57 -95 90 93 -38 -58 -52 -47 -78 38 71 -79 -90 -74 26 -89 -78 -66 95 22 95 79 -91 -95 -6 -12 -44 61 -45 6 -10 -94 43 49 -57 -58 65 -64 -44 33 19 99 -30 -14 -40 -90 -84 -10 47 -92 -86 32 -29 3 75 6 54 98 52 -45 58 -73 54 54 63 12 53 -91 57 -82 84 -4 -31 4 74 -9 38 24 74 41 -17 71 39 3 89 -19 -23 38 -100 -60 78 -22 84 -75 -28 -63 88 93 -90 -15 -36 2 6 98 38 -42 46 -67 96 -53 -77 -20 85 -28 37 -69 44 -76 -23 53 4 -58 -74 40 59 -13 -34 11 -86 13 -65 77 -7 41 -6 -47 -83 -51 -51 -84 -90 -64 -15 -41 -85 26 98 15 27 83 -15 5 -8 89 46 99 37 -94 -33 -44 32 -29 -40 30 -72 23 71 38 88 20 38 86 35 -74 19 -28 -65 64 70 -17 -23 -98 -21 -16 -86 80 93 -16 54 18 36 19 35 32 3 -69 -41 45 26 97 24 -5 78 57 53 72 9 42 -53 -37 70 -15 48 29 79 44 25 18 52 58 70 42 79 27 48 -22 -98 -13 12 50 -32 69 10 63 51 -16 45 56 -39 74 -19 -83 81 47 -46 -84 -86 -26 33 68 -3 -98 -87 -93 9 63 -12 83 59 43 31 -26 -33 56 48 53 61 42 60 72 58 7 -35 -79 -39 27 -16 -2 20 -51 -12 -68 38 8 38 19 -47 22 1 -9 -47 11 -85 -94 -9 -54 36 50 -67 -18 11 36 21 17 58 -50 -55 -88 -93 -99 13 -87 24 94 -52 12 43 -27 -48 16 23 -76 -93 -74 46 96 -11 70 99 59 76 -62
-37 56 53 -47 0 14 -56 -20 20 -47 69 -2 -69 -87 57 -83 0 -1 21 -24 -78 52 -7 -22 -33 58 99 -61 34 -80 95 -46 -75 82 -75 99 7 90 -81 7 82 53 9 -18 77 -97 46 -46 -46 -85 30 -18 36 58 55 24 -12 -33 -43 48 27 -35 59 43 -39 -43 49 -42 46 73 -2 -99 38 9 -17 40 -70 -95 59 -52 -87 61 -97 48 96 34 -52 -24 -58 65 -99 -8 50 -73 -6 20 -7 37 -70 -31 90 9 -59 84 85 11 23 40 -18 0 -78 37 -100 70 -46 3 29 58 -72 25 58 92 40 -71 65 -96 74 91 24 87 11 -93 2 -88 65 87 85 60 34 -21 -55 -30 -78 74 -63 65 5 -23 54 -80 -94 -75 80 -41 25 -18 32 47 63 -86 -3 -75 -14 96 -68 62 69 -55 39 35 -25 -31 49 -41 -80 99 92 -67 -18 -74 90 -100 -73 25 -12 -74 12 -62 -38 80 -13 84 38 -66 -90 71 -33 -55 10 45 60 68 -81 41 -4 -97 -28 42 80 -71 18 16 83 92 22 -42 -91 -68 -35 -87 66 -47 -75 7 -96 48 -100 -66 -59 -61 20 3 49 -5 -82 -79 10 -81 80 70 -100 -84 55 86 -62 46 35 42 -68 38 94 8 91 -19 -76 14 -81 -57 -58 -23 -29 -52 -54 -40 -52 35 14 79 -45 30 29 -100 13 92 -13 -1 93 19 -10 -58 94 58 56 -44 -95 34 95 -31 -64 -71 -33 -56 -61 89 93 -81 15 -39 -45 -77 -42 49 -55 -15 -66 35 -58 57 -85 18 -44 8 72 -25 -100 -25 -53 -58 90 -48 -12 72 -77 -50 55 -18 100 100 53 74 -91 12 69 6 66 -75 19 17 98 36 44 27 -72 18 62 -96 -20 -15 57 52 95 -28 19 -43 6 -2 5 -26 -53 -7 -81 50 15 -10 62 48 -42 48 15 2 -19 51 81 -16 49 -63 -60 70 52 34 52 -35 18 93 -34 -51 84 -91 66 -78 -45 35 -48 -44 -91 13 -10 -48 28 97 -91 -12 47 65 86 82 33 82 74 33 -76 88 -78 -14 -96 -72 19 6 32 -48 -51 92 -50 -98 31 -90 -70 34 71 35 -28 12 -10 29 -89 -45 -100 61 22 -72 -22 46 -64 -20 -7 12 76
-79 64 91 -3 25 51 -92 20 14 -54 84 -42 89 -28 6 26 77 -75 50 51 -40 -85 -67 -92 -14 -33 -98 95 51 -55 -60 24 62 100 36 -1 -54 -42 -11 -32 -21 25 71 -15 76 -52 80 2 96 -17 16 -85 -87 7 14 -64 86 -27 -82 -18 57 -42 -19 -40 -28 97 44 -24 -48 -1 -61 -69 -71 58 -83 42 37 -71 8 -14 -71 68 40 -21 97 -12 -87 63 -79 99 -88 11 -66 -48 -24 -4 25 -17 -87 -12 -100 84 70 -71 14 -84 -35 -29 -80 60 75 -54 23 -66 -67 -29 80 -66 12 67 5 -59 97 -49 77 7 4 91 45 -14 -26 73 55 -76 -54 -6 -55 85 21 80 -100 27 -64 -14 74 73 -60 -75 -60 41 -35 -49 -52 -89 94 94 -88 -79 -6 -64 -33 -29 68 46 -47 87 -28 -90 -43 67 54 -10 -61 -21 -82 -75 91 24 -1 64 -14 71 -19 100 60 21 90 -8 -94 -9 -26 -25 73 -73 -65 41 -30 28 76 -28 69 80 8 -35 -76 -43 -24 66 52 -90 -54 63 -10 -52 -52 -39 29 -18 60 100 97 2 -21 40 -21 -25 -55 -76 24 50 97 10 3 90 25 -83 10 -63 -79 81 67 -23 -93 61 -92 -92 -18 -49 -83 90 5 -7 79 73 -74 -56 25 42 -22 65 83 -35 -79 -90 91 -60 -89 7 24 -25 60 92 -38 -6 64 90 23 -87 37 87 -85 36 -87 91 -94 100 -60 34 55 -67 -51 -24 -85 98 -33 83 -86 38 -22 -39 31 45 -64 42 -72 16 79 -10 -41 25 86 -13 -65 -87 -45 -13 -83 -85 -8 71 -95 -54 55 33 8 98 -49 63 26 8 -67 76 -34 -36 45 -47 -24 -37 66 -54 51 -66 -35 79 -61 -86 81 -90 -23 56 60 76 13 26 -87 16 81 -42 92 -52 38 93 -46 96 -57 16 -22 14 100 -87 -87 100 11 -92 -30 17 4 9 41 43 -98 60 30 88 48 65 -34 71 24 47 55 -55 -4 -45 86 -39 57 -88 -17 88 3 45 15 30 51 97 95 82 19 95 -87 -57 -100 -60 17 21 69 -11 -59 -30 -69 -67 36 -89 -37 22 -97 -71 76 12 98 94 -26 90 66 99 2 46 81 7 91 -40 95 -64 93 -71 86
39 65 -56 86 -80 22 48 38 -18 -74 88 59 -18 81 -33 -4 -21 -62 30 -99 -40 -17 95 -59 16 48 -30 37 -58 -43 99 60 -9 91 97 -85 -72 92 72 13 -95 95 -67 -81 -99 74 49 -37 -28 -18 8 95 -69 -25 -58 34 -48 -17 -98 88 77 25 21 -10 75 9 -51 -95 -70 79 3 67 -54 56 -87 19 -28 14 -95 -83 89 93 60 -33 24 -85 10 -87 100 -7 43 13 55 34 29 -63 -65 -62 5 69 79 -21 66 -79 43 -98 -67 -82 -19 42 -45 -6 9 44 -3 -2 -58 89 -81 -35 33 -70 61 46 11 70 -20 -65 47 -79 31 -82 83 -69 40 99 8 15 -25 -3 69 61 30 -56 91 -93 12 -100 -49 12 -22 41 -1 -84 97 16 -5 92 -3 73 54 -82 -7 -75 -48 -83 -20 16 24 51 20 -11 55 62 61 -99 65 85 -42 96 54 -76 15 34 39 -70 78 46 52 -13 -71 -23 98 16 32 -75 -50 58 68 16 -97 38 53 -36 15 -99 81 44 92 12 56 -3 -17 91 0 30 15 -28 -13 18 42 -68 32 -9 74 48 -3 -96 91 -36 59 -58 -82 -42 3 13 33 43 -33 -22 99 -49 66 25 71 -73 -5 72 31 78 44 66 -73 76 0 54 39 -29 -50 7 -45 -8 78 -4 -9 24 -75 -39 93 -89 35 -75 18 28 46 34 77 80 31 -63 38 71 92 22 -85 -23 36 -100 -59 -40 -4 82 66 98 0 -61 -97 15 -74 -23 -58 60 74 -20 -12 3 79 -88 -19 -70 -12 -25 -33 -73 53 -41 31 47 -37 -77 -9 33 -3 54 99 66 -22 -40 41 16 79 38 -92 29 17 55 29 -50 80 -94 -1 -32 57 -82 56 46 -48 94 -78 -12 -30 -47 -82 -48 -46 77 100 -46 -94 -18 -85 -93 5 81 85 30 11 55 -42 -60 -63 67 -26 -73 -28 21 -78 18 -83 55 99 -6 84 -47 -26 81 -31 -37 -28 -19 79 -74 -97 -8 91 18 97 44 -27 -56 -99 -68 43 -32 19 -44 32 -95 23 84 -88 90 -52 70 56 -39 15 -40 70 -26 -76 23 69 -31 -57 77 12 35 -86 51 -73 42 -47 90 97 59 -25 -31 -9 53 51 71 -98 -81 6 23 -42
-23 -87 -21 46 47 54 58 -95 -84 -18 -75 -44 -88 86 100 -48 -63 5 -7 -68 -71 -89 5 53 50 64 100 -44 78 34 -34 33 -86 53 30 -22 5 50 20 45 -97 14 -65 86 35 -29 -25 -99 21 -65 100 81 -7 -11 -48 -71 -39 80 -74 -13 70 26 18 71 40 96 -12 -59 -83 72 56 83 80 -32 88 54 -73 -22 -6 -83 45 90 79 -51 26 -82 -17 86 95 -73 -9 60 -66 87 79 -35 -34 23 -34 -83 -89 -86 6 -49 -30 60 -75 -25 -11 68 -52 -54 -98 -23 -75 -26 -73 -95 36 42 67 43 -1 51 -87 -16 -10 -63 62 -58 1 -98 32 88 98 33 -55 37 -52 20 74 -45 -73 4 -57 -66 50 -83 -44 63 45 95 -94 75 85 75 63 6 69 79 98 23 -52 -74 35 25 -37 -92 -44 37 -74 79 -37 -73 -13 77 47 -61 25 -88 -92 -70 -50 -63 78 27 -20 -100 -65 53 -91 47 83 -91 17 37 -19 -99 68 74 29 4 98 1 54 93 -55 66 81 -58 -72 42 -17 85 48 22 86 28 66 56 91 60 18 -14 95 76 -87 19 86 26 -3 -58 -13 -14 -35 -33 -25 83 32 -97 37 -70 -10 9 3 22 -82 93 50 -92 47 80 37 -31 -48 12 87 48 85 99 16 41 52 -79 83 83 17 50 15 -12 49 -93 81 72 -78 -85 33 -62 88 13 96 -82 -82 -19 -34 -85 41 19 -93 81 -78 48 -63 -10 2 60 78 39 6 -94 23 88 -82 -60 -60 -36 72 -14 -60 32 -35 65 12 47 65 64 54 51 61 27 4 -94 -66 -25 -34 -89 88 -54 66 97 -17 65 78 96 53 -8 62 -60 64 76 44 -85 65 -5 47 -39 -22 -35 32 -57 3 91 12 -93 -58 78 -32 24 -39 30 41 90 23 7 -91 92 97 -40 86 75 -47 -88 -42 13 -19 -97 -87 21 78 12 -86 -39 -58 -32 -72 -10 94 14 -53 -28 70 -52 31 61 -40 55 12 16 -7 50 -99 69 -68 -2 23 18 -91 37 6 38 34 -4 64 89 -4 -71 -30 62 32 -61 98 48 57 73 31 -18 43 -52 -96 -69 -99 -81 -13 44 66 5 -56 -83 41 73 59 -62 -79 74 -97 -39 69
-83 8 -61 29 -99 77 96 6 -13 54 90 32 87 74 -34 59 -14 19 -49 50 -82 -71 -21 89 21 82 91 -25 -63 -7 36 -52 78 -31 13 -47 55 38 1 46 76 -2 -44 -96 32 -28 -67 -89 -16 45 96 -58 81 99 -89 2 23 -97 93 -81 12 49 77 -10 74 35 13 43 76 -10 -32 68 31 87 -2 -18 -90 44 46 -40 60 84 -50 -70 -40 -31 -83 -65 -97 -65 -72 -99 72 59 -98 -72 38 -100 9 81 86 4 -63 -12 -11 17 7 -81 -26 2 -39 -38 18 76 63 5 73 -10 35 -75 16 40 49 79 -37 -18 60 -38 1 5 22 15 -12 -5 23 63 74 25 -97 97 49 -61 21 78 -5 88 69 47 70 97 -27 -80 -30 6 -17 -13 37 62 -45 -70 -20 66 -11 -73 -72 -84 29 -45 88 -9 93 50 -1 -49 98 -58 -7 -65 -4 89 -18 -47 40 36 66 -92 70 26 -17 -17 76 -79 44 -96 -58 -14 2 -54 87 15 -76 -53 3 76 -55 99 78 -2 -24 -86 66 96 -49 100 40 58 12 46 28 17 26 -2 -36 52 -95 94 64 -18 -78 49 91 8 48 81 -69 -50 48 25 17 -3 50 58 81 -68 -59 -5 18 31 -60 -78 34 0 -5 -35 79 -50 -98 -46 -68 -44 89 47 100 -16 -63 65 19 45 59 41 -8 85 -80 100 5 7 -6 -51 70 -82 -10 -60 19 -45 -28 -45 -80 7 -51 -98 29 -25 -98 -80 10 49 61 5 -18 17 10 98 -54 -100 -51 92 -12 14 63 -81 -83 -19 14 -82 -1 -91 -37 16 84 -8 29 91 -79 76 94 -24 -64 88 -57 66 -48 -56 -34 74 35 -41 -98 -55 -72 44 46 -63 -38 85 26 77 -63 -41 -21 -41 -63 14 33 -46 -70 25 -8 33 -27 12 40 28 71 -12 74 73 -4 -97 79 48 -83 36 72 52 67 -31 -73 59 76 -41 28 -81 -17 -31 -44 -42 34 92 -8 -57 98 32 50 86 0 -65 -68 -43 -40 -60 43 -36 -58 28 -82 78 -22 -98 -37 90 -11 76 -22 -50 74 99 -51 -59 -24 -3 -21 -73 77 49 -90 70 81 19 78 -47 -81 47 44 -62 -74 31 -32 18 -79 56 49 -30 -42 -91 -6 23 31
-12 -39 -59 41 -47 -81 -43 48 19 39 91 -12 43 -18 -30 83 33 -37 -62 14 3 -35 -31 42 53 13 -91 19 -4 29 -97 85 -28 -24 -52 81 87 15 32 -21 -86 12 -93 -53 18 43 -11 -9 -14 -75 57 -88 -36 67 22 -94 6 -27 -8 67 -52 -52 -70 -99 29 -48 19 24 88 -21 99 53 -8 96 41 -31 -30 -25 29 7 71 13 -73 32 -37 -89 -44 -72 77 -17 -38 9 -70 -12 -87 43 38 0 -62 49 20 92 -47 9 51 -60 51 -29 -6 -44 67 44 34 -6 16 -79 -3 33 -59 28 -68 -37 12 -41 95 -94 20 49 -10 -75 -87 30 74 80 -55 -53 -23 68 11 91 78 -79 -49 -72 -55 10 -47 -3 -12 79 45 -94 37 2 3 37 -13 7 76 -91 1 -25 84 39 -43 50 -65 59 100 -97 76 48 -41 -73 63 96 -59 -10 49 -5 -72 -24 77 68 94 -24 53 -81 -39 77 29 88 85 23 3 -43 26 -30 -56 -26 54 -97 93 -20 -40 70 88 60 -39 -13 64 50 95 -58 -94 -79 -92 -17 -96 85 -76 -13 41 10 19 -26 -58 -89 5 -13 33 -16 79 -77 16 -4 -89 -82 97 25 -83 92 11 3 -63 -19 25 -99 0 -8 -80 15 26 21 83 76 17 65 92 4 -64 32 -8 45 19 8 89 34 -48 47 43 -74 82 17 -9 -36 -84 -90 -6 79 27 -44 54 -91 -27 67 0 1 -54 -61 46 -96 80 91 -36 -16 -24 -18 -48 4 57 64 40 -41 -53 -87 81 -66 86 -63 -86 -29 0 26 -1 -36 34 75 -11 -9 18 88 10 -8 -96 1 -18 5 -2 73 -74 -1 -35 57 26 -19 -61 -36 -80 -2 80 16 97 70 -85 -55 -9 -51 92 -37 -3 -78 -84 -58 25 84 -74 -65 -15 -77 24 -48 -75 6 -50 -78 -8 42 9 71 -38 4 34 31 -71 5 -39 55 -38 100 89 60 -49 -11 -28 -75 19 51 10 -75 -12 -35 -70 -1 99 -67 52 14 8 28 28 -34 26 73 69 -98 -96 34 61 39 75 90 33 100 70 8 -24 53 -39 -72 -29 -38 -52 -29 -72 -16 14 -44 85 30 83 -22 -13 -87 8 63 -74 0 9 30 -63 66 -24 -2 -9 -99 -4
-19 -54 -29 -91 25 -25 20 -28 -31 -87 -81 -77 54 40 34 19 -5 -45 -14 -60 -28 -95 -75 -16 -80 -8 -72 63 -33 -29 90 -60 -87 69 92 40 -84 -31 7 10 65 20 -10 13 -64 83 29 78 90 -66 6 -95 87 -68 31 -5 100 -19 99 41 -47 -1 -23 -40 -29 26 -8 -93 -54 18 -33 -33 -97 -14 -41 43 -78 -96 77 27 -42 71 -13 -28 55 -87 14 -7 64 -22 75 20 -16 -80 -55 64 -80 -18 -95 54 40 -95 0 -10 -94 -71 -70 12 -66 34 -61 -87 -27 63 -52 87 -99 -62 66 -27 36 -15 -77 13 -1 -55 -34 -28 30 35 27 71 -26 -55 -93 -78 -61 8 99 -67 97 -61 23 -77 -54 55 57 63 -19 64 -43 6 -82 -97 97 -41 42 66 -95 -27 65 -9 -71 -91 25 49 35 71 88 63 72 80 4 -43 90 -72 -38 18 98 -97 -79 -74 -39 1 -49 -49 41 -54 72 81 68 79 -95 -78 2 40 75 8 -56 41 -81 -37 -70 32 -43 80 -11 18 74 91 32 -72 -66 43 -95 -85 37 5 79 -47 -9 -47 87 -67 72 -47 -82 61 -69 -63 99 20 19 47 26 81 -29 40 74 92 93 -19 -64 1 28 -14 -13 -98 -79 -40 79 -46 -9 62 -41 50 100 -44 91 71 92 4 16 86 17 33 33 75 80 -26 84 66 91 -80 17 81 -25 17 -45 95 -77 -83 94 -43 82 37 61 37 -61 -63 -33 -4 92 -27 -43 -49 -30 14 46 25 -41 57 -94 86 -91 30 -56 36 90 70 -8 -67 64 69 75 1 59 -91 -7 55 -2 79 94 29 -50 18 29 24 -97 14 -56 -56 45 96 -69 40 14 58 -96 -63 37 13 45 -20 80 77 -84 -79 -100 -11 -59 -28 -91 27 4 44 92 47 16 74 -3 -99 -79 63 41 -88 65 41 94 -42 -84 -70 36 57 -92 48 59 74 11 -72 -45 -37 29 -17 -2 -39 -91 -71 -7 68 -85 -95 74 -98 -28 29 -69 7 -65 -37 89 83 -99 26 -5 3 13 12 -40 -25 71 20 41 100 100 -60 -43 63 -59 81 36 8 70 54 -74 42 34 64 -36 -14 -72 83 -30 47 22 -21 -14 -22 -11 -87 20 99 92 -78 -73 45 54
-99 64 55 63 50 -68 50 40 -18 -3 57 30 -41 7 -37 -20 39 4 -52 26 -29 -12 22 -84 52 -6 46 -87 -72 -33 -99 -20 79 -95 -79 -97 -24 -57 -68 100 51 -30 31 40 -8 -45 -65 21 21 -26 -9 55 22 -20 -91 46 20 -13 -15 62 3 41 -98 67 -93 95 -83 0 -65 91 0 87 93 -20 7 -13 42 99 -58 -62 -32 15 28 -15 -80 -84 -57 -72 -3 -37 -82 -46 51 87 94 -79 -53 23 -81 98 17 -19 77 -53 31 89 77 -49 5 -72 -20 67 38 2 9 -36 86 39 15 70 -20 -89 12 -87 -100 33 -24 -57 -21 87 -68 -40 64 4 -63 12 -59 -66 76 -24 -58 61 -59 -34 65 -42 -70 -13 -23 95 52 -31 -24 54 -70 -78 93 -99 97 93 -73 57 -91 -14 38 90 66 95 43 -62 42 90 -85 21 18 -37 33 -19 -31 84 -4 3 -33 -65 -82 30 70 -93 67 40 7 21 -53 -52 14 72 -75 -83 44 28 5 29 -85 -15 -18 -10 79 72 -59 82 1 3 -9 -35 33 -97 -39 36 95 59 30 19 50 -17 88 -83 41 -29 -97 -17 71 -19 93 -55 80 -58 64 -80 -45 -6 -98 -25 46 36 27 -23 -58 -26 -66 -39 73 -27 -87 50 -24 62 -3 -96 -84 2 45 -12 -84 -61 -83 58 -90 82 36 32 7 -82 -53 58 77 -59 -55 -92 42 0 -75 55 14 -79 11 26 93 -18 31 -57 70 87 19 -18 -41 81 -47 67 25 -90 81 -55 34 -62 2 -86 1 -50 91 -86 33 -34 18 -43 -59 29 51 -73 -91 -78 61 -70 -90 56 91 63 -40 -17 -1 -7 16 -11 55 -27 -41 -100 -60 -90 -12 99 88 30 -62 48 -72 -2 36 96 41 -32 47 -50 -74 24 -64 -61 -36 -77 67 -46 31 -47 13 -46 -71 62 -80 22 -94 56 -40 -56 35 -25 49 99 6 25 41 2 73 42 41 -46 83 -54 -88 96 10 91 -21 26 -25 54 100 82 -83 10 -48 -61 -83 -20 59 -56 57 25 -11 38 0 39 57 -57 96 50 -24 -23 -65 57 20 -21 -34 92 35 -2 90 -29 -81 66 -57 -7 -67 69 -74 36 29 -54 79 54 -20 75 -4 -70 -43 -14 78 -48 -30
-4 -42 59 -89 -95 -77 0 -38 -58 90 -30 39 23 -74 -11 -45 20 -64 -21 59 -89 11 86 30 -69 32 -4 -35 -63 -12 86 32 97 -73 14 92 62 37 -24 -42 -43 40 57 -44 54 -96 62 -6 -13 -90 34 -95 25 -4 -12 84 72 -56 88 -65 47 44 86 -92 17 -99 33 -44 -74 53 -86 89 -27 -90 -51 -37 -52 -68 61 99 -41 89 87 88 -8 97 63 -30 15 -98 -75 -65 54 97 -75 80 62 -45 -14 39 -4 -30 78 53 28 -9 -76 75 72 -17 82 -16 -21 -4 -36 65 26 -7 -66 -3 24 -79 74 4 -62 84 72 -69 -46 -77 21 58 36 -34 -54 -62 -9 70 72 11 41 -16 71 -98 87 -31 -93 -26 17 -71 58 59 -8 -35 -8 97 -36 -53 66 -37 93 -16 -41 -72 7 16 -23 -30 -10 54 64 -85 -77 76 -89 58 -14 82 -21 -97 -92 -6 44 20 -62 81 -35 -62 -91 -9 -24 -6 70 63 89 -7 -47 -22 53 56 -72 -3 63 41 -75 -1 40 -57 67 59 38 -31 -9 -72 21 28 -82 37 96 53 42 -16 -33 -54 71 88 -5 93 51 26 -88 19 -100 -6 63 -51 89 48 -39 -2 -75 -69 45 7 40 -9 56 -22 37 -90 -93 34 12 -94 89 -57 -22 34 -73 -67 11 -13 -67 4 85 31 57 53 86 -26 -41 -62 92 79 1 80 -9 17 16 -76 -53 -2 -96 -7 -28 -9 59 63 -77 -79 41 3 41 71 -71 -10 69 -30 67 -12 8 52 -36 -15 24 25 40 -10 -26 -63 -8 1 -91 99 56 -82 -89 35 -68 -32 -66 44 41 -27 4 -66 59 56 -93 -53 12 -50 70 -77 -76 51 98 100 -52 -45 -34 -5 -48 -83 14 87 -50 23 -64 62 58 21 81 10 -74 42 -20 29 -41 -90 49 17 -48 35 7 -2 -98 -25 96 42 -64 -12 -91 37 60 55 43 -48 34 35 -25 -79 2 -8 26 -81 -79 -22 67 -22 22 46 74 31 -35 34 -80 41 -83 -8 79 -93 54 18 -33 57 -93 23 39 -1 -10 -78 89 45 -53 9 77 100 -56 67 -41 -15 -56 80 -56 66 21 16 -12 68 50 83 -56 -92 -89 -59 99 7 27 -86 69 79 -3 94 81 13 17
-38 -45 67 84 -81 -83 -52 -62 46 5 -23 1 32 -36 36 -19 -85 -33 -85 -14 -21 11 81 87 -25 12 64 -37 29 -90 -57 -81 -8 -7 -47 -79 37 4 -12 -81 77 -7 -96 -39 85 34 -34 -33 -78 -18 4 -9 -84 31 40 -97 33 -7 49 14 17 68 45 48 4 -9 -70 96 -20 -66 45 21 -64 72 42 -28 18 -5 81 -2 93 -4 53 -69 -31 -74 -36 21 36 -88 -20 -63 -50 -17 -68 -87 0 -80 88 74 -10 7 -17 46 55 33 29 17 49 58 83 -23 -32 90 92 36 -2 -62 -43 -30 -79 40 -36 -31 71 28 -69 83 69 54 7 23 -26 42 14 0 -19 83 -42 20 59 -64 3 42 18 -54 -36 24 -51 82 34 56 22 -11 -89 3 36 -62 -26 45 58 -75 -26 93 3 -69 -38 56 9 -43 -51 -68 -96 -37 76 -24 -53 16 -24 -6 -55 -50 6 -44 -25 23 -30 28 -91 -71 -6 1 3 -17 -52 -93 -42 75 71 -48 -78 -5 96 -51 -70 25 97 -84 97 -8 -85 -82 73 -10 -88 -49 -77 -8 -76 -96 91 -84 28 -46 -94 -48 19 36 -11 47 45 -89 93 38 69 -8 35 80 -52 53 66 -44 90 -88 68 14 -9 94 -32 -91 71 10 -79 -47 -34 23 -89 94 87 -49 -77 -43 -64 46 -59 -62 -46 -96 37 4 -4 -81 -100 -26 28 -22 79 -72 23 53 62 -51 24 -58 -61 10 -1 -52 10 -47 -60 -79 -21 -56 78 21 -62 59 64 13 68 35 63 52 -70 72 33 -10 -69 -4 69 -25 35 66 72 31 -34 9 -81 23 -7 36 89 -37 94 69 4 79 61 15 -24 64 -43 -68 -92 3 73 -44 75 -30 -22 48 -78 -1 17 -40 94 31 -47 77 -4 21 -99 83 55 91 56 71 60 37 82 -12 -80 67 -33 33 29 -67 24 67 -81 32 -89 25 42 -82 77 42 -94 67 -88 -100 -79 -91 -47 -47 38 61 60 -3 -3 51 38 -72 -100 93 50 36 84 -55 -81 -95 -80 87 25 -30 14 -46 -45 -16 -3 53 -29 86 91 -50 -77 91 51 65 37 34 20 67 -64 -94 45 61 26 48 39 -10 36 77 100 -64 -69 77 -53 -87 97 59 51 91 5 42 46
-48 -26 -47 2 -51 2 -84 51 -67 -83 40 -93 28 -89 90 -86 -52 42 42 42 -76 -70 57 62 -17 -24 95 -93 20 -16 20 -32 6 -52 -17 -24 -10 61 -45 -69 12 76 64 -80 -40 -94 -1 -58 -93 -49 73 20 -63 -63 81 -14 -16 -45 -39 93 -89 64 80 64 57 -53 -60 100 -22 -57 -43 -37 73 94 -73 -94 28 -56 -88 89 52 5 -99 68 -73 -89 -39 79 11 21 -72 48 6 -12 -62 -46 34 53 30 37 -75 -92 10 23 -79 47 80 54 -90 -45 -28 97 44 -37 -88 62 99 -36 -59 -14 79 -38 -11 -24 18 -36 -72 -67 45 35 -43 -73 -96 -13 -67 8 69 34 -13 -64 -94 -56 99 59 76 20 48 100 11 -26 80 66 -2 97 49 -96 -25 -89 5 98 68 -14 -29 -8 66 62 -65 23 -28 25 56 -20 -2 84 -25 75 -23 -61 -66 -67 -40 47 -25 4 -47 -28 46 96 -25 -58 -19 -77 -28 -35 98 33 -42 -61 -50 4 54 81 46 7 17 -58 -81 -82 10 -72 33 95 -59 -41 48 27 36 -48 -84 -71 91 -79 -10 37 34 31 -39 25 -10 -4 41 18 -3 -67 5 -20 97 15 -5 10 24 82 74 -94 -14 -78 75 -26 4 54 -8 -7 -17 -8 -79 -46 -4 48 15 6 93 27 -18 -87 64 54 -19 9 8 41 71 25 20 -17 38 97 35 51 9 54 98 65 -71 8 7 97 -10 59 47 -46 -30 65 48 28 65 -35 68 57 -84 -96 1 47 68 49 52 -61 -16 -21 26 14 -15 -96 -59 -5 -76 -29 45 5 63 -79 -40 -24 -52 -47 -8 81 -4 95 -22 -41 25 -29 -95 -72 5 -33 -94 27 -62 10 -55 -25 -13 -78 65 92 -32 -55 2 -20 -22 -15 -45 85 62 -96 91 26 -61 16 -94 -2 -79 32 -76 69 -46 3 98 -60 -65 37 -6 -33 86 -56 74 65 -49 -20 -48 70 -59 14 -28 -89 -86 -21 4 -60 25 -30 73 7 36 48 46 78 61 -40 -43 7 -8 65 -38 -69 27 -91 57 -52 -95 -14 42 14 40 -89 77 -88 -83 46 74 -25 3 -69 -60 38 -43 80 -58 56 17 67 -35 -96 10 -35 48 -38 -19 43 16 -28 -60 -10 -63 -89 -64
47 -2 66 43 88 -38 -97 -59 27 64 9 -94 3 -18 -82 -32 89 -9 58 3 -50 83 -73 32 -56 30 -83 61 -47 -19 -85 -16 39 20 -97 54 -76 -85 31 -75 37 -69 -76 61 -26 -92 -73 36 -94 100 75 -19 -13 31 -8 47 34 46 -18 -88 -51 -63 28 -12 6 8 92 42 3 -80 38 22 -60 14 23 72 92 0 0 -32 -22 41 -19 -57 -63 23 -77 58 -54 36 -67 63 -79 81 48 -60 53 1 -67 22 -77 -84 -98 15 -35 97 -19 -89 48 60 -79 97 24 -75 -27 64 48 -52 -62 -58 -73 -33 -82 -91 13 8 -39 -57 -76 0 88 -83 -75 50 22 100 84 21 59 73 19 100 -35 45 84 -78 -62 74 38 49 -89 0 -44 -72 -32 61 -81 -62 -11 53 69 -96 51 9 83 95 80 -23 -89 62 -96 -4 43 70 36 -32 44 -46 -73 -93 26 -57 -73 -96 -34 -74 67 -47 32 67 -66 -9 15 -28 38 -42 -42 75 95 62 -85 77 -41 61 27 21 -63 54 -46 98 10 12 -87 59 -60 -83 -92 -67 -52 -3 28 55 57 33 -92 1 -44 -8 -15 100 39 60 19 32 96 -25 55 21 67 -51 12 -94 7 96 47 28 53 18 -38 85 -5 -56 53 -2 21 -80 -60 -32 78 16 64 -76 -100 -96 90 -58 -25 41 -7 48 -11 3 -17 -70 9 -83 11 -11 -91 30 -43 -58 -25 99 6 22 -79 76 -33 -77 41 59 -85 -18 16 100 83 8 -74 -99 -28 96 -74 -12 0 98 84 91 4 -97 18 -60 -36 -62 37 -86 -1 -49 -69 -89 -79 61 -28 -31 -48 -59 -40 22 63 -29 -89 81 -13 76 -5 -97 39 -62 21 100 17 52 18 69 11 53 47 35 17 -33 16 76 -57 -83 -79 -19 88 -60 -81 -2 -65 -4 77 -35 -70 -26 -72 -42 1 76 -67 -14 -50 -57 -39 98 58 -24 52 -65 55 -100 -94 54 63 0 -91 -75 89 46 -91 72 38 11 -27 -87 17 30 -20 77 33 11 97 74 -61 -22 37 22 -18 15 22 62 -53 63 -67 -35 1 -78 -67 -38 -50 -74 -20 -44 -32 74 -17 90 -84 -69 52 41 -33 78 -36 -48 4 98 -31 -61 99 -64 -91 -87 94 -96 74
-31 89 87 8 -98 69 -35 31 -46 -11 -59 -34 4 -12 -45 -57 -55 92 -61 -87 91 63 -70 -80 -90 -66 26 -40 -70 -69 95 -4 14 -14 31 87 59 73 -88 46 -69 93 -18 20 -93 65 -88 96 -16 -82 -50 42 54 -51 -47 97 44 -62 47 -92 -9 61 26 63 100 -78 -55 -67 -60 -95 91 71 -45 56 -3 -1 83 50 -37 -80 55 75 49 -98 -53 49 1 -84 -36 -68 -57 -76 -25 6 -7 82 22 3 -1 71 -33 6 -11 -21 -54 36 23 72 5 -97 63 -30 55 -95 80 -85 -94 -60 -48 -25 -75 2 -66 88 -59 -70 -65 -86 37 14 -78 -92 -54 38 -72 -66 89 -84 -6 -85 14 13 85 -1 58 -56 -73 -72 61 46 -83 28 34 -69 -89 44 83 -92 49 -77 -90 64 -51 -25 -11 55 88 14 -10 30 91 -55 45 6 100 86 78 52 38 64 8 82 64 12 -28 -21 -30 -84 85 46 9 -27 -20 36 59 10 -33 25 37 -23 -62 0 24 -10 43 -49 0 9 70 -87 -74 -98 -4 56 51 -21 2 -40 -97 15 99 -14 -3 13 87 -85 93 -70 62 -49 9 27 99 45 78 -49 80 -59 14 76 -62 -52 -16 83 98 -2 -10 -82 -51 2 -79 86 46 -53 87 -2 -45 44 -45 -47 -3 -44 -70 33 -94 68 -48 19 -78 -86 -60 98 16 -38 -41 13 -21 -80 91 17 23 -98 -73 14 50 -58 30 38 -10 8 -17 58 -16 -16 5 -6 -8 3 -71 -45 72 -18 89 77 93 21 -96 34 88 -25 86 -25 87 62 38 -24 98 -38 3 6 28 -81 21 -85 -34 92 68 -8 -37 -8 74 -64 99 -60 -84 -43 19 -45 49 10 -50 65 16 -52 -3 9 6 88 56 77 20 -90 -4 21 -96 62 -76 15 82 8 87 -19 -15 -85 30 12 -69 79 7 83 43 19 35 -17 -12 -26 50 24 -41 -6 -9 1 -7 -84 -17 -26 74 14 -54 20 90 55 21 0 -38 3 21 -47 -10 29 -23 -44 75 42 76 -80 -60 -89 52 -13 -75 90 0 -33 -66 -12 85 -6 35 -89 51 -70 -99 94 -21 89 44 52 -100 -99 -31 41 88 -16 -55 -54 91 -66 -41 -64 90 27 -1 38 98 7 87
-19 -23 52 -94 2 9 27 23 62 -54 89 -82 -24 -26 27 -91 68 -9 -98 -69 -5 77 -18 32 86 96 22 71 68 -89 -61 75 -75 -85 -70 46 -85 87 11 94 6 67 7 -65 10 -48 27 98 -41 17 83 60 -20 -93 56 82 -30 -67 -88 -75 82 24 -63 92 7 -11 96 71 25 -88 36 -9 -44 -86 64 84 -71 33 88 82 34 69 1 9 -13 -36 -98 30 76 59 -27 87 -26 66 92 -46 11 -19 60 78 -88 -42 38 -37 49 -83 32 51 -11 83 -7 -49 -61 -55 -43 71 -43 74 14 -77 -83 -68 -33 60 -51 10 90 64 -41 44 80 99 -18 -13 23 26 32 -67 15 22 52 72 -32 35 54 -64 -37 42 -67 -50 -23 92 83 -86 99 -43 93 -31 47 47 70 -61 -57 64 35 -99 -38 -88 88 -77 15 49 -31 -88 -2 68 -83 46 -57 97 -38 19 8 -37 53 -62 77 11 -23 33 26 -8 12 25 57 -26 65 92 -21 -28 -37 98 -59 31 -30 -72 65 2 -67 -66 -72 -26 -42 40 64 41 46 65 -23 11 8 86 -53 89 -30 97 83 -33 37 42 95 -44 1 40 67 72 92 21 -57 -10 -3 -14 -72 50 62 25 -57 -84 17 2 -45 -46 -77 21 3 91 -21 3 -17 77 -92 31 -91 -96 6 -69 39 11 -4 80 57 32 1 -83 41 19 -44 40 -90 -49 -7 35 -69 -17 68 -12 85 59 89 -15 -55 86 -84 -60 -93 -4 -66 30 -83 -67 24 -88 -77 73 -52 14 61 -22 -30 -85 90 -69 38 -73 -62 1 69 87 -84 -62 -83 -66 -72 -58 -29 -92 -76 -67 -94 99 47 -74 -62 51 41 20 -73 -6 64 80 -3 51 2 86 27 -43 -23 -23 -65 -6 79 -36 92 -44 -95 -15 -37 -41 7 96 -96 -98 60 65 -27 -61 -67 -68 65 11 -54 20 10 -81 79 17 -15 40 42 -41 11 2 54 27 -78 -18 -61 -51 58 -73 4 -63 -77 -97 23 82 -11 -36 16 8 22 -45 27 -41 85 -82 6 59 74 56 -33 -72 49 33 -94 6 -32 -9 -47 -80 10 32 -86 89 80 -95 70 -32 89 -86 -6 97 -6 48 -72 -66 -53 -54 -24 31 66 29 -17 43 21 100 92
-67 -21 -96 32 29 -15 52 -22 -48 72 87 -34 25 -13 -40 50 60 90 76 -98 50 21 25 62 60 12 -88 77 40 -83 -50 -69 -69 57 51 -75 13 54 -63 64 97 -29 94 99 -68 -39 59 -90 -92 -42 26 -4 -45 -60 -50 -77 71 23 68 82 -3 -42 -97 -94 23 81 -11 24 -91 9 67 -24 -59 -13 -67 -59 -84 66 86 80 -2 -58 -49 -15 70 71 30 33 -90 -78 9 81 -92 -49 65 42 18 -78 16 89 93 84 26 -54 -93 25 -79 -15 -63 50 -86 -52 -81 -32 63 21 -57 -8 22 -56 -86 5 -10 2 -94 -59 4 -81 -8 40 6 -65 -57 -10 -36 44 79 58 24 -24 64 -28 19 62 100 81 -20 -30 -51 75 -98 0 80 -89 -8 40 -36 25 -83 -67 -8 75 7 -7 -33 31 99 59 -65 -14 -93 48 -83 48 -27 8 68 47 3 0 -100 56 2 88 56 -80 -10 20 -1 35 -9 36 53 -32 42 -43 -87 43 22 85 -66 -28 11 -77 70 86 -8 4 31 -2 -70 31 69 -74 -60 73 -24 -62 -90 -57 -89 51 -86 44 -79 -89 -64 -70 -77 -76 -91 -76 -82 30 -56 20 59 100 3 47 0 68 6 25 52 -24 -29 -99 13 65 48 -25 -44 -71 46 -65 -35 65 43 -63 36 78 -7 18 80 -91 -93 95 40 95 63 -70 74 -52 74 -59 -100 73 61 76 66 93 99 44 34 74 83 7 -25 80 -60 10 -35 -3 81 86 -44 28 -58 82 17 40 -99 56 96 7 -50 -92 -87 67 38 -95 73 -79 -47 -29 -66 3 86 78 78 -60 55 -34 29 25 75 20 -14 25 78 61 44 72 -27 -59 63 26 63 89 -5 9 -9 -63 -78 -84 97 27 -42 80 44 8 -73 27 -8 -74 -7 55 15 100 23 73 9 6 -15 -85 -3 -92 -86 47 -40 -28 -83 70 -47 -15 61 -21 81 95 8 -40 -21 40 -35 3 -11 -80 19 -75 -84 28 -77 -22 33 -99 -40 66 1 -78 -62 19 -40 -32 6 -59 4 -10 -6 82 80 32 -45 59 66 92 -2 -54 -80 -54 -31 -67 83 91 -48 -76 -17 15 40 -50 -17 28 15 -36 -79 -60 90 -50 37 15 55 -11 -66 -40 -40 -71 36
-75 52 90 -68 -2 94 -89 -40 36 -10 66 24 69 -36 14 33 -27 -55 -27 70 67 77 -82 4 -81 -85 80 25 -64 -100 -17 -81 -25 -99 -50 -71 -87 41 67 -8 -90 2 -77 24 97 -15 19 2 1 -56 65 -49 13 -45 43 67 -16 -78 23 -51 -64 -36 32 -94 12 15 6 -67 -62 40 61 -5 80 25 0 -86 2 -71 -93 -79 -73 78 25 38 79 7 -18 -11 -80 -32 -4 -52 41 55 67 78 84 -65 16 17 -40 41 39 43 58 67 -50 46 23 -20 -83 -76 61 43 -29 82 -4 -87 -59 86 16 -87 -30 90 -99 84 63 36 -60 91 -18 -4 -97 8 -8 38 83 -91 74 0 33 -32 99 -40 84 24 -68 4 64 52 -99 32 -8 93 -15 -18 -88 -82 47 73 24 -33 17 48 71 -58 98 -32 3 -2 -63 85 78 -24 -58 70 65 37 -67 8 79 66 16 65 -90 -27 71 78 18 81 26 -54 -75 0 95 -4 -98 37 76 -87 98 67 55 34 83 87 -48 31 60 -31 71 -21 21 -55 -75 -95 -68 33 -45 -66 90 35 40 89 -68 83 -91 -13 63 -81 62 49 33 16 44 95 -12 -85 -65 87 -65 57 -69 -16 25 42 -86 64 15 -69 -41 69 -60 -93 -28 -30 -72 -46 -55 -68 39 -23 -16 -40 -83 13 36 -98 23 85 -4 -79 7 81 4 88 -20 -52 -15 -12 -70 81 -18 -46 62 57 74 -58 55 -39 72 89 94 88 65 -31 3 -82 80 4 32 87 24 27 99 -32 -55 -16 96 27 24 -2 -35 16 31 27 -91 4 58 -49 53 -35 7 96 -9 -59 -44 65 -84 -76 -3 57 -85 -23 -68 47 32 51 44 74 73 36 71 -36 -85 -15 3 -34 -82 -70 18 14 -97 -38 -29 -44 -77 -28 -60 -51 -47 -1 -10 85 -67 -97 43 -41 -16 -81 100 -48 -25 -28 79 42 91 48 -79 49 7 -13 45 65 91 -16 -36 -14 -97 -85 -98 -64 -76 -62 -51 68 -36 -37 -77 60 -23 36 -3 -21 45 4 -30 9 53 -49 31 -47 -84 -53 -71 25 53 -31 49 54 -84 88 -74 -19 91 -11 68 63 2 90 -86 -26 29 91 -38 -95 -80 13 -3 -33 28 -30 -86 100 -39 51 65
-71 -74 -26 -12 -91 5 5 92 -31 -3 66 16 11 53 -37 43 69 -7 85 -43 -87 85 -7 -47 -67 14 -36 77 95 44 85 -77 20 28 -48 88 86 -16 83 -88 43 -14 -27 -48 35 78 1 -27 24 5 -76 -16 -52 38 -8 4 -24 -5 -14 -2 -48 23 38 61 -64 46 53 -33 -74 -46 -57 2 95 19 16 -69 -65 81 -79 -80 99 21 76 93 -14 44 -47 34 26 -33 80 -34 -31 -79 10 90 52 -88 -27 -15 -87 38 -44 56 -61 39 -24 8 8 -22 -20 -96 -71 100 2 10 -24 -52 -4 -89 -82 -4 -43 -12 -21 -35 -22 -54 51 85 -33 39 -33 -26 34 -84 68 -10 -43 -74 -57 3 9 -12 99 -89 -70 33 -60 71 -15 100 -24 -26 2 7 81 95 -29 67 50 -25 59 -18 -32 -83 -87 -80 64 -61 -16 -72 69 -14 86 -31 -64 77 -42 -98 -25 54 28 -63 90 -73 -39 -96 -95 -85 -71 10 10 -67 -90 95 -5 -17 29 -1 -39 -31 -66 45 52 -98 59 -9 25 7 58 -63 19 28 -88 -29 79 63 -73 -100 -29 0 91 -79 11 51 -13 -2 -31 -91 -71 50 42 63 -44 11 -47 66 100 -2 -61 -24 54 9 -17 -39 -15 -63 -21 25 80 68 23 -18 75 -60 -63 -73 28 51 92 -61 60 61 -31 87 0 -74 64 -31 -45 43 -17 -72 -22 -66 -7 -67 6 24 -3 16 37 -87 12 -18 29 64 -20 65 -51 -71 58 97 11 -93 -14 27 22 -40 -62 64 -19 68 -20 16 -68 -20 41 -12 -93 -84 77 90 -21 97 -1 67 -79 99 -18 -2 95 92 -53 -9 -14 -1 -85 -91 13 -93 45 23 66 74 14 -46 -70 81 -88 -89 -88 96 56 12 65 0 8 35 -71 91 41 -38 69 52 -4 -49 -4 79 -100 99 44 -50 67 28 -99 -63 -66 36 76 63 -38 23 83 47 -85 10 9 -48 -51 24 33 85 10 -48 -43 48 95 -92 -31 -7 58 7 69 -3 -77 -25 11 9 38 -49 0 44 14 7 68 30 4 -31 -90 -77 -21 36 -4 -45 64 -29 -76 -1 54 51 -93 -8 -7 -13 64 91 -35 -91 -97 37 35 -31 -57 93 4 -13 69 -47 -40 39 21 -79 -3 63 -42
69 28 17 -87 -2 -44 -13 -2 87 21 33 -66 -84 -58 30 -99 -56 -28 20 -92 91 -52 97 100 -72 31 27 19 -77 -53 37 -64 -2 85 -65 -63 -73 28 16 -66 -93 83 58 -61 28 -26 45 -63 5 -45 95 -39 -27 15 -36 10 -88 32 -11 60 -26 -14 42 -65 -58 19 -75 30 42 67 98 -60 -64 -100 3 -97 -59 78 23 30 -82 57 31 82 84 92 75 -4 -78 -66 -68 46 -21 34 -28 20 29 9 -65 31 5 -38 -30 -77 69 -38 -65 -54 45 15 98 -72 62 -71 76 -18 60 -71 48 -12 -66 20 8 39 -25 -39 -89 3 -7 75 47 28 69 -18 81 57 -40 72 -20 -36 -83 -54 -28 -62 91 21 -77 -87 -27 -39 18 22 32 -17 -43 80 -82 14 -93 43 -92 -7 -85 -85 28 -59 46 8 -4 82 -14 -64 2 95 -33 89 -13 -55 -87 47 -98 79 69 52 -93 -86 61 -31 -86 -39 -29 -46 -11 97 38 -87 -19 -50 93 43 76 48 -15 -73 -36 -52 3 -76 -24 53 -80 72 -27 51 2 -78 -93 -20 -97 -28 44 28 -15 9 -55 -32 74 -10 83 39 -65 -72 -29 -53 -55 63 -60 -59 -87 -36 33 13 -5 80 91 44 6 68 7 22 -24 89 -35 -62 27 -90 -16 75 -22 71 -8 -17 -36 -45 2 71 -5 -20 82 78 22 100 -60 70 97 -53 -49 89 25 29 -2 -64 88 11 29 31 58 -40 79 87 19 32 53 85 -65 -10 -53 -12 48 -28 8 47 -21 92 -75 83 -24 -13 74 17 -21 -57 -50 -29 -11 56 33 99 39 71 -22 61 13 -32 -57 -89 -75 53 -23 -45 -63 45 60 -49 -2 -79 23 97 27 -82 -56 -11 -72 -12 9 -55 -70 -9 65 60 91 -73 -87 87 -58 46 60 63 56 -69 80 -52 64 -27 -97 46 54 -16 74 -53 -17 24 44 19 56 70 91 69 53 71 -78 -81 -7 15 47 43 -56 -89 -49 64 74 73 4 -62 49 -49 39 -98 90 76 -30 85 -84 1 -74 -62 24 5 -28 62 2 13 -46 69 7 66 -99 79 84 80 -64 -96 59 44 36 -52 -13 -11 -93 -48 -64 91 88 -78 23 -14 20 34 -4 47 -31 -71 -12 -76 -35 14 -66
-53 -100 1 51 87 4 23 92 34 65 -88 12 -25 81 39 -7 -38 33 36 55 -69 -4 60 33 -94 55 36 94 21 -95 50 -81 36 55 20 25 57 -34 63 -41 37 34 -49 46 -40 62 23 -75 78 -33 -45 47 2 -35 47 46 34 43 -97 28 29 59 -79 93 68 59 -100 5 -95 -93 -74 -23 -85 39 -33 91 98 -49 22 9 -35 -47 31 62 -35 -31 -75 79 -9 -34 98 -20 12 38 75 -34 -84 -56 44 50 -68 72 92 57 -91 39 -46 72 100 91 72 28 80 78 92 15 -21 64 52 27 -50 -71 -26 -90 -92 33 -41 54 19 -10 -48 85 24 -58 93 -38 32 10 47 -10 51 32 57 -10 43 8 -56 -72 -81 -23 55 96 79 80 40 85 41 19 -37 67 -32 -61 61 54 -25 90 -62 -82 -27 -69 32 14 -50 32 79 -41 -73 -93 73 60 8 -36 77 -23 -46 -70 87 -84 -36 -10 -40 62 97 99 36 -90 -14 32 37 32 3 -70 -71 -74 83 50 -19 60 -88 45 1 86 -91 97 26 -69 -2 37 16 69 -35 56 -8 -60 -89 99 43 -2 -58 45 83 -79 -43 -76 -80 -45 51 -96 23 -9 76 6 35 23 -36 4 -44 -34 33 -62 34 15 32 -22 -91 4 85 51 51 -67 54 -39 28 41 -77 -54 -15 -61 63 -29 49 -80 -28 90 -29 19 62 51 -29 -47 -52 -39 -2 -99 69 -16 68 -73 65 -67 -98 -52 -50 91 -6 -29 3 76 15 -89 -88 -52 -52 -59 -61 21 -15 95 57 -84 -12 -40 -74 30 42 -72 -56 78 31 89 -92 76 -3 -61 84 40 63 -96 -66 -96 -48 -81 47 91 32 51 -73 33 -44 86 50 40 97 67 78 16 10 55 -23 -99 -72 -30 69 -7 -2 55 74 -32 33 97 -17 -6 -66 93 -38 35 30 -48 -88 -70 58 -39 -21 21 -6 32 -32 42 22 -45 53 -79 20 -4 17 -99 34 -22 84 -67 -38 -92 -1 71 53 91 -80 -4 30 36 30 -94 -46 14 -99 -76 -72 41 98 64 -65 -71 24 67 -6 61 -16 -44 -42 66 -77 56 -3 55 -6 -74 38 39 -48 13 92 -100 -33 68 -59 35 2 78 86 -71 31 -33 17 0 69 56 -29
41 36 31 -63 35 -85 -1 -3 -57 5 -14 -5 -73 -76 22 -34 -9 -31 -99 72 68 -3 -47 -65 41 -19 -99 -97 35 -53 -32 73 -94 57 33 12 -85 -28 -44 -33 13 84 4 -28 93 -17 -18 34 83 41 19 62 -84 -66 -97 -31 47 59 -57 -72 -12 -91 -23 -22 17 68 -32 -21 -78 -29 85 -14 -21 27 -27 52 37 60 29 -72 -80 89 47 -31 -48 -18 -88 56 -57 45 -10 -78 20 -67 -54 27 -15 -81 22 -39 60 90 -25 12 6 25 54 61 -58 88 85 -1 -44 26 -4 57 23 -97 8 45 -5 -79 -67 3 44 -5 -5 74 87 44 -62 26 51 29 85 14 -33 -23 -99 -4 61 13 33 80 -43 -60 34 -72 20 -19 27 -91 80 0 -27 -14 38 30 -23 58 -59 -69 -76 -99 69 -92 89 -12 -14 59 4 19 77 22 60 80 12 69 -28 60 35 63 -79 -83 -56 -43 -22 -44 -86 60 -18 11 54 -43 -43 -94 53 -30 -95 0 -95 49 -2 6 58 100 -58 -62 -61 15 19 -100 -91 88 41 -64 -98 71 93 61 -51 -84 -86 -66 -14 -15 77 -25 -98 -47 27 -55 -57 3 84 -84 -53 -77 -87 44 -81 73 99 80 67 -44 -56 -5 -8 72 27 56 19 -15 -18 15 -73 31 -71 76 -38 41 -66 -62 98 9 -30 -98 -96 -84 -87 34 83 76 11 56 -38 50 -69 77 -15 -37 74 -70 -4 49 35 -31 42 35 -22 24 25 -45 -99 -79 -96 -5 72 -72 -9 -7 -71 -78 -75 57 -81 -68 -71 -82 -29 -88 19 -29 -49 -59 -9 -72 48 -79 53 90 -45 4 74 45 52 83 -28 -16 78 100 31 50 99 -42 -44 -44 12 82 -70 93 -95 -57 81 -17 -83 54 -40 -90 13 63 56 3 37 -48 -41 78 -58 -15 -83 -46 -96 77 69 60 90 -84 80 -46 14 -67 -59 35 63 89 -35 49 -90 -91 -100 30 -49 -17 14 -14 -70 -15 20 -81 59 12 49 -9 32 -62 -56 80 95 -20 -50 99 52 -44 -54 86 84 82 -65 56 85 40 -22 5 70 -27 -77 26 -44 52 31 -49 -65 7 -4 -71 -50 58 -81 -82 43 78 80 -69 5 -20 -68 33 -11 97 35 -60 -87 -89 3 -79 -40
-100 77 47 -49 18 61 -48 21 -27 41 -48 -40 -21 -39 -24 28 -95 -74 -73 99 66 69 -46 17 83 -24 -42 15 64 48 26 69 -77 -29 -65 -40 28 -32 -82 32 -99 -91 31 -67 -33 69 -24 6 -26 12 73 -49 -23 6 -43 -50 62 -22 88 -57 94 48 29 -10 -2 32 -71 15 -16 67 63 15 -82 90 -46 49 -30 39 47 -74 -68 -55 -99 -47 10 84 -9 -14 -24 77 48 -47 -44 78 -38 -69 45 -38 -98 -97 -42 81 70 77 -3 -7 -61 85 -22 96 -66 37 24 -19 58 -97 -5 48 70 -65 -41 99 31 -62 53 72 45 72 21 -82 97 -14 -22 -22 45 10 70 100 90 99 16 20 -69 43 50 35 60 -95 53 -76 -20 6 -26 -12 -44 35 -47 -9 71 -81 36 -53 61 82 100 -32 14 -95 76 -8 -94 -62 99 71 45 -1 44 13 -91 -85 -26 89 7 -96 -86 -96 80 59 -28 -24 -99 7 19 16 -81 84 -27 -17 35 97 81 -2 81 -20 38 -92 100 -45 57 22 84 -31 -63 17 90 -26 62 -98 -14 31 -14 -25 -12 17 22 85 -61 10 -66 75 71 -44 17 -27 41 24 -40 44 -24 54 53 -85 39 32 -57 16 -96 2 64 12 81 10 70 -24 66 -81 52 78 65 39 -98 26 9 2 -48 87 82 -58 75 39 -66 -44 62 -20 -69 38 -46 -95 -86 91 86 -85 55 60 18 23 57 81 26 49 99 34 -61 -28 -84 -10 82 87 -33 -10 8 -54 -94 -50 93 -81 79 -64 -43 -15 -55 15 -45 -38 -73 94 96 -89 -29 -67 46 -70 -85 -86 38 -89 62 41 2 53 72 -74 -15 -54 15 -60 -26 -3 90 92 -54 8 -41 -25 19 -31 51 68 83 74 9 -51 11 19 -65 44 36 -55 21 -16 -19 -73 5 23 66 -11 66 82 28 73 -96 -39 -37 30 14 23 -54 -13 -31 24 4 19 -41 2 -22 49 -76 14 -52 -5 34 30 -84 24 72 72 -84 -73 28 -95 84 71 -35 16 19 93 92 -83 -96 54 91 5 28 -63 45 82 -57 -47 99 -33 -5 -14 -47 -87 32 80 65 20 -24 35 -10 65 24 86 -9 -53 64 -35 14 1 69 -25 81 63 1 62 -76
9 -4 62 -99 -14 -45 59 15 -61 28 85 -66 -52 64 -13 -40 2 -65 -51 90 -56 -47 63 7 26 83 -82 -62 79 85 58 20 -26 46 -82 63 68 53 -24 78 14 58 71 76 3 34 97 -91 49 -3 10 -18 -19 91 -41 -20 -54 -90 -6 -94 48 -52 -71 -100 57 -28 55 69 -38 58 -9 -9 -86 86 28 95 -23 19 71 62 1 -21 -85 16 -42 44 69 18 47 -13 57 66 94 19 -99 89 -47 5 76 50 41 -48 -64 -91 18 -95 74 17 1 -63 97 55 4 86 84 33 53 3 -40 -25 -59 91 42 82 33 -97 -17 76 55 62 51 37 88 49 -58 -74 13 -70 1 -79 38 -83 30 14 -83 90 -34 65 96 -92 -33 -65 74 51 16 96 91 -9 90 -64 -42 -10 78 8 42 -59 67 1 52 -31 -66 -5 -63 3 56 86 -76 -44 42 25 -23 -59 36 44 33 -57 78 -91 59 -56 54 48 -11 -94 -45 -55 -48 74 29 -79 -61 25 13 -1 91 -89 -82 93 -16 76 71 95 -19 -32 -60 30 86 -28 -34 71 -16 62 43 39 -92 31 -62 29 -58 -69 17 63 90 -62 -47 -88 58 1 37 -48 26 -90 46 87 -32 81 -51 -100 -2 77 -53 -86 -100 -15 -76 -7 48 -46 -22 44 -71 44 -20 12 -42 14 -79 5 7 -12 -59 57 53 -91 -36 -28 -46 -64 -89 -6 39 -37 20 -95 -64 -52 -62 -91 -17 -9 -13 83 28 53 60 28 -71 -13 -86 -67 56 -16 25 -59 -100 -27 7 71 62 -66 -78 33 -40 -61 -20 19 96 50 87 -62 -14 92 72 52 62 76 42 -45 98 32 15 -31 9 48 -89 93 -40 88 -44 37 54 69 -97 -5 -83 95 -24 91 73 78 29 85 82 49 -79 46 -46 79 -84 78 -43 72 82 -59 -48 -77 57 -34 -33 59 7 100 73 91 -65 -49 -86 -3 41 4 -59 80 -41 -70 -75 -44 5 3 75 -24 24 -43 -84 26 56 18 -44 -87 -32 -1 -43 -14 -21 62 -34 -100 5 82 44 -51 19 36 -77 -56 -70 91 56 36 59 13 -92 52 93 -85 -73 40 91 -97 -86 -46 -96 6 99 -94 -55 24 68 29 -14 -9 -35 19 -81 10 -79 -63 -22
-69 -40 -31 27 22 90 32 -20 -90 33 -5 -74 37 -55 66 -78 53 55 -97 -43 -45 -61 60 -78 -28 -81 6 58 -74 71 57 37 -45 -56 63 67 -8 99 36 -61 48 -48 73 13 -93 53 64 -92 50 62 -86 -28 10 -57 -31 -70 -15 -47 10 -33 56 64 55 63 -7 -91 -10 70 -27 47 12 12 34 -58 16 -60 9 -47 11 -38 16 -24 -24 76 -100 64 -50 75 -100 -97 9 -23 31 -4 3 36 -37 92 26 69 50 22 -91 -92 89 -62 92 84 1 71 -7 54 -3 -92 -69 -9 -18 -40 59 49 -100 -63 97 20 -81 43 -15 74 -59 22 41 -79 62 -47 -6 -56 83 53 90 9 6 -70 -98 58 30 -64 10 2 -22 25 -27 -83 69 43 -34 -71 16 -80 27 80 -32 -16 -39 -45 -26 25 -66 -97 40 53 -85 60 -88 12 32 -85 70 -20 -82 56 37 25 53 88 80 100 -59 -82 -77 -77 -60 55 95 -25 -52 -28 73 -54 95 -23 -88 -78 -90 78 59 -82 71 64 28 20 16 -37 -76 -30 50 -26 25 -15 17 54 63 21 -18 -97 -78 -21 2 91 -54 -79 -83 -5 -95 60 77 44 100 63 32 2 -66 -4 82 5 -95 -83 99 45 -65 99 32 -35 82 -57 17 66 -38 -39 30 -52 -96 4 96 88 -93 -48 16 48 68 -23 43 86 22 10 -88 -2 -10 98 99 58 83 -63 -46 69 19 -38 67 -51 -80 -17 -82 -37 -8 9 -32 -33 -71 -43 78 79 77 77 -19 55 30 -11 -73 -82 -40 40 -62 86 47 -77 -34 -2 96 63 86 -95 -14 -76 -21 -55 44 3 -27 63 -79 55 -14 89 -23 52 90 12 -63 -78 -28 12 31 41 62 -60 9 -76 -51 85 -52 -5 -34 -46 1 19 16 -41 -6 51 -77 0 68 -34 -35 -23 -85 9 3 -76 16 -17 -84 -61 -36 55 94 52 -47 59 72 7 61 -23 -94 10 -66 87 -65 75 21 -52 -75 1 96 -67 49 44 75 -69 -35 -85 27 -40 -28 64 81 -42 -2 -63 77 -9 89 -87 -25 -55 -15 85 63 33 -28 33 -67 -61 7 -51 97 81 51 58 -69 -35 -5 24 23 -32 77 77 80 -53 -82 -51 100 -2 -99 -24 -26 51 -31
-86 0 55 2 46 -26 -45 90 78 -39 -95 64 78 -83 -66 -20 50 74 -75 68 -38 67 -59 72 77 -49 -29 -26 3 -72 31 58 -46 -76 57 -58 -39 -80 -22 -76 28 81 59 62 2 -85 -94 16 -50 66 -59 49 55 1 -87 -48 -89 -89 -95 -5 8 -23 -3 -86 -26 60 -48 57 -94 -68 -74 82 -1 -76 -84 66 57 100 76 37 -40 89 -66 -53 -36 60 36 -8 -86 5 -76 80 -20 9 -98 -82 40 -87 -87 58 71 -25 51 -35 71 -28 51 9 49 -42 40 -38 2 -26 0 30 66 76 18 50 5 -86 -64 -36 20 49 41 7 -68 67 65 -14 72 34 -36 98 75 11 4 -99 -82 -23 65 99 30 -6 43 -15 64 -38 66 -36 -41 -99 -65 16 15 -42 6 70 -70 84 -96 46 68 22 -64 80 79 -30 -50 76 74 3 85 -82 -18 -58 35 28 -17 5 -62 -29 -45 -44 -75 -56 47 -29 19 67 -48 -70 83 23 66 -14 -30 56 -22 -76 -36 -52 -22 -48 73 -75 11 -86 -87 74 -18 79 19 -66 -43 -29 33 -97 78 20 28 -92 89 -61 -92 -27 38 47 -35 24 4 73 100 60 -25 22 64 -31 -50 -51 89 -16 5 -55 -2 62 6 9 -89 -85 62 -16 61 67 90 42 -97 25 -61 -2 -50 -88 -71 -63 92 68 -18 -10 -91 -40 -26 75 78 28 -14 -12 -36 89 83 -28 68 -7 14 12 7 65 -32 -43 -43 -86 -64 -6 -41 -89 -27 60 -23 -72 13 -31 52 -35 68 46 -41 12 -14 -69 60 -41 23 -58 -84 88 -22 -65 -91 -18 -48 -99 -19 -89 97 -41 34 -62 -9 67 -17 11 -69 68 -77 81 38 -93 -51 -17 -47 47 -52 -43 -70 12 -40 57 25 80 -35 -92 -98 12 98 -28 16 49 4 -41 56 -14 -82 10 -54 44 85 0 -1 -10 66 -46 78 -17 65 -49 -59 24 -73 24 -66 17 56 -11 -87 71 5 -25 55 -10 -18 -77 -11 32 94 -74 -50 -69 70 -64 17 76 70 -13 87 -10 -46 56 6 38 -43 -46 45 21 -21 -96 -32 -86 4 68 70 40 -27 71 -72 -18 33 60 53 -25 -11 -35 -52 -55 -61 95 17 -100 25 -19 81 -28 -69 34 -6 69 -93
27 -36 -71 70 -35 65 -92 10 24 -86 25 95 -25 6 -90 41 -50 2 58 -60 -60 -2 72 -6 -56 -13 18 6 -32 -44 -5 -23 -67 -58 43 74 6 86 82 -26 -11 82 23 19 89 -84 57 75 79 62 -59 -56 91 -62 -42 -95 86 99 5 62 -56 -3 92 51 -67 65 35 8 -67 -40 19 -5 -4 61 -5 39 -68 -67 -100 93 -36 -6 60 -80 -34 23 87 -93 86 -50 89 25 -81 5 -26 -2 58 39 -19 96 -50 -51 -74 -57 63 96 -52 -44 -47 -13 25 67 57 95 33 55 59 -73 33 -96 92 -32 49 -85 20 -33 -30 99 44 -15 2 5 -18 -85 55 -98 -31 -19 -31 62 32 58 53 -85 -88 0 98 -59 -1 26 -40 -37 -27 -66 4 -10 31 -99 -55 -46 67 13 15 -40 -24 56 -24 -29 -72 -76 -41 -64 -20 85 65 -73 2 76 53 -61 -13 -98 8 -23 19 73 13 -18 53 -54 68 68 41 18 4 -13 -41 20 -19 -50 -85 4 -23 -8 -45 59 -59 96 4 4 88 17 -73 -100 -1 15 -61 -74 90 1 32 40 35 -49 -26 33 -81 -92 -74 99 -91 70 76 -69 36 -49 -56 23 83 53 78 -19 95 67 -54 -48 -27 19 -89 -39 26 95 -53 -26 93 -64 22 -64 -62 -15 -23 87 29 99 -44 17 -21 55 -8 47 29 -85 -68 43 32 69 -71 -45 -9 -51 -12 -25 -75 -20 -77 75 65 2 -79 -45 62 31 56 74 55 7 -70 -66 -41 -41 -39 -47 -77 -33 22 90 88 -10 16 25 94 -19 -26 2 -28 19 -6 -56 -16 -94 58 -35 -19 94 -36 84 -39 63 -74 -48 -52 26 75 15 -59 -22 -66 97 27 12 67 3 85 35 -78 36 -17 66 -50 -86 47 53 32 19 92 66 -6 -93 -18 70 72 63 51 25 -36 1 73 13 39 44 -40 -75 32 -2 -8 14 -36 7 60 -26 26 41 -69 99 -16 -59 57 -74 85 36 -78 -2 -3 -33 -17 1 55 47 56 -54 -8 -4 37 -1 57 -85 -2 45 -94 12 -25 65 -84 -11 46 -100 -68 2 -94 -94 61 -91 97 66 -27 11 73 -38 55 14 -61 -11 98 -5 -21 -67 88 90 -13 5 82 70 -55 -83 -36 -52 -76
14 -44 -74 -30 -37 -79 92 -27 -60 -98 45 2 54 -63 -73 23 -10 35 100 92 -18 -66 -89 -36 -29 -36 -5 83 -7 -28 -48 -48 48 -37 16 63 64 -66 54 -4 -23 -97 -44 83 -88 -56 -69 84 98 6 -100 42 27 74 43 87 93 -1 42 -61 97 18 -94 -27 52 -93 97 55 4 47 25 73 83 60 -48 96 -83 -82 75 94 -44 -82 85 -92 -77 26 -40 -25 -43 -69 -50 -73 84 64 13 57 10 65 -69 39 -99 5 46 -78 -39 89 43 -38 6 -66 74 -51 71 -75 38 -92 -21 74 25 -58 19 -65 32 22 -84 3 90 24 90 -88 -6 -15 61 -91 -17 -85 -58 1 -62 -18 95 65 -78 84 54 -92 -25 -45 3 32 -19 -38 1 -5 43 70 -51 98 -61 -16 13 -9 -28 -38 17 7 12 68 4 -35 20 -6 74 -90 -76 19 61 100 42 34 36 -62 -76 97 41 36 -32 82 15 -66 -15 -51 22 22 30 16 -92 -95 -33 -73 77 -34 -73 31 -84 -42 -97 9 -36 -17 81 -61 34 -66 77 -96 14 -60 72 90 53 -68 39 -28 18 -69 -83 -39 51 46 38 28 77 23 26 -21 -15 15 -51 -67 -67 -13 74 89 -42 41 -44 -27 -66 -100 20 -39 96 85 39 91 24 57 70 71 -14 57 -44 -59 -42 67 50 92 73 -59 -12 -45 -25 -41 -89 -99 -33 -24 19 -57 97 -16 -81 -37 -10 35 45 -97 -48 64 35 1 86 74 -43 53 -42 73 -8 -12 -9 -80 58 -79 -19 23 -95 -84 23 70 0 51 -96 -45 52 -92 -49 92 -57 93 -44 28 -27 71 -54 -6 -82 97 -87 10 56 -36 74 38 56 5 26 52 -76 -31 19 94 -62 -76 17 -73 -45 -65 -75 81 -3 -28 -80 15 43 70 -21 57 -72 -80 28 -25 -21 -67 6 -65 -10 -31 31 25 -77 2 72 -22 -1 62 -100 99 -88 10 -34 70 85 -98 28 13 -87 3 48 -68 -8 73 -62 79 -11 -55 -70 -27 41 19 -31 22 20 -97 24 -94 -16 -35 65 75 -61 48 93 -39 -65 -40 -31 -87 -84 -6 98 -18 19 59 -59 -56 -77 98 -7 -7 -39 -55 87 -97 -59 -86 40 -66 89 -30 32 -97 -3 -47 60 82 55
-89 81 -73 -66 -90 24 5 -86 14 -19 8 21 -65 55 -93 57 -79 -48 -7 -49 -64 64 41 -24 55 -57 -98 24 -94 37 0 -14 99 -64 -79 -72 83 30 21 67 57 8 -96 98 16 92 10 -91 79 33 32 -23 -22 50 -76 -20 -26 77 19 4 50 -79 -23 31 3 97 82 82 -92 42 -69 89 44 -39 -48 -86 59 86 91 56 76 -66 -20 32 85 98 -27 79 59 39 35 32 -38 -29 40 -66 -63 -3 -94 -75 4 -29 5 96 -4 -39 4 68 -12 50 100 -18 -78 -89 38 -20 28 -30 -40 -94 -80 -41 -99 -38 71 92 -22 71 11 -11 20 -95 -94 -20 58 -54 -38 -46 13 44 -35 -30 3 66 18 69 -69 -94 -33 39 -47 90 -33 19 48 -73 47 -44 -98 -92 -82 2 -95 47 61 81 -56 99 -36 -59 44 19 -14 -49 -51 48 15 63 51 -45 15 77 -75 -62 56 -37 82 -58 14 96 -26 -63 77 48 -70 -45 -45 -36 -49 -56 3 50 50 -95 -29 27 38 34 -67 -66 24 -4 -43 21 -13 77 -21 14 8 -75 -70 -36 -26 -44 57 -26 42 -59 75 -48 -71 82 69 -80 23 79 43 -79 14 -17 1 -61 49 -86 -32 -49 -6 -16 -61 -87 -54 10 20 -63 -62 10 88 -60 -25 -92 86 93 97 19 -94 12 -94 88 -31 26 62 55 -80 -95 -68 -84 -41 -26 -63 96 -40 13 -34 -70 -50 -60 19 -88 -94 98 42 -3 8 40 72 61 69 56 41 -39 -78 -86 3 -65 51 -3 94 85 -95 66 -8 1 -11 23 -36 89 -68 50 10 -68 97 -65 -71 -100 59 -73 -26 30 72 -26 -48 -84 -26 43 -58 -13 -37 27 -31 7 78 -65 77 -87 64 -97 48 -93 -50 81 70 -37 -46 -17 71 65 -21 -2 -57 88 -30 -10 100 9 -48 -100 39 84 -79 72 -1 -1 -33 34 69 -48 -31 -56 31 5 40 9 -9 65 98 -31 72 -80 -18 -87 58 -79 -93 -94 -17 95 100 -9 10 -81 -22 44 -98 56 -2 -86 -24 61 -80 -97 30 -89 74 -81 97 -13 -39 71 -6 3 33 -56 -5 73 -33 -11 -13 -50 32 98 -80 70 -73 86 -48 73 -88 -39 -17 -1 1 -99 33 -3 35 5 100
27 10 -64 -11 -84 -52 -8 19 74 48 -2 65 71 36 49 -100 93 89 50 3 89 -17 -66 -88 26 -39 20 21 82 -91 -32 73 59 53 36 82 -19 23 -43 -49 50 -88 -75 -19 -25 -62 39 61 27 -29 -100 -55 55 -10 -81 69 -40 16 -100 94 19 32 14 14 45 -51 2 -27 -67 -16 -37 -96 94 14 61 35 -40 -33 20 1 -80 -12 90 68 -76 -52 -79 33 31 -25 -84 -32 -3 -21 -10 88 83 66 42 56 9 41 -87 -63 89 64 -24 -5 -40 86 -70 -36 96 -74 -87 -2 -20 -65 3 -68 18 62 32 -72 -18 4 83 93 -75 99 -67 -56 -11 39 -59 0 75 -59 41 -33 -36 -68 72 -63 -11 -98 30 57 -53 76 -43 -30 -70 38 49 -47 -88 -90 60 -36 -52 -86 95 -82 -95 -63 46 26 -49 44 56 80 -58 -10 -37 -90 -13 -52 -6 81 -28 -55 -84 -9 67 -84 29 60 -53 46 21 25 -31 24 -8 -34 -83 -62 -79 13 -69 -94 98 97 29 30 -92 -63 -36 -91 -38 68 -95 10 5 -71 -16 56 -7 23 -24 65 -56 100 96 76 98 20 -52 -14 -64 -85 92 98 -43 99 -3 27 32 -42 -18 28 88 74 76 -60 63 -9 65 -42 52 -92 79 40 -18 86 -49 -88 87 -8 -9 -94 71 -40 -88 -78 -21 -79 -45 -70 -57 -62 -9 56 -19 47 45 27 -10 -73 100 38 41 -69 -51 -69 9 96 -12 -51 -73 -38 70 -50 55 35 23 20 46 -12 -23 97 77 -10 -9 -5 62 47 62 84 -21 -14 34 46 96 -20 -69 49 61 -64 -5 64 -81 69 -89 79 -76 74 42 -26 -40 56 23 42 -57 11 -13 -22 -19 73 -83 77 88 -92 -13 -48 -40 -12 -93 22 72 -64 43 -85 4 -24 57 -96 1 -95 1 -95 -85 -9 -89 15 79 56 -67 63 10 -49 -62 0 -35 -6 -55 23 45 49 -12 -53 49 -22 2 39 69 52 69 23 94 -75 -34 -87 -37 -83 13 53 58 -51 42 -2 -68 -53 -47 -93 69 -66 55 98 -99 68 88 -4 1 -75 -30 -28 97 -27 62 3 48 -89 63 43 -6 -1 34 91 54 89 -41 -65 -10 31 -46 -86 -50 12 41 96 -82 -15 -56 8 51
4 80 -76 -27 9 -14 74 3 43 63 92 82 84 51 12 -41 -43 -97 -72 -19 88 -11 -83 34 -89 34 -11 -100 23 19 2 -7 -25 18 -86 -15 98 71 -34 -23 -63 -43 86 20 -24 50 -54 -49 -24 -53 -91 90 51 -16 -49 -29 36 90 -82 -2 48 52 1 98 92 22 58 71 42 -77 -73 -28 12 -93 70 8 6 -71 52 -51 98 -77 4 5 72 -62 91 59 90 -72 80 -28 -53 -63 91 -82 -74 20 -3 -93 89 -23 -84 20 -56 26 -13 -32 -87 -20 -9 -46 0 -64 -100 47 52 -34 -27 -78 73 81 30 59 21 -8 -16 66 -15 72 -11 73 -97 -27 48 35 -58 -13 16 -56 -86 51 65 70 29 22 -62 45 42 -10 2 36 -19 50 -49 -7 -95 -6 -3 -56 -98 -45 55 76 -28 61 31 40 -96 -4 15 54 -67 -80 17 -47 -86 42 -37 -46 -2 -53 -21 -99 97 -74 36 95 -21 -77 68 -91 -47 -76 67 -61 -30 3 -73 -33 -59 -76 68 -49 57 20 -70 63 -98 100 -26 90 21 -35 -94 41 99 -10 1 9 -97 53 -91 -93 61 -69 -66 99 70 -34 -7 -38 46 -14 70 56 6 -90 -38 -22 98 36 68 -92 -75 10 39 62 33 -2 -53 -71 28 32 -44 19 84 -64 -69 -56 80 25 -35 -17 -54 13 -89 -75 4 12 6 -81 54 80 -62 68 60 -19 32 -74 77 -97 70 52 26 46 34 22 -51 -35 -87 50 99 74 -3 46 13 -99 14 65 -21 -35 -82 -67 49 -35 87 9 -78 -6 14 -6 27 8 22 -26 25 48 100 17 -19 100 -33 -66 -14 97 31 -66 88 -34 -72 92 -45 75 50 86 55 -67 -50 -26 -22 -7 92 93 -6 61 -52 100 22 -60 -43 27 -96 -66 95 53 1 -33 -26 68 25 90 -75 34 -55 100 15 -17 -4 -40 -75 -77 -17 32 27 -72 68 82 3 -22 39 17 81 -49 25 67 -32 74 8 -5 86 -34 -23 -4 -94 -83 -20 43 29 60 96 99 60 37 -60 71 -1 52 -94 -52 33 -72 -92 -77 10 51 -81 17 9 -90 2 -77 26 83 -18 -1 78 -57 33 82 59 -69 49 53 -85 -34 38 -15 -26 95 -13 -95 -54 -86 -82 44 -76
-66 23 6 16 -89 21 -73 57 -80 -21 -95 -28 -56 -19 15 -86 17 55 -21 -73 48 34 71 -31 -35 -15 60 -66 18 47 47 -74 23 -58 -25 28 99 81 32 -81 11 62 -80 76 9 37 79 48 -50 62 88 -3 28 -89 -36 -65 98 33 15 -33 -31 -94 -72 -77 44 -75 25 59 -31 45 -57 -83 -34 -82 -49 -57 23 -25 35 -38 -13 -74 82 80 94 85 -16 71 -17 -20 41 42 57 45 -97 -28 32 63 32 -54 -20 66 -20 -22 -96 -67 -32 -75 -63 -75 40 18 -33 54 -90 56 63 98 -35 -49 -76 -82 -83 85 -63 70 -61 -83 -71 -20 46 -79 42 99 -83 -46 -85 -52 91 -3 47 88 -98 100 -63 59 -94 -91 85 -84 91 25 79 -2 63 95 -30 -43 -6 11 32 30 -27 -8 97 -25 -96 -10 -89 -1 -19 96 17 -66 -59 -66 41 -15 -53 66 -10 88 -100 -21 79 60 92 -74 -84 16 16 67 -38 -78 56 -85 14 45 -85 -38 95 6 -17 24 -64 -55 -81 -33 96 19 27 -20 -83 -30 -60 84 -12 19 70 -41 3 77 51 -56 43 27 -85 91 -47 -50 77 -45 -78 -50 -10 44 -54 80 19 96 24 -47 75 -68 59 66 70 23 -73 22 23 -66 38 -58 -76 -4 55 90 48 -52 -17 18 -10 -49 50 -81 19 92 -69 -30 34 -69 35 69 90 12 -21 -62 -22 7 -53 -20 -33 31 47 80 -63 -27 72 -66 -69 -42 69 -78 -7 66 -51 52 -57 60 36 -8 -58 -45 4 58 -5 -8 -30 79 -64 -56 51 61 -6 33 46 -24 -46 90 -20 98 70 16 -40 37 35 -16 92 66 60 17 -97 -38 -17 17 75 20 73 20 -39 58 98 -8 6 38 -43 63 -10 -83 -84 41 -96 59 41 60 -19 40 -65 -97 52 15 -65 -80 -45 -41 48 -14 22 9 17 -52 -94 9 -46 88 8 -89 -7 13 90 14 -66 23 -50 15 35 -68 -15 -12 31 62 -32 -55 -17 -65 77 -35 -14 -90 -30 -27 -10 -96 74 -19 -34 -6 -35 96 15 88 -33 -29 35 13 -54 99 41 21 42 43 -51 -100 -6 -54 -87 16 -4 21 52 -43 -5 84 -98 38 -30 -4 -62 -27 88 85 28 34 65 -13 33
-75 -16 -76 -69 -25 39 -89 -54 86 76 -67 -99 -36 -8 -2 -89 10 54 -77 80 -73 -35 -19 -53 -44 -13 -31 20 94 -32 -28 -16 16 63 -46 67 92 49 -84 -42 21 69 -62 -7 -78 86 -51 55 -45 83 17 -90 95 40 89 -11 -47 -33 -7 -34 -55 -16 45 58 98 -80 55 70 79 -19 -10 -62 -96 44 -39 8 5 22 28 38 -60 78 -24 -27 48 -42 -87 18 -27 41 -57 35 90 3 55 -22 -43 -36 49 37 -43 19 13 -38 47 -38 -62 64 9 -86 55 -86 -30 52 -24 -98 69 -22 1 -57 19 -2 35 -20 -76 -84 -58 1 -50 29 -63 62 -89 -46 26 4 -18 -80 -24 35 -19 -22 3 -43 -65 14 -36 -74 77 -5 68 39 55 12 -69 19 -68 8 64 60 28 34 -64 11 96 -76 -39 62 55 -83 97 -16 -91 88 54 -94 92 -100 -80 87 17 -5 24 14 -76 71 33 -59 -66 -57 -82 80 -85 -48 34 28 77 -84 -5 15 -13 64 -97 -11 19 60 -12 100 -48 37 13 -65 -68 64 -44 57 26 51 66 -14 -47 88 84 27 48 62 -71 -54 -74 24 63 29 72 38 -72 29 -2 53 61 -87 -7 -92 25 73 -8 -27 0 13 -56 -18 -95 -93 -91 -100 2 55 81 -3 -32 -77 -85 51 95 -20 -36 -30 -50 85 -51 0 36 -41 62 49 -94 15 -28 -38 -19 -86 -67 23 -84 -94 64 -69 -83 90 -45 35 -59 67 -98 61 -1 -81 -20 -16 96 66 -89 -20 70 58 20 -96 17 97 -45 -87 -85 62 42 -52 94 11 -2 27 52 -64 89 -43 -53 44 100 2 -23 10 -72 14 -63 56 -85 59 -74 45 -14 2 92 51 78 -18 2 -1 -95 78 2 -37 -29 19 82 -14 -62 -67 17 1 22 29 -47 -7 -13 -53 -45 -80 3 -78 -57 40 31 -16 71 53 -51 39 14 -42 27 74 11 -15 -86 90 -96 -67 -21 89 15 -5 94 -9 -54 -36 79 -23 15 -65 -74 24 3 -17 -88 -62 -84 -9 44 17 18 0 -80 90 -19 -58 15 -28 55 26 83 -6 1 -14 15 -20 79 25 -77 -58 -8 13 -69 31 66 70 6 -39 77 53 -100 50 -37 -67 78 -76 19 32 34 -35 16
91 -28 22 -65 38 -48 -6 7 -39 77 -2 59 33 75 87 91 100 7 -32 32 42 55 7 -6 41 96 -85 -40 -53 33 81 -47 -76 21 -4 -87 16 -28 39 58 -84 -7 -78 -95 15 -51 -12 -78 75 94 7 52 87 -100 -89 -20 -38 -4 22 -13 30 -78 -49 -65 -54 -17 5 -84 88 -7 -65 -77 51 69 15 86 37 -91 90 -51 -2 -36 -58 19 10 -62 71 16 88 49 -26 -11 59 -15 70 54 -84 -18 87 -86 -71 43 43 2 -91 76 42 86 64 49 22 -37 83 -90 3 -94 52 -43 -72 82 27 -95 7 49 -76 94 82 -68 -30 83 -98 52 98 7 -22 -74 -25 64 -93 57 -13 24 -15 -60 -10 86 87 73 51 -95 24 10 41 68 16 -95 38 -91 -9 -55 78 16 46 37 81 1 91 -89 -80 -32 -58 -81 -31 23 -96 -51 15 -100 30 -87 -75 -50 63 87 17 -100 97 -41 79 -5 49 64 47 -83 -69 100 -13 20 -33 19 3 -13 -71 21 4 -81 -29 24 -62 -13 -72 24 82 -58 14 -4 -22 53 100 34 -29 64 18 74 -89 62 90 95 -33 37 41 3 -61 -97 -82 46 -15 2 99 58 -45 -98 21 -38 -60 93 49 52 64 67 45 -45 -84 8 -71 -99 -80 67 11 88 -65 62 -62 -90 93 -22 -24 51 39 -93 55 -23 -21 82 -12 29 55 41 -61 82 -26 -28 75 17 72 -100 91 68 42 36 -94 87 70 78 80 -14 -55 27 -64 -95 60 -95 85 -35 44 77 -37 -81 34 66 74 -31 -5 27 51 36 28 65 -79 20 -86 88 -80 -52 47 100 -47 -17 88 74 -60 -42 69 -80 -89 -81 -33 -23 25 30 99 80 27 -12 15 -89 -57 9 34 48 99 46 -70 -92 7 72 -28 -25 -87 -58 -16 21 39 51 -49 -72 -28 50 85 -24 83 -27 -8 -49 -74 27 -82 39 82 51 -69 28 -66 -80 -41 67 68 66 59 41 50 -54 -24 -30 61 97 44 -76 79 -91 -15 26 7 31 -51 30 -36 -25 66 96 -42 18 -25 0 -74 21 27 88 -99 -92 -44 60 -75 55 -20 -24 70 -93 86 57 -34 -45 29 -88 -45 67 -23 -1 100 45 -65 6 15 -7 -38 55 34
-22 -50 19 -81 43 -52 53 -38 -14 -38 50 90 68 -44 98 63 -72 33 24 -9 28 77 16 72 -37 82 -87 8 -72 -24 53 0 26 -63 -18 -64 -20 -9 73 18 24 -69 68 64 -18 94 -39 17 96 -26 -49 -84 -21 53 -67 -29 81 69 86 -84 -8 37 15 -93 -75 -51 81 -83 -92 85 84 83 -19 27 17 83 -94 -44 49 -49 91 68 -77 27 58 -31 -44 29 -81 73 34 -76 -70 -30 -82 15 2 25 -5 -73 -91 -28 90 63 57 13 -88 -99 72 45 -68 -80 -72 -41 21 -95 -65 -58 -76 -39 -55 8 54 71 -54 -46 4 29 95 7 32 -62 -58 91 -83 22 45 32 -83 -72 41 48 54 -48 -38 -94 85 63 87 100 -68 37 47 93 29 72 -58 -29 95 -70 -65 -65 -9 -54 76 52 -81 62 -88 -51 -95 38 39 -68 95 -89 70 -21 -34 -76 -47 89 19 46 5 62 -48 16 43 38 45 -4 -19 -2 22 14 37 -56 33 -40 39 21 -53 21 -34 48 84 -63 -47 -17 86 -35 -34 -73 36 57 -74 58 72 20 -49 -82 -32 23 8 -90 -19 11 28 -15 6 -44 36 -35 -43 -30 -24 78 77 -46 -99 22 82 -9 -22 92 62 33 55 7 85 10 -3 -21 -9 -14 65 85 -64 88 -1 26 -7 2 -3 -6 -32 -23 28 -6 -80 24 56 -98 -10 48 -22 -23 6 -98 62 77 -54 39 51 72 -82 60 56 -70 94 -29 58 -67 -14 -95 66 88 -24 11 65 10 16 22 99 -96 -34 96 -14 43 23 27 32 -3 -39 -38 -80 72 -9 37 40 -18 -62 23 13 15 -50 -13 -46 -29 -15 13 19 63 21 26 -7 -30 -36 63 -74 -65 -93 84 26 12 67 26 -61 -28 41 -8 6 -42 -42 23 59 -7 31 75 -14 -22 -63 65 48 -23 -96 -79 3 82 100 72 76 -51 -63 37 -55 -18 -81 -81 83 64 -20 26 32 33 61 -89 84 50 -96 77 -90 14 -46 -71 50 68 14 72 97 39 -70 6 -70 97 -76 3 90 -4 11 37 -10 43 -35 62 18 -3 88 93 -26 97 34 -70 -84 -13 23 43 75 -88 30 -63 94 52 49 -19 -50 19 -80 -78 38 -68 13 7 65 23 71
-35 72 83 75 53 -76 -94 19 80 -42 37 -81 53 -98 11 72 -35 80 -18 -43 64 -12 -15 -21 87 -90 -8 94 95 16 55 -41 88 22 -99 28 -67 -14 59 -6 79 -39 62 -45 -88 -66 -75 -91 80 78 -61 55 -11 -40 -100 27 94 0 -57 83 -7 65 8 -33 68 -77 94 9 -43 -22 77 98 -36 -65 17 44 -64 -90 32 -39 35 -38 -32 -27 77 -34 75 81 -100 89 47 -54 12 6 87 93 -99 17 -37 -61 -60 56 44 73 40 89 -82 74 -50 41 -70 88 -24 -60 72 21 39 -21 -49 90 28 -20 -69 62 25 -92 -22 31 -85 56 36 -75 26 -93 -55 10 -76 76 29 -74 57 14 -97 -16 -46 20 61 67 38 94 81 85 100 -51 2 -5 58 -14 14 -65 40 -77 5 70 22 -41 78 -24 78 -22 -48 24 10 -56 31 75 -68 -55 -81 -78 97 -27 46 -33 -19 -37 -100 -51 13 29 -7 52 -82 39 -12 -53 42 -29 -77 -28 67 17 -80 4 81 94 76 -72 26 38 -70 60 -19 -3 42 -40 -22 -23 42 -5 10 -13 -94 25 -57 -69 -6 -53 -53 34 30 -84 61 -40 -79 -22 -51 68 -16 -99 12 51 31 66 79 0 -29 35 -83 36 -56 -3 -44 -74 75 -3 -13 -7 22 29 82 -11 -60 -78 99 42 -30 -85 33 58 -60 89 -80 -39 -61 -25 -48 -35 -47 75 -80 3 -5 40 44 82 -3 93 -77 98 -71 -1 -49 36 24 -12 22 -32 20 -39 -71 -47 -48 -45 -85 100 98 48 -79 57 -73 19 -95 48 -77 -14 -51 94 21 -81 -4 15 -54 22 -50 14 89 64 74 -41 19 37 20 25 31 -40 46 -70 96 51 -8 85 10 2 -31 59 32 -62 58 -33 -18 99 -47 -90 64 3 46 -40 55 -35 4 -76 -17 -15 -75 17 6 46 76 84 -12 -26 -44 16 55 -92 -82 94 53 -68 -22 60 -67 -4 20 14 -84 13 -48 62 61 69 2 -48 38 41 -20 51 5 63 66 -73 0 -96 -63 -44 29 1 31 49 -77 34 1 -54 -93 -35 -32 21 67 41 -84 -5 -6 -54 67 50 28 5 -98 -43 75 -86 -17 -79 87 52 65 95 68 25 43 26 -46 66 -52 -43 32
70 82 60 -9 63 -57 78 67 -96 18 47 -45 6 -38 -34 -46 -50 -68 -9 85 86 -54 42 26 -19 -60 41 -53 -12 -85 36 -42 50 37 -29 59 25 -61 44 -13 72 -89 -67 -42 -66 74 -5 5 97 -17 97 -3 62 -98 -88 54 77 37 52 24 97 -31 86 37 -25 -38 33 31 38 -9 74 -91 -42 31 -84 71 -28 -48 -28 81 63 93 20 92 -80 11 71 87 77 7 -89 49 -71 -42 -10 -27 -87 9 40 83 -58 43 -29 78 99 -49 92 81 -3 -53 -55 -11 -15 -75 92 -79 -56 -44 60 65 -90 -41 -38 24 33 94 -50 62 95 56 -38 39 -40 53 76 -48 -96 -39 72 75 16 91 -9 -93 73 -3 -91 -33 -57 -28 5 -30 87 60 9 44 -18 -87 -42 23 97 -47 -15 -3 -48 -38 -21 92 -82 57 35 74 11 46 23 39 90 85 -33 98 81 -65 -81 24 -57 -3 -38 -24 -62 -40 -32 95 -76 8 4 -21 89 -71 98 -33 -30 -17 -91 1 40 -31 -90 -46 79 -63 -55 10 83 -10 -27 35 -8 -62 4 -50 56 74 23 -18 84 -13 65 45 89 -84 -22 -8 2 -86 1 -95 -63 63 -87 68 -24 38 86 -32 2 27 -17 12 38 45 -79 -97 -83 -56 86 49 -56 88 -96 16 44 51 10 -70 76 51 71 -16 -36 9 17 19 55 12 -57 20 -18 97 39 4 56 -35 -23 2 -93 -51 -45 35 44 -55 46 -92 -28 42 98 -42 14 79 -12 93 -37 45 30 -20 10 85 -9 75 -32 -18 87 -29 15 98 57 -9 1 -50 64 96 75 76 99 56 -60 71 -16 63 -55 -96 92 -70 66 82 28 15 -58 -2 23 -33 53 -35 11 -61 -8 78 -42 89 -4 34 83 74 -68 -34 -94 -87 27 -61 -76 74 71 -35 82 15 61 33 21 -92 79 -31 62 -47 -97 44 -74 -90 17 -93 10 -100 -6 63 96 -82 -89 -3 83 45 -3 71 41 84 52 -26 -25 12 -87 -51 -95 -7 34 97 -36 -59 -12 73 86 -7 71 -27 99 -48 35 54 10 46 -17 -91 -61 -27 40 -1 14 70 63 57 56 -22 67 -73 -1 48 -20 -77 44 -57 -13 -60 -74 6 73 -95 -54 20 -57 43 -50
-19 22 89 -1 18 -7 73 -10 10 76 -25 1 58 54 -82 14 -16 -52 86 65 -24 20 67 44 100 -84 -29 -23 -88 35 -19 -36 -96 -43 -12 -37 49 80 -93 70 24 29 -25 80 -54 -54 -53 88 -27 97 22 28 9 65 -80 -2 4 -45 92 36 65 -63 -97 78 -40 83 66 -24 -26 96 -86 -8 51 66 -88 25 40 -36 -58 0 -67 47 41 92 -39 35 -71 -29 52 -100 -96 16 11 -81 41 -41 26 -39 83 -5 -51 -3 41 -72 -14 50 -6 47 89 2 40 98 -48 -95 15 73 90 36 -8 87 52 9 -18 -7 -46 23 21 60 -45 6 -89 88 46 33 -55 -22 -76 25 29 93 -9 -16 -4 28 68 -3 5 -54 -69 41 34 -77 -10 -56 -45 6 -75 39 -95 79 -75 -14 -15 85 53 0 -71 -43 93 -39 -84 46 -12 -72 -6 69 4 -73 100 -22 -17 -58 -2 28 -49 5 68 -6 -49 4 -69 42 -62 7 -72 23 -95 -100 49 9 59 69 -33 38 67 30 -5 93 -91 13 10 7 -87 2 11 95 62 -7 11 69 -93 -46 -56 -51 19 -31 84 -3 69 -53 -55 -28 30 -10 40 100 -14 -94 -65 -51 -52 -56 82 37 -41 60 -73 -95 -55 71 -86 -54 -14 68 70 -54 77 -74 -72 91 41 -19 39 -44 36 -60 -92 -75 -68 64 -75 50 85 34 46 6 36 67 29 68 -5 11 87 27 -88 -77 -32 31 -14 -58 -87 49 -100 84 -100 -88 84 67 -3 21 -65 -32 -100 47 2 74 72 -18 -65 -91 69 -12 -75 65 -15 32 56 -80 94 0 -5 -33 45 -34 96 73 17 10 99 -28 14 -64 44 19 13 37 -21 55 95 80 81 76 74 51 -75 -29 -33 -32 85 82 -81 -29 -75 0 -3 -56 -4 -89 -55 42 16 -82 -2 27 -31 81 -66 -6 -84 -26 -48 13 94 39 58 84 -10 69 63 -92 -72 -60 9 18 74 -11 -38 -11 -93 -40 -50 76 44 -85 -38 0 42 -43 -14 -68 -46 -52 17 97 91 93 -9 42 -75 36 99 -38 -26 80 26 17 52 98 -58 16 33 100 95 -1 -54 -97 -56 59 -75 -41 -72 63 -23 5 -42 -90 24 56 -16 50 -8 11 -56 83 -60 57 78
14 79 57 -85 -39 -44 40 20 -94 89 -12 18 -43 -64 57 -56 15 -2 -62 45 -40 -98 -47 -4 4 -2 -54 -6 24 -18 -43 77 -69 -60 4 68 -58 -12 77 -50 12 -18 6 27 31 -37 0 -83 40 58 21 6 29 57 70 -41 87 -1 38 -18 25 25 53 -39 -70 -20 -81 76 -39 -78 75 50 -33 53 -15 14 -28 -22 6 -17 -66 34 61 -34 -43 29 41 -42 -65 47 -78 -11 33 -48 49 -57 -62 37 72 100 -40 98 26 -92 -45 100 93 49 72 91 10 56 96 -91 -73 47 98 -60 75 1 -97 -43 23 -91 86 -88 72 32 -70 -34 -3 67 87 79 -18 75 74 -1 -36 98 31 26 -65 -56 76 -54 34 52 -41 -17 79 55 -22 48 -60 30 26 -95 22 35 -49 2 -94 -21 73 89 -37 35 49 27 -26 90 -18 41 -37 -75 83 64 -86 -42 -42 -15 36 18 -11 -54 100 -63 -62 76 70 79 71 -56 35 41 -22 47 30 -11 67 37 80 72 -61 -95 -1 89 22 6 75 -19 56 -73 46 -8 46 43 90 48 -16 -19 22 -52 -67 -45 22 36 9 -11 -9 80 -25 49 87 -14 -23 -55 -84 51 45 2 -56 96 -67 56 -23 -36 38 -5 28 -32 -76 60 -77 -37 -87 -6 81 -76 67 -70 -11 -25 -65 -38 22 60 -25 81 -74 -68 54 -36 -42 -11 91 12 -73 -99 28 69 -13 12 38 -53 96 -80 37 -87 -56 -35 99 23 49 25 -19 -93 33 -27 -12 -100 -68 84 8 -71 -87 96 -35 98 30 92 15 5 -62 -1 -3 2 94 2 86 29 -47 1 49 -37 40 -14 18 6 -71 -47 -92 -32 30 -33 -35 -43 -81 81 -73 -52 37 13 -32 -85 -6 23 -50 -99 -75 13 -90 -3 12 42 -5 -30 -77 -40 -81 71 6 -87 -77 12 39 8 -86 -59 10 79 72 -37 -92 40 30 -45 58 8 -64 -12 24 -7 46 -63 66 77 73 73 62 -87 -19 49 30 35 30 30 -96 95 68 16 -43 58 15 -58 30 80 54 98 -80 17 -58 -30 94 -51 3 -86 59 97 -94 16 -9 39 44 20 16 96 -89 86 -48 41 -96 -75 50 -51 -17 90 -6 68 67 63 -32 87 35 61 41
53 98 -35 -6 -1 -64 -54 -41 66 -42 63 18 93 81 -89 -4 -19 41 56 24 -42 -91 58 -22 44 86 -73 73 -47 71 -45 -90 13 85 59 47 -7 -55 27 -80 42 31 24 -80 -54 -50 92 -38 -22 -99 41 -80 74 -31 -88 -74 32 35 -71 -49 -89 27 87 -64 -62 -98 2 -2 -84 23 -64 -30 91 43 -41 -15 -1 43 50 100 -97 70 77 -15 -43 4 -62 78 -4 -45 87 23 -56 7 -98 17 -51 -11 71 -33 96 -18 -12 -3 -16 -66 24 10 42 53 -15 -39 -31 89 -92 83 -77 -38 -40 -26 32 38 28 -18 -13 -54 -97 -82 34 5 25 -60 -5 -68 49 -41 -36 -96 37 40 -87 83 61 51 -2 76 15 -40 -43 79 74 66 -61 -75 -86 54 -53 -48 73 -36 47 -44 10 33 37 21 99 68 -39 31 28 -23 94 -24 -12 -35 87 19 -32 86 27 3 69 35 -9 -29 82 100 -68 -35 -47 48 88 13 -19 -45 40 -60 -76 -66 1 -34 40 21 -3 17 -31 97 -68 -75 -72 -19 2 -51 13 -75 12 -20 87 95 -41 -78 13 56 -47 -26 61 -36 57 26 -24 54 61 16 68 58 -4 -21 -98 94 17 -94 -92 31 36 13 -12 76 38 95 -8 17 96 -49 71 59 -27 87 -89 4 15 -81 23 37 -79 22 -16 28 -53 -28 -43 -12 -43 -46 20 37 -96 -69 42 -60 65 -17 39 -18 88 96 48 -84 15 49 77 -3 -50 41 -38 -74 -39 -21 -100 61 -22 -85 68 91 -88 4 -25 38 60 55 -36 3 88 -31 14 -15 -2 47 -88 71 -85 27 -42 -23 56 -7 90 62 49 -1 -7 65 -83 35 21 -73 -2 90 81 -69 -50 -73 88 -45 -100 8 23 -51 -19 -88 92 34 49 85 -85 -58 -93 -37 49 -15 85 -18 71 -32 -31 -10 -52 -58 59 60 -11 96 -85 1 92 -21 70 -60 21 15 66 50 71 4 -86 -77 -24 47 -82 34 64 -10 -52 49 -17 66 -81 51 -23 8 -40 -23 94 -82 63 -93 77 57 -41 72 88 -49 17 -6 -38 98 -40 -8 -57 -42 91 -47 -48 -32 -10 74 47 1 22 28 79 -75 49 -4 12 55 23 96 9 -63 -13 76 84 72 71 -83 -41
86 33 34 73 -39 31 61 -67 -45 31 49 86 -47 -84 -37 97 80 96 56 -52 39 16 -87 -23 97 -82 -10 -41 -90 75 -91 69 9 -74 -1 -15 -51 -22 -66 15 68 64 -100 -34 -10 92 -73 -18 -30 -43 39 -2 77 -80 63 -37 -57 -1 81 13 84 -86 -7 3 -10 -80 -39 -65 -40 8 15 73 -72 92 -21 84 19 -29 69 -83 -32 -37 18 34 68 -54 -42 -60 -96 72 18 66 89 -15 69 -52 95 -45 46 64 -26 -37 89 73 -33 78 -17 58 31 -72 -99 85 94 7 -28 80 100 84 69 68 62 -84 -28 -93 -39 -26 79 64 -44 40 -82 58 78 -39 13 87 25 -63 -91 -79 84 -3 81 -69 -74 -5 85 50 -46 -16 -44 -30 -26 -96 -30 -3 95 59 57 74 -59 -66 -28 78 3 22 -84 -34 42 5 -24 -19 99 -63 -90 -74 16 -15 70 -92 28 -21 25 15 98 78 -63 -10 9 97 80 55 -82 -71 -22 83 -44 51 63 -80 -87 27 -45 40 -92 37 4 -19 -57 59 0 -92 56 14 87 4 47 59 -85 -83 20 -26 -58 -25 -78 6 -13 -18 -43 48 -41 21 -14 23 -43 -78 -73 14 -72 22 -73 -90 -86 -26 13 71 -92 -100 -37 -52 -32 80 67 -16 85 -31 -93 -69 -44 60 40 73 34 -43 38 62 -92 4 -48 -82 29 -37 -39 -33 -36 -64 -46 -77 15 89 99 -84 -69 10 -27 -71 -91 -67 -63 10 -96 56 -56 -8 65 -27 -29 -66 -4 34 6 38 13 -56 77 -77 6 -88 90 7 53 -2 -24 37 11 -41 72 16 56 19 -18 3 -75 24 -25 70 17 -27 -94 -45 -62 -90 -6 -31 47 45 41 -70 63 -57 14 -38 -12 -24 38 -93 -77 -27 30 19 -77 -69 -41 -36 31 -41 -32 26 5 58 12 31 -78 14 94 55 5 70 4 -12 -4 81 34 11 82 87 16 -93 -9 4 69 63 70 -18 39 42 12 38 66 -52 -5 -17 7 66 -27 49 -65 3 -48 13 -82 88 -88 -81 64 -13 52 -73 59 -54 62 -1 64 -27 83 -45 -62 8 7 -89 5 13 49 -84 -61 -72 24 14 -44 82 -80 -24 58 11 24 -26 -88 -77 39 -36 -40 -66 77 52 -50 61 -47
25 8 50 17 89 1 -76 -90 -38 -38 -65 33 74 -77 -94 68 50 96 47 73 -56 76 51 21 -50 -82 -41 73 10 38 -14 15 63 -42 42 60 -63 92 63 -96 76 20 59 60 52 -84 -52 62 -61 -55 -9 1 40 99 -36 7 25 -10 8 78 -32 -11 -42 1 10 -83 4 7 56 -95 -22 -1 78 -89 96 26 -39 84 97 81 36 65 -29 -96 -29 31 -18 -20 51 -69 80 5 48 78 -84 22 76 -26 11 -4 -20 35 14 -80 39 -77 -46 -70 47 -49 -61 81 10 87 89 24 -56 6 -51 -26 -28 88 -76 -52 -60 81 -64 -5 47 8 32 -77 45 -90 7 70 -28 -36 67 9 -29 75 8 99 -23 83 96 -65 8 72 22 25 -93 70 -53 64 -59 6 -2 -59 -16 -71 -27 -77 -33 26 -62 41 -34 -19 -65 -40 57 -30 -69 -68 5 67 87 -93 39 -54 -94 -1 56 -50 23 59 3 -20 -60 -59 -34 -59 57 88 20 37 -31 -20 -64 -12 -67 -26 17 -19 -6 41 36 53 -86 -3 -99 23 -58 -47 -11 -37 -45 38 8 18 -37 -61 49 -25 1 60 -84 10 -52 9 20 78 3 5 32 -50 47 80 59 86 47 -18 -91 60 37 -1 -73 -35 -64 2 79 -97 -67 -18 -25 -42 -98 75 52 34 73 -36 -61 -51 72 55 -67 37 34 -78 59 46 -13 -33 -95 89 -93 69 36 -89 -42 -88 51 91 -100 77 34 79 54 100 77 90 13 42 -23 -6 -14 -27 19 89 43 68 87 -55 -46 76 48 46 91 46 25 65 54 -59 59 84 52 80 5 99 -13 53 72 -76 -79 -42 23 63 -77 36 -84 37 32 -8 -74 31 5 13 -51 -5 30 -73 -54 21 88 3 5 32 -6 -28 27 4 -88 45 17 75 -30 31 97 99 -77 34 -10 85 59 43 58 72 100 73 -10 -60 -57 -7 8 53 61 -35 77 -16 33 2 -43 -79 94 61 100 -6 -36 53 67 -37 49 42 84 97 77 64 -71 79 79 -48 -61 -99 87 -73 68 8 -64 -63 -46 75 -16 -21 -64 93 -38 -52 86 -56 64 37 57 -34 -5 -56 76 16 47 -32 64 -87 16 93 21 -60 51 -23 -43 -84 18 16 -48 56 27
99 -20 -85 -22 -81 0 52 -14 -95 -2 23 -70 -40 -31 74 -90 34 14 -81 72 -78 49 75 -46 79 99 10 -25 75 -14 86 -9 4 -64 -65 88 -85 58 99 -64 -55 -95 70 -49 43 78 73 53 61 -53 -42 55 -95 -9 1 16 28 31 -58 57 -45 -17 -59 13 56 33 36 41 2 62 74 12 3 -60 36 94 -13 57 72 44 90 -53 33 -44 -91 -27 6 45 -89 -52 6 -22 68 78 -47 -41 -39 62 25 44 -85 20 -16 -98 -60 23 28 6 59 15 -21 54 0 -28 51 -24 47 85 -39 -57 -4 24 -19 -45 -50 -28 -85 -27 -84 7 59 2 -15 73 0 51 70 25 -53 88 80 -81 -78 84 -40 -85 -78 -60 -46 83 98 -11 -37 66 -53 95 -3 -29 83 53 89 85 -9 39 -86 29 20 42 49 76 66 76 4 -34 88 37 -75 -80 -13 91 19 91 5 0 -86 28 1 31 22 -22 26 -44 39 -54 -33 -2 -92 -9 -2 69 65 74 69 -78 5 63 98 -77 -91 43 -53 71 -95 81 -96 89 -34 -90 59 -28 99 -37 -58 53 86 77 89 69 -16 -8 -8 86 48 -32 38 21 -94 66 -29 -34 13 15 -6 32 43 -10 82 9 -35 94 -61 -34 29 -41 14 40 -41 -42 90 -44 1 -73 89 -30 -6 -60 53 90 -67 67 -89 -85 13 85 58 40 9 -87 75 -18 60 -99 -16 90 -81 -95 30 -8 -50 4 40 15 -16 46 -39 -37 76 -86 18 -73 70 -59 72 82 96 -31 0 -38 -26 -99 -54 10 59 -69 74 26 64 22 79 -35 -75 -68 -54 0 -53 83 -65 -22 67 66 24 29 -16 41 89 23 12 -38 -99 84 -51 -89 93 93 -89 80 76 27 15 94 -95 31 75 95 27 5 69 -76 14 -49 -67 -64 10 73 9 86 -3 -76 -68 -35 -66 89 0 -65 -6 -38 94 64 79 50 -63 9 -34 90 -82 -19 -97 5 -50 -90 81 -1 1 13 59 -32 49 -35 -92 -25 76 96 -73 86 27 -48 85 37 -68 11 -35 -74 -1 96 -86 -82 -27 4 82 13 6 96 -71 21 18 -28 -20 39 -31 -95 85 76 21 54 83 -97 97 -31 -56 95 32 -89 54 9 89 64 -21
36 -35 -51 -38 43 99 31 3 60 -65 -89 44 25 100 -17 93 -13 56 -98 54 -8 58 -87 -35 -68 -25 -4 88 -32 90 -30 -73 -12 -77 -20 71 39 1 3 -65 -78 -64 -7 -10 86 -3 -26 51 75 -86 -78 62 -3 44 -29 -40 -6 99 73 -17 -4 71 -84 64 -42 -27 98 6 -8 87 -63 -83 40 7 -24 95 12 -68 41 50 -25 49 25 18 -68 -44 -40 67 -48 -55 -48 17 4 69 59 -32 28 -37 -23 13 -17 -32 10 75 -5 -75 13 64 -29 80 -87 -93 75 -50 -22 67 43 -35 37 26 7 91 -85 18 -13 57 -39 -66 60 -96 -49 -26 7 -87 -21 -57 59 -60 -85 64 31 92 -45 -94 -65 34 15 61 19 12 -30 -77 -2 -24 -40 25 -56 -17 -52 57 -84 -65 62 -13 -88 24 -38 -47 -79 34 58 -53 -14 61 -86 -54 72 44 56 98 -85 -45 24 92 -71 27 52 10 -5 97 95 2 -56 41 -9 58 -15 1 88 -48 -51 11 -26 83 45 4 -77 31 -87 33 -82 86 -97 10 24 78 2 -79 100 -22 6 99 55 31 27 39 36 87 -66 -53 -30 74 60 98 -28 -58 -95 87 43 92 49 19 91 93 8 -19 72 22 81 -61 -1 19 -93 30 85 7 79 -84 -85 98 73 -99 -3 -87 -74 37 88 57 -17 -13 -81 72 83 43 93 -56 49 -70 -33 -10 37 -73 -28 -90 2 -38 -37 9 81 -99 16 23 -58 37 83 77 -12 -74 62 53 -48 71 -52 9 11 -78 -85 -42 -62 65 40 -43 -9 -5 35 -14 18 81 -91 -65 16 1 -66 66 91 -53 -81 95 17 57 94 97 -91 -2 -77 -92 97 -72 86 -49 51 97 -3 -69 43 -92 74 -14 -66 8 -8 -30 -51 82 67 -7 -43 84 -51 -56 -15 -50 80 33 -13 -29 93 -21 54 94 90 1 -7 92 63 -92 2 87 -14 -85 87 97 34 -75 66 -45 -89 -3 56 61 -45 -20 39 48 -37 -78 6 -37 6 -64 -1 79 -58 -71 17 -84 -22 54 -15 1 2 40 -16 -66 35 -69 93 37 -52 96 58 83 99 -79 -53 -65 -77 34 5 32 -50 7 -34 34 -31 34 53 -29 97 -86 8 -12 77 -5 18 34 -44
-51 23 59 -1 54 89 47 76 -94 77 -75 27 44 -22 12 -21 34 -50 -9 98 -15 34 -84 57 28 30 20 0 -15 31 49 -75 51 99 -48 46 17 -87 -23 -12 -96 87 85 -57 89 18 26 -74 55 -95 90 -46 -67 -77 -5 -69 3 47 43 -81 -26 57 -81 -3 98 92 70 -61 58 -1 85 9 -74 80 -25 -50 -34 -32 48 -82 -91 93 63 -31 92 17 19 -78 56 81 10 -84 95 55 35 35 -66 54 -80 94 -15 -5 -23 100 39 69 81 -65 57 -24 -30 6 -69 -22 -12 75 79 85 82 89 -60 98 12 -100 17 62 49 -32 68 83 89 -11 61 -62 -65 46 88 19 24 34 -25 80 -89 -32 26 35 85 8 -56 -1 -82 80 -46 77 -54 -30 -19 23 -89 24 -87 -96 26 2 96 80 51 70 15 -100 -93 -4 -32 20 99 -88 65 -91 -83 53 -19 15 11 -45 -78 -3 -70 -24 -6 21 29 11 91 5 16 73 72 42 62 56 37 21 -70 28 43 -40 70 -22 85 -62 -67 45 -49 -26 77 -18 -26 38 -11 70 -20 -15 54 -78 -63 -65 -28 30 -77 91 12 -7 45 -77 -67 32 -3 -11 88 9 -21 13 -13 100 -46 29 -54 -79 -42 -67 -53 27 -44 10 63 88 25 -25 85 31 13 -64 -70 -70 -86 -43 -12 39 28 -65 28 48 -98 -90 66 39 14 76 -19 59 55 64 90 7 -94 57 54 6 56 64 69 56 -81 -13 -85 -67 -61 -13 -22 58 9 65 89 19 -17 -96 77 -28 84 -29 46 -18 -70 -16 52 -8 -49 -79 34 54 36 94 -31 -50 50 37 10 -14 17 99 61 26 48 -29 56 -81 -50 43 -55 -60 35 -66 86 21 5 86 -98 98 22 53 29 -46 -79 -33 -46 -76 50 -2 -90 -7 -40 -67 57 -75 -46 18 -83 -55 95 86 -21 20 10 40 -32 -21 -62 0 -5 -73 -73 -51 44 -68 8 51 -10 -35 -38 -43 78 -18 85 -36 -83 -93 12 -12 86 -21 68 -32 47 -86 -12 13 7 67 -28 -91 -17 -93 -88 93 95 -25 -36 -18 18 70 32 -74 92 -77 76 34 100 -19 6 -11 -24 30 -72 -4 65 27 30 -59 -55 14 -38 -2 70 87 96 67 -68
53 -48 35 5 -65 -70 -67 -46 2 -40 -57 12 83 -50 89 -20 -75 -64 -43 -61 -23 39 63 -86 10 28 -17 -84 30 -23 7 -4 30 77 -70 39 85 43 -75 -51 -2 0 -6 -12 47 67 67 -76 -100 36 -56 -78 -72 44 22 14 75 -84 51 34 -29 -89 88 15 58 -82 -77 9 -67 84 -59 -84 6 -61 72 77 62 -48 55 -83 72 -16 -52 51 94 -97 -54 7 98 -24 24 7 42 65 -99 37 66 19 -73 20 0 43 -53 10 61 -94 -17 -76 -52 39 -93 57 35 58 41 30 -16 81 22 -1 -14 62 -88 -50 -31 -85 -96 95 -12 -70 -13 -37 -65 66 70 -17 68 25 14 -86 24 15 54 -94 -2 -21 94 -87 49 31 8 -46 -96 -92 -57 7 -76 66 -55 -98 78 79 6 21 44 96 18 93 -37 -9 95 99 -21 -79 18 -89 -65 -12 -15 -74 88 62 -74 57 -94 26 -54 18 -93 23 55 40 90 15 -18 69 -11 -15 75 41 -7 -32 -87 51 -57 89 -53 84 51 -84 72 -90 -97 15 -76 -98 -99 55 -100 -7 61 -62 -68 -84 50 -64 -58 -52 -23 -18 88 19 -6 54 71 -94 47 -72 -35 39 -44 23 -25 -3 -92 65 65 46 -59 87 -31 -33 47 -65 100 -85 9 -51 13 64 87 55 -9 92 -30 97 -88 99 -95 -12 -3 34 -46 -18 5 4 87 36 -87 67 -9 -71 15 87 -87 74 54 14 -61 -92 -7 -30 -58 -66 -34 -75 67 -97 32 -73 -96 -71 63 -31 92 -91 65 -88 34 5 31 83 -31 76 69 -19 -38 -36 -16 -74 53 76 -61 41 93 -79 -43 -28 64 30 59 42 -64 -24 -10 84 51 70 37 -69 -88 -94 72 -86 78 12 -33 -50 -21 87 -96 55 52 -94 52 -31 45 40 34 -29 -13 -29 -47 75 50 -85 21 -94 12 -15 6 -7 -100 5 40 -51 -99 32 86 57 79 45 -54 85 14 -60 -28 15 -98 -100 -49 -61 97 55 -72 -18 -24 -38 45 48 -57 35 -12 -26 41 80 93 4 44 -1 22 85 12 -86 -53 67 -87 -28 13 98 48 -30 32 34 -97 -9 -18 11 -40 -25 -11 -37 -28 87 85 -70 -1 -86 85 92 -44 99 58 -17 -94 32 30
-78 -99 52 22 59 -84 85 -36 -92 -78 5 -84 -81 -7 21 -70 -1 17 -90 78 -66 81 71 36 -20 -78 51 -22 92 -69 95 10 72 57 99 23 64 24 9 -77 -55 5 94 56 -1 69 -37 55 -6 -48 45 -82 33 -67 6 68 -72 16 -50 -6 -21 90 -88 97 -35 60 51 -69 -100 72 -19 -79 40 17 44 28 45 -33 -69 94 -46 -80 -2 26 -79 65 -49 29 -83 -87 -71 56 89 48 69 -99 -59 -99 -70 -77 56 69 83 66 -25 -6 -42 -12 61 0 -78 -6 36 68 95 6 -20 -99 90 38 -63 61 16 -95 68 -74 19 -57 -96 -67 -18 71 83 92 -36 -13 65 -6 80 -98 91 -93 -18 -46 -94 21 31 -91 30 -46 -63 -66 79 7 98 -82 42 -65 -57 20 -81 78 -57 -69 -55 22 28 -51 -96 81 -46 53 -66 -37 -16 85 33 -84 -86 60 -5 0 -86 69 -76 -30 59 82 -62 -59 46 -66 30 -38 -10 -16 8 -28 -25 -94 -94 24 8 42 -16 67 77 -21 -21 -2 -24 53 77 25 45 -74 -68 -6 8 14 29 97 4 64 -51 -85 -68 26 82 84 -13 63 15 -33 3 81 -99 -99 -88 -92 -82 47 15 12 -44 33 87 5 59 -54 -71 -89 -32 86 -10 33 46 94 -53 -74 -51 -72 -100 -16 6 38 51 -94 39 -55 19 -73 -36 -78 73 -64 12 -51 -25 -79 -45 -25 16 84 18 88 -26 0 71 88 -26 -25 54 -91 0 31 -7 47 -6 38 55 77 13 -45 -95 34 -58 100 31 -10 87 63 40 72 10 -20 -42 -10 -76 47 94 -66 67 6 -90 -4 38 -21 42 -14 -61 -70 -9 -87 75 -4 -63 81 -64 93 -9 -79 -84 46 -99 88 -12 -82 -77 81 5 24 15 80 16 -12 -58 -9 75 6 -54 -40 30 -81 80 33 60 -58 -41 58 -3 -60 -3 -78 -84 -36 -54 53 -61 67 -6 28 -98 -31 93 44 -67 -89 -43 31 -71 18 -10 -57 62 2 11 47 97 68 53 -4 -44 87 99 90 -17 -71 -71 -44 56 90 -3 -47 46 2 95 6 -67 -17 57 86 -63 66 95 -22 81 -52 -37 98 37 94 38 45 23 46 -16 18 -51 -52 34 81 -48 -66 66 -78 -98
36 -91 -79 -31 90 -90 -10 -11 -48 95 -75 96 61 -1 -85 -61 61 49 91 67 28 89 9 37 -24 -80 39 -43 -71 78 -50 -79 -12 -100 -91 -48 31 -1 -62 62 -76 -70 5 -29 14 -94 57 52 -14 -10 32 -68 -71 -49 7 -63 -95 26 -70 -14 39 35 -20 92 21 100 87 2 -67 -92 72 -17 -81 -67 7 -36 -90 -55 -91 15 -53 -68 30 22 -19 -33 92 10 -31 -82 -68 -55 78 -97 -92 41 -61 26 72 20 -89 -94 -65 35 50 -6 4 -81 -94 40 85 55 -8 58 74 -9 -23 -20 93 86 -28 -12 -69 4 -9 75 -19 -48 -71 29 -48 -62 99 -47 -80 15 77 70 93 -57 -71 -77 25 88 81 73 -64 -92 28 -89 93 -87 -10 3 92 -49 43 -93 -36 -68 -15 -91 23 44 -76 53 92 10 -96 -55 -68 -95 77 60 -41 59 -79 -33 -88 39 63 -83 34 -60 14 -65 -1 30 40 -74 -61 -14 3 -39 44 7 37 49 -92 -3 15 -43 -91 23 -87 -69 -21 -80 -8 55 0 6 55 17 79 -51 -14 -98 -18 40 94 43 95 -5 48 42 79 -75 0 -63 75 -40 -84 12 91 34 27 40 7 36 54 93 -56 97 -89 5 30 -56 -64 55 -40 -71 43 41 -100 68 26 11 -90 -74 30 -9 65 -89 71 -24 4 18 -77 -8 31 94 -30 98 -44 -71 51 75 -16 98 -25 -97 15 -91 -22 -41 -18 11 36 16 21 42 -69 -37 -33 46 -22 -58 80 -45 39 54 -65 -74 61 -59 81 21 14 81 -31 32 99 11 -17 -60 -97 -4 85 -23 88 -15 47 -98 44 -40 49 6 80 7 -84 83 12 -99 35 7 39 -11 -48 -52 2 83 58 -47 -10 -20 99 -15 -37 -61 -56 62 78 -22 -44 -54 -51 -96 -86 -16 43 -33 -25 -52 50 -45 -35 -79 -36 43 11 -28 83 -24 60 -55 17 -31 49 82 47 16 34 31 -91 -14 45 77 41 -4 -10 17 91 -99 39 11 25 -45 57 -2 -13 54 85 28 -58 -36 -81 -68 -1 -30 -36 -60 62 -57 -67 25 97 -21 20 -36 18 -64 -80 57 61 7 -99 46 -87 42 90 -24 -44 22 -48 1 -79 1 46 -12 59 -37 88 -76 -45 -77 -77
53 4 -84 -2 37 68 -31 -1 12 -22 -18 53 -58 89 91 -68 43 -17 97 -49 -77 -5 50 -35 35 -67 -77 -58 84 22 -78 99 67 -27 88 43 86 -27 46 68 -36 86 -31 100 43 -10 -27 70 -36 14 -42 30 -46 43 -43 21 41 -99 45 -66 37 99 -93 84 93 -93 50 39 61 24 54 -12 -79 9 -5 -28 36 6 85 77 -25 -100 34 75 -80 -80 34 68 73 4 -48 -88 -1 77 25 3 54 -87 55 -7 32 -44 47 -25 -53 -67 -5 82 -24 -25 -86 -62 56 -13 -70 80 19 -4 -4 -99 -93 -80 -79 6 -67 95 -57 -83 26 -61 91 3 -76 41 -47 58 -28 -98 -9 -18 19 3 -19 14 16 62 -93 50 98 99 40 59 -86 42 50 61 26 73 -47 -98 53 -41 -32 36 -8 31 -49 -18 3 -80 -100 6 -54 -9 61 40 97 -49 81 6 18 -39 -57 -42 -99 91 -15 28 56 -63 63 14 79 -97 -73 45 81 -77 -68 53 -8 30 -64 -97 -70 -7 -37 -94 -54 45 -37 14 44 -91 15 17 25 -1 2 -32 73 35 23 -8 -45 28 90 -18 45 92 -13 76 14 17 -66 -76 -76 -4 -77 51 -19 -38 -33 63 69 44 -2 -89 50 17 61 -93 -25 28 94 -86 -49 92 25 -37 -86 29 91 22 3 33 -64 -79 -10 57 -72 76 -8 -45 -29 47 57 48 -16 -97 99 41 38 -51 12 7 99 5 96 8 -75 -22 -98 -50 8 43 -9 -96 -71 8 54 82 71 -82 -99 3 30 -33 35 77 -56 -35 -22 51 60 -65 -14 36 71 -28 56 -79 -62 60 8 84 48 17 -29 -11 -54 34 95 -51 -76 -4 -71 55 -17 -31 -51 75 -30 -84 83 -92 78 81 -70 -59 41 77 -81 36 -87 -30 87 -18 -58 -84 -71 72 -10 7 -40 26 -73 47 -29 -6 -46 33 39 -86 63 -17 81 -57 -41 4 -74 -23 81 -87 -10 -50 -40 -63 -95 -18 -90 61 -88 40 -16 8 75 -14 -40 -1 1 -91 -20 -99 -94 -8 41 46 -27 97 -77 38 25 1 61 -12 -79 -93 3 -2 -48 60 69 -20 93 -82 95 72 -89 -27 -18 -64 -46 -24 -90 -77 67 -8 -57 80 22 -62 60 -58 -6 -74 -72
-24 -72 -34 7 50 37 19 9 -36 89 -52 -60 -5 5 22 -10 -12 -81 -69 -22 97 -24 69 -70 -97 79 49 61 96 -36 21 -76 84 -93 1 -5 73 -95 -16 -65 -71 -99 7 -31 -74 -39 6 -50 -9 -11 -21 -43 -74 9 27 27 57 -66 -13 67 -60 -34 -12 26 -80 -99 41 -1 -56 -23 87 24 5 -63 -14 -73 -56 39 -27 -68 19 62 -88 -63 0 64 2 -55 8 -8 -97 10 11 -50 -14 12 -44 -90 -68 100 -33 8 -94 19 -52 -79 91 30 -40 -42 13 -70 86 -14 26 61 18 -64 57 77 -62 66 -88 67 43 -78 -48 -80 -10 88 6 16 19 81 2 20 -15 -15 70 -20 96 84 75 -85 86 -32 -26 -75 -76 2 -68 -24 69 -36 -95 21 55 25 -69 22 51 63 -85 86 44 -84 -19 19 33 -79 23 73 17 -94 -14 88 -68 99 -3 -64 -72 -49 -67 -17 -24 -13 45 58 -84 66 -60 -16 -36 -47 -57 -16 17 -85 13 34 -3 69 -59 32 24 37 80 56 26 -81 -31 90 2 44 33 70 96 -84 -58 -57 -68 83 -96 94 8 -3 58 95 53 85 -54 25 92 -56 91 -89 -39 76 10 15 80 -86 -91 53 -86 -58 40 90 -33 72 43 23 85 -99 -36 -38 -79 -82 18 -85 -11 -32 36 45 95 37 -70 -90 100 -92 57 5 63 6 96 -22 79 76 -4 35 39 26 -13 90 96 -19 -51 -15 42 79 -59 16 53 -42 27 48 46 -3 63 29 49 -53 -86 52 -17 -36 -88 -8 -62 -81 -94 82 33 -17 81 27 -83 -47 58 24 39 -60 -85 14 20 -48 66 -65 -65 -43 -4 24 61 -73 24 36 51 -27 -50 79 80 -97 -60 -78 50 -95 -23 -50 -3 -23 15 41 39 -95 44 9 92 -87 90 -4 97 -47 -84 -53 79 -78 -40 64 -73 36 -15 -53 -97 -91 61 18 55 3 -17 -96 -9 65 29 70 42 -4 -42 50 100 85 -99 8 5 3 41 -38 -58 -86 22 -54 1 52 36 44 -32 51 51 -1 7 -11 -29 -13 -78 -7 -35 66 19 44 -78 -89 78 71 9 41 -4 41 -34 84 -78 -46 -97 31 29 -12 -47 58 -75 17 88 -52 66 -42 71 88 -75 89 -51
47 44 -74 -50 -79 -77 96 67 64 -19 -9 -14 89 -100 57 27 -57 -56 -24 81 22 96 35 7 80 18 -56 54 -9 -98 55 14 55 -4 59 -84 28 6 86 -36 28 76 -6 84 -58 29 -70 71 -9 46 5 10 15 -30 -48 -60 39 -88 -60 34 -50 98 -38 -19 -5 26 -36 -43 -18 -20 92 -81 -87 5 -21 -59 -15 -80 -23 24 -40 -29 35 5 2 -62 24 22 -23 -10 -89 84 -6 100 23 -85 -59 -1 63 -84 39 50 -28 -40 -42 9 -67 86 -47 -8 -18 -53 34 -8 50 55 -93 30 -56 -80 72 -56 9 -52 98 -96 -4 -29 -21 37 20 -20 -21 -83 83 -36 45 -35 27 76 -46 -54 -79 -37 -75 60 -55 89 -87 20 -37 28 32 30 -72 -9 80 -62 4 -13 1 27 36 -81 74 -43 -91 -1 44 68 25 -80 -63 1 61 2 44 -85 41 18 -56 -37 20 -25 -76 44 85 -69 7 -66 41 87 -40 18 100 -15 65 -71 -75 51 28 62 -39 -100 -44 -95 -71 -64 -18 -61 -35 88 -31 -50 65 -11 -93 -72 65 -28 -51 -17 75 -56 -88 -40 -61 38 23 -24 -84 -8 55 -61 -6 68 56 -27 -24 89 53 80 -6 -93 36 -73 -60 -84 -24 -61 13 -82 -21 26 -84 -67 51 22 -16 71 4 -43 -24 -74 -86 -47 23 29 -97 16 15 38 -28 -48 -92 -3 -60 33 18 -97 -41 -29 55 9 17 25 -90 -47 89 -84 51 -42 -38 -22 77 -31 -41 18 96 19 -32 73 -25 59 28 -69 42 -6 -43 61 -23 48 0 98 -76 -19 -24 82 100 -100 -12 -91 78 -45 -29 67 -13 -90 6 -30 15 -96 49 -58 -20 66 -33 85 -35 42 58 -1 -16 -91 49 -51 -62 28 -33 -41 78 21 -49 49 -8 -75 60 -21 96 -66 61 29 3 27 36 51 -55 -17 55 -25 -74 68 9 -18 -99 -21 -1 -54 -10 -67 -81 -25 29 -33 -84 20 77 37 44 44 -37 -94 28 7 19 -9 -69 -5 34 -44 -45 19 56 -31 -99 -67 10 -62 -20 -30 -23 28 92 67 3 97 -24 -22 -64 71 43 -86 -49 -27 -45 79 92 69 -12 -19 -61 87 8 78 51 -52 -67 -10 -15 17 33 -30 -17 -20 81 -49 78
-9 98 -40 -63 55 -55 -41 3 -79 79 -94 -47 -70 -99 -38 6 -91 -30 79 -64 -23 -75 -11 29 88 -9 -13 -11 -65 82 -53 17 -62 -11 70 -37 80 -62 40 82 6 26 -2 49 39 -18 41 -41 50 -6 -28 28 80 -87 -57 -74 11 22 -25 -71 10 -64 -39 38 -59 26 -39 -30 -9 5 -5 -61 -84 64 -1 75 69 55 6 -11 -14 61 43 31 -16 8 -72 -97 -50 30 -72 -86 -2 50 -97 -73 -4 57 -1 84 -10 -64 -36 -16 41 99 59 49 38 20 -91 63 18 9 -18 -51 -6 52 46 84 -22 -29 34 -22 -27 2 -11 24 84 -99 -63 83 -74 -76 52 45 75 58 -29 -19 13 66 -99 68 -14 -22 -10 26 87 -19 -17 -8 -39 89 46 -62 -94 -25 -89 17 5 -30 -4 49 60 7 48 69 52 -16 -66 -70 31 49 95 -97 -85 -37 95 41 -36 35 47 77 -49 -58 100 44 -94 18 -52 69 -23 -64 -14 -91 -27 -30 -41 -43 -63 -57 -86 72 -47 -66 -6 39 48 4 28 97 -39 40 75 -73 70 80 0 48 -24 73 19 -8 -80 -22 -91 1 8 -58 -71 -97 -66 -9 26 -67 4 -91 55 -9 -7 -2 -28 42 -66 47 72 87 9 98 81 -94 63 -40 52 -2 82 7 81 15 -97 -26 -9 26 83 -90 68 -57 -66 9 -30 -32 -83 88 42 -2 84 -23 -28 26 -78 94 26 92 -85 -95 36 -75 -18 -96 -97 72 -97 -5 50 -64 -25 -58 5 27 92 65 -28 68 -65 -23 -90 -51 71 84 25 -44 44 91 58 -75 -94 -15 20 0 12 -99 4 1 38 94 29 -9 -15 -85 35 93 -13 90 55 76 0 48 38 22 30 -98 -61 97 -59 -70 -1 50 -50 -51 70 -15 -24 -90 -53 67 98 67 69 -58 73 17 61 -8 -56 -2 -26 59 -43 2 75 -37 67 -76 -27 45 53 -56 -72 19 -23 32 83 -84 -61 8 79 -48 80 -100 -18 45 -40 -5 -87 35 62 -78 90 39 -18 -68 97 3 97 59 -87 12 50 -1 -52 -91 -19 -96 24 42 87 31 59 -75 -39 75 99 -45 -18 2 -66 57 -40 63 -3 -53 -92 27 4 -78 48 -56 95 -73 47 11 -39 -57 16 -90 33
-38 78 65 38 53 -100 87 48 -75 -47 -70 -6 10 -100 -20 91 0 -21 20 0 -88 13 -94 -6 77 66 -30 -22 35 -45 12 56 67 35 -13 96 -5 8 17 60 -1 47 41 -37 -96 -61 -70 90 95 30 -66 -81 -98 -72 66 8 17 61 74 58 -21 55 -83 14 45 -27 -9 -93 42 26 94 -92 -85 -94 45 -15 -67 16 86 -62 90 -77 -79 96 55 -3 68 69 -63 93 55 -32 22 -78 -88 -76 -60 43 2 -29 1 -81 65 66 59 8 48 41 30 -62 86 -26 -68 6 -46 85 97 13 3 -69 38 32 62 -73 -32 39 21 -62 37 21 -7 88 -74 50 -83 30 44 15 18 -12 -23 21 0 -51 -26 32 -17 79 -82 97 81 -70 -80 53 -65 -98 87 -99 47 -16 -82 30 58 32 80 21 15 -35 -55 -66 -61 -41 -59 13 -54 1 -33 92 -23 34 -33 -58 20 8 82 38 74 82 -56 -18 31 8 39 94 -20 81 50 62 -6 27 -12 -95 -21 9 17 -38 -65 -1 -48 -28 -99 -33 -84 99 -83 31 80 8 54 -98 7 88 49 80 4 2 -47 -47 -94 -66 25 0 19 -29 82 -73 75 71 -44 -89 21 76 82 -45 -40 -78 -88 27 84 17 -50 46 -61 75 20 -69 58 -70 98 62 63 -78 -46 87 -14 -6 -51 62 -11 78 10 47 -31 -75 -79 53 92 41 -100 6 -90 -26 88 -70 31 54 83 -57 32 -73 32 -60 -44 -84 66 15 38 -54 -12 7 -34 -96 -64 -88 40 11 -29 -87 3 35 -48 -35 77 73 22 28 35 73 -33 -20 74 -20 -86 -100 27 93 -13 16 86 93 50 14 19 -15 59 -66 81 -56 -37 79 -31 100 38 41 24 100 92 -3 21 -64 15 -62 -37 47 57 84 -79 -32 8 -87 -13 62 44 -30 33 -87 45 6 -32 -46 -13 88 -19 -24 30 -24 -6 -48 -72 8 35 26 -78 -54 -33 -10 -87 94 90 -2 90 -72 -59 43 -19 40 -77 78 -13 -4 -26 -43 -50 -42 77 -6 24 -30 24 69 28 13 -21 -6 65 -97 32 -71 31 74 -42 -70 90 -83 -44 -72 -24 38 -36 66 -16 14 -41 -68 -75 35 -87 12 -20 25 -72 -20 -66 -76 66 -68 -64
-50 33 -88 6 -15 -78 29 -24 41 -19 0 47 -66 -51 -40 -30 -16 -68 -39 87 -71 -17 58 76 -88 -86 68 -53 -9 92 -67 -58 -63 -14 69 5 92 70 -43 -44 -44 -29 46 77 -11 22 59 28 61 -100 -8 69 6 -51 -72 -43 -77 6 66 38 -31 -83 33 -63 -7 26 -39 -94 -97 68 78 0 -39 69 82 -88 -68 96 41 -95 -50 3 -40 86 89 71 25 -6 61 -2 -4 75 94 82 77 -79 100 -34 11 -48 18 100 -86 -45 16 -43 90 91 58 -89 55 30 13 -68 -45 -7 71 -93 17 81 -36 19 -91 -63 54 -63 -13 87 -28 -97 -62 -48 98 45 63 44 -24 100 13 43 -41 67 -64 32 -11 91 75 82 -52 -5 66 80 46 -35 -52 -49 -75 -56 6 72 -22 100 43 57 31 16 56 -100 -91 -20 42 -41 -89 -27 -43 -7 -78 -4 -3 72 98 -94 -50 32 -15 -29 41 -7 -42 51 -74 35 33 51 -90 -51 23 -57 -73 30 66 37 2 -100 80 26 94 54 92 43 -27 -100 16 31 99 -82 94 -48 54 -78 69 31 72 54 -58 33 32 66 -65 81 -51 47 24 -38 -25 98 55 -57 -8 -15 18 35 28 -40 92 50 -37 -95 -97 -69 -34 -99 -77 -38 23 -1 53 14 16 92 -69 -35 100 -14 -38 15 8 92 23 41 -42 34 -34 67 -59 13 -1 -49 47 29 -81 -24 -6 99 -62 53 60 -30 18 45 43 82 -80 11 -38 -82 80 71 -84 -58 -64 -52 61 17 -44 -63 -27 78 52 84 48 18 -71 -4 6 73 -28 93 -42 95 -25 51 88 -27 -100 39 -14 -46 11 -69 -60 -81 -65 42 70 -18 10 -90 63 73 -82 -90 -3 -92 82 33 -32 -43 -98 63 -53 1 22 -11 -15 50 -70 5 -9 43 -30 8 -95 -78 43 43 22 53 -84 45 13 -80 98 10 80 90 75 -25 65 -47 50 -18 -92 69 15 -60 -93 -35 76 -48 -85 -6 53 -70 -19 -94 83 19 -78 -16 -23 -21 -51 6 71 -4 14 33 -82 84 79 -95 17 26 -72 46 -31 3 57 87 -6 -85 11 61 -11 -27 73 -37 52 29 -22 -44 89 50 -19 4 63 -46 62 -77 -73 97 -75 98 16 -31 -83
-10 56 28 8 38 69 -23 -21 100 6 46 -100 44 -54 72 -32 98 -19 -39 -16 -89 -81 -3 -68 70 14 97 15 47 40 17 12 -61 -14 -61 51 -46 -21 72 -36 4 87 19 -92 -43 55 -81 48 -18 74 74 32 72 -73 65 50 60 35 15 91 -81 -59 -23 30 55 -23 -76 50 65 94 -55 -30 -96 100 -68 94 -81 42 -73 -98 46 92 92 35 -49 2 42 41 -67 -80 29 33 -25 -75 15 36 84 -81 -9 -21 17 9 -89 -47 22 97 4 1 -48 -55 -83 80 -81 -53 30 47 -88 72 -46 53 -65 69 7 9 35 93 -42 96 -20 72 60 -39 86 -63 -9 94 79 100 -82 58 18 -90 -95 -81 1 39 -93 -41 -58 69 73 90 43 34 81 -74 99 -24 20 10 -26 -72 -63 88 -21 81 40 -45 -32 -16 -53 -12 100 1 3 -61 -50 -30 -72 -35 10 -27 42 69 62 71 22 -84 -40 30 -50 -38 -62 18 -52 57 -90 56 -11 65 8 87 48 56 -34 11 22 15 39 -84 -86 -62 35 49 18 59 28 44 59 15 -11 -63 -12 -37 -74 -74 65 -47 26 68 1 95 -20 -72 -100 -65 -69 87 28 -7 -60 33 -64 39 -25 49 -92 61 -95 -64 -39 52 23 59 23 -35 80 12 45 100 65 20 71 90 27 -84 56 -47 18 100 30 -8 4 -89 1 65 -22 -17 43 4 -24 -97 51 -5 -72 72 36 82 -42 -80 -84 88 92 -16 75 24 -73 -2 -7 41 6 -24 5 72 44 84 82 77 72 37 -4 -99 -56 -89 -78 -71 -76 28 51 -4 92 -94 -2 -38 64 -90 95 9 67 76 44 91 -82 93 84 2 -9 90 -64 16 17 -8 -64 94 87 -88 1 15 53 -56 30 24 38 -82 3 -30 49 -74 38 38 -99 -16 -3 -25 -54 -74 -17 61 -38 52 -91 14 9 27 77 -9 -39 94 52 99 -2 74 -26 49 36 -71 67 14 -47 -95 75 26 54 43 74 -45 -63 64 -8 37 -73 -28 -78 76 74 -72 -1 40 18 -15 16 73 93 49 -87 79 -12 98 59 85 49 -48 -81 65 19 -80 51 17 -93 -89 18 71 3 98 -79 8 -85 8 42 75 -56 -84 -23 61 -90 -95 -48
1 -49 46 -34 -36 5 5 -40 -36 -56 41 -97 87 -59 20 52 -13 49 -33 24 94 8 -84 -32 -4 -56 48 66 64 67 -16 38 72 -4 24 -81 77 -23 -3 -60 75 -70 64 50 -52 -6 -67 -83 -55 -88 -100 -76 -21 -21 -89 -21 -47 -98 50 -53 72 46 28 -17 12 -62 51 12 38 43 60 19 25 -31 87 -94 -85 -56 -41 -32 35 8 47 70 -84 -70 71 87 68 98 -58 -9 69 46 -71 -5 39 100 -30 -97 87 -40 64 -91 -65 64 61 95 32 29 -97 95 15 73 66 -65 87 89 58 47 -34 96 -85 -4 -87 68 -8 -70 -77 -51 19 -97 56 59 -4 31 26 -54 -45 -85 11 56 34 -98 -44 99 -64 84 -72 -50 3 94 -67 -28 -95 64 -51 -4 1 80 84 24 -87 21 -38 46 -82 -80 -20 -78 -36 13 79 -41 -49 2 14 -53 -16 -82 -92 27 -76 85 41 -28 -37 80 89 -99 99 26 30 -6 52 21 58 -32 67 -9 77 51 31 -51 -61 -81 84 50 -23 -93 91 -24 -80 35 -16 83 49 -96 -63 -65 54 56 65 -33 -37 -29 -89 -99 -94 -95 -92 -41 85 62 -30 -20 -63 72 71 -38 -36 33 -14 -100 61 98 -68 93 53 -87 -44 -46 -49 -79 -64 75 -43 -14 -27 -57 20 24 -77 91 19 -58 46 62 86 -8 79 -24 -70 -68 -36 30 -2 -36 58 -76 -46 58 -47 30 55 -98 -36 11 -75 -86 -49 -52 97 28 41 56 71 -54 6 -53 87 -83 -93 33 65 55 79 -11 -39 24 75 -79 29 -33 -81 67 15 55 -27 -74 24 24 20 -85 -56 -1 22 -34 53 48 17 -34 18 -21 -98 30 64 100 -13 -9 58 23 74 43 100 70 -43 31 1 -80 -64 30 51 -22 72 21 95 63 -17 21 -17 -36 -97 44 7 -65 -42 -13 -33 86 37 25 -33 77 90 -54 67 -80 -90 -27 -97 30 92 28 -37 90 46 -10 -29 4 66 67 -45 -67 -5 -40 83 56 41 -69 -32 -50 1 -47 44 49 -25 94 -38 -16 47 85 35 -17 -24 -23 44 64 -73 81 82 -11 49 -90 49 -98 64 -62 64 -67 56 94 -76 -8 -35 11 91 -9 -13 100 72 -83 -42 -41 80 5 -43
15 -61 63 -83 11 -3 92 -68 -30 69 73 -90 54 -16 -69 46 -55 -17 -49 -21 -63 40 41 4 -49 51 -69 -37 25 -11 -75 51 -47 -28 -69 -62 17 16 -47 -71 85 13 51 67 -84 66 -67 -66 62 -86 80 -52 60 -30 -91 -41 76 -95 -83 -90 61 93 -24 78 54 8 50 -19 -1 -39 32 23 -59 -26 11 38 -72 -66 -60 90 -96 -27 51 71 37 56 88 84 -16 18 -10 64 2 -67 69 60 50 -3 14 -72 33 40 -40 51 -4 67 -78 45 -29 50 75 75 4 38 93 -43 22 -98 -47 -83 -1 17 -88 -72 87 97 39 54 -94 53 -95 31 -76 -38 48 30 -96 39 -15 -67 -38 -76 -69 63 64 -88 60 -18 36 -44 63 -73 40 -74 12 -36 -42 -4 -93 29 97 -81 -21 91 -1 76 -12 -48 -9 22 -92 -64 48 -54 50 -49 11 -96 -9 -80 -51 -9 83 42 6 71 -74 74 -78 -88 12 82 16 66 -9 -49 -12 16 -76 -39 25 -93 -68 -83 62 -49 -12 41 -42 -73 -93 41 88 -73 -64 -67 87 -40 -66 -76 -25 72 85 -53 -30 54 76 -89 24 -54 -94 62 44 -77 -57 -52 -45 -56 70 -19 67 -20 -66 -44 59 80 -49 60 40 8 -71 38 99 -9 66 55 17 -93 3 2 -73 -68 -68 -93 -81 -17 -45 42 58 94 74 -42 67 -75 -10 78 -10 -47 -86 23 85 100 30 -7 10 -30 47 -81 60 -100 -73 -91 75 73 -20 -2 -50 -46 85 93 85 0 92 36 56 -60 -10 83 -57 85 -8 -76 15 54 95 15 -73 61 45 70 2 39 18 53 -94 -18 -36 -71 -21 86 65 -2 -17 11 -33 7 -94 7 95 96 -48 -89 44 98 -34 5 -62 -71 12 -90 79 -88 -59 16 1 19 73 82 -65 -63 -54 95 -28 29 -50 -61 34 64 -22 54 -1 75 43 44 -12 -24 37 -40 -96 40 -46 64 42 -86 67 -79 -64 74 -35 63 -43 46 -89 91 -57 -13 -59 18 -59 97 89 24 -56 71 55 -59 -78 36 -46 -98 -85 -13 57 -44 -20 2 -48 44 70 29 53 2 -31 40 -7 -23 100 -83 12 -90 -33 -5 69 84 -41 -44 79 -57 60 -2 -21 -52 -11 42 83 75 -5
44 74 17 -39 15 -79 -91 88 -42 63 -1 -18 75 61 -49 62 -25 61 -73 70 -28 19 -60 -39 -19 44 -41 -81 -85 -33 -18 -30 -49 85 91 -23 -68 60 14 -33 50 -99 -39 47 -31 -66 -26 33 -13 60 78 -89 -58 -26 -11 -17 56 -48 4 -2 91 74 -79 23 83 -97 -46 59 -40 -41 -40 61 98 -65 7 -84 -80 -48 -82 -52 21 -60 -68 -9 96 15 -41 -5 45 7 -50 33 46 87 -71 1 58 42 13 43 36 -8 74 -72 27 61 -87 10 92 -84 -40 -32 -32 -5 79 -9 -51 48 24 51 79 77 -93 -9 22 26 89 36 57 20 13 -15 -18 76 -15 -84 45 -99 -35 -85 -89 96 19 46 -28 14 -67 21 -37 -35 -28 70 -52 8 64 -4 51 30 48 23 -32 -91 -24 78 96 75 -71 6 33 -30 -61 -80 6 77 92 -94 -13 -18 -4 -7 -97 86 46 -81 -37 67 -84 20 38 -68 -96 -62 -36 -74 -37 69 99 75 -91 12 74 49 -16 -36 51 22 41 83 60 -24 56 94 3 -67 83 7 -49 18 21 38 -31 51 51 -46 -22 69 99 83 69 -71 -61 -66 3 -28 2 80 26 32 -34 -86 25 -41 -11 -14 -88 -10 -38 18 -78 -50 80 -13 -9 -43 81 31 -9 -65 -88 45 11 98 45 -14 -4 -60 -26 41 -70 -41 -29 -35 66 -89 66 -19 -39 81 74 -42 85 17 5 13 31 -56 38 76 -19 73 -18 43 77 -44 59 -7 12 -12 -16 46 -52 -32 80 75 99 64 61 80 -40 -65 83 56 4 35 -31 53 67 32 69 16 15 69 -57 68 51 -74 83 -75 -83 5 -25 86 -74 10 -100 22 -70 -4 -28 42 -8 77 63 6 78 -44 34 -97 87 -30 -70 -89 -91 -57 -37 46 96 -9 -12 -73 -33 -99 -6 51 -40 6 89 8 -50 24 -74 94 -21 -2 -96 24 100 16 -13 -56 -45 94 -4 -63 9 31 67 73 56 98 -3 18 100 24 28 -86 80 -14 0 -96 85 37 42 -17 -99 77 -43 21 -56 39 -26 70 76 -82 62 31 37 -100 40 65 62 56 -68 38 -76 -10 -89 89 89 -24 28 -24 67 -15 17 -78 -22 20 79 70 -43 79 -88 -6 91 82 34
-76 84 61 29 -79 -16 86 -8 -21 38 14 -88 -22 -79 71 99 -89 24 -82 -85 -35 -83 53 -33 -14 77 16 -36 -19 61 -53 -85 -94 31 77 -14 -88 11 -63 -15 20 90 2 57 45 36 -22 -40 -48 -9 22 -10 82 67 -74 -53 -40 97 -50 -74 -64 -50 50 -30 50 8 88 82 -89 51 -79 -63 84 -92 -93 -22 51 -46 72 8 -92 -58 -32 9 35 -89 -26 -55 65 -78 -4 13 24 92 1 88 -71 81 70 -25 79 80 -96 13 42 -92 6 -87 -30 74 3 91 63 26 43 2 -79 -31 68 78 -20 -32 99 -49 -8 61 -78 -9 62 100 -88 -57 2 -13 -75 -78 -32 17 62 -62 31 25 -87 50 91 44 10 -14 39 0 32 80 -96 -67 40 -45 -91 -15 -65 26 -63 -79 -96 77 16 -96 70 -70 -88 -44 -5 -68 72 -63 69 -69 53 27 58 25 -91 23 5 50 -15 -47 -81 -1 48 -68 21 -91 37 54 -51 1 24 24 -39 49 68 61 29 74 -85 86 5 89 -1 -1 79 -77 -88 -24 -7 57 -65 98 -36 -34 -11 -17 93 -16 98 4 61 -29 -96 98 -46 18 8 30 -41 -17 -64 -79 -38 16 -80 56 16 19 -75 47 -94 -54 -17 49 33 96 -44 -4 -36 -94 -96 -33 30 0 -91 -15 -31 -55 -61 5 -82 23 73 -39 16 13 44 29 -9 6 52 -63 -78 -42 -22 46 100 -10 24 -80 -34 47 24 49 70 -68 82 -2 -74 88 -14 -13 -6 71 -14 -85 47 26 37 13 7 -50 -55 -53 37 74 -64 -14 75 5 -36 73 62 -81 -32 -49 43 27 -59 -85 78 -96 -88 17 13 -7 72 -41 63 25 97 -54 -91 30 -50 75 64 87 -47 48 55 55 70 50 -7 47 99 -5 -81 -8 81 89 -80 -76 16 -23 68 90 47 -69 -19 -16 -38 12 82 -87 -31 35 10 80 11 -78 -76 92 -66 -1 -82 -63 43 39 -84 65 -31 40 86 20 68 -54 -82 -49 14 -9 84 -4 19 -95 -52 17 20 -30 -26 -27 53 75 -97 97 83 12 -1 -61 -26 -49 -66 -30 -37 -83 -8 -52 47 13 92 5 46 -46 49 -14 -77 -75 41 89 75 25 72 26 -18 93 -86 -2 -14 -2 -20
-10 3 -5 -65 22 55 6 -93 82 61 14 69 83 8 31 -19 87 75 -58 -87 -94 84 81 18 31 -61 -39 -93 66 43 20 -34 -35 -32 -56 -60 -1 16 -20 57 -100 -28 -30 72 -94 -39 -23 -58 -47 99 83 46 -19 33 45 -82 95 -4 65 -40 -45 -31 44 50 -100 18 3 -80 89 -55 -70 -83 -11 30 15 35 93 3 -43 -26 0 -52 3 -4 55 7 21 78 -40 -13 -44 14 -98 86 23 -98 23 -34 33 -22 -81 -92 33 -8 46 -63 -59 -54 38 75 -96 -62 -92 -59 -65 -1 -14 -20 4 75 94 4 58 4 18 35 90 48 4 -12 92 5 49 -100 92 38 -43 -49 -58 49 26 75 -27 89 -18 -41 56 -95 -18 -2 -6 -86 -61 100 -47 -88 62 -9 -19 55 -16 -70 -96 5 83 -73 -3 -51 25 -23 -71 -70 68 20 10 79 -92 -16 -86 67 -66 -34 -96 1 -23 -89 30 -37 100 6 37 73 -19 -99 17 3 -69 35 -4 30 -41 -94 45 74 -64 -68 82 19 -33 48 -2 -65 21 -87 38 -47 -69 -4 -6 75 -74 15 -47 45 11 -96 43 8 80 14 -26 22 93 0 -64 65 68 84 16 -71 8 -15 -87 -11 -15 52 39 11 -10 -1 -17 -22 -17 98 22 36 78 -12 24 87 43 29 -81 13 -34 10 16 58 -68 55 27 73 -18 96 91 -2 21 84 18 -3 -47 -9 41 -57 60 -76 92 -8 100 -80 15 95 20 -98 84 82 46 20 -97 92 34 85 20 -40 -16 88 -63 -55 -78 52 -61 96 20 48 -55 15 -93 -28 -74 -43 -70 77 -10 -6 -45 -54 -100 6 -96 66 99 -68 -14 -50 -64 -8 72 -19 -18 97 1 85 99 43 -46 -83 -23 -46 -83 -35 44 -24 88 -21 -92 -5 48 44 73 64 10 -32 89 -75 5 -8 73 54 -90 53 92 23 89 88 -49 8 -49 98 -56 -94 64 91 -74 -48 -9 67 -55 -97 -27 -36 10 -21 -28 48 -53 -57 42 57 -46 -68 -94 41 56 -42 -74 -94 41 41 27 -38 47 61 54 -15 50 -63 -34 15 -77 26 -5 89 -61 22 -62 -23 10 -34 47 65 22 -61 -71 5 99 -49 46 19 -20 47 -68 -88 99 -73 49 -80 13
-30 75 -45 19 -39 60 36 92 -20 -37 -25 46 -13 76 56 79 -23 13 38 -48 -53 -71 56 40 -35 5 48 -39 88 99 -48 78 17 -19 -64 -96 94 -6 -34 -36 -56 -57 20 78 -96 52 57 -79 -9 13 41 27 58 26 68 -57 -84 9 60 37 15 32 -37 -3 -77 -56 -21 -6 -93 62 -76 -92 59 65 -31 80 -90 25 37 -36 15 73 80 58 -95 4 -56 -25 -81 49 35 -37 69 -28 15 9 89 -2 -13 -92 44 36 -92 -79 55 -34 -78 27 100 55 -93 91 -43 83 -64 -37 -13 -21 -36 1 -35 -4 -68 -87 31 -22 90 4 71 47 20 90 -42 -23 52 -23 -39 -86 -18 35 74 15 -24 -26 -16 -84 -71 -93 91 79 83 7 7 37 -45 -29 54 -94 99 -51 -25 98 -11 -84 -50 -39 45 -47 -53 -6 77 -35 40 -17 -99 -27 37 96 -96 62 -91 15 -27 68 -68 14 11 80 -86 99 -60 35 -73 29 -42 74 -53 -69 -76 -65 -20 28 47 -11 -25 -32 -29 -27 39 -98 92 19 16 -23 -97 -17 -20 -44 7 55 -45 64 -3 61 -77 -64 -12 13 -43 98 -94 5 21 -79 -20 -87 41 6 73 35 -70 29 -55 -16 -100 21 10 44 -30 88 99 -96 68 64 37 -49 -55 67 -44 88 88 -1 -98 -81 91 -33 -20 -58 46 -99 54 -55 92 -13 29 93 -13 96 62 -76 -27 43 -6 93 -61 29 -60 -56 72 -91 -6 94 91 77 -98 -89 -18 -68 -5 -28 14 -35 67 -97 30 -65 -38 39 42 89 29 98 -31 96 -29 -13 89 -41 -81 65 -91 14 18 90 60 -34 -32 60 38 -62 -45 -59 44 71 77 -10 -71 94 50 -49 1 -3 -73 -44 -51 -29 -38 10 100 -91 78 46 -94 -38 -67 30 -93 98 21 -52 99 84 51 -21 16 96 -46 0 -81 -90 -81 -57 19 28 59 53 -87 -79 -44 11 -35 -21 44 51 11 -78 -85 31 66 33 -66 -37 80 46 58 -16 80 63 -35 13 -74 93 6 -11 38 -43 53 15 11 -2 33 -92 9 -80 -76 45 -31 80 -73 -61 90 17 -6 -92 -42 68 3 94 -12 -93 51 57 -14 -34 -4 73 -52 40 -33 -99 -47 52 -79 49 73 20 -92
52 -77 44 70 65 68 88 4 85 -21 -49 26 16 -41 -77 10 -94 86 -59 -35 -52 66 70 17 -77 -51 -85 -72 55 -98 38 34 -70 62 20 91 -16 69 -53 -35 92 48 23 -41 63 49 87 88 -15 57 -45 -15 9 -56 48 40 -85 -41 -47 62 -73 93 -22 -7 -3 -74 -52 -13 -16 17 -86 13 36 -84 -18 -57 33 -22 20 -65 -40 82 -46 84 80 -11 -65 -21 -75 -51 26 -96 -44 43 11 -32 -6 -55 -31 100 2 49 98 25 36 -77 -13 -74 -83 -72 80 -30 -49 49 -64 -94 -25 87 75 9 -16 -81 3 75 77 48 61 -38 69 44 -30 32 5 97 -9 -59 -31 -56 40 -8 -51 93 99 -69 29 -23 43 -25 -93 95 -47 65 51 42 13 -5 99 -9 1 -21 -9 2 -4 -36 -57 -32 24 -80 86 36 29 -9 -98 -98 7 21 -18 16 29 73 93 -62 40 -23 -49 86 -66 24 51 10 -97 56 33 19 -80 51 67 -49 42 -31 -92 93 63 -91 21 -14 92 25 -39 12 47 70 35 -39 -52 70 -100 -72 -98 75 -65 17 -20 49 -78 -33 18 38 6 62 -9 59 -81 -38 -56 -79 -95 -38 45 34 -88 66 75 -51 30 -36 -10 -20 81 1 -24 -99 99 -57 -99 -74 60 -39 5 18 63 -33 96 4 82 20 84 16 -96 -23 -81 55 95 -61 -96 67 -77 64 -48 47 -37 13 98 36 91 -43 29 55 72 -55 -73 -70 68 100 31 40 58 -76 -51 10 92 -54 78 95 -17 -22 -95 100 -82 31 -50 89 -44 4 19 31 99 -62 -62 -52 2 30 47 -47 40 -25 -88 32 -46 -20 -71 11 36 -23 -8 -80 76 95 92 19 -73 -8 76 14 5 9 52 -68 22 -37 80 -94 -97 8 -53 -15 -8 -8 -45 -91 -28 88 92 -14 32 66 5 51 -93 -92 -58 -13 -4 -82 -40 79 -40 89 68 -28 44 -77 -99 77 18 -73 -40 15 -37 9 -36 45 -68 -12 -21 67 -68 92 -61 97 12 -13 66 52 -9 -21 39 27 6 -71 -71 -93 12 1 -98 49 -3 -22 -37 -54 43 -11 29 60 27 -94 62 -25 -89 -77 7 -73 22 -6 -80 -78 47 96 -83 34 17 -72 -37 -75 40 37 54
19 -90 51 -12 52 -71 -4 -99 91 97 -13 14 -65 53 55 -99 55 -10 5 8 -52 29 -86 -42 -63 30 62 -61 78 -68 -45 91 83 -94 -71 -45 -1 -72 -35 -96 -47 -17 -92 -61 -10 11 -37 -66 -30 -7 -68 -61 -41 40 -10 -36 -65 -95 -21 -87 -50 43 44 -86 21 71 27 97 -73 76 -50 -49 -100 22 44 -55 83 92 -97 8 -85 80 67 16 -41 84 -75 -74 -84 -2 -44 -43 58 -78 -3 -46 -19 -67 -41 1 96 -100 83 -23 -31 -33 -19 -90 88 4 46 77 86 1 81 -75 -56 -69 37 -24 74 30 -100 16 -100 -65 59 -60 29 0 92 11 -52 46 -83 91 -24 86 -57 16 -42 76 -76 48 15 50 -54 -40 -72 90 -59 44 14 -31 -25 -27 2 19 42 -35 -52 -22 -58 91 -15 -6 13 10 -63 -13 18 -60 73 -18 31 -56 -45 -9 1 -40 73 -86 -35 -88 57 -60 75 -52 32 2 42 96 57 -27 24 61 64 2 86 -76 -96 78 -40 2 34 3 -14 10 65 -85 -95 55 13 11 74 72 42 2 -73 -80 61 2 58 -78 -8 98 14 -96 71 91 -91 68 -83 -30 -74 86 -22 -30 64 -53 -77 -54 63 3 9 36 62 46 -40 77 73 -19 27 93 85 86 32 -71 -78 -77 -30 -32 -37 -74 13 25 36 51 46 -72 24 -95 89 -54 -46 -51 -98 -2 -79 32 -96 -51 68 95 -17 -73 -60 60 -15 -12 -12 -69 -89 -63 34 22 -82 27 -37 -46 18 38 -33 30 -23 30 -18 40 99 68 22 -26 -34 27 -45 49 33 99 -89 56 -47 -31 -64 -42 45 16 -1 -94 97 29 49 -91 10 44 31 83 34 -4 -27 -99 -100 -23 29 6 -39 -89 -60 -54 -39 -22 -84 -56 -21 -98 -84 11 12 25 56 92 -92 88 88 -86 62 32 -17 -51 100 -25 -81 97 78 -58 -81 -40 42 99 -76 74 -6 -67 9 -14 -21 -74 -79 80 17 -59 58 -73 11 27 -50 -29 -21 20 64 -95 44 53 -18 56 -16 -17 45 79 95 88 -34 11 79 100 -2 -18 -87 74 -37 99 -17 60 2 53 46 77 30 -62 99 -100 -45 -16 36 78 -41 -73 -100 -59 -79 35 31 -83 -80 -90 87 -48 -75
-63 -27 -5 -86 -95 -80 44 -62 -46 -82 -7 -41 67 -63 68 -86 -100 16 -81 -20 61 -9 -75 59 -70 40 66 -12 52 -27 46 79 -88 -100 27 -92 -85 10 20 -64 -93 96 31 27 31 66 31 -34 -5 93 88 100 -40 -83 23 82 49 87 -26 53 -24 56 97 -32 -55 -55 54 35 -40 -50 71 89 -12 -93 29 -63 -62 -98 65 69 57 40 36 42 -74 29 67 -51 -79 32 -8 10 -36 11 -97 -51 -13 -40 -85 71 45 -6 60 37 86 -72 -16 -83 -92 -62 5 44 -3 13 -64 -99 54 -43 -79 -23 -8 -91 2 13 -68 98 -53 34 63 -44 -92 98 71 -26 -16 -24 45 78 77 -12 46 36 -15 45 69 33 36 -82 -27 35 60 58 62 98 -13 95 -99 1 -37 4 36 57 -94 -83 -3 22 69 67 39 -77 11 11 35 -81 73 -59 -26 -84 -66 -46 86 -16 15 -29 94 -31 -81 51 94 71 -98 82 -30 74 -8 -75 51 39 -97 24 11 -46 19 -53 -92 -16 -54 -10 -66 -62 59 33 51 31 -26 25 -34 65 11 -39 8 -19 46 -26 -55 49 37 23 54 28 99 -46 -32 -56 72 55 17 -98 2 -46 -95 -89 -7 1 73 -47 38 47 -37 64 -3 36 87 50 -70 -2 71 -46 -38 79 69 14 -26 -9 -95 -17 -14 -79 16 -82 4 -34 -70 -4 12 -31 38 33 -43 36 -25 -71 -71 -79 -97 -18 -95 89 -98 -62 78 -55 -41 75 -26 -93 46 60 -54 -84 -94 -3 -75 -67 73 11 -61 13 -52 41 -77 31 -19 -72 14 11 -76 65 -6 -28 -76 35 -84 23 98 -51 -36 8 -62 -15 56 4 8 -79 68 -69 -12 65 -16 -21 87 -18 1 -82 -81 -6 -61 45 75 -50 -32 10 -85 -1 -21 -41 -18 -13 -72 -32 -60 2 -3 0 -34 -66 -96 8 -95 -83 -85 -46 68 63 -4 -29 -64 52 -35 -98 -44 -43 67 79 15 46 -22 -78 -30 -6 -64 12 71 -50 -79 -25 -57 -20 -64 36 -13 96 51 97 -75 -64 99 67 89 10 -40 83 29 16 -17 -89 76 93 56 -16 64 -25 -80 99 -22 -100 99 68 -28 -10 -23 21 22 98 -52 53 25 80 -85 0 87 74 53 80 -1 77 9
-48 -72 -2 11 -60 -17 -46 -60 20 46 -26 -54 8 -12 -51 69 -46 -53 -37 -56 40 -36 -39 49 55 84 -74 80 -72 -15 -91 12 6 34 91 79 -58 60 -21 9 -93 36 -82 -16 -5 0 -66 -92 27 90 -35 -78 -40 69 -94 22 13 -72 -5 -93 -86 41 -68 -10 93 -30 -15 19 -88 35 -7 -9 7 26 35 79 20 -33 -98 40 -65 -56 68 -41 -57 83 76 46 30 -77 42 -15 100 7 9 82 -2 -21 -47 -51 71 -73 -42 37 -8 33 -57 21 7 -2 -75 -59 -24 34 75 -60 -21 64 -64 -26 -12 24 -55 -6 -59 -27 81 -43 36 94 40 -21 84 91 -91 -31 51 -41 62 13 0 37 -7 -81 -11 -56 74 43 74 -42 -91 -99 4 23 7 30 -7 5 -48 46 -58 -58 -30 90 81 17 -8 -52 80 -9 46 -22 8 81 96 42 -15 6 -93 -19 -26 13 66 -9 -19 -29 31 -36 -10 -83 -41 -93 -30 50 60 -47 -29 -76 43 45 7 25 94 62 -100 74 -59 17 12 -1 -52 -77 89 -47 5 -52 45 30 -86 -47 -19 11 59 53 58 54 47 -60 -47 -45 -68 88 -39 61 34 -27 40 4 -16 -93 73 -72 76 -22 2 94 -75 -47 -34 84 79 -82 73 41 -81 -56 76 -44 87 24 47 37 -83 -27 -21 3 -34 -90 47 1 -36 -83 15 -7 38 -83 -63 13 -51 -68 -12 86 19 -20 -93 -10 -13 37 -63 63 96 -65 -57 81 78 -21 -94 77 36 63 -30 -14 -36 -91 -2 -22 -81 -1 -15 -12 12 -23 -50 37 -62 16 -36 98 -61 64 10 -93 77 16 -50 76 86 96 76 -63 -5 0 -7 100 -70 -16 -61 -21 -19 86 -82 -63 -24 80 86 21 -58 36 68 17 -26 -10 -96 50 -68 -99 100 85 -93 -38 56 62 -38 -57 37 94 95 -67 -1 69 96 90 -28 61 -47 -73 -72 -96 -67 -28 -49 -86 -88 21 -44 23 -40 35 -60 -14 -11 81 -92 65 -68 7 89 77 -82 45 -12 -49 -49 33 -11 30 -75 35 13 -9 -73 -2 -11 -28 44 64 10 54 -75 -56 82 3 88 79 -42 -65 45 -21 -92 18 -54 -38 -2 -3 -13 -68 -38 -93 -31 86 -59 70 -85 -96 -25 26 94
-46 -14 25 -85 93 -12 80 24 34 -49 46 -59 33 -26 -79 0 -77 -60 -37 59 15 9 56 29 -48 -11 -45 -4 -57 -83 27 -47 -98 36 -76 -14 -72 98 29 -17 49 -46 -56 35 17 -34 -75 32 15 13 10 65 76 84 -67 -90 3 54 65 15 -85 -34 39 -10 -59 97 -5 33 33 19 -36 26 77 -13 -1 7 85 9 -86 49 -36 6 -61 -93 92 -78 72 -35 -20 67 -27 21 46 -32 -65 -64 67 16 71 80 50 12 -17 -28 -36 28 14 -51 -99 -24 -3 -7 64 53 -7 -86 -19 -35 -71 -52 93 35 29 -71 -48 22 59 16 -96 -53 -68 64 5 -75 30 78 -46 36 17 93 -93 19 -16 -75 43 73 57 32 -33 34 -86 81 -74 -52 -70 -61 6 26 -42 72 63 44 -50 36 22 -4 -98 -24 -28 -65 -50 -89 49 -95 -17 -48 -9 23 30 33 -27 -85 -10 42 -64 63 -63 2 -98 -6 -86 48 -38 -28 -72 -71 25 -52 42 44 7 -60 -58 89 -59 -93 -46 -15 -60 -54 -71 -92 -64 49 47 -62 98 85 70 44 -40 -56 -93 51 80 43 -16 81 -69 -16 -21 -40 37 -31 22 -53 40 -32 -34 42 -78 60 32 -15 -4 1 99 95 -50 93 -92 34 68 2 39 26 -92 93 -2 6 -38 41 -13 66 39 -43 -12 -83 -55 -28 10 -62 -23 -42 76 -17 27 86 93 15 -10 -99 -38 -37 -91 -66 93 -6 -7 -12 -52 86 -87 -7 11 9 86 42 45 -92 -60 11 -70 -26 34 -90 34 27 38 82 -95 82 5 -67 -50 40 -95 -19 -42 3 -87 68 44 -81 35 40 96 -26 43 53 67 3 53 63 6 -90 82 -21 25 81 72 15 54 41 9 3 22 50 -25 -99 74 -57 -93 -87 9 -88 69 -83 -56 67 -88 19 55 7 30 40 2 -16 17 -57 -41 -38 -34 69 11 -8 83 -4 70 -75 1 60 -63 -22 -78 19 -49 39 -49 11 55 17 97 -74 -84 -97 -66 -91 38 -51 100 -92 81 52 -32 56 47 -50 35 62 -4 -91 -81 30 -82 -75 72 55 86 -19 26 -41 -78 90 77 -37 -5 89 -23 35 -22 96 87 -20 62 94 39 77 41 -49 97 -93 -18 -36 -69 -18 54
6 -14 40 4 -63 -15 -75 -25 -25 -42 81 91 -25 -1 -57 94 -90 -80 -31 5 -13 -23 9 -82 -17 -78 -82 6 98 22 -100 39 -21 -95 -83 28 -21 -95 37 -58 14 -76 75 50 5 58 -83 37 -76 45 -91 26 -32 91 54 -23 -21 97 65 96 -73 -26 16 83 46 8 -27 -44 -2 -70 -85 -47 59 64 -72 90 -56 -15 -73 -66 -92 -48 76 75 88 36 -53 -66 82 52 -31 -100 -91 19 -63 15 -88 -2 -55 7 29 -65 -4 34 90 36 93 100 -52 -30 -44 31 72 21 -44 -52 36 -49 90 -64 24 71 63 61 73 -64 57 43 -92 -71 -66 26 -94 35 -1 -60 -30 25 27 82 75 81 24 -41 -4 2 -27 -10 5 79 -90 32 47 85 69 74 -11 -36 -79 -96 -16 -20 -70 13 -37 -32 -18 27 -35 -89 -98 86 -45 18 -34 -12 15 -68 39 -21 -49 -73 100 -65 -45 -72 72 31 52 67 51 80 -97 85 -94 -100 -60 -77 -91 -64 67 -30 86 -4 58 95 -41 -96 44 85 45 -97 100 -16 -77 -40 95 65 84 -24 -60 -76 -27 50 65 93 86 -26 -19 -60 -79 75 31 -21 33 -57 -26 -23 -24 -50 -65 -21 -6 -8 -25 -29 17 39 -11 -62 47 -69 59 14 -16 -85 35 -86 -21 -16 51 -58 62 50 -66 -28 23 -45 64 17 46 -86 99 11 -37 3 85 -99 -37 -23 -14 -7 -78 -46 -26 79 77 31 -3 -49 21 95 -64 -43 14 58 63 -71 -75 -100 91 -87 -72 49 63 60 97 67 -73 -23 29 91 11 83 -9 -24 63 70 29 17 64 71 -30 33 67 -94 -61 47 18 -37 64 81 -98 -43 16 35 77 16 20 1 72 -23 58 52 71 -100 55 -48 -53 -66 59 65 -46 95 -95 36 91 -77 -17 81 0 43 36 55 25 -8 25 -46 -8 -42 1 19 -82 -47 45 -3 -97 36 88 99 30 17 92 35 -24 -58 19 -53 -93 14 -33 57 3 52 -24 86 -55 65 -13 70 -90 83 -76 55 -19 19 -2 -81 9 -46 18 51 -99 95 77 74 74 61 -41 -11 12 -69 -70 72 -33 41 -31 -38 48 -98 -16 -52 -53 78 37 35 91 82 -39 55 84 64 -14 73 -24 -76 27
-13 -33 7 13 -42 -77 -20 -8 26 77 77 -54 42 33 81 22 -41 -77 -13 4 -2 63 -50 -85 -89 81 -61 -49 80 88 -27 -11 51 -77 33 -1 46 99 -23 -50 -100 82 59 33 63 98 60 -65 -17 -70 -35 89 -18 37 -78 -96 -47 -18 67 -37 -3 40 -65 -63 -38 56 11 -17 40 -46 86 -22 3 60 76 -40 -99 -65 50 96 50 -43 65 30 68 74 -25 42 -94 -40 -79 73 63 -29 -1 69 89 63 25 0 68 79 -90 81 -25 -38 -42 96 -97 -31 -66 -86 15 53 -43 -44 -33 100 74 10 83 -46 -51 17 8 28 33 26 -34 96 -91 86 -45 -88 21 -63 7 35 12 -34 -93 23 -68 20 76 -82 -26 2 0 -19 -1 -65 -100 45 96 0 -54 67 94 44 4 -53 38 -29 -76 -65 84 41 -13 85 -33 78 6 -39 -62 77 59 -42 95 62 -15 -19 75 -27 53 10 -46 12 -5 -36 -78 -73 69 -52 -42 12 59 -100 -79 27 89 -92 -5 -1 -27 99 2 80 54 53 6 97 -68 -49 16 59 -25 -100 40 -97 -9 6 -89 -8 37 9 18 -20 9 -75 68 -83 -8 89 -98 79 -59 1 -30 -22 65 -24 -60 34 47 -24 26 -11 -63 82 35 65 -85 -40 44 -91 1 47 62 51 47 84 89 -27 -38 42 68 79 92 51 -13 11 49 -12 32 -34 -24 38 13 2 -68 3 73 -25 59 -99 33 -18 44 -33 39 51 -21 43 95 85 -3 -26 7 -7 -29 -29 -77 -44 -19 37 63 49 -78 18 -60 -88 -88 -15 71 87 -21 -49 -30 54 -34 96 -3 31 -16 -73 49 -49 -60 -49 -24 -80 71 86 30 94 -95 -62 46 -27 -14 69 -29 45 67 88 -58 -21 -37 -47 -96 -69 -48 -33 10 -35 -35 -38 95 -90 -93 83 -47 84 31 -52 -47 -51 93 1 -27 -37 -21 5 69 64 -41 -46 -45 -42 17 -56 78 29 -89 -62 20 -60 37 41 -94 14 -7 -55 -50 21 64 -19 43 -21 54 -5 18 42 -37 -83 18 -10 -60 88 36 -49 90 -33 7 49 76 -78 33 -18 14 93 59 -52 78 -53 27 -64 -9 -13 -74 60 47 93 -14 29 84 -48 -99 17 44 -19 -48 -72 -96 -49 -80
11 43 -82 92 59 -80 83 37 72 99 44 -95 7 60 100 -25 -5 -76 52 -86 58 68 21 -88 49 91 14 16 67 -33 -79 -72 86 -89 -23 -4 70 86 -11 53 -89 88 -94 -25 -44 -73 84 48 10 74 22 5 52 37 89 19 19 -67 -35 -44 -66 78 -93 15 38 -31 -75 -32 61 85 -69 -82 37 58 -99 99 41 -77 79 22 -67 -26 -68 58 70 -21 -43 89 -51 55 -47 -64 -97 35 44 -61 94 1 -54 37 -51 32 57 33 68 77 39 19 -93 -48 -98 30 97 59 41 -81 46 -75 61 46 -15 -23 23 51 16 94 7 42 89 -55 91 89 -84 -10 -46 -95 86 -57 -40 -73 96 39 -21 -22 -7 37 48 -14 -86 -12 -46 11 -7 27 25 54 65 -53 8 35 14 54 -33 -97 63 18 -35 -9 20 -7 -53 31 -78 -25 -35 -82 85 -94 66 -61 0 92 27 82 37 -62 71 15 44 -26 36 4 52 -79 -84 -90 -84 7 48 32 -89 -79 72 96 -96 92 -38 -73 -95 56 77 17 76 -34 18 88 -18 -99 -36 14 19 8 -75 27 87 48 -23 -66 -30 67 5 -22 61 36 48 85 -87 46 -42 -21 -5 7 35 -4 -54 57 -14 -94 38 -54 94 -8 -63 -48 97 93 -25 41 -24 -90 -11 22 -97 -41 85 33 -9 -96 57 -30 14 -3 -11 16 -76 28 -49 90 24 89 -47 -14 -35 7 -17 35 -50 -49 80 60 3 -31 29 92 -34 -14 87 65 95 98 -5 -52 79 -76 -73 51 -51 79 -7 49 -56 53 -87 55 -51 45 -92 97 -32 54 57 -63 48 31 -72 -1 5 15 80 -20 -50 -40 -73 22 88 -96 51 -98 45 53 55 18 67 -96 81 28 -65 74 58 85 76 39 34 -62 -98 -2 -58 26 90 88 56 51 -73 -5 -87 -97 36 -31 -48 -62 7 -69 -94 35 61 -73 73 -73 -4 7 82 -77 46 -22 55 -88 92 -90 -99 -69 26 45 -94 -56 18 -83 5 -35 60 32 -30 -89 -26 -93 31 100 33 -86 82 80 4 42 -70 -78 -19 -93 71 80 53 -29 78 26 13 86 -50 92 -14 -92 53 -39 84 -6 74 51 -79 95 21 42 30 -43 35 -64 70 97 -46 76 30
17 -25 -53 66 42 -55 3 80 66 -4 -33 -93 -70 74 61 -62 24 62 -34 48 -18 95 -13 -98 -58 24 81 -53 37 -9 -20 23 91 -56 -61 -46 -77 34 59 -72 -7 -3 55 23 -17 -31 35 -32 -26 14 67 72 -87 49 47 86 32 -64 6 -92 -32 -2 95 65 90 31 51 37 98 -18 -79 -8 -59 -50 -24 55 -45 27 21 56 -46 -1 20 -46 87 68 10 -55 -15 -10 -56 3 -96 -75 -33 -58 57 21 38 99 -48 17 -95 -70 0 -36 38 -47 -78 2 -81 81 -4 -96 12 -47 -79 84 -60 -86 38 65 0 85 -24 100 46 93 70 88 -82 52 10 2 -89 -11 36 9 19 -33 -83 -11 -32 -58 52 100 17 79 65 -58 42 92 1 70 0 53 -15 23 -59 -45 47 -29 37 24 81 78 -36 -56 -43 -68 -54 99 -88 65 -29 -9 -42 -85 -13 87 56 -13 -3 -4 -18 -3 23 -93 89 -83 -18 -80 47 8 30 -66 -84 -92 -17 -16 -7 -81 33 44 -21 -69 4 -76 -88 -25 54 64 58 -35 31 19 -56 -69 -26 -62 24 82 -39 10 41 -60 -71 72 86 -94 79 84 43 22 -59 56 12 23 73 -39 -5 -50 59 84 28 -55 35 -51 -40 -54 -31 30 63 -72 -88 -9 -63 86 63 -54 54 59 -3 48 -48 54 15 -72 7 -55 -52 81 -1 -8 -2 71 25 77 83 -26 -95 -70 89 2 72 -47 -26 -49 97 -86 -83 87 59 53 69 -26 76 -35 27 61 -42 28 28 -37 32 -11 -44 10 -65 -62 11 -99 -72 -40 94 -42 -72 -19 8 -76 -29 -35 -66 -3 -88 -45 12 33 27 2 -60 60 -82 -33 55 16 74 31 -13 54 84 -84 45 -67 -78 94 83 -89 -31 33 -14 52 -80 58 -85 -16 -17 -38 -14 49 30 12 -31 -69 -84 -43 -84 13 -74 63 42 58 3 43 -32 -30 16 -22 -23 66 -70 -58 -22 -97 -99 42 32 88 38 88 47 -95 87 5 69 -22 -91 -67 -33 5 79 -49 74 57 82 38 12 63 100 50 -13 72 -40 -87 60 76 98 -62 8 -27 87 80 30 81 16 7 59 60 28 -85 39 43 91 17 69 67 38 40 75 47 -89 -58 76 -20 60 -37 -21
-42 -70 81 41 63 69 -78 -61 -16 -58 21 -39 -69 41 -63 -14 60 87 68 -43 72 84 62 -78 -51 58 -40 70 -82 -16 19 76 73 33 -47 54 -17 94 68 97 39 -28 -50 -65 -55 -77 6 9 -65 -34 -87 -17 8 18 88 47 24 1 13 38 -94 65 12 -44 20 -29 8 -5 -39 -46 -66 -14 -74 -66 94 -35 91 50 45 11 31 79 -58 -49 -90 41 -59 90 25 -52 -37 -59 70 -56 -3 -89 49 23 -92 -40 88 71 5 -50 99 32 -58 50 4 31 -2 38 -3 -96 55 -25 35 94 -57 81 -30 63 37 2 86 12 97 60 -17 -78 46 31 -78 64 -18 -7 -57 -3 -8 -61 43 66 -21 61 -32 -71 -58 -18 -19 48 -77 12 73 75 -35 55 36 58 -76 3 57 36 44 64 -50 16 27 68 -79 -88 23 97 -95 2 -88 77 77 -98 -53 -70 -55 31 -73 -48 -46 -73 22 11 -48 10 -32 52 -23 -33 39 73 -34 41 56 -62 -36 -74 -64 -93 66 55 -11 60 30 22 -90 -17 94 51 -50 58 3 73 37 -98 -80 -2 -65 72 -47 77 -35 38 -41 74 12 -9 98 67 90 -71 13 -73 41 58 -21 52 -69 23 97 0 67 -97 -36 82 -69 -18 -97 39 -73 -38 14 28 -87 19 -37 -83 -21 -41 52 88 -21 70 30 -98 -99 -71 94 -16 -7 47 26 9 46 56 -48 96 -84 17 72 -37 42 -63 81 -52 12 -30 70 -53 -33 84 86 65 -43 53 -90 16 -18 35 85 82 26 -30 68 18 -58 40 -39 90 -73 -42 35 98 -98 -35 -15 -25 48 57 -92 71 52 53 19 24 81 26 -48 -99 88 76 -85 -84 -86 -86 -9 76 0 -66 -63 -11 88 97 -90 -49 13 5 7 -46 -27 1 77 42 32 61 69 54 -94 36 20 -73 -16 -37 -22 -62 -31 22 67 11 90 4 -85 67 6 55 -91 26 -87 76 -21 -13 8 39 -53 -86 -43 18 28 -55 -64 -18 -36 24 -40 -56 -59 -68 -99 -1 52 89 -92 23 -75 -42 36 -75 -29 -69 83 4 52 38 21 -87 -34 32 -94 -2 64 69 36 -90 97 6 47 57 94 69 7 37 -73 62 66 -92 -78 -39 44 44 -55 -25 -13
37 80 85 -12 -57 18 -74 41 -99 93 36 86 -71 -47 91 55 -23 -97 33 -43 4 32 56 9 -55 71 17 50 -82 93 -13 86 -70 -46 -70 -99 6 -9 52 30 25 26 52 -72 70 94 42 -14 57 11 -24 -29 -10 13 63 28 0 40 45 -28 -33 29 -22 24 97 -7 25 -87 -91 -29 -29 51 -43 -49 -68 21 51 89 -62 -49 24 84 -21 -93 69 -58 91 -78 85 -24 -17 -72 55 -25 -86 -97 75 76 76 81 -10 -97 77 -18 -82 42 4 19 56 62 -56 -77 52 -58 100 -34 -79 6 -88 44 9 85 -95 -42 70 -20 72 58 99 -12 -69 46 -16 -76 -79 -27 17 -26 -2 56 50 34 56 92 95 52 -46 -17 86 -20 -74 -42 38 -74 99 78 24 66 46 27 -29 -59 -6 -44 55 80 -47 -27 44 -18 -70 -56 71 -45 -81 51 -5 -54 -95 49 -92 92 -53 6 -16 86 26 -20 -42 -38 -3 10 -100 57 -31 -78 79 31 23 89 65 43 -43 -21 -95 -86 24 -19 43 53 -88 88 -49 -5 66 -73 -5 80 40 90 49 1 32 53 -2 -3 -91 0 -99 -57 77 25 -3 2 -44 -76 56 44 99 47 12 84 3 55 -26 -32 -89 66 33 83 -65 18 -41 49 -7 -3 2 28 -87 -9 -54 -1 -47 25 -43 -6 -60 -96 -75 15 68 93 78 -65 -54 -89 -47 54 -12 -79 -8 -21 -85 40 -52 36 -61 -35 -6 -57 -4 -8 97 -39 -30 48 -37 -47 -53 -51 -47 -5 36 4 6 4 -50 -37 25 57 0 -52 23 -74 48 45 55 -38 -88 -35 -23 99 35 -92 40 9 -35 1 64 84 1 64 -61 55 21 -15 -60 -82 -92 40 -35 -8 15 9 -100 -75 -72 -21 18 -77 6 12 70 -100 38 54 91 -51 10 -55 -41 55 86 -89 27 0 6 -52 77 -75 9 -8 47 -75 72 -45 64 -41 -96 -23 86 -83 97 33 -25 65 -77 90 -71 -27 87 56 4 95 66 43 80 -42 -21 -64 29 -61 57 81 -9 -65 -65 16 -21 31 70 3 1 70 -91 86 -88 66 -97 54 -10 79 51 -90 -46 76 93 -22 -18 4 -75 -78 64 95 -50 2 36 13 -35 1 -47 25 40 -17 -41 -1 -21
-87 8 88 31 -40 32 -96 -10 15 -51 1 13 26 -80 -2 43 -44 -12 25 99 1 -95 -91 -17 27 -99 80 -79 -98 59 -99 54 -16 -49 -50 -95 -48 1 67 -97 51 -16 7 -93 70 -94 -24 20 10 -46 -80 98 13 -52 29 -25 99 -13 -75 50 39 -80 -3 -92 -18 3 36 3 56 -83 -89 68 59 -62 46 -53 -66 -51 -71 68 8 -10 93 -31 -56 -4 -39 -37 100 -67 25 77 67 -97 -90 -62 52 -12 -9 36 -68 -25 82 -100 -31 72 35 39 28 -6 -31 -66 47 0 -11 -40 -95 49 -78 8 52 -81 93 -84 -68 97 -80 60 -88 -47 -51 -68 11 -9 -70 -20 -91 -76 -56 -65 -44 -38 23 47 46 88 -6 -83 -12 -61 72 -27 60 -12 80 -30 -89 80 -44 82 -70 66 -25 -86 58 -6 30 -22 -41 -35 -43 85 -67 -79 85 67 6 87 -62 -32 -44 -25 94 92 15 38 -54 -4 91 14 -56 18 33 49 -96 8 60 68 -72 -87 44 -65 -97 70 93 -75 -95 -29 80 -59 96 47 14 25 53 -17 45 44 -3 -60 -4 -69 -91 82 -3 -53 -37 5 22 70 -35 -21 62 70 -59 56 7 66 -81 -1 -38 -99 -32 43 -3 -95 21 -24 -32 63 30 -16 68 -85 -24 -94 31 51 83 39 -16 0 -93 28 -48 60 -99 38 76 -32 -57 -12 -55 42 -25 81 -26 -82 -76 83 -35 42 11 -80 -60 -88 1 31 -42 -9 36 -34 59 -87 40 54 86 22 -49 89 -18 71 57 -24 83 96 63 -42 98 24 18 -68 -62 14 95 10 61 6 84 1 97 -85 63 51 -46 84 -87 -70 43 96 -37 -80 18 -97 -15 87 -26 -5 -82 -72 -77 82 26 21 -67 18 -35 -92 -34 -75 33 53 -22 60 38 -39 74 29 -36 62 69 6 -43 -73 78 -71 33 20 -87 92 -39 -21 19 -69 35 -9 6 -54 96 -93 -22 40 75 92 58 59 83 -45 -55 -6 31 79 84 61 -53 90 -65 -20 57 74 -78 -9 18 -70 58 23 -86 22 -53 -8 -43 81 19 81 -11 -52 -73 -59 -55 -70 -90 -13 0 69 -86 -87 -39 -63 60 85 49 91 -77 38 43 42 68 100 -5 85 -94 3 -4 31 -19 -96 50
-13 -44 -8 -4 40 -91 -77 40 -41 50 42 19 77 -61 -73 56 8 79 -36 98 97 57 -80 32 13 -73 57 79 -39 97 -16 -75 -66 -85 -22 -6 20 -40 -27 -54 20 -34 -31 16 69 80 68 -75 31 76 62 -1 16 23 60 9 73 -95 -80 55 -79 79 97 42 -50 49 13 -83 -33 70 27 56 -44 -81 2 -32 13 -94 21 49 37 43 57 -76 72 -88 99 91 -33 67 54 -75 -5 12 58 66 69 9 97 -27 -46 -39 11 -27 -13 91 -91 -100 -63 71 57 80 26 35 -84 29 91 -74 81 -89 -72 48 57 -69 84 6 -66 -11 -15 -68 36 87 47 -67 -12 -51 85 23 -33 19 -30 -54 -34 78 55 -11 88 -54 -64 54 -96 25 -100 -34 -18 84 -100 -28 -24 -74 -6 54 77 -12 46 -81 -53 3 -15 21 21 -91 -99 -67 60 20 22 -7 -1 44 70 -81 48 -93 -73 4 -41 -57 -13 -29 -2 60 20 56 -61 -61 -45 -24 -89 -54 -68 50 26 -27 100 -94 -83 62 99 -60 82 33 -55 65 26 48 25 -37 -95 17 32 -71 -16 -5 -28 -26 -92 -89 -11 29 46 61 -61 26 -78 44 -55 -18 -54 -93 40 54 -14 -10 76 67 66 87 -92 -25 -21 94 -57 -71 -98 31 89 -77 79 75 -95 -7 77 33 80 -20 62 5 -33 83 21 -65 -64 -18 77 -35 62 -18 41 -70 -31 38 -84 -7 -94 -29 29 -50 -58 -96 -70 -52 -42 -13 -76 -20 -82 50 -80 87 63 60 -64 -63 -84 78 -30 13 18 -66 73 68 4 -50 -82 -42 -75 -34 -24 -70 -83 -50 10 -81 38 93 -9 65 -13 13 -1 57 -60 -47 0 -38 20 -13 34 -32 97 26 23 41 -46 35 -89 -29 79 -99 -98 10 12 4 24 57 -63 -34 -20 76 97 -10 4 36 -78 63 65 99 -51 16 44 79 -26 4 -31 -86 32 -74 -76 29 -65 -23 -23 44 -50 -45 5 -16 -18 25 -30 84 76 53 -53 47 47 -11 1 36 -54 4 -80 23 -92 27 3 -56 -31 -63 -66 -15 9 94 -34 71 -30 7 48 43 -15 93 26 -42 -41 15 -55 -46 19 -79 83 -65 17 -75 13 55 5 21 48 71 -90 37 -21 -58 13 8 -5
47 -18 61 -53 -1 40 30 14 77 -5 -68 85 -68 -91 -96 -88 66 26 14 -55 24 79 78 -5 -52 70 -49 -68 -1 50 -85 -95 -91 12 -7 -51 -61 22 -90 73 -11 17 15 -17 3 84 97 -66 59 27 -58 -47 -69 -31 -46 -49 4 90 -62 72 52 -97 -55 -17 40 27 96 -62 6 65 -81 -76 40 35 51 -1 -3 -13 23 38 -35 -66 -88 -87 26 -23 -23 22 -15 -94 -44 -64 29 -8 -20 11 -37 25 -97 -82 -98 -100 -52 12 -98 -60 -8 5 -5 -63 -64 -22 83 -9 55 60 -36 -86 97 15 66 -18 -47 -93 100 99 -91 -29 -18 -87 46 -80 54 -78 59 39 96 -1 24 -2 94 -76 -41 93 -31 -15 13 -4 77 30 -51 -41 42 -44 -51 -14 -98 61 -8 78 24 -99 68 14 22 -53 21 67 -96 -70 -53 -90 26 -66 -11 82 77 20 11 15 -78 58 18 -41 0 -84 73 -58 -92 -18 -25 98 -96 94 -65 -33 45 44 -24 83 4 41 -71 76 99 76 12 53 -36 96 55 49 -32 -2 38 75 62 -68 -14 -47 59 -95 78 29 62 -68 -16 -54 18 -5 -55 45 -89 -65 -8 -69 -21 94 -56 44 -68 52 64 -26 -45 34 53 -70 62 64 24 -9 39 -25 -52 -54 -8 75 -21 -22 -96 -91 91 -12 100 -72 1 -22 5 -66 64 -11 -91 -21 -23 -4 80 87 -97 -6 -69 28 -27 -93 87 18 40 -33 89 52 0 74 23 43 -62 -49 -82 -90 -17 -50 -31 4 -96 -78 -46 -22 16 -46 -90 74 96 61 7 98 -12 -13 57 42 -51 54 -94 -63 -29 -66 20 41 4 -87 17 35 -51 68 16 51 71 36 -45 -66 -33 36 -100 60 45 -6 56 -41 -27 -56 -86 10 -88 92 -74 60 -65 -13 57 96 69 -60 -96 -60 -42 -44 96 -46 -95 0 -71 -38 87 -27 84 -87 -5 -72 56 18 -16 -82 -96 54 -26 52 -33 93 -81 -90 -10 -12 -3 -68 62 23 26 -62 -10 -71 -87 17 21 -44 45 -32 67 -72 35 6 -9 47 -48 -21 -49 20 79 -98 -91 -41 -95 -36 -55 37 0 -4 -70 73 -18 68 -65 53 -25 20 20 -39 -59 -52 -68 77 13 52 14 55 -40 53 -84 -44 -79
59 -11 31 -82 3 3 -60 -21 -49 69 88 30 -41 54 76 70 -22 10 -90 -63 52 -6 -10 -100 23 73 -73 -20 -29 -84 -10 61 -36 7 45 45 -57 13 61 -72 -17 16 -94 -34 92 6 14 -9 70 -56 -12 4 -43 40 4 80 -80 -72 86 -49 -90 50 12 69 -99 -62 57 92 -22 32 50 90 -78 -91 74 -36 35 -60 -38 -23 48 -90 -18 -95 37 -73 -52 29 -13 -66 67 -94 89 -42 -40 -33 26 -48 -96 27 -21 -28 -17 15 -6 98 -83 -82 46 90 69 -15 -67 81 25 -53 -74 -62 99 51 51 36 83 -47 64 20 -17 -71 86 0 35 -30 11 -72 -22 -64 72 50 -83 6 -19 -54 35 20 -97 -77 75 -13 70 93 7 60 40 31 47 -14 -58 -90 -37 71 62 -35 -60 81 -85 -14 -33 52 66 7 -83 25 33 13 -86 -85 -38 89 30 -49 -39 -9 57 97 89 -97 49 -44 29 -13 -94 48 39 71 3 44 -83 -14 77 61 51 24 5 -39 18 -64 -96 3 31 -73 -98 52 -71 -38 -41 -39 -41 88 -3 78 9 -16 -24 -9 36 19 -57 24 27 72 -42 33 14 -83 28 -20 -24 77 -25 33 -72 -56 69 88 11 -80 73 70 -8 63 54 25 63 -11 35 32 27 -67 -79 85 -16 -40 68 -29 -96 8 38 42 33 -24 -95 -75 -48 -15 87 61 7 -18 13 -12 26 29 -57 91 -64 65 -2 -87 -32 3 65 84 -24 -82 -57 36 86 -22 -2 -19 -74 -84 -99 27 -86 22 25 -59 76 -67 44 76 33 -86 90 89 -65 61 -32 4 -47 -48 -53 21 -29 12 -65 73 47 10 34 76 -22 -44 -40 -58 -28 -3 -39 16 -25 -9 -93 -41 -74 36 33 43 74 87 3 -19 89 -30 12 -93 -95 31 -90 -8 -100 -39 6 -19 78 89 64 70 -60 68 7 -85 -74 95 70 -61 -14 6 74 61 -50 -57 -64 83 -54 -88 -73 96 47 -7 -99 -71 -72 -97 92 81 29 -77 65 -94 -10 75 63 9 -18 29 -2 -6 37 -81 45 29 80 80 88 -68 39 -53 -34 20 -34 90 90 61 33 -36 -79 -53 64 -55 62 44 81 -66 58 49 46 12 -43 1 -71 -5 -84 -33 -85 12 72
-17 -92 67 53 -43 -42 85 -17 -62 54 -36 -60 -72 29 96 -68 -58 7 82 -84 -33 97 -19 -73 84 4 15 54 31 -59 -54 95 -94 49 13 -15 17 -24 29 27 45 80 -66 3 -5 -74 96 -93 10 3 33 -27 -97 25 -53 -32 25 -54 -10 34 -86 62 -45 60 -15 -45 44 93 -69 36 79 68 -95 -41 -60 -89 -61 43 -21 31 72 -25 34 -22 41 -89 -94 -80 74 69 63 -19 -41 4 16 -74 -96 -62 98 -4 -88 -45 95 9 54 94 41 34 -78 -80 -67 55 -80 41 -96 -40 -71 3 -74 74 26 33 29 -64 93 -48 -70 45 52 -99 -79 85 57 -74 76 -77 -2 -5 55 6 33 5 78 15 -75 -91 -62 -6 95 -65 -26 -99 54 2 -65 5 22 56 -11 -40 1 56 -3 99 31 1 -21 83 -12 -31 91 -38 44 -35 -6 -15 74 -35 -6 -82 28 -98 49 14 53 -19 41 -32 58 -74 53 20 28 -71 -66 26 -76 16 -7 86 -96 -91 12 19 43 -12 -50 62 -19 76 -48 -97 -92 6 93 -47 41 -15 94 21 68 55 -61 -10 -19 21 44 22 61 -9 23 32 77 24 -3 44 36 -81 27 -50 -34 2 -51 11 -12 48 -97 16 27 -30 -46 79 52 64 -47 -79 100 28 27 -11 -29 49 -50 64 47 -69 -73 49 -8 64 86 -44 -69 -18 -39 -1 14 -60 60 -90 -87 -9 -7 58 57 -58 -93 51 -99 51 -44 -35 8 -90 94 -83 -31 74 -29 -44 40 -73 -44 24 -91 -56 61 32 -78 69 -24 -63 -44 39 32 71 -91 -46 71 69 -77 -88 -4 34 94 37 54 90 -90 -65 -9 -54 56 21 -33 -54 -81 -61 -6 0 78 36 38 -15 -95 46 -61 -71 3 -10 -37 -25 25 50 -12 -61 -88 -71 41 19 -73 6 62 -97 -32 -58 -69 -63 81 79 -63 27 52 -10 52 100 -88 98 8 15 86 -15 -91 43 92 -33 -9 1 2 -27 43 -59 -17 91 -89 41 -9 29 -24 -49 -69 14 -12 -31 -29 20 19 -97 6 7 98 19 -37 -70 -50 64 -64 -93 -91 -20 -79 11 73 -61 76 -8 34 21 -1 82 -7 9 -73 41 59 -73 -60 -1 -63 92 -91 26 -1 24 47 33 -81
63 -16 37 -49 7 59 87 37 1 -18 -21 -7 -93 20 79 -35 41 71 -28 17 36 -10 -91 -82 -72 -35 73 46 74 -48 -84 -51 -55 -60 26 19 -4 2 76 0 -76 -8 79 35 -92 -82 -16 42 43 39 -11 63 27 10 -43 88 35 -97 91 94 16 -46 -3 13 55 -66 -14 -9 -59 -21 71 39 91 -84 40 -96 81 -54 32 86 26 -32 -62 -37 61 -3 33 72 80 -70 -64 45 96 67 -21 -58 -97 89 -1 7 15 35 -12 -26 69 51 -54 -24 -12 -56 43 77 -76 56 -10 5 -94 23 47 99 -84 42 -96 -78 81 81 -17 -70 31 -51 30 -16 26 2 -87 -89 20 -35 -70 1 27 -31 -99 -45 -82 89 0 -80 42 22 37 -35 -98 43 19 -29 81 62 -34 57 -98 -47 -67 34 -42 43 58 12 -52 -65 -75 62 45 9 72 -93 -20 -70 48 -60 95 87 27 74 -9 -66 -1 -78 -15 95 34 39 13 -48 27 -40 41 -25 -31 -14 51 -1 -35 -26 89 13 -31 84 54 24 -33 -57 -16 62 2 82 12 -67 -99 -84 71 -41 49 -84 9 -97 -6 54 46 -16 56 65 -47 57 -75 64 -62 -40 45 29 -95 93 -56 65 2 -62 -21 -91 -88 -67 85 2 37 -49 57 -56 36 -84 34 11 -13 -93 -58 68 -17 22 -66 -33 62 68 10 85 -22 -34 57 77 -9 -68 58 -13 9 56 -24 -86 62 -37 48 -84 0 -59 88 -43 55 25 12 -70 -31 -99 36 -23 15 -7 -71 -15 60 25 9 49 73 18 52 -20 42 57 53 -96 77 14 19 34 43 89 98 87 -43 -59 -30 -67 -87 49 58 -62 87 60 -95 42 15 -78 -31 -66 -46 -9 99 -93 91 -61 23 -75 32 2 -78 38 83 34 -7 98 42 -13 15 -97 -47 -28 -45 81 5 97 -76 -43 66 -93 -17 -6 -81 72 14 9 31 16 -17 16 9 -75 55 -32 -85 83 87 -6 10 66 -22 76 -21 -26 36 -95 -54 -95 -23 41 19 -43 -70 -37 -51 81 -9 -35 96 -47 -58 11 -57 -7 -47 73 18 7 -90 29 -95 -48 52 -44 28 42 -84 45 87 -34 -29 -60 -26 -76 -94 32 5 -56 71 81 -25 17 70 40 -55 -91 59
