7108
33
337
570
4240
446
1131
5
440
810
630
8914
29
0
58
205
1668
0
342
394
1
986
2961
242
27
476
0
1132
0
447
1145
146
498
2039244
1664
43
858
218
108
0
1219
185
27
803
2037126
14
40
5
266
696
219
115
0
1246
1183
15942
378
20
517
136
2921
1622
1493
50
217
0
2040522
120
137
550
120
552
435
797
165
0
2040921
2024856
0
1
48
315
446
516
38
11
550
266
14878
846
1451
0
99
771
481
52
1320
672
7
2067433
492
21
1055
32
0
149
272
182
2022603
59
2055285
743
20
86
592
1166
974
0
1421
1307
152
1260339
320
979
53
1241
26418
0
423
1337
0
525
2046192
439
122
1306
6
41
0
96
1720
144
1912
2048985
103
33
550
1612
1
109
2016645
517
26
1241
2048828
195
0
834
1533
13
9471
84
0
1569
629
94
9
1909
150
0
693
510
151
631
2043504
8
1239
154
16
94
1375
639
0
11
366
53
126
1789
245
356
2023113
511
962
1
1792
0
316
1131
5538
4620
122
1115
1063
1775
408
581
2872
16
0
2018829
127
31
522
2027271
156
80
65
1159
2016966
1523
3003
0
286
1309
84
308
313
697
66
235
5
2025310
2042118
256
0
460
379
1226
326
5
1027
15939
2058603
28
1103
990
2050854
0
35
466
820
55
17
13503
0
184
319
1506
248
546
0
152
176
307
2053500
2028426
454
658
1277
712
755
791
25
0
419
4010
53
3970
504
1961
1
12
1205
1445
0
1727
4452
1474
334
252
1898
127
279
227
19
428
2293
23373
221
0
488
52
447
388
1333
2041005
2
92
24654
41
3090
5
0
829
193
345
569
3
473
2054550
750
2029938
377
941
232
0
692
45
239
492
21777
986
33
2048952
991
75
219
1974
0
2163
1015
6856
411
259
340
715
120
226
69
497
1073
0
12957
623
2033805
3890
300
99
217
5
228
279
6
3948
0
411
48
1569
7
3426
165
514
627
72
5565
327
7
0
108
162
2080
0
116
2035251
44
3045
441
31
9
856
0
214
95
3215
478
74
9880
1013
1012
1302
521
1072
291
0
31
339
102
20668
353
289
731
1412
670
627
400
63
0
95
714
334
1750
454
359
794
134
760
38
216
21
2017716
478
505
49
206
972
26
53
54
161
2035167
19804
719
0
340
136
72
588
2028588
334
2
332
2040753
45
474
954
0
835
90
115
1162
448
0
25032
2045
1519
731
137
2021896
0
1
477
132
18
6027
101
788
650
276
201
443
195
0
169
1115
120
1359
470
77
1436
247
1413
1042
644
472
0
2038296
1098
287
78
1713
437
159
0
53
1545
71
13881
0
44
490
0
416
3149
42
1028
420
475
18028
550
17
0
135
2032699
504
11
40
947
0
289
61
303
1429
905
0
572
626
671
228
12
6847
1072
89
859
1015
78
531
0
676
288
511
2036406
2108
19
392
129
357
1455
13062
3
0
552
1051
1532
253
300
635
410
176
4353
118
2
832
2041209
212
293
52
194
1770
15
170
1151
543
2495
1827
614
0
173
27
292
2019154
851
54
1216
737
2027124
2026578
7
38
0
2053410
1134
887
36
36
98
756
742
1249
2046549
1054
379
0
5040
74
325
980
24706
663
1006
464
46
1859
1718
290
0
179
14
2037183
202
61
2305
1108
1448
54
119
784
76
0
4263
1
10
1338
3528
9429
935
259
18064
185
10
12537
0
577
6
629
150
999
971
15
424
41
525
1610
519
0
38
1433
58
760
645
160
923
3129
1101
495
337
3
0
9
1943
16318
600
1500
2052969
4578
15
35
1331
218
33
0
169
184
298
2352
2278
262
1148
2050329
559
7
570
21903
0
1293
2035188
0
3
973
43
21
542
4956
154
49
2834
2027208
815
216
311
423
71
426
2020803
236
1558
18
17424
121
0
48
3904
1078
2040879
27
31
464
2055537
633
373
2364
154
0
1
250
7
320
17
22
2045121
1411
529
241
27
1644
0
873
75
119
121
2041299
1277
283
1895
281
832
2031450
16
0
454
2065
20580
130
2068
204
44
27
1135
235
789
1
0
2036127
3
2006922
16
23
500
110
356
542
423
1552
9366
0
302
1043
12
36
684
184
852
78
1873
3045
158
18
0
850
390
1549
1939
327
731
592
42
1260
6
410
2059
0
603
2
116
17
15
4368
1582
1505
0
87
5
460
0
369
138
203
5460
907
8
11
129
250
79
1265
344
0
357
21546
62
1186
2063328
10
385
2495
50
2030340
593
3
8256
1044
929
2
3815
115
2509
115
77
517
3
16968
1186
0
861
79
79
2047242
432
99
1060
1526
2033110
3690
336
1421
0
615
2016100
2029644
301
841
68
2045248
591
117
1087
690
1403
0
64
85
25
3
1092
140
3161
911
1028
90
1048
1948
0
39
1155
1197
341
27678
299
68
43
94
10
820
520
0
1060
262
521
331
4
8
532
3814
69
179
1568
2053710
0
1275
1376
91
23
536
1226
747
3
46
2037792
53
19
0
69
695
154
974
2018997
679
14514
2034285
133
818
3328
1021
0
519
592
72
14
477
33390
1795
396
1744
2032825
3385
171
0
117
567
507
5652
245
618
1751
8
379
1743
1469
499
0
54
2051943
433
1561
267
1555
236
550
10
1367
1533
2889
2057827
670
605
287
274
39
35
184
27048
2176
3687
6048
705
0
1365
89
2
1
135
389
198
572
10878
707
691
283
0
16
187
1431
36
387
755
23610
894
247
306
545
1225
0
2149
47
1408
1757
210
6
428
2056965
65
4
164
18
0
1289
1483
2033214
398
1416
1102
736
1121
8211
17913
2032626
2044890
0
8736
359
13
45
1013
1080
850
1124
157
199
54
14007
0
342
92
123
2020866
2049090
802
8
1278
714
2034538
1997
685
0
2352
1492
155
1729
197
2044749
96
10842
894
298
1425
1
0
606
2166
8
102
442
2772
794
289
2048449
2026557
1216
11
0
100
74
22
2027923
13944
3929
111
1831
606
23646
1317
41
0
9
3381
26
0
0
140
3592
21
1172
28896
940
909
2039871
21105
1264
1927
103
590
25
305
213
22
480
14493
13
0
345
136
784
198
29
79
7
7
693
1059
1548
459
0
170
970
49
143
174
436
2043085
2019753
438
2042
593
20
0
8
96
703
770
8547
122
2034726
232
71
1574
909
49
0
151
2038086
1512
104
4
62
879
43
2713
1965
496
625
0
16485
96
6
1382
2029917
112
88
515
123
987
23289
1444407
0
1042
639
2380
10542
198
304
8
2051799
72
252
87
803
0
1
72
24
210
41
355
1390
29757
1286
145
11
1640
0
25392
195
2463
1190
41
588
22
7
290181
612
26
860
0
73
1437
859
27321
2012865
150
2072
2006040
1
277
262
300
0
533
9240
338
92
670
589
60
32382
732
2047641
55
0
2037225
522
1232
12
950
26
2
291
956
2054
4858
2016
3
0
3549
389
2730
1643
1802
659
80
27
27804
639
11613
1606
0
1257
749
271
91
354
52
2054319
496
121
16059
1206
1188
0
15
114
1
1
2022241
292
670
687
34
68
2042002
11
0
483
11
2045068
479
590
809
319
1354
1542
5
653
2042394
0
2415
45
14
593
426
203
128
3087
1666
418
793
12565
0
1
778
432
42
808
832
653
59
71
2004171
57
227
0
20665
160
344
2745
37
150
1202
12526
393
42
1065
196
0
588
0
992
4600
780
9303
853
870
318
642
1187
426
0
166
4
27
2048223
56
536
979
1078
684
1631
1543
1322
0
4
2694
182
897
24018
996
38
352
953
98
230
1256
2040070
337
4599
2082
59
353
3244
513
1428
18
645
2583
1202
0
92
5
3763
94
2723
32
745
665
7077
25
1182
290
0
879
882
2960
2020971
565
646
2044176
3403
0
597
340
93
0
26
287
1008
347
2033802
11
30
3786
545
38
233
38
0
390
63
11550
309
2031912
231
1160
1831
1428
1141
235
1037
0
2033319
129
47
56
0
2036133
96
38
8
46
471
2856
0
16359
126
693
838
9
2838
310
3
280
3501
768
7
0
41
277
204
140
1027
506
24
2045887
1328
516
611
15120
0
207
3454
28
33
6
10143
2138
486
749
14826
1043
1292
0
1903
324
811
2035545
203
24
2093
483
404
17
1365
1298
0
100
819
0
114
1140
3460
37
3962
267
50
391
1393
13944
1199
1139
356
3597
162
19
337
1876
877
798
2036700
120
0
1254
261
1957
398
371
2720
693
7
2054217
26
40
1315
0
2699
222
304
3
1809
542
2029287
0
131
5
74
20
0
3659
196
12
55
6658
301
416
514
220
153
61
694
0
22
1179
12201
75
612
14
157
1
77
530
596
141
0
2036659
210
4
2030652
736
300
844
241
7
2
375
14889
0
2061753
2
109
78
28
1384
1063
398
22
2037078
1055
28
0
204
226
321
233
313
2041005
404
178800
769
568
653
288
0
5
4
642
1124
108
896176
976
1643748
2017611
181
969
421
0
2347
1
1270
6531
182
1
467
106
63
282
1590
103
0
202
7374
1097
521
21
18
172
400
2996
0
859
1621
2024310
133
425
243
7
45
1349
232
105
1367
100
28938
100
0
337
90
21441
161
744
309
2033487
29893
1992565
235
1507
315
0
754
322
8
308
87
615
7329
17
7
350
820
66
0
5
98
611
20
31731
360
381
74
3
343
745
13608
0
21
746
12505
293
813
13
12
183
905
916
57
123
0
3402
51
1696
9
406
2022189
1843
331
3011
1511
324
6993
0
192
1
109
369
4
1087
113
6
5
6630
0
62
0
1227
629
21
72
475
46
2031828
15372
7
266
269
2
0
58
62
34
55
24
2041908
163
38
709
21
2
3635
0
77
1
50
23625
2460
464
1517
885
210
912
1687
2054340
0
1613
1004626
220
6
325
751
36
737
11
9
837
12
12789
104
2029161
1757
2562
156
232
1334
459
2864
0
1365
42
0
4
251
42591
288
340
652
881
80
5439
3612
334
165
0
499
1443
2002743
2047704
3087
149
2059401
58
13419
967
166
9
0
0
35
1755
9
6597
357
705
230
797
125
791
3133
0
9345
78
25977
18942
665
669
50
4335
2415
537
877
163
0
1176
7
2055621
197
1130
154
311
177
1680931
578
1015
2039556
0
1190
706
1554
1595
1799
231
744
1033
398
23268
1025
32
0
18
107
19
51
42
10
83
4159
32
120
527
264
0
179
11
36
2116
15
1533
12123
826
448
110
1084
1824
0
907
55
331
2001924
2028216
389
266
13
1028
202
171
294
0
24
13324
20581
464
173
2031345
1732
50
436
1129
2007636
127
12370
1237
3971
924
540
12
1325
1573
0
24
941
10248
940
0
59
335
455
1392
7
10
848
1234
4809
41
31
53
0
12162
147
5754
1419
4
20
3643
1606
1097
195
5820
556
0
5
2004741
438
154
6331
754
3494
11823
4405
1029
2
30
0
0
273
25500
116
1246
1053
3
1528
240
418
46
1
0
9426
56
801
1027
21
4
1720
1076
537
1
1047
2530
0
669
26
1259
582
258
1178
1672
121
0
2007231
57
803
0
315
165
9
0
1819
235
52
10395
713
1263
3186
644
0
1031
643
71
1981
3738
6712
8
108
1361
1864
126
330
0
129
752
49
21000
395
2043399
747
11
1338
52
307
2
0
787
441807
1674
129
378
40
1242
13
149
604
444
2036448
2029329
290
329
3
59
327
20
5
1090
63
7
15708
118
0
2166
566
2
46
2
239
2160
697
1186
176
1151
368
0
52
488
705
123
1456
53
2016960
0
811
1304
1096
594
0
3496
21
1292
5628
1399104
3323
1480
381
0
90
189
1236
0
862
1335
2988
52
612
2031576
960
228
43
3157
244
26
0
2058247
4
304
329
762
972
666
1229
4
542
13
17556
0
2483
814
12
21
151
1947
441
468
919
2063601
54
84
0
45
1848
150
1127
261
51
13230
7518
605
661
1113
166
0
0
221
409
17
306
2053923
189
2025
1197
222
6
910
0
231
54
287
16695
21
122
290
98
835
1863
1107
856
0
14889
8169
110
3192
2049972
1695
269
463
69
697
739
1605
23100
165
37
439
2011080
2165
494
244
248
594
153
2682
1228
0
0
254
306
1903
432
2041299
49
336
2163
1430
453
1649
0
0
343
183
3286
0
125
171
2922
759
16
726
0
0
377
2007940
1307
0
2688
4500
341
36
637
12
13
695
0
15
439
106
78
343
19
541
41
26
9
681
123
0
8358
117
6
2341
152
2742
8
762436
1043
148
197
2007846
0
1051
758
4
22491
1969
901
13
0
629
2045562
2064105
637
0
2045604
478
0
321
1637
1417
251
11256
6
64
81
1799
0
17
32
339
1854
2009694
1203
13671
172
1
334
3416
218
0
4
468
134
5799
82
3
28
666
596
143
292
499
0
210
2045862
206
439
29
248
336
15750
80
32
115
409
2046045
1578
10668
2044512
1080
39
998
439
887
1014
418
8311
1509
0
263
608
144
111
2417
947
2
1628
7392
393
546
0
0
615
22198
446
210
15
504
2048
2449
1848
29
13
2026203
0
33
87
30
166
10585
713
205
1328
7
1267
158
63
0
232
4
19341
394
23
1480
30
38
974
10
12621
1215
0
2862
7
4
1352
3775
296
2217
437
13
169
111
8553
0
1416
1468
1056
189
8820
3980
2026074
556
126
2033109
1021
30
0
1170
399
658
1
253
2038905
256
1491
386
0
309
1296
0
422
354
21
342
1998
2757
102
82
673
19
2541
414
0
58
301476
88
2017758
20
556
581
301
1344
14
93
721
0
27
1959
1522
28
486
22575
1569
484
690
608
1121
2390
16191
197
92
434
140
509
1564
6
22
139
0
14700
69
0
2287
353
1152
22
1174
25
643
2066
16128
0
40
1140
0
203
154
7
49
3902
417
2036049
52
973
150
0
101
0
210
22
2036973
113
27048
16
1246143
656
472
1288
698
42
0
1086
900
12621
0
258
98
2011153
686
1347
2081
2005074
19
0
13839
4
262
1327
852
333
10
146
173
26
46
12270
0
2394
1667
454
353
2038821
695
18
126
39
13866
900
616
0
63
402
884
14
909
1225
783
2028804
65
376
127
2015994
0
291
217
424
383
1739
12726
317
2031408
1160
230
134
0
0
197
2052933
1101
2043378
1000
46
15771
655
19
0
1
6
0
1241
2310
2014545
8
1324
241
15351
974
0
560
117
72
1113981
6
23
1491
56
846
520
638
337
2016792
1712
4788
350
0
17
78
12621
584
1331
1590
97
108
5166
70
6
169
0
6
117
378
11
234
2013
2026378
733
1321
54
61
442
0
1076
357
14
4
273
385
385
193
350
882
429
931
0
57
435
2589
48
3
1242
709
1167
265
44
905
187
0
3717
1646
35
10
403
260
161
30
139
53
6
24885
0
99
1320
58
139
73
1413
1127
297
9
8022
6468
17
0
106
969
223
14
16
1788
56
2025213
127
707
795
21
0
1278
126
224
291
23
2015517
339
48
1274
161
45
2035455
0
1
238
1231
21504
1061
1727
2022063
83
39
275
852
215
0
99
10867
372
102483
157
2024499
7
4
0
284
372
220
2046822
447
749
41
3426
437
19740
16590
383
4053
154
12852
143
0
1916
952
93
52
574
88
1142
1722
15466
495
243
46
0
501
269
20
13
1
482
2046213
69
113
334
1413
15
0
675
989
2030527
790
2206
1123
553
12
78
754
344
130
0
624
235
11172
476
1006
59
741
59
153
1770
407
692
0
1428
186
3030
739
1733
1054
139
347
154
1079
880
160098
0
1575
10
29
1241
808
122
50
2038920
1704
2036532
1986
70
0
1907
550
87
2235
984
3362
24
2045310
412
2012724
526
1233
0
377
1034
391
505
822
3213
24885
64
713
151
1964
1190
0
226
3820
1
2058
961
102
378
20
344
593
21
240
0
83
19911
2023113
6216
502
2161
6
1481
0
2
17
563
2604
0
1841
1500
231
2049196
48
165
674
132
214
822
2023597
0
2027544
2034148
1374
462
2047
1281
667
44
2041425
758
140
594
0
755
244
57
11593
553
964
8820
275
1379
2040942
1244
187
0
940
256
1147
34
2046591
3
1119
2018095
672
2462
5040
330
0
123
574
15540
1272
511
18
6
1659
59
1798
1282
362
0
84
158
542
56
1508
38
2039220
6
14932
2911
95
1828
0
460
8862
14
178
4
14
0
182
16
4809
10122
1626
0
59
664
546
129
6
17
496
24525
442
775
79
3116
0
4620
449
400
0
1099
2048712
453
640
2028447
68
12600
2010114
0
439
1004
780
14343
739
33
2022231
65
2016288
0
102
8
0
1040
2027302
2020047
470
3820
2052906
585
1
296
84
113
4
1050
3129
34
307
752
0
999
370
13
573
2034288
237
313
0
162
118
0
103
1491
616
1019
832
7077
1386
1167
989
0
1759
26
518
969
581
391
2042034
895
1565
6
135
720
0
1071
460
515
2042139
2021244
552
481
1578
719
1082
592
1585
0
136
2147
14202
966
733
1675
9
2022508
0
455
374
206
0
17451
40
1513
48
5
19677
2130
1468
0
962
543
2020908
0
94
176
5
2347
4
906
762
238
133
465
258
7161
0
76
66
245
771
315
214
2040313
9786
198
382
3429
445
0
817
18
1075
29
649
415597
506
24
123
11151
2021397
1117
0
657
25
8263
4153
100
4172
768
714
398
590
361
140
0
629
1113
2751
3
2011752
1071
496
94
1399
60
2017123
0
2056030
2037162
3363
1347
227
1
96
65
572
289
61
3843
554
0
2
110
726
460
14
214
47
575
12480
169
1883
31
0
32
159
508
827
485
47
4557
1853
84
4
209
1
0
116
2025749
98
46
4662
70
455
1699
1088
2032269
1
2709
0
2023318
7644
15582
868
5417
402
275
295
21
106
185
1042
0
4095
1622
219
916
687
549
57
988
14364
1528
347
21213
0
2018073
404
479
642
501
95
10
679644
301
2041887
1006
183
0
97
362
429
159
69
635
842
2034621
515
1762
3150
370
0
227
884
336
507
1
2036862
829
1953
2039682
164
36
363
0
11
0
1661
32361
155
141
8
2252
451
711
346
462
0
3625
14511
796
2212
1848
300
76
52
540
177
2
262
2015931
925
760
466
618
216
678
5155
725
1674
393
2835
1117
0
84
3
962
432
8
4
2012698
2324
2019333
330
583
378
0
847
0
500
901
206
291
798
12
879
371
2035608
73
0
1
86
1212
7104
5796
879
0
221
352
408
2
61
0
74
949
2048061
91
223
252
2605
2031003
24
2771
5
3108
0
7815
760
907
553
578
60
7
411
111
1185
28
2018550
0
35
2
360
514
1022
7
0
1
1184
6384
14
5
0
539
1104
281
479
1655
789
57
2331
560
286
21
0
0
1685
0
53
514
24
2045709
1672
65
484
30498
2708
463
0
28
35
643
26964
1911
2268
517
1055
717
640
76
562
0
2053101
2017957
853
2043234
1021
44
182
425
285
17
339
367
5523
1027
2046108
25
284
1619
116
15
2743
65
1767
25599
1124
0
2003856
32
24
79
25
319
3135
8
21906
4170
134
10
0
3003
1111
757
11
911
36
11740
120
4599
1678
20
8
0
2919
1118
68
567
2056965
103
69
412
40
766
3738
4626
0
71
1337
2037876
47
0
2030043
2586
1111
587
3025
37
351
0
11256
17
514
8463
58
456
226
306
237
958
5091
2121
0
214
417
1
378
7
210
1899
1741
3
15000
1412
2028762
0
4
31
2029717
262
323
245
881
12369
3255
503
2
775
0
27
1546
85
209
5712
2008245
68
585
3
505
32
805
0
3140
261
424
5481
166
151
4040
38
1098
1740
18
139
0
373
10272
175
25
16
1428
12
784
955
2022526
530
1594
2038149
1294
1924
1
4
78
304
110
44
2258
41
2058871
38
0
766
1063
702
134
1046
407
140
215
2039430
1564
339
266
0
2
588
1084
1290
519
16
21042
8
0
3
1369
0
0
1849
533
260196
722
25746
675
760
2812
279
676
68
121
0
791
1172
2045226
0
8757
0
2150
513
27
8
2043000
75
0
4728
8
28014
166
1544
27
758
50
456
57
1071
169
0
936
315
28
2624
829
1
1049
404
4074
3444
1290
3326
0
987
50
2
117
622
886
41
13713
5827
705
974
405
0
265
4096
546
1843
236
9765
512
1615
2015070
1007
293
909
0
2
313
0
2052345
89
2186
1698
525
365
1405
641
13
0
25
2040207
476
980
14
2068
840
299
114
2035125
2406
700
2023134
654
306
1167
1147380
212
1065
85
127
16
2868
2045241
51
0
1277
20
957
856
73
273
30
54
15256
1767
4
445
0
4096
63
57
17
2029
15273
2007447
283
174
1345
622
38
0
144
8
54
45
2020582
2055033
103
837
499
1490
7
529
0
0
14647
7671
12159
32
350
1563
514
90
267
38
118
0
15310
9
251
2045803
657
475
126
456
151
252
10
2008245
0
2031372
133
624
1336
87
85
3
676
111
2014461
378
316
0
898
1856
8
84
9
89
268
3717
1306
21
432
638
0
2043570
639
28
352
333
7413
972
1
12
43
569
0
0
1832
899
167
2919
1995
275
5
262
1003
685
19440
505
0
5376
126
87
571
192
797
290
1602
42
9936
2061564
1984926
10080
67
256
641
263
817
14406
79
38
493
65
23247
452
0
37
890
10
219
1132
18
230
702
945
173
1402
48
0
831
38
1693
1065
22
2
14556
1491
30
10458
288
1621
0
64
3
13230
4
210
19
1107
166
12915
624
932
36
0
111
4
1560
0
50
56
2
103
32
25
668
1162
0
14427
362
421
263
5
955
225
368
204
436
287
2028768
0
3431
947
23
14
732
49
621
13
313
5208
66
46
0
2058
860
219
150
2
11550
34
2023701
118
6
760
556
0
49
16
699
220
1770
2029318
1439
1227
744
1642
579
528
0
10
69
175
2029665
2
34
20
15
554
367
1438
96
0
1326
2040370
2029927
7
413
0
115
2033508
1
11
318
25
15666
482
988
127
572
1358
1
9
214
81
1180
14703
1364
0
414
383
1568
13
329
337
349
74
2029794
1650
77
997
0
28
1124
30
75
2338
0
2121
451
2037
254
288
0
0
234
78
24
3598
3696
377
36
196
44
0
180
1117
0
544
527
2043357
1457
592
418
139
148
330
226
3
224
0
0
2010964
210
132
860
441
514
517
153
5
1821
2011080
0
14
0
12
458
3771
202
5
2022
299
2006328
458
117
0
25
9
1296
392
1471
612
1
325
1812
19467
23
550
0
1962
9
4
1494
211
1380
875
9
782
533
594
75
0
2038626
0
11
11193
118
193
266
26
1946
30621
2034064
239
0
106
2029014
2012466
6961
318
499
6
29
230
52
35
714
881710
390
292
852
70
1377
5439
777
803
864
3885
2017575
32
0
414
1495
676
2226
1
447
45
718
37984
2043546
509
526
0
1033
261
1089
79
371
1335
2047164
4
156
2050224
1767
697
0
1285
331
153
1304
862170
353
1225
39
498
238
1097
2027617
0
5
2019774
12453
14
208
8
1
12
53
0
735
438
0
2027302
597
1071
17
97
854
105
1084
1768
44
197
7518
0
170
1047
612
336783
1772
1936
18
152
110
3003
157
205
0
1087
449
10
826
41
714
84
2042454
32
23
27
117
0
286
216
52
4721
2062239
1176
771
801
0
13
0
2030841
0
868
409
731
2058897
226
7776
736
1084
11
619
1
1946
0
0
651
351
710
922
1036
898
21
464
1117
101
2096
11026
37
246
33
522
210
1904
296
39
1110
3927
15309
0
0
1547
77
501
126
375
22
29499
1242
3108
294
290
2041551
0
387
6
258
22512
38
257
2048397
1041
150
136
106
120
0
4
154
136
10
2039139
700
51
340
594
423
205
3544
0
638
425
2006796
499
331
48
124
832
450
496
514
13
0
13545
1833
359
15
255
15
276
68
94
68
628
8736
0
221
1033
1092
1191
348
345
3470
2027166
609
1060437
20
180
0
140
48
171
54
1874
32
8
2033886
1248
18
26
2
0
1193
14242
10
6
138
11907
143
137
187
0
75
244
0
364
995
312
2019732
75
467
139
245
189
78
8
650
0
1401
11187
264
27
51
412
872
499
17
6
129
96
15456
53
738
3199
16212
120
2111
632
1233
56
908
303892
91
0
270
305
772
80
463
575
107
26
2562
68
27
27
0
611
531
2180
980
722
828
2030835
289
469
977
2027629
659
0
751
175
82
904
23247
12442
1108
1318
281
195
664
42
0
14
238
2009736
863
311
687
530
1031
618
442
9
825
0
2035303
463
758
47
4639
701
424
2043777
416
180
1211
378
0
901
7
216
118
1771
269
1224
842
239
2373
222
22
0
482
1711
16
728
413
407
158
17073
388
55
911
191
0
7
157
936
181
1111
1875
577
40
44
1484
28
726
0
976
2058247
34
2004292
337
15477
13335
2289
2
26
534
352
0
9009
10059
723
1182
2036763
293
4389
1218
278
86
840
565
11005
30
131
641
26
24
1764
517
38
539
6825
9486
13986
0
703
2025738
4
680
0
722
6426
69
1470
734
936
913
0
103
313
31
1369
145
2644
21840
2060046
522
0
20
21
0
208
258
99
3
12568
54
2028210
94
5194
148
167
81
0
29
88
14049
32
150
630
6
1335
24
14
136
1802
0
9261
1292
452
50
9
812
231
1044
879
1147
1955
33853
0
68
917
33
1
19
902
236
0
1283
23268
147
25
0
6
139
7
239
947
73
116
2013369
19
968
1519
2692
0
547
8
631
873
1285
1911
887
1195
22
655
2140
13608
0
1023
1476
4
2033109
21
36
4709
1713
356
81
286
15
0
28539
2034729
85
1344
1480
6
3001
2019
7
209
17304
331
31642
924
80
124
195
1112
365
9996
305
215
34
2027260
337
0
432
1407
599
211
5293
10158
2121
168
2033761
101
430
450
0
3
81
162
341
22
629
3030
511
145
9
1759
0
0
18
35
1879
160
4173
227
134
30
2025528
64
68
153
0
1384
848
2020599
18
336
4
550
44
12
298
51
128
0
2039682
555
1039
2700
210
322
1157
1579
163
96
2109
2006517
0
659
571
6
19
742
949
65
320
189
18649
23
429
0
1134
56
1902
83
208
326
2000
8925
349
201
106
2043453
0
65
541
193
125
1065
2042685
272
502
904
3410
155
822
0
19
861
2012112
2059878
20
564
706
159
2082
99
347
571
0
1953
24219
1144
388
10563
505
15
1106
2055027
1847
29
3
6552
1324
125
110
63
1020
179
78
1123
1197
103
12537
408
0
12
25
456
217
1436
69
2199
1
7812
18
4
1373
0
1776
27
755
1372
100
1059
10545
1162
310
5
687
28
0
283
248
1266
34
1218
10
39
315
216
90
27
246
0
565
403
18858
1101
1504
1225
311
906
3108
32
13881
91
0
693
52
1400
203
128
181
648
492
0
634
2031660
4945
0
1969
6
421
1406
29
44
46
243
20
483
247
2100
0
2057
223
247
236
1434
581
747
3969
770
1116
404
166
0
220
1
2026862
787
172
11256
39
1
4969
1027
862
707
0
1609
768
85
2038485
597
105
15540
814
2006775
1213
62
16
0
8716
183
1972093
204
204
17
201
880
409
24
1288
927
3066
7
1
30
1800
1587
30
652
112
1181
42
882
67
0
60
134
541
972
268
2035734
22743
43
11886
1045
1374
30
0
25
1743
448
20
934
2442
2055453
1374
2025612
53
151
3245
0
913
415
2384
1027
2050016
203
30
629
2
1319
10065
2019
0
115
1074
2793
250
2048277
1350
1448
208
17
137
618
692
0
2028072
710
30
1703
225
23
477
77
8841
320
1636
1668633
0
42
23
24664
283
960
112
997
564
11
2014293
1415
2058309
0
51
26
288
445
1357
98
17325
1302
669
6
143
1489
0
2114
8326
2061879
778
832
19845
1015
65
69
214
582
2047593
0
131
21
2060860
2050665
943
16
916
14679
4
44
50
1339
0
413
2041005
2971
368
929
169
714
803
83
106
861
392
5718
223
5133
88
148
0
832
217
283
2047053
493
3219
981
0
883
444
289
685
809
724
51
408
19173
243
714
280
0
0
90
96
19
1295
10
2152
166
12474
182
460
343
0
123
693
26
2025
0
895
15
542
140
1403
7981
17
0
101
2008476
2059296
507
2716
136
1
239
3117
888
108
227
0
7350
24
9
5
1214
1441
592
3759
815
41
242
2025381
0
1342
261
149
909
74
470
37
418
649
36498
5
1970
0
342
439
431
78
257
1349
711
2052891
254
334
546
1430
0
245
1305
736
1409
1329
25882
3
94
2415
538
26
527
0
569
11
1378
5460
4999
810
1
27
227
80
1687
1493
0
0
2064246
1223
1158
4
542
1269
1782
4
239
1016
513
14616
754
416
455
42
3
1353
282
119
8526
291
3969
212
0
80
266
33
471
100
431
2018
72
5187
253
582
392
0
196
293
203
378
1
67
2023722
1176
79
291
4116
1047
0
0
4802
0
2058
2042979
7854
1949
8127
2005389
181
2042665
9
0
582
2029393
30897
4
2024856
670
3990
494
481
22
514
68
0
2028468
631
622
84
1568
1016
6
1220
324
380
362
5607
0
34923
2111
37
1277
1670
440
564
862
86
2039242
1819
560
0
1019
2195
1152
171
2568
18
72
2030442
832
838
2041593
2018562
0
108
26
144
604
2060010
9192
419
2342
165
43
359
914
0
37
1061
80
24255
1190
5334
1384
665
52
4704
1323
67
0
1835
2018598
1885
19
630
297
1269
79
386
273
1734
492
20412
1761
314
0
5356
4
478
478
4942
309
54
24528
2023533
0
744
1862364
1915
1330
2040816
1613
377
2
3885
651
1351
18
0
811
737
0
889
2037078
472
241
439
449
370
449
276
0
48
259
1780
60
2043735
477
12
712
114
56
3969
35
0
1120
944
27
1209
498
286
1085
562
2049174
569
1527
1003
0
2458
7
30
840
940
406
22
2043436
566
2577
877
2031933
0
1653
12
3
129
766
3309
465
4919
298
7098
1598
7
0
913
2160
831
969
18
862
14
2033487
2040879
1042
1017
5985
0
94
962
458
16443
1707
2046969
259
1
361
1697
11
37
0
21
441
1
17256
772
18
93
6
1446
7206
263
0
0
2050224
2585
286
495
719
822
234
1219
215
2037414
124
1311
8841
2
636
1373
13020
233
1
2966
1935
6
469
1264
1746
0
4
53
741
714
323
2825
1654
29
2024457
12
4315
294
0
231
477
718
15
804
1591
57
751
6237
674
1035
0
0
13
61
2025234
795
903
1768
234
2360
52
155
354
434
0
382
2037456
2037498
10
241
2
22
138
1080
727
81
28
0
1205443
1000
718
983
248
652
36
146
209
2155
340
2032584
0
30
2030452
76
45
855
2044722
76
3
689
34293
1162
2683
0
80
111
407
209
1198
678
1828
3900
120
83
28
2005588
0
92
4
48
9
25
2038212
84
193
377
267
1747
391
0
62
20
666
5187
56
1132
2646
12075
634
9
328
420
0
398
1449
553
34
657
290
2054592
486
325
10143
6
1618
19635
371
1
251
18
840
654
2058372
642
21
1019
6090
18
0
9607
18
1175
486
105
1302
8
642
2040333
1025
266
8
0
4
524
1319
1092
1068
865
2022024
114
2
676
1543
24
0
50
969
131
1291
2015175
240
696
214
13
388
302
329
0
0
2021790
5838
107922
832
595
185
675
343
20
74
2
0
84
152
372
135
787
719
1080
1303
132
568
1951
9072
0
58
512
104
22
5
1815
0
925
2034159
879901
957
13107
0
520
17
1091
332
2006439
8
384
19992
57
163
13
8
0
2025927
501
79
386
448
3858
565
69
29
122
349
285
0
816
212
28
14658
1182793
700
609
1976
25746
110
297
6
0
69
6510
1258
2025843
191
593
2724
150
895
227
51
218
12543
861
8778
494
6
24
3
727
13
2043577
264
2043801
485
0
2008419
778
912
135
46
412
360
376
546
219
44
2035581
0
264
546
1552
10
47
1757
2042812
195
36
820
192
450
0
736
240
100
674
2038971
233
1089
3
3
707
87
623
0
595
124
4725
2028966
165
643
2
641
352
1764
37
125
0
8568
291
463
596
228
726
1791
0
448
0
492
15571
0
11
3
1
23
12033
98
359
183
117
520
0
266
0
327
112
1071
350
0
2242
18189
3276
1
60
334
4
0
478
223
20
1203
3
1431
2821
109
2250
5670
47
1174
0
711
644
573
2016753
675
48
4
144
23
69
0
3
0
36
2940
916
892
14
988
55
1911
57
144
1629
14
2017590
548
491
9
190
52
2440
4
1294
2022651
58
6699
442
0
0
1
5376
151
627
838
143
2027436
13503
1465
46
1
0
634
532
84
740
259
179
2027869
20
11
340
43
333
0
119
2054718
87
0
7734
32
629
12
164
29
208
569
0
192
6
31027
333
10
2037961
1397
5
1
705
1638
203
0
2042325
268
20
1435
3
498
1648
105
144
561
551
168
0
1193
189
191
2
1
118
19698
23
79
3948
894310
146
0
1341
16
738
296
1100
30
2743
4725
807
652
1341
1128
0
1155
335
1772
27
44
24885
1857
0
117
48
7
194
0
72
1831
522
1386
22
313999
606
357
352
1
65
737
0
12267
2011452
24738
838
1535
1674
627
2024677
1
683
460
199
2100
742
27
89
1957
1512
19
1
92
351
6259
399
72
0
13
246
41
1054
2067381
2032941
346
48
10668
58
11
1370
0
793
20
185
322
83
763
473151
233
343
956
53
12
0
498877
1254
1128
17
13944
35133
29
586
51
1496076
672
53
0
9
616
483
117
1942
26
1352
33
107
74
644
175
0
2028132
54
14826
588
693
1240
1008
27
7
363
125
1470
0
867
1372
375
944
898
525
786
643
2
6615
826
128
0
112
874
317
11865
7
14
723
2036973
4368
74
1540
1509
0
0
473
4
233
32
1008
265
922
1651
681
22
6
0
140
1564
1050
2025864
8
2430
3
0
11151
343
1999
64
0
20
8967
1319
1551
599
15193
318
214
9712
1651
59
66
8338
198
1545
2506
1877
0
128
525
41
2046
210
27159
14
0
344
651
0
859
12600
466
0
8
14028
257
587
2176
0
786
1780
1165
852
76
479
1510084
3
0
94
1110
103
0
422
312
19
114
2796
0
88
113
8820
196
1403
261
0
34
113
13986
16800
1
191
1011
83
94
91
201
2022966
0
735
259
190
32
79
99
239
576
323
16
593
11382
0
587
1638
136
404
203
13
1302
206
10
6363
366
55
0
611
187
1450
113
115
8128
894
2013978
441
89
46
429
0
676
2
517
1158
14574
7707
102
113
2028
35
52
140
0
8
11
684
2041992
1
7
840
1829
355
373
166
1852
0
1716
10062
515
651
862
1664
21
13
48
877
2033854
688
2014461
2441
70
3086
3783
182
15067
493
13
575
251
4179
625
0
3
1231
1034
2044764
19
1806
81
3
4164
569
6867
0
0
162
529
459
0
1751
315
16821
553
226
3
638
9
0
3979
0
522
1431
4662
1053
10458
1723
2234
19
554
231
0
65
532
1691040
1313
2241
64
69
41
24
815
809
35
0
12369
67
816
237
433
1605
447
345
262
19
2045898
2045232
0
921
1925
1272
244
921
4
73
5
0
5943
671
28014
0
9
23961
1513
493
30
122
882
13356
4284
367
1129
1
0
11
16
1438
216
1404
2058
285
658
1514
54
480
185
0
75
1179
1553
2032716
1830
140
2100
113
12
1172
895
1
0
1015
1659
802
30
25
174
670
1214
783
1026
772
10
55126
592
923
154
1228
12
1366
9
19
350
323
2047977
8
0
938
296
842
26
1283
1
5
1478
2029920
18
215
7324
0
4431
134
2590
250
1566
0
5166
52
2033151
0
1465
66
0
2069
138
3402
3017
29658
289
755
5
50
22
363
608
0
577
357
351
432
631
32
2008140
493
1217
6
14
9
0
2052849
1956
1901
53
11094
108
1151
2193
4
9
5733
2033476
0
2298
106
474
729
1167
2046538
1326
4831
857
129
2693
1
0
101
806
22
85
42
868
1
14427
839
1037
892
325
0
168
1051
130
105
1065
588
7644
16
845
108
440
17
0
67
264
77
3879
227
447
1376
820
195
91
31
330
0
823
105
1222
1554
16
0
423
8
961
258
36
438
5376
804
29
293
792
127
414
1383
263
285
2083
7798
90
0
222
26
1185
1170
1234
11
820
15
4032
2
1348
473
0
1849
139
434
60
918
530
2015433
32
72
21
1262
972
0
21510
1571
1060
147
10398
875
130
1
287
303
352
393
0
29
287
2020740
161
4529
264
1313
705
547
23247
1
56
0
21378
439
222
897
480
5
418
159
361
43
508
7182
0
289
2008654
19341
3214
165
19005
3323
41
26
2065266
755
2090
0
220
1231
2035461
1218
4281
865
605
13419
18
20265
991
1032
0
347
43
158
13210
2923
2036118
78
58
917
2008444
563
1922
0
24
93
777
2038255
195
717
1171
9
353
7
533
90
0
305
1027503
1440
922
184
15
334
61
37
1045
24465
516
1155
582
132
22
838
64
2042496
0
313
225
602
1386
15
0
29
1434
92
376
6
771
128
1271
4746
224
47
188
0
1343
188
232
16
454
505
16383
217
8589
170
843
1137
0
819
4222
89
3
420
317
393
447
43
35
121
889
0
1650
119
3360
385
434
759
655
2061420
118
505
52
64
0
15711
475
1646
777
14427
32
369
2152
56
633
756
273
0
0
43
23
192
41
406
77
524
139
2030778
3948
347
0
39
24
10
928
3043
518
1460
2032090
35
738
207
38
0
47
551
506
1177
35
777
2779
115
1073
495
805
17
0
217
197
1400
10479
0
145
136
879
88
65
1092
233
0
428
4431
977
337
6
268
2
6
50
183
1321
10920
33243
2828
54
1145
3127
5
31522
69
467
2011963
491
10443
357
0
1415
1659
612
132
104
40
1731
943
2037220
26
18
42
0
1139
13
1741
1657
60
1097
14889
94
164
471
16
564
0
219
246
0
543
23670
828
2036154
193
249
8
1428
300
0
2836
2039850
4525
229
58
617
769
128
603
994
12
1001
0
4924
221
1523
1029
534
365
12
162
176
9
129
5754
0
66
1926
27
18
1134
1254
358291
985
94
561
24
618
0
41
4767
1018
1437
4
225
2026557
38928
9
2488
1019
1059
0
204
217
1666
8
0
609
35
47
1014
194
119
446
0
401
630
15
17866
1121
24
120
40
290
396
1733
1463
0
187
2012823
16
8
0
402
569
573
16758
8
73
1363
28371
43
364
648
204
1254
1143
524
171
82
280
2033970
280
0
1595
4488
46
174
64
2644
1668
146
13188
751
662
9
0
64
508
277
429
547
22
30429
1834
132433
84
45
1135
0
116
0
318
869
2031
86
1720
929
447
1079
107
25
0
1628
467
9807
15
304
93
70
164
813
153
949
38
0
1344
12148
423
1134
106
126
777
1357
0
66
1365
14574
0
30
7707
25
426
389
471
437
598
1702
399
176
6
0
7
757
36
899
933
40
803
463
79
124
52
27930
0
152
3
0
29
436
2054614
511
457
2013075
2049258
782
78
0
1843
97
933
2029540
12
43
178
216
42
73
886
584
0
986
841
305
407
32265
799
290
1
2021061
0
211
1062
8127
317
64
29316
502
286
18
108
379
623
238
10269
12
0
114
30
494
674
167
1900
2
427
23421
898
436
70
0
961
8
2002323
1675
640
233
2048166
1198
656
248
725
1033
0
351
130
714
16
6238
11
170
531
1791
3
248
20
0
19
1435
4390
1019
1504
229
1173
670
755
501
235
12
0
1009
664
1551
168
178
31606
22
641
602
109
454
168
0
235
875
695
15204
2604
90
1467
131
471
316
516
211
0
679
1714
744
539
295
67
55
3381
41
52
113
665
0
170
575
231
463
326
6195
902
341
2453
122
1563
1433
0
726
0
1109
2059464
1043
54
770
2502
486
683
38
22
0
2105
8148
479
2046717
4
213
591
19
5
1887
8
230
2021958
3553
357
0
452
819
177
1977
495
14
1220
2023263
862
0
1457
241
20
367
326
128
1053
1303
17487
630
1365
227
0
425
937
10164
86
2023386
394
2447
161
0
231
578
2012151
0
473
1123
10
108
6495
2019564
2804
1
2041047
1028
19
2036143
0
142
0
3886
1140
1289
121
11
409
55
2033046
909
437
0
2044407
599
30
67
95
1357
55
242
711
419
1
2032563
0
137
21
1
1022
492
2035104
2
1135
403
2011842
906
463
0
207
228
2007636
23
13
0
17
2046066
0
893
22
425
0
498
14
210
57
107
2030841
982
325
902
13
410
2036889
0
2051400
230
137
2024289
131
104
372
628
945
565
2
898
0
77
12211
1170
2980
19
386
27
1698
63
1796
2045625
12
2020656
747
83
607
287
1844
38
1009
944
1052
604
11619
80
0
1394
904
700
2413
40
6495
519
566
8757
208
16359
1217
0
46
319
801
123
12
2053521
2034253
671
8121
51
20
962
0
1056
625
1585
667
13944
90
2556
419
760
48
103
8
0
9
3714
24843
3
205
59
80
199
840
68
458
294
0
21129
287
2035776
49
336
26
197
1888
1018822
163
2031870
965268
0
483
2041425
63
2055463
329
780
3449
2043798
423
2232
11
249
0
0
172
620
2053899
1484
3
38
2023029
638
519
1455
731
0
159
2050014
729
4
2332
2478
581
763
633
60
23
1
0
169
43
843
3970
1783
1185
3446
549
87
773
216
1335
0
203
37138
28
81
408
1022
372
727
1524
9571
3291
29
1284
3282
24
1007
164
1225
81
2132
860
40
290
4888
849
0
767
12
331
263
1737
9
4795
232
2027161
5
78
222
0
758
109
352
18663
352
227
2042875
1303
1132
1
20
27
0
1
203
3804
125
1764
1393
860
8
1685
397
1124
1187
0
477
1776
13020
909
268
5
34
28
65
1882
2003557
9
0
3942
1018
2043657
55
528
283
2384
964
547
8
264
11235
0
129
2
1147
584
33
466
1182
28
83
2034098
1262
5
0
388
9
332
732
921
1404
62
9030
53
597
78
1653
0
418
2047
3
13
1549
19209
1417
145
1
889
376
36
0
327
838
1735
2040376
23
20
146
1263
11
444
23
821
0
2040291
22155
542
684
214
574
505
1020
741
852
26733
1656
2055831
107
2033424
1329
62
1999
512
1627
2062677
1744
12925
1491
4
0
1213
420
798
0
627
4
1035
744
23121
94
29
3889
0
1698
379
934
322
328
17
2919
7
210
383
364
422
0
76
167
515
513
840
20
35
681
228
311
71
305
0
55
278
2028447
1155
0
827
1019
12
398
334
23
95
0
2045499
1153
1
727
160
3543
1205
1065
2013852
1088
402
504
0
26
83
0
214
941
25
129
443
768
63
1127
84
0
11
334
2
1632
180
640
737
9565
16
9
242
546
0
702
9
753
1
893
616164
1083
607
1475
676
64
937
0
588
270
111
2021391
270
722
492
502
11
1321
48
159
0
36
2021139
797
40
3
12
561
680
33
714
24
43
4263
130
76
328
475
864
89
214
2047
723
577
2044879
1798
0
8
91
1061
1109
189
48
972
39
756
2793
308
27
0
2012838
24
347
0
650
27
6258
154
183
436
1904
1305
0
1226
33
801003
121
26270
705
246
1526
100
2467
21
555
0
1138
260
2019816
474
2270
216
0
30225
218
1585
68
1287
0
11409
249
701
33
179
1180
69
806
270
2793
78
8053
0
465
369
570
2787
863
2946
556
2041698
2019522
78
6264
943
0
315
1340
2124
10
391
54
0
2033298
476
2484
356
680
0
389
1
16
278
320
2011536
3460
306
1059
289
924
1619
0
400
881
599
25179
1201
1
686
263
2030589
549
59
664
0
352
6237
3
938
296
8316
1846
1088
419
152
429
2347
67270
940
292
840
53
2041
2112
930
264
0
887
2520
0
0
48
1
24
3
766
2049752
44
62
2004370
801
18
2041299
0
64
10
178
0
139
0
18102
437
2020
1387
0
1243
0
26
517
677
39
729819
1121
45
967
32
784
165
1314
0
152
139
18427
1028
491
1118
528
13
1297
162
8
73
0
9498
63
848
346
714
644
305
19
130
451
1
168
0
65
303
22827
109
4977
282
76
20748
2028636
7550
2686
20
0
17
89
669
17
2152
6069
434
2030253
0
0
892
241
0
1078
759
2044093
24
3320
2031618
902
62
1179
74
95
610
0
2045205
1156
21840
2060052
1165
456
16
1764
1908
1646
921
928
0
45
924
141
53
58
900
884
3
54
2024
602
55
2045961
0
887
448
41
23226
1799
27
0
2018682
19
3066
2058624
0
197
1173
306
337
56
0
657
20
8745
1093
668
726
0
11
2020461
18690
2038026
494
56
8043
1074
37
35
0
186
0
2064276
80
176
506
8905
3911
651
9
1806
36
948
117
0
28
1129
8410
554
737
2042349
3
454
3863
1550
450
32
0
2341
2027352
67
2030683
427
595
36
25
512
1048
336
11697
0
5817
901
1181
117
13377
375
20
3875
721
9597
254
18
0
26
919
12
83
572
60
600
2039199
10
431
43
26
0
448
41
1135
668
580
8511
1429
439
176
346
1982
281
0
326
2033277
3
6111
2404
33
230
1150
70
3000
3
353
0
130
2032747
262
29
1
5607
792
131
3444
1101
724
2021538
21414
249
237
1
2022174
946
1052
61
24150
6363
2065659
8400
195
0
2399
425
310
48
219
29
339
1
987
54
605
6
0
460
2039325
2709
598
776
0
439641
2
518
1635
31
57
0
777
576
487
9
2035230
1428
8904
2700
263
219
672
633
0
390
687
5943
2046822
236
556
42
620
31
1225
1479
6
0
15903
384
8
348
672
600
1046
868
420
12
688
2015301
0
13
621
1117
470
17
66
337
302
679
16023
928
4
0
3
32
1118
1773
331
1680
1329
14736
1
1414203
623
192
0
309
21
1339
366
308
25
946
2041272
838
158
99
398
0
2045127
607
3
2034285
748
2040123
26
813
2
1450
1795
43
0
733
28329
74
18
195
823
376
707
54
255
1403
252
105
1483
1907
427
718
23
307
1806
634
0
152
2040654
1580
0
36
0
1477
14
518
1260
649
241
918
68
67
210
0
18
1524
1269
253
239
807
2033256
38
130
43
50
194
0
26
400
11025
3256
2012109
589
3507
494
861
7
601
824
0
1387
2892
2028741
341
1777
227
1790
2047704
1159
1530
4002
21
0
13380
100
521
12
542
674
373
1849
433
200
380
12369
0
458
294
2
560
613
774
202
813
695
2043399
865
909
0
1212
49
132
87
6
1257
13797
16086
21
1706
37
440
0
300
394
1554
2039199
1575
30429
22
527
1293
469
133
200
0
66
773
35
17010
1178
844
1283
1602
1433
1171
353
17
0
1203
16380
350
1296
1
1314
345
1431
130
393
708
672
9054
185
1978
0
812
940
75
579
34
862
2232
84
435
0
872
329
520
11
825
442
618
3
7014
350
33
927
0
100
2046381
21
116
130
481
323718
830
0
2024430
130
1853
0
54
379
60
64
8904
330
18312
1287
719
615
302
62
0
1386
240
2018598
600
577
93
34
80
114
20
28
0
0
16254
456
69
1124
82
315
661
11
1450
2058015
0
2038989
0
33
5486
3
2024415
1226
1084
2026
1064
3612
2064378
2019
315
0
833
60
753
483
94
1290
1278
13840
56
46
2270
17
0
1
2045604
713
5733
233
2040921
101
521
1461
70
1327
25
0
2014167
697
77
6237
1385
95
294
1258
33
130
2026470
13482
0
757
4578
693
10
1022
20286
30
673
45
937
1955
53
10374
321
57
800
44
2062284
332
2538
30
241
44
1113
1223
0
576
148
48
25
474
30
36
253
949613
767
253
16857
0
1145
225
642
56
17
1570
13713
26
335
955
104
748
0
14
160
912
3381
2033208
999
204
4
2713
0
1449
861
0
7
337
20922
130
2055
22
1340
170
245
20
183
2045415
0
13209
788
265
526
10647
124
26
838
74
1689
4
8767
0
1300
7608
212
520
462
16107
836
903
59
2044695
52
809
0
121
2046249
1139
130
2034414
14
1281
25872
46
378
1622
621
0
1
19
296
968
66
6924
79
149
7
1334
1011
48
0
1164
2
1149
2035782
86
2147
54
13
3481
2146
769
2070
0
1776
19992
294
163
14
734
567
2273
1379
125
394
1040
2030364
552
1193
4
0
268
317
315
316
694
49
11760
822
0
2390
0
32
11
34
0
875
1959646
2037645
2053426
776
731
0
157
1206
871
12
406
14301
2187
16
569
17241
21
295
0
141
299
394
1042
12384
2042601
675
160
947
2043315
863
190
0
1292
30
4872
0
56
412
5128
1741
907
564
25
156
0
999888
184
2005830
183
514
835
482
2029539
15
1357
697
2057112
0
442
2574
48
14
1244
569
409
200
156
9744
32
156
0
49
506
2060031
832
2011731
70
2061060
2031933
305
12
75
1362
0
899
2039
134
355
471
2026642
814
845
4135
1971
224
370
0
134
62
542
18144
4
561
35
40
281
17
24
1205
0
1409
0
587
10
2021454
3054
5
823
339
2042328
61
92
2024100
1070
1963
83
20
52
282
4
2008587
363
298
1785
159
0
2038338
292
742
1027
37
370
488
41
20097
997
1401
85
0
68
11
261
128
28
555
1241061
317
113
628
135
383
0
5
1934
9429
94
6195
816
241
1063
28
775
273
6
0
997
847947
1342855
180
1205
268
135
1086
1794
924
21
1205
0
4809
4
1111
337
1039
388
4
853
6
7
480
2050245
0
107
50
1013
242
631
251
284
1320
1
2039472
1895
18
0
1085
1016
357
91
18081
287
722
3234
501
89
3921
59
0
715
648
9
932
123
2625
434
166
2045709
0
13
270
0
797
206
1929
399
622
635
327
699
249
1230
91
26
0
690
26397
945
2521
864
1
2650
322
1553
21
1130
2004654
4558
705
755
786
7
82
232
135
9
954
232
6006
270
0
1259
20
498
2109
600
879
0
615
7854
1792
88
841
0
3522
0
14700
129
645
2299
8436
244
269
265
388
452
0
25
45
78
28
646
425
1238
1166
88
615
2062656
1607
0
492
63
7882
0
297
329
1115
1388
1167
127
57
16
0
12097
14238
2033130
38
729
559
320
7182
2007132
98
1
2053773
0
665
1
133
415
10101
9
1252
9891
17997
2065135
13
56
0
606
6
2373
51
83
1070
85
2049678
855
1012
16821
141
0
20
714
34
363
153
18732
479
0
5
564
3006
1243
0
305
178
525
1134
1
1442
7
449
112
32
2243
826
0
35
2025276
79
153
387
11734
2004759
1426
687
1517
386
20
14932
117
3267
310
1051
0
1265
0
2010597
16
13350
3804
259
0
33
246
2045877
4809
209
2060766
757
320
7980
18
6
212
0
418
642
2055624
130
548
0
7389
719
1300
7638
654
52
0
1333
1398
25
1146
19005
122
254
424
89
691
2040669
530
0
1801
2050
2041173
428
1126
58
1091
342
328
450
408
48
0
2041887
318
19
25
2018928
182
82
17
2
1026
148
14679
0
87
1486
1198
572
576
373
2
40
615
2032752
18
744
0
11
15
975
442
15225
1129
280
13026
212
91
162
294
0
63
976
120
1222
1168
2060304
324
1222
570
685
121
894
0
925
340
239
14301
0
496
198
168
166
63
5
52
0
439
10122
392
795
108
247114
4
1244
3301
7
603
12
2039325
790
607
99
802
15687
69
276
132
25
469
21064
33
0
2048607
31
1
1319
186
1493
58
15267
11994
1546
500
3024
0
247
1799
228
923
306
54
2051862
44
32
0
24
1
0
621
41
672
1446
18375
196308
130
168
73
67
467
22
0
479
748
5676
3376
928
184
503
1559
511
2
2043525
77
0
2043147
2211
673
283
353
36
94
247
345
2
3023
9030
0
199
0
2004990
1384
24
50
11
674
1124
147
931
506
0
132
1045
13
2713
849
969
1797720
25473
83
20
1231
4
0
49
970
80
536
569
2010660
0
202
5
1442
27
1087
0
1394
60
13
16128
667
90
105
497
634
300
524
175
0
1437
6894
27
1021
2
10521
515
848
802
570
240
2647
456
618
1361
789
495
380
378
96
423
150
20
2020236
116
0
1570
127
106
43
4
508
39
58
27630
55
11
27
0
0
1
229
467
316
0
3465
36
628
50
1
13
0
764
2067550
536
32
2023470
210
2034831
472
2027481
97
816
9
0
88
3
446401
1970
217
1648
11
2
2030988
1346
7
1046
0
1099813
1086
1
129
2439
1603
5
89
103
47
2041887
12495
0
315
422730
74
815
1548
7
402
74
191
15519
565
751
0
722
214
285
426
82
20
44
8631
7
17
628
118
0
307
783
2
1525
223
336
545
1717
18
51
159
2901
0
29
3
32
3864
1229
187
1
890
32
1345
67
397
0
786
1694595
1072
1253
1
394
1269
1296
552
2009631
17493
256
1324
621
180
260
694
10
1
1360
54
112
1868
13020
96
0
235
37
242
416
13
872
2035482
5397
26214
983
393
18921
0
765
4431
411
19929
0
1786
4206
14
29
290
365
2107
0
816
446
558
940
5628
136
2216
177
895
1294
1107
1396
0
844
1144
10032
42
767
92
114
375
604
93
1273
49
0
2037634
607
28
234
8
16425
1254
227
1015
1365
115
2013348
0
422
1552
4
1905
51
2044449
924
17619
14
2056419
1348
2017153
0
2691
427
428
743
49
23
321
882
37
269
1258
2005
0
31
3
55
1503
17
2062141
0
418
104
1275
35
1301
0
1359
4189
413
18753
45
599
537
5
1616
1238
5
552
0
209
444
558
2029812
640
224
1648
2
7
1016
2913
1
3318
224
586
760
338
418
1372
1272
443
545
407
31605
26
0
869
137
5229
14
227
2043462
2310
299
1405551
807
1247
869
0
968
669
525
10
224
186
273
620
523
1
152
10
0
141
406
137
259
2010477
1224
486
1217
1627
8
1139
18
0
403
241
2027334
2208
387
512
105
2051253
1473
181
32
995
0
6552
993
30450
1539
18276
754
412
2499
2
179
4412
8295
0
177
1416
200
4
885
26
1514
237
1140
17514
2013768
870
0
10
13041
347
1198
223
46
2047068
2013687
10
40
78
449
0
6
759
1165
491
143
2772
130
823
581
10
158
1699
0
137
227
71
1560
1667
0
950
290
168
202
0
9
0
95
2035482
249
409
304
81
6138
389
187
775
317
55
2034726
1403
987
748
2041246
731
4539
1558537
1
302
347
673
9
0
537
135
1816
895
17
659
991
393
336
818
2408
1731
0
19
2005
594
307
0
395
21189
232
146
85
120
572
0
1042
427
39
1079
2017023
2030757
1
1575
1179
2004255
174
215
0
82
34
441
2
2008896
506
10
1512
12
1753
33
118
0
63
65
357
962
354
73
1388
340
470
1557
2263
5292
0
188
2019207
47890
861
16
129
0
191
552
20349
2036343
1856
0
30481
1537
1428
415
567
98
223
18543
2896
369
1099
123
0
228
469
87
2040396
58
610
1088
1635
0
504
52
1
0
2
448
1052
14787
544
561
23331
1686
306
30
437
152
0
11
26943
10402
746
251
1374
123
5
980
1673
201
80
23016
2024289
0
669
13041
322
1
0
274
1827
547
13566
70
0
0
2168
422
5097
1140
112
830
5
2028447
2045562
1722
2426
0
754
863
805
28
1373
417
2295
17
1418
58
38
30
0
297
1
809
1034
19278
688
1308
979
421
677
216
2222
0
112
0
286762
1908
688
120
422
126
441
27
823
544
0
2038926
1358
1434
461
551
755
597
115
79
20181
793
2016036
0
1077
756
1015
463
563
1478
838
2
18
7980
414
10468
0
364
9
1007
1169
448
1532
45
14133
203
5
623
651
0
134
101
162
446
504
2436
331
2
35
666
1304
21
0
15
70
11
28560
11
164
26
2055411
464
913
873
769597
0
64
10311
7329
425
387
55
21
76
6
1030
22
187
21672
273
60
210
311
414
443
8
267
16
290
2033886
1363
0
552
1588
226
0
44
1450
981
751
2007804
445
1112
98
0
3491
116
564
95
2
416
28959
56
221
5
1557
1319
0
10
312
1400
134
5337
590
501
53
117
1072
1913
40
0
1139
35
2026410
753
16863
1224
68
661
9885
249
1009
544
0
2036385
43
103
2
528
0
202
345
181
1265
8
24885
0
34
17
78
1594
2034195
2099
2021475
90
217
840
351
285
0
555
360
135
2199
174
706
2033
2050245
62
576
203
501
0
41
1446
2031429
1160
349
2331
187
705
80
1194
2059507
3066
0
2068473
3
588
7773
26
20
2022483
4
525
122
5838
916
0
0
9828
0
127
91
501
475
71
106
2236
68
246
2040690
436
739
117
79
20
83
854
2019591
2482
19
2037147
927
0
0
1173
0
458
27
1231
1831
279
15372
377
835
1053
0
65
537
65
12
1887
734349
111441
117
452
99
24
119
0
1107
499
3573
203
5232
24
3162
592
523
275
5796
60
0
888
326
2022714
61
3916
670
72
295
3560
23835
252
4266
0
2562
105
1599
1674
0
37
266
101
355
528
456
2042454
0
1123
58
180
487
652
22
0
1494
784
2012655
488
498
0
243
948
313
562
2709
486
0
4410
411
855
37
2014672
0
149
2054707
186
1453
811
1197
92
286
126
19657
73
16
0
22
48
348
8169
1793
27
1778
0
80
1
1044
2067
0
532
2034876
594
265
412
554
716
23
42
0
44
394
7099
204624
1325
1371
255
1454
1095
312
205
0
384
2044984
3726
0
1639
204
2038233
176
85
259
27
378
13518
793
310
1454
0
0
9
7
3
384
376
2047935
708
578
48
1203
104
0
2019270
105
479
1142
3465
627
9
117
532
777
12
736
0
2019
46
2032878
1436
122
37
757
1261
3141
2183
21
734
0
2048649
93
13954
298
2187
1099
45
109
482
444
20
5691
0
741
3200
944
950
164
1090
1333
781
778
2033130
509
20
0
698
33
39
166
2358
790
118
11403
814
51
31
1
0
33
2032164
1015
808
17664
31842
1100
613
1
453
901
301
0
932
208
654
945
216
0
646
1282
322
1565
37
169
0
7969
16779
258
658
1716
1421
317
969
47
159
11
9078
2034579
845
270
16
1095
354
1029
1374
29
0
290
2019774
9
0
124
420
2414
3478
223
6048
1
185
2041008
1063
147
1281
0
626
13
4473
1
7938
13335
2048428
22
2080
77
2104
77
0
33
1825
98
981
7476
1008
250
87
220
16
1545
319
0
663
1055
4704
319
427
343
1099
76
1009
26
122
1554
0
3927
18
10269
142
190
49
14664
25
628
366
323
1053350
0
834
1180
250
1199
13
2067
2029518
1173
810
26106
1216
6
0
2025129
729
728
20
41
1384
85
2043561
1845
1467
48
2028846
0
949
0
54
14
16
2041173
1210
776
208
34
152
514
0
1540
39
16
2005329
945
2012109
89
1907958
489
547
480
1232
0
885
20202
1134
1628
29
1440
16047
928
573
2100
2856
1327
27363
1
1597
2778
21693
522
394
359
0
2014293
38
11865
303
0
12
1
1512
0
21483
2341
271
752
591235
9
744
35
0
1254
36
2028943
57
102
75
2023512
447
288
1413
22
261
0
25
1177
1941
51
26103
929
35
676
13
0
503
1312
0
40
452
2541
50
59
1092
519
1746
1676
78
1470
96
0
2010660
979
907
86
1220
182
960
1732
194
28
352
2063433
0
6
0
45
32
244
5838
123
66
32
1743
300
1138
0
13881
4
913
16275
23
2057196
156
924
43
242
518
4
0
801
2030190
375
32
14
5418
178
3454
53
997
40
34
0
175
382
114
2022678
2016627
745
347
3958
14
605
480
279
0
24
8254
349
98
621
1416
18
380
1635
1325
686
2014860
24507
39
55
659
2172
26
510
131
623
476
26
2048209
1204
0
1054
42
71
1564
19
30
1678
13524
2044009
375
6
1216
0
24
1909
41
428
1041
25
10983
7
1187
447
105
1536
0
743
548
208
40
2029539
50
1
554
1563
62
1291
1381
0
51
69
2012760
119
1202
0
83
1203
92
896
49
435
0
2041848
525
1024
236
41
123
532
213
82
88
192
2028814
0
1287
167
121
1303
0
876
668
154
846
6936
767
390
0
2040270
633
485
375
4
25074
650
2071287
727
629
2156
499
0
3553
1928
351
9849
67
2049993
1682
149
1349
876
0
1326
0
230
2017785
787
2041740
290
795
24
382
714
288
1605
791
0
506
21529
11
707
507
523
574
1299
47
304
10
1506
2012067
48
286
1045
163
143
50
32
55
756
0
787
213
0
1339
2662
235
2039445
4
154
93
326
20832
5
801
1344
0
30
37
2165
1579
251
1128
3087
66
1088
372
42
997
0
28
206
22
160
2014938
10
702
1093
343
17
558
333
0
17
2182
2919
82
2030422
118
1791
1104
37
756
72
1189
0
8883
122
149
63
280
171
585
59
196
264
8400
1806
0
213
680
16
1558
55
9183
2
2042475
15
1134
9
1828
0
416
29
547
462
65
1003
838
2024541
903
2702
81
2022000
0
1367
1070
28
210
705
29148
148
1681
0
3660
1990
33
0
57
78
2024850
2052324
7
4
632
275
1197
467
15
119
0
138
7077
900
12
331
140
326
1275
214
1062
69
92
71709
55
193
1
1571
11
1119
2038905
897
0
29
19986
384
0
1
0
18
367
1721
58
554
1468
1541715
24
22
3003
0
11649
12
2024331
363
543
259
3381
7
210
848
54
616
0
357
532
3
147
7539
336
262
1380
28
660
370
883
0
1965
3309
16779
1
409
12
786
30
56
156
0
1579687
0
2035881
285
2
127
414
481
1584
189
1314
2016708
2121
10458
0
30
188
2027307
20
283
1085
20560
14
3354
10563
86
22491
0
662
1589
1953
20
747
963
892
27369
16
922
1
81
0
188
1
656
112
77
2310
3464
251
26
1910
37
1818
0
852
767
683
2451
67
796
1002
1719
3344
756
87
103
0
1373
2022798
310
196
714
157
2856
2172
149
61
207
20013
2048554
1707
1063
51
6846
821
10
44
1230
499
224
15561
2404
0
4
273
435
397
2
2503
94
6
258658
143
1177
803
0
39
2005368
1800
84
28
760
2050183
1402
972
423
37
8
0
1071
58
594
30
374479
2027187
2544
118
225
322
2058855
215
0
207
11
15624
2
12
3238
389
8
303
215
1225
1148
0
21294
389
27
154
38
382
1089
2465
22
265
1037
15351
0
843
1205
243
113
3
14889
478
80
853
2015639
743
367
0
158
24318
216
4
21
2019
1406
19707
1264
952
111
3
0
269
74
11004
434
193
2037540
0
2862
1119
15550
926
10
0
627
1701
61
3
28
336
462
756
3438
459
66
484
0
263
13401
8
1106
115
51
628
272
66
35
33
553
2024394
38
809
420
2
164
385
206
42
4061
27
2018814
17283
0
4773
408
98
31788
1906
116
37
2679
14568
20
331
2370
0
11
7875
1248
1239
438
1311
1482474
1087
330
1041
9555
1006251
0
0
154
15
668
15918
144
18
7419
91
326
556
727
0
28
53
126
406
232
132
57
2031030
1504
1395
1266
158
0
19099
30
346
176
700
289
291
13408
1091
31
388
2031177
0
683
1236
8190
2
108
28
547
2
127
2835
5
447
0
124
257
1946
221
1474
20
2015491
2100
0
2014
1204
2012046
0
827
218
920
89
1435
23064
57
527
73
111
795
103
0
485
53
132
12411
357
911
73
23
360
50
0
297
0
104
189
660
19
608
72
176
1085
695
286
2031618
2
987
4
1231
674
77
1173
2011059
426
566
624
1193
6720
595
0
1045
2028898
18
419
1139
108
1025
2142
2035944
321
68
1753
0
129
239
1370
57
298
543
6300
111
1295
118
6
699
0
1798
343
591
763
7687
1306
178
57
762
321
87
147
0
14
28
11943
1
1015
222
751
0
1408
2028
426
2
0
2038359
1089
14721
799
1043
661
68
1593
30
465
5
4473
0
512
1257
1222
1623
192
402
279
602
114
2014461
1378
13
0
535
1277
678
405
238
2
547
26670
999
63
377
321
0
508
882
156
6888
15
2062635
1717
1197
112
1088
1
1994
0
6
3036
41
2012298
105
172
606
1224
383
418
2
838
0
861
2026116
739938
1098
104
34
117
1004
532
448
969
561
17850
458
299
512
2049006
456
696
2576
761
10038
5
2035188
2008539
0
1761
45
1744
2011521
539
901
340
15
42
1317
1061
60
0
1
149
37
3360
10
1727
2033970
1075
1710
836
94
2003883
0
165
106
104
789
1617
463
80
1288
0
741
345
1242
0
829
62
18123
7077
371
98
507
1046
637
1621
1014541
9
0
2018346
1611
177
104
2038065
387
1313
209
1410
659
1398
2038401
0
2376
115
47
165
23
493
724
588
68
30471
95
89
0
3
995
462
2049972
853
40
596
2226
1841
1203
749
187
0
525
92
1415011
2
560
2040621
1556
665
1004
553
1039
178
0
0
177
406
5691
1138
58
152
581
2335
1550
2024100
372
0
578
6534
271
670
278
1694
29
631
180
1551
141
220
2038905
549
882
46
948
88
21
2
168
11
308
2038852
24
0
6510
514
525
969
502
44
0
750
28287
234
112
5
0
159
634
1981
651
19
830
25809
466
1225
2
3
463
0
174
87
45
648
924
1264
1244
1337
3
509
179
1188
0
852
26
10752
641
335
394
1200
139
41
694
1530
67
0
2814
271
168
981
331
1130
3
26
411
432
2
2934
0
486
33138
2367
13
0
64
32
94
682
9996
1001
536
0
136
2924
21
3960
149271
249
52
10606
2039682
263
518
968
0
1084
0
423
300
2034474
23478
276
19
31
0
109
1570
0
2003604
1841
852
2028132
43
17072
983
3969
154
1035
0
780
0
3194
9166
1561
85
101
637
700
0
1184
2836
9030
19
5545
19
398
4
27
1035
2890
838
0
24
313
2038395
1959
0
692
29
1110
731
68
1112
790
22
19866
0
300
13
0
4
5
301
566607
219
622
2022588
63
286
297
3
567
0
624
46
1
1699
17073
956
1347
5
61
1344
60
385
0
410
18
2037835
12348
1218
93
439
2032269
433
143
1002
215
0
2063100
1237
774
2033910
33
0
933
3
677
18
38
2053899
0
916
1521
136
0
1143
47
2716
572
311
651
1092
1209
0
878
934
771
8
9282
2041173
406
32727
1395
477
1084
647
0
331
12
13
29
269
10128
739
398
0
2470
547
74
0
7
2924
464
2026977
825
747
1
1377
789
4
77
862
0
231
22029
548
873
789
153
810
4
631
2606
593
483
261943
1207
3
73
524
17
0
132
53
28
174
2024688
17367
0
27
407
9
1
823
175
1653
2
26334
27
0
625
0
409
22
51
695
2046219
45
16317
80
3748
486
2003772
835
0
655
298
642
1806
27027
1288
311
17
431
234
22
917
0
1110
16
2033340
798
538
2056
840
2033193
375
42
232
3495
0
7539
101
938
1032
4454
97
264
16
532
1838
18
6447
0
2037
1714
545
91
198
473
161
1114
8991
9681
663
349
0
124
1559
553
105
267
25
235
1140
164
440
5
54
0
2006838
2041104
244
90
1627
2013853
562
93
733
410
594
564
0
1273251
51339
283
2029203
883
219
535
2004654
1441
291
1896702
231
0
1331
8337
40
489
1722
30
547
239
1031
2007531
14028
1358
168
1411
2188
932
482
2027271
41
51
736
416
387
1431
2030127
0
1355
987
83
58
320
1
2008308
2031177
13020
73
1812
6
0
100
235
0
2371
7
225
549
2014419
123
348
25
939
0
44
329
1743
185
2082
12747
496
1287
613
12
194
1
0
13
845
1669
2032422
197
73
79
812
2044431
3653
2014587
1001
0
9996
504
545
637
49
1457
2047243
67
172
347
176
19372
0
40
968
181
33
78
1769
696
0
73
10542
1115
13
0
19
1176
178
2296
545
78
1
2059737
788
1733
106
2005935
0
140
166
2067990
5
148
2031453
1846
547
115
132
98
20559
0
19
874
459
2047780
970
26
1366
189
8442
16
456
354
0
2046424
7990
439
2197
1199
38
316
302
319
361
159
2565
2019711
1247
0
69
423
24843
29
0
2155
584
508
90
132
0
130
1675
735
16
0
2034831
1632
55
2038842
233
11
2069
0
1499
80
822
413
919
2008896
2045709
123
376
7
155
2035671
0
10
36
3
1350
6931
1753
2087
392
393
80
221
539
0
349
3
5586
651
15
39
222
1444
629
50
27
665
0
2060776
2010
121
9
1
259
1384
8
109
1
640
1638
0
108
3
28
45
14
10
2031597
32
6
346
12
212
0
264
42
61
328
45
0
984
2041488
10
202
2035545
1083
0
0
1371
1680
1198
1935
4515
27
3656
282
1427
82
1415
0
1590
1220
1
2100
8
1360
578
6
189
1428
2082
368
0
1037
2050381
134
68
4711
102
4987
5545
1540
54
2040
25
2023491
0
2338
377
3568
83
1079
1241
2
80
295
2025486
968
0
2180
230
860
34
192
169
22
1538
2068683
37
799
113
0
354
257
873
74
1852
1999
420
151
2204
2037226
1
98
0
966
69
435
243
2033676
2
111
149
1637
733
2045247
1348
0
10
1146
16548
2030379
143
14
166
272
160
3
295
260
0
2030337
2004066
837
492
1102
15246
7
383
895
219
61
12963
0
380
2100
1493
78
2034
1
0
1006
423
9933
1623
223
0
223
1639
536
836
121
213
404
294
13
1006
386
151
0
414
373
25
6
8421
2055568
26
2047573
647
750
467
882
0
16296
503
2027817
24459
390
40
0
2414
327
377
5
10804
0
569
9450
14
1512
444
1
0
372
43
2004363
503
185
21225
11
856
54
308
18
1349
68
55
135
170
4452
8
0
1434
4389
94
28
2320
674
1384
1579
6175
563
157
1326
0
798
111
1374
1321
18852
206
9670
1159
562
1387
836
1085
0
57
5733
321
15
2050146
586
5
106
1056
477
14
148
0
113
1
8548
1215
82
999
337
2060346
3693
1157
1853
0
0
10983
20
1468
265
162
1786
686
226
855
1129
228
13650
0
402
10
2036889
7
1172
111
18
756
1551
15666
648
15897
0
3365
67
65
56
517
1
85
1281
23
1666
8
950
0
4395
25
57
128
345
9240
132
67
579
588
893
29
0
14994
1058
333
5796
257
504
175
2131
1454
864
169
361
0
57
8568
19
208
136
331
3679
52
1011
213
2026746
292
2024079
784
388
244
519
87
395
983
218
48
345
6363
1985
0
0
19074
557
14679
5272
82
191
269
2055369
1330
2145
94
0
1862
1681
2001675
756
1298
352
2014251
320
715
226
3558
30
0
31
651
8
10
4021
1923
414
1104
171
325
3
86
0
1275
57
2031927
2020467
2
26
94
264
475
33
22
262
0
840
97
598
16989
0
1671
378
15
1665
24
70
2027166
0
243
13
10
127
1274
12
1125
282
488
27
188
318
0
1423
1561
86
377
57
22
286
10503
784
1508
571
16
0
689
271
2032038
387
296
609
18
2058351
0
121
901
285
0
588
647
16
651
1573
105
66
563
2034978
747
1457
58
0
715
5811
119
35
44
42
672
1746
17
735
18
366
13566
7
591
771
273
640
768
2099
806
603
767
29001
24
0
6
0
18
1078
998
403
486
557
4914
7
1473
375
0
898
1275
905
143
642
19
2015322
2019418
405
10
796
2384
0
32
430
812175
978
10731
71
1510
537
6
19
1240
1064
0
0
140
42
1210
20
2835
36
342
874779
725
712
884
0
2040775
3
67
25
325
2252
0
333
155
616
4
2048376
0
689
0
2
153
291
716
901
48
158
63
1594
1665
0
161
1033
1011
270
521
1070
15
12747
1514
9
2021013
331
0
125
241
9849
19
881
12894
24
11
96
7
1260
572
0
180
120
214
5565
597
61
630
0
42
19
3315
454
0
249
21882
823
1252
429
192
265
97
575
44
41
2267
2028525
3
412
260
360
75
19152
2028559
539
257
2052933
1936413
3064
0
920
117
33300
336
16
13
172
246
2024019
760
141
67
0
57
1536
709
188
834
58
26817
9
112
739
4
207
0
31711
1
180
2432
90
33
191
331
1191
2015616
530
29
0
31
1835
6510
46
259
1426
6
679
1161
5460
1029
31
0
2034831
264
1238
18
144
2217
4348
1594
11
0
563
2036553
0
2022399
268
781
225
229
329
137
427
56
12043
508
44
0
174
58
232
588
545
37
4532
2053080
1384
0
665
16317
0
1799
255
180
1358
5019
21294
663
312
45
2054859
995
125
0
746
10101
1
855177
30513
190
748
633
1251
81
1275
719
0
433770
17157
1038
1128
867
8421
221
489
146
0
2027286
1261
4063
1483
12
531
269
492
23
77
361
787
9870
2023134
13
0
47
16
51
195
863
190
499
11
5376
78
1495
599
0
857
2032857
145
430
27
753
756
731
220
906
567
2030463
0
82
1318
493
436
4179
2
207
78
116
856
126
144
0
27
5
2041593
773
100
0
751
397
114
41
18
153
0
441
243
1298
210
789
2065281
596
64
1
425
508
27111
0
320
90
302
550
325
1463
25
1115
32
1638
1204
155
0
21
1569
756
23
398
70
1509
16926
383
720
1132
76
0
523
48
546
3
8
2022651
453
1209
152
469
541
359
0
23142
1579
343
11550
1599
36
464
3
13
396
1175
6807
0
99
9408
294
1271
5
680
2002676
638
5406
529
845
969
31437
1157
709
254
1946
21
69
1665
83
1
875
10185
1536
0
464
2016105
134
11
2273
190
358
263
18228
486
137
259
0
2003709
30
18
2039536
942
1812
10062
80
555
511
2
384
0
1772
943
3
668
9103
321
3381
475
409
132
1368
1050
0
812
3289
1785
142
707
221
62
1192
2038317
81
472
65
0
11676
964
1277
2049888
2
150
269
551
311
1880
18
1911
0
531
72
819
465
70
1379
365
1187
1386
16506
422
25
0
18
228
594
44
60
394
25
5985
1236
2540
124
66
0
75
1772
21
73
2030295
12337
62
2777
1143
542
1750
2010033
0
3538
1247
22
2772
751
2846
22
410
84
7
207
1
0
31
2047494
0
0
115
619
1067
5
2018346
1843
2389
182
245902
278
288
1914
389
473
271
1936
392
763
95
1785
1209186
0
1107
309
668
422
14
1268
2224
196
4599
190
1829
33
0
965
8
335
1181
1085
1559
2041446
904
2
70
1583
489
0
6
710
30
2039619
2016036
6
1081
69
209
401
499
93
0
2021475
27546
2001316
49
23
5
53
3151
2446
12
1310
114
0
13860
109
1547
768
2212
140
5481
252
359
10
738
2115
0
363
109
885
185
2067
321
1171
0
1284
3948
2793
471
0
11341
232
390
1049
1167
175
234
2142
155
182
571
426
0
51
222
255
14
31
11277
26
253
26
15
2
1210
0
1534
48
364
3135
967
973
1385
4
254
1576
417
33
0
50
6783
5
400
14
504
885
721
16
646
4851
150
2052828
9
258
26
47
1937
127
341
1130
391
1647
13923
957
0
550
1128
13
31
134
21
24
654
9996
591
45
224
0
267
17692
2020278
774
1
285
2027335
80
100
58
7497
456
0
1
290
762
922
2566
166
2104
68
545
948
1246
355
0
527
208
2157
44
8
384
755
2042376
14931
1239
6
743
0
2048754
1387
152
264
523
119
151
900
804
52
119
2856
0
45
1681
41
867
1244
84
979
283
1180
3549
335
123
0
529
44
519
539
1740
37
359
3486
5317
2005410
53
1
0
907
209
719
15
1840
777
27
31
12
283
27
298
0
0
10
3111
2032941
1182
8
1176
3074
275
131
2056545
712
0
711
33090
654
1099
41
23856
849
888
204
299
194
134
5313
59
565
1110
19
257
3465
19
948
973
904
2856
33
0
15
462
576
18
10944
13
891
394
1260
106
66
1759
0
16
1149
337
197
144
2688
31563
1777
7
1195
54
58
0
195
2036448
58
553
5064
222
761
484
3349
649
1396
2029203
0
11
980
3549
25
3
30
98
203
28
1216
19
2
0
20328
11
4452
385
0
1328
22
1517
26
48
1771
17262
0
644
278
740
1066
30
2099
1170
2025129
1504
2011836
752
1383
0
132
7329
2625
697
512
1142
295
2021076
2835
1873
36
2046675
0
3336
1350
20
5181
1195
2022946
2
0
560
551
412
197
0
80
24969
758
18543
258
635
112
14830
2681
37
17
1587
0
1853
2013495
301
965
52
246
32
718
2008602
1426
1547
473
2043252
1332
46
523
1076
218
645
8
25
835
738
15435
732
0
272
614
8
36
54
327
802
80
2046822
60
744
732
0
229
5
231
3232
45
2046486
8946
2847
1010
17220
2056104
1851
0
10
1513
220
39
2023623
3
590
1215
342
750
237
253
0
74
2020572
43998
71
9261
563
352
893
6
1453
344
27
0
5586
2039703
985
498
653
0
691
49
1567
152
489
9618
0
8
498
2043750
1564
5
422
846
31
11
4651
1930
430
0
0
639
375
21
157
425
1679
3444
820
956
764
1707
0
266
479
616
330
4083
6216
264
1093
578
583
31
1019
0
1043
221
4327
2031802
240
1230
119
1421
124
324
254
363
0
175
3937
577
0
340
51
487
83
657
11
88
257
819
25
0
17793
442
392
59
24
106
806
75
651703
62
0
557
327
493
992
281
891
0
861
8347
549
436
277
0
2863
1378107
64
637
209
315
4788
3003
215
74
1934
2026914
0
430
49
0
34
1945006
1170
123
9
45
152
1011
1029
0
1701
37
7287
10389
1125
63
1881
560
267
7
2039809
517
0
2033424
788
1164
2019990
13
125
1382
2
281
190
33
2016708
0
13
1664
460
1915
1940
620
3
949
4
2046471
209
1606
0
129
413
650
551
1346
64
398
2033781
221
581
339
1041
0
1638
1275
94
1716
1716
819
23
1255
11
0
127
33
0
0
2054
2032962
20002
0
1395
113
4
478
2036931
1074
878
0
819
10878
727
16
37
1095
531
1094
1327
33
9
250
2036826
16
344
151
743
20
725
62
87
9
19
2037912
4693
0
33
4
50
11
267
357
1734
2327
405019
1231
1
393
0
349
382
600
262
4
6
27111
1163
338
45
320
668
0
291
1252
15
2183
2052492
1281
690
332
7
0
487
1206
0
338
6
17304
124
1661
16722
743
593
148
328
81
2044557
0
2017278
27
360
1564
88
166
1126
4873
59
12
28
13482
0
1246
2102
465
63
2023113
186
3885
34
2586
126
29
2028021
0
1058
1212
8190
559
754
986
1581
9807
870
1216
505
2045226
0
69
127
12
3748
58
15078
1594
4
681
116
12594
5754
0
1408
2040196
226
2037036
2469
7
859
892
996
179
0
152
0
688
2018535
126
2
3444
56644
51
348
671
43
7
1569
7350
1099
144
574
635
270
786
0
202
94
328
8631
1
0
69
217
28
52
108
40
2030422
26
10773
63
49
1410
0
3408
48
442
809
33
98
1932
188
57
64
4656
1071
0
479
440
332
403
2031492
100
545
0
3389
819
78
1167
0
30
4731
4011
146
1802
405
568
4473
1211
1713
503
386
0
4599
77
1160
892
615
13
471
776
0
231
964
1305
0
27
211
317
66
769
226
686
62
2044953
7287
23
1
0
113
206
544
23
704
21
192
2015574
73
121
4773
0
0
553
581
1394
1878
13
2040396
2011
1112
33
184
3424
807
0
97
27
14
708
403
1188
150
1591
116
94
75
70
0
1028
231
500
226
142
970
318
195
199
1302
2027995
183
2904
97
480
1140
1
497
1293
8
1547
535
672
14616
583
0
503
1025
457
352
8
341
3
933
2712
64
258
1050
0
153
9
302
2025853
6
916
5664
2943
2214
451
2066820
108
0
560
425
132
158
7707
739
1063
6
448
41
237
306
0
1046
321
15939
1955
2095
1703
2090
2233
446
11
66
584
0
23352
146
463
3987
1033
4131
610
1037
12
540
250
3888
0
7
2632
16
232
1861
21
129
7518
233
15414
203
2039562
0
555
40
1282
3464
1615
4
258
2037
294
675
987
8
0
48
92
18417
37
438
2503
596
10585
5101
435
21
285
0
1388
1706
718
9408
121
1268
525
50
3
273
886
1116
0
726
22
140
30
389
1335
29
1728
632
176
2
454
5712
2111
2009673
8190
125
1050
16
5139
1160
1749
585
5418
331
0
609
486
629
2625
544
231
9
28
23562
3657
1421
60
0
865
5691
42
29
1778
1389
3697
663
1246
48
11
71
0
291
2814
228
284
2043069
1816
409
504
362
355
758
107
0
312
2005284
1029
327
48
97
33
597
907
67
2031114
143
0
9702
1224
381
1328
2120
168
2054760
249
2044575
2099
1569
10629
0
1664
1264
1284
1448
964
1071
1579
6
2010555
2012707
819
5
0
1
1842
710
62
236
12
204
14937
27
171
574
432
0
732
168
394
6016
1321
83686
255
248
2048008
775
1417
30156
0
67
28644
2031033
10500
102
0
192
621
425
959
121
1979
0
22743
2023669
4
98
184
2015
677
205
11
301
711
475
12852
374
16
58
1313
80
810
64
160
598
40
14703
1804
0
1123
96
710
11
96
413
2339
1292
12519
205
1270
181
0
2042700
909
95
63
628
16
5880
21
33
380
28
925
0
294
28
304
15981
18018
30
1203
2016750
2639
315
69
242
0
1866
1611
10542
2033383
589
424
972
0
147
378
49
21
0
17325
644
205
62
160
532
4
0
534
880
96
2032122
0
246
16
843
551
47
181
25
5020
32
2050623
2050
8
0
20
21
854
42
37
366
1000
6331
75
295
3670
753
0
8
1379
1606
15
29
3171
1047
157
3612
1995
268
984
0
519
4248
168
2029707
761
27
2044323
448
16
1
129
4
0
1433
2556
410
3
1021
1680
250
522
3
1239
574
296
1995
466
3
155
710
585
554
265
590
250
629
16926
759
0
462
33
623
140
395
1833
101
1797
2013699
546
226
2115
0
9
288
1242
11
2298
174
2054865
264
412
42
76
177
0
446
863
361
142
2039241
64
630
2002113
1032
2107
28
111
0
1614
57
1648
44
0
1173
442
2047074
1630
3759
173
618
0
645
378
939
160
19
906
658
824
410
33
3498
20349
0
2038
292
431
1208
26
2034726
397
2020236
1819
2499
516
2008077
0
2266
13293
622
922
230
437
150
2037225
44
647
609
554
0
298
137
6
1148
1686
21
587
43
1142
10
3133
176
0
171
112
622
2262
679
463
39
2409
1
1333
695
658
0
2007063
6279
1218
0
1237
162
59
3611
1789
406
36
1437
2625
338
31
437
485
326
26
0
19
12
2018473
2033949
104
0
1870
5943
464
629
283
3717
1773
713
12222
1178
795
216
0
2032
30366
686
151
692
31
6058
182
452
1725
1281
2
0
2849
463
47
13
2033613
202
13587
721
271
227
745
2034180
0
583
324
14469
660
221
2047158
927
434
242
1091
1077
732
0
126
30
9198
2650
0
284
3660
474
1089
668
1599
2038779
0
300
0
1543
1056
1409
441
847
31
769
3801
81
76
0
568
231
1772592
671
251
1
2151
2026830
445
120
361
327
0
293
0
11
345
0
23709
61
6
424
2378
24
928
0
747
945
5
1701
18
303
473
2234
1816
73
309
4585
0
138
2079
2393
57
2022105
13965
281
21
25
26001
1234
637
22932
8
2055957
12354
20
1223
950
1280
791
480
2184
189
1033
0
423
1340
1522
26
13
390
3
532
1743
237
1073
136
0
430
970
3
49
166
6
2008665
2
97
1098
19545
103
0
650
355
4
649
15246
110
209
2356
750
70
671
37
0
1874
462
7857
101
221
360
29
74
691
625
234
572
0
2772
2566
23
342
207
380
2030
305
396
1322754
571
23836
0
47
38
360
184
1150
1118
3399
199
287
2787
1036
152
0
1285
756
0
1328
270
843
1998
75442
81
1604
1488
510
0
219
313
336
89
72
17430
28
509
147
24
379
601
0
319
306
72
22396
593
720
88
1465
2123
218
54
56
0
1545
2023113
2042958
772
2034316
1478
0
967
229
79
2015091
18039
2029098
29
926
142
953
344
2493
15
503
308
40
18784
210
0
29
367
497
1016
18
1825279
21
228
14779
100
34
116
0
11
255
621
36
2793
2041488
8799
737
8
647
92
29
0
889
995
0
600
10935
20
7
11
525
1120
2043069
88
0
131
5
1974
1646
2002323
806
224
328
2
297
658
23
0
294
1485
1238
12
54
419
414
109
2027271
199
89
2045016
0
488
301
394
1862
20
2051610
165
1414
243
2027925
429
497
0
0
1603
8
127
2050497
953
741
10269
1323
1438
23
39
0
136
632
294
438
101
11235
291
1704
25
333
15
7185
0
1848
67
117
28458
1739
535
36
8
1030
2053437
2092
1370
0
367
20142
2021
1172
902
1023
203
721155
1087
825
6825
1622
13041
40
753
46
209
2138
12
434
840
41
21084
2017927
1102
0
156
80
1337
1111
9229
609
439
14
3444
1374
1137
18
0
6
9
1912
318
20
780
1267335
749
66
6
7
1402
0
997
19
43
428
2037
127
488
229
1421
1232
0
10
0
68061
26
7581
886
22
6762
1261
331
2140
1030
9
976
0
15897
782
68
254
522
826
59
1645
54
926
1021
5733
0
191
683
2761
584
26
825259
3
476
1142
2028954
1
26
0
1048
1757
247
975
34
329
388
25012
20
2003646
1538
264
0
1128
338
23
784
175
2036700
0
33
65
218
1
353
0
111
393
53
6489
45
508
920
1327
129
2006691
651
1
0
6
12330
337
2979
14
52
693
1276
780
784
54
22119
63
46
3076
1256
935
12
1349
596
1575
27
0
904
260
0
5
650
28
404
2136
599
316
298
2020215
527
444
13
0
57
88
522
1044
115
8
14007
23
460
18648
717
1700
0
428
853
3
161
2036185
3
2013957
827
31
704
1780
0
0
2015805
579
9219
825
1569
1
9003
1746
1090
2055393
71
1156
0
9198
2
3278
78
1
1097
152
226
1694
621
119
2038968
0
0
850
646
525
8
295
954
1033
1276
20727
13839
850
0
21
491
34
806
217
447
469
1617
683
1722
1382
3048
0
546
2219
477
186
125
19572
166
891
1991
97
771
1
0
9
1427
78
2583
1057
537
1901
774
47
11
56
630
0
983
2034033
66
2558
2012130
13
335
589
404
1651
2020368
64
2033571
1289
162
2038380
1353
231
1138
886
14
670
170
7791
4
0
647
16
3798
492
35
303
1452
7
3507
8
1113
771
0
196
71
723
539
266
1100
9198
1854
361
649
17
38
0
1682
467
144
1172
2039493
3871
2024646
1883
29
1639
80
242
0
795
213
11682
0
455
495
451
1538
708
669
2011269
51
0
18711
490
1466
1131
489
678
92
128
478
255
591
25137
0
1104
730
1816
0
8
13
325
10
1220
1575
160
639
0
2207
1117
630
15
899
2012655
490
2089
29
260
2676
152
0
118
199
24
3
424
30765
110
49
1572
1531
1612
463
0
86
55
1571
4956
503
1006
23
2049300
45
1
1699
21231
0
150
3318
1773
841
27
45
2024289
36
3203
45
21
1102
6657
1039
7
1066
24528
1165
1163
1853
203
2026263
1262
15141
114
0
489
62
478
256
314
1004
124
3192
6321
1057
2
928187
0
3406
2
2042856
30
113
565
16044
8
812
4108
321
187
0
320
956
531
27
2029140
0
636
47
185
31
2048
28
0
2172
3315
756
461
24
47
906
13
3
6
647
2293
0
10731
4
11445
85
1
1
1365
72
131
1222157
2721
5617
0
1238
1242
671
2670
5628
651
1050
550
754
2031429
615
24
0
795
41
988
395
111
331
525
1680
213
1609
327
2015333
0
206
153
1213
492
295
12453
63
673
65
1663
375
45
0
2197
519
332
2052033
299
56
1289
9
8
2040249
1288
352
0
979
801
908
481
23
201
59
201
2408
229
630
9
567
132
86
663
263
1612
46
118
142
0
2057595
29110
83
0
2033886
18
120
145
2051232
921
39
2226
8568
972
886
7
0
45
2048481
1073
3162
79
23733
569947
153
429
75
6426
308
0
3476
1077
241
270
34243
1112
1
31
884
473
1
849
0
17
337
2037261
906
693
5841
998
21
1049
529
199
226
0
2008875
67
136
647
769
978
409
2040123
5
12
749
2163
0
69
127
275
796
1
208
790
19635
2232
2015322
2050581
19
0
542
186
842
719
67
398
971
2043535
2488
360
3
728
0
3
1226
2029350
59
2244
4452
74
29
444
44
15813
14
0
1073
60
342
2021706
879
635
1359
443
401
1848
33
23
0
2016771
10269
584
232
104
183
87
2779
169
426
5796
10
966
21798
23
1260
1300
68
27
597
2052327
168
673
4599
2045919
0
251
2319
6
3464
0
192
931
47
6195
19971
1326
3
0
0
1539
1002
53
700
2050491
1519260
41
594
106
182
348
0
60
137
785
192
10627
2038443
76
1352
49
701
529
20
0
2051353
1266
8022
569
848
501
576
1071
465
96
35
717
0
2039178
0
127
205
1342
82
754
298
1999
3795
61
2352
0
1211
16
133
1496
3288
3
366
12915
491
2015679
0
1363
0
151
23
1211
291
1356
666
134
7398
965
50
16
323
0
1186
633
25
600
4
4515
582
258
731
34
19
417
0
264
99
2126
3192
1745
24
1340
39
655
44
1288
972
0
42
12582
4411
57
181
93
35
9
707
456
162
49
2064021
475
386
25
117
163
2030778
203
1590
796
1241
42
13629
0
2002149
233
922
271
0
235
558
1524
2033781
212
38
510
0
189
3644
88
0
1533
99
4957
32
283
355
1182
1376
0
589
831
2018241
0
2028720
142
2069145
2020
3
570
23
1756
0
1069
1423
23142
2009898
197
334
79
522
422
418
1102
266
0
2898
68
2003272
651
6699
39
2017359
2035072
465
2041110
2
2015542
0
16
1607
359
2043694
338
45
8
7
1082
327160
315
321
0
701
379
19
17
510
1995
2869
993345
816
117
29
30
0
4
11014
1443
178
19
6195
0
1627
14542
242
2066037
2014818
0
1699
2884
307
5671
683
375
491
284
1391
1249
115
903
0
355
4515
1
1292
231
2305
3335
892
612
2030442
1540
52
4035
821
1066
3717
44
351
305
187
1
1504
48
3339
45
0
2325
1530
8337
790
47
506
309
2242
12789
1118
499
40
0
322
668
174
509
573
173
2054193
369
991
790
297
1
0
1546
1054
433
15
28623
582
9
1017
1660
2991
391
49
0
726
103
2022645
12
3
958
149
1462
955
2013789
54
207
0
4641
368
929
346
297
995
0
277
16968
1661
5
2035587
0
15
2025130
67
1508
540
575
154
5
1165
10233
412
287
0
483
111
683
48
126
1133
14
2772
185
652
9702
1847
0
1683
96
2026
196
12
9261
282
106
1111
1230
742
549
0
786
836
422
2050156
2012221
382
504
284
311
32
762
123
0
69
1454107
444
72
1071
1697
2031492
74
11046
2038149
8
1404
14007
3466
834
12663
1478
592129
882
1768
803
169
35
27195
212
0
285
245
367
1768
117
14013
136
1210
2054256
1323
32
301
0
972
721
30
399
13
1155
3045
902
1697
262
366
510
0
2837
2035734
5
21
25647
99
511
172
106
176
731
809
0
658
3602
2027565
1432
1956
41
12
9
284
1
2028898
2034306
0
2042811
11
222
0
315
358
162
14
1178
261
7
6132
0
239
112
641
2155
2040628
855
1002
921
1289
2048722
419
3
0
19
1067
923
2042349
13
757
300
3780
2868
322
1026
969
0
373
234
464
1765
324
4179
256
661
1
570
238
7119
0
45
109
9729
2014881
35
168
1470
1469
101
897
269
22
0
279
7329
54
121
358
126
7
1320
1472
207
1
26
2034138
72
127
1714
1459
6
2033026
382
877
2591
1527
5649
1
0
244
50
65
2190
861
25
1863
1334
2037687
10
62
89
0
1955
50
278
35
6
44
2025759
836
1859
218
23226
436
0
74
757
2041593
9
505
476
891
2017092
280
324
41
176
0
9156
693
19440
16779
338
2769
812
251
675
788
316
25
0
3822
409
453
8
17
689
57
2226
372
27562
246
3339
0
47
164
4056
21735
23
1688
10
133
1297
1239
275
57
0
1423
1359
362
2005284
55
420
673
17976
1477
20979
12411
0
0
2012655
1332
13041
972
109
799
642
1783
161
158
561
226
0
90
205
1101
2001630
1695
1084
13
91
560
1316
12
64
0
627
2027313
470
15
2062341
8904
1
118
224
215
19425
79
17325
53
1629
1086
11
368
698
2747
159
154
36
2052828
356
0
257
10
19
2056
22
0
20
12264
493
22
100
284
0
666
1501
1
3548
141
983
3864
1562
309
503
38
20
0
1
384
418494
194
4515
2015763
1413
37
7
950
655
70
0
854
248
108
915
488
320
234
7
21
632
6
1195
0
16821
92
267
1015
545
1182
322
2031387
681
1149
957
657
0
20
3066
171
9990
64
254
2688
75
44
5901
231
94
0
1793
30367
1094
279
545
5865
982
9450
169
200
16
4231
0
1143
121
30
3
315
15498
554
1043
829
445
734
379
0
61
2625
3
5208
6
243
1663
3486
116
2050539
135
876
0
803
2053899
132
10
223
188
1074
1324
11130
757
694
1555
2035446
956
609
3
11868
237
357
2189
2666
55
86
2509
10
0
3
199
443
1042
379
432
756
638
735
12600
655
1111
0
41
338
1539
1707
794
651
211
262
4
647
641
17
0
1400
283
2012
101
840
16569
322
238
45
306
0
1378
0
18
1580
6174
30807
0
189
203
18
85
293
1858
1475
0
2005521
4819
27
9
799
849
1260
0
806
851
877
2031429
0
722
31
12736
117
666
1603
504
2017359
1105
2061144
21
247
0
831
624
1460
2014
74
257
50
8427
9786
1079
592
211
0
404
59
937
809
54
9324
1292
17
2695
68
8
61
0
166
562
411
8169
923
15
646
980
9
469
2075
68
0
42
10983
1048
677
111
33
2652
1442
214
4
864
2039871
9723
1691
171
1001
335
896
672
43
357
744
1446
2036547
506
0
862
2015349
21
85
45
1827
2225
75
1407
97
573
456
0
296
870
2017023
53
1211
2
2024509
57
116
20
1723
26
0
48
742
75
3036
3781
1765
862
3
4194
399
42
90
0
34
50
1134
10641
1099
919
170
3
992
1299
1213
22
0
546
374
5
301
992
646
961
11760
3
382
235
5922
0
384
995
25
2197
3167
575
616
13
207
23730
511
2046363
0
2371
988
228
49
1407
2019273
525
2184
136
284
2048565
62
0
545
54
2031738
522
1433
2024205
728
890
423
370
872
295
0
1
527
306
32004
1
483
118
1306
250
2003919
36
32
0
99
37716
1019
37
326
4283
2215
552
8
5985
1401
64
2035461
138
171
5355
119
507
295
295
214
6
2574
23457
137
0
1119
20
5
90
488
77
16
2024373
2031388
303
242
329
0
1183
394
598
10
0
867
11193
494
60
1840
15
5
0
20
180
100
42
19678
201
1655
1052
8
1340
46
632
0
1606
12
2036994
200
1551
56
156
99
109
1396
139
15
0
26748
182
703
1387
596
22
1099
1348
1289
781
1451
2031702
0
931
0
1645
1
143
2730
679
0
1208
2052072
20
139
0
2723
174
1771
1283
29
7266
11
2028426
1337
615
6364
2134
0
44
71
10
30066
1463
10650
2013201
2090
434
593
10
545
0
19
2026578
25
1911
444
950
201
1104310
1069
1773
0
673
0
1506
5229
1
63
1121
1
593
1428
2025780
287
0
932
10489
1214
0
1003
0
77
67
190
1092
3538
51
21178
678
0
199
132
99
98
28
110
29
476
2037
21
6
1023
0
1175
1658
179
41
80
2581
6849
6447
4257
953
74
230
0
271
422
2051505
0
4158
1282
270
15645
69
366
15
1
0
300
109
10363
3511
29
30
75
800
429
298
325
734
0
3727
542
2024121
1593
0
1137
167
475
415
74
859
24412
0
54
463
549
1044
1657
173
23
1385
57
9534
9
1715
0
0
199
358
853
409
676
198
2034705
177
39
829
301
0
1358
557
18
433
135
2033007
977
338
186
58
18186
1245
0
382
3460
113
1134
9
260
0
2606
364
105
842
422
0
839
777
1518
135
757
19
1013
54
1623
876
1
214
2040501
446
2037288
2034039
722
1026
320
1042
932
88
1351
9429
692
0
1
0
920
47
150
490
181
314
2014125
2421
617
8
0
2020510
511
1290
510
9
917
2029329
65
3280
142
92
16
0
433
2060472
814
264
22743
649
1
684
193
407
966
30
0
178
940
5490
2956
30
1725
121
16
27
5025
1688
333
0
2031618
365
52
0
488
781
171
1114
64
2617
603
2056146
0
832
10
169
6
1392
1215
2046444
106
0
21441
665
2
0
80
1610
94
17
548
21000
737
294
1286
2493
3
2
0
15
1
1115
422
913
2036787
814
1212
320
215
90
805
0
783
188
38
7371
422
822
539
0
1
1
235
684
0
264
30450
552
138
68
68
2007951
194
60
2002491
255
14
2008602
194
2525
3789
71
1066
23430
55
1442
1624
306
11712
2
0
1010
273
17634
123
2012214
25
2059635
27
2024646
1304
1567
1027
0
100
4
2065722
40
377
212
57589
40
104
574
296
539
0
1024
550
7
21
11550
232
847
2816
1308
164
263
764
0
706
198
1379679
41
1550
1421
176
2596
22
1794
270
32
0
4725
69
2028447
1112
391
377
1323
129
422
581
623
2031681
0
613
183
1025
875
63
8
18921
6
729
336
59
24
0
1911
1189
8
0
159
198
1011
2037897
776
51
57
558
0
365
10
1749
17
4
2048481
101
407
522
556
575
0
0
0
19
582
2037813
260
607
127
594
1341
374
11
1037
0
18
1862955
416
0
1837
84
1358
26
769
1747
1529
2024919
1491
2239
746
78
143
49
2
241
22113
651
1054
25728
2186
0
3268
551817
2
322
520
27
702
264
14301
2765
4725
860
0
235
156
24
19
352
154
4327
1364
219
342
806
3
0
287
115
9240
496
4767
1258
60
79
14
831
710
14
0
238
27
2688
147
375
66
885
633
1003
21
114
896
0
10311
1505
0
102
13
439
2046811
973
1494
265
726
2023827
0
17
13
523
412
219
132
586
64
234
2772
240
346
0
176
17766
457
0
316
1748
271
29505
563
76
57
58
0
20
61
1
315
1256
1260
181
956
424
637
32067
423
0
250
816
2117
3297
1263
1002
182
13294
1128
28
486
165
0
1171
14055
1764
1272
1659
1041117
463
104
0
310
1726
34
3003
150
9
676
220
8
544
1131
52
6583
20
5334
1244
0
7
477
472
16
552
42
709
2428
14889
909
505
148
0
2030190
398
128
478
1700
343
7624
9450
23
360
2
1199
0
2
0
2036430
1428
19683
1701
3
311
79
1465
1286
43
0
16
24
2042968
423
410
251
1560
2609
283
1743
1422
1019
0
168
1050
2045437
442
461
188
4
8
8505
846
104
18039
0
117
24
28
13
385
222
317
258
130
294
727
85
0
1370
2041540
341
41
3680
1201
1542
24055
40
897
919
3
0
1278
125
162
70
366
16317
1205
621
123
9
59
0
0
231
27
275
2205
8
1470
1396
1021
602
6
73
1389
0
4
9072
0
642
10
4
377
7
1111
968
39
57
3675
30
1566
544
2
350
208
3277
693
2015337
8
2062068
764
0
1004
6
19
1100
443
1397
745
380
1517302
556
80
399
0
90
7
146
12
4497
618
1312
1312
1183
282
334
180
0
96
71
304
353
4053
222
611
4376
1045
193
359
101
0
1953
2049405
21519
955
2668
1030
1531
123
138
180
647
1107
0
5187
2041446
3273
2041755
614
46
116
1956
23
433
294
2013453
0
0
2
218
0
1256
7203
123
585
2172
7125
33
474
0
869
49
480
508
115
144
492
2051568
241
69
1862
0
0
953
352
266
176
42
2032608
1305
200
434
198
2197
1225
0
137
81
15
29442
50
884
48
407
885
200
546
499
0
961
15729
375
719
2036715
150
827
29
99
834
1711
342
24465
819
9
1512
188
588
12
1074
24891
25
44
23709
458
0
0
133
42
2026284
294
5
1589
2016792
10395
247
27
2054739
0
24
1091
33
1319
76
1679
840
20926
747
501
1037
751
0
540
107
923
476
377884
92
638
29
481
4
49
11256
0
9072
9
2030862
1522
530
23
1831
621
781
8
10
61
0
2032143
1415
336
51
7665
16
455
1326
357
1714
154
4053
0
58
2202
758
682
582
1797
1
813
1251
3633
67
966
0
168
0
34
846
519
128
76
2050938
266
4106
14107
1
0
1806
1032
363
1085
1068
1575
2040397
604
10
132
139
2
0
1080
207
524
13188
792
1914
24
196
141
75
785
372
0
968
15394
424
6909
1123
630
394
2044827
785
325
125
503
4095
414
22
55
47
6
2059968
31
829796
39
368
2041404
16
0
1245
1203
770
447
644
2026095
156
941
2719
368
433
26
0
0
1000
3
23
2
15645
18669
3613
922
527
216
245
0
8946
250
50
801
4200
28
22
61
482
983
1080
508
0
7
943
2063874
898
108
892
1406
502
1
16
26
193
0
1039368
18
307
1079
748
1
416
3084
2013180
153
1094
2925
0
2020656
1088
1117
3129
23
155
33
32
78
18459
1896
2038
0
4
546
1762
58
1389
1162
16
13566
2041068
827
494
949
0
120
141
650
1620
376
11403
210
8
260
3403
184
10776
0
757
89
722
23754
450
507
1811
22
3990
967
724
42
0
1622
2058645
27
585
96
67
55
1691
161
1581
177
229
7602
945
438
59
37
1858
1
307
1875
460
890
34461
13419
0
1932
171
1419
28413
868
305
260
79
2035807
30
11308
7
0
163
6
68
0
243
39
4914
1016
1600
663
356
216
0
1725
2021307
145
41
2041887
93
681
770
25
398
21483
16638
0
2038212
82
7161
1439
6615
49
0
679
0
689
5397
40
0
16272
302
124
20
150
1218
1449
29
2308
408
794
2049006
0
1424
63
497
28
1911
13
490
1779
826
4620
192
2040438
0
71
63
20
319
638
1118
65
2033229
391
1220
504
1
0
19
44
240
494
2008146
29095
58
872
1330
2856
10794
338
0
0
3724
610
3970
1981
1690
690
807
42
1196
805
1812
0
569
12097
880
3177
213
548
129
740
1
859
710
32193
8358
124
846
130
4076
101
13
68
4
495
166
13257
10
0
1001
1492
594
798
1415
1113
149
9108
13146
51
733
1339
0
2247
566
623
112
580
336
105
148
6639
751
549
1250
0
716
875
938
519
7161
708
7
59
779
654
62
5
0
1068
463
19321
20
136
1702
51
45
28
2
598
595
0
1251600
2018034
31
14
956
359
157
804
63
508
665
2028048
0
106
38
975
72
40
0
2117
67
1717
16278
0
1458
0
168
279
57
15
18
566
710
1618
26547
72
318
735
0
8
1
246
199
1157
15057
2846
12663
793
198
8337
713
0
18
243
797
13314
2035314
570
1143
1638
89
11
39
906
0
864
11718
307
94
666
129
13
994
85
9
21
709
903
2014398
23838
361437
2799
149
1213
2021328
270
1136
193
10101
5410
0
620
0
231
3
60
320
16
806
2029413
10
631
419
0
148
709
80
6762
13
1053
2038465
893
443
132
26
2031430
0
189
180
399
0
21148
271
146
460
1363
861
14
10
0
180
685
22512
777
301
1067
1801
1460
308
2057826
301
310
0
2038815
702
976
468
351
1018
27
376
25
0
14
2026536
0
691
35
325
947
496
5
354
2014335
317
2185
317
652
0
442
2032038
512
5
3116
1159
391
4248
1
1031
1760
527
0
1005
38
1684
45
131
5565
2040312
972
19404
298
2064583
282
0
56
770
42
17892
580
1081
2035062
901
362
14
194
268
0
1788
9429
4016
1185
1
464
52
1288
73
588
2038317
102
2016457
542
16
78
2
782
60
727
610
343
20
462
10
0
52
157
413
58
1372
3390
129
11
462
315
55
15099
0
759
146
36
2079
942
1587
1716
1
367
2009322
145
3
0
285
995
362
806
2499
303
98
934
3341
124
743
1797
0
2051337
61
1176
5
1799
825
1143
99
1
69
474
927
0
4956
652
344
671
227
5
112
36
140
563
985
16464
0
24381
28
1752
382
145
1422
1085
1843
231
1938
567
987
0
1050
26
283
52
1890
1483
402
20727
3
708
189
339
0
394
546
609
140
300
1681
1581
230
822
801
437
2189
0
1106
459
57
20980
12
14
286
5
56
1
479
1304
0
140
2062236
1081
9829
643
1534
95
660
1
6
156
92
10605
8
221
2014692
236
12453
1693
474
402
1457
57
2060472
409
0
1573
1819
2014
6363
27
57
46
1893
11280
357
934
83
0
55
635
305
957
858
609
26964
193
523
66
412
38
0
29
78
0
1503
447765
640
101
257
30
79
17
1020
0
38
449
2010975
9
1183
798
2006989
0
1605
12
2824
62
0
2018306
65
343
34
803
1379
1737
590
389
547
310
2065239
0
9639
1150
1160
184
38
14
308
73
764
11004
75
2029350
0
1
138
70
1542
295
707
361
17535
827
564
364
28
0
873
1
22
1687
15
8148
713
868
148
46
2023077
102
0
739
933
2699
6321
1425
43
1027
1127
1019
998
2122
995
0
117
26218
330
1662
56
1335
11
392
227
34
193
21
1806
289
42
74
66
0
830
338
72
34
309
7392
733
0
770
17
24
833
989
515
496
53
25725
154
592
1416
0
38
214
1218
29
308
200
3531
818
48
16
2263
1061
0
1265
14
549
46
210
169
1092
730
22
2032
20
6
0
609
1173
6384
451
177
8
908
543
82
233
783
4736
0
8337
17
664
4
214
387
118
2
413
1913
25
10185
0
447
1785
72
343
558
349
81
181
240
11070
386
468
0
657
218
319
45
51
842
1249
13660
67
478
26
861
0
367
193
81
301
2395
9996
91
2434
151
425
12
292
0
17
451
39
2041005
36
26
2029801
836
179
132
1156
19
0
351
15960
43
7
0
1388
319
394
1907
720
49
167
20307
2041827
27
832
774
621
182
1177
1503
0
978
8148
13839
0
149
1182
228
1694
1677
1371
4989
1137
189
1171
16
763
0
890
43
372
317
137
62
654
47
29
95
15
6
0
11
40
522
74
9219
374
2030788
2061879
901
3
2057511
2044743
0
22
431
2025171
427
1434
40
44
155
1
944
782
2049168
0
2001136
928
323
620
7
733
833
65
296
0
6804
9474
0
1498
697
1580
680
1041
579
118
143
1
2751
27
416
0
301
409
980
1122
1172
590
2027859
57876
92
314
1461
368
0
3003
1222
749
387
356
2026746
2067748
310
438
13
1
38
0
34
40
557
294
227
8506
756
0
4221
9
0
453
0
848
3927
3677
0
618
1630
24
3169
1359
734
169
641
2040165
105
20
225
1438
24
1189
759
109
1619
232
2040711
453
0
597
1604
1092
16
129
486
73
616
1029
364
16894
329
0
29
190
576
126
480
287
11829
10
1293
215
433
294
0
263
882
572
20
2289
85
303
727
240
1101
798
998
0
163
1414
1428
1182
1244
8
959
1015
25
41
58
2503
0
2026662
362
171
961
2038317
219
16
13
394
971
2
882
0
3
1
238
1245
544
442
9
69
195
3045
101
24
0
870
664
12
828
563
18
150
15744
152
68
11
34
0
299
4116
1001
351
961
12285
241
220
63
214
1152
730
0
2044932
329
135
4809
4
196
1771
1627
68
8
87
10416
0
1321
1323
363
1824
401
579
2847
203
1627
0
1219
2035125
2044113
46
280
133
177
650
3164
199
57
283
52
2018997
91
0
7
58
0
65
128
1094
381
75
2041740
1080
684
341
0
315
527
579
2021433
1
13
25578
80
65
1202
714
359
0
929
757
1808
468
2014125
1094
225
1135
605
354
222
884
0
11
1608
2625
5289
1680
73
5
593
1147
2020719
231
357
0
1953
182
3
418
536
0
179
1
126
467
450
11313
0
2015784
0
18
8
1048
88
583
74
98
1134
242
2042055
0
475
26
41
356
32
866
908
12726
1596
695
34
2013663
0
681
2520
270
177
1254
6453
145
30
415
1209
45
27363
0
17
56
200
6237
1
215
1596
1812
154
399
92
153
0
29841
2062719
2027167
1647
63
511
1801
714
25
1855
106
747
20559
1559
2863
648
1145
629
211
13266
377
89
19438
13776
4
0
799
1638
10
5
506
434
1276
2029584
9051
530
671
687
0
405
20160
336
840
50
19
2042622
5
110
1
2
308
0
882
4
49
52
2040501
27
73
348
1200
460
187
72
0
3
14196
11740
3438
576
2041215
37
2038905
555
2018346
2056125
9
0
20433
12
1057
3237
96
15
71
757
1606
9
629
3843
0
2038023
2831
118635
447
639
75
1
153
13
10881
2041929
155
0
1200
95
4995
2022168
1381
1756
215
35080
470
223
47
1391
0
8379
1364
2347
888
316
2026488
13
1596
582
1411
6
816
0
11
5109
14
23856
374
7
37
355
20748
358
403
170
0
930
1170
0
1848
726
23
192
1236
129
388
909
48
2046255
809
331
833
102
724
99
1782
202
115
25035
7686
2024379
0
587
193
194
384
11
2567
16
1028
2027523
48
3597
2026410
0
15624
246
243
25
841
386
2029470
1
1679
246
1133
126
0
1033
19
480
1469
2043294
321
109
85
90
158
3778
0
0
474
1010
3465
363
12
176
0
1717
619
2031849
1518
48
0
1323
446
523
2583
2566
493
337
4
487
318
22
18438
0
4
308
1133
613
865
436
27
186
587
462
164
851
0
1205
405
265
1653
425
67
1631
18039
482
4347
1228
1208
0
40
275
364
730
33
18648
968
1055
25
488253
202
1428
0
545
18
150
42
2743
379
37
103
54
1116
80
500
0
127
6174
194
715
11
650
508
547
1698
2011081
85
73
8928
70
171
537
51
248
66
52
278
17
65
2015547
885
0
1019
1031
1926
1164
64
178
14217
46
8484
13020
17
624
0
2
949
835
439
6
1652
2043
532
68
73
17
5
0
151
1314
2056188
0
8179
163
186
1091
2045257
166
187
2045262
0
2861
85
12999
78
311139
135333
2813
437
14245
236
740
380
0
2043105
31416
1553
506
547
4809
1986
268
31
832
1935
9687
0
457
775
10
731
988
56
312
91
7
996346
215
1700
0
1726
1455
11
315
787
120
4961
4509
440
647
13
874
0
635
173
180
37
8694
15991
204
82
242
1349
1705
601
0
633
14356
54
23289
510
314
4
4137
2215
302
1771
1797
0
9324
1050
385
1273
139
0
19
735
345
430
29
336
2022378
1779
707
26
310
6
1309
1038
8
1255
162
14763
526
0
341
2026053
1783
177
2048223
82
25
119
9502
76
199
172
0
12
530
52
83
4323
804
20637
15540
1278
4
601
560
0
1438
849
479
4
2772
70
15876
316
1717
3430
1231
15
0
2158
2
1407
932
6
3
556
64
41
25
19
10
0
2042013
13965
234
13881
56
873
466
299
2158
769
1171
7539
0
1251
1417
3018
404
42
1269
480
1138
1409
3129
1450
165
0
1704
20
2531
2038038
730
76
62
1614111
455
3331
307
644
0
1284
132
311
4638
471
2038905
410
11787
2
2043759
434
1588
0
288
60
2268
2859
59
10
107
2025279
168
623
18
2
0
516
6744
13
74
53
314
160
571
1521
814
71
748
1365
7
77
0
51
260
88
672
648
5418
930
7581
0
0
567
225
12
15
618
750
66
241
20286
1290
479
1483
0
718
272
918
371
14253
1953
189
212
13
75
702
659
0
856
2051
23835
26
2021595
757
926
59
598
7731
295
1267
0
861
30
2022546
2
555
1737
4
796
82
3325
402
35
0
3633
13903
4
795
1352211
2170
35
462
64
15
1059
5523
0
1089
1249
120
2040123
170
2552
5
4513
7671
1788
325
574
0
695
718
1196
87
29151
23
315
2013705
4379
1349
1017
399
0
179
2053527
608
288
56
29490
1407
148
2
379
88
662
0
2040165
566
2021958
10941
826
10
711
13
420
322
202
16
0
341
2026599
3828
1125
26
505
1
2032972
13
92
65
237
2029833
719
6
1280
800
1
2377
487
30
1
2041089
30366
458
0
264
21357
2021349
156
1300
3688
806
129
2163
1035
808
97
0
652
34
363
167
1296
45
14133
403
2023239
598
109
776
0
33
979
1866
307
22953
443
1393
1747
79
304
0
435
0
1272
955
27909
12
445
2018304
7
30
138
31
489
370
0
2635
26389
17
1070
398
1195
1851
1304
65
132147
1143
6699
0
80
2539
177
706
6
75
309
129
1
2015884
1019
608
0
382
0
2022178
2047473
326
1232
9
688072
0
210
164
1623
0
177
6763
33
3738
243
2037252
964
3
369
206
494
148
0
35
1045
3
672
218
10531
11928
166
341
5
735
2808
0
240
1205065
2042191
62
56
147
5
70
308
288
55
892
2032794
250
642
2207
645
11
2021166
15
917
218
477
241
598
0
649
52
696
995
0
55
7
1474
63
906
16926
351
0
7749
451
264
8925
128
35
2023281
254
51
840
1577
132
0
604
42
12
1140
18669
86
2031
349
58
10
50
769
0
1505
0
16107
614
1035
59
336
1613
810
65
573
13
0
9082
5
167
747
902
53
299
14
8
97
155
12642
0
17304
344
14
336
691
1043
2003846
210
182
2051883
97
468
0
1375
1814
1237
314
23
1
920
11970
37
19
66
2029623
0
5508
622
1
1740
681
18019
30
147
272
406
66
109
0
540
2696
23
2016961
17
695
1671
586
22
4479
74
1383
0
58
11397
1134
203
807
140
36
22176
23
86
207
363
9135
53
1789
425
2009001
1848
7
1536
597
233
664
2035251
51
0
421
31
100
433
897
115
30
149
100341
49
403
170
0
925
797
7
1483
54
1330
10900
1441
1769
40
46
125
0
1144
290
399
2
12096
1595
4
269
239
115
976
125
0
80
634
2050644
797
1174
103
0
438
2262
666
8
7
0
409906
498
26
882
266
125
3
289
40
1163
1595
20706
0
40
42
5
1472
41
1587
246
919
1731
20139
183
0
0
35
4
963
702
50
794
1243
2027166
642
784
976
1235
0
675
52
725
4558
189
36576
753
801
2037981
7413
21
15
0
0
654
5
2704
2856
2
54
44
511
205
220
3695
0
1155
10647
481
46
43
738
191
601
348
1191
454
224
2040984
2027334
671
81
490
217
51
59
305
10
437
19950
1978
0
2
280
37
2025648
630
625
135
67
2040207
16884
185
688
0
200
18
365
8
213
30
2042811
348
300
260
165
318
0
128
7
900
35
2029917
912
381
22008
1946
38
3
911
0
233
277
8868
308
30
23
2046948
1028
236
317
1083
2030799
0
31776
2713
3696
768
139
1391
410
375
309
25588
112
14070
0
253
1365
349
3318
396
740
62
959
24
745944
106
950
0
14952
486
403
308
1451
1233
25
2059065
246
523
1337
570
0
7
3
1198
1399
1163
11718
839
1635
137
2251
560
758
0
101
54
7791
15918
1249
7
1326
788
481
31
443
844
0
304
4809
628
50
42
676
70
25
1048
356
386
566
2054382
3956
22
126
25
856
28
2576
340
30
409
25873
2168
0
773
534
646
150
1576
437
123
804
3528
110
231
11133
0
264
20
8
512
600
3318
2037960
121
102
1293
295
548
0
326
84
65
19
10776
54
308
205
196
4482
2814
1445
0
26040
82
15918
762
1023
1047
729
209
4200
876
770
1319
0
2061018
1
84
265
9429
690
58
1406
2565
1718
0
13251
0
196
745
6447
185
113
313
17
60
1660
2024247
13
57
0
3393
27
1168
93
1704
1221
1763
2025276
327
23106
25956
1447
0
624
35
35
2013127
598
2029497
173
14
1361
1106
2039535
1194
0
718
128
22
6510
367
314
0
1679
534
18
809
28
0
37
10920
407
17
2698
84
591
1341
120
4348
777
274
15856
854
540
60
1318
1358
597
9
2185
131
3
7245
35
0
442
2006208
176
1534
305
3756
208
530
2042748
43
1430
425
0
134
789
162
562
2
373
8211
2023134
32
98
2061889
1723
0
147
53
586
2541
23289
167
56
176
1946
1
415
112
0
1031
1259
25284
629
1476
42
841
513
118
1101
258
1388
0
4437
286
1074
699
763
120
0
2667
588
54
399
231
0
55
100
189
1029
1022
62
22
172
143
19137
2023239
752
0
204
1162
33
1301
172
1224
976
549
2015784
3231
164
440
0
29
15
970
883
549
11256
512
17326
376
0
171
2036689
0
11
93
146
315
162
38
47
263
25
6363
55
334
0
275
6888
270
5
28
307
206
19
0
231
15
296
4788
1126
55
264
480
0
0
2463
22
389
20
2016414
936
0
1740
87
605
251016
50
364
322
832
3130
890
477
6
0
553
63
1197
674
17
1125
903
3
8358
247
1251
385
0
73
878
15
243
210
18
6
172
11
245
492
72
0
57
588
29106
141
30
28161
419
9
1190
719
2052
2000
0
2065890
599
6
19
1653
1794
942
204
1856
405
1011
9030
0
104
2003058
1449
330
186
44
160
170
123
2031744
2020005
677
0
2020
1027
14
75
1259
7434
313
31290
252
46
0
28
0
1
923
1002
223
67
9660
7
147
463
207
31
39
0
748
5
1276
15036
25
455
137
1475
756
300
525
932
0
115
2030373
2043
57
0
66
101
189
72
46
2037183
626
8988
2990
214
415
450
96
1774
13713
2060608
71
62
2040033
741
0
1
1485
45
225
885
976
35
2041530
2027733
50
12
337
0
1542
43
507
1278
12432
648
10983
385
398
300
959
458
0
105
780
11
19
0
53
199
2037813
1917
51
80
256
0
16
569
120
124
1801
98
729
1166
51
969
1120
46
0
2042601
1947
18
457
47
189
7
29
299
618
330
19503
0
83
1397
1360
56
70
202
3
727
222
13818
1511
1200
0
1124
84
130
806
303
447
446
1596
2021769
329
1007
562
0
686
286387
1147
322
3457
288
54
1299
158
259
536
4
0
156
295
1167
1596
5
93
228
339
19
457
335
0
0
2067192
2004696
11529
9
384
14
430
1320
1891
1679
1236
522
8904
722
290
232
2053296
1063
140
902
45
405
1610
483
296
0
601
260
1143
287
2482
0
1809
424
5943
927
607
282
0
381
285
495
22
250
5
2025717
895
1235
33
1658
262
0
853
397
36
480
2047374
2047
1234
182
1331
27
1152
3220
0
26
1642
34209
2009766
1228
328
169
2048187
205
87
196
53
0
2034774
20
14
636
285
62
29
1358
544
104
49
2048319
0
1147
2292
52
830
1030
654
264
16
32
5250
29
2022189
0
57
156
1515
10
22
83
37
22212
2015868
1957
855
29
0
75
663
1267
2043987
1111
1905
501
687
133
284
8
2024016
0
152
16044
80
11865
11
31
1620
1411
414
1106
14343
565
0
2037963
2054220
123
517
2039493
755
70
1372
2017773
176
833
1765
27343
86
1677
0
30
590
979
1364
183
15
764
2015889
3815
0
523
989
1
285
807
407
80
3868
6006
1306
203
22
0
20
25
600
712490
222
51
861
152
49
27
1009
1301
0
723
0
64
2111
2066929
1245
842
57
1447
75
36
69
0
6384
19
2009190
636
59
288
791
30
1
2233
498
2599
0
2043525
14
195
1208
167
397
959
804
1148
71
11
7119
0
1904
14
691
25
1
427
1135
5
123
1439845
630
0
0
306
534
802
1510
98
1010
1282
4200
30
932
453
10
0
338
56
65
90
61
8112
2024187
470
1885
538
0
704
0
916
15
1114
225
4868
59
1712046
54
1748
570
624
1344
0
1632
1491
2475
358
876
473
15
2038569
3
2
2
50
2008728
31
49
1381
225
462
5670
156
882
1204
165
26313
1366
0
1817
2047599
656
395
2043147
2044932
1845
2008756
2053711
17655
0
911
0
2053347
3917
6153
1508
539
450
2006313
65
303
524
0
8
0
412
46
127
56
2082
12526
505
3353
1894
680
1049
183
0
2057421
594
2055810
870
93
63
22
182
22974
1075
154
194
0
9660
2394
13
6
282
203
2029266
33
729
2034033
1313
2035614
0
617
218
75
0
142
2014671
54
159
452
22344
356
239
0
972
396
78
2815
161
45
2032878
3381
1809
2043567
1058
21
0
70
0
13
148
179
6090
1040
0
902
43
94
38
0
101
8
78
2036325
1697
1576
3251
17
363
1117
173
57
0
49
2142
659
0
1320
511
38
63
443
231
4
789
5191
513
216
306
2
23
99
3
284
197
26
2039430
247
0
1533
2550
35
21084
370
360
86
254
22809
28
88
667
0
933
16
928
105
521
703
8778
287
261
539
3
2020125
0
577
109
0
401
2041362
287
540
40
190
601
514
113
0
268
168
11262
998
3161
308
841
289
848
408
371
4
0
2793
83
1
1745
16437
120
2915
106
2226
534
440
24612
0
626
18
1575
591
1263
67
691
1033
467
925
227
147
0
2055180
107
27
42
266
224
10
1916608
299
282
5
1047
0
1591
265
58
34
186
24003
394
2039356
38
54
1784
1
0
1362
5
261
3129
528
1839
431
38
41
1005
977
808
0
659
17115
70
2289
2346
29
340
68
100
716
671
531
231
745
1732
666
502
785
0
878
60
573
233
142332
47
0
279
526
1469
252
1390
3066
701
153
2019900
924
994
1812
0
55
27
49
858
405
738
2940
6
2561
148
878
21
0
893
1
295
437
2033970
776
573174
1306
546
16
434
567
0
2023
46
2038128
649
624
17
2039955
5544
574
830
316
4
0
18375
1368
411
644
236
375
2019585
12
33
51
351
2032059
0
838
158
96
1508
821
2014
398
1768
78
2046405
7
433
0
16611
1590
1278
1436
54
495
8
8631
142
790
37
17
0
60
609
2
1279
21510
2041683
94
877
1591
0
1953
974
0
146
93
0
2046255
800
25
49
1
1177
403
197
10
0
1172
6132
0
19
62
227
282
24
47
0
94335
208
11046
20
0
69
2
600
356
381
86
8652
558
18717
19
0
445
520
71
17
983
1114
106
111
2018436
3654
869
242
0
2341
434
81
273
1053
2034663
8730
194
1101
283
476
34
0
417
15
80
445
26271
60
26
1109
1037
7
497
528
0
958
613
7465
1971
643
11949
4
376
1015
21
833
127
0
7806
6
125
1874
434
234
73
266
1009
1002
64
2030925
0
3
1142
1616
166
21
2
337
11
27
1071
4
2023848
0
619
518
6
1350
1298
1463
282
4431
1
97
3381
0
0
5
745
1011
2212
1031
560704
1375
225
117
1
70
1937
0
1436
189
515
2018052
2741
1118
29
326
85
2038716
268
570
0
25
1176
65
686
5
667
12411
44
2030023
1326
2050203
160
3051
2061
402
396
59
182
0
26355
161
762
50
4431
53
0
1008
108
641
2576
624
361
21
121
4059
726
226
3895
0
19
143
0
47
44
23
11035
148
7
24
590
1837
0
287
330
165
1094
2063622
0
1397
63
536
6
385
738
0
5
16
1617
585
2548
756
1526
248
984
107
1546
577
0
16212
767
219
11760
503
38
56
211
29
1753
975
7917
0
1295
341
989
34
63
10
1143
102
338
19242
70
750
0
303
4392
347
567
218
388
434
3675
828
1626
934
109
0
1451
374
16
2181
37
5790
55
25
13
2053584
19
769
0
922
3781
1
5313
708
4
379
1122
987
67
103
147
0
353
136702
25
14
1411
1327
62
527
54
242
398
231
17535
59
102
51
45
16
0
10
1132
6
702
2022252
1763
0
1492
11
20
809
230
44
1827
23
14652
1106
92
1096
0
17
1499
14
80
2
10
2039934
212
3
1481
821
8
0
1240
48
31
530
2036763
63
522
42
8
662
494
21
0
1890
22995
9964
105
614
3
3
57
870
2045929
1027
1531
0
2035356
327
22
331
933
1020
18144
101
2148
2050
30
2028489
0
1136
0
836
1515
1743
56
36
292
315
7245
34
270
0
876
1038
2294
1045
1225
81
1
16779
23
1361
836
172
0
654
744
125
1321
2035650
24571
285
4
59
313
545
435
0
415
654
2007
50919
2252
1037
2669
440
1511
105
308
425
0
867
2030695
20
378
9
1081
173
124
213
409
228
80
2037729
66
173
561
645
999
9
2020
417
127
538
5754
1983
0
10
20
76
958
120
0
1556
429
966
0
1090
4
0
309
1484
316
473
369
9372
3696
1996
1054
213
28
325
0
54
502
1011
0
6033
256
2050297
1058
242
31
28
1386
0
933
46
10836
282
1826
418
2018892
2040651
7
33
661
0
0
1764
1343
1178
1774
93
1640
270
350
415
97
28
13671
0
0
3472
2099
2175
593
2040
231
778
289
1029
1440
735
0
200
1443
181
614
930
23
376
9145
677
420
217
686
0
2038149
18
1713
388
141
3969
259
12
1697
232
623
2625
0
46
849
21
2961
762
273
5
3948
451
2017533
2776
101
0
144
2043465
106
835
48
1441
34
1290
234
78
12
21220
28539
6594
2382
372
17184
2020761
316
3369
2211
83
1983
2007846
488
0
478
599
261
1161
632
809
928
971
2026854
25
723
0
0
85
969
156
1474
258
1920
18165
93
22
220
2144
1706
0
2007741
1471
222
60
2049594
0
722
998
1883
493
33
5
0
870
1371
28161
16
1201
1014
694
2301
16600
7
23
1890
0
26502
127
1158
0
1825
15
5
2538
607
550
788
5979
0
31
319
594
569
736
279
853
568
817
15750
199
4
0
45
92
96
7
5
798
1152
7550
1440
10815
27
507
0
12
0
3470
244
1168
2037057
7
537
108
17209
852
391
0
641
96
1115
3780
347
1891
35
344
75
75
35
295
0
1565
2032794
8463
1
4705
1859
25
61
54
966
3459
535
6426
182
762
1031
779
284
386
934
290
720
779
15330
13
0
3486
385
4
2031555
5
662
542
356
1638
2036217
4528
46
0
1333
1784
1076
206
27
386
651
654
117
637
564
974
0
1850
2122
0
237
17157
245
19
371
1158
1457
3255
502
0
2064630
1124
3297
1529
745
1751
169
50
885
21
826248
518
0
13986
3981
1154
294
453
105
5
146
389
587
2322
1029
0
1297
2035387
852
22
6720
14
802
758
10
2050749
111
23
0
1771
408
2
86
863
27
1806
2037981
1
84
845
804
0
981
2027481
1661
2152
1704
3613
543
96
450
160
2057427
679
0
109
2028867
768
6387
16
324
2042391
526
1306
16947
946
32
0
2331
2039136
1638
276
1193
774
25
1612
25
439
906
54
2060811
31
497
40
2325
27
25
728
7728
393
2037
2067528
478
0
869
614
1
22
941
1863
725
436
1449
432
360
3
0
1473
3255
331
38
60
1287
12453
243
238
184
569
879
0
891
111
233
12
6531
110
3
453
355
2012613
855
2026
0
221
154
2247
5
969
1598
1274
594
45
144
29
813
0
7833
920
634
1326
1676
310
2011485
414
1449
462
532
5187
0
6258
1383
122
634
675
1713
591
820
69
17262
56
83
0
533
135
507
440
319
203
101
2007912
1608
349
329
2305
0
1140
1788
1268
211
1180
1323
1152
24
41
276
272
1753
0
24570
134
888
2059759
2011731
1247
108
1464
831
164
225
373
0
141
2121
134
147
16
945
528
36
1402
197
1074
0
2038590
20
624
37
1060
248
99
357
89
5
1280
23121
658
0
1320
175
143
1167
396
7
696
140
11340
2062179
1012
211
0
523
1435
984
600
1229
1674
2043526
97
422
2006
1367
13125
0
90
248
1576
1715
2041435
17388
18
89
25
23
46
363
0
2286
481
2037550
84
827
575
312
3010
2016834
130
416
287
0
5397
15
1438
480
1044
25
12
71
1553
488
926
5001
0
1232
1706
377
2474
56
1125
46
112
0
23940
1580
152
0
12
90
2
1146
725
349
592
22071
635
879
85
2028657
0
328
50
520
917
2031738
2020152
861
23
1366
89
60
757
0
349
7602
138
2056482
20
0
32
772
4
31
1335
429
0
372
23751
2
1775
12138
964
356
408
354
1762
1954
115
72892
141
466
42
318
39
22
220
53
504
63
2024835
1
0
1252
356
1025
20
9
1018
2482
976
22519
1393
2018808
263
0
1266
88
72
62
16
21
10500
354
1153
1995
13
69
0
19
59
1581
2207
2023869
411
263
1685
1471
726
46
2011143
0
7
29
861
2583
2
670
21
1703
222
1217
211
2127
0
2011395
48
567
2271
603
498
7
827
293
84
271
14291
0
3276
20
14
108
5
178
7
168
360
15939
464
128
0
2705
5
18
1
994
265
23
16989
84
17
182
19
0
42
30
3
234
8
2064
2011626
686
18
523
888
1184
0
230
1
2027145
19998
40
24
6336
1564
310
8
54
3134
0
869
2008239
265
878
1162
871
1512
162
675
72
276
874
16863
2030106
220
388
131
22680
9
1286
2019726
530
1951
2037057
57
0
1394
3480
77
1446
606
5
193
2014756
2013348
48
13
71
0
2389
64
272
1
1412
31
2038695
1078
539
13
2
17
0
11739
1180
1292
437
12159
87
70
800092
417
437
2040516
843
0
848
231
420
1808
232
599
643
83
188
73
485
93
0
526
598
9
9996
1993
345
2162
1817
397
13
464
2043609
0
3310
33
482
591
3
156
431
21568
324
12012
18406
621
0
3127
1618
24
101
135
903
18
2037249
147
19
773
721
0
1562
117
126
103
1072
2625
1618
240
424
25
1544
0
0
462
776
10941
2032332
0
1439
219
2296
2034
9
34
2005914
0
2022630
2045856
799
2
424
0
0
1341
2011878
10
1068
298
2009799
16842
9
514
9
352
1088
418
1
55
782
349
2713
0
6
398
12
0
399
184
965
145
1470
248
15
277
0
49
94
6
2
1348
685
21945
413
313
868
31
1123
0
297
841
1416
2020635
10815
0
380
2136
0
480
447
273
0
1756
2157
2042962
208
4305
2364
3
353
302
432
222
405
0
11634
86
1946
16
1204
928
2920
417
1033
1017
1093
2031576
0
29
23
68
173
1087
331
65
821
899
1438
760
861
0
184
2392
1094
807
306
1247
303
1176
332
16
25
2053311
0
135
1078
905
338
2226
8667
1
164
130
0
12291
521
0
63
54
9
2023158
190
500
1567
203
386
862
1216
0
0
1
7224
76
13839
1736
113
24003
506
92
2894
244
1463
2058870
25
1326
331
20
387
13
659
2030799
1431
31
4851
12
0
898
334
22
1716
1069
9
685
1202
3501
225
274
2021811
0
1535
48
11
801
301
943
2047068
724
1446
8
80
580
0
197
848
226
151
2011080
2017383
1161
4
53
160
37
26
0
32
53
7749
49
784
543
311
11
285
1068
0
17
0
2011626
3
816
45
679
417
9
56
7833
212
9
252
0
16002
0
0
1252
26
1655
788
738
1160
2025360
4158
281
0
5
21
768
0
532743
49
1268
3256
555
674
2
290
0
6
2098
388
616
1
4504
535
13020
8484
374
71
721
0
28
820
826
2064829
306
22
200
107
1544
13
173
453
0
31
22554
231
956
1
23667
129
346
877
106
1239
4
2605
3380
1234
599
26
2016330
13
80
666
808
727
2004066
1087
0
1176
1418
557
158
2003835
835
529
498
6471
766
2020572
10
0
1438
5599
967
367
99
645
27744
2037918
155
3
12958
16
0
6
0
2026830
280
35910
341
646
1904
271
419
30
1034
0
0
948
2014671
291
387
21
29190
73
4853
23
162
84
0
21840
620
425
29
17
14689
73
44
840
178
30670
1890
0
1298
2027481
233880
121
1110
15099
840
1343
329
7540
220
667
0
1006
313
58
28
20
2052348
478
3570
97
6132
387
261
0
19
368
1
972
5
752370
282
778
526
69
406
5
0
7
1789
2037
357
72
833
508
748
38
971
2320
43
0
707
5386
468
86
1092
1578
2034484
14
6
719
853
410
2014461
661
677590
75
285
482
630
218
581
2324
4
8967
592
0
3
1449
606
261
641
652
37
1707
2030841
56
252
2040228
0
13314
1037
0
843
123
221
2031534
45
436
183
124
2033550
0
9
19
477
827
2021328
19
47
611
214
19509
36
124
0
1832
48
11466
341
1
1522
164
153
722
151
2
1083
0
21729
2043006
518
54
3402
378
1535
305
318
2049489
31
5712
0
78
698
301
1049
3441
97
326
1798
960
395388
14889
14
0
1
5901
1646
116
17
884
157
4431
59
949
5
76
0
268
1110
1547
1411
1694
2038086
10
1115
51
870
7
271
0
293
8553
442
12159
626
249
951
452
125
2
24
21
0
744
4894
2736
50
14
20
1051
0
167
215
218
155
8694
3
1971
674
67
292
2
185
189
354
135
2035740
1454
0
227
30
94
308
2037036
1355
2036055
3
2031219
322
1098
432
0
1794
0
1425
96
6
563
17265
6
124
122
1012
1344
0
583
1543
807
3156
2045712
469
525
1060
929
6847
2346
20
0
1269
2011746
17620
536
485
1904
25
926
1584
940
92
754
0
20394
21
230
838
409
26
922
35
35
53
514
5565
0
509
1391
406
2197
13125
17
421
0
434
2034894
2001756
24
0
88
219
5
231
433
1915
56
2012739
237
32
0
675
0
2040669
0
179
3
739
9139
13167
100
180
2
58
24906
0
6
30
982
2023974
509
162
83
391
24601
346
1108
74
0
378
3885
2668
89
60
37
116
475
33
102
827
20
27408
146
451
2305
314
344
504
1
2028426
66
2520
2035020
673
0
61
896
19
676
30
0
24
3
2022766
15393
67
16
0
695
316
28
561
840
560
2625
80
15477
662
1322
965
0
1
508
147
12
2012235
50
84
0
60
1311
748
41
0
15
87
10185
1991
1866
217
822
15
464
2012770
121
21
0
2730
41
2051316
36
657
185
33
138
18672
1429
100
16884
0
1641
34
1513
321
911
425
66
384
578
17613
867
4116
0
239
80
878
831
1041
129
283
8106
92
1342
97
2806
0
0
2129
817
0
41
4500
282
1774
7
887
450
406
0
1079
311
18
23394
18816
2172
347
35
11
2387
616
783
0
2028285
3045
184
79
441
4370
5
2037918
262
38
382
504
2057217
824
41
934
297
2121
215
2013579
824
1200
1677
16296
339
0
4
405
2044092
1253
29
14
402
755
7812
797
472
211
0
594
465
51
212
1026
527
4977
0
159
283
25
535
0
286
9
132
54
17860
61
811
249
736
377
1051
352
0
818
0
14265
2475
2169
187
488
1453
242
28
1476
336
0
2023113
4
425
293
29
625
296
1681
43
2020
8704
11445
0
5
13
481
28
891
1674
2
980
1409
9976
603
1111
0
405
404
30
10
26
155
10
5187
804
1301
127
970
0
3
5901
496
1482
1253
2052177
1774
1181
3
1274
1447
1663
0
298
33
477
5130
3
257
8
667
59
62
13461
631
0
58
4056
583
203
706
4851
186
76
43
45
29
1072
19698
300
32
2049468
791
223
2
2
605
1052
83
2415
2579
0
248
22
18
35
231
11445
62
793
28266
43
23
85
0
8
802
2015973
195
17
1067
16191
918
790
994
647
111
0
847
1940
26412
300
24207
21
21
0
740
250
479
10
0
340
881
2025381
371
19
2037435
1421
239
1184
37
3
26
0
11235
946
1938
2045352
823
1108
20
5
42
1471
684
9712
0
15
14
16
444
18
1335
340
5
359
6048
667
21216
0
5
18
9
25
71
691
16
34821
774
1024
2406
23
0
1292
234
21
540
483
2054634
1650
1992
1485
5193
331
715
0
21
338
1
2031996
107
2053417
36
64
0
92
64
2791
0
277
30828
3429
498
166
596
13
178
71
56
37
996
10377
5
259
1567
87
1897
41
5326
1950
530
1575
1009
2042359
0
521
1243
82
52
6
306
953
61
567
2625
109
232
0
458
796
215
103512
16
6000
8841
1330
21
575
7
917
0
901
1562
289
60
2033761
17
96
145
519
169
896
1875
0
923
78
13734
4200
2838
435
1716
4
270
2033298
768
1335
0
2040018
149
396
19
180
1190
866
740
2212
1054
55
5649
0
1209
561
268
136
342
0
181
1695
55
15226
342
475
0
2032044
1336
213
1505
3472
183
700
4137
14
576
1
225
0
156
313
688
1
19
63
62
294
126
95
1610
215
0
398
600
2041242
255
27576
125
264
9
1572700
1953
14
3717
0
1095
25623
364
689
24
1280
1393
63
124
440
33
52
8694
437
8
11
122
161
414
986
524
394
18
2036050
19
0
958
2047797
876
573
21567
708
370
816
2031978
38
22680
536
0
3
1991
174
611
464
31
9071
179
257
42
465
246
0
658
1268
2685
430
122130
158
24
1392
2046003
128
562
110
0
75
62
2036994
378
1721
28
0
3
751
287
603
864
0
1260
238
1362
360
743
1132
25
51
12
2032416
946
4032
0
40
5
4557
10
345
410
16
16404
16642
6552
1604
2028720
0
654
747
873
747
648
73
1220
2037204
70
2004507
10017
374
0
1124
340
0
20287
970
8359
548
28
880
2024934
2016436
4
0
1482
25
36
20265
1606
1045
2
2049090
679
454
1471
11
0
949
23451
50
19
20
1697
39
1074
223
321
58
22
1893
37
37
894
1634
254
1286
34
190
430
24
5251
0
0
97
1127
12
5
938
239
56
1526
15606
1489
58
3
0
0
1272
90
37
1072
791
504
559
2013627
7
428
549
0
1228
2002
869
973
11040
713
4137
14202
78
0
8967
311
0
646
552
13461
1408
736
1138
44
124
727
117
450
55
0
2050917
119
44
51
25
620
27
509
250
497
1034
30549
0
1955
3908
2
1629
148
1
81
979
3017
8805
36
451
0
670
2000
321
70
225
1062
1405
4684
56
95
1288
819
0
65
526
11
21
783
2031636
132
74
198
705
115
845
0
380
304
0
23904
46
112
762
743
836
727
0
768
0
101
14889
1017
2046297
1081
982
3
4
2037387
108
907
306
51778
1005
2061417
2009715
346
1158
1264
0
1001
395
1438
4158
861
0
344
524
1298
19
16402
775
661
32
11634
77
1576
1337
0
560
93
86
10
45
180
7182
9
599
301
264
14
0
638
902
1632
1916
420
174
316
1585
937
27
2
488
0
604
902
2044659
3177
1462
78
3
423
3969
1
1246
699
0
399
697
40
5
3908
182
13
326
2027733
226
822
2036160
0
164
1631
25
158
676
352
11760
90
288
19032
120
75
0
1401
79
780
1995
787
41
2556
7455
2814
20
16
56
0
142
1004
191
1411
896
24171
2
589
132
8
188
749
0
381
95
539
9345
596
1990
30
724
28
18
915
978
0
819
2056413
1464
256
1068
71
20
330
414
473
2872
264
2043042
539
2029654
1117
2
2030484
544
2016729
15
167
103
2036112
0
0
468
1856
1262
2
13089
829
51
227
13629
11
255
24
0
43
405
4
87
440
1001
24144
820
445
881
656
439
0
46
4344
493
332
2035692
1031904
1236
276
29
71
41
46
0
102
36
237
2036175
588
1134
1009
25
18
1553
720
616
0
2046088
1212
131
102
436
238
889
883
1298
3790
849
13434
0
599
283
56
146
89
1329
535
175
227
2017176
2709
1114
0
465
498
484
93
45
965
8
26692
97
1745
212
176
0
871
1443
76
3
626
8631
2867
866
759
491
1001
462
0
1827
3240
0
17178
368
2806
334
30
689
693
700
5308
0
4
16023
968
1504
1284
231
602
1042
52
642
949
693
13576
143
11
2405
935
736
14700
271
775
569
568
2003563
36
0
123
54
9
42
267
49
2683
939
6946
1785
409
2006
0
220
1715
518
211
248
642
181
3250
1200
77
115
2898
0
1874
708
1073
10
5397
101
94
312
92
699
263
1742
0
528
122
861
355
1700
11985
30
400158
546
212
0
1774
0
11067
28
1217
2016
1758
1233
1079
32
33
249
1092
16170
0
348
2104
16
1
13
91
0
613
806
2028909
206
389
0
578
867
418615
173
22
1158
1115
1596
51
13
159
486
0
722
299
5
906
728
6189
2029486
1437
46
94
23
36
0
321
14
292
11613
6175
656
47
2058
151
1494
674
132
0
1
2027292
9
267
4717
1580
1682
1901
15
975
914
5286
6531
26
1679
9
3
5
243
185
13
39
210
20391
2041236
0
585
810
2019544
67
155
8
1415
4200
1659
169
10857
63
0
1315
155
3749
244
874
3544
2050455
693
629
95
1756
5
0
1780
38
133
67
2022120
516
35
4
1314
702
212
50
0
39
134
2024961
88
85
1838
0
17
682
87
273
26922
0
2020551
386
18
2034453
248
1260
591
13
445
0
395
18333
0
328
83
1555
450
250
32
429
2010208
26
672
28
305
0
0
631
22
36
49
3675
14
31038
541
60
2005903
781
0
19
719
218
399
12
325
10
12243
258
2047662
791
313
0
576
197
2031702
2024583
31
522
40
2961
355
250
0
222
0
1691
2034369
17
298
801
37
24
30
783
1537
555
0
20145
4
1680
4
2003
29
5
19
19
14
1571
9744
74
0
1292
451
265
543
59
18
2167
555
4767
100
81
1369
0
150
315
1662
2127
268
68
63
1324
119
1435
531
28
0
555
732
219
548
472
1566
3
684
526
68
2022210
864
0
2053338
991
9555
596
78
393
523
1196
338
2
31
29
0
12162
875
412
46
2100
38
138
1360
2027250
2036322
51
8610
0
915
847
79
10326
255
176
1
2501
934
8946
335
558
0
120
774
2027082
23
173
412
15
302782
219349
3
1365
543
0
540
412
102
85
2
253
5208
163
187
0
3538
761
0
1819
44
923
10017
536
2297
61
70
1353
16401
1262
28707
0
703
756
4
15
962
2883
73
48
1145
83
19
21
27132
700
0
640
1271
903
124
331
30
1
95
20139
1
0
1802
83
122
47
681
234
49
13
10881
621
771
578
0
1083
3
1297
103
1880
21
2022609
2108
676
612
92
2129
0
137
106
559
280
2069145
922
2012
252
290
457
3
3700
0
69
3
13089
109
298
8
852
1392
2018
11
854
1147
0
2100
20
340
6846
880
188
203
1784629
174
3
231
2039367
0
0
605
1762
19
739
962
823
866
263
2044386
311
25
0
886
1329
18
227
62
613
25
2020215
0
53
31146
2634
0
8694
60
13
21
3448
2032038
683
874
1642
422
1813
122
0
4959
110
708
14868
38
914
2002470
669
674
5040
6
2036500
0
366
5124
448
15
143
409
216
1244
2058
13
1421
2211
1063224
35
271
31
714
31
1076
582
178
68
42
32319
695
0
2017170
598
10836
18480
714
53
426
1929
697
3
15
167
0
513
124
366
2314
393
550
2047284
964
57
106
246
1607
0
803
36
3609
49
2032206
487
8
18102
39
133
988
1972
0
448
36
2015679
162
1023
630
557
933
220
598
122
498
0
2352
502
305
504
126
639
230
1658
653
244
122
19740
0
74
2441
35
1220
118
14
346
166
57
2031
1669
375
0
898
30
1006
367
994
49
2702
2021895
55
4452
738
451
0
1418
1034
13
778
1078
2024562
105
60
4
3166
246
729
0
45
2001
2050266
7962
383
1749
44
262
51
12
368
33
0
26754
2017929
932
34
5355
33
1318
865
597
5754
1795
1322
2034579
1514
265
861
32
785
2030
33
92
45
115
2024961
1754
0
1117
35
286
118
1381
1533
425
157
6054
181
1082
2170
0
286
30492
6
1711
106
77
2057049
1103
1978
45
8
269
0
2016309
1765
1
716
7098
682
398
70
179
106
10
628
0
360
222
7203
82
664
10
231
275
1531
317
914
2103
0
2031222
1043
585
320
708
0
913
436
20
2049
361
336
0
1001
108
51
288
84
925
792
512
0
2030757
4525
84
0
289
333
1472
81
866
10116
419
7791
378
138
1487181
446
0
135
1581
1519
12
210
16989
11
424
9
2061900
14
360
0
1034
166
46
1008
48
1
2501
86
1613
1477
1194
374
0
1031
1753
942
7540
152
1701
505
27
10
231
1363
4194
2009862
1879
2033697
27
198
88
6
1
2042490
14
1208
2026536
85
0
10
989
1386
1876
3657
299
1524
152
2024152
332
601
501
0
3
679
45
1933
270
2016834
14007
1119
0
26
58
674
0
1292
4662
1969
1688
12616
335
531
42
391
598
481
69
0
2
451
4872
5
1524
68
1058
130
1336
12060
3990
30
0
13566
1003
178
491
1841
1149
262
727
140
1269
679
6489
0
1
1354
279
10227
428
238
136
195
17304
2310
4
60
0
1
7
2038012
322
0
2020845
738
2053626
88
140
56
117
0
283
2015070
2050413
564
150
2331
503
1320
348
2493
290
351
0
1166
13072
1491
2032164
2
2049258
17
1339
2164
327
862
10
0
1133
840
462
1567
1094
14
445
24
1252
1029
608
534
2047557
793
1207
581
156
974
1217
420
972
12
911
4116
8
0
469
10
13
451
1978
615
651
922
11068
72
70
110
0
10
249
174
920
17
456
19435
49
4494
6
1172
58
0
493
356
7
5529
6930
984
520
1522
19
125
634
577
0
4
18
24969
14080
288
707
216
1491
1131
435
17
1302
0
8106
79
277
670
375
3
694
794
1203
2
0
2035671
0
1763
809
447
26
1461
27
103
15
115
2027229
32
162
0
264
1239
103
200
6
930
1549
17157
92
483
131
53
0
48
1231
14
5523
2055
9708
9
1039207
1543
8
754
8
0
270
145
189
4284
880
1205
862
26
1113
364
2009992
488
0
69
9093
1932
1135
107
182
164
826
676
256
2127
1099
18186
304
196
944
566
2453
823
26
0
926
443
6636
1138
0
1071
3831
72
6
18
401
0
85
2053500
525
1473
442
0
752
4987
696
702
295
276
1491
120
257
322
1157
27
0
213
559
10
783
3570
1785
2019270
90
1893
2014713
6163
1304
0
14
488
356226
827
2079
701
0
240
2003184
191
1753
24
0
45
112
256
1200
775
79
20
776
87
7659
278
13497
0
1
235
310
476
1161
392
532
0
2002365
17241
433
82
0
467
935
249
22
423
178
681
1878192
8820
294
18
786
0
19
0
2086
45
31
2023816
0
2023182
1119
351
34
1446
0
1001
346
7
2028615
3060
25
591
29
1087
5
657
465
0
4
336
2799
627
6
2067045
0
2234
1781
945
2021359
191
1074874
303
580
563
0
9660
1514
4
1864
92
70
2029560
938
0
4
78
4200
477
669
1082
225
1542
643876
32
0
926
0
816
12
249
1
180
1143
2021415
1062
345
2017449
0
0
0
829
427
11
5
15036
51
324
37
1247
692
311
1592
0
334
166
2039871
1501
439
23
6
2029402
2036448
687
1025
280
0
27330
412
22
422
1190
44
30
2620
182
4909
482
6741
0
42
256
707
12
50
349
368
1460
1630
63
126
0
0
303
286
1140
785
2060892
1568
13
2066373
360
495
353
601
0
264
46
98
145
2005347
3214
422
114
337
2292
373
6945
0
737
28
12
2036743
12
13
535
289
222
1988
66
11
0
1286
14070
23
68
43
18
9051
2337
3
161
65
5
1980
99
21
1204
193
263
922
821
1320
140
273
882
386
0
884
1550
2014755
2041680
2024205
2
514
90
2035272
497
169
322
0
1176
197
1381
300
68
232
3006
108
668
156
2888
1423
0
161
19
11
1315
22869
1050
2154
724
1
539
24
229
0
2097
173
14469
1
1704
1176043
952
363
15
256
40
744
0
1352032
74
10878
205
1512
30
0
515
420
722
3981
12333
0
913
410
845
289
1493
948
397
41
2026578
13503
823
1693
0
14280
0
531
366
312
1984
162
2062467
435
8
174
76
0
20
76
806
404
1401
34384
751
965
0
70
0
567
0
1452
1559
395
2017191
57
584
850
12033
2034327
74
195
9
0
268
25557
1338
178
27
342
0
4
1341
256
888
696
612
122
0
232
649
50
1697
84
24
445
18
6720
1707
0
10
372
28
417
44
0
2036553
870
7497
0
595
1028
0
2048124
3
422
25
1443
226
1680
1
189
2031534
132
26
0
48
897
121
951
12327
194
1135
120
336
73
36
305
0
4578
591
367
1570
78
61
199
1253
10
4
259
0
0
2025753
2038821
44
694
274
1
1621
97
75
799
61
15100
0
223
850
9975
864
816
8
2041572
86
34
2024226
1064
562
0
4
34
647
1639
1009
81
760
105
3
839
896
76
0
305
588
2058
9975
140
2022111
12
128
604
574
105
4
0
21
402
829
2027664
1448
8400
913
2023029
91
613
1083
205
0
3031
13629
386
2090
16
759
0
1338
8
88
22974
2408
2070342
32
51
1351
4242
517
1355
9
886
2011080
629
546
285
0
462
627
6184
14
689
281
1
136
2030358
64
797
841
0
9
434
1289
1
174
2008689
2034915
153
29
664
3
771
0
225
713
52
265
18333
464
1884
290
924
1168
453
35
0
667
1149
2018913
619
284
320
1273
0
8
276
1229
963
0
3591
183
1267
1203
85
92
3255
2433
9
1346
468
2021265
0
1915
207
1549
976
1106
26
628
0
1489
105
990
4
0
16
133
3256
289
509
3
1513
4515
27
47
978
84
0
6
165
1
143
57
2039247
39
134
2594
36
164
674
0
983
913
141
2029539
0
428
1406
931
1128
217
2297
1
0
813
5208
415
287
9
1736
392
486
337
1360
965
14
8190
794
0
378
797
220
0
1280
78
1253
510
17976
3000
0
14
3297
90
51
97
123
339
27
10552
258
0
601
0
1491
0
532
17622
10
119
21640
8
1528
84
804
4
0
344
150
87
207
325
17
66
14
760
11
484
24
0
910
266
2029770
2574
1398
31
39
52
645
11
1294
1
0
19299
65
247
515
3823
1499
1709
1203
137
132
278
5124
0
158
733
2
697
385
1906
387
4
1393
7854
564
374
0
1408
218
1404
405
289950
10
230
22764
72
9303
84
2048271
0
39
836
1250
46
1411
2022582
466
1520
431
2041782
133
1301
0
1980
0
38
10626
39
8
5
6
2028147
85
653
761
0
61
29520
715
300
1266
85
828
3996
182
103
262
87
2056545
109
2
3191
149
1076
259
360
4977
168
2321
7665
91
0
312
331
263
2
913
2034651
840
12
756
1863
1122
2736
0
20644
406
528
26
91
143
85
639
1201
228
102
8
0
2053437
321
761
0
3996
701
213
189
1
69
1569088
6
0
1419
1884
16989
20
13
14
666
16
1562
1174
54
1032
0
2043483
737
564
240
778
1704
1345
1988
351
2030400
4326
20133
0
115
2
15039
541
42
76
886
761
2038593
4893
1118
31
0
80
2035713
138
1658
292
22
261
3328
1106
651
78
194
0
310
121
68
682
74
3738
248
293
12
758
1439
175
0
18579
133
11
1848
12
28
22134
21
1956
389
2031072
1011
0
111
7162
197
12537
311
50
573
1919
1
1547
20202
11
11466
44
1289
1146
64
1023
11
261
119
652
32
5722
1074
0
68
210
135
1116
289
466
15414
29
3381
469
1259
1737
0
57
40
1316
1657
99
1001
6447
1056
280
2828
3037
486
0
134
17724
990
679
2041383
25
613
27
95
200
49
2051
0
736
324
5001
843
83
281
72
1113
353
867
1134
34
0
2042464
758
787
103
1574
2008665
4
1120
390
172
0
567
0
260
1721
1624151
270
59
261
1691
349
1185
2049006
463
637
0
1031
40
31
23
37
65
2053752
174
38
37
263
1019
0
42
35
1877
865
1176
3927
951
2041
395
0
683
62
0
77
35
1171
567
692
0
122
1057
1166
43
2024
1726
0
59
3297
1042
1903
49
22
3
4198
22
87
2003
58
2614
4389
2600
347
17
2336
771
544
21
82
47
12244
139
0
463
342
1615
1930
237
7
1162
20286
2079
65
39
313
0
131
58
50
174
356
38
2050518
504
495
656
1748
32
0
542
774
2352
266
1722
1028
14
551
445
198
465103
58
0
727
5
889332
2118
990
886
1
16
1195
222
1197
156
0
2029014
272
288
4150
365
322
306
0
457
349
2652
15498
0
1540
6
327
1448
686
51
466
1780
1171
2268
19
1209
0
1218
50
1556
119
947
176
0
882
296
4207
1069
686
0
833
2010429
3276
0
827
8757
624
814
438
18
466
1397
0
527
356
21
2031460
0
1120
1571
763
1248
4053
2026977
318
0
242
2026032
415
1103
258
2163
87
741
681
986
130
242
6888
10552
10731
2043588
338
881
600
179
75
2045184
190
5407
1576
0
348
2051757
1209
2021
328
82
110
1743
16968
978
2123
233
0
1056
482
30
433
81
81
2045115
969
9
39
283
79
0
391
842
1435
434
6469
3
80
62
1078
563
789
1409
0
280
19
4080
268
31
1752
46
2040270
7
458
621
26544
0
25410
22194
7812
1825
821
17074
427
5
2105
5
69
2028006
0
3697
10
4
4
1192
2017716
1208
549
224
3717
619
2064042
0
1305
70
10
1
251
1051
747
1001036
0
3201
7
734
0
594
701
365
2025045
227
7497
19
959
308
945
1026
83
0
24
490
223
2607
1913
271
2023911
305
0
847
1183
92
0
18774
12936
90
406
116
2038821
3
1670
723
2950
1609
146
5859
267
7
209
45
397
8
12
2065386
279
42
1869
516
0
502
1843
1256
909
26
34
189
126
17892
285
55
221
0
17
44
1204
2
471
2227
13980
515
246
233
596
242
0
1709
1755
89
472
21616
940
2027197
323
3247
939
26
231
0
875
0
20349
17
1277
420
108
1095
1188
1088
21
283
0
7077
1266
518
234
690
12
111
7
20
1460
44
2352
0
897
1249
660
1534
11
1
50
379
0
2031009
215
0
0
647
2446
425
636
1768
663
836
3972
1113
487
234
85
0
358
21441
1103
13
163
5376
99
1107
123
149
2688
75
0
472062
254
2
2006377
626
593
41
453
1538
446
531
136
0
4
21147
2085
1022
81
13
1210
38
342
2
26
24
2028573
622
209
1241
1510
8
926
30
273
179
79
16485
50
0
0
2036952
200
6
0
361
507
1873
12228
126
0
1582
0
240
1159543
39
1
783
140
25221
455
30
2023869
1282
286
0
5
24
16
54
15414
636
335
14
2174
1150
37
475
0
2024352
804
2036952
11
1364
396
457
1270
38
417
373
1093
0
28224
1783
200
2755
189
1085
734
205
23
937
355
2052087
0
780
684
32
1071
352
676
1496
9
880
8590
1194
362692
0
842
423
1057
131
5859
471
946
7518
14
401389
517
673
0
660
95
495
2016399
185
19656
0
2023470
149
5
259
21015
0
22
564
1174
2014776
62
334
947
32
1140
1195
33
104
0
176
25977
272
909
1868
22
259
2015470
1689
1092
17
990
30915
79
810
29
345
412566
1546
942
809
42
1542
2036433
217
0
493
893
281
224
52
511
712
21
13695
1
499116
327
0
117
66
1658
1027
16
3201
4032
361
2042517
2051463
2710
1469
0
86
417
6972
618
546
497
990
1453
666
80
615
1613
0
31
322
2022021
1295
189
58
212
463
46
547
33447
609
0
2026620
116
1541
661
1559
2066835
30
1
11
1012
139294
2122
0
170
414
1144
154
536
79
1369
64
2287
18753
1035
146
0
54
3845
1349
25
2019
23
874
231
36
441
21
469
0
13
67
2009
518
721
2037582
189
22
1564
554
268
91
0
172
318
956
1158
1102
357
36
684
1977
61
437
1434
0
3
5103
66
620
1403
270
224
660
406
1301
275
1078
5985
80
170
978
90
125
483
266
4
307
619
2142
3458
0
1087
121
555
764
989
78
39
44
2036406
826
316
1893
0
294
1132
364
1438
167
20
2009820
192
2205
88
1050
13273
0
173
726
428
97
630
3726
516061
2049594
48
77
257
18
0
1375
205
24297
98
257
1214
28
256
3150
633
14
2079
0
5061
112
5
1759
194
5
902889
20
417
197
71
1659
0
19
532
39
16
41
307
0
0
1189105
2029413
109
932
0
2047956
2212
32
15
365
11403
1792
9303
285
147
474
219
0
574
1
2022231
1867
322
6699
38
655
28
517
1359
1963
0
1311
654
613
2016628
237
2004087
1
1130
7
14
4
18
0
692
2478
2
37
503
1719
1942
117
237
8
58
1145
42
41
1274
776
340
1067
211
83
0
1126
640
2023890
0
0
292
1173
264
1466
433
395
343
15
8106
425
1342
837
0
97
1431
104
572
600
149
232
1144
269
930
369
792
0
2855
2232
518
194
6972
2259
208
523
228
396
362
762
0
3
40
2022609
859
11
602
174
1471
15
1105
630
2012403
0
23709
550
150
19048
84
14
458
755
26
637
216
2041320
0
3
561
382
254
103
1064
31
35
4065
1554
14
1823
0
26
785
19
806
544
57
998
10984
81
624
1253
102
0
371
25
894
141
16
12558
696
590
283
309
0
2024
0
15414
35
321
18921
38
83
1364
60
2026074
170
1467
125
0
846
6877
129
1286
32
678
0
34
14
33
227
2030877
2020050
4714
22
1095
41
402
31
2016
750
721
1391
27919
487
0
40
136
0
707
930
3401
104
151
1575
1195
557
413
0
2
51
321
1299
59
87
14007
1671
748
608
184
50
0
536
3
81
388
2048643
4956
34
814
195
88
3
318
0
380
1151
356554
15
26
22
106
2718
203
399
177
49
0
22428
1406
347
31
596
496
385
47
16
559
285
8379
0
208
648
205
340
1
35
251
750
2035734
10731
1312
409
0
511
22
496
275
2035608
282
688
6558
195
177
999
772
0
1069
401
845
31
23457
26487
3042
2328
591
1250
687
778
0
2
0
40
2033847
1601
1267
630
396
0
1246
31
141
0
350
2049636
65
151
1209
3401
2835
969
1627
1216
17
1010
1785
2041782
1204
289
218
73
0
821
210
814
3751
1722909
519
0
709
397
4914
873
304
89
880
570
18906
2031261
599
1358
0
860
93
7
18
32
27
10899
36
65
1326
11
63
0
27
183
950
931
2056954
90
0
625
14
210
173
58
0
584
9261
2016183
38
0
556
519
447
829
594
2267
32
0
2038569
409
5
1460
514
0
746
842
406
51
9
1512
0
153
1592
13230
721
518
1185
0
7204
14
7581
482
1695
0
664
477
361
1179
411
378
1397
13671
83
896
76
108
0
648
442
123
121
4005
4231
924
13
2025130
3443
684
462
0
1386
1675
1
1848
21
375
1338
1221
20
190
2052801
34
0
1224
2310
1421
2049786
647
455
33075
12747
6514
29
30
711
4494
0
840
635
794
2023491
2016382
103
63
813
2
2033487
339
0
247
2005788
1621
1040
274
610
3095
6
5502
17
1010
551
0
6
1530
952
510
760
32
2014461
242
496
42
950
332
0
2023638
23
0
1456
26880
327
869
7
401
295
837
2906
0
312
422
2065365
1115
1893
311
213
49
445
116
31
48
0
2691
396
803
48
40
182
162
463
126
15
978
2032857
0
710
1177
1682
242
698
260
656
1115
1558
2051064
1322
534
0
39
611
159
42
47
628
319
1722
1899
270
2734
108
0
271
237
127
41
77
2030820
1258
0
32
10
86
1029
0
1159
433
2038065
13740
178
0
3254
562
305
685
2157
0
0
2491
13440
915
167
1424
128
7
94
33
17430
657
117
9408
197
745468
919
0
30
11
2028988
1705
656
2031891
2048076
94
0
1298
584
1032
3
85
51
384
81
7560
88
437
75
0
1334
167
389
37
307
1354
2038065
23
17
1
82
22
0
726
877
12180
6
3801
152
1356
154
13
1206
207
0
0
327
354
2036574
1072
345
44499
186
2018829
3591
5170
1
78
0
2041239
219
815
2
42
1343
2143
531
38
778
4413
9534
0
624
773
593
1448
3
88
37
155
32
2028594
1543
1133
0
168
241
11
494
289
902
164
519
2046402
17
375
69
0
819
2060
1121
198
2
9180
27
1800
283
93
2607
757
0
2001
0
12873
2028567
12
757
58
339
2044464
1041
1894
10821
0
0
21
1402
883
167
8
14
886
553
1
45
63
2028447
801
54
1181
705
20
4031
2037
300
1173
165
2059317
49
0
229
523
1479
340
178
2429
509
305
861454
19
68
168
0
68
18
26
985
0
149
2045121
679
152
167
6
2
0
1003
3414
1330
216
441
542
905
223
351
286
749
43
0
331
535
2035188
305
148
381
621
92
275
1736
107
14
0
2019438
22
1419
610
512
14
3
0
32
1557
1976
9240
0
87
17
11739
4
626
518
936
552
292
2082
36
510
0
870
1053
1295
9
1143
132
0
441
383
261
949
986
0
3627
10
588
78
20
22308
743
242
11
1446
170
1199
0
103
2024415
1196
2056104
4347
25
470
726
102
0
1
1008
0
3092
2015253
2018493
1650
231
3253
2
572
1682
205
3
355
14028
169
287
6
15246
36
32
1060
40
280
298
21346
597
0
288
17
658
640
0
473
7617
39
18396
2350
881
1234
0
665
331
321
166
34
94
7014
1884
638
74
2029875
2445
0
6121
1319
42
15
1470
1132
31
785
996
391
230
971
0
871
216
7728
1145
573
597
1249
945
372
89
279
79
0
6468
2269
38
40
2026683
747
122
353
120
96
772
8655
0
2035188
6
1124
1
1008
250
31
39
78
3129
1322
44
0
24
367
204
4854
96
52
1318
5634
1048
410
9
353
0
10
1918
906
897
717
6531
262
10
292
4
367
78
0
5
232
351
2033683
253
16380
2040480
1403
793
644
161
1122
0
1676
11728
899
61
90
298
1337
1343
175
1231
342
3
963105
8043
659
41
1016
31
2710
8
16
508
252
11214
226
0
10
199
1617
110
1298
667
855
2366
2022945
161
1
395
0
42
139
12936
931
58
321
2058
321
229
411
948
77
0
1464
863
743
1332
4257
44
2
1
235
574
1147
761
0
30
981
3633
50
1656
339
52
143
31
797
2
3461
0
18963
571
255
18
1164
132
1166
551
136
32
6
2044869
0
1875
1425
899
314
1992
970
826
1355
0
4116
20
161
0
5
1741
112
937
3080
183
8
2044155
2014986
261
83
645
0
9
379
1266
45
47
14848
70
49
66
33
404
345
0
42
395
19470
2034432
532
167
95
1847
800
727
2436
28
0
234
2023239
37
137
61
86
1461
397
35
13
811
28
11025
237
674
638
2033974
444
154
63
264
704
1764
2017212
17
0
268
5
566
2
394
2018913
12
198
16302
15
6
341
0
1334
820
2018913
1646
370
250
11214
2280
353
4
720
20
0
1925
1331
479
1162
2027313
449
130
367
2047077
1050
173
3
0
389
512
2035692
99
14
278
571
770
313
99
1462
25
0
588
2028280
53
69
1095
17
269
114
954
435
2039
8211
0
2043819
0
60
2842
54
112
2040606
66
928
2048344
533
8
0
535
963
504
80
388
57
686
2032815
186
251
2068431
744
0
254
951
4
1175
1151
5082
22
84
3
19
22
15
0
970
429
664
2034390
447
1857
2027334
2351
1
1711
532
70
0
102
9030
4059
736
842
47
587
106
397
40
1451
702
2042475
129
231
112
1495
1737
38
48
801
340
858
5907
54
0
1634
632
983
2010660
13
260
1271
89
2007993
1511
14
117
0
3187
425
1846
9
93
3
57
43
10
858
961
197
0
658
4
1581
524
1533
68
0
159
12642
3
0
1682
0
818
36
15393
1318
11
85
2024626
829
179
1114
131
24
0
22539
100
510
70
1
80
1784
1586
907
1260
172
9744
0
318
10
51
215
725
916
1592
67
124
2042559
485
397
0
1376
564
541
51
1549
387
37
18054
1150
2020473
402
243
0
94
11
18
2025213
349
3324
2047179
5748
2053374
213
506
9
0
1319
0
703
4158
1057
1741
7575
1357
155
27
1762207
627
0
117
3572
1665
22
25
52
324
158
35
972
219
704
2035506
2013879
12
1026
625
145
49
463
213
78
435
100506
0
0
1264
425
516
120
424
59
3
560
6720
1016
271
354
0
385
3
590
9
111
8
5271
633
22
407
158
159
0
20
2037015
509
257
34293
424
468
1067
1427
1108
710
62
0
12
879
2047263
601
31
3987
89
5839
859
649
6741
1195
0
12726
1956
0
2004612
1096
192
117
10
917
476
150
2042643
0
53
322
28
657
3095
182
354
906
1152
2059779
2035608
54
0
1634
22
1
158
3
240
675
1092
21
85
1684
2040138
0
47
960
23
350
6867
10374
145
230
79
504
97
219
0
1290
810
1442
2036784
266
379
1102
1317
28
197
1072
11
0
14
7266
1065
1652
175
1562
284
1
1704
64
34314
1
441
15
1008
176
1
2046921
300
54
42
322
15
2649
4
0
587
385
225
166
473
258
5043
1347
105
11
951
514
0
22
37
13
5
13
745
23016
278
550
1358
43
27051
0
8
475
29
464
115
710
110
2030212
1386
2784
100
23
0
1401
35
15099
9
556
56
761
0
42
35
770
2007531
0
1176
154
6972
914
58
2028
93
76
1625
344
279
2940
0
117
1000
844
380
0
49
99
3424
24
9486
16
1402
0
165
2021605
105
64
24633
25
17
4683
3144
1040
75
566
0
50
1549
147
802
669
2035698
712
319
406
22
134
1277
0
279
188
48
99
1060
44
31
502
126
1118
731
43
0
192
4263
48
84
23
32
27
2014035
129
0
2019354
36
2018478
2025003
326
86
2033277
797
21
618
345
7
320
8946
191
0
17
500
47
4488
531
1248
579
990
2025612
310
41
178
0
25
1514
10
442
10
66
4221
30
10101
3129
2733
857
0
2014944
218
523
14343
8569
15
106
2
204
19
520
30
0
1699
903
25872
1552
10
46
921
33
818
592
1843
172
0
2035077
2269
36
17
5
5
1294
8862
23
230
729
2032062
0
406
902
436
246
550
702
302
0
368
2042559
0
57
0
1133
1157
313
1148
665
1371
439
2050743
304
1168
4818
15
0
54
1775
9243
135
118
21
408
3528
36
21
1161
94
0
0
570
219
15624
31
2
53
2483
1
1629
3630
8998
0
2029434
504
1617
31
181
11109
3
814
16
1984
1023
2423
25731
3
742
207
531
0
9996
34
217
545
84
19194
972
0
109
1431
2007237
59
647
2028867
7
2023932
1806
1176
16
2046948
0
680
1
1223
118
328
2002743
1974
100
155
3603
4
200
0
448
1056
1086
173
2018703
510
2
852
16485
146
30796
1492
0
18
325
1622418
309
15
340
202
826
2
196
170
1329
0
14673
1002
199
2145
9822
38
183
93
88
2644
120
2038950
0
339
394
274
1286
30072
6
50
148
31
2036958
60
1446
0
1327
408
957
404
762
366
150
273
79
517
394
579
0
1067
2040585
1
1568
25
2035692
313
23688
18
6
1197
16128
0
782
1253
265
3696
852
290
205
719
59
0
2579
52
0
655
2024295
5
275
804
70
1645
522
351
211
77
161
14238
64
958
1452
11004
896
91
21
15
7
3027
2019789
2048103
0
215
947
1214
2061117
637
1142
1007
1212
2056159
2027649
83
44
0
58
608
28
4
1131
2030232
4263
1595
255
476
490
27
0
858
2163
2919
59
9705
1195
1622
43
19
2810
1884
1
0
403
1490
9234
7077
400
1023
1681
1112
14
442
280
912
0
1134
67
1468
56
138
630
0
1075
154
1094
396
3108
0
82
1320
2
1564
0
144
859
336
4
8484
246
2
0
1491
1169
20
1347
3845
53
86
12855
541
367
1491
3246
0
56
4
362131
675
483
4452
226
659
108
89
965
266
0
57
666
2052093
2056665
1181
467
257
12894
229
0
1153
291
0
0
2045163
267
10
925
92
123
28
1137
47
213
34
11172
125
495
20
565
139
17
1301
1211085
455
6
13608
4
0
81
315
0
727
68
26
432
322
7560
428
617
86
0
0
2049090
1530
418
80
918
2031114
114
164
603
0
2044260
0
613
48
3835
11
10899
399
1335
0
623
142
1083
669
0
993
39
21468
221
220
429
15
1672
356
2
1211
290
0
6489
9
900
1494
879
168
233
7
407
259
27
2029372
0
246
124
452
201
958
1422
1046
1603
67
6951
710
404
0
697
98
327
467
184
507
623
7962
1169
69
780
325
0
20
11700
68
39
830
2042779
4
42
670
64
215
34
0
162
39
10857
2019165
267
1218
1175
90
926
3585
3
566
0
1028
1428
2066
2021559
8
484
2031366
195
947
369
169
2018032
2041845
250
441
21
2
721
45
34
2026357
7
172
31584
595
0
874
40
95
25
151
8316
641
1526
10185
18
20
5310
0
16
1020
13
5
460
887
2021034
8
52
85
8
703
0
98
208
1224
339
21757
362
159
1
157
451
22
109
0
852
425
8673
596
102
39
455
624
678
2040522
1944
53
0
24612
48
883
2062440
15
49
32
777
1232
38
22
9418
0
7
1009
121
17
25
670
8
1739
486
5943
2015430
1346
0
2094
2230
416
604
1217
204
32
2052831
595
305
2639
2034978
0
948
28
1260
3
74
2034286
1369834
663
1943
1848
186
484
0
21
159
2813
17367
753
1017
35
39
2023512
67
71
1515
0
569
2021475
6
368311
1088
1237
86
19
398
1701
317
1650
3426
1495
27
1240
157
52
17
586
1505
677
43
607998
430
0
0
1300
0
3310
1047
3
1705
3
15183
51
563
20
0
1369
104
7
38
1204
562
28822
2387
1083
44
135
44
0
5607
760
344
288
2027817
21
1025
629
596
332
498
65
0
61
337
2023062
263
35
17
1
1476
2363
8
3883
36
0
24675
19
2
1441
250
75
62
3868
662
1445
464
19383
0
1214
379
2009634
613
95
811
368
433
726
2045205
8107
2022609
0
7776
108
44
2307
178
1988
648
2017821
395
360
1
2127
0
264
1298
336
294
1321
15351
89
0
709
12
1071
1029
0
228
3177
328
2029497
1352
97
2019774
1041
838
266
762
2
0
426
2046591
61
9
15
236
2
88
1072
695
2062
2449
234
181
315
207
842
1460
885
314
694
1384
15
2053356
2031234
0
204
71
1300
14
2044107
8
2603
4
5397
15
366
294
0
16446
518
2019
444
1115
203
9870
616
2191
82
295
14
0
1018
19446
66
162
1746
4
1737
718
1389
1659
6
20181
0
785
2011668
9198
2138
908
3376
406
1181
123
2811
371
1707
0
4557
329
1462
234
14
547
783
719
1620
1984
515
2014497
0
176
2535
57
1
174
469
46
1071
1266
2033067
401
48
0
187
904
573
302
0
53
936
2033361
639
126
86
2799
0
1980
197
0
437
643
2856
107
1115
549
444
228
1149
0
5586
1449
352
1812
286
725
50
72
428
1081
373
1
0
820
9807
8862
87
2
707
543
1398
700
0
352
83
2056881
1631
674
2022987
31
1140
270
29337
192
2330
4
1137
1858
0
162
0
4468
1548
36
358
2196
394
4873
13
44
56
0
284
7
429
1516
368
362
2046717
21
9996
107
579
191
0
1155
1116
391
983
2007079
40
1016
32
109
189
1148
1148
0
66
446
2027355
442
123
31
0
182
10
1176
226
2
0
11109
68
7
2054991
67
12468
9
94
1218
3580
215
27240
0
1143
21861
44
200
29
312
10
30
2150
1050
1107
4665
0
51
1256
1
801
408
8
745
2394
2
392
34
0
0
880
1205
692
297
3249
714
81
2004
2074
1138
765
397
0
196
0
1209
2017506
572
3
81
1349
1260
2039262
459
835
0
10
2031411
650
1369
1101
537
306
765
1568
2043610
1353
2043214
7203
2036238
504
44
324
140
0
74
1848
1895
319
4032
132
0
614
402
73
1872
148
50
1494
2005473
3528
122
200
2228
0
58
186
122
97
179
16
12139
76
610
3516
614
262
0
11581
1033
429
525
7353
2378
33
0
518
174
1585
40
0
154
64
15204
4499
1
423
218
4
106
6
104
87
0
3004
149
34965
226
58
1297
212
572
1606
582
12978
2037057
0
117
395
103
1351
1348
135
116
687
1014
661
677
2034327
0
15
179
803
1384
314
1504
87
2029728
481
165
48
85
0
641
0
3703
16
168
12012
107
2029218
293
564
550
164
0
15
1170
809
3360
338
238
74
2018
844
15
495
69
0
11
12138
253
461
774
153
2038401
1393
676
1727
1691
639
1556230
483
726
460
537
680
1025
528
92
230
43
2019
682
0
199
7045
95
2042391
8
1493
85
573
2024757
1324
40
1689
0
390
57
1
57
37
9282
2026473
896
21
497
60
1230
0
61
30
91
33
4977
43
46
744
1215
1
532
1045
0
738
989
5922
16
970
12
551
283
170
423
13
2684
0
2052675
1776
892
1005
0
87
568
65
1334
856
5
7644
0
854
472
2021202
231
14
53
150
266
265
2038068
7185
926
0
871
7
822
28
88
72
67
2014167
473
328
1064
326
0
2039724
22
477
178
624
126
2104
1820
22
2016288
33
565
0
211
851
1876
2060881
7
2226
2007385
48
1383
1338
424
1616
0
199
21840
231
892
96
39
2667
72
949
74
1645
98
2032269
206
2033523
10
835
219
704
36
232
41
1186
23184
283
0
1960
14
285
169
431
1139
2048596
26
10122
640
17
112
0
632
76
20
23
1577
59
6300
1657
3970
590
29
711
0
97
1840
822
771
14469
66
1492
198
338
131
780
0
0
123
19
2919
431
71
2018550
135
616
312
55
88
58
0
2050329
0
572
30
817
814
0
33
2
410
1593
567
0
328
494
10
0
567
709
130
717
1751
2034768
35
9
0
3
403
20
2057175
1588
1564
271
2020111
446
3234
106
19
0
19
975
13
25
11
11424
3234
3
669
396
2875
40
0
436
846
153
2069517
512
356
610
445
369
211
2841
1108
0
1994
21654
1248
388
2035924
1537
494
174
267
1868
2810
583
2036385
1236
10
483
195
675
1865
569
873
1584
1290
4483
19
0
918
485
1161
1053
4037
198
29
521
5230
167
1360
2017443
0
410
1087
745
2024415
29
66
2028321
4664
24
1869
259
248
0
1448
533
93
42
2035671
137
503
73
705
491
655
193
0
4
819
63
170
0
2760
6
37
74
1628
15099
794
0
2046843
1176
1254
298
2646
102
1
692
405
66
0
2205
0
230
4084
243
12
64
963
2023134
873
26
2035881
2049321
40
0
204
486
69
245
836
760
81
12306
113
2494
241
637
0
187
218
11
0
1094
25956
239
222
13
508
151
10353
0
847
31
42
6615
848
164
0
721
676
28
21
869
0
1
2026117
1784
726
1208
11361
1626
1271
30
492
10
821
2011417
33
2055
763
1407
1634
38
23
30
89
5328
27048
597
0
31
28
52
0
43
586
881
674
17997
4
156
21168
0
25
12
592
221
162
354
6993
19
135
15
41
10
0
1569
473
11
147
2038716
402
35
57
22
17104
0
95
0
185
32
22723
421
17073
794
1231
10
673
83
26
44
0
2056884
840
954
122
20118
875
2502
13
1041
1405
3629
21924
0
110
126
339
464
1
3
134
4
10
2042707
867
72
0
859
158
4
284
1
798
9
756
1
6
475
17
0
2038716
11
376
49
1429
5145
774
747
2025066
511
1297
403
0
180
1777
75
5424
836
1
159
2026095
4
26
2
320
0
175
19236
514
1079
5
1483
44
2618
314
95
42
917
15681
58
2797
331020
272
294
201
29
148
586
2021481
11802
216
0
241
432
40
1534
22
4866
1009
10
8361
682
956
9
0
29
613
2007825
18102
146
11
7245
2134
247
1208
997
105
0
89
1119
57
1001
9240
1321
10
15
1611
611
385
44
0
235
2019
7570
64
2051484
232
1320
1029
24
466
6
408
0
4017
2058288
105
172
573
265
108
2825
18
72
365
20124
0
281
28
16
2008062
75
1168
7077
1335
2
2005956
291
2955
0
190
7
89
1099
1484
13
658
13818
921
247
683
15
0
836
1070
562
2995
16
2045619
1443
1435
366
496
37
2029591
0
12685
30
2037750
2055096
1739
8
487
94
774
113
55
9
0
3
13000
259
18
637
321
1336
263
759
202
36
59
2027061
0
2041848
76
36
219
469
57
1
621
0
30
564
0
1641
1136
120
7
34
704
967
48
2022111
12729
84
766
0
1116
100
580
16359
853
164
252
1786
631
2058981
575
2022598
0
20
901
422
424
2013174
959
1327
80
1449
522
836
14
0
443
549
2047095
1
376
66
6
5
2412
450
431
19972
0
2033088
25
350
37
149
254
323
927
2030505
8
1798
19131
0
199
551
6
504
162
916
115
1359
33
3534
0
18432
0
29
12015
1207
146
1894
373
28
1911
276
2513
749
3
0
20
866
734
11
43
2043981
6
624
781
2040438
7764
1097
0
568
12
3
2056020
549
56
22
35
488
381
744
1144
0
1196
2023263
1861
648
4089
965
1157
3
310
324
10
2856
6489
57
64
198
297
893
135
197
2349
1274
0
1764
218
0
1432
467
637
1636
172
153
286
13
2035566
75
904
1462
0
2997
0
3
1189
670
1358
4203
108
365
1932
1244
90
0
220
169
70
1
2310
533
60
1658
48
61
816
1697
0
2017201
633
5691
39
0
197
881
321
1383
89
272
391
0
20958
51
91
503
208
1507
164
68
4
22869
1
2017149
0
54
270
147
88
20
999
1247
2945
0
29631
845
160
0
4551
11
982
416
10
24
57
2036574
412
1179
2021149
5796
0
916
478
17
915
1497
4011
1
14154
2033109
1
140
982
0
892
812
2043231
10164
934
714
687
707
2420
181
507
4995
0
754
7035
86
273
0
1210
962
780
790
73153
30702
141
535
2006
1565
4
1070
1120
49
31
1471
122
1912
3990
2016
0
1225
1753
14
403
811
294
514
1164
13377
56
23
13
0
1166
1660
1145
2025507
1115
103
2063412
211
346
2084
314
1181
0
1918
62
225
81
12117
0
2227
514
18
1387
53
461
0
172
635
2041929
1024
1024
440
1704
1813
2029692
79
1160
1287
0
2030022
1
856
2949
620
67
834
266
12
1
1114
2040564
0
3889
2006691
8
434
306
164
175
711
13
24318
12663
18
0
876
938
82
1326
487
1022
648
2064420
846
2058987
2024394
179
0
3
48
80
271
5
2043507
860
691
4713
49
925
205
0
509
842
860
2691
1278
473025
992
849
644
527
1541
183
0
633
3003
3323
886
293
137
694
176
19498
44
1326
2717
2030232
127
34
71
618
881
5061
1189
326691
2030925
217
2031744
831
0
198
44
2062809
15
14280
12
60
944
84
609
171
2341
0
1129
0
744
1407
1940
924
10878
5
126
189
1097
588
0
1159
17325
0
885
2054340
1
434
201
131
11
132
291
0
1254
780
11991
0
215
227
21021
739
906
377
870
108
0
12936
25
56
1088
0
210
4024
32
371
287
65
2015400
0
307
26
369
21
2053059
23
655
36
774
16449
23
325
0
46
26
709
992
121
10437
866
4788
41
756
3303
185
0
568
372
826
0
125
4021
1880
8
91
3
273
249
0
463
9
732
6405
823
832
258
21
23
75
1456
749
0
1005
15876
159
25
1466
2089
1981
1232
149
864
4
174
19824
752
107
22
1103355
187
93
1276
2
6909
0
525
297
0
2452
70
2011290
49
331
66
102
38
2062845
660
615
22
0
1520
28140
23472
17
10416
927
11481
0
113
619
12
8
0
118
757
51
2032521
1659
435
141
1127
1343
867
334
414
0
2042160
863
7396
1768
8
634
671
17
36
13
479
1320
0
2036847
540
14
10101
76
116
1
1159
314
2555
1101
2031513
0
223
2056398
32
408
241
217
1183
18
2551
2919
9078
864
0
105804
706
23268
197
732
590
4
2709
1058
15
309
176
0
523
3
354
237
349
1596
190
970
510
1086
651
950316
0
506
72
2019858
265191
24
959
1980
871
55
29
205
18
0
922
15897
1
2028174
40
682
0
868
249
964
93
68
9555
516
36
188
38
603
1008
611
26
665
611
2017737
21
0
1037
859
1620
87
6
468
692
274
1407
1846
471
1234
0
2137
873
121
111
1728
35
2054298
1793
4893
509
739
229
0
337
549
114
12705
2013390
212
2166
1282
836
269
189
0
0
531
1160
2020026
49
266
180
27
957
70
778
207
627
0
2041971
1309
1109
624
867
219453
1568
100
725
1427
2924
2056692
0
436
1890
118
921
1760
3333
213
98
201
9681
399
763
0
210
7444
14
69
475
1001
198
18049
250
12237
345
399
0
199
2046780
75
7896
299
2037021
67
429
2135
91
179
1594677
0
20
555
863
8715
472836
0
952
660
313
210
452
650
0
2033031
8169
1735
133
553
752
758
0
6
3234
7
12957
1680
942
209
263
72
13485
2049987
180
23925
1446
568
2023554
6090
0
640
30
297
2824
521
1535
358
780
2022168
124
132
73
0
979
43
622
1312
1229
120
1770
906
378
651
869
13
0
828
859
22
2477
2053689
1869
244
5796
536
583
620
883
0
401
166
2033235
118
603
284
87
125
69
411
249805
33894
0
2047158
2290
3034
1248
322
1592
1636
1200
1011
15
183
2031135
0
144
27226
18
54
800679
578
97
739
621
4809
1176675
19866
0
192
18
1182
641
2013495
276
54
15309
93
550
46
1117
0
384
0
1075
443
1303
2415
585
130
153
1406
1518
4
0
2000
440
261
2625
22
451
503
16
573
320
2207
30
0
193
4032
0
601
33
1308
63
278
58
803
608
427
14070
26
1171
575
574
28
0
630
39
2042853
44
17094
39
0
1961
276
1
8
942
430
920
217
3087
1782
274
10
0
104
1422
832
674
261
719
2824
2011773
2025
52
48
400
0
567
1656
89
693819
16852
516
1722
1303
21
481
265
1775
0
320
617
2042622
1025
2020047
35
38
29
190
503
4541
237
0
504
1
1003
2331
505
6
2118
4222
15
2
645
2042958
0
766
1907
101
314
19
1448
137
245
627
2039703
335
0
0
206
325
1445
992
156
724
270
5712
44
363
231
1546
0
174
115
470
100
14
2041488
317
1248
2439
2041236
20
28
0
750
238
1576036
2049007
0
298
382
0
763
150
552
1743
0
6
15393
16107
0
5
175
137
4174
1055
805
308
1428
793663
508
10
1159
907
66
408
2945
80
1
659
2031387
4693
0
16
3
2473
288
0
1817
44
46
2038572
165
490
869
0
732
2024148
90
297
27
292
8778
163
52
40
417
159
0
476
862
51
19
7371
1425
450
483
3333
104
9
567
0
704
1229
16401
7
19
564
109
1064
1282
46
156
121
0
19803
341
199
224
2550
355
2063863
30177
1996
1909
448
2039076
0
38
7
20859
736
156
193
2019039
75
304
2018067
319
540
0
566
288
51
1487
3
1284
346
2007951
170
611
1641
10
0
58
20
201
1213
968
2022021
1430
593
56
543
23
292
0
382
2047887
233
27678
34
47
5
2019
877
24
646
922
0
1293
396627
122
1
17
38
514
1449
358
262
402
871
10353
8
1831
422
2038005
2039472
1117
4264
837
23
1358
2004885
213
0
0
99
6
9135
22806
1641
178
2011836
3108
40
454
489
0
9
31
1525
77
9
1277
2049217
212
885
851
650
95
0
657
20202
2739
8989
15372
254
24906
97
647
375
726
266
0
2031933
653
2038800
448
2043525
21609
1828
1202
633
5
30
2020929
0
2027664
1127
1324
288
936
531
402
2046087
55
568
20
2050434
0
1541
53
2
0
474
75
1127
11
2003862
423493
163
2014650
0
114
459
980
1
490
0
1638
2022420
1799
42
148
20
0
105
28
988
308
460
3279
2056212
773
6
59
101
5
0
379
543
0
14805
523
7
716
1731
159
668
2248
0
0
416
1512
110
844
403
67
6
0
21
408
1046
1016
769
289
617
913
768
21
63
845
0
221
179
14706
543
0
28
8
450
42
32
2027082
2041
141
4263
1365
52
6
0
98
334
2
693052
32
18
7539
28
2031744
840
6006
1458
0
0
1268
1983
706
4998
157
339
30
4322
7
27
829
0
48
1315
10857
420
291
1197
20538
1702
1147
233
1161
317
0
12222
1038
2052576
1014
42
513
11
397
176
825
239
263661
0
2166
115
862
877
2046423
43
175
18
4516
63
1450
451
0
20
354
1303
2074
637
1381
1310
2035671
155
2
208
158
0
475
3483
825
473
213
2030505
750
5
65
10
2009589
87
0
1697
578
24
2016
774
376
7
421
3879
0
3441
778
0
49
2026809
169
4
124
60
2035125
909
2
90
71
143
2066416
23
1285
31
113
1344
974
180
435
40
1485
1281
11
0
445
1488
477
509
138
1014
432
57
2028378
60
12
582
0
441
27
229
927
1643
615
2015553
958
1
476
1319
269
0
58
1168
597
969
25620
222
2087
2010
609
1869
0
483
0
42
1672
1785
12
64
1697
8
0
431
580
436
163
0
34881
119
384
2041215
565
962
990
194
12
597
167
32571
0
11
0
549
37
63
2019402
727
1384
639
2025570
88
1137
0
229
1616
570
1299
2050080
109
221
2142
95
2018493
652
63
0
624
124
29
193
47
2032227
5
47
118
509
514
183
0
3801
191
1351
9744
673
0
996
540
936
391
1416
442
0
419
2045502
120
78
645
3
1072
484
3213
71
12
330
6129
89
1012
91
52
1467
2022252
521
2235
1261
45
8988
13
0
331
1231
1478
28
284
491
3
51
7245
44
7329
931
0
126
0
631
471
23583
323
8212
1858
1457
775
574
995
0
200
1522
793
603
27510
360
1
65
180
1573
381
6
0
6
1
26040
534
2051463
210
12306
97
645
67
25872
315
0
2051568
8274
2050560
548
790
13713
66
1210
1132
709
416
2037120
0
177
15
6
422
2046822
1620
38
4
3001
423460
276
529
0
461
678
1359
621
742
25
30912
861
3
6
543
430
0
367
309
5082
625
468
13041
1
1214
36
2212
393
1958
0
32
567
791
811
91
286
768
285
549
9
192
23
0
2
8379
18
449
965
1473
654
15
0
125
26925
1447
15120
48
549
64
185
842
966
42
66
4158
1240
13020
515
0
337
14
29
957
9786
256
887
27
11991
718
17
902
0
326
18
1779
68
35
879
2019102
2117
2405
1
1260
16
0
1231
128
907
1256
3339
289
0
1287
154
470
125
34
0
162
516
3570
660
1734
116
2047452
8
1212
189
163
1
0
8826
1
344
91
2038695
234
421
1435
510
3305
13
503007
0
1712
261
0
15
1572
7
76
294
1218
2850
7203
80
0
2008419
254
1
85
1406
54
1103
13335
930
19
247
967
0
1254
74
624
44
13854
1156
8
203
47
127
136
867
0
898
3318
2055
21672
14994
2
37
759
572
2073
1039
206
0
7812
14979
837
1985
408
64
435
322
141
13
185
11
19110
74
1115
1434
204
14
292
134
228
167
666
15351
18
0
2
16
385
595
459
964
664
447
8053
582
788
1812
0
751
60
811
1608
592
758
2043804
2
884
347
1241
34
0
928
318
292
12432
5622
415
527
56
32
17
1
2940
0
90
38
2011164
92
3453
1052
3927
1
533
18
249
2100
0
21882
13
1081
3
0
29358
33
51
314
723
1734
2056965
0
3161
971
169
135
124
239
281
1733
1
609
2013936
594
0
36
210
0
462
14
176
5
9471
4129
69
458
827
0
1365
1
8484
0
1051
2007678
21
2041
14
475
320
3369
0
162
602
546
9072
23
98
352
2247
20874
365
2270
12
0
1350
12813
402
184
747
1829
785
2429
312
900
1064
57
2034432
729
479
261
15
572
0
205
571
27
14
589
213
0
120
258
50
1157
194
700
1502
142
5398
606
79
15855
0
1526
22
12
1091
543
0
2037540
1543
209
269
482
71
0
1055
670
10
1131
2047983
8742
604
61
3
1312
46
52
0
1816
511
2056671
1843
0
178
19
17
1029
1417
1522
13
0
2021565
1267
16
965
0
31
434
18
32
731
102
2027796
0
333
39
89
19
1
276
587
756
1307
12768
229
7350
0
14
46
1141
202
420
23
3275
35239
157
176
151
4
0
883
615
44
17313
942
1291
4683
12
302
2044617
436
1417
0
1025
220
98
9072
2041767
0
2504
798
6
605
3110
309
0
1511
13902
7
29
1718
85
15
928
596
68
1255
969
504
111
1402
127
2040732
198
30
390
1341
111
1172
2043162
2
0
222
15183
1014
679
640
1725
9
976
2057154
6072
1255
1032
0
12
825
376
405
5
15
18922
849
60
1778
8295
809
0
661
7
135
129
14395
427
1379
89
697
2044555
166
2019375
0
215
36
24801
685
1176
371
14
26
47
184
0
671
0
1512
563296
1533
1296
582
948
1731
65
25
1641
3002
11739
0
1638
863
11
243
18
23
80
197
3556
1890
85
26
0
886
2031141
18
202
120
1152
18
2044527
1090
303
498
35
0
97
241
3058
20
296
336
653
1
17
132
2936
2228
0
3822
2013621
594
10951
8
291
338
9
161
195
1998
317
0
8
10668
851
72
450
1551
1420
23
239
730
1
1584
6195
131
48
239
184
1263
2034715
1221
64
18
399
20181
6
0
46
736
848
123
569
255
4977
52
15996
1390
968
80
0
1293
34
2064609
2020047
813
255
588
250
1125
287
35
619
0
124
63
62
1175
2055768
102
454
118
34
11
24
751
0
835
665
2019721
833
1701
1336
832
398
361
69
603
792
0
9285
778
816
6
215
1161
1
345
54
0
240
8641
0
1063
3
0
1
719
101
1
8
191
2040627
56
10
0
1476
284
2037057
847
115
114
182
8925
306
19
2026767
16
0
734
459
18081
502
855
2021811
653
8
993
358
1141
6
0
483
126
493
3391
387
86
13
1345
148
1693
995
2765
0
2010408
22092
382
369
69
178
569
185
797
24
226
832
6888
17955
4
159
2005266
846
1328
1
157
460
3
2033550
1336
0
1
696
2
107
956
65
29
0
6825
375
472
228
0
48
235
43
1992
370
9
2055831
1974
232
55
372
53
0
478
879
1325
1
22413
102
79
658
138351
359
2031072
9093
0
321
210
2052135
3
1127
216
1186
382
404
146
306
282
0
6909
46
0
984
11
3633
2101
2032332
17
709
3570
1092
0
840
937
2436
681
415
263
458
1087
415
11901
432
586
0
254
708
2052009
144
92
199
382
5103
1699
670
348
991
0
384
408
1319
65
927
4698
1370
1649
174
175
851
3
0
1479
330
2024436
1464
429
560
434
2031282
167
285
311
42
0
30
2032290
6
629
1455
201
863
107
252
15
556
237
3018
120
1049709
314
393
130
10983
5103
168
28
734
1722
931
0
4
80
966
96
1
586
10
108
2014587
2
47
74
0
246
2
255
3261
134
4578
4473
431
2011605
1189
12
390
0
61
24045
33
444
2047893
201
434
12558
2024457
610
2009883
27
0
0
3188
3885
489
175
121
246
3360
542
447
2010324
50
0
2143
85
710
599
2
157
1829
904
105
1
20
8127
0
575
32
840
106
12
120
601
1313
3862
301204
254
631
0
628
2048754
148
586
11
1056
751
13377
211
169
2194
311
0
466
1200
2047893
88
160
15393
486
826
1501
69
675
134
0
445
49
10
7938
0
768
610
339
752
11
26
810
0
411
1092
4453
2969
5
22113
99
24171
1566
2698
9
10
4179
12
1344
235
1020
536
1
497
758
459
514
2499
8
0
1035
1689
492
0
145
48
2150
436
12411
2457
217
639
0
883
27
310
1054
308
597
2038638
1106
131
1796
1367
25
0
387
1342
80
1530
1387
757
328
649
63
65
406
79
0
43
2
17538
202
835
1779
2
1202
1321
406
1935
112
0
4789
397
79
16
1386
1
0
537
247
455
256
925
0
199
711
1087
513
112
31
152
60
2691
2014125
16
618
0
1357
315
1302
923
2038737
1701
0
6825
231
2419
143
2189
0
2957
59
1232
23
52
3111
25
5229
2052078
322
1775
54
0
637
5586
89
15897
21
13
222
1488
500
423
63
967
0
63
13167
233
1
2
137
115
469
3
128
1386
1690
2046759
284
25
54
2036223
2999
115
2209
105
470
178
132576
35
0
397
1416
158
120
1291
1123
492
2352
2064504
2057
83
2203
0
29
58
2016141
522
907
254
19152
663
1491
2024
848
264
0
12474
154
693
1179
2331
256
26
62
426
758
38
836
0
25
209
2015610
43
160
972
574
822
46
26
415
9
0
2065977
25
2052681
160
218
268
449
806
25
2024157
2387
10815
0
1078
558
318
6930
569
749
24
453
1202
2163
168
59
0
108
232
40
53
440
66
425
8127
2134
986
27
1132
0
960
896
37
0
1074
2034537
56
1552137
9
17430
192
504
0
338
109
267
2415
161
3546
12
1960
76
1136
598
35
0
777
12390
13
1886
987
70
1338
577
394
220
883
154
31809
1056
1303
1830
14
864
1290
350
1415
792
1092
2045688
605
0
1263
28
226
119
590
14
869
8
6573
1339
248
0
0
180
6
11
366
177
264
8211
0
29
555
41
597
0
813
29788
925
759
2038086
521
9
2024772
1117
58
45
107
0
55
1113
4131
29
1096
314
598
147
452
11
28
538
0
18249
19
2150
665
1561
3250
174
654
19
1117
44
2031093
0
5
1135
535
156
89
2004276
2277
463
34377
2066535
415
35
0
252
2499
123
2048860
11
130
5
1543
416
1005
67
0
0
1065
345
162
160
983
17514
697
511
496
5607
610
9
0
235
1728567
1045
26334
55
2046
375
465
494
1742
9492
422
0
834
3696
994
727
275
48
8721
78
1931
1487
2018014
123
2021814
122
449
1528
125
534
675
1270
386
887
15813
5817
256
0
510
149
1857
1553
1146
506
1117
441
2028007
37
487
3749
0
1105
44
514
2034
333
12012
294
2051904
6
0
904
76
0
735
10
1
5670
682
801
43
2027019
1890
84
177
66
0
62
502
1449
278
198
103
23
84
480
199
654
423
0
5691
8
4
662
448
62
1103
774
616
5901
571
7045
0
1072
1901
66
15
2025321
689
1102
393
31
420
2033172
3
0
1020
237
844
713
35
1
1528
13446
1000
1119
3
904
0
0
2457
1365
217
523
7434
2069397
31
1439
7455
56
1275
0
2745
13
1989
693
3
982
2
366
60
2277
1
1684
0
225
26718
169
803
128
142
168
2022714
2
197
903
13
2019333
239
629
2043924
966
387
1987
3
143
50
4
2035104
90
0
10545
17262
50
503
2362
197
539
1163
2069208
337
1020
19
0
438
2032606
1650
736
567
267
2038863
4172
829
2055012
0
603
0
74
40
62
364
11571
416
15
421
1464
28
335
18
0
53
20
2036829
89
558
121
10
481
1161
169
956
15256
0
6405
2016540
3310
733
872
44
547
270
1153
230
762
63
0
1146
36
2101
974
26
819
749
7770
451
2022666
1633
325
0
1152
142
513
397
288
0
23
924
33
245
1150
1387
0
322
191
768
0
1311
9786
339
250
322
573
36
0
0
812
1279
938
51880
7
162
6
1286
47
1119
2014566
70
0
357
10794
938
473
1
997
212
109
74
3609
27
197
1491
429
343
887
2031801
148
406
883
357
11
2041068
12495
29
0
2921
1274
0
1670
11
267
786
2745
2058015
77
149
136
0
2033949
1738
829
11067
898
49
1663215
9
78
510
373
1226
0
9619
30324
1090
1509
4410
107
1565
39
13
334
2
5
0
0
393
2050749
1101
1719
2046003
214
129
23577
3
1467
150
0
10563
2009991
656
15582
15
130
43
73
1183
2039097
36
2024040
0
563
925
3191
862
222
127
620
1319
72
2121
264888
1585
0
1718
1226
752
225
97
121
602
16590
828
2035083
2434
93
0
407
1026
615
6
1138
1683
263
36
465
0
70
1954
0
522
929
152
2373
932
41
1489
10479
222
313
2923
1188
0
279
28155
848
7
880
587
3079
312
0
752
287
3991
2028594
1025
66
19
72
111
171
6
1063
27048
1602
2043126
28
0
0
60
7
23
714
1996
64
344
1596
324
11
1578
0
2114
230
1682
326
162
2
27846
1446
310
51
501
717
0
1176
675
455
1685
3069
736
91
1040
14
1066
496
5
0
186
889
6741
109
257
153
29
720
525
694
2017926
852
0
2026168
46
529
29
1210
165
27
74
1078
31
6
12363
0
209
258
1595
235
1211
495
633
408
35
2044438
11
1452
0
29
20
237
153
1334
2337
851
2025181
25210
1041
1673
342
0
1700
2
481
265
29862
2043808
2
1074
31
1160
978
514
0
809
1276
10
561
465
1290
105
38
1680
173
33
1558
0
523
11487
27
905
752
9
22
396
730
1123
149
1611
14554
2331
1
365
110
159785
651
246
387
2120
102
18285
0
0
1044
2898
2016582
17
12204
2009946
585
2352
12789
154
770
295
0
411
240
322
484
160
586
2394
1014
162
1252
1
933
0
903
444
3116
151
3927
0
1146
9
670
1981
2
23
0
3274
1119
24885
506
876
55
12138
38
312
48
1044
1266
0
16947
29
28
433
3194
19824
337
6363
211
358
571
21
0
14553
24
363
363
11
32
2046234
28665
258
8127
1350
6
0
119
858
2150
460
2031492
375
101
14259
745
1382
534
1955
0
1109
2018199
1872
0
208
12202
842
1372
908
316
9649
115
0
848
1
1112
2029728
758
553
2034837
0
2956
161
620
0
0
231
546
14
100
12432
411
252
892
743
2031618
420
2038572
2035272
272
188
201
66
15
1441
995
2051820
117
567
2034768
4003
0
39
622
103
187
812
2031675
15
543
8190
7014
583
300
0
5
39
65
5352
20
21
4200
449
744
77
1514
1419
0
497
743
554
692
2499
348
901
23
365
199
240
40
0
390
1814
2046958
1628
454
2006040
1273
822
537
301
268
1056
0
2046066
22
609
8385
895
1683
430
2300
59
1465
834
2028489
0
86
302
1641
73
1357
78
1536
1507
1911
2036322
6730
1118
0
903
911
1305
776
3
632
160
19509
0
0
127
337
0
7381
516
12
20
1682
2035503
565
8946
833
2045184
588
643
0
254
118
102
10332
253
260
532
151
478
2062656
1873
300
0
10275
18438
724
0
3
417
730
1003
0
241
278
38
8553
30
1510
681
287
0
271
48
534
821
916
3444
3511
0
64
1303
562
39
1168
255
1866
80
2032227
1
794
1
0
500
14
113
1369
311
12
2011884
24
42
372
386
533
0
22
12
22
380
13839
242
13
523
1314
1529
13923
1097
0
3821
110
6300
38
13
4121
39
967
0
120
6
0
0
6027
1055
826
289
860
97
3025
460
29
675
2057721
10984
0
3
209
68
1348
28
1
467
102
395
4620
183
18
0
2032899
388
2005494
191
486
296
4
2029140
8
1454
1545
1099
0
904
2022252
1129
827
1974
22308
762
3942
931
558
671
274
0
761
111
157
1428
1505
1988
1273
504
946
474
81
181
0
31
2040711
475
3
1
84
1729
1499
57
668
864
573
9640
1267
563
1027
849
1151
20
26
1922
132
3312
903
403
0
324
1187
621
2451
694
1414
39
61
6048
400
1029
418
0
653
1702
4
588
383
86
5209
318
1
3267
1150
20307
0
402
16
4201
186
11445
1347
33
61
256
354
1057
15394
0
0
2515
10545
465
2
549
1104
259
523
28
9156
1134
0
2005505
381
1191
50
676
612
343
99
396
783
548
1470
0
81
1
350
10
50
175
204
0
138
2018619
1763
2048319
0
2017453
23
1465
32
73
355
1514
4368
1959
103
599
569
0
574
67
6
25
1694
15897
135
1606
34
1206
910
1238
0
138
324
843
2039451
878
3
204
750
51
984
2043903
1
0
162
2028447
2062866
702
46
600
26
58
252
1141
2026105
58
2038726
2019816
1888
77
2025654
1693
1187
6
74
478
1133
13125
3
0
10
1851
1101
331
90
1839
11802
1172
2121
660
1236
4187
0
404
322
0
165553
3
38
5397
962
134
2
220
4644
0
1758
2199
14
12
7518
55
1282
571
327
285
426
1159
0
1189
318
2044233
1115
462
350
189
667
962
178
81
584
0
2625
1
907
175
2
1496
208
504
256
100
556
6369
0
0
358
131
196
2021328
1
777
1633
58
6415
79
16
0
50
34
1692796
69
720
832
239
465
507
9
28896
416
0
574
65
146
30
6
10563
276
154
936
118
84
68
0
84
556
1742
2022126
1013
1478
1451
207
1850
97
1891
27
0
2042790
4521
763
505
16
407
1058
833
522
596
80
83
2044386
1283
898
1165
1565
26
206
263
2048733
1
31125
10170
2056413
0
25390
946
524
1458
2016918
1617
215
29
2015029
1890
4
2643
0
16
312
400
525
1471
911
5019
60
809
14
1262
16
0
68
38
860
885
8463
944
1234
1039
802
67
62
0
0
36
2133
8694
113
1144
730
798
441
1017
51
456
8
0
2056671
3146
678
105
18831
800
2
375
464
1096
12
13713
0
75
1
1335
4
796
207
552
119
238
2023890
545
95
0
14049
903
1294
1
1093
1964
24
2013642
422079
1374
1
367
0
521
457
522
225
4
2050791
21
6
291
33
1883
722
0
31
0
601
2057826
590
3752
34
200
250
2031598
4
2613
0
1882
2036379
231
1089
3233
141
1132
717
12
919
1040
707
2667
1195
1167
166
0
17
572
14
1017
78
505
16464
172
0
45
8
23653
40
2013180
18
278
1017
2025759
164
262
140
0
30
221
1227
991
803
685
5776
1848
639
683
480
26
0
26607
209
5
1493
2044848
1149
8
1096
1538
22156
2006628
675
0
490
2037135
1317127
6819
1046
1385
7
1191
1017
238
347
63
0
2015532
245
0
293
32
1901
13
1380
73
318
914
14946
0
749
890
65
512
500
76
65
0
30
2036868
3634
869
0
508
74
0
56385
86
2038233
12
6153
48
10
1074
1752
0
32
183
7
4
142
2006460
954
76
319
2044197
230
63
0
1051
765
1672
2053458
1811
392
2031283
2010
766
156
15
1455
0
132
15567
607
740
4
0
281
18
2009485
901
54
327
6699
1289
35
118
900
131
34
861
82
407
26
630
3984
0
2037445
2037036
159
352
12576
128
2439
519
4431
393
0
0
0
570
29
76
686
486
69
3444
534
18
84
2040186
0
0
1002
984
1
0
2030274
1519
1242
599
16
57
1317
956
0
228
10425
3255
302
614
1092
327
1269
229
11550
35
826
0
2020656
1012
300
322
60
2
42
837
1471
297
660
2058939
0
763
0
6
747
1343
709
175
458
11
19698
1125
15
0
2022987
8631
857
16401
2020761
1189
25
19590
10
32
427
910
0
61
3
861
574
971
2038758
36
0
185
11467
380
184
0
348
1619
357
15435
178
87
12
54
693
1683
22
783
0
2051967
2021082
4012
1272
961
0
574
28
58
621
113
2614
2047683
20
5775
0
1372
5
72
3459
330
302
1593
2024562
2035681
0
189
85
108
1195
35
2479
6532
360
12222
523
1704
128
0
1176
857
0
48
1603024
233
3360
35
17
883
1298
1061
0
0
1245
587
68
2036583
22
245
2005168
98
189
1223
91
0
872
687
2751
856
185
389
34
63
10
3933
0
807
0
2060304
100
13
169
324
670
558
3567
676
391
973
17493
0
1310
16
2218
5
1
1764
330
425
164
420
303
20208
0
1135
1274
443
411
70
1420
221
4924
185
69
2023134
60
0
23
562
6048
864
57
2034831
111
578
1275
2054
18
712
0
12
1845
1722
18280
21
149
24
905
66
31
359
35
0
549
10122
3
117
1262
5
171
634
381
682
3108
212
26307
479
43
24
247
2037519
539
455
1521
380
31
4095
79
0
43
9
273
131
109
228
69
1314
3633
574
511
520
0
77
671
160552
1
2003919
311
7434
570
6831
2853
636
480
0
376
520
27
23
7275
178
403
614
333
483
494
238
0
368
1772
26103
66
0
982
0
271
246
1396
169
554
0
3759
129
2016387
402
263
2040355
375
1701
506
628
111
2019480
0
998
25
399
77
960
159
169
1188
139
903
655
144
0
223
422
1913
457
2034117
1437
6
5019
358
271
8
319
0
778
0
46
3759
2030821
14553
831
582
104
1142
1791
477
0
397
1156
86
2020998
1006
1060
155
18
1785
4599
787
175
0
571
2022504
24
120
138
40
313
0
25819
214
1527
516
2018325
4179
17115
1155
585
600
447
5
692
1230
549
924
1456
0
201
1473
234
847
57
419
2027292
716
42
23
612
0
0
1753
179
1213
394
1045
1093
11235
908
960
2399
730
1506
0
2023785
6
105
393
19152
1166
1245535
182
964
525
225
14
0
1
662
1365
835
1079
1481
388
2058954
667
36
655
0
0
7197
215
5271
16
1244
315
61
2035650
1489
714654
1328
2044086
0
773
1431
402
125
782
286
415
1101
1483
2053731
2055915
2033350
0
34
16
630
131
22
728
2337
1659
3
906
10857
187
0
86
1176
248
570
1933
126
346
2007
10
20181
14
474
0
188
148
42
22302
2045856
2027523
1390
11
59
297
5
2011439
0
158
948
259
158
16086
165
0
3682
0
244
590
1452
63
926
1
1467
68
22
761
1
151
5943
583
11817
6
0
250
538
2053269
1608
1418
6
1292
54
5355
192
410
468
0
22770
792
634
3894
527
253
2035104
0
118
1247
1064
20
0
106
215
1543
1433
15645
1071
50
13
26166
589
125
68
0
844
2011227
2988
146
1188
554
586
797
61
946
1183
595
0
22008
1558
946
31
82
617
37
1973
757
607
24
11196
0
1076
612
3739
9
1343
330
362
1327
4
2038863
28
992
0
1259
13
4326
891
811
546
266
9156
300
301
545
3999
0
2046790
17
198
10
437
2038437
586
498
287
146
166
5167
0
140
85
938
14469
37
1136
765
1219
62
2007762
476
78
0
848
1071
1
12
1103
47
54
15
399
511
176
495
17482
2038362
306
580
365
372
406
1553
48
51
11
4809
265
0
922
692
5
991
368
816
1530
615
2032795
2032713
1785
998
0
20
1639
186
7
357
153
2047830
1610
76
37
706
439
0
8028
567
13
555
2047515
135
366
2009610
4
574
78
267
0
142
2020509
25410
223
846
6
2035212
1
66
536
1077
8
0
2028321
506
892
7
204
109
0
24
261
11
350
4383
0
75
1137
1121
199
367
47
1
1716
382
2025024
9
140
0
933
238
376
878
306
6
403
2038858
753
914
2069
226
0
2020447
1210
99
67
1027
1806
172
788
2020236
1084
30
64
0
53
132
2161
777
544
2016934
66
35
1742
0
91
88
0
179
25011
474
2032
703
379
2205
590
1
217
33
89
1344
13
10
1512
179
2021
295
123
680
223
46
2032963
923
0
205
172
156
249
2030569
11
12
35
24633
2020236
552
1538
0
21
396
1401
764
17472
704
15393
522
19
651
1558
63
0
580
3303
0
2
2029668
617
724
798
26
716
35
135
0
2286
2020659
2037225
75
75
742
306
255
49
2028552
19047
1583
0
10122
186
542
0
3772
1448
2764
4
36
245
1260
2041645
0
204
33
2123
78
4
513
2
507
315
3706
561
70
0
114
40
934
66
1883
955
1209
8634
933
302
28
655
0
19111
0
9
97
493
2036343
1534
8
26
589
385
2036139
0
20
929
1256
2034726
168
72
14
999
4431
3613
17
30
0
11
42
737
72
57
28
554
21
44
2051
270
75
2031261
30
96
1713
1184
596
292
89
39
295
47
2016939
2021013
0
1706
399
1006
836
5
21
502
508
1890
2494
488
689
0
266
182
85
328
451
0
12663
609
2677
525
30
1280
0
595
70
12
316
9723
1600
400
91
3
12300
1390
5
0
0
343
2046696
56
22
1725
368
395
6814
446
594
148
0
63
610
14
2038149
2022220
330
20
5307
28098
840
654
1155
0
773
412
73
507
12
1618039
295
393
26
2290
2184
136
0
275
126
830
49
1486
299
12
6000
1258
226
674
269
0
40
19425
6258
43
31
1464
9964
664
3345
98
13503
30
0
42
246
1951
241095
385
1627
565
154
713
52
1165
1334
0
444
2035398
641
2
24528
897
42
570
221
6
5
5
6804
746
1059
160
350
302
1384
28
398
9702
72
15231
29
0
4
252
238
299
895
1903
168
642
9198
6
733
362
0
291
805
5
9
231
709
2015007
1412
285
960
2325
27
0
25
813
18789
4551
2036700
189
2032788
16
1482
169
2054613
349
0
1281
9
2190
2015238
42
110
1068
1050
16905
8688
466
87
0
8988
661
2017947
2025318
274
577
658
870
265
283
867
2032080
0
767
16
17
197
33
114
0
2401
12054
505
157
178
0
1463
4054
265
523
157
313
244
2032626
1730
2025528
384
371
0
68
2033151
512
1582
332
285424
237
319
2797
2038764
5
272
0
805
946
2041803
2061399
1
579
354
813
71
1186
1
696
0
50
13902
0
767
311
1078
19
1023
730
2156
418
114
2060619
161
147
8442
405
1884
14
162
761
1436
809
3003
46830
0
578
501
78
50
419
87
468
0
2044092
1341
2386
416
0
643
270
1723
575
2242
283
108
165
1571
102
52
1662
0
1018
92
179
219
10188
413
162
444
675
76
575
6
0
10
1178
22323
373
612
380
988
162
889
1019
509
551
0
357
669
160
556
188
7
8091
467
87
262
171
6468
0
25
4280
275
386
716
1627
739
458
572
3291
34
1219
0
294
926
1289
61
485
38
266
11970
14
232
7035
102
0
296
501
1699
66
8
2056062
2013328
1399630
496
1679
3446
1449
0
0
605
360
3549
408
781
30
1096
42
1053
46
53
0
2041110
2064651
1363
203
235
38
906
199
18
822
2049489
1856
2034942
2028825
251
588
73
662
2017
43
1378
0
515
2018997
1566
0
16
502
2184
768
643
1376
145
538
2040
808
2238
560
0
283
781
605
1580
1417
290
12747
1
11
177
34
766
0
320
4
2008476
16
14637
571
28
907
29
6741
35
0
0
22
1525
5967
441
71
440
270
4
2056251
2053290
223
1
0
12579
267
181
1127
297
59
216
585
177
38
581
26943
0
0
3321
514
36
4
12
169
0
2049447
1371
777
16
0
271614
0
168
449
134
1376
40
2030526
24045
1054
38
796
0
3
231
760
610
15
18501
216
1172
510
1163
2020125
15
0
10
86
526
2043147
1245
6
1213
1105
353
0
76
69
0
556
27510
138
6
9
62
82
1967
21
1
428
312
11529
3077
597
2034831
1439
2178
207
699
984
1077
32
58684
17
0
63
185
1340
673
112
31
2662
451
1827
14
723
790
0
1205
20
363
144
1292
46
2021748
29
767
184
2003730
2964
0
20
266
134
898
1197
563
1001
14847
95
381
110
7
0
163
428
798
1179
1266
161
7
1756
41
395
746
2991
0
2030967
183
669
2042040
6
889
30
587
2402
5
24
9639
0
1644
309
509
16
157
913
8
69
23
1890
347
267
0
561
51
2661
194
1866
2002
98
18984
1
1141
199
260
0
851
4
739
177
1399
6321
2004507
115
2038611
1
1228
4
0
113
32
646
2029650
48
461
57
768
37
3
2050896
2164
0
1061
1869
459
296065
0
159
882
281
39
1655
153
23
8547
529
558
29
17
379
307
219
1
129
1223
2034615
40
0
1314
39
1
1466
223
615
138
618
20679
366
3119
78
0
68
3559
1192
212
0
0
26250
3633
14
135
2139
482
0
565
579
2044260
1472
2056230
49
613
88
5670
43
1659
35
0
1
4
36
1207
12981
1413
552
1411
102
8
123
907
0
2014692
38
30
507
1722
1400
2028993
9
1402
123
1699
1050
0
9
1464
230415
360
55
949
1649
2
1300
19698
81
947
0
35
1302
164
839
190
231
2058015
1728
9015
90
1742
671
0
995
946
10
25584
31
19236
49
882
829
1099
372
384
0
141
1088
306
2026467
10
853
81
467
384
87
544
2025885
0
56
9997
88
1
10
422
842
5
49
35
914
102
2056083
632
7
1329
241
1773
482
462
5
122
11
882
2093
0
1158
0
1442
2040816
342
1401
227
419
28959
16
394
277
0
935
57
37
28
8
4356
1332
11319
2022
20727
610
699
0
1462
2746
785
777
10935
24
53
1498
1120
194
107
1268
0
85
482
14952
321
16
4
1468
7771
40
217
2027859
22
0
273310
19173
707
787
38
283
5
2985
580629
414
480
18423
0
1371
1612
934
3
187
290
352
827
2425
20244
1321
17
0
285
17
1423
15
2007
900
43
2039259
4
10227
1635
638
0
956
1205
469
292
589
2030841
682
1429
1171
2264
7
24
0
2021128
2084
2004360
12243
56
2052
42
1494
85
299
672
257
0
314
2021224
757
69
71
1026
31
317
765
19
640
81
2038212
13
833052
183
759
4319
12
92
1177
11
114
2063916
349
0
2030617
198
160
253
1591
5
570
237
8520
63
47
8
0
1525
513
1502
577
407
2212
2049132
5
201
489
778
5397
0
303
342
464
1523
10086
1002
264
617
9
347
89
103
0
525
2980
2021643
81
662
190
43
1498
525
4
11
1642
0
2041551
736
646
836
320
1055
18
1830
600
104
93814
20979
0
13
7539
212
191
450
401
911
23
15771
3192
1477
42
0
7
743
503
696
378
1038
47
2007741
400
1359
34719
1028
0
2051856
668
508
966
91
1239
25111
21
261
2068053
132
602
0
696
187
608
651
75
23
3465
518
1140
73
692
546
0
7
17031
0
994
3
1953
118
1560
611
640993
319
22044
2772
67
121
971
127
18
33
9
24
347
993
2021496
1357
0
738
98
903
1883
3495
66
232
16
7602
952
500
1138
0
2058
2056440
497
1630
131
345
2042475
949
310
32
427
106
0
1929
3
165
487
5970
42
1009
315
416
8
178
28
0
473
98
2023050
1078
6594
347
202
101
96
90
264
637
0
123424
0
0
27
327
137
937
481
439
25
32
2053605
0
267
535
2459
318
678
1044
3
560
16
7701
1
20
0
13
75
105
1262
100
2037582
1099
14448
1798
4956
2
3489
0
0
144
144
2036826
1149
12306
64
239
1180
144
38
4153
0
1540
1
742
28500
483
3112
874
1268
2016351
206
49
3935
0
27
2031660
396
330
558
2161
110
727
262
834
39
1561
20307
216
2015
2999
30
296
140
17
138
2373
8
2023470
1436
0
15
501
7
38
550
23
1523
8
7938
835
951
1030
0
12285
700
13
172
889
1263
16863
1910
256
2042139
1
142
0
39
222
57
996
1218
4279
34
1532
1179
144
609
2003919
0
1313
976
8868
2315
75
694
12
40
163
105
1434
678
0
2047914
3
1026
41
19
0
885
0
1
639
778
8673
0
690
57
607
909
3
357
438
1476
1261
363
603
14
0
3
238
709
599
494
203
5313
19236
1069
481
2012760
3071
0
821
84
140
415
220
2033130
0
342
2009421
37
167
45
0
63
857
16
2016102
49
165
462
0
527
40
86
280
0
1322
2544
8
70
731
11679
24360
542
183
203
169
2022295
273
129
894
1022
113
25
402
1503
376
114
795
567
47
0
0
11
1464
280
828
84
367
59
1785
1644
203
23457
0
1110
14
342
673
273
1529
2018010
282
779
184
98
203
0
7
834
454
42
7902
2128
111
116
13
421
837
1
0
15828
184
2039682
131
1704
78
493
1010
653
206
575
745
0
12048
66
10
418
78
872
293
479
1708
4292
238
7335
0
3401
59
26
1390
490
2
142
1
63
2037
559
555
0
1434
10
75
0
203
859
165
22008
255
306
103
240
0
1577
470
1486
210
1025
19026
824
86
1506
2021538
34
19
0
24318
33
193
2036290
26
4059
172
975
1065
245
827
29
0
0
9849
1014
3
8820
716
954
2018976
190
1402
42
27
8562
784
2
11109
791
451
21
0
155
552
22533
2023128
2031360
0
310
186
178
461
241
259
394
2206
3004
1038
675
44
0
189
883
271
1
719
184
16275
1015
1293
576
860
42
0
2045541
389
9639
1521
15991
55
1
285274
427
51
1770
513
0
77
86
2045793
295
640
13
2264
13
416
1403
261
1773
0
8904
4
2018052
779
4121
877
1012
554
78
5481
1764
21945
0
256
10
17
109
1766
4378
771
180
8
22497
90
194
0
1802
811
0
624
9240
38
20649
6700
288
1015
98
123
0
38
217
939
1274
2018976
7938
109
740
524
27
1432
1354
0
1331
3573
295
987
688
813
149
3
281
726
85
76
0
275
2036238
0
373
0
2020698
79
186
0
1
444
2023029
2009427
100
288
1689
2033154
214
328
3635
2007406
117
19
28272
491
0
1055
2012655
7
176
88
1896
326
1711
5671
139
36
1038
0
166
54
1296
368
1851
24
6639
533
1227
840
696
5838
0
620
1285
102
9
25389
68
3114
36
61
62
2053374
69
0
561
2039136
2016492
19
1112
947
2033262
1662
1527
191
2018503
1478
0
4329
173
2899
10
241
26
6
276
19
918
38
31773
0
3068
1509
982
290
620
197
1
909
7
117397
1090
116
0
460
494
352
674
9030
1050
145
17031
1746
2016918
2112
65
0
20
366
14
334
616
363
240
81
0
3003
367
299
0
528
1345
176
6726
8
5
280
338
2027313
406
3467
907
0
5
17304
40
364
1
118
113
1585
406
189
259
275
18060
140
555
2039919
93
29
598
408
438
50
1258
9873
505
0
19
13
513
76
5313
1953
204
0
1392
277
1548
497
0
102
786
6
1169
503
530
1827
24
1059
231
12
2646
0
1
735
12
124
16260
9
2031555
0
1948
356
394
173
0
970
538
288
502
388
21
149
1560
715
10
193
424
0
162
62
2100
740
817
371
42
666
1116
230
644
20707
0
254
1476
291
53
515
1409
15
31
345
9135
12054
10
0
510
29
532
2593
74
273
2
6993
124
152
525
1391
0
391
0
41
771
75
2036973
353
11025
154
106
1850
1315
0
513
45
646
14637
284
1745
2017821
3991
20
387
1061
32
0
120
13281
257
192
58
79
1919
2474
95
260
182
1050
1029
220
10
303
200
4200
1420
2589
3100
2029122
179
16044
172
0
214
30
2961
2039472
10
1372
86
176
6237
1596
1758
351
0
961
6
241
1161
4479
453
26337
951
305
1533
1028
802
0
3468
12
99
747
11781
3443
2
1005
13
1121
990
291
0
600
59
7161
1324
1713
39
4
9
281
695
2188
11
0
3576
1112
733
1357
1419
28329
769
167
64
1601
27111
4977
0
181
684
49
32
674
510
493
11
419
2025747
10731
199
0
1559
656
1919
502327
508
59
700
4011
24
2022294
198
518
0
2035755
20
413
1229
14
693
1913
158
1138
623
176
2023491
0
55
1462
123
2021721
573
12
568
317
985
46
171
94
0
657
26166
344
64
28
1046
0
6594
42
958
252
1181
15708
32
243
701
118
54
743
1144
138
329
745
24445
489
0
1347
99
627
44
1096
138
193
186
2025289
342
766
380
0
56
1834
1753
525
31
248
42
327
0
26
1027
8358
0
1077
68
99
978
1190148
524
26
1308
26
963
150
153
0
193
98
420
1229
80
301
1426
2016687
669
1033
228
15
0
2024184
485
152
1293
582
230
24
660
346
498
1569
2022420
0
170
122
52
3779
25
33
484
434
880
2050078
1368
1354
0
33
593
0
1162
855
325
29316
10479
1724
316
4836
530
0
542
81
103
645
3087
15540
1824
6
1198
304
287
1476
0
16968
1006
2123
4452
0
17
157
71
564
1181
297
344
0
90
3580
2043042
2024877
8043
55
105
1
40
1939
114
495
4788
265
3
85
174
1430
999
998
14
8
1944
2018692
18333
0
351
36
3360
11
1422
785
16443
440
10602
143
230
3
0
2039976
3024
12
314
756
1628
1822185
1863
58
0
241
604
0
1486
44
433
0
336
0
148
500
22
800
1655
441
0
45
54
30513
137
220
38
169
319
2005
0
2696
1412
0
5124
468
379
741
449
204
66
27
10920
47
51
21
0
131
10
1495
1
23
823
17
14
2027766
18133
915
489
0
81
329
538
243
11
1668
218
2841
473
2394
377
939
0
1029
199
32
126
95
5901
1683
969
53
38
3
2030883
0
11781
1176
602
25410
627
82
11278
615
321
66
0
7
0
384
2021454
60
266
23
1118
12
38
611
77
2
850
18648
21273
1189
2027334
347
676
596
11424
15
121
739
2021013
2059569
0
110
464
62
551
14
1057
67
596
756
102
5
12
0
1392
744
1209
415
355
849
2041404
568
815
42
1705
16
0
822
147
59
2
13567
30
956
74
31
109
2000
978
0
479
288
2044764
619
148
636
449
2801
243
348
1498
75
0
5502
246
8148
856
24
1344
0
48
1496
315
656
14805
0
837
392
1748
13545
724
843
41
6993
1
2625
9366
1
0
2036349
89
0
598
388
1202
157
7225
1
31
25
999
0
459
112
2050560
69
706
19761
15
2061060
416
42
1151
735
0
72
19
219
2593
321
82
1190
3723
290
990
567
1391
0
264
9261
2051883
34
1286
2036637
90
37
3
1311729
2706
84
2142
170
25
1022
315
768
621
300
231
1128
2027145
2038621
0
0
17
853
99
12
286
1657
3844
19
2027061
6
471
1824
0
143
1095
1272
0
414
0
2299
124
1669
878
388
2001756
0
232
819
1221
680
5407
1115
881
16044
1
133
903
155
0
937
43
2030589
1474
543
65
64
234
33
515
2044827
901
0
13020
30
134
86
1470
396
87
107
118
5
194
15858
0
2009085
101
1514
2946
24
3
10
390
273
5397
217
594
0
6972
242
185
0
3
867
1895
32676
171
10
3780
848
0
3591
289
2026242
41
31
2053101
136566
198
2008008
320
1
3155
0
334
506
74
16941
177
268
550
496
413
1179
970
65
0
1336
2043336
706
21063
592
1621
36
30
556
457
2021434
756
10731
2323
100
1228
1134
172
361
512
37
546535
979
14995
79
0
71
162
34
78
30
12
2027139
53
21084
409
1828
2053521
0
358
2040207
999
110
298
78
20559
269
2002
54
6
468
0
1006
3386
2019186
1197
1326
403
157
450
65
1481
997
3
0
2027901
45
2026033
166
1550
74
173
1
52
2890
1290
298
0
2031240
294
196
759
1056
1258
41
210
778
2038233
272
57
0
1830
61
227
27
387
28
56
693
1332
21804
511
537
0
227
325
4
9
401
2047935
89
6069
17
1563
117
121
0
247
291
1300
1038
1799
15057
24402
3
304
6
2026662
68
0
74
341
832
1092
1277
1511
47
2020971
503
403
2252
2037918
0
1474
2039640
657
39
6
5
57
958
1405
22
278
185
4605
448
154
21
443
2043630
113
1288
41
2045688
680
15834
2499
0
1201
536
549
306
777
64
2025885
381
2042202
1249
704
53
0
166
32
14
2
2791
1069
13482
26685
1
1591
988
60
0
435
799
418
25
6174
11
394
46
50
24
15
702
0
56
279
2034159
2115
2026074
2020719
457
442
36
281
79
292
0
3381
80
741
140
70
2064
1416
86
3817
149
1565
11292
0
1115
267
178
756
42
1152
1012
1006
592
18732
8
229
0
0
80
2024331
1
78
11763
566
2030358
929
2016414
19
254
0
416
3142
701
392
2444
2142
884
3913
1092
1172
835
190
0
21
56
1253
10836
923
964
719
750
39
10
179
461
0
135
2037309
228
23
54
1492
2
1944
590
85
2036553
89
993322
838
7
76
1
221
291
1154
31
0
922
210
604
0
206
596
3
1272
2239
624
857
252
12096
48
6
633
0
1
67
353
2055183
286
94
168
210
0
1258
104
2041278
0
1866
1385
178
35
2045709
521
1166
189
61
486
246
237
0
1752
1133
18165
272
569
179
1437
126
1344
440
299
1415
0
6489
109
2
46
1147
501
20
1234
0
251
469
9498
0
60
11
332
520
1
22
1257
349
362
574272
703
2014
0
77
416
2029959
463
125
1500
286
11167
169
183
152
764
0
387
183
1032
11
769
2021055
13
60
1430
1
392
274
0
43
23
24
11928
673
652
741
12
208
67
26
369
0
201
9348
3719
468
577
59
52
831
295
20
1572
2107
17172
84
1259
56
27
1013
21
2
12
591
2016006
12195
2745
0
1106
2048109
3602
741
24
570
76
767
27366
0
216
6
0
312
9
516
164
1768
192
33264
1930
3182
108
99
724
0
63
470
2015892
12
2034721
1569
2003
571
207
497
837
1646
0
770
2787
3279
1132
97
237
321
531
1311
2
20
741
0
3654
217
823
84
299
718
268
588
235
276
963
2011783
0
2907
1348
5
11
825
123
3417
802
1173
2030421
480
8
0
405
1505
650
48
134
447
120
2250
350
2056482
69
33
0
294
43
1629
266
576
3129
744
79
17
537
1105
1560
0
6
0
56
19026
434
1068
0
370
1091
6
1
1203
0
765
12306
0
1541
0
3353
5
396
1491
99
1173
87
987
2
616
47
525
1134
6
792
12
426
318
2032671
128
0
60
224
992
12
821
1369
14
426
10920
651
260
6
0
348
1582
506
342
2049195
940
2027358
20
17
354
3
7812
0
1070
343
326
126
1872216
752
2
716
3
448
1674
1
0
38
43
2041152
9639
35
444
988
807
717
147
66
481
0
2047446
156
422
555
113
75
867
844
11970
1236
351
4810
0
324
297
1799
1754
325
1274
266
522
686
2045814
443
1454
0
26
409
3764
40
37
153
376
7560
1101
234
946
68
0
12
0
2011185
43
316
6336
419
3697
0
609
314
1959
0
17136
2676
493
5271
849
166
18
1206
48
0
28
128
0
10
2045898
967
1116
125
7
191
244
71
0
586
1159
2016183
18
152
6
610
1954
1626
949
2023596
356
64
12117
9
0
310
1371
1538
27
1470
182
183
385
2044995
3
2033298
451
0
2040858
5355
21288
442
1242
1
16369
334
50
592
496
82
0
0
36
3608
1324
3711
32
571
830
78
16
373
1775
0
82
3692
2035021
67
4
1385
246
18795
722
276
133
132
0
16926
65
2034579
1010
177
14637
26922
1109
38
56
2049426
11907
0
1138
45
34
2049531
95
18742
682
3849
207
2038464
1988
2348
0
135
167
2827
336
94
100
320
1309906
38
50
1181
1405
0
40
595
203
392
732
1029
210
364
1515
197
963
0
0
216
1781
483
6327
808
515
1219
2048418
8
1
454
3144
0
1
11070
123
8
248
305
391
3898
1613
5
599
89
189
9
1573
1812
144
23
551
1150
115
69
154
2024997
508
0
211
333
86
46
2234
14492
675
1212
405735
485
2089
1150
0
79
1025
126
4
25
165
2044345
1510
33
1814
0
2003
0
442
32
462
265
2063832
33
1331
545
2036259
918
320
2040564
0
1121
655
7132
461
709
1864
573
120
551
2030364
316
77
0
232
22
823
1
266
1421
840
16
7434
43
38
483
0
105
11397
58
79
585339
2562
2310
2846
432
21304
6
765
0
182
354
723
44
554
327
520
2041404
130
224
302
385
0
3818
1075
40
0
267
2988
2557
49
1562
1847
410
912
0
324
10432
262
21630
8337
2560
1305
7
998
3695
2531
90
0
22
2024373
162
3664
804
4308
710
562
73
191
99
107
420
24
799
93
2692
312
55
674
4326
776
12684
2047893
3808
0
502
3612
133
2829
116
744
3
1024
8190
631
15771
26
0
929
0
1786
821
1100
456
2061606
627
607
2050560
44
7602
0
56
83
827
152
2056041
1043
197
247
2036421
797
653
213
0
12138
1129
23499
1118
352
126
1530
19
67
888
24
842
0
9282
518
68
521
212
432
737
1105
10941
2513
23
3066
0
2036
1660
2330
1833
214
278
307
870
473
19131
65
432
0
73
1194
319
338
22
11
208
20224
48
311
200
291
0
3
362
619
282
795
4746
804
1010
751
135
786
12
0
521
44
193
2033781
414
2660
8301
1488
519
2952
1082
8
0
978
11487
193
802
67
28
374
0
1636
10
531
3
2027187
266
112
38
243
1459
570
90
2186
1896
666
13351
103
0
1180
123
1311
566
822
956
14
17
4824
757
99
144
0
52
63
243
782
1052
416
777
27
9
1219
166
673
0
26
1088
492
44
7539
2030296
1269
799
48
790
59
185
0
273
40
14374
669
734
1081
0
200
273
50
1747
781
0
2027524
29
2030022
3593
173
60
979
503
2050476
5995
84
5691
0
1344
2042476
16
522
4
1721
918
2016897
2105
7308
132
957
0
3184
596
813
0
117
499
0
7161
156
160
6
571
0
382
199
1681
844
23
2046496
1280
1229
1294
51
1331
829
0
52
296
2026620
26859
681
633
43
1739
258
49
847
1216
0
856
35742
1723
165
3
369
1399
66
613
34
25
31
11262
45
77
3
80
375
2
1439
3030
197
2064588
2012781
25
0
540
1034
494
813
1890
33
753
40
4374
2040858
22
200
0
340
466
43
202
12
194
2709
45
370
1315
578
286
0
790
12258
9
998
19572
1421
6
272
1
53
1990
12138
0
964
1330
2020509
623
10
3907
1250
76
241
2029
1152
304
0
1807485
419
2115
584
1129
195
1503
27
1795
1658
386
9450
0
70
122
2115
1210
153
233
152
6
163
2898
325
1578
0
36
6153
312
0
1922
1837
29
16684
11
2406
1221
386
0
57
3
7
19440
3898
14892
1029
50
311
1311
672
646
0
591
23646
92
2040144
214
1
0
4
165
414
2248
1890
0
594
2025255
873
76
192
924
506
449
182
550
25
591
7602
643
926
268
29173
403
1704
196
3
294
1688
27594
13
0
30
56
837
1758
652
36
5
391
6867
702
1335
6636
0
0
369
683
1180
30
2037057
8547
1084609
1103
0
1700
332
0
38
527
483
12
5460
63
3402
1440
17
615
560
21
0
1382
6
1554
674
242593
499
1
1067
197
1
36
964
0
4528
48
69
432
180
2011039
62
1986
304
151
158
12894
0
100
44
385
44
1261
34
480
3838
936
2030631
48
1207
0
71
805
636
1
117
0
2014335
2017047
1826
307
39
508
0
560
34
0
261
531
14574
71
5529
336
1566
94
86
0
1411
24
1113
2184
883
32
1122
79
26
1512
274
77
0
0
2043147
2018367
1084
1356
756
2134
1484
232
697
30
362
2032290
2012376
59
1216
1017
218
2057118
755
588
59
12
856128
23
0
0
1448
534
12
651
1553
326
890
2035524
194
595
36
0
14
330
1941
2883
381
150
2041614
1323
472
1236
1944
417
0
2917
299
710
4
2029518
73
7728
124
55
376
994
8
0
2057073
13
2751
1985
726
2033781
623
794
792
319
510
0
0
2331
475
155
390
5041
12
502
86
4
183
67
2898
0
468
70
1
2
1025
867
20
1455
1460
6237
38
748
0
955
1027
1586
514
351
952
187
2024142
273
1716
5040
590
0
152
56
12
2
0
17808
421
647
1009
48
227
283
0
720
805
1037
8095
965014
1804
1697
2006712
1
2017884
262
2053227
0
1302
5040
1939
1271
1135
85
80
67
61
633
61
10
2018682
44
543
30
132
241
3
821
722
391
900
14889
740
0
25
992
272
245
1373
647
231
108
30780
1075
16
2024499
0
699
156
65
0
319
41
6174
27
764
995
159
202
0
900
111
934
829
24990
21
1144
26
287
570
956
659
0
547
157
2009179
346
1075
1545
747
3592
1956
8
198
391
0
2007405
10
508
2058105
867
37
3831
71
8232
1315
1789
23562
0
3
117
841
205
2052315
1172
172
1285
1699
165399
1
531
0
696
9513
682
1131
1
61
900
4210
417
0
501
110
0
1
110
2158
992
1751
2042538
81
10
4221
8736
1332
1
0
723
135
411
2436
319
400
572
177
83
567
521
17
0
2150
4326
521
1433
65
1
0
1355
128
184
819
294
7287
313
57
582
343
417
2589
5
473
49
421
2740
0
0
356
1
519
370
3713
796
1861
2009935
2066583
8
44
2
0
493
2069040
24339
984
1
13398
2803
189
39
502
669
888
0
22515
183
2
1439
2045683
362
73
197
0
1318
747
1108
0
2030904
4
5544
37
1
1122
1544
484
44
2053752
140
184
0
2031834
39
1689
1988
1661
326
31
15
15
139
11
6390
0
685
751
1525
1050
84
1102
2688
146
90
2063916
489
285
0
346
0
922
477
130
1362
1509
21
317
2033277
626
533
0
864
217
380
195
43
7293
28
466
384
1065
1403
58
0
35
24
1438
122268
1647
40
481
65
2028132
218
12
1
0
1162
2018745
3059
767
178
788
2
1041
21
3398
130
16
2056440
101
2030001
1107
1119
64
1522
412
1240
0
1114
10629
486
0
420
657
26
795
319
219
984
342
28477
163
1796
197
0
17
454
598
42
446
178
241951
1863
66
757
859
1246
0
95
7
468
398
231
1742
1356
87
322
777
15225
2073
0
4
1144
2039103
6
1397
3901
785
622
21
325
657
2012493
0
9156
12
724
795
153
566
573
1838
36
88
0
17619
0
1794
1
0
1009
1454
149
65
486
1284
10353
32
349
0
486
51
888
13
1271
74
469
3675
2054046
254
120
561
0
45
1583
52
3024
800
19179
1574
2033613
1446
169
2960
261
0
287
280
1180
229765
128
31
3047
484
462
36
2002977
386
0
3
2061333
3
5
67
514
516
9
295
134
2
9
2961
726
129
216
2048
335
53
37
517
37
134
147
165
0
90
263
984
41
643
1123
441
17
12957
1263
629
454
0
460
522
2234
771
660
907
24066
951
26
1453
776
24307
0
2031744
14511
471
0
2005005
889
212
776
115
740
405
240
0
793
23
2058141
602
973
7
4777
896412
1789
869
26
2062242
0
1827
36
10920
1062
1018
1304
1107
927
328
370
658
6762
0
2025087
25
466
8
2041278
28
112
664
630
8169
1235
1401
0
2322
277
8127
1073
1097
1866
1599
15435
182
2
60
1928
0
951
848
16
7
190
4122
621
14
1260
560
2030547
703
0
385
537
974
2034474
118
1697
1764
80
969
68
1311
0
0
546
1618
1430
171
1481
836
20538
419
518
6
317
312
3948
70
129
46
237
162
14337
154
1
7
776
2023155
78
0
2035419
79
2029938
17
940
1321
192
467
8043
176
1050
175
0
48
1618
417
1270
1883
1750
2019543
247
2
936
73
1944
0
72
732
428
1162
8634
1782
0
38
170
942
1512
374
0
103
1698
28770
469
406
331
37
998
4
7434
206
43
0
2451
299
985
365
97
16
1193
543
765
658
11
7875
0
24
154
2
1019
1
404
81
74
1129
2688
2025
1486
0
296
2712
44
1035
8
711
25
2034715
255
21
1065
20811
0
889
50
757
87
2237
73
1
135
4
29
276
51
0
1204
76
63
15939
516
3946
1323
656
143
350
216
220
0
694
1802937
1609
451
500
1470
574
2014
460
22575
467
829
5565
758
46
38
84
1331
289
653
368
152
720
2025633
1531
0
283
429
23
1934
4373
11256
127
503
2023491
1
184
415
0
3803
283
583
8
959
918
2045269
1
1319
249
1776
380
0
877
258
547
13
2049447
181
1626
1433
1667
9
583
11
0
2017380
1804
12495
167
145
70
13
1050
15
376
2043105
78
0
2052309
3153
24
564
756
2
763
34
714150
140
455
2011962
0
1544
17
4
497
1295
675
1
138
5943
2028507
31
1784
0
546
118
169
284
381
773
14
18732
802
44
1353
1
0
14
1102
1658
754
2
2289
103
7
10248
38
79
1278
0
1
23
23
355012
251
435
18516
2003457
585
1126
244
747
0
851
861
1484
132
6
1891
3574
579
22
11151
8484
137
2038359
4066
21
276
1390
29
2048244
51
53
424
887
4714
261
0
68
21
778
4
10332
499
90
418
84
6
1903
9
0
2012508
1127
7497
81
337302
21987
10605
51
0
2031745
757
478
0
1484
1523
234
3
2011779
421
1016
3339
0
863
240
52
0
171
153
2046759
12
33
1099
282
2849
3724
584
523
1345
0
1386
798
494
451
522
717
198
756
1186
317
665
14820
0
7
55
90
23
23
7140
41
1
4
2033340
347
138
0
87
534
109
149
320
581
70
2583
2044996
0
49
2
0
265
922
548
51
2033592
2782
771
707
806
582
495
1024
0
17109
115
18
2047998
143
1362
2121
1064
26
1210
416
16086
0
565
189
552
425
150
1491
2040459
3
3135
57
704
563
2009760
1008
9
28
1070
1516
948
782
70
685
1167
2054130
96
0
3423
340
2018452
68
207
1222
624
5
1197
975
2035
329
0
12
5796
1520
2037162
2010187
408
1197
606
720
119
1179
186
0
33
200
839
290
1956
1
2027463
1902
4106
7224
4
745
0
912
791
2059578
345
500
1194
1042
5271
621
75
504
23184
0
5985
169
13167
67
321
731
86
27
26
300
32
7791
0
159
45
35305
0
709
98
8274
703
55
13188
1632
655
0
560
1
561
49
686
2069974
895
2006634
8484
63
858
779
0
403
374
6
946
4185
1680
4
427
42
227
548
22
0
259
47
13
16656
140
67
10
12306
11
502
72
319
0
4
10102
133
433
3133
2058
441
2939
614
2030947
19
11802
6993
131
1449
1154
284
1511
380
17
2574
1196
97
3489
2046549
0
64
93
1233
805
816
543
644
4
2835
425
381
1678
0
127
1595
1470
1155
577
2225
6441
487
777
92
311
1378
0
202
15
0
3
2100
126
76
3646
50
211
988
7
0
0
68
20271
1296
2226
13
127
1375
36
2043567
177
2371
0
2043462
536
18
30
1695
8
256
375
74
57
7707
147
0
306
494
54
38
265
1378
469
394
4
381
250
678
0
82
335
131
446
4704
129
232
19635
2055516
44
174
2003415
0
209
35
439
25
361
22617
972
52
9597
6
10
1430
0
1773
167
41
11571
35
389
889
1515
380
1565
18915
864
0
41
2036994
29
1327
54
5
8
815
25
0
954
754
16065
3055
299
2018
671
281
1806
136
636
189
610
2033598
790
0
2140
1774
168
29
411
1155
16863
27
2856
21
4271
1261
0
33
1209
342
3900
408
283
4095
1099
598
151
0
723
0
1603
313
325
660
2024625
977
921
865
1688
152
151
4515
0
177
303
11907
131
37
816
896
8
183
501
405
555
0
8106
768
139
0
860
682
447
243
1097
679
378
2030148
0
743
12747
34
163
209
376
1333
7
2
5334
678
25
0
23
460
51
201
132
27
856
3214
258
336
4016
28
0
1897
1959
60
238
1028
7038
1945
19
13
3
22
1681
0
908
580
497
4059
1363
666
38
186
1172
98
579
14091
0
1851
13524
1529
371
544
243
564
2056
0
344
1054
1441
3612
1154
665
6
13818
190
315
40
124
2015406
129
2185
302
0
1227
300
1004
483
168
144
54
629
3822
71
372
53
0
766
225
2
5
56
68
4369
113
241
15105
50
4686
0
125
171
7
289
2021328
932
265
830
1038
374
174
0
0
1621
57
674470
0
1582749
18
962
409
53
73
69
993
0
9933
440
0
2
12
635
6300
436
981
2606
81
1491
0
54
1440
464
9
120
925
318
6
743
6976
397
546
0
791
170
887
18
196
220
47
2027013
1610
652
1587
242
0
134
2469
198
1
238
23709
44
48
31
249
552
2658
0
3128
12957
1062
420
137
553
299
37
214
754
21
37
0
58
10752
328
16
108
75
258
969
631
2066835
34
2
8400
712
53
2184
564
155
651
112
933
6573
1881
25410
846
0
1029
1560
290
419
470
2013957
389
32
9324
327
18
910
0
73
468
875
1924
13
713
2030611
7
354
162
45
6366
0
2027187
7
18
15
2030568
173
4
1596
59
1
6
347
0
26
1276
2052918
294
354
565
1860
482
599
822
1041
211
0
13629
1
7293
1804
1118
2210
61
8646
27
2045079
79
5544
0
79
1385
1341
750
480
735
612
1959
0
3487
1454
152
0
1120
13
17
98
180
1243
104
13062
1439
939
55
80
0
673
125
880
654
14
2029728
57
906
59
935
13
9
0
19
1525
46
630
47
1917285
40
161
445
1355
1217
414
0
1642
1911
711
594
240
42
670
286
808
502
375
1630
21336
39
1112
82
47
637
720
171
651
142
244
2007499
358
0
1669
18
58
71
17
7
2289
114
2015820
131
2033073
1672
0
3
32
55
1136
2005389
1
5775
2358
88
56
275
2013831
0
491
303
851
1151
1197
1484
3018
305
234
1491
654
567
0
309
3
15603
1222
56
1432
193
112
9
938
2014569
327
0
2023302
352
630
2119
1562
254
254
3366
204
71
122
2038803
0
17346
128
947
3024
1
702
3030
10
978
0
605
1360
0
546
522
4234
50
1050
3531
1384
2009232
1024
4
609
18
0
37
729
3542
908
2248
4977
190
2
152
80
21
560
0
39
114
921
2034873
2044029
164
3
1269
0
2151
1183
1874
0
911
819
2020341
2440
121
412
16
346
358
116
742
4204
17955
931
521
862
118
104
1508
3948
292027
170
291
3675
1672
0
78
825
9
1062
245
28
5166
726
20439
348
8631
28938
0
1508
991
1013
552
1644
833
24255
2905
1229
1490
1673
184
0
201
729
31
0
23016
9
80
0
46
67
2003
661
0
1331
21
22638
721
31
1172
104
910
1639
1044
85
516
0
6
546
85
1033
53
826
2594
1808
647
115
1332
357
0
356
0
1165110
391
298917
1
849
1320613
1497
2034984
659
170
0
172
42
488
919
307
1218
0
5881
797
854
650
71
0
130
1523
0
51
771
2039850
635
22
179
467
106
927
0
97
355
278
2050014
28
37
31
29
2015
1001
34
85
0
56
372
628
248
765
3
1191
911
2016624
44
530
673
2047236
740
220
102
726
12705
162
1521
610
11
688
11082
1961
0
3241
56
1084
1556
657
1228
323
1020
2035566
1645
11
19078
0
1077
20002
723
851
273
926
2067801
1073
887
88
110
3
0
1168
194
1073
425
3570
564
667
165
2250
303
382
19
0
348
1033
34776
514
1743
2543
377
1434
2037120
7
635
1454
0
7120
158
2004
1583
280
60
1132
408
1124
2055726
178
16758
0
38
2489
1068
3
479
38
632
656
652
10500
0
1512
0
4
307
553
2019243
253
1288
190
399
341
1219
1188
372
0
12
1531
119
1319
964
2034684
82
154
1392
2008491
1202
18
0
391
32
1230
42
2171
7
2030148
2328
1706
35
231
14
0
121
2036385
62
2023035
132
307
0
20
121
2353
2015385
43
15729
15
28
355
2062404
291
1637
19
2061522
23
122
2010345
42
0
240
587
1649
54
606
321
2030757
403
9451
478
5
664
0
769
1323
150
1518
742
1435
2030589
1103
441
14
289
82
0
448
2
946
168
2029203
1485
2010124
438
88
408
6
66
0
747
300
126
97
79
682
796
99
814
416
19
247
0
23604
255
894
27
7
5
3948
507
933
2034708
304
23058
0
4
172
224
3260
594
2052828
417
832
64
255759
27132
18627
0
2052912
119
974
94
6
148
478
16989
222
1020
604
245
0
527
507
985
604
74
2006187
138
53
312
67
6159
47
0
1115
7722
1097
314425
64
1163
704
111
834
2026746
412
327
0
2015868
16401
4076
1107
21
645
890
1070
1223
675
2033487
4
3318
389
121
102
36
566
2041845
88
1000
2050
575
2036490
858
0
375
465
3792
5
742
829
264
361
2026851
860
109
1
0
522
17
913
860
88
38
6384
458
644
2025696
165
308
0
431
51
855645
12
2042709
317
6
43
1540
836
1847
754
0
1345
1404
7518
200
799
73
57
0
790
416
2205
660
0
2046219
1
178
2034621
1969173
112
668
618
3
414
414
2038065
0
18607
651
266
66
5
755
0
44
0
10968
25
243
0
55
43
311
1329
12
544
231
4893
36676
311
501
189
0
254
12306
363
17
497
2021601
185
995
1506
756
1296
19
0
78
103
2741
12264
202
3165
1805
3339
638
6
111
997
0
1358
0
1667
4
16
119
23
181
192
931
371
704
8763
341
647
2016582
1323
189
1178
1946
614
423
26
66
58
0
5
87
1011
163
736
389
2667
358
0
1945
742
1741
0
426
4578
1243
62
97
29
3370
728
459
436
2018088
1145
0
41
80
3
125
2043966
148
47
744
179
581
18144
914
0
1501
461
22170
1
34
1115
22
41
256
3
28
25
0
23367
2054
1716
942
822
59
1487
686
2038989
2887
3236
13924
0
8
583
10
46
15
1
1101
39
1
2048061
1727
123
0
39
649
17010
87
842
129
132
2065428
732
415
296
327
0
2
876
20
562
28
20733
554
430
170
2142
1398
572
0
953
8
13
477375
1626
30
59
128
4
814
944
235
0
162
294
154
1941
780
437
14412
29
103
1236
574
124
7686
1535
2436
26
218
866
777
2014761
390
652
39
13131
499
0
193
1404
1059
1235
745
0
5
1477
2044900
15
1313
159
0
360
257
1
681
236
237
7371
500
562
13
2112
2030358
0
48
873
10
547
8211
1
1746
352
336
1197
227
1122
0
85
1234
18165
6
435
1113
179
230
461
850
1037
262
0
8463
295
0
384
3638
24
2010745
168
15
114
62
2032206
0
580
1396
644
57
21
994
124
30603
50
26733
304
13482
0
56
711
1137
7266
423
2032284
2031094
2043315
0
676
420
578
0
1081
61
13
48
1069
2043189
42
1897
1372
13758
67
396
0
782
1016
681
14001
526
542
2374
104
1299
5827
926
35
0
762
19551
150
985
104083
11
59
120
14
132
473
424
21798
410
17
17325
5
981
39
13756
3754
1880
4934
8424
0
0
902
1087
364
2057010
35
19
118
156
14322
244
339
4189
0
82
1098
483
0
693
144
4137
638
1825
789
0
77
0
12
1470
265
275
7161
957
46
1
363
940
13
1064
0
2050098
298
9808
1243
40
37
67
29
17
157
0
1328
0
5208
2584
34
1144
4
1064
105
542
133
384
2757
2044029
0
1336
2267
3657
54
68
741
32
504
424
2039839
768
1123
0
714
1135
0
422
459
39
708
17221
5551
598
1022
48
0
308
957
656
4
1456
2019507
35
1196
390
1836
488
182
0
106
804
411
2029812
65
740
15
722
1860903
2
1
10
0
661
9261
1173
1873
0
53
611
415
80
1988
171
76
4536
2577
301
860
2766
14
1112
472
2031234
2019123
922965
8431
49
0
111
1334
1011
1194
325
0
756
160
2037613
542
1522
75
0
118
1
13965
0
0
1289
24366
0
181
7056
4
593
0
33
266
595
4
18396
40
2042
1117
1304
213
131
1495
0
672
1178
6846
15
15
158
101
4
2044740
244
5
2865
0
2044008
0
40
1453
430
811
2040585
6
419
1528626
349
22848
0
749
388
1187
2035
1783
121
1
2092
984
2008224
1336
549
0
1503
36
32
191
1563
15
36
6195
1
4
15
181
0
1201
600
922
766
20
2079
2
802
2026179
63
7371
806
0
631
1636
822
12306
2009043
33
62
70
993
973
119
53
0
153
3531
644
401
903
635
66
0
20
828
1503
4
2136
459
49
7476
770
146
91
9
30
8
592
13885
8
0
39
1174
3318
1262
1787
0
809
375
2050581
8064
853
485
0
291
31
271
5355
21
230
99
347
1090
971
830
665
0
897
263
981
50
18942
71
387
777
2037435
106
1028
46
0
157
199
5607
41
1295
151
1118
2219
568
13566
69
2301
0
16569
401
340
1155
443
84
1
764
74
631
759
11025
0
132
2807
4
1793
49
287
8
609
1283
8967
57
173
0
937
194
1050
1968
1142
0
1649
20622
164
424
500
457
0
241
1008
6450
91
1333
2021307
48
472
41
2369
1261
1566
0
630
650
601
2045520
113
407
2041426
0
10746
394
2006355
752
0
211
2027649
426
1263
64
1491
154
880
26
37
684
427
5712
164
1
1490
1023
1484
1420
545
22
567
699
11256
25
0
479388
1369
442
734
571
296
521
9
33306
1011
1181
825
0
855
428
285
307
0
224
2041404
2032941
2013
317
309
43
0
88
296
4
1386
29253
1025
229
617
2
70
414
555
0
12
2373
1211961
12
179
936
54
994
1075
490
628
947
0
11340
64
1702
1133
5
14
90
440
1528323
496
0
42
0
1532
14070
1
786
1083
1078
539
460
2845
2037000
1483
1454
0
181
567
404
60
887
682
12
4830
1
245
1794
676
0
4
7854
308
388921
37
2047959
51
1465
1
25
1296
321
0
441
3006
182
6909
233
1237
540
307
194
7
3
46
0
4087
2039241
687
457
803
123
2451
2013747
1384
92
335
3441
29274
1155
368
309
405
153
149
75
38
326
161
2032038
787
0
0
510
130
25
115
1007
57
93
798
14
205
136
0
264
2035524
2065365
280
1089
1869
6
8
67
816
713
593
0
1254
0
28
234
13377
33
2
36
284
994
1827
55
0
2477
0
1806
886
26
1520
422
801
1421
1
488
75
0
2055453
46
248
3943
228
69
383
1224
377
1346
1138
2025822
0
1301
822
849
144
4
0
16
5565
747
2026410
1720
2014119
0
326
168
8
21
17
62
26229
6825
859
1740
61
647
0
66
232
52
71
268
8935
48
1476
3
143
410
2052
0
444
25
461
2031669
12
4004
352
12006
357
8
225
2054985
0
1030
2037981
2366
126
978
451
47
23
2027502
552
1281
45
14154
7
5754
524
4
739
14
133
1087
699
28
1281
55
0
2
11
103
587
21
382
320
469
2013327
1182
121
12
0
1890
325
306
61
28
193
379
2639
1225
2006239
82
586
0
0
647
25
1379
904
6646
9
3
350
1032
16
2014209
0
317
1941
2058228
648
751
2
600
27
5092
199
31
529
0
5076
466
35
1094
2044471
23
204
673
55
425
172
6279
0
1121
2005200
193
218
229
280
16
851
32
9030
458
1006
0
780
7
3266
2346
147
204
714
2028174
925
508
3517
1
0
440
583
753
30
209
16149
1351
738
322
1594
7098
72
0
186
179
19215
23037
25
78
452
1559
2
1978
62
13
0
31
13104
1047
522
15
162
1369
4481
815
22
564
2
3613
204
2231
353
1287
17
84
587
685
1290
123
3513
31
0
176
352
176
137
7371
53
448
0
18522
727
2
100
0
549
130
46
96
548
416
2029707
2
442
36
180
3696
0
84
532
1260
20
1827
29
1842
170
60
11067
29430
523
0
812
142
3942
777
1940
2
930
785
608
768
28
170
0
2030415
1346
334
0
1762
289
26
19
1747
323
104
2038842
0
709
196
295
55
15
379
836
87
55
2241
27
2021391
0
891
1546
2021370
560
418
852
723
2056776
364
1571
1186
856
0
1834
112
425
1400
337
13818
344
29
494
316
99
24
0
180
402
448
18249
84
2347
1
523
57
1501
2007805
3475
0
726246
17514
47
178
9
517
12
237
530
687
625
777
2061249
2055034
58
589
2255
10
120
121
667
231
343
2541
46
0
1233
579
255
217
2030421
374
1082
18
504
511
16
850
0
47
185
39
649
240
300
2037459
775
38
158
767
29
0
1407
71
719
824
24933
12
522
146
2241
531
61
298
0
17
2773
2049006
912
393
19845
333
457
288
22
621
2120
0
475
507
522
682
4851
1561
1
152
1
261
0
2050854
0
15
892
314
2152
336
735
779
181
921
7623
2054298
0
0
269
879
22
925
1457
305
2039241
2028447
16
62
418
78
0
772
763
593
3467
1039
4431
2041593
304
339
13
627
228
0
686
1438
1735
10837
21997
57
51
697
672
1120
665
5
0
1216
2019228
48
1570
271
36
321
636
546
503
161
652
8295
1910
852
1090
848
0
1323
6
115
101
43
20401
823
0
174
5
540
232
136
351
61
186
1113
1139
45
922
0
251
746
1288
5
2033556
1726
2045394
14
99
1093
291
1639
0
596
631
2053563
34
17640
1043
33
775
2039199
64
599
2814
0
22
682
2044596
1
12
42
81
279
26
1210
82
116
0
15099
163
156
58
1312
195
27
192
33475
1226
13
7080
0
758
11
51
834
287
479
98
15078
165
6867
2107
522
0
414
2666
1403
57
2524
263
59
4578
2
15
4125
147
0
10
1800
160
641
1861
5964
489
9
995
414
5119
475
0
13
14
1249
2025489
384
1712
25
67
267
810
672
442
0
33
5922
735
3090
4910
199
1599
8
2301
290
3
28
2040837
59
18
489
63
629
682
162
40
38
1276
2067864
566
0
1670
96
2041398
2022399
921
2189
1
1329
1189
529
263
2646
0
35
553
57
674
1031
16
5061
26
1582
411
1012
239
0
75
186
172
171
2038611
1685
34
3509
364
294
171
97
0
40
1089
8613
1121
286
394
1883
834
491
451
52
204
0
2829
390
210
1648
140
11
112
447
2916
330
686106
5229
0
1398
0
365
650
13
1266
1251
27
18417
2033319
1
131
0
25
0
2033845
754
55
335
267
12768
631
45
178
135
0
1302
2817
54
1387
266
7917
3548
1968
271
29
225
1406
0
443
3293
8
13965
332
256
205
878
610
284
2028636
40
0
956
2205
7917
667
2031051
2030358
49
452
1282
947
3908
1702
21
222
1611
465
2155
101
14
23523
3
118
127
16044
187
0
216
962
598
136
20
1561
241
651
13146
2
1744
7
0
675
827
925
291
12
1114
2020005
178
63
4683
760
161
0
218
73
14133
11
2058183
39
40
546
10
309
384
23
0
13
2017989
1401
223
21
423
1318
1255
1259
8
1
4
0
10293
498
759
2036007
806
263
1125
3081
383
410
1768
7786
0
693
2802
36
656
184
0
2112
1587
94
2037436
1113
30
0
991
11697
861
5
1932
11256
396
2038107
1
27
50
63
0
299
1051
769
152
382
400
42
792
491
3
4802
813
0
2007405
8
2264
2022
2033235
545
679
267
399
977
293
437
0
3150
273
2038296
1859
2636
10
3
16
1360
277
22
1
20013
625
13
12
49
6
50
13
1268
218
593
2020656
3
0
597
444
226
0
513
2027082
130
19
2007553
310
277
30
0
11
1229
223
2025927
3
1372
2048985
273
132
867
1089
12
0
297
872
39
1564
9519
892
2033068
35
1707
924
0
276
0
1116
668
24552
1909
506
621
384
145
372
1894
23
23
0
2059779
628
425
1197
1568
636
41
678
38
2030400
16
5487
0
29
12
28
116
2056146
2
1394
208
895
2051190
169
597
0
31
200
39
916
94
139
9
2007574
229
23
980
87
0
68
39
2299
897
139
2031240
202
23
1166
1294
693
422
0
282
470
908
9849
45
512
1770
70
57
42
996
427
0
621
17892
128
0
1198
1073
290
13
11
23
38
15
29380
324
60
80
16
1
12895
837
924
857
36
2014398
1344
0
1535
148
624
571
1474
155
414
1259
2040735
31
466
1403
0
300
13797
1391
23
3
431
2709
217
846
2047074
623
26
0
1
841
19383
14
1470
1200
337
25
23
887
383
504
0
1110
369
2055117
157
48
920
9
495
1024
75
21
13
0
987
492
1613
74
761
2016562
315
39
455
952
532
1361094
0
1971
1
177
3
450
143
73
2008434
760
4446
31
704
0
1575
1
646
49
2052849
147
2026
3927
454
41
1583
378
0
44
827
34
902
2061
3930
2035761
272
769
565
662
326
0
468
101
947
17457
10
173
533
19
180
1197
2030652
1392
0
1621
8190
340
1271
862
39
1
4329
8
329
2343
4
11679
284
516
104
382
1612
287
617
393
69
927633
2027176
54
0
17
9
775
439
1
6
10
49
2012229
797
12264
258
0
25
140
12925
20
36
74
3423
1783
1376
55
1545
178
0
363
905
67
421
2069790
29751
934
3682
365
309
534
6
0
1640
1479
10164
31
29
100
1538
2056041
14
395
70
173
0
2017506
39
177
2306
650
1585
0
65
3
528
2233
6576
0
47
187
568
856
9597
191
1028
1371
175
3297
828
1411
0
4045
784
26
954
1241
74
1001
42
634
37
36162
785
0
1817
169
538
364
903
2038758
14
65
382
69
87
1219
0
885
582
974
2055012
360
86
1098
70
65
0
41
1003
0
7
2898
850
651
83
1265
505
51
11
2087
93
365
2205
70
910
2033550
19803
19
4470
25
614
401
486
11214
146
0
2028639
201
550
1213
438
394
836
19
2047473
644
17
271
0
917
3622
42
320
127
543
1086441
1361
472
1581
762
1113
0
0
288
132
1172
2068389
1160
416
2006760
113
932
1342
509
0
4
930
2059233
748
2035398
52
10
948
0
1677
1778
1476
0
2012109
311
2049657
1971
399
1254
2181
1527
1077
760
114
2016940
0
1626
2
382
50
22
9
1275
1
476
21672
1
100
0
9
1403
0
29856
645
706
1027
2027145
768
150
221
4032
0
1496
3070
736
307
18
4021
189
3
874345
2033808
19
110
0
212
339
8
11277
120
120
778
147
16
360
2022591
172
0
2011059
4347
1320
2032102
1328
31
840
34
3605
72
163
1220
11571
51
1481
799
12
404
1408
2157
614
45
13
1071
2088
0
69
63
10
25
212
245
449
892
37191
175
67
254
0
326
2056062
208
494
517
1827
312774
11
12579
1663
69
231
0
434419
4387
1027
13
2859
609
78
1126
5418
888
105
394
0
617
2577
1911
241
2669
2067480
483
13
802
187
12
380
0
1197
1159
11
0
124
50
610
23
32
35
7
168
0
1279
519
15
922
2282
249
0
52
75
2016141
766
1627
0
285
470
1462
291
539
58
9
6216
971
68
1215
1498
0
159
346
582
87
804
2048103
339
1141
775
11487
12
6
0
49
1070
21903
2033439
1610
1554
34
263
771
124
2087
170
0
374
26901
574
2025072
2
385
506
107
899
235
34
219
14469
14
108
53
23
945
39
605
436
72
257
2041398
1230
0
2125
490
700
12
40
1491
1170
212
2044354
1518
2026536
4746
0
1630
908
591
98
854
338
2060556
77
39
143
946
811
0
1580
1082
83
467
26064
2711
44
15
29
462
588
569
0
678
0
1218
1958
0
1176
3772
938
502
322
84
90
0
2009400
268
306
1178
1890
1657
38
862
0
54
1072
9870
0
33
884
1479
1505
27
1230
364
431
782
4494
466
2
0
702
351
1312
150
380
1999
31
4389
27240
975
106
3349
0
1748
844
161
14
253
2036112
395
1031
8547
115
564
88
0
18
15
258
2467
61
147
8
49
212
204
1467
85
0
395
8763
7
11
385
23
1244
345
7
0
316
736
3486
155
16
8
10
78
45
7
596
129
1695
2052429
3
0
366
96
10
79
88
710
620718
12138
2027901
7
1350
28
0
3223
728
122
429
263
2002092
2024646
1635
199
4
316
1321
0
762
395
8
1237
13926
25
98
31
770
1034
441
1453
0
421
31
6861
0
198
33
301
2035056
12
799
4
4
0
28287
503
304
0
10
71
76
34
67
250
99
1827
0
84
365
584
12267
280
1374
262
195
2033403
840
3
321
0
1158
2027
29
227
2325
2029434
19
2014695
1368
16
690
2807
0
914
736
857
378
1
777
104
1456
359
472
1
943
0
305
1765
30
2051494
73
53
51
895
12
734
3
958
0
1
2048166
43
25026
2522
3
140
161
1
0
15
684
2026578
444
1512
163
1033
226
72
2024373
125
111
169
4830
109
0
9891
438
14
391
839
2031870
648
679
2015860
358
479
141
0
15
2007636
1440
894
1263
1672
1888860
41
330
74
2026452
121
0
1586
101
0
319
2961
26
851
550
850
449
352
3
0
12
358
6595
759
962
840
2039451
839
88
84
2730
503
0
2063469
11490
560
2008629
1163
53
843
19
0
1200
46
2034432
0
153
10
113
29
4363
182
42
1988
1594
2050518
150
378
0
2116
1347
978
1205
48
23
2964
12855
46
1397
953
107
0
75
164
202
1139
2031765
2022738
486
13
280
285
1127
12264
0
17
334
114
2024772
1093
2013312
1798860
105
707
5
52
1708
0
49
10321
998
23
1
2
291
912
439
1163
13104
1
2053206
1074
0
770
8742
2
7
747
672
2023935
586
4900
176
0
74
327
521
1603
72
44
1105
42
2043273
1417
1735
3
0
956
688
750
280
55
2033781
10437
246
1133
854
269
204
0
375
452
1542
2359
2053290
592
3
4118
49437
54
610
4
0
439
57
64
193
20
10284
1000
19
382
402
15
19
0
2033889
123
68
1328
116
75
389
2051631
819
17
2023690
6684
0
939
153
156
1001
1774
517
43
228
113
25581
411
47
0
0
156
509
661
600
0
94
8148
153
40
185
737
0
1583
12
1291
21
45984
20478
25
1399
9
12
1058
152
0
246
154
18
2025129
350
194
1796
2584
93
1196
0
2006986
0
1507
19173
488
255
1970
321
2036748
831
78
3769
879
1423
3606
622
835
10
973
1
1
515
2065953
140
7
9534
120
0
2678
41
401
44
524
3
915
16815
2032626
1395
3268
0
0
293
350
554
324
395
56
7444
42
923
1768
436
468
0
508
641
1135
2807
2034978
1117
17382
6
262
15996
791
399
0
3637
1697
2007031
19
431
546
2079
151
375
979
8
11
0
84
893
195
18
37
50
0
300
640
781
129
2014965
0
923
2031702
118
472
63
84
1437
288
1537
17094
2465
253
0
783
324
1050
1354
820
66
994
5368
468
3
2393
158
0
1796
273
38
670
304
2042202
1089
452
1456
1
427
128
0
838
1191
261
2034663
17
575
222
0
53
16275
865
259
0
691
2041930
2
1274
40
2041263
125
10
18900
312
2049363
779
2020320
43
372
779
1235
2047389
480
21
2006
113
2021685
2031303
0
0
1380
651
171
290
1595
39
2394
729
2053185
11
196
150
0
508
374
12733
3105
369
158
5061
107
1193
2039
103
853
0
1650
2
276
233
2058414
763
2866
1
28
528
1110
366
0
1
221
19230
1123
75
718
29532
64
63
1138
32
1726
0
2038611
5
10825
15
240
1296
1200
24339
365
2031660
296
19320
0
490
307
1122
971
93
502
23
726
90
2051127
1021
53
0
273
34
1854
35
484
129
0
85
2039619
1626
350
0
0
7
596
56
84
700
5187
274
310
238
513
518
17220
0
940
1811
41
3089
160
9
284
25
8
7
2016
69
0
836
546
825
222
2750
1242
617
92
1479
146
547
422
9933
705
1
2701
477
1030
1065
378
1884
1078
751
42
42
0
1046
277
2043829
363
1026
77
544
289
11509
1637
104
985
0
1942
2647
4
1044
594
32
9330
1374
1433
776
116
247
0
1007
219
380
154
2036700
662
772
475
1137
2003961
4158
23
0
636
16
22008
1775
1629
627
429
392
61
416
644
1138
0
2021301
535
80
64
90
237
271
3
1927
12
279
504
0
141
420
388
1
266
1337
2029875
1053
101
14595
859
482
0
1250
171
606
6258
2009883
1451
1365
651
1145
566
30
17
0
98
1
610
60
569
8191
829
1187
182
54
421
533
0
2022825
8
104
7959
491
55
541
272
538
59
1
834
0
512
37009
7986
626
457
2024736
6
18272
17
2006607
726
27
2046193
1162
290
3
424
373
224
954
2047032
29
272
11607
28
0
162
2012823
28
1753
21
461
27
1283
33369
336
1505
580
0
459
0
1925
598
383
881
2032857
1156
306
36
44
420
0
183
1779
0
1
2751
1
6
116
179
642
1030
88
0
1286
629
2757
83
492
326
18
673
0
46
1344
254
0
2046622
12915
342
2147
0
0
91
216
1543
4
19221
2562
0
101
83
2007615
1098
581
944
489
615
625
6426
258
70
0
1137
212
89
515
68
11
5
777
46
14
1131
620
0
347
51
77
293
211
4977
4284
223
55
53
25
500
0
539
26
55
10878
45
737
74
339
5
63
37
35
0
30
2023197
457
874
74
645
102
463
47
1224
102
675
5167
181
617
1511
2248
7
249
1410
962
575
1294
8316
3213
0
1934
1267
435
280
532
307
854
18
19761
47
2009358
211
0
127
93
465
2021205
1843
700
1512
1704
233
2295
8
876
0
641
519
1250
882
4308
1793
180
467
174
2023323
557
307
0
978
1518
2362
2499
635
596
13
24
979
1627
440
5062
0
2016267
30
136
102
2
1275
28
7
43
45
1
2047551
0
660
433
11
1482
1703514
92
867
1806
1785
2043882
364
605
0
2018493
85
100
17
5
499
263
2039083
628
277
45
2071014
0
336
917
55
224
57
2034180
222
2271
1774
468
1065
1334
0
93
154
460
7287
864
251
34
943
681
800
123
346
0
85
13807
1
195
601
844
1296
191
858
652
868
103
16548
1030
68
228
85
290
705
63
363
98
23
5235
1169
0
63
282
2028951
533
95
121
1442
2005
1632
1032
98
217
0
229
300
174
639
2735
305
4593
3
1420
762
396
514
0
6
1352
2736
2037876
8967
498
327
68
159
14
442
152
0
51
1778
4746
252
184
315
1077
540
518
36
178
79
0
2016393
543
1078
670
1044
146
809
2
290
1134
14217
26943
0
810
86
4
32
156
1634
1673
118
9474
1156
240
1394
0
388
10
28
88
560
510
1398
2752
34
1453
433
486
0
49
80
0
32
138
2009673
509
216
220
936
698
186
0
2014041
13
909
2026410
1006
609
226
188
1826
1257
9009
4
0
671
1586
284
3599
1
251
4199
217
69
235
111
2045583
21651
34
105606
0
62
98
617
120
529
149
2047378
4347
330
0
15981
402
1001
396
1356
29
23
1220
20628
408
3160
1328
0
246
338
13
1522
846
1516
26166
1102
22
439
2012151
1992
0
224
707
203
32613
2034369
422
209
957
408
105
0
393
0
28
10258
2051070
66
4
80
27237
1071
15792
58
667
1
0
2049489
4048
2024709
316
1722
1169
0
77
702
122
5
2019606
0
17
18312
590
230
174
608
667
2048
949
26670
2
1704
0
183
129
1405
1
1690
788
2049153
1554
904
971
0
3594
0
2035692
426
324
25
36
2011914
184
239
229
2108
394
2760
0
3
1044
9
2026242
221
119
35
1441
2321
1087
1575
193
0
1150
9240
338
702
136
309
630
197
1083
242
538
704
2026053
12
387
14
821
138
176
495
758
1
1588
2478
76
0
627
1194
275
26
133
491
3
8
3822
38
1432
34
0
550
350
390
322
1585
2028993
7791
857
184
979
22
69
0
100
441
140
439
2415
453
1966
261
274
5
2285
17
0
607
294
19047
1905
2
4263
1086
1250
0
423
914
2054
0
24003
224
3059
286
286
213
1289
1
1749
2004339
5
17829
0
825
2
67
1794
388
36
758
548
1151
1086
18
62
0
355
30
2013033
1812
1431
418
6
2030652
606
75
2015920
726
0
127
969
666273
547
2046895
8673
23
1313
1
616
27
1101
0
2
233
2
12012
3880
30
279
462
8001
1689
1037
630
0
39
486
328
1261
1
1510
2021328
61
47
839
1128
603
720
573
153
1435
1398
105
5439
229
542
1814
0
2058
477
0
2033718
2515
31
33
275
46
79
169
1512
1478
749
1868
0
14322
1226
22
379
860
1262022
9619
244
2614
69
65
35
0
210
41
62
9
16528
973
244
0
767
34
2164
41
0
526
2
63
520
764
5775
82
6096
2167
307
1165
65
0
7024
13
1832
188
1927
7
2783
428
266
433
5
1869
0
6
2012
0
7014
676
17
535
567
758
1328265
549
548
0
139
10
879
252
51
2071
190
26172
393
31
93
205
0
143
1757
0
978
352
26376
7
11
36
222
790
101
0
1056
69
8
2016288
53
17
2015056
413
17
830
0
115
0
246
2031618
713
10857
447
5
506
26
799
149
280
441
10326
1144
159
877
726
523
379
408
3758
151
54
2034852
127
0
2053983
2666
931
2017548
2059191
839
546
880
2046864
2002900
2017222
9
0
541
1392
1394
1785
1025
78
9114
9
473
323
512
583
0
88
1020
11
6
735
12894
1102
0
2
41
4202
50
0
403
435
4977
34
208
658
1377
185
875
1123
10
22
0
25378
1053
861
336
1440
831
0
1276
2099
931
144
24699
0
1083
39
1614
685
326
750
3271
1269
39
753186
419
17
0
508
55
260
782
537
134
680
22008
43
332
542
201
0
57
486
235
45
779
4677
746
186
206
1234
2046402
1021
0
947
19
823
2304
238
960
120
863
860
481
214
303
0
2010663
381
981
928
789043
836
203
116
20
740
10
671
2919
77
4
926
756
84
186
16
217
426
86
21052
2057469
0
169
115
46
1459
383
22900
194
790
2394
262
213
764
0
1171
22
45
2055762
71
168
11182
1857
101
3298
18
347
0
1087
20475
29
328
16138
451
20
94
20
1376
1999
2
0
9618
403
18381
536
458
2026914
1756
61
1574
1923
83
50
0
2007534
2017926
429
12
533
351
201
668
377
1370
1155
4348
0
1
753
640
3592
15606
17
161
1025
1505
23877
380
826
0
31
27
96
126
17
202
2044312
2066040
2
2017803
272
2481
0
15576
333
52
8
2751
7986
502
82
2036715
653
2008035
32
0
1507
154
168
21735
819
16
199
426
4956
35
856
164
0
62
2730
1681
403
8211
2346
332
277
2060808
1
0
39
2030799
153156
1934
396
1757
1040
148
537
198
2024373
850
2341
654
0
15
65
18108
1110
1244
1000
446
1256
2024520
30
279
82
0
280
83
4956
137
1659
840
4452
2457
1356120
950
245
1
0
1873
150
3
17
2049789
571
1100
445
1781
4
265
2026326
0
30
617
8274
2027040
804
16
2945
183
683
651
1771
928
0
2014104
1829
12
1020
95
973
13671
105
60
2
14
2049006
0
438
1052
332
955
69
74
40
1426
4
2051253
538
61
0
6888
3965
1247
127
181
927
5
19713
1702
283
395
22
0
253
1659
493
4560
841
2055942
1674
1554
10
1074
578
1824
0
306
1326
595
2027790
2017275
2184
148
61
73
32
873
20
0
1942
24675
38
1196
1010
317
904
13
1133
1185
1318
1123
8022
39
186
1216
1628
2813
128
1268
9
40
0
2044630
0
0
3108
611
8
23
186
1709
1924
151
3675
2031052
70
198
0
541
9897
0
5862
524
24276
12684
1048
1115
1085
49
62
0
0
17
385
1166
2049426
1215
158
245
1596
323
0
1
0
8130
350
2047672
352
1732
1203
165
201
182
269
158
2481
0
2041404
1845
60
1759
1129
390
47
355
216
600
249
2045646
0
15
1
314
57
1458
784
513
4
2126
10149
998
1221
0
1879
965
2044911
378
120
478
642
4665
464
87
650
19
0
629
42
72
1101
836
1317
124
10605
120
168
251
47
0
1206
525
24
18564
77
604
1552
26
2026053
166
265
2992
0
47
16803
102441
1718
357
866
499
278
241
307
141
630
4987
70
0
1363
29
14185
1344
428
108
1189
555
2039871
13777
0
387
327
256
792
52
2035944
77
2047105
2016637
162
506
1073
0
30
402
75
761
120
1210
26103
849
2015469
0
88
610
0
146
2
450
32
9828
806
8
35
803
536
2674
9
0
369
1279
10993
524
316
833
804
1050
23
307
2350
0
0
2030862
1331
1591
188
222
5496
98
259
1200
333
9
9261
0
378
18
771
60
3798
1
2604
38
2030970
2042412
948
49
0
52
63
706
118
1668
1153
134
2051295
140
2058625
12
873
0
2054161
4249
238
256
3218
2038710
23
271
87
1792
61
7686
0
37
220
708
2031576
635
420
65
3
1002
483
1571
1034
0
105
19596
198
1300
1241
33
19
282
44
1122
3
73
2036763
409
1
5
179
5
28
109
13
565
625
2065386
539
0
204
1917
2093
8001
178
169
1934
21
84
141
572
1985
0
519
441
51
500
244
2011374
463
13797
619
91
790
935
0
685
1772
6
70
2059404
2044890
148
4
864
475
999
168
0
1643
913
3402
4137
986184
781
2383
2028447
2406
309
127
333
0
18669
1180
1758
1067
133
2045
1593
155
2044344
87
1267
13020
0
11
1188
1286
246
2025045
5589
1219
78
1459
598
3090
51
0
6
2466
28854
309
4
51
341
714
643
234
39
97
0
12
15
104
64
628
9813
348
355
1016
312
72
693
0
23814
331188
408
2041110
17
70
325
1006
855
332
803
62
0
60
21270
1760
111
128
319
4227
1
1269
777
2034
1737
13320
58
14
10
724
1422
320
63
146
1142
22
5113
2036
0
1900
2021265
0
29
152
1775
1319
1558
630
1459
368
38
0
42
74
781
8
11
447
11571
178
407
640
113
247
0
0
28
354
360
2007258
3
3977
185
3
815
1298
25
0
2032437
13
7881
673
539
12369
346
65
1656
692
1806
560
0
5545
559
333
12
315
180
186
164
23
35
873
6090
0
2
1294
475
511
584
89
2020630
227
17
2027187
202
949
0
881
2053962
24
1426
12216
232
58
7176
289
1481
35
3
0
4
707
1764
120
33
9051
22
654
12
1337
457
14931
0
1872
24
22
987
1873
7542
1053
801
5454
43
3
1151
0
1902
6678
1416
285
49
2012886
444
75
218
715
575
5
25294
251
54
114
422
861
243
960
0
756
136
23730
6
0
665
17
222288
758
799
0
10
1474
6825
313
220
360
0
14
2052429
366
696
2044512
8
9177
814
2018346
803
1455
232
0
315
2086
107
253
18333
410
1177
799
33
2042013
1378
16548
0
0
2005368
13545
159
5517
102
73
2058897
48
2831
2483
10
0
2589
258
234
16
0
1
1308
40
8
471
218
5586
0
2022189
237
41
2008707
768
2037246
2013915
6
23
229102
5
385
0
1161
14
940
551
1404
76
1109
13041
1188
59
520
27
0
2054476
578
10
19
140
6573
131
489
18612
946
140
51
0
1314
49
10
2042142
257
283
1982
287
608
5
112
298
0
9
3885
920
751
1848
5
851
192
168
297
0
1
2048097
1174
1470
66
589
422
651
14
1041
755
4
2042727
177
0
24
5
94
1322
12
24150
272
220
3990
51
972
912
0
1807
18
26
747
3
825
2023980
18
166
526
602
2560
0
125
148
6804
1
8742
444
891
67
771
5455
927
700
0
2579
1549
11592
360
21
377
134
13
24
298
1357
16
0
2034642
222
613
7791
0
822
964
2
434
722
330
19614
0
1525
343
398
103
40
4
142
1074
153
3013
2226
16
0
476
553
0
250
92
1117
390
17808
84
8
2063
346
0
355
2026683
1288
26
788
2060283
2049174
70
35
160
372
2024667
0
459
489
17
2028972
1421
27
690
236
565
12369
32
1079
0
365
10711
32
509
82
5827
663
7413
0
3
571
59
8112
2311
154
25
1452
7
1533
1149
56
427
23940
2038359
1411
0
211
1293
34
649
1063
1316
564
18
2008434
2150
419
680
0
954
905
83
548
462
510
2048629
267
258
2009274
97
347
0
415
272
1144
314
2009610
1512
8
697
521
1095
252
1255
0
4469
324
16590
1216
87
10842
133
1780
418
269
10
4
0
4242
227
1540
924
604
774
953
134
2633
3
141
15417
0
45
2
1045
3402
302
1912
1351
29
0
2058960
24
48
0
412
3271
0
681
970
910
669
2041887
140
2019
103
101
0
240
67
547
321
218
4242
322
28
336
729
983
34
0
1198
1244
831
2028657
100
2033388
0
520
1
981
1295
36
0
630
2011794
703
320
1070
252
788
6132
1584
381
1600
2009778
2039115
504
3
36
19
198
554
60
1470
1119
33
4830
157
0
689
0
771
313
20
56
246
35
11340
64
1
803
0
904
1397
609
1655
1
695
10795
613
633
590
138
61
0
57
201
3050
48
9796
3
4
361
1492
23
1558
67
0
1702
1003
1806
1082
2
311
1803
1000
40
443
53
29
0
6762
35
1317
681
2
397
155
1088
89
30408
1742
2032395
0
1295
0
475
634
24
431
48
556
25
3213
3973
918
0
268
1747
1091
226
678
841
977
3024
45
259
163
15
0
855
13
22
7
91
3780
5
798
40
6804
40
18627
0
310
573
340
2048901
15
1376
53
1255
2038905
982
370
30
0
185
1239
30
876
73
407
6510
340
76
745
5
975
14847
34
28
3232
1
2720
58
186
316
1049
1140
10732
712
0
39
2034495
38
2276
6
877
60
9556
2038695
2044291
362
3586
0
957
2453
288
11
44
1415
13422
57
16296
83
16
737
0
403
617
15
412
2049909
33
69
1
333
235
657
267
0
9
16
21546
1084
599
2945
1221
338
41
3081
393
1696
0
29274
8
1742
0
35
727
37
409
303
2093
1
2042937
0
38
40
655
2135
666
73
1589
796
396
5859
1254919
2
0
26
254
2576
1396
117
2610
1114
21468
47
940
264
34
0
1387
712
1473
118
139
1911
1359
9
1894
725
359
1
0
52
369
347
3969
39
28
349
991
23
46
398
590
0
362
2028846
687
0
445
1348
16488
506
4
307
678
657
2220
140
0
1308
1323
762
75
912
100
50
1835
2033739
925
0
17
944
684
535
1474
2020593
1097
659
2040354
1101
65
14700
0
276
1743
249
852
7
1352
19509
32
952
227
286
225
0
1104
16
322
2
2016939
296
27
581
410
226
123
16
0
619
2046355
20139
3
25560
543
176
921
1
64
27
59
0
2033959
626
14
13
1041
1015
369
789
753
1867
101
2033797
0
333
183
191
37
11
221
1231
4650
428
2035692
120
20
0
73
23
946
56
503
13
639
6111
11
131
748
6489
0
0
67
309
37
2048754
15540
215
1577
11
691
5718
1821
0
354
388
360
4893
236
380
8
49
201
584
1065
1643
0
421
15855
144
199
75
2059737
16318
116
400
43
796
670
5475
1741
2031702
1648
767
572
90
0
1423
702
14013
7039
120
0
431
12
12
666
32
28
34
1081
5869
0
14
270
0
1288
114
14
161
354
237
2031177
0
70
1043
613
122
0
1150
267
1579
484
2019858
343
230
1059
879
497
1329
3864
0
25
403
2226
1402
1647
3538
126
281
301
326
41
380
0
556
1094
446
660
80
606
368
1894
321
2352
942
1890
0
59
228
849
86
8
363
103
3
1
6940
1859
122
0
25
2024352
325
26
17
40
632
315
45
12
807
612
0
187
3780
870
476
1348
2005704
548
14
0
1386
636
43
0
879
733
66
1809
346
31
2027
576
14
495924
903
428
0
84
30109
38
80
2012193
306
3094
725
25
87
322
297
2016897
1990
1267
346
264
2029413
1207
3298
3
811
8
21610
9681
0
8
80
883
1021
601
46
341
266
32301
1405
6972
14
0
1702
103
1831
118
2577
1165
20223
987
74
1060
32031
3763
0
921
144
98
674
2025465
2053531
658
521
2740
842
72
177
0
1
1788
2063370
16
214
45
1
262
1316
2908
2063544
36
0
5502
1186
825
1954
1337
27
774
270
2184
4059
576
8779
0
75
15519
3146
16
52
461
981
387
1978
2031708
36
1617
0
18
186
51
563
35
39
842
2009632
1016
73
163
246
0
453
118
4226
8148
4
7707
45
1012
48
1340
103
379
0
52
54
683
12138
289
843
4391
42
947
953
91
1241
0
159
17787
2020005
1722
711
6174
102
96
2011062
271
1164
31
2049783
12
114
396
442
219
2002638
13
0
248
41
2039430
1038
0
633
481
1043
1710
1260
134
1606
11980
2173
1004
1245
76
0
67
1874118
14
568
1631
3491
14679
143
69
2184
498
2887
0
1371
36
2022
1702
13408
499
2
545
553
238
255
1322
0
0
232
2289
599
759
430
882
928
1061
16
63
345
0
20790
1355
12159
277
1829
9283
56
504
2032122
250
911
7015
0
2055183
2027907
897
807
2
483
24
6153
335
25143
777
70
0
6
358
205
2020242
127
2033724
139
2044501
1920
90
466
1621
0
1624
25
508
2054172
1114
2038302
896
1457
81
762
2025528
1156
0
1988
27
505
2041509
502
20
2013195
13377
4224
734
314
500
0
1937
17724
1612
6
663
50
14
2009799
309
483
1926
2577
11994
15372
948
350
161
2800
224
485
1004
257
21
13188
576
0
20
84
1330
1088
114
604
122
16
2034915
519
12
2035377
0
1147
1218
36
58
497
1
17529
1408
49
841
1134
450
0
0
160
431
348
34912
844
690
228
2015805
698
1443
15
0
100
67
2040228
2121
887
1724
0
1694
85
992
2045289
1696
0
2565
1151
0
20
269
1076
56
1345
19
26061
994
2046202
0
532
99
707
79
953
695
5
1801
1273
9891
51
1229
0
18
802
952
684
418
156
113
6825
61
1
309
9
0
1228
0
68
99
19
19005
11
328
591
132
156
26
0
563
763
949
519
118
2
285
299
18
486
575
7
0
234
7729
1288
7
9
1001
38
1348
767
384
5
9
6258
550
270
157
26
548
69
15
952
34
651
2039625
362
0
702
319
0
1
64
2749
719
1158
4200
617
229
25
0
1063
385
70
39
144
153
2013349
185
1
47
2040810
1072
0
1146
399
5
426
2018850
6
19
1874
1543
9912
156
1988
0
41
2
2604
612
532
264
13419
308
358
834
1731
490
0
1890
1812
33
213
355
77
1203
631
214
567
5
2046741
0
443
72
44
573
1343
122
1032
37
336
2048454
1831
312
0
2393
582
294
20
790
87
276
3906
4
631
1005
108
0
1480
46
11847
468
1042
2052912
927
262
27
56
2248
363
0
332
252
9
2919
623
952
400
260
36
669
565
214
0
184
2892
2530
867
166
789
546
3832
1214
3485
13
32
9975
37
588
521
343
377
253
1115
45
25
518
2013306
21567
0
0
491
640
33
26
261
1221
1598
2029245
45
10
314
0
436
1128855
71
861
1258
385
42
589
294
619
290
995
0
770
2262
914
2015532
2032101
11
100
51
700
60
248
103
0
404680
194
456
2023932
19
1386
1118
1
1395
49
128
588
0
2009001
172
0
22
322
306
28
2008665
8
401
193
2045064
0
54
81
445
1111
1710
606
38
887
2562
2049546
1022
282
0
1132
1133
751
533
907
15
715
9360
2015238
1157
788
124
0
565
52
160
191
266
1061182
3207
420
116
28
108
297
0
1360
1244
0
2961
2013348
1318
1027
508
223
42
9
12474
0
2017222
19047
18
29
519
484
694
21
12
167710
2230
484
2045646
5497
8
241
190
22
22
479
413
11
15519
30681
1227
0
104
0
2055726
1
325
691
718
1113
12684
871
997
1300
0
354
100
276396
31
1357
59
192
250
1
1816
51
1188
0
305
666
982
368
2038317
326
104
16
0
269
74
39
0
84
4158
798
1982
1315
1065
535
618
2025339
1240
2032122
1529
0
13084
9513
40
63
2022127
336
2319
105
1368
699
100
8715
0
440
10
3
906
711
27
1862
256
1064
2043147
167
116
0
60
27
307
418
170
152
202
13041
913
206
2
304
0
1005
878
88
1344
1261
2008332
11
0
1109
708
95
1236
0
2
475
359
747631
571
1605
199
1
635
825
230
684
0
799
2016771
3423
20622
117
15
18
27
191
42
107
455
2049552
14
1397
1083
292
463
437
102
106
824
50
33379
1444
0
1380
495
49
3510
730
470
230
703
1630027
5
54
150
0
188
323295
890
263
78
2036574
2016225
249
617
45
399
294
0
399
363
624
351
84
142
421
3
757
781
2029701
127
0
879
1211
5754
476
346
1425
363
433
660
407
1558
695
0
8337
273
0
311
692
334
943
353
4507
612
29
2036974
0
16716
578
597
701
2
641
10
1174
604
35826
433
1234467
0
524
87
3708
5
289
585
124
7392
13
566
81
2021370
0
649
4
1
177
2325
2037960
976
1046
2031765
25
1263
192
0
905
771
73
2009379
1389
7
6
1611
0
203
2033130
2037949
0
2056545
12411
2014881
3276
809
521
0
0
603
1177
2493
717
2310
16
159
698
290
161
953
127
86
4
1280
1707
573
0
1412
28
1
154
653
10
18
821
2006124
11
537
353
0
28
138
1
287
39
641
3759
105
85
58
704
1285
0
17
704
373
678
4299
22
2044953
1601
1203
75
698
468
0
2139
618
2032374
77
1244
1569
1110
2524
19
367
1063
39
0
2020659
476
599
1639
447
32
1728
2041068
40
278
1460
6699
0
2036721
5214
745
38
120
29
2
980
341
3339
2016204
458
0
1694
18
645
8
2039451
429
7122
3780
170
590
400
740
0
1396
120
26
16674
52
2047152
73
753
313
592
1026
384
0
425
1745
250
26470
251
1089
479
1002
615
5376
1402
2068
0
405
3045
0
2014818
95
31
2
335
133
1208
100
66
20223
2012340
1357
293
117
1491
5988
450
473
93
2016456
2021406
231
0
605
11
213
1450
260
636
549
178
9366
1300
562
66
0
2053335
984
29
96
151
13
2057365
1580
1337
356
71
1248019
0
1401
772
2142
1321
13293
72
1298
35
3175
475
503
266
0
163
211
2055999
915
294
921
131
294
312
43
35
2
0
2007027
2229
589
987
1032
1265
522
6
495
690
395
4138
0
7
609
630
10
80
975
17
112
259
24654
1173
515
0
900
579
378
1488
1168
110
1904
2043798
28356
38
1454
768
0
377
1082
22
495
2030715
9561
27363
226
576
1401
14
20
0
667
26
20
2310
2845
5265
14
648
69
898
1288
563
0
12
11602
998
181
246
21735
1345
1960
33
415
147
4578
4242
442
25
425
11487
3473
965
177
54
466
1191
2034432
3331
0
3276
340
651
252
2
1362
235
16
8316
28
1384
1746
0
452
1782
1043
0
150
1329
2032542
0
16
67
1620
2
0
632
241
15
128
21021
1068
2071
44
200
1914
110
788
0
601
1403
5418
2013
504
233
2725
319
198
428
31
93
0
1176972
475
1493
17808
1048
125
603
361
198
3160
26
2041047
0
10941
712
173
575
257
83
488
2036238
1278
2045919
2031135
864
0
211
4830
254
424
102
3866
713
21336
14742
197
111
514
0
2014110
1
94
0
136
14511
3
35
64
1705
400
538
0
12
686
0
2010093
146
95
1955
472
1188
602
1
366
0
28
9624
44
303
12
122
1712
2738
343
116
43
691
1176
7
0
310
14
74
28
959
680
808
124
7476
1633
0
2030400
61
1446
506
81
34
43
933
14553
81
2048565
385
0
164
243
58
846
30
673
158502
42
150
1349
1
1512
0
494
303
41
436
1851
235
42
1033
3
462
17
1143
0
2710
255
2022105
706
79
129
974
13
57
3
124
2
0
9828
1281
2053059
174
184
0
875
74
31
2233
4064
16842
0
564
762
1
1527
16
1298
1356
852
31
2028744
631
1132
0
750
165
496
84
1351
226
1821
2055348
251
437
122
811
0
553
1336
2527
1758
176
2004679
678
986
1204
851
1164
24
0
95
1611
369
63
1001
18
33
128
27
263
432
437
0
969
25998
297
522
538
1474
635
66
216
3476
630
38
13152
3801
515
236
1473
154
1910
769
1124
729
7
2031255
747
0
0
771
309
55
1285
799
5670
662
10144
12
2
5
0
44
1509
658
807
170
485
2018643
807
18
845
298
0
0
304
26
783
423
2057700
1326
1512
357
315
1050
93
782
0
37
1725
16488
2030184
24
990
2063898
20790
64
1602
2106
276
0
1071
855
695
1222
77
99
728
2662
359
1591
200
13146
0
400
1368
520
699
571
18
343
126
408
1050
6552
8
0
1108
3
2024376
347
1449
150
94
10962
1499
96
649
756
0
357
277
204
339
2016793
12342
12
2778
19
763
2020845
580
0
12
535
2486
8064
747
0
1931
2136
71
161
1424
20
0
903
6279
419
2
116
554
425
7
817
141
545
38
2038752
991
44
411
2023554
1206
2541
641
966
232
182
1134
23625
0
432
50
174
48
13
626
887
32
1387
37
137
8
0
398
869
4
2877
65
470
6174
662
1084
35
951
18312
0
1188
361
47
2033970
2036280
842
848
969
322
47
439
16
0
2027148
918
2042811
1211
1081
90
1075
416
2036280
2604
471
489
0
12264
1817
2016078
351
1624
113
745
668
9
384
907
12687
0
123
94
1596
142
578
1746
398
13
810
24633
2058100
23
0
64
803
22
2022843
1041
875
150
2029203
657
305
1264
63
0
747
629
112
1583
12
2961
341
18
511
8043
1216
807
0
1964
18
463
5061
161
405
666
23
11637
682
662
2101
0
243
8043
29599
113
383
49
1965
329
56
1550
729
129
1218
730
168
352
605
120
685
9628
174
960
281
9628
1396
0
297
147
1136
49
2012131
10
251
48
9928
809
96
14
0
45
35
27
2020068
624
50
2050518
1973
1966
403
1086
150
0
16621
701
23
3238
2011479
56
252
17
6
77
1336
8169
0
4
39
2034006
95
29
889
115
829
77
121
211
16422
0
21126
39
360
317
3
1398
676
2068
1653
40
84
1780
0
739
443
298
42
1
9
559
2048460
44
5665
77
118
0
282
18
3402
1355
933
931
126
30472
324
1378
544
168
0
2061606
85
4
998
111
7077
199
21
445
1125
116
2209
0
4
62
884
2016
2
872
1051
68
479
2036553
72
716
0
220
2646
20
20
1198
1777
226
195
303
1925
59
37
4200
1264
17
668
69
1139
2234
607
2022420
124
171
3570
282
0
745
414
2039073
768
218
125
535
880
2046444
1226
1444
157
0
560
1021
68
465
2043168
153
2011830
156
173
541
14
94
0
58
69
4
2525
2047335
48
11829
3659
744
1738
31
1608
0
836
2144
16905
24
0
564
935
11
3028
14
9
3967
0
6090
5
487
2
1491
232
657
232
102
483
952
3528
0
2002690
2040448
771
255
375
403705
1276
1435
8
2029213
19
1265
0
1220
1134
2045304
353
21
292
117
2018661
2012466
1235
1023
53
0
340
2014567
344
1624
381
7791
470
382
818
1487
75
178
0
852
1644
454
2056776
1495
1337
129
2020510
55
870
252
0
0
2040591
399
34
591
14
501
98
0
896
606
1564447
293
1974
436
178738
72
6
1815
1211
29
375
2604
651
399
190
0
2291
2964
154
400
229
464
782
1185
2027775
1032
0
669
0
19
16170
842
219
31
330
2044900
38
1365
1198
3144
22134
0
1153
262
762
118
210
0
798
78
32
100
15624
517
0
2128
4330
19467
945
12414
1310
163
482
185
192
2039115
215
0
1680
18
101
28
1048
1730
1081
1887
49
136
1417
574497
0
20
1986
214
200
287
40
362
6
64
5040
379
570
0
27
3
157
34
15
119
66
14175
2184
17
1099
59
0
494
103
730
314
1368
8148
7
210
1746
408
11
683
0
206
2126
2614
21777
41
687
1624
494
3801
804
326
920
0
866
2044974
8301
390
1335
29
834
244
15
27720
2025885
1075
8757
62
1191
44
347
28
61
1029
12348
521
1082
18060
1506
0
333
3934
6
319
264
973
0
163
2036931
15
1140
39
0
174
2
66
9
690
231
699
22
642
1023
182
512
0
144
1205
348
16
15939
2
37
100
2017353
286
22200
780
0
552
15
2047347
165
501
55
17
54
178
898
223
1875
0
2055055
1172
3484
32
43
24
550
824
40
469
252
6222
0
261
0
1489
846
2012854
59
1159
1305
0
13839
3
2067129
0
1607
1463559
23331
330
783
270
537
5649
212
1138
630
47
0
2020957
761
987
5
154
1531251
216
1110
14
825
191
1
0
860
2034621
752
2043241
600
2031051
8
682
150
102
183
3
0
374
3717
84
2030631
1589
607
229
678
3230
6
260
1224
14325
906
737
1
1665
31
62
2031282
1606
2
12
2026389
5272
0
2017044
361
462
478069
1838
74
1167
76
2047068
126
1
189
0
322
524
1434
381
1577
333
10710
738
0
2010040
360
3
0
164
227
2
1663
275116
34
881
2743
0
903
1834
1706
0
168
69
3870
340
994
557
741
106
1261
1
202
518
0
18459
0
256
1855
1
436
594
35
992
511
11481
1302
0
2090
0
26
225
46
26
22344
520
1234
2047392
490
129
0
9
6426
280
1253
844
141
131
2050927
364
2041057
2001
253
0
329
404
116
1038
809
15576
27
1758
679
758
844
26
0
273
165
393
2053521
375
174
534
125
44
42
1243
14
0
718
2050245
16
409200
2016519
770
19
5694
617
44631
563
1227
2048979
9
21
18
2
322
184
273
2047588
362
1248
18732
372
0
2024710
163
51
155
486
466
586
555
2015386
369
463
276
0
526
0
607
1755
9
693
1155
15
605
45
8
1155
0
21
23
1334
0
2709
160
6
2015469
690
875
7
1360
0
162
443
2008549
7
1600
551
1262
110
1156
1880
97
244
0
885
961
1
221
111
1186
16002
67
1690
22
1716
24675
0
1194
5649
940
438
622
10
1940
205761
240
4231
674
34
0
5
46
56
725
580
5
1287
2041614
1281
28
1324
33
0
2041431
889
570
8001
141
2019837
570
9
319
477
57
885
0
809
381
1029
2034474
11067
441
2416
472
308
83
151
606
0
360
10395
632
26
416
3150
1392
240
2029056
509
9
2312
1704
2018319
2026915
124
211
942
1310
214
4
1337
1
4473
401
0
2
3787
343
269
2272
1528
2045373
58
2046150
173
1200
1617
0
340
489
2075
1008
514
2843
2967
244
105
18
321
68
0
2
55
873
65
13713
157
15
3249
2020636
372
20
56
0
441
1189
24276
181
1749
1134
357
75
799
1996
564
13209
0
2025297
798
813
2029834
975
38
1295
492
570
257
185
84
0
110
2
906
215
0
128
930
2016624
2007762
966
2089
4
0
84
1329
318
702
656
107
785
2043924
1160
61
105
129
0
1159
110
13
0
814
25935
7665
22
973
228
44
711
0
706
308
91
19683
322
451
54
539
2117
252
4
2043378
0
14605
24444
8
795
684
15
194
283
1012591
69
1560
13797
2062659
5
3754
1419
273
24549
314
111
168
12
372
2065218
668709
0
2036916
7119
227
2016009
47
609
25
148
9912
901
1454
238
0
63
268
2053014
773
543
831
2032884
14
1122
57
649
980
0
312
573
163
101
1023
33453
204
62
37149
1808
1331
1114
0
715
560
16579
67
371
17
414
14
563
11151
107
1304
0
6510
63
1275
1196
0
0
455
22008
1491
338
2954
24633
0
507
473
38
91
266
1511
189
592
5
6705
881
458
0
67
34
355
875
684
1073
694
2038968
627
1312
8
2616
0
573
1622
252
1059
124
13698
496
1852
522822
3268
76
488
0
1843
673
1192
14469
1256
1205
846
10
4
12
69
487
0
283
2032248
1913
658
30072
1105
182
42
614
1114
140
22
2205
950
1472277
203
396
84
193
976914
722
21
75
2025044
490
0
45
61
955
22617
123
931
599
17
9030
1089
439
544
0
520
544
154
202
942
1504
2020404
134
2034357
1739571
381
2529
0
68
70
1823
17
13524
4
1102
1304
56
67
23
185
0
2787
1136
2337
73
450
28014
26
2
491
526
1021
2025069
0
5187
0
407
18
774
41
134
2549
627
125
338
4578
0
895
272
2040642
1115
196
18
858
580
929
3240
871
43
0
358
1012
1156
122
42
4867
83
10059
1143
166
1876
71
0
647
33726
96
317
436
4164
3
2013684
211
819
420
815
0
25473
90
747
9576
931
161
1135
12
1982
7728
67
26
0
96
2042223
1769
0
159
245
738
138
1961
59
2041845
340
4746
894
1594
1
1019
315
7
28
2032524
5944
50
26922
775
0
2
41
44
889
2051190
782
540
35
2040621
120
49
15
0
11
666
1474
1921
23415
0
3655
1450
281
473
1983
942
0
10
9619
385
0
2057085
15
299
7
981
336
355
433
0
2
700
18123
46
652
232
20560
12096
4866
10
8358
916
0
2028510
70
121
731
79
4242
1728
23
21
724
200
27049
0
308
1871
31
6
622
484
225
138
682
4326
1112
1108
0
237
10
1286
1154
463
27
1301
20541
2028492
576
314
596
0
21441
1817
2
2010561
916
6804
877
8
9
1114
801193
42
0
0
360
662
5124
6
1892
406
1290
971
632
345
2008476
0
10
4368
662
620
15834
428
1922
47
135
814
77
359
2046465
54
2250
2406
2219
13
407
3
21
627
3587
6531
414
0
1012
882
16
519
143
201
1523
1249
2005978
972
1559
14
0
1
254
516
132
719
532
6384
11
1521
2043813
162
341
0
210
16299
1356
282
10416
121
81
3
61
2016519
69
570
0
28
75
9429
12180
377
676
217
786
114
14
2545
17535
0
2006859
1683
2032417
18
9
883
166
2217
476
854
1
2023947
0
1813
40
1127
966
1059
584
179
125
417
2006799
25074
7
0
2226
2015406
618
1307
131
15
74
2056597
262
631
688
80
0
967
313
32
9559
652
1176
0
387
115
203
413
342
0
4094
956
899
2006628
635
10
329
22
591
2179
1498
1539
0
755
13020
3
2
879
605
1383
206
764
18543
388
458
15241
2017542
199
49
6
147
4
1109
1201
18
947
3949
856
0
291
126
1196
636
60
71
2892
2
23929
1616
4347
1047
0
44
150
66
24528
303
0
3297
22
702
184
927
2
0
30
511
14
2017260
4494
1779
887
1377
684
209
2069817
521
0
577
6
4225
102
1381
7938
308
6
676
4536
68
535
0
3580
11
1219
1054
1273
298
6
45
565
140
541
5607
0
1525
283
140
1302
124
713
26
347
1800
18171
80
925
0
14
136914
167
2029659
20
294
68
2028447
225
18
130
243
0
2044392
576
2
0
419
2033676
16
138
985
872
499
1517
0
1180
887
39
28077
6
933
578
271
136
2419
390
25
0
135
4935
5523
2635
0
521
195
19
1025
2031996
998
370
2026287
9
1347
498
550
741
59
151
2006985
81
20
108
316
0
339
343
741
703
559
765
1850
94
12726
1362
1120
1346
0
23
207
6279
32
1454
25
212127
1739
6
1367
647
48
0
1718
2036238
11
307
1065
115
306
55
213
117
720
5
0
216
33
1197
773
216
1263
220
63
640
619
247
50
0
2035062
1518
42
122
94
1780
693
701
1
453
1271
210967
0
928
130
260
1570
1199
1113
632
417
74
1038730
229
395
0
23
861
833
1472
1629
1533
14931
9177
2017171
39
2
417
0
3428
543
7
214
92
25357
12
406
2014503
214
2034936
17
0
1585
2066
99
10857
548
27
184
735
1344
928
0
1108
0
154
7035
4
340
832
1781
1784
500
1
20
342
5712
9807
895
1567
1111
28
464
10385
2027334
20
1361
172
5481
2374
0
9
0
1504
316
1440
489
732
57
2042559
230
913
3
0
3003
1260
170
1042
445
66
232
116
1381
1747
41
61
0
9
30
9072
622
2012088
1978
864
151
14367
1095
4
5
0
65
331
2037813
0
166
116
11
177
137
3
1223
96
0
525
0
87
832
173
2049
944
689
1016
661
163
1407
0
356
978
578
125
602
400
703
2964
378
22890
123
748
0
95
3
2020950
16
1984
1433
321
27762
677
12244
82
38
0
2004486
353
7
51
73
120
792
201
563
401
632
13996
0
340
477
633
6132
1069
632
31
5
6
612
256
259
0
34
139945
3254
914
12
424
499
144
475
1096
554
392
11655
11
786
813
17
1545
221
537
237
1890
113
2044113
488
0
1535
1977
6
969
979
25
2048061
300
8547
1807
23
2013621
0
453
23
5
54
0
913
4116
1689
49
69
467
411
0
935112
8
99
1348
1281
3345
1743
689
10
1161
1250
486
0
14248
47
2011731
166
114
31
362
163
1055
527
944
2026515
0
9765
4905
90
24696
20
1273
470
839
59
927
32
2046277
0
1595
25
448
1631
45
247
1
883
1385
13188
51
2002
0
72
3
2081
58
24207
10
1920
2012025
3911
497
118
58
0
1057
878389
5124
57
1897
10563
1131
683
382
154
1340
411
0
1132
648
350
10668
670
23
31
1729
255
379
1877
389
0
1
2044155
33
381
2516
1593
148
894
200
3419
760
32
20916
303
685
161298
1109
4494
1465
171
29
329
25
30786
26
0
17
1067
171
2026242
839
4
23
967
8253
812
0
143
0
18942
49
1256
152
883
1018
2039934
5
452
28
1041
189
0
1238
25
1793
598
5008
516
24
149
2059065
11
113
1419
0
87
1
28707
500
1563
517
264
123
46
1037
1923
144
0
2059989
578
482
501
290
2016960
1
1304
24
1923
138
20013
0
150
1027
383
11
610
483
544
10
306
560406
72
896
0
131
193
15
1958
149
153
145
5901
276
13
193
251
0
1003
169
593
28
55
1197
323
88
696
971
2397
1250
0
14259
18931
1164
16764
520
1965
137
894
906
8841
234
38
0
12
4347
4
2749
2675
159
2510
795
2
946
3165
1362
9870
904
38
276
578
505
1
2298
2041762
1125
76
19383
50
0
13
691
1199
2611
119
7
1462
1164
273
52
2029875
1018
0
212
572
57
97
853
57
242229
69
2661
1219
2047536
69
0
3708
803
572
671
7707
303
91
20
1197
6
101
1332
0
167
315
2058807
4179
379
560
38
0
2051610
1496
527
436
0
7141
134
818
1392
1558
296
3332
94
66
405
665
3549
0
360
56
96
36
5
288
37
1052
68
16653
382
509
0
272
392
701
43
15
362
1409
2023044
997
110
277
31
0
1889
238
64
2051046
3313
33369
303
26
4305
595
55
38
0
1176
154
1275
2022766
45
3071
2037687
3
5901
2719
348
128
0
948
34776
1030
513
278
404
2
780
339
35
1137
1887
2021433
246
713
116
453
1740
1718
102
1202
2037540
1072
5230
1072
0
23121
2
28
578
395
1070
18795
620
16992
395
328
339
0
2050581
1507
3109
69
750
25
24738
6
18
850
324
1321
0
63
39
4898
386
2053290
60
2846
188
1322
19
181
9943
0
12789
389
2047788
0
713
350
22
4
322
3234
831
294
0
3129
2241
743
359
66
119
1371
56
490
274
7
30369
0
461
0
21
31
168
15
566
42
13
2061690
2030914
1425
0
2389
2018850
19971
2231
581
593223
5
2062330
764
278
1071
167
0
15
414
0
429
727
17598
4
2036847
1
489
2054319
288
0
2017905
15
488
16359
10452
284
1075
493
1326
90
1638
1033
0
1065
2046510
43
488
561
9
611
786
950
841
1189
396
2043651
24
1095
231
1107
572
34
1150
405
1021
378
12232
0
0
1363
329
622
303
700
31
171
378
941895
21
825
230
0
426
5
56
16863
683
29379
12873
165
7
572
12
150
0
393
22
225
78
2013390
1
47
189
1452
26
730
159
0
545
752
23982
312
52
14
663
9
50
1753
1494
2021952
0
1470
373
944
0
1844
1
19
164
23
966
248
2065417
0
854
52
36
15
716
315
45
498
22144
73419
40
973
0
943
1312
680
699
275
18
416
7644
549
1172
2048895
891
0
1
728
246
12558
657
5412
583
37
14
68
1049
264
0
713
612
315
8767
136
1467
517
801
133
300
209
2
0
302
5370
950
519
620
13
1185
17304
3082
932
1885
1035
9786
448
246
412
152
1024
603
521
14
485
552
10122
325
0
2039514
1537
402
619
899
110
1260
1
19468
48
25
119
0
597
13933
153
984
170
28
8001
1
8
2
3976
241
0
2029983
78
10405
486
5418
2035693
1216
19
678
1754
1002
7
0
610
2021265
1497
138
2043000
618
342
20
852
702
70
920
0
2772
12852
2010765
121
3
1
36
5
372
16
385
2038863
0
1095
1018
177
713
49122
921
1117
115
187
14148
2351
46
0
160
1015
99
17
457
1055
144
12411
312
26
33
12
0
3162
31
61
13
1008
2478
1701
1258
481
2
22
26
0
3969
36540
23
14815
1032
1598
2037456
904
96
25
79
221
0
1294
1563
317
3150
2751
2013873
0
19
11
357
60
18
3255
99
128
514
269
520
63
37
464
1090
802
3633
967
0
1473
26
638
368
772
22
1254
867
18249
903
1057
490
0
127
237
947
0
2915
697
7035
301
682
0
881
0
0
10332
17
16380
251
4200
144
1051
2904
807
2422
46
3
0
70
1383
24885
1643
16
106
55
35
30
2247
0
2022777
0
2044254
415360
948
625
1110
303
3
256
3
426
1232
2046135
0
1038
1308
2027607
950
946
18
1331
37
42
2020750
2667
0
0
1340
606
2793
834
18
460
641
13335
530
59
6678
149
0
1965
319
1391
885
67
14076
181
580
1160
410
2025664
479
0
603
0
774
14409
811
352
451
50
2023218
1140
45
216
0
466
2057616
2023974
39
2029507
920
3
32
150
2360
902
1396
17851
310
19
586
227
4
302
2014566
318
1118
7902
6195
2438
0
701
42
208
225
764
1927
986
1667
1275624
1
284
2035986
0
13345
1514
3501
456
294
9
21907
9705
417
1636
151
2
0
5
1722
75
122
6636
756
1393
169
648
2122
22218
394
0
1656
708
4068
1053
651
449
80
46
1140
1555
538
453
0
2982
50
468
626
5
141
705
0
61
361
840
6846
0
150
61
996
462
141
2720
990
1598
870
2057689
96
19
0
987
5
172
156
1007
328
1022
2541
1797
0
990
793
0
61
1
238
1
2197
2061522
159
0
60
184
886
58
0
41
357
91
2052618
33
222
1921
333
44
219
346
1416
0
29820
10857
55
201
166
1347
17
23
2033277
7
16
305
12852
334
2283
946
158
4
103
1119
668
258
13971
4600
140
0
126
1226
0
1
28
244
1
31
2027544
684
370
1363
0
47
298
42
346
841
231
8380
18
100
5
38
4
0
1324
104
330
420
5964
43
1277
639
3433
1124
46
1875
0
1964
58
2352
0
14
449
4
760
885
373
27
702
0
2028531
24
1009
166
67
204
13
2
1099
937
64
2036448
0
0
11
609
38
249
953
996
598
17
2037877
853
19
0
1853
2032521
35
398
1280
17
8940
15603
27
0
175
16
0
440
3907
105
2
1059
4746
13
149
822
567
248
1257
0
171
99
703
13866
75
888
295
204
136
2
816
4238
0
1002
9744
446
1112
321
395
1303
10878
597
10521
131
51
2041095
613
78
23
295
28
486
276
104
411
1999
8988
781
0
22
43
26
254
60
1892
109
1957
5622
712
1539
39
0
2036973
51
1790
260
1
385
4320
172
449
309
36
22
0
65
336
67
241
567
1199
90
1106
0
707
66
1381
0
147
26
2029981
1938237
1
952
2078
129
2852
8
41
16254
0
5775
361
50
248
1082
47
72
971
1417
397
2
2814
0
1339
124
487
525
1575
1606
12
126
12
2018724
0
271
0
1590
126
312
245
244
6
659
1712364
2027019
2044345
406
1690
0
3405
30
690
13
200
756
64
1243
1
95
1648
43
0
140
1081
428
4851
1582
353
3161
398
2
1
164
2645
0
482
5838
383
635
508
0
0
162
1131
502
1095
59
32775
2646
998
879
2
1785
31
810
264
11
920
2006481
1
0
1075
117
709
2269
19638
3310
13314
1177
30072
0
12138
968
0
559
216
43
252
3005
15
378
2010261
108
799
0
262
0
135
8
504
35
2034342
2672
1124
559
179
807
23
2101
0
792
287
2379
2907
54
2078
350
117
92
1883
29
895
0
9072
72
672
1326
85
2
52
14
1960
23
7
2020656
0
815
247
2478
219
1732
38
15708
1952
281
2027103
23
480
0
1692
242
697
2038107
908
66
15
2604
33
1104
1649
1290
0
653
1
27
113
470
2026938
250
219
466
45
944
33
0
1
7
654
5176
159
18
155
1074
987
415
1256
2786
0
1179
20055
1635
228
523
714
151
32
921
2056629
2420
54
3843
936
181
44
645
102
1804
0
82
33
13
2037624
3
0
376
989
6
2133
1042
880
431
170
4977
225
1404
2011395
0
512
23
1321
736
887
41
26922
353
449
1755
517
2027565
0
586
71
111
754
1344
982101
267
543
125
67
1822
105
0
1029
801
7371
874
2039136
1966
555
1251
730
231
10
1551
0
22911
186
47
95
466
9807
1336
105
573
11
249
19110
0
75
385
464
1801
119
78
785
771
14
2035881
42
854
0
356
480
1072
106
714
138
2641
216
787
257
32
25
0
10
400
201
323
33
2039310
834
241
319
454
344
3077
0
4029
658
1729
2030788
487
781
1535
1291
2003967
746
587
1269
0
462
252
132
10395
504
2028331
0
2074
516
61
588
294
973143
602
1151
0
29
485
434
1196
142
2038705
70
27657
551
0
1006
13882
53
189
1632
3582
480
480
2019753
394
2387
3
0
5
5
1382
4
105
2032543
2042475
20
136
923
562
291
0
104
1
2096
234
2034264
98
865
0
1021
103
51
18
0
429
113
819
950
524
23
441
972315
762
173
101
124
0
147
3
699
1199
1535
57
619
388
47
5
71
2059549
0
1623
44
2621
486
0
49
334
0
176
14763
307
107
0
166
497
9
829
18
1371
483
1521360
1999
950
16
348
0
176
52
1302
1060
103
6384
2037144
0
18
154
105
27
0
705
1897
649
1134
844
85
79
669
1628
12
59
1
0
128
18522
814
90
52
105
262
137
164
6
885
27
2583
1655
1313
1
6279
124
516
2032563
10
6
27
8295
720
0
301
136503
814
19
1224
11424
813
280
2056587
1906
767
548
0
63
2077
24
10038
705
939
2583
1
83
2825
28
3292
0
121
2
198
320
2035672
11
1625
1075
803
1055
2848
524
0
1302
9828
6762
7812
935
723
827
2142
12
381
6198
1
0
8578
742
2014524
2781
13
88
65
25
20
30
329
777
0
159
46
30
2
0
187
13
2060430
1076
2016477
1042
2787
0
1348
1434
207
2835
36
121
894
13944
1238
299
32
27
0
2415
1334
100
837
1158
1863
23
506
2047
266
1203
771
0
1051
661
45
2025570
1665
1171
38
2
228
2046828
73
795
0
480
16338
1262
3928
6111
834
4
1
1060
674
7
753
2046759
339
660
110
1417
443
586
300
663
202
279
29851
2048670
0
675
308
0
1040
682
4
1
3
7833
1632
1
253
0
960
46
119
81
334
62
573
209
408
26
9
143
0
558
6
907
2030274
3024
2028679
351
1688
2063160
159
491
216
0
23
166
10605
639
22155
144
26
221
979
926
16621
16
0
3696
96
1470
1510
394
741
48
286
19
1193
309
13629
0
197
1277
109
346
2011521
82
25
5
228
3780
2042391
44
0
18249
22
1074
0
500
18
636
2029749
358
115
1371
303
0
604
577
648
210
223
8863
35
448
1128
1029
347724
10
0
1400
570
645
2023218
14
56
86
1
56
880
170
385
0
54
2394
797
111
787
40
755
513
403
1291
27
702
2011695
69
37
369
1799
105
91
0
61
45
829
2038
131
0
1
55
1780
1
959
49
329
73
10794
547
31
98
0
162
57
74
884
41
211
1197
750
22
276
554
234
0
2032713
885
1684
24
1659
786
512
10
38
813
196
47
0
626
497
28224
663
634
1037
605
319
162
26256
33
13
0
2040168
100
18
2415
14
2047305
366
7
445
86
383
13986
0
3610
1
701
934
8
33
817
1347
11361
2331
504
404
0
0
41
1440
882
5
181005
273
2045268
39
46
3676
749
0
85
983
2047
73
34
1302
140
911
1790
56
567
542
0
31
298
394
2030935
836
27
747
405
674
25
282
437
0
1259
1239
36
1225
1402
2
760
1
5
579
3
1
6699
221
15
231
754
85
48
769
334
219
166
1827
66
0
1598
2946
4
3340
264
222
9681
1318
2028384
2
355
20688
0
449
15
16632
21
124
1900
2024520
27
744
1555
35
7
0
641
419
1497
68
630
751
395
41
1336
6
69
1718
0
2
9
2027943
378
57
5397
516
354
2013201
540
1817
3348
0
2029119
37
460
330
120
611
568
992
82
432
2060055
4431
0
941
20853
1166
0
31
421
135
1230
61
2037876
353
232
0
43
447
65
2002191
423
184
2252
12447
310
226
0
340
0
30618
1698
1130
1092
226
5481
1331
127
504
678
170
34
0
49
306
24
3444
49
34
251
17
2023008
572
861
1164
0
9
13902
153
394
557
24
17
991
4
2018955
33
757
2667
590
66
790
10
924
1512
25
8
56
2673
2036437
1011
0
1622
2025192
0
2069596
7
0
372
1243
2017905
1159
697
29
0
294672
27
90
87
673
11
3276
16
373
1482
2263
316
0
1302
13
1409
576
15110
1025
0
54
1484
331
324
146
0
356
2919
11025
490
84
905
226
922
18
3
149
3
0
2463
10
281
1313
1067
400
33
0
1084
62
20055
1134
0
1864
1078
628
142
8295
65
78
30
655
13734
59
365
0
544
1108
335
10416
5
301
491
2030988
363
34
10
410
0
200
14
26
405
885976
14301
360
1077
1920
5
520
25
0
1677
14721
38
22288
1222
271
1146453
1284
8820
306
50
217
0
26
2142
890
958
72
1284
116
6
1331
473
590
2023134
17556
2
2037754
135
497
156
794
302
379
1651
6
2033214
182
0
389
0
166
437
188
1161
1221
43
2187
507
482
126
0
120
294
264
182
79
46
2046108
1294
492
0
744
1789
0
80
680
2005578
155
11952
9471
25
725
488
1530
16
185
0
329
121
11109
1
1021
51
45
1366
1691
1668
1044
2037373
0
32928
84
6
10800
1171
305
1119
1260
2026
17682
8
2032809
0
4
2024373
64
675
115
47
1
450
392
1287
65
539
0
8
4158
55
173
2004780
197
492
14353
678
20
44
143
0
1661
1327
292
79
85
2051862
575
82
48
1072
220
1
0
493
1510
712
4137
0
385
1392
2035650
861
75
1135
265
0
111
10458
604
24
62
369
1822
1138
404
1
126
941
2037
560
0
744
167
5
264
986
836
6016
15
4542
6
0
80
521
1174
13
50
706
2039346
954
16926
1
114
2478
0
551
87
41
43
271
142
3654
1609
1629
13839
2071440
997
0
3219
166
2053668
65
8364
7
848
987
352
2690
161
156
0
3018
9
17115
2814
37
180
2036427
420
2639
624
507
840
0
2688
737
784
2081
776
1277
394
441
1326
36
1335
18564
0
161
1834
417
11
1736
5313
2009
1
612
5649
18
192
0
1760
25
2043945
3790
1643
2020047
315
229575
235
2036637
1066
176
0
3713
1410
56
1134
96
2035461
2394
50
679
2033214
794
26
0
1407850
10
28
2060913
13
1441
1123
34
2005
534
1627
87
0
2009295
2016
384
99
277
537
378
513
85
55
1764
1070
2016618
777
40
1309
1047
1455
1132
4
25
1000
1038
2063364
38
0
25
2388
1
41
363
1015
0
666
16506
110
458
3465
0
158
22
418
158
1136
1433
2025360
156
23
16191
101
387
0
1246
746
161
232
8988
874
788
792
40
804
2499
210
0
596
10
2019633
773
250
206
291
217
511
4418
13
2018451
0
189
25
207
7
77
6
31
1367
621
546
0
9072
0
3037
139
1046
47
39
447
33
434
374
7668
22
710
0
28
1819
3097
1530
8
800
20
2032846
1347
463
447
282
0
65
127
203
5
12
6279
150
76
0
1900
623
147
0
719
626
49
2032249
53
509
15655
524
442
4
46
1313
0
15771
2061039
2523
705
371
1269
1413
1462
41
2053422
2065806
509
2043714
19
2
13
247
3876
113
1169
1140
2259
579
966
43
0
234
3025
1246
281
1
1127
1762
446
32172
10
142
1114
0
78
355
856
701
340
644
2008077
0
43
15876
116
737
0
579
108
10521
38
2061
126
1892
10
24381
1281
411
142
0
23164
365
2033214
641
57
292860
8799
65
542
43
1416
105
0
7266
9
2066997
882
58
759
1
1914
2957
6069
41
20034
0
558
13
2206
2259
35
78
948
2
12
14217
778
815
0
452
443
265
6552
727
2464
129
2037414
20
46
1078
754
0
1740
287
450
425
1063
693
309
793
1371
1
671
5
0
233
290
124
1605
286
252
3543
37
1494
2061564
1216
127
0
409
1471
836
150
255
998
923
566
325
198
22
32
2032752
1241
0
381
1448
789
79
357
1
2031786
1307
1533
1780
0
528
103
1768
45
263
64
36
1518
2021349
1134
17
439
0
4725
39
561
270
261
415
2049321
26
2035503
31
1047
13335
0
344
672
758
1155
4431
42
32
9822
496
136
973
73
0
15
894
1176
294
67
426
29
924
1759
1284
318
2035755
0
3996
3928
241
2041006
43
43
82
2202
88
2012886
299
8253
0
133
333
4
494
1
2025402
115
881
4
2015511
127
569
0
269
71
90
647
6
13719
398
1149
85
2007762
24
1103
0
3
447
992
116
135
2013055
7
8
169
233
112
88
0
111
78
2027754
12726
2033550
198
48
3
24
725
10
563
0
59
2051295
1178
57
417
7
1763
1702
934
972
41
1394
4143
1301
36
1668
273
173
764
1498
564
1552
272
2030359
658
0
18
910
546
247
1252
365
415
2015385
9003
49
136
424
0
555
1311
9996
949
2
740
13828
92
1547
209
129
595
0
173
418
133
758
34341
1447
2297
436
12
860
1050
227
0
132
1486
2034579
27
73
1
442
267
132
38
582
972
0
21661
879
90
1597
399
338
37
775
759
1606
7140
3237
0
566
367
378
77
1255
227
361
2032059
24
2835
126
924
0
276
513
1710
2032605
32670
150
0
2034711
190
249
272
1285
0
1319
138
31
620
2
4662
251
18
2519
0
20958
351
0
2054196
49
2008056
5985
1616
300
125
0
767
113
13398
102
0
3
8541
1261
1044
665
37
41
3290
483
8562
69
644
13839
762
110
2712
198
3
1216
625
769
188
1395
3171
199
0
675
530
34
256
59
67
149
1037
2064987
1147
2060121
2856
0
498
17
67
100
74
782
8820
48
1101
32
1210
5
0
56
12711
9
310
2048985
15
121
619
90
2031009
1802
224
0
1739
563
2247
1551
146
1845
753
0
48
804
887
256
0
2027355
56
14
1043
702
1281
1566
528
147
57
12
31479
0
1708
550
206
915
44
94
2015281
64
733
762
366
291
0
570
179
420
1359
390
10
7
2310
222
615
392
2051893
0
0
199
124
2949
1113
2042559
616
2580
5628
840
168
16
0
7
37
5
2058
623
425
4
371
0
6
200
525
0
1365
2040312
45
788
2554
694
80
1945
191
738
902
793
3339
228
1134
466
19
880
491
572
556
2
975
2023074
1030
0
123
441
1787
3486
6
2958
163
0
12873
1179
1235
256
0
245
2564
143
542
169
2
1421265
2055
51
1113
259
2014293
0
473
285
2980
454
10935
459
100
515
81
6
434
6
0
5
46
19908
215
621
462
121
1424
27
162
952
0
0
2052114
1986
2046885
1387
5202
1179
2
3
58
224
892
2021994
0
1385
653
912
2425
244
1297
3508
22
350
20224
2029224
50
0
579
827
124
40
0
2
44
25857
242
1092
2
266
0
894
1375
647
0
1043
2050119
4
564
454
56
309
1038
0
1225
172
244
2544
0
25
63
66
993
3
83
689
0
177
2009001
246
10
238
167
680
278
1171
40
100
135
3198
2029392
2046192
562
107
1808
3906
5838
328
792
2054172
18396
1168
0
756
7
1062
1306
16
122
1306
44
2036049
805
26
1079
0
1530
1532
9
2726
1079
372
6070
1418
66
50
309
1692
0
910
174
559
603
2415
75
28
19
20733
394
1662
24
0
3711
1871
13125
624
182
178
402
42
943
554
46
667
0
2017401
2020335
189
1008
1105
1703
223
1063
347
137
720
2038342
0
1851
6
252
51
1173
803
713
610
500
2034348
2033173
943
0
683
8
850
88
538
52
3799
18606
1246
657
2047200
1339
0
176
1
964
580
503
2027775
378
902
38
11896
960
12979
0
1254
390
607
20601
247
20
4
1
14
24
928
864
0
21
30135
1192
469
852
1107
2583
71
751
118
828
1808
2012802
12
185
16023
403
346
465
58
346
394
910
10206
270
0
134
47
1181
21
317
1015
835
12
5208
13024
37
603
0
44
2037015
721
168
125
9
2310
42
178
14
213
1304
0
914
617
1569
2049
9114
2004759
760
143
159
600
239
36
0
858
63
2026221
104
342
167
306
287
1025
1991
750
36
0
2048512
46
66
691
248
54
2163
709
1428
14847
218
2047683
0
26
7
308
2394
4092
995
753
1821
1578
2007951
72
568
0
2032122
723
5
348
1924
292
290
2383
81
1155
804
1846
0
258
545
553
582
1099
99910
2245
1
3513
1159
100
696
0
179
0
94
3906
262
20
46
139
619
109
20
758
0
27
19638
274
37
746
2026987
32
14
56
1830
23
1262
2055411
2
21
431
410
11
172
1198
35
3
1151
2227
688
0
228
565
2022612
16
298
644
1291
156
15903
462
76
554
0
104
382
1082
83
2558
3389
2051889
4175
2410
170
124
8
0
0
464
349
512
2037225
483
11
2050665
28
7
479
1
0
469
7287
2010807
941
13
76
922
249
118
2020929
901
356
0
26559
1600
9
1147
170
52
27
433
1863
210
36
6894
0
1206
768
2047515
0
198
1756
425
58
842
14175
575
2328
0
2022189
146
2248
31
2035020
14
47
4599
16
604
681
985
0
24
139
1226
609
2025318
5886
24
2016745
27
653
41
30
0
14133
21
692
11949
522
16
2002938
38
854
1194
2044407
445
0
2068284
2011689
14
2
153
456
276
2055474
638
9
1131
534
2031765
288
106
1733
48
9
1590
323
15
902
14
20013
902
0
398
1252
0
1573
51
1477
1587
27
2037879
511
476
427
0
1475
534
11
1138
541
136
441
316
359
414
513
14
0
15
2030736
124
29
2040060
93
158
228
198
2030868
719
20328
0
365
668
5271
176
264
3361
791
48
890
800
1514
2
0
203724
957
9219
598
453
72
3242
1646
1026
644
284
32802
0
982
962
8
276
40
307
237
903
39
4515
5838
482
0
381
12874
28
82
31
1736
275
2015889
24
484
2040207
1868
0
247
910
120
731
69
2013222
920
699
68
16260
2612
1805
0
84
998
63
10752
27615
771
22596
5901
1189
11
397
211
0
207
4179
357
49
34
0
1698
1436
3345
1768
25
52
21042
72
2017128
1329
134
1214
1131
98
1257
1102
181
17808
361
0
540
165
96
2208
75
1547
1270
434
29442
689
913
752
0
738
1469
3366
378
1272
16
28197
764
2769
56
2013
156
0
449
548
2796
13
33579
27
4
668
2
499
1032
2821
0
2238
2746
2030274
1824
12
0
75
2040480
191
2024142
548
7791
0
230685
25
1764
693
11
175
936
877
524
574
80
8988
0
16
519
2012256
40
317
564
940
1195
390
30712
1193
4
0
420
16
578
2054754
15
1326
43
2006355
2795
0
683
575
0
194
1095
9
2488
348
2041953
1169
114
746
107
34
25
0
9
831
2061
1548
27
5
18
4728
548
178
1213
315
0
214
1470
1445
129
195
582
432
19
224
28
43
1113
5649
0
20
1197
29
269
599
139
38
2030505
25
342
134
0
65
59
374
41
225
33
1938
54
2020257
1154
58
492
0
1
1
514
743
139
32
2041425
36
675
632
820
622
0
2041491
6532
11178
52276
9261
3
1834
14301
42
1876
1561
135
0
42
26
2032437
18
112
76
36
494
73
482
14
62
0
10248
839
1840
383
268
19
129
491
3218
0
83
8883
0
1419
13146
30
74
179
372
41
730
994
7140
155
149
0
4
231
2025759
1308
760
14
131
4305
0
36
7
946
0
616
263
140
368
229
3144
2009
2022
21
56
699
2018457
0
117
3
257
2023806
653
3377
1024
505
649
262
60
1702
0
1
8295
21
162
596
166
1481
1235
1272
293
573
6
2040270
154
103
462
2066478
1873
290
30639
87
1046
246
4788
23
0
603
222
111
1323
57
496
1
1263
8883
437
3
413
0
514
1216
397
1514
8
584
1240
52
1004
1043
128
192
0
1122
1399
405
118
2066835
859
58
366
2049600
20
104
8
0
2100
2012
16195
717
13
4
363
2517
19
383
272
245
0
3769
90
1089
545
8925
563
498
1214
8
2804
23
10521
0
88
630
907
22
68
153
1348
1062
1377
30660
22
1329
0
4494
111
249
1104
766305
33
97
2038926
20
285
185
163
0
280
585
753
869
840
2067423
1158
2493
119
717
2039094
254
0
1
1575
507
1449
163
4
1548
136
14
0
0
458
0
1
3927
90
2030841
346
128
555
170
13
1
199
677
2043966
2
0
115
332
1171
225
185
1134
556
77
6405
981
0
3214
0
85
960
311
834
141
1106
2040462
4
34
27
0
2030253
1422
85
188
21
424
5229
283
3557
1397
832
26
0
345
289
330
618
26712
3731
347
810
1824
80
38
642
0
5
1972
6521
851
557
225
123
384
4
891
226
674
0
8554
645
1155
135
287
556
542
98
82
578
161
4830
0
4882
3486
2562
568
659
438
28
1002
20
35301
20
728
0
585
997
569
2871
1264
1481
195
16989
9
841
13
424
0
400
160
577
3
23373
1464
107
70
2403
1698
534
493
0
3
770
25
12768
20832
1262
2
550
266
12978
843
1512
0
1063
2020026
26
75
2019585
881
95
53
2
1365
68
500
325668
12
172
1216
32
25137
1752
743
701
168
1796
2007006
442
0
453
81
505
62
2095
681
141
754
539286
1076
464
6
0
1373
27
366
124
55
153
2052912
4830
76
806
821
121
0
131
167
1272
65
2047950
777
3435
40
227
415
310
25
0
299
97
462
222
535
2050035
2045355
182
107
850
61
326
0
2044291
4
1243
134
1322
565
280
1
7
25
508
2051935
0
2008182
251
15
570
2012088
2141
325
1561
32
26691
7308
784
0
378
1206
31
889
12
1459
49
9177
12
170
14
703
0
24
238
488
538
803
7161
1115
535
640
285
5649
2007951
0
2023092
30
40
13539
545
476
447
23
153
8
885
294
0
275
2032731
80
1332
1069
219
455
431
200
4
868
50
2020845
404
402
639
34
11922
204
408
218
30
594
2043652
18
0
29
2048313
245
2038443
41
317
2015763
610
2044449
2568
1
1
0
1232
227
9303
4137
40
848
6510
375
548
1002
366
18375
0
2025424
2138
2303
86
35679
1887
59
120
1388
1731
406
413
0
272
20
4032
183
63
542
533
672
39
1591
1108
2015794
0
9492
3097
2020971
1743
512
181
28
1076
47
909
1
10773
0
586
0
342
737
346
137
3664
839
23523
2039661
1089
193
0
89
285
242
69
44
1392
2499
34167
2253
1705
26
50
0
16485
275
753
3466
36784
4977
16
0
10
78
98
0
0
0
246
938
5061
1559
1040
651
0
47
1565
81
76
0
1522
3090
142
0
1300
14
803
1200
494
2121
0
2016966
5748
329
72
781
198
18
1068
15
33
711
1266
4819
714
0
1327
1368
656
126
66
1657
468
80
28854
0
2044407
1749
0
87
351
9
1217
528
69
2045026
545
5019
2019196
1189
1124
0
1793
163
615
38
31584
1324
262
73
1518828
2457
1313
1104
0
1947
462
11404
514
1
1136
801
911
284
20937
1005
402
0
2027775
402
4
2009070
929
556
693
25
33
57
1753
2011930
0
424
403
1860
3
1148
23
274
921
300
12726
2
1351
0
732
44
770
719
380
1
14
2025360
483
1400
7959
129
0
8
82
301
590
50
8862
452
506
12
1199
27
103
0
203
2436
2258
21126
953
322
331
310
99
379
0
96
0
1523
2050203
7686
43
1354
784
2017275
3371
1269
0
2385
1557
525
225
26
458
702
307
24555
420
1021
592
7
2832
332
0
356
1291
1510
4
1524
9
13
1022
27583
331
702
1005
0
6
107
2247
385
29
1428
21
639
585
8
2
215
0
986
1415
2301
13
2035734
1669
88
606
14
570
2345
3817
0
135
3
3228
186
842
635
610
916
575
234
24150
653
0
31069
1009
1024
2033817
984
1143
5922
3
71
986
66
2047725
0
555
3344
1618
483
251
861
1260
123
4457
2044050
2026599
141
0
395
93
37
2052
8
926
478
17241
106
212
1335
5
0
613
151
33
2617
162
2667
2030064
563
783
18
47
1296
0
310
154
297
3528
43
8
854
16
334
241
18
135
0
1066
6762
177
917
860
784
25
1272
975
446
697
17
2040922
10701
467
137
270
176
1256
33
83
1254
403
12117
1096
0
261
2754
2040858
14
315
212
23
1412
2049117
1
484
844
0
180
1730
478
372
433
111
2058519
2041089
2504
54
683
51
0
178
11088
141
25
525
1638
11
705
9
0
1779
1089
0
972
205
2039787
19509
900
1877
99
270
77
818
223
1473
0
2030232
968
2603
0
7
80
372
28
15939
83
346
7833
0
962
141
2352
484
118
288
282
942
2059495
10920
5
249
0
1131
947
213
3
200
1759
1403
2026059
22596
0
0
33
0
1484
20
42
38
23
2054025
8
46
2020918
337
705
810
0
54
142
692
28692
1311
6
3402
1538845
3168
239
32
15687
0
610
2010744
29
556
178
0
1681
2056
1614
1837
2
313
21882
47
1964
538
840
735
0
963
2025675
71
889
28182
1359
0
840
850
2037729
17
24
395
24444
10
25389
2059191
20
709
0
2044281
16
505
1
150
850
2043189
278
141
24
1684
0
0
34
974
6357
1326
8190
3
30
1241
292
380
1876
13
0
309
689
2877
738
438
120
891
1026
5
31
833
1296
0
2049699
445
984
402
957
602
1810
363
612
2034285
1
14469
0
2156
259
396
475
27
1235
1094
324
43
28245
377
176
0
2065239
450
15
850
202
2029728
36
15771
1128
1627
29
5
0
5
2020426
814
18
2024982
2019879
2027652
955
2041540
986
399
48
0
20
69
194
413724
555
78
36
0
274
84
141
5
0
0
2005069
713
189
438
13
23
4092
780
1747
805
2016
1873075
969
1012
328
334
4179
78
1082
266
550
453
15519
1558
0
221
2022672
1843
233
119
848
2724
36
6384
336
1184
1435
0
123
42
1529
1
3
301
9156
88
5
1564
1123
30
0
942
1512
67
2450
3151
1407
32
11
263
929
1
135
0
2687
131
3927
557
270
732
453
145
140
1728
307
841
0
1554
4314
1789
851
2022549
491
2024520
3
1314
26
2264
2205
0
23
79
464
122
376
863
11
702
208
1137
3
563
0
80
444
357
631
2038905
603
884
10101
1234
1002
475
884
0
16
1255
7
294
966
168
762
534
14
2054110
1419
740
0
159
534
43
689941
2026431
36
13
16
7
592
966
107
0
215
2028597
240
12
1610
2031334
11
201
1383
1109
1535
1467966
12306
182
1
50
209
976
1620
155
190
315
1369
504
374
0
192
459
22
370
178
2643
37
2585
19636
1187
18
16
0
159
159
3163
831
7
8844
14988
18
53
120
862
2022105
0
420
309
656
100
2036427
814
281
15
97
570
37
1
0
11
670
969
984
2566
0
1131
435
769
2670
922
105
0
25494
823
131
985
0
495
1901
1387
712
4301
145
29253
0
247
352
0
169
1381
1055
2429
1207
205
2026746
23
873
0
1700
1194
149
2020345
357
2543
1569
2033350
1040
1415
122
28
0
706
94
86
6006
279
807435
226
545
133
517
2046318
2043798
0
204
943
697
19635
1008
339
246
24
36
36
134
8
0
65
2033067
1460
3
901
780
17409
28
1451
42
188
107
14055
987
1179
42
1098
870
584
3990
32
29
3
20506
166
0
57
12
331
5
1654
337
2016136
954
18675
5178
22
1
0
622
204
1289
372
48
649
4137
2732
303
20160
156
271
0
847
501
55
849
2030070
652
2017485
211
3527
2587
25
10
0
900
798
2184
276
949
24
378
44
566
327
44
8
0
2063481
333
860
0
150
580
1055
1964
185
11466
511
1455
0
16
8
737
378
34
57
2281
2048103
66
1017
331
2429
0
636
213
467
6
27
2126
181
19572
5
229
913
1189
0
2
85
411
0
714
2367
359
559
114
7
346
465
0
291
10
1190
19950
248
608
1944
241
89
1591
22
123
0
1006
19509
945
2061228
1073
22
192
300
355
1012
2
586
0
23
202
1005
686
568
499
571
10
115
2273
10647
706
0
8946
479
2044521
955
309
1282
12
425
2031429
34
108
2016121
0
561
484
216
1267
5
1726
1554
156
25
549
1512
75
0
2022431
621
79
21
147
206
1878
3213
33
0
52
9
0
168
1875
3844
842
48
1030
41
1349
581
1349
49
1182
0
2057175
11
856
412
1810
569
9
1
1
237
3226
17042
0
3303
38
35
1272
17
212
194
18
3796
756
64
633
0
11
78
916
398
2326
354
915
2014840
2204
52
1996
2
0
155
7791
183
120
992
505
2040864
12
15
49
3101
25
0
1540543
1084
74
16128
4
1
66
273
2204
295
590
2
0
1034
15939
300
11
68
12
29
356
3
778
73
152
8148
940
34
458
15
657
1086
821
220
693
204
25084
585
0
115
1073
526
2854
283
1097
759
290
7644
798
67
5991
0
3
1807
113
766
0
85
6268
689
1426
4
26
451
0
25
37
240
95
2010114
1931
1
626
6237
1157
606
525
0
2005479
23
13356
155
26250
346
811
936
1046
176
70
1414
0
315
255
11
1086
70
2738
34
978
1047
3
22
2121
0
48
731
584
502
173
2072
302
128
3
9117
6
51
0
2010876
1744
36
2024232
735
407
2048502
28203
33
1855
122
1635
0
105
208
2557
115
2
2010765
2
243
44
2035098
943
417
0
19
48
646
7518
49
980
537
28
220
108
0
255
0
1221
2036176
88
708
754
468
1576
0
279
236
17
1231
5460
9
516
1
133
169
176
365
1301
405
1419
1953
101
0
1160
373
5
302
841
21
50
220
2025486
911
211
609
0
647
22
58
526
1066
903
756
1236
1509
35
510
297
0
46
31
17
1897
186390
897
31
244
244
22029
1810
2160
0
2022567
280
1197
2029140
1417
1066
588
69
23
587
500
263
0
3286
1017
2005683
1475
546
4631
29169
630
252
1909
365
25642
0
1016
132
552
1670
4305
119
102
394
1238
8106
118
1012
0
854
233
106
87
430
21
27
7245
160
16
2012361
680
0
3003
0
18
1543
1631
2052180
788
45
786
799
1585
560
0
228
71
394
9471
61
755
1195
1360
509
451
1603
19
0
331
273
880
593
420
652
57
26418
20
74
725
43
18417
283
2012781
730
25
1518
640
479
1539
103
33
11088
3691
0
2839
138
192
1215
231
72
247
41
2027230
1625
1682
2181
0
1633
333
1222
38
926
75
11592
1
1094
2
1375
92
0
633
613
534
42
2024614
280
376
3
1267
19
56
360
0
887
867
24675
42
18081
343
1
2016058
645
495
376
2006628
0
5103
2033298
29
669
3
1387
1339
1
1
16
378
6678
0
733
671
225
433
770
1466
204
2023413
684
3444
243
11292
0
374
989
28
2027691
1801
2050245
25200
8646
127
690
89
1
0
1422
1
1945
405
2066
3990
250
159
5
252
1674
639
0
3858
696
0
714
37
233
7203
37
1428
7623
911
502
0
1407
37443
324
2027928
121
33
760
194
2288
943
621
1759
7813
2074
30
106
856
61
2016562
881
4
1249
3136
29316
1085
0
535
385
705
1689
817
747
33
905
540
0
298
495
0
91
477
43
8463
266
643
1176
355
707
1199
800
336
0
1361
919
98
174
7917
113
120
882
35
418
555
70
0
58
1139
1638
196
573
2020635
669
13
22
1762
79
57
0
8212
61
46
425
20
2715
68
11
143
1114
2033
2053080
0
2028993
137
1261
2650
493
1329
764
386
269
17598
169
229
0
70
287
2060
224
46
260
37
20328
38
417
16
742
0
548
262
364
163
268
2521
98
403
86
2022987
1
2016189
0
13
1637
898
1281
2028216
1110
2010324
2437
226
13989
30
1437
0
201
2032605
594
10
4935
665
408
198
476
1350
563
1302
1407
135
20727
32
3736
425
18
9
75
477
544
588
273
0
260
615
392
386
8715
70
1484
15
18480
122
2243
309
0
74
213
756
1120
720625
461
4095
429
20
1087
34
569
0
5
60
167
46
1113
709
1100
75
1864
11
785
496
0
955
1804
7497
98
82
835
637
13251
547
305
23
0
0
2012493
588
3568
946
422
1089
637
877
74
333
121
15036
0
27
1611
1303452
154
600
965
186
280
444
7917
128
1299
0
334
1656
77
8
1035
732
1
861
182
118
305
323
0
188
57
2451
5
2750
11644
2063559
2051
22
200
64
2409
0
694
762
307
10983
1255
25
485
1842
1276
1030
117
198
0
494
2037540
1838
7
2119
167
218
38
60
500
54
6
2046958
935
1453
173
75
417
77
81
48
143
195
2024772
2034789
0
111
1091
690
1359
14868
700
38
705
2050896
449
2053041
460
0
646
1280
8
733
1424
525
90700
14
871
2359
34
722
0
1079
848
5
424
2045688
1108
1196
249
1469
134
1048
703
0
52
476
2024866
54
12175
675
705
1061
305
16
379
313
0
20412
1065
341
66
78
1845
862
1014
1511
913
461
1281
0
327
659
555
154
367
17
200
1664
887
2042286
921
116
0
41
35
1021
18
1784
112
790
5450
2047353
1679
348
277
0
5397
625
105
394
5685
19866
8
0
622
21351
957
3735
0
22119
581
719
504
25
61
74
27
149
5334
127
50
0
352
3339
8529
74
29
1680
50
36
599
37
432
84
22092
2604
12033
743
29
691
1172
416
697
40
243
357
15072
0
243
3
1100
16044
1476
965
895
437
7455
759
238
6447
0
1054
1751
29
7791
867
7
16548
3985
1121
2022819
13
52
0
13
264
369
1
2019459
0
111
177
33
672
5
1600
0
388
697
8274
8
486
593
656
47
19
2026845
1151
0
0
20160
963
542
940
1322
102
11
158
2063433
716
563
7449
0
1
87
1371
1856
56
981
2
755
557
16401
2021376
26
0
63
3
0
91
3358
2012697
3629
336
967
1222
1570
246
0
1253
1318
886
0
1027
17640
409
1243
607
9
97
15435
0
57
12
20
2036154
903
21
28
694
12201
41
16254
374
0
1844
4707
425
22
542
996
678
2979
940
537
2042433
119
945
1
0
231
0
399
61
602
821
1340
26
2274
1417
0
35
191
711
2023170
359
1557024
719
7021
568
11865
0
132
0
196
8
2260
777
474
24
2069439
96
131
19110
1
89
0
451
331
1927
1306
16110
484
150
4
28
22
27636
2002050
0
1778
395
9985
0
9
451
197
34
16
11
1094
205
0
2541
273
417
266
682
181
38
67
62
144
1065
2013223
0
3
6
567
209
781
1510
1005
305
711
1323
1889
1010
0
19
5
411
271
342
512
764
2050041
45
67
9
1381
0
429
129
469
1096137
40
60293
1103
724
1229
1220
166
334
0
378
508378
3322
2010
10794
29
1639
810
849
9729
1952
2600
0
76
2041776
94
469
161
1
29
29
28
265
2026
4
17451
1035
24
39
3918
374
952
83
0
7542
102
3759
1428
0
200
2865
1698
111
811
19
1349
205
2184
430
18
177
0
1151
25
221
20
2054424
671
1407
362
23
36
1869
2165
0
360
47
0
41
9450
0
36
1599
1594
160
200
115
0
465
50
2028030
171
21
3246
18133
2157
1759
2049558
451
63
0
2016834
319
57
427
497
590
1310
291
71
786
273
893
0
22
562
338
47
15
248
270
2040705
5
5775
337
1472
0
264
50
865
14349
429
2029
13
14232
92
21
1261
19
0
34
97
510
0
359
16017
3
24
294
392
553
10
0
28
57
2052198
8259
48
18
1131
2008602
0
316
2037457
951
0
16989
2023680
86
47
1218
27
121
25
47
2
199
90
15750
0
242
3
19
7
133
1071
97
163
1411
13839
249
0
6
8
1700
22
2875
465
42
1766
2026510
138
9
13324
0
734
865
546
14
31
383
1575
1411
756
312
42
73
0
392
471
130
146
17853
48
2093
527
1550
50
19
35
0
1
81
2052136
0
545
19
236
892
2012592
2060074
364
394
0
11172
774
592
128
238
11844
1614
18
399
420
1149
12432
0
273
10
1286
21672
1124
57
920
2328
101
2038323
2016624
838
0
7
608
1122
728
1
210
337
819
35
494
2555
95
0
342
6
610
449
34
26442
32
8
13
654
0
1217
0
4
1308
12
2008896
420
41
914
32
461
1241
519
783
0
4342
21882
1544
335
61
59
592
133
294
1545
1508
17
798
58
1005
209
2037
545
588
1616
1
0
16
6720
3164
0
21
0
2025339
217
935
350
114
2306
24717
182
1856
300
0
9
90
856
983
35
441
20664
11
11
810
18
98
0
1538
352
239
154
2049846
1636
238
292
9
17
16437
24
0
19
51
8989
788
141
60
208
78
948
7
290
323
0
5250
0
5
504
23688
917
344
37
288
43
315
2056441
0
2026977
1329
331
46
187
63
736
952
0
10500
147772
3003
0
8
40
32
3
281
1771
523
24150
647
7
13
1
0
1365
2023680
2019669
382
3
4479
202
2247
42
1405
25
472
0
32
11
157
4956
18
1807
34
11
3
8
857
2045604
0
4
2034159
422
39
0
53
255
1252
2090
185
2033304
340
568
30
49
403
2057322
1072
0
20
85
546
1347
2035881
1505
0
1956
583
308
406
17263
16
3857
63
8400
56
22
1048
0
2021454
1177
1051
14
2
25
4284
2040252
127
398
846
2186
0
55
1150
667
121
116901
1542
444
513
1512
1947
278
292
0
92
6
2021307
56
596
657
447
815
57
802
429
8
0
2541
95
556
10
952
168
7
47
144
2274
291
31794
0
1988
220
199
19
1825
38
24
1349
397
3297
758
411
0
1554
31
230
215
1985
2013243
2018535
10983
77
398
415
12
0
26
31
584
145
81
2015511
134
1649
780
780
1212
11
0
1315
5
282
493
2047684
79
29
33
23
0
293
6
0
681
2012991
218
558
2035041
627
448
1326
15
182
714
1663
0
1069
2577
722
36
790
71
149
385
4915
2030442
6594
461
0
200
31
347
14
530
16
1206
24
6783
31
22
263
0
1050
102
230
41
1438
204
3213
1492
10
468
165
27930
0
6
445
70
4
2047557
2
307
2014062
141
139
548094
478
0
16
531
3801
22
26
678
3336
192
1
31
730
358750
0
5145
1503
414
711
1008
0
5
798
36
783
0
13020
0
311
187
198
131
267
34303
34650
567
93
11991
734
39
0
1
1226
594
1031
708
116
732
5586
554
1349
17
13
0
0
19
25
1745
171
4599
772
349
248
2025979
12
1191
0
13
118
348
2185
195
3816
2035335
420
1486
16
283
15
0
726
5481
905
447
871
16
1
86
31
601
334
2
2059863
76
23
1200
8
503
3
451
54
44
1
2049258
19
0
146
2036295
1870
16
2328
6909
51
134568
546
2127
1596
2839
0
137
454
836
2112
251
21
16906
3
3216
1103
626
438
0
358
505
400
796
5634
83
221
0
1151
894
367
1603
0
1212
6321
5481
833
6
20
358
618
9
778
520
29
0
12012
2007615
635
70
19
35
858
57
113
4
321
7665
0
1139
3
523
63
274
84
404
66
416
19173
356
79
0
815
27
396
3600
1477
1401
290
2019417
120
566
155
20
0
573
11
260
3
1459
3858
206
799
2010576
8592
645
1250
0
20
1118
24
2040756
19
645
159
872
2025738
0
207
35
0
169
2032510
1032
473
160
13
167
2002947
1
590
644
1241
4768
157
1916
300
917
64
431
321
438
844
132
2047305
23
0
1
18123
36
992
0
0
136
1313
2032038
1367
812
10720
0
10
176
701
1076
18
107
2010540
887
174
55
3686
2
0
488
4
1343
65
2037204
890
55
35
168
488
189
978
0
231
9
84
492
2038212
21
464
2481
4116
28
315
1226
0
2034538
845
10
86
1007
1078
1785
23
1108
302
1622
7323
0
0
0
68
368
4045
633
183
570
127
2008183
777
373
0
903
201
41
32
653
2013
560
6309
238
1599
2050
42
0
64
874
344
628
408
29148
1541
2059296
728
86
1
633
0
0
378
320
2021643
1239
7
868
59
700
389
94
1687
0
534
7161
1128
185
160
377
2015952
194
658
1437
351
0
3261
46
89
360
12
2462
453
960
257
84
1542
2148
1837
0
507
361
1921
2216
2015
2683
276
148
2460
34
781
325
0
113
1883
233
1160
72
321
2001462
104
1375
1228
27
1032
0
80
510
24
1184
2034905
14994
7182
2181
67
290
2346
3524
0
87
18
2100
336
51
2028258
951
355
10
1275
827
0
0
17808
893
207
44
26
1266
432
27
651
149
448
2703
0
284
473
340
733
25
110
2023932
2641
19110
8673
244
1686
0
1530
119
1349
343
314
3
1484
273
385
286
8
923
0
4617
68
315
189
2059968
2709
2040417
773
407
2
691
41
0
513
670
707
10374
0
982
829
883
10338
294
1450
26
0
493
2027145
58
73
2039892
452
595
383
1717
50
8926
112
196266
806
1661
42
329
1724
29
9
2060907
664
51
2022085
269
0
592
181
2030695
1470
237
900
1671
147
2016960
224
10
34
0
1420
354
0
1669
1030
2814
300
91
1671
1551
955
531
0
1
1145
23
59
11361
228
667
453
911
93
189
419
0
343
37
2054896
837
210
587
492
503
2024997
383
0
290
0
2033151
2
2
7287
1827
337
1777
179
21
10
1501
2043525
0
771
271
2125
1023
55
2156
0
24
1465
2034369
605
398
0
35
3
52
553
173
445
0
1239
176
369
4
0
0
1503
2030137
16
47
11
15630
1663
3303
490
65
1036
22
0
494
380
299
2058141
1504
509
1026
991
723
0
0
108
0
2520
1155
520
21
116
1237
757
28
902
22
0
355
17031
121
39
27
35
606
2029773
1874
2013
1304
483
26985
365
0
146
355
341
2069
2044890
194
2041830
1450
462
51
16
641
0
15
1051
1
59
13
33
2021469
35
791
351
3102
76
0
554
784
286
377
2703
17
58
23079
3490
415
2047242
1701
0
16110
1336
2289
105
497
1253
41
40
2175
3
964
2040963
0
6699
498
4
1794
87
2009
0
155
1
10
19
24954
0
1480
5061
820
217
130
2193
263
546
1811
2037015
20
358
0
1034
1645
448
376
263
34
112
1971900
1078
160
2012235
125
0
102
617
6
1094
3948
13965
91
5
795
2177
1338
312
0
226
1592
41
6930
58
851
133
2352
1129
1194
66
8
0
258
12117
1518
2049
2
1031
15
9660
382
1
814
374
28029
34
16
830
856
550
15
973
0
2019
10374
17062
740
0
615
1331
1484
0
327
930
218
885
9135
76
1252
2029434
0
2011060
491
272
833
1482
216
2008581
1218
69
2263
28
222
0
540
3
492
5
693
344
362
276
1126
192528
2007552
1480
0
525
1095
5187
471
825
759
0
1072
52
992
8
0
0
2037
500
1040
193
452
171
1579
25
297
345
857
4641
0
11
2880
126
65
850
952
4452
79
52
14490
471
1420
0
305
1672
2178
0
393
5
212
5314
111
231
9
640
0
0
399
1188
724
2054382
6070
53
1226
672
949
514
736
0
14
1113
1381
2021371
2039472
1204
14070
21
296
319
114
28
0
936
24366
431
381
979
96
54
13
244
111
178
754
6552
59
3135
1071
31195
27
0
1169
218
284
1606
2056398
92
0
1539
609
205
1556
3
168
1537
937
2047263
873
1672
28
0
890
9
19
1107
0
458
6342
16065
2586
18
2030484
131
0
762
60
863
20154
35637
2894
6
0
320
734
46
481
0
1007
457
1239231
1139
105
263
159
147
749
160
1121
1
0
462
389
15
123
0
75
594
1755
435
413
39
11934
0
141
685
749
2936
1663
0
1
18
72
11172
1057
54
0
442
55
974
280
98
57
174
10521
168
842
651
733
0
37
121
360
308
354
4179
43
500
115
1354
0
17214
0
1
22
14
2032053
1183
1094
819
2038128
3138
27321
7
301
0
65
9765
743
27
973
20145
697
515
144
75
2025402
5817
2018115
332
862
919
299
24
1329
152
1350
147
944
12096
1602
0
9
1800
412
56
792
701
403
401
630
624
6447
439
0
844
446
2118
668
43
2030362
2044371
1314
909
95
860
2356
0
290
165
1484
3223
126
7
701
775
13
867
22
36
0
337
83
2027229
500
393
451
30
1721
713
13
638
127
0
11901
1288
28
179
32
43
1522
14259
1199
170
1821
2031313
0
15
585
59
257
597
280
943
521
1024
5391
699
1041
0
1823
2544
20
222
196
617
128
2142
118
0
433
20
0
751
453
1382
1510
1237
4830
1472
2013726
240
18
1113
2065
0
5586
726
1305
2036092
14
660001
8
971
102
7
469
597
0
0
2026410
886
127
1259
160
347
272
22
785
526
1531
8274
2019396
231
0
3748
240
54
1148
66
298
5
18024
698
0
771
3834
1143
156
0
162
39
399
2047746
36
90
578
0
246
175
198
132
2158
15
192268
462
3270
2037540
621
209
0
98
57
24591
339
28602
312
1570
351
725
8
751
610
0
63
409
19341
2018892
220
30
1977
14
15
239
195
3
0
20433
816
530
21
18228
18
1
167
80
129
1460
2032290
0
939
520
518
18
13
10
26
702
1264
2015196
261
2042727
0
45
2033512
90
215
860
351
1049
404722
838
90
710
267
0
616
340
1319
783
1280
9219
241
9
374
416
1297
15
0
3717
81
36
21399
4
561
1495
43
127
624
303
762
0
214
1428
133
142
2043210
749
197
2288
304
52
6369
190
2025486
254
675
36
3819
632
372
34
391
665
105
5103
0
0
142
539
552
795
0
243
39
10843
3402
1470
1685
1197
0
903
289
0
30
1969
100
2054214
576
0
861
395
7
0
3885
344
239
33
7098
198
85
865
10074
0
569
13551
0
1410
34
5523
74
10
1975
1205
2817
7
82
2032941
8
0
23397
2032179
22
447
450
18780
155
474
38
10
62
5607
0
519
1181
1643
1722
1708
133
964
1
16044
1876287
693
1
0
1376
1
133
1311
877
2
0
35721
42
75
1163
499
0
209
621
611
1230
42
1711
37
190
1028
1847698
503
4509
0
403
10
877
5481
1920
2
173
2025
1049
815
2
84
0
11676
3972
444
1044
2024583
372
1780
1304
11235
164
4641
634
2049348
1354
74
2
231
718
1462
31
18
56
2045290
105
176
0
1918
25
1426
78
37
640
47
2038443
4599
1096
2005746
451
0
2011620
93
190
79
420
143
2039367
464
124
53
45
261
0
1683
34
62
12748
1240
2228
549
6
294
18
30871
9
0
221
3746
5292
891
474
317
18
30
1352
450
766
7
0
657
23
2744
790
777
1385
105
186
1689
557
105
10563
0
43
532
416
1924
856
679
46
1253
504
2051742
702
344
0
484
158
1847
1286
347
3
0
1578619
642
577
860
153
0
1349
2986
860
610
1352
4809
138
3528
323
22
764
18
0
12474
1089
6951
2493
506
1004
0
17
1200
112
4
714
0
1088
2032458
667
2106
1486
13
46
719
12621
53
276
23
1890
875
290
900
25
658
1
4494
29
474
284
1729491
836
0
2006
439
77
234
417
1205
1031
2244
987
23
81
165
0
2036953
7
340
1728
1868
454
21798
1474
75
626
222
40
0
101
121
4117
71
13567
5397
9135
815
1637
33
900
460
0
20
1169
2042205
803
928
563
111
112
1490
748
245
4977
0
2038653
942
18795
2011332
890
245
1254
46
0
1136
953
28938
0
1591
2012427
1656
56
1
918
2499
277
1732
672
439
233
0
5586
355
2
619
444
1009
778
2036875
794
27
129
586
0
1438
1127
905
527
392
2047452
214
35
179
187
312
185
0
555
665
47
13572
907
476
2375
757
425
146
675
108
0
668
4959
96
2012257
1712
1120
1012
807
440
1532
710
237
20244
116
18
0
43233
447
919
30
14
55
469
2039115
952
0
707
9
1029
80
733
28497
13860
495
8253
107
1041
70
0
235
490
107
190
0
147
1767
1666
1246
3375
24
59
0
338
463
154
58
9198
437
12
2052513
80
356
899
7
0
105
43
8352
11
901
1498
1246
1042
694
616
63
49
0
2457
181
625
336
36
486
1876
12
568
25
948
25696
0
317
2011836
291
1219
594
26
680
54
86
5166
87
129
0
4053
58
188
400
30
6
29
2042034
13
259
1280
54
0
180
1955
1380
404
31
7686
167
974
393
19
2
1011
0
22
15540
1712
2035209
733
84
869
33348
10
658
653
4
0
501
4788
70
83
543
1579402
19
65
61
2189
43
1231
29620
611
26481
2025801
131
13
123
4956
401
551
1656
2535
11
0
70
507
89
23415
153
209
342
1674
2058585
4326
60
1394
0
2014881
257
954
3
687
36
2030736
176
212
14
112
81
0
2588
89
18
0
2042401
576
973
286
139
11
624
5844
0
68
45
7497
883
2038023
394
325
286
181
278
1002
163
0
2041425
9
42
22
15
420
198
14
168
34
422
15886
0
1
22
217
10
321
71
6
965
614
6406
3312
154
0
106
53
984
712
1975
344
15918
75600
1754
119
1560
6237
0
174
79
1442
696
1422
2030928
16
613
1199
226
98
125
0
369
7
747
2021265
60
0
773
435
2009
691
784
403
0
1758
4473
114
14
8043
130
676
2359
18292
1130
23
467
2047509
149
823
561
59
298
124
67
3005
6
351
1796592
66
0
25
0
2233
20
1
77
437
123
18147
343
1093
187
0
56
920
174
475
64
1515
14553
38
44
214
168
84
0
6468
1519
561
389
6573
1054
378
1931
1293
6
24
822
0
156
700
12936
3786
1348
33
1202
40
1414
898
25
1
0
2041257
1067
2147
53
2021460
555
815
949
3379
74
1508
5907
0
686
9
2030284
121
440
1150
134
1011
1708
6258
1259
129
0
1318
189
140
46
178
278
953
23983
9555
2325
50
19
0
864
163
1812
22
583
13629
760
118
862
328
71
40
0
1603
696
843
696
837
10
33
437
552
589
100
52
0
146
10161
27
759
1218
262
602
1
192
23
190
75
1788
89
2059227
196
966
22
7
1428
605
57
416
2021307
15
0
1255
87
626
22869
470
460
152
273
5502
151
1098
1228
0
193
861
130
180
19677
1459
28833
2004444
813
100
550
595
0
593
62
2
402
11949
1236
160
13230
161
622
2036238
1296
0
4767
24
2060853
906
204
182
491
1578
3080
514
768
9
0
25347
196
15
513
1
2024331
156
390
41
916
1710
2038653
0
16
889
626
2020743
594
0
675
482
14
357
9
1086
0
550
84
65
26
1109
9
832
2044932
494
12894
176
7122
0
1306
321
103
1
1474
778
2158
1149
2758
1111
13
741
0
531
64
994
2457
304
716
73
1901
754
2961
485
786
0
806
2688
778
1054
781
304
120
189
334
20
24
1154
13839
511
432
994
510
805
8
14868
809
380
46
213
10
0
2012886
35
4956
2
814
215
135
92
14732
2028867
16
0
0
90
1673
35
1542
490
433
2028342
5
1224
2331
378
21
0
117
76
0
1387
20448
14553
2044575
1261
443
476
25
27
0
36
1203
2009557
1172
472
72
740
400
1030
46
19152
1540
0
17787
1933
42
2026179
672
2039430
210
39
795
119
129
2062246
0
107
956
282
303
30
1
835
1323
68
9628
842
1944
0
5
18816
2040
1
28
1937
704
16012
1403
1385
846
64
0
88
52
44
532
481
8673
192
176
2042496
1541
54
1595
0
1114
1560
981
2499
1428
171
39
4
3981
21619
1399
393
0
13
2845
2038107
11
412
1331
71
1272
5313
793
12679
1770
11886
3776
1584
1257
3579
1554
32
79
13
49
10710
2013904
880
0
462
253
176
786
39
12
462
537243
12978
7
194
189
0
72
2970
49
800
783
3
4216
40
405
2057889
1114
25
0
86
1378
1135
263
23479
146
448
19
926
2022042
667
65
0
1565
14
2940
296
1795
40
22
275
10
5608
55
234
0
4110
534
415
23
622
4188
623
46
73
25159
5
9576
0
2050350
31
95
1225
419
25
110
115
116
2066052
701
213
0
907
1094
137
3
48
173
34
15834
195
124
424
18
0
694
609
441
3
1118
2015301
2849
364
389
78
655
789
0
2857
1243
7140
19572
7224
2
1431
243
1254
108
24
7
0
596
2037855
636
134
32
1013
906
940
1357
68
934
42
2039661
884
213
463
249
3
186
1
4
3928
1680
1554
119
0
230
528
4
2407
1076
1959
411
402
10671
131
7
4
0
159
1009464
2751
648
1059
16
2033539
136
236
645
16
0
0
2036259
115
2009253
9
2022972
2014
1662
2211
56
10732
764
337
0
565
735
619
614
818
121
3
2059521
1154
1162
1242
2026284
0
12958
940
358
28
39
28
1950
342
13
16
18
13209
0
2030340
156
380
2008
302
3047
127
211
8
12106
552
106
0
736
3866
754
289
350
6
57
966
373
301
178
1412
0
2026663
1298
390
38
2032
1533
14
295
870
19
29
744
0
199
811
867
14196
1518
698
1204
620
4305
97
2035377
1181
0
346
2184
134
17
17
69
1806
148
292
61
6
450
2035572
216
15
1164
402
99
767
874
1304
459
397
10486
708
0
2085
78
3
744
1411
1
424
1167
2019768
85
231
157
0
50
14
639
1358
897
272
23604
269
18
10
2032710
1913
0
1613
18
2172
1051
16908
2031366
10
1052
2059191
194
133
80
0
2039367
768
2048880
16716
490
605
18
271
483
445
390
453
0
28140
166
937
17
99
1389
4872
1175
1102
178
1025
23736
0
33
13
31
16
439
2039514
941
109
3985
5046
190
591
0
101
1357
59
92
1357
39
30
2061847
490
127
334
1502
0
2033382
22
32
24906
941
3780
386
335
5
170
969
869
0
1258
47
8
15414
11
1526
801
2436
141
3
18024
807
0
240
2052786
229
406
261
1121
1514
13734
630
270
48
400
2018970
2039202
1739
460
379
745
394
5
239
455
211
9954
2047641
0
521
120
3889
457
801
177
1241
2043577
2032374
355
6
8
0
41
7
7161
608
110
8
9200
1609
31
158
219
1681
0
177
1582
208
230
2013138
9
143
78
732
65
3
205
0
546
1198
2059894
1396
343
86
421
3
878
698
2008584
247
0
2016519
2017569
1518
43
882
1503
2067822
1
337
84
1
278949
0
1476
2349
631
108
116
784
1586
21
4574
23268
21
18
0
23
1000
31
988
687
91
295
21294
1362
1
47
55
0
135
217
3
371
1221
2027680
161
1072
1006
0
17
6322
0
19
475
886
2436
532
882
285
574
252
227
119
99
0
2219
4053
1512
667
19183
12663
78
1012
341
2007693
34
1622
5260
116
397
1966
243
600
1375
289
838
1617
29
18546
3154
0
451
1793
562
1924
774
37
10836
83
2065218
370
1260
353
0
27
274
8
158
664
50
7455
1560
3
49
8
215
0
2025591
0
18
161
8337
87
848
765
1665
5
7
1
0
18
551
2035863
142
88
314
1339
234
1591
111
17
46
0
5460
464
1592
286
466
169
286
432
110
46
258
2018220
0
1025
3
1085
1541
456
19
2
275
0
2040837
871
676
0
96
261
2153
321
13986
144
8
1092
61
526
2155
389
0
1
903
215
109
120
210
1751
104
655
969
1602
1869
0
1296
81
25
2053080
138
1206232
91
1797
240
28
64
297
0
1
8190
717
3568
1022
41
687
887
54
772
17
120
11586
1406
5
2856
417
2793
684
36
5319
464
39
2062803
7518
0
1020
392
129
2
87
3164
32
20
7077
54
134
866
0
84
1170
1746
87
358
1323
23940
10
296
23
99
72
0
1486
179
19
9
13251
620
81
3073
2055600
149
311
941
0
0
396
5250
951
544
24
73
277
817
2011731
121
27
0
2041656
11
407
4209
457
53
85
224
328
1031
9
25179
0
63
485
323
167
1343
707
520
304
932
441
179
122
0
327
523
191
650
127261
69
3117
16464
21
529
207
1120
0
97
2040942
52
1560
22
2024289
182
461
486
290
46
538
0
5
1161
0
2042643
321
981
210
890
21
36
47
1155
0
945
16528
1256
83
104
46
27
27090
1806
55
296
469
6432
6
711
733
2045982
320
24
13
1655
840
503
17661
541
0
70
54
967
215
1449
4214
1520
670
32340
546
34
664
0
749
3521
50
1097
302
31
2044977
1640
116
69
2004360
254
0
159
3341
428
27168
4074
322
376
11
493
357
2
726
0
1723
835
5160
0
10500
17
67
351
350
26
974
222
0
2193
3
136
2385
1076
2005999
466
1
194
2302
961
7791
0
2788
419
665
1204
256
1183
1371
1469
940
2061187
527
787
0
223
445
779
17277
948
933
33
561
1811
736
205
21
0
1896
84
529
491
12
2038968
446
1714
940
99
533
418
0
12
3
356
2026137
640
960
112
1176
266
1107
832
308
0
32
7980
593
321546
374
782
477
1676
54
491
9
1323
4977
585
791
2029350
120
24
6216
358
1102
3
59
4935
280
0
436
3394
2010408
2644
475
2005284
665
10
18291
17
49
989
0
175
1487
147
2
448
1072
801
1027
1756
1661
631
424
0
886
55
743
6
7371
2664
1059
156
632
0
918
672
0
89
1127
25704
220
3717
86
1718
104
340
2368
1065
279
0
17851
84
606
1032
72
2266
2333
3854
2029392
56
974
6531
0
2451
256
1087
16380
175
1112
98
307
198
22030
24486
22
0
132
22
8
1790
288
2013033
297
2015973
1637
874
1278
69
0
0
15834
11
1986
776
2027691
312
0
70
191
1157
245
0
662
711
29
253
128
215
692
25
814
518
52
998
0
10
2022822
210
852
1967
72
296
2076
24
1168
669
132
4714
3065
268
86
603
465
356
72
0
122
2
2060031
2
0
1043
778
646
22
13
1302
881
10
2044534
235
168
26
0
826
1263
7
7
711
1925
2057343
221
13
559
11
655
0
377
1061
302
52
4935
437
2797
725
331
707
32
442
0
2058771
1282
2015574
19194
1701
322
174
1006
254
474
1667
1210
0
5985
867
2050575
2028762
6
627
380
2443
1197
469
1561
259413
0
0
844
2031324
1152
152
776
7035
11
91
2037267
212
1015
0
1104
132
733
3780
626
90
21
2163
1432
1051
535
26
0
435
1
296
418
1982
105
15436
28
3192
714
573
370
0
168
1282
2051700
1207
55
737
17
0
360
0
459
72
0
20
5418
43
56
3
508
29
1623
396
1
175
183
14679
165
667
43
2031933
11970
122
1589
2
458
4347
1851
5
0
344
5
250
474
1308
2197
140
290
4888
7
437
18
0
951
2
114
43
871
958
23352
23
0
220
1037
1438
0
3
2038176
173
970
1470
0
728
762
1043
317
412
516
0
282
777
2026767
4263
973
267
304
49
10
618
318
147
0
26523
2022819
657
915
32
47
542
131
1
5
498
2015248
0
102
83
352
71
629
896
6
3
3927
2048103
35
781
0
10
981
516
135
443
3360
689
3108
0
118
2002386
421
0
1227
5
824
462
122
6657
26
10419
549
107
698
25
0
27
14
1056
6384
780
251
8
5
1095
54
858
266
0
19341
18354
239
1389
1896525
217
2098
571
905
353
2044470
826
2028153
55
781
664
1548
1026
848
300
501
1307
383
22596
35
0
278
1982
177
440
31
769
46
1949
2020719
1
541
86
0
201
757
1445
0
605
122
2215
16149
80
245
134
1349
0
3206
647
712
337
10312
23
939
677
512
9
1526
219
0
503
79
24424
210
576
1775
641
7
1952
28266
14175
387
0
2060682
18
7707
1598
1342
1781
120
99
29
424
19
4194
0
559
793
93
142
708
63
12
1888
34
29232
5
430
0
581
11
3585
58
110
2005557
276
2023533
1017
2029623
562
372
0
2062447
227
1393
1210
1156
16716
1340
20
83
258
0
1383
0
216
17
9
2054784
1497
2032069
18
28
2
3
1705
230
0
2030967
7029
1
2030043
352
71
145
0
986
3710
10
607
14637
561
14878
2100
514
2073
142
487
804
1393
16
14616
76
0
1430
2167
114
940
0
2033866
456
12
2031891
150
600
1011
0
613
689
4
12
365
780
2057112
1303
625
615
0
337
0
1021
1875
2043525
986
4305
1445
5
1805
76
1400
616
616
0
1474
1485
19782
595
138
89
13
2988
41
1715
2017611
1428
0
2041866
8
509
660
5
19482
56
940
11235
1293
6
2039766
0
29
4767
297
799
17520
29
178
1485
944
6135
339
8
0
1533
6
30
37
243
165
718
2046501
15
1512
995
481
0
309
723
3632
2688
351
393
546
499
159
1624
12327
411
0
2625
321
3101
525
972
344
18
10
766
706
142
456
0
504
22245
8
51
3921
228
406
669
511
55
1815
57
11949
271
646
491
510
922
785
314
2030715
1664
797
2055663
151
0
976
26
2
98
3601
20980
16
239
2060893
6
222
2044554
0
622
2034201
168
52
574
2039619
2018874
2024257
8
261
53
43
0
80
857
820
441
5166
138
2027418
23
3
4597
654
1516
0
522
58
1491
413
15840
118
0
98
171
4
2017
930
0
2008875
845
2038233
507
23
495
75
193
36
35
2007
21052
0
80
121
596
62
348
198
461
1215
1035
2013180
199
40
0
70
47
183
0
1824
32
1567
19971
600
163
1222
778
0
549
436
522
111
19
31248
482
1033
33
80
1418
504
0
153
30
1971
2028306
234
17892
107
14
214
69
629
28
0
264
2024982
21126
886
1250
54
867
811
982
1579
810
2012886
2514
1601
0
2698
104
37
1
2
300
22
201
9051
417831
0
2
1580
76
642
167
80
502
1689
1988400
17454
7
198
0
233
384
25
557
270
6153
10585
198
24
1079
2297
316
0
319
206
2017825
735
2031498
1026
2015049
488
927
102
1517
319
0
26
1134
2033487
574
406
28
793
2
388
2
771
5
0
7444
364
3
1864
415
195
411
779
24
287
899
2042496
0
405
4370
55
1052
124
398
895
7549
1228
2039146
305
32
0
1218
59
284
511
55
493
2
7140
363
2001
1994
770
0
2009862
1
1020
2025
710
12370
237
1
7
40
147
1629
0
1559
250
492
3528
136
917
483
0
285
1932
1064
632
0
190
2064316
76
2033949
56
15
80
3
3087
756
1324
1556
2034141
964
1684
32
2
166
2
653
1265
49
192
8358
6
0
14
299
2556
1330
662
41
626
2046403
23541
9
1
1059
0
394
8
575
687
905
3
1743
971
1484
705
1619
302
0
102
21
656
1475
3339
1578
0
876
984
1287
667
814
0
1541
69
23205
144
396
27
24
165
173
595
33
862
0
7122
3250
877
2069
920
292
1711
0
4977
19
452
13419
0
428
8757
240
660
7
11
343
90
1532
2436
4
892
0
1598
12
1342
47
94
270
541
22959
17
41
1857
614
0
287
914
22
38
17
15513
224
16
63
537
14
70
0
1061
1807
228
17745
332
832
14
259
411
1242
1251
24
0
1239
29442
0
0
1860
16
717
2035755
57
1114
24633
104
13555
1847
3
564
412
1213
1501
300
9
18
1324
10962
598
0
2030862
852
1648
1148
346
208
491
250
9093
18
1076
687
0
9
1948
226
842
639
668
12180
200
882
35
305
15
0
27
62
0
725
2010451
138
36
99
586
305
839
112
0
289
2121
3123
747
297
390
481
365
0
639
17940
5
0
17913
90
9
218
556
246
1319
14
215
307
9
2017737
0
3989
1155
167
382
3580
2029875
566
3276
218
19824
1457
690
0
79
1733
16005
14
1902
2022003
14490
2031225
951
729
1322
27
0
1479
383
1590
10
0
1995
461
2140
938
642
1
1454
0
1334
312
196
7329
2
1355
1557
12
39
85
391
489
0
1290
442
1545
32
3
72
2057175
113
824
183
22119
848
3528
858
1424
883
557
455
55
30
1320
167
2007
2042580
1178
0
1
30
756
95
13
149
2086
746
2035272
318
503
1290
0
21
2018598
2057
1977
141
2239
2037078
919
1469
3274
105
250
0
25914
858
2709
180
42
611
321
150
206
4358
975
0
0
171
41
2045604
2331
256
10542
710
117
486
13
0
133
0
2030589
1199
2779
828
1
205
87
396
106
2
19
315
0
177
951
3014
153
5
818
35
408
2059128
2025864
1024
23
0
712
238
132
1116
148
17
1849
147
156
551
46
20
0
23
13
286
1886
719
16485
63
5
314
13
760
526
0
78
127
627
2020257
396
921
17
2328
45
22833
2097
120
0
399
3192
271
8
468
2035653
284
1289
7854
5
3465
57
15309
683
702
392
1524
619
374
2051
1352
0
76
35784
539
0
944
219
71
1147
440
41
140
199
12138
4
560
462
0
37
1509
178
12
23331
2851
4494
81
471
70
1755
14
0
388
1909
14
2056002
2008014
439
888
996
587
1
1926
20
0
981
1030
2731
803
375
976
1335
29
273
3558
19446
1303
0
2025412
1328
179
5
99
1191
415
324
1406
184
965
2035461
0
1257
242
178
265
358
376
1598
22
2026746
2010891
341
1169
0
295
1974
0
2012749
394
2009704
1027
609
19
20
104
1434
0
421
0
1203
333
14
3444
63
1695
13
143
82
26
0
93
16
212
2079
495
57
534
133
273
640
1266
1492
0
138
2004255
217
15639
1118
4
227
906
1281
30
505
806
678
3360
794
657
565747
37
33
2019417
12
11
27
9072
923
0
464
1016
139
2044428
1235
2802
10
29788
10689
136
150
120
0
434
219
196
413
1297
159
5796
386
58
1589
153
4138
0
573
275
8463
2031933
22869
11
1256
1593
8049
324
243
919
0
4408
182
2021985
1617
1290
2834
113
51
2007726
725
1084
729
0
10542
172
31
357
266
2550
48
1169
538
305
1005
2006187
0
237
1622
870
483
1333
2154
95
1911
1339
21420
125
2013495
0
14
375
66
2807
90
42
382
11467
665
41
55
5922
0
10
4
276
957
99
2028825
231
29
120
2060136
330
51
0
0
964
491
2039587
47
1156
1151
28
286
2828
0
56
0
3415
2054886
62
1304
216
0
139
1269
1242
3380
30
461
1911
80
194
131
60
1058
6489
1260
468
413
1
5586
531
0
2
1165
8
6321
225
300
322
57
357
1016
428
15897
0
0
15
857
467
203
319
2010891
852
1260
173
2038878
155
0
509
864
16
26
1785
1128
223
2
3
25746
1092
5
0
4053
1156
2061003
1117
86
58
149
144
4
504
238
31
0
168
44
820
1032
293
2261
75
285
474
371
187
2023008
0
5712
317
452
1
870
1
1943
2006277
47
2024373
6
576
0
1197
221
4
583
2036
714
7539
297
1029
2560
28
1585
0
968
4
1159
1012
150
2055936
19960
2055852
32
2018451
33
350
0
3696
171
155
27615
2016519
3
301
185
122
189
14112
551
0
3717
16149
118
165
0
471
1241
10311
1298
265
11
1332
8064
1124
1340
5649
278
12
2035041
136
18438
1976
0
6741
15
0
573
29
10920
2044911
311
1245
13
18
16422
840
7896
5
0
243
85
39
16380
2028993
2029371
20443
14
71
534
121
73
0
660
564
2
1247
32004
155
432
163
573
254
16
39
0
1120
139
2066751
5235
467
548
193
243
889
2007237
1469
9
0
17755
26
59
1418
78
53
8
90
57
1010
248
2045205
0
4095
1187
3
1714
5
326
19404
2009736
119
3003
803
8
0
424
328
93
471
735
661
91
762
185
35
915
24
0
1
61
1083
1138
178
2047515
3
390
340
812
751
1861
0
495
111
1106
16506
1533
82
1092
76
68
544
1077
1399
0
443
168
1683
2012406
2061438
1633
32
28119
395
85
1011
2028741
12264
1461
289
732
520
68
37
286
1432
981
58
2008455
640
0
552
892
189
1853
407
7
498
980
799
3408
1206
100
0
1089
746
60
314
2021
1308
2982
790
0
15445
23
14374
0
2439
1
2352
479
2054634
931
441
60
740
1397
21
601
0
15372
223
27699
157
845
112
1868373
418
137
2034117
26
64
0
5733
887
448
38
1
72
657
591
69
223
4250
2032773
0
515
4557
57
2015700
2
95
691
2049741
278
5496
5
2048370
0
297
43
650
1258
617
259
17923
27090
596
349
729
1446
0
3906
2230
282
46
178
2015326
11
196
619
476
1185
198
0
1747
291
1789
21505
469
667
208
449
20
279
1004
1300
0
6
5964
50
1432
2048643
20
497
9
1
1108
683
615
5124
176
31
342
600
304
54
44
169
2027691
54
3717
11
0
744
24
1312
3
940
498
12
394
19146
1073
16
271
0
58
20
984
866
399
233
2020866
574
1088
605
850
399
0
363
846
449
556
7308
149
864
92
1202
1488
794
7
0
137
0
7245
330
196
313
391
291
9
5418
2349
52
0
147
269
537
2
1241
146
102
496
9
858
2150
2023386
0
1963
1428
2301
156
32
4707
2058624
359
839
19047
411
52
0
1494
1069
1902
25
121
1247
1060
22347
38
1600
1329
651
0
465
864
2007720
37
699
6531
1428
1117
30
9465
1288
937
0
307
1135
2166
8904
3
784
494
34
1178
364
267
1310
0
30
20139
1495
593
120
722
72
0
926
442
17
715
2025843
562
396
1559
11497
745
531
102
8
156
38
9345
2903
0
4058
909
210
27
1506
662
178
245
23589
389
397
547
0
2172
11151
100
305
17808
45
2020614
667
1484
18
5
11
0
7
57
206
210
34443
2294
323
851
60
47
2004591
2025129
0
690
222
18336
998
853
599
16
95
1653
8
163
264
0
2048397
262
990
296
2055180
754
963
50
225
90
700
2071524
0
249
1
548
403
2040249
371
80
55
5
15792
83
16
0
223
622
1864
626
14
2017528
767
2004801
799
452
27
386
0
1296
2065515
16
0
299
12075
79
48
5
1959
143
556
0
59
362
107
2035062
20
36
235
8
331
216
50
104
0
787
27762
1325
600
64
70
952
1359
2023641
108
919
0
26880
5733
704
640
715
9696
907
4
2027
4855
227
2033067
50
0
14574
693
639
248
557
2
363
2025823
29652
110
1518
14
0
3905
1979
1665
567
323
101
2040810
10
108
1609
1150
67
0
92
2011080
13
144
15393
23
51
45
68
26
201
816
0
17
13308
2020467
626
344
1019
277
564
114
195
326
65
0
6342
52
1642
9850
41
411
150
168
109
61
2215
2024058
0
344
700
72
480
6618
626
43
237
2009578
26775
66
10500
0
8
492
42
207
352
3843
27
23247
2124
16821
1
225
0
1000
521
26
73
1279
108
2034816
4099
3
1541
2004990
37
0
1703
304
234
7581
12075
1832
3320
266
515
40
588
73
0
44
2042224
23
727
483
0
58
1134
473
840
2029854
4687
15396
1820
19
300
0
504
563
685
21
693
1049
1575
366
0
162
967
34
248
17304
2
0
4
4788
783
9
8
0
28
2069
109
3
401
37
14220
62
240
4351
909
120
0
190821
37
162
453
2040018
473
40
3258
13
744
7938
96
0
601
381
315
269
1391
604
164
396
558
14
2103
459
0
2047284
897
548
1025
1064
506
47
991
1529
212
1127
14176
0
210
484
357
521
1679
432
23
97
1607
9618
303
339
0
1203
231
222
0
2417
1003
488
6615
551
2016
526
39
0
58
21
571
465
1
17934
13240
45
79
124
934
255
0
141
76
365
6552
1338
1299
54
2051211
78
847
139
940
0
870
756
322
1192
1237
1
2038401
232
0
891
9
557
2050056
78
1611
352
204
173
19
1001763
8
412
2047347
3748
418
0
80
225
1551
1095
180
85
613
207
231
1278
789
20
0
185
1228
16695
506
4
867
2772
12
763
445
931
2870
0
143
16
1294
439
8127
8149
1
287
2025444
3622
445
1
0
3
15
4179
1
1331
123
931
934
44
166
17
1865
0
13461
390
562
18
1635
3141
16
946
1842
308
21
18066
0
243
9
23
3696
315
3
3
13
89
6
5
7
0
4
280
11
798
2026416
48
1462
2017086
2053459
2050455
2
182
0
85
2038710
585
1845
541
31017
458
1074
2021
1379
356
10
0
891
742
396
23127
13
1365
752
1124
188
8
4714
434
0
63
19971
1156
49
48
423
334
65
285
211
831
660
1974
55
226
153
100
302
1255
2034351
6
505
1604
16149
1451
0
395
419
191
590
8505
0
558
1029
2045136
1626
282
1271
0
38
785
294
36
30
781
5607
424
16
48
1053
969
0
740
774
803
30
2035740
2040259
518
1490
927
661
433
1016
0
14
381
2042055
233
1368
29
16
679
814
1138
2015175
26
0
778
45
2167
340
639
9010
9
674
178
538
271
13125
0
5
1450
301
244
461
352
1600
0
186
15645
198
45
0
15
1
1384
692
441
144
7981
897732
40
1820
835
125
0
735
341
110
256
1086
2055369
2042517
4967
3
2007702
36
1047
0
265
52
679
6174
21
500
941
2011
373
1404
372
96
0
1262
5586
958
1281
12
838
18
7197
173
941
404
219
6342
133
6
0
0
58
1
559
277
20
24
2011731
433
0
1235
943
198
68
2161
72
167406
79
18774
2986
753
2036265
0
100
0
682
3
593
351
102684
1532
84
151
230
1173
0
1521
2011269
681
4809
570
78
17
279
483
1772
2016435
382
0
709
1073
2010975
250
15
659
198
445
48
9
86
520
0
15729
1045
1958
68
279
2029371
43
1956
63
3
214
2061480
0
722
89
2035041
89
10
508
461
49
737
2025627
3
312
0
56
357
665
626
85
7
136
277579
986
918
2988
163
0
983
1216
2796
1598
806
20937
758
0
17556
169
921
30
0
181
75
15127
7077
232
743
1102
183
7
300
10
1129
0
502
13750
1469
219
96
842
32
1421
854
648
8
42
1627
772
10962
292
124
992
604
32
228
1348
796
3990
371
0
486
129
1592
1863
1340
16
379
30
2041740
1
24
3
0
315
21042
1681
26334
1946
1361
10437
824139
433
84
554
7
0
49
112
423
144
2046255
207
23
21252
832
2190
2351
387
0
97
308
2058123
1535
1375
18
2035419
3
276
2195
130
115
0
11529
304
486
6
497
5332
25
58
383
362
442
441
0
135
10543
321
1035
951
41
21
314
1680
913
1306
66
0
70
3083
2007279
2009232
414
39
153
28749
18171
23
188
956
0
64
377
45
768
398
2499
78
0
2
418
179
301
0
555
30
683
27111
3
638
23
3686
3
22
19
500
0
1019
19755
528
728
80
11
12
699
141
26
3891
1765
6469
382
887
910
206
1570
15
610
1639
175
948
7350
417
0
15
1340
2940
10
240
30807
305
71
27300
55
1099
61
0
571
58
96
79
4
249
19393
431
363
389
1798
41
0
381
822
35
854
2021727
0
948
1056
5
2031219
365
982
0
944
2008854
2020497
433
927
42
2
1255
434
140
279
816
0
21804
265
183
16527
5
2751
109
88
16626
804
0
3307
0
360
1415
106
1908
851
63
354
7266
2008476
5817
1947
88
0
2040606
350
1650
1751
61
618
2
11594
30
669
2008665
55
0
111
269
1446
245
10
12883
679
4111
51
30
32
6216
0
1
21
2742
2045058
1524
161
367
3215
55
1911
524
248
0
1449
2026956
191
3
903
402
1321
5568
248
308
1179
534
2038305
1091
161
2
231
14
1271
31
269
2032605
769
13545
1
0
20208
56
628
1459
0
360
188
11
1218
6
67
87
0
24
23310
9177
440
844
24
27598
38
47
24
1161
32
0
1182
113
390
154
1308
1378
2038320
2415
124
57
40
6
0
537
347
9618
733
592
22
425
32
4539
3193
685
1892
0
1958970
1559
2060472
498
164
1976
19
1488
1139
1497
1129
1287
0
24
2032983
1406
7
4
998
3
248
116
2066793
2996
2052492
0
126
117
1040
265
1504
117
514
2027712
55
47
394
940
0
1030
6
289
60
531
4767
805
892
291
1104
5796
570
0
2042070
0
398
2012151
772
4494
794
2246
214
184
2011039
50
0
666
217437
186
2007825
622
1805
970
55
0
724
1387
35
15102
313
901
1176
0
119
1046
276
1018
2044011
58
2047945
14
0
55
135
1667
62
16
406
574
689
6846
1
4473
26
0
1995
1
238
53
30
14
1365
3846
1298
2021359
334
38
0
1204
532
648
119
2058855
7
693
0
785
91
71
32
0
1695
3
4404
567
49
0
1465
22470
1455
704
2021895
14
0
2050540
98
566
915
566
9
490
2828
275
986
323
4453
0
2043540
54
192
655
110
320
201
65
1
2019228
0
15
0
2042391
589
466
167
9
20
11445
10920
649
8
1214
232
0
6
344
667
12
399
8133
261
803
85
1039
82
1779
0
315
68
1431
969
437
300
480
314
1849
73
379
19
0
17
219348
232
287
53
70
41
677
1064
25
514
599
2011500
366267
81
882
27658
331
644
144
280
314
15
2044260
1025
0
178
995
810
508
1706
289
895
3
2008476
576
69
1221
0
1401385
2233
422
24
34
2739
2032347
2131
118
1136
102
906
0
36
2817
10
1617
1302
41
37
2039535
1818
104
450
23
0
323
411
28392
1
595
663
582
803
29
228
0
5270
0
756
14
2662
3
620
513
1
203
75
1512
240
2668
0
403
610
1
677
2049
1002
1206
953
1232
2002932
32
357
0
17
289
207
44
1691
896
742
16695
484
1
90
690
0
1012
80
199
161
396
24489
21
22
5
183
2436
1331
0
417
1603
2031933
2037571
224
502
15
29169
518
123
863
2319
0
804
203433
637
6489
832
1474
713
43
293
141
1768
229
2048481
11
364
1482
28
483
379
517
654
894
73
2037345
371
0
3
0
247
873
362
331
120
1072
11614
540
228
1720
0
63
261
36
8
1203
10363
7183
1074
12
12
1402
60
0
3045
520
0
28287
10179
7392
1332
102
159
449
12
400
0
536
256
5061
299
258
1876
1100
142
9
1274
268
341
0
2020719
471
4851
46
623
489
1759
997
541
282376
145
5460
0
704
1306
22218
104
362
736
392
293
70
1350981
445
2022468
0
62
28
34
830
769
163
572
2053168
740
388
25
894
0
539
524
3
831
131
23731
2046130
283
2021139
426
1424
1477
0
236
400
487
1386
74
520
394
76
50
19
255
28
0
202
2037540
564
1736
725
166
792
1090
8904
42
822
1215
2055390
0
11
40
393
6
708
354
55
224
844
1176
1073
0
0
3
841
381
787
9639
714
1
3800
30
0
619
0
796
67
668
16
168
8
83118
246
1990
1425
436
1
0
991
4
2206
37
16486
31
1248
2027418
1483
66
286
1104
0
945
10
2058
312
819
427
373
4746
30
3
235
203
0
7413
2044449
4255
3462
2541
1306
130
10
8
2006292
1062
3822
0
1
35
1381
873
168
333
773
35
629
2142
15
1284
0
153
232
1015
3349
1827
80
27888
5376
23
0
1734
43
0
35
240
613
69
64
325
737
535
232
726
30
1697
0
26
96
87
3129
12
171
63
11
4
1278
242
11
0
858
5187
12
12789
901
1025
80
870
1212
264
169
12
11250
235
220
694
0
299
361
1687
37
31
1574
945
2048442
0
285
503
39
12
241
658
553
1
2036265
473
506
472
0
1154
677
114
1578
200929
223
5040
4198
2637
2010031
638
1338
0
1113
2033004
344
3478
16803
967
4
766
59
421
32
1685
0
225
937
12579
120
16
283
4
190
374
118
26355
14
0
3402
1967
2810
678
532
5
2507
3
450
525
50
2039571
0
797
264
12
0
938
847
2020110
1358
261
2006670
15
2015868
0
460
2156
629
33
1323
35
189
25239
997
826
62
1218
0
1141
94
1034
5256
1475
2038926
221
1263
30
1177
711
5544
0
20
1399
504
630
278
920
588
22
170
27
29
689
0
80
14181
2
1101
6
56
753
83
16
135
5
231
20727
1065
23
1051
659
2466
155
1071
513
2563
5
13588
693
0
2019795
336
2001882
24
1040
23
1166
917
21546
2031093
421
1642
0
7
1680
0
898
320
47
2032269
988
25
689
438
23
0
220
18
9
199
2064693
2709
430
219897
1373
552
1885
18
0
1116
247
2035020
153
311
6
69
638
243
255
342
1260
0
7812
2349
72
443
4
543
756
481
2065438
6
1906
14805
0
229
885
1446
94
2008014
400
5691
257
110
5916
631
44
0
32
2928
659
2032290
1748
233
7
15592
1797
1814
45
449
0
785
502
91
4080
1965
17409
259
331
3
5
467
365
0
908
423
125
2015890
370
724
24
296
352
633
171
248
0
19
2053920
130
8
714
487
1
212
2033634
2022945
3522
188
5460
46
984
1165
125
1477
8
3812
10
1088
106
2049930
12
0
314
115
978
1386
2013603
51
635
1273
14826
284
265
381
0
28
52
384
734
3
128
2045142
160
483
262
195
200
0
0
1337
854
0
2029203
2035
113
217
650
0
77
386
0
302
238
2029633
609
20
29
145
203
0
2146
6
109
0
1449
1072
48
1075
752
412
6975
142
228
30
0
1092
0
267
2038611
635
375
88
78
26
471
1328
978
7
226
0
402
91
74
294
909
672
34
9414
281
343
174
47
0
0
1152
399
1206
462
2023323
61
101
302
2121
23
384
0
285
31
34
2015064
23
17
1316
14
165
316
748
387
0
783
15771
0
131
476
0
344
215
545
23
238
30
1800
21678
984
56
362
10363
231
95
979
1708
0
6639
2
0
50
57
503
110
652
400
89
3486
4935
35
554
590
0
2
60
461
1126
36
1
2353
861
148
536
83
16
0
641
1042
0
110
2047410
170
446
0
0
513
71
165
0
2038638
25179
3507
260
466
1267
1299
257
27
2844
160
394
0
2044932
1254
706
11
11133
969
238
239
2031870
44
11298
1953
0
2034558
1061322
21
411
4054
1497
63
16
495
15072
588
1393
0
673
21
465
495
559
1
3272
4731
39
47
369
134
0
77
1654
3677
407
2
2038380
56
268
818
2052093
21
423
0
25
715
2634
4767
41
571
1016
703
4
1592
18423
932
0
2021119
462
632
286
31
12981
19
1
1556
2
1140
3900
61747
348
250
305
2568
281
107
623
273
113
441
17640
605
0
590
27
143
601
7098
2220
79
42
2036784
1198
1393
508
0
126
2054949
230
1325
1153
623
31269
106
1695
0
694
2023092
0
17761
8
30
954
2032122
329
35
418
100
2028846
1504
1918
0
103
15
1109139
721
104
748
216
694
1181
123
658
210
0
630
522
759
19
2027
15
2011515
156
40
14
174
6786
0
16
1289
230
597
29
173
813
56
45
3291
3
236
0
7
29
953
322
454
61
663
2060514
184
310
0
336
0
765
53
51
265
978
2030841
7
805
1596
485
29
12
0
470
305
1386
5481
1031
469
19
11
1040
4
284
42
0
612
6951
119
32
1249
165
614
1128
3027
184
0
945
2022646
82
1317
755
2034516
1349
13566
81
7644
28
169
1265083
52
0
563
2042811
62
154
34
255
1701
637
1197
293
17
1003
0
469
1090
7
171
38
720
2033151
631
64
2
834
8
0
138
263
2005097
31
12510
0
406
1102
1232
2023533
192
2032443
0
3696
126
2023827
5754
1989
1588
29
1431
451
298
263
1149
0
5124
153
398
2024
290
239
2022252
346
518
592
110
27930
0
2003142
108549
1002
127
320
33
658
333
793
3321
650
585
0
418
259
9
964
20
8
346
6268
117
117
345
749
0
3238
703
307
592
1013
2049153
49
231
2192
354
28
0
0
527
2048512
1431
18501
36
1386
1507050
13
150
809
346
5
0
2009
23919
104
22
1006
1677
1931
2009400
1009
2052124
320
3562
17052
0
1634
386
244
0
584
2033970
2032794
1015
3699
2048250
40
0
648
44
508
6
267
29
1213
31158
9471
148
5
1173
0
255
440
606
593
93
52
8904
129
1201
358
3302
855
0
98
371
639
1076
7818
45
4
320
619
1272
873
3268
0
139
749
1207
1
12
10
702
1463
183
673
15
22
0
19048
376
61
225
986
425
137
244
1660
0
291
2022052
0
1212
47
4254
1095
0
86
852
542
116
2034636
433
849
0
31
1498
4419
102
642
233
15
2056338
925
2152
200
314
0
779
351
572
4408
908
2044738
1056
317
374
2034474
1141
34
0
2577
873
65
9129
299
1468
435
299
118
75
7
276
0
49
1515
20
0
1618
1109
173
438
270
40
28
266
9135
162
12
2028609
685
914
767
3051
86
17304
1
162
0
0
32
798
602
28
248
990
1
581
23037
698
863
57
0
1
691
371
2
80
1299
2037666
18
52
449
121
886
0
578
2861
344
581
2018829
380
13272
2434
246
787
344
625
0
414
159
5418
1143
1
1101
794
794
36
109
1283
915
0
630
562
1034
667
508
655
2973
9
147
1440
489
25866
0
984
244
429
922
0
212
45
60
208
12117
901
1099
0
1062
335
1443
1584
89
426
7812
2055138
2910
1621
364
1036
0
140
0
631
754
3882
19761
429
30
1423
2846
242
876
0
251
26
2863
1900
1460
538
174
1595
1057
95
175
1082
0
387
2604
39
29
1281
603
2
1019
2
1110
6
73
14490
1
20
2245
4
1726
734
0
65
346
255
541
77
0
13188
7
736
385
168
707
2016099
19
16716
17
469
2311
0
633
45
888
181
390
262
5817
1680
124
2225
218
412
0
619
516
11
815
2184
2088
401
305
221
1491
26
448
0
415
251
26235
785
20
1455
1029
1020
2058555
25
935
341
0
10185
189
572
1739
109
775
1912
2049961
859
488
655
14469
0
1111
2016319
1586
2027691
714
2029518
353
17934
9
2023722
104
162
0
0
1095
363
389
627
504
595
33348
71
10923
712
3362
0
17
195
1635
1567
116
2035509
1277
270
71
305
32844
1433
0
995
182
101
12432
31
0
53
47
34
382
12037
408
0
20580
8736
336
2316
121
1433
880
2694
76
109
193
14
24318
1177
979
290
12351
141
116
4
2393
58
113
2056524
57
0
1215
731
867
806
177
24
121
29
9933
21
3180
115
0
326
608
23
79
251
442
10101
1613
540
38
43
1253
0
0
24
687
787
2551
1400
592
78
970
42
25
1422
0
47
197
8274
414
743
76
122
129
26
953
240
235
0
2004255
719
13
176
6
3
81
22
3
270
1497
19131
0
222
834
357
367
47
1171
174
53
855
24402
216
338
0
320
2015784
1100
182
977
787
443
18021
7098
2668
14
1107
0
1066
1435
731
18
7
393
256
5
62
10
550
344
0
713
172
1089
9933
133
372
571
498
79
1260
69
593
0
1183
2037414
50
1076
19530
680
2023197
159
7182
875
841
166
619
22
1907
1
71
795
154
2023662
2457
298
51
12747
2014587
0
263
195
28
1233
26
2044995
63
626
2032884
2982
1196
349
0
1153
700155
2027277
0
751
1794
2044659
2039629
74
1110
133
2337
0
10
1827
12516
649755
2044596
15
16
1
554
903
616
864
0
18795
367
496023
303
294
0
1344
2337
591
467
14
1072
0
21861
673872
590
1231
15996
6852
2020782
1297
111
2076
622
14805
0
292
0
1001
1093
1508
16488
509
344
229
12775
490
0
0
727
50
1180
1252
903
2170
429
27258
6
38
14
144
0
5
36
3052
490
316
1114
31
120
42
2040
240
7
0
128
424
1
2033697
24
349
1039
235
661
2029707
1754
227
0
457
3150
146
631
16
519
1028
46
35
27
390
616
20706
1163
52
2053683
94
348
96
0
202
959
1056
2661
23
0
3
1988
0
312
1498
138
521
465
37191
1075
134
52
0
544
35
16
1335
3
1752
15393
570
219
365
1486
26
0
463
1
401
227
8106
47
84
996
596
14175
43
17
0
450
3535
13755
2
996
1929
429
20
44
305
679
1363
0
9643
282
322
477
5
200
371
2373
368
1239
87
2021517
0
4158
342
334
9
153
1119
424
312
2015931
2017995
218
1141
0
899
99
4278
578
12
2373
230
2026620
1151
681
776
1124
0
143
2038317
29
142
7
3423
6237
53
1
1359
2143
647
0
537
836
107
2025822
776
1452
8169
14
922
23
1806
48
0
8022
2043567
510
1362
1055
1122
930
82
256
72
2045121
1004
11550
35
2018115
717
531
1210
86
69
355
187
24
7750
0
0
153
505
761
818
955
30
108
15540
2048460
595
192
66
0
944
948
156
673
58
0
2499
999
401
1806
0
636
0
798
2058015
150
244
2037
556
1233
149
17913
242
2017485
337
0
18
223
819
34
27
14
158
19
273
486
154
1891
0
483
240
1368
4
723
20
9
307
280
2057416
6
9198
0
148
356
1
488
1110
2
871
552
581
2027166
685
2025699
0
516
254
353
2042217
841
2023165
40
3004
756
68
13
499
0
97
880
473
1953
2352
120
400
2009589
261
393
22
108
0
549
813
676
2025655
147
2021580
376
929
1199
318
285
15
0
5820
2036490
269
3910
7
330
86
17745
199
676
84
472
2054703
479
252
52
2006403
812
1166
37
837
30
2035167
84010
1641
0
112
899
10
1839
200
318
29
567
9009
20
888
1609
0
30324
322
588
292
150
93
1619401
206
524
17
237
0
0
1185
282
4
104
6793
266
40
270
425
346
25011
1
0
121
746
2039934
8
235
1809
1639
110
1229
2005683
1183
269
0
2055495
1762
345
1097
2054214
0
1323
1
2017275
4
256
1344
0
1542
4
0
21735
11
29
691
1
8
5208
711
357
0
861
53
21
1
628
527
1518
1743
975
1205
228
160
0
112
0
522
62
126
5055
276
644
88
1811
48
2
0
1066
41
90
12663
980
1639
264
877
2016225
17
1374
59
0
228
2019144
994
791
21
124
1599
427
200
787
830
418
2045017
1186
17646
55
1
1396
969
759
64
147
1592
5103
637
0
525
196
114
304
298
211
396
2193
558138
922
28
46
0
15
0
409
23
754
1
20880
0
320
43
36
123
0
220
910
19
614
861
141
1337
487
745
772
183
244
0
2042664
40
12348
948
648
90
4230
121
14
198
1385
219
0
2646
101
483
372
966
900
2049693
11
3381
3008
349
2024415
0
128
1636
2006586
1127
125
93
194
3423
111
2046034
440
1198
0
1023
17
1814
3304
2030386
698
23
17335
493
35
10
480
0
584
9
1195
1063
771
147
44
924
814
26
1285
285
0
908
855
1088
2051358
1158
1988493
2028447
765
4305
1650
179
7
0
135
2142
603
394
14
409
1271
1136
16
848
1664
897
21
422
205
0
606
613
12
22
978
337
1276
2013411
1407
0
1990
2010072
663
87
134
313
939
388
2046202
10
31
572
0
58
6951
142
2064
12
198
2881
900
8
209
46
81
0
147
1125
29
205
2013180
347
682
20895
2445
311
1030
47
0
4384
1249
2028720
1613
510
1357
306
2358
1682
189
3524
0
0
3822
1082
248
758
5
326
2455
170
250
63
34
1785
0
297
1974
2017443
443
23
63
354
889
338
19344
0
383
0
981
17
139
263
282
42
69
2499
12
11
8
2030211
0
4
27
77
75
125
20208
204
2146
793
2267
35
946
0
282
1442
23
5365
1203
1903
766
382
4711
2045814
493
1908
0
11466
6447
619
270
8
6
470
36
1540
19
268
420
2031513
42
54
96
1185
1028
636
100
78
613
0
21420
2464
0
1125
2614
1197
510
2
20
24
0
2036815
399
1645
25
0
277
1187
2055
2
4
675
6153
1504
195
141
687
1208
0
54
1175
368
441
3822
2
194
776
987
895
123
4
0
1090
235
2057841
0
459
102
606
3468
353
422
2844
1241
0
2056513
498
142
2064318
88
24
545
756
1061
8
1636
630
0
15
21
14
75
234
755
3163
1398
1014
11838
246
2043063
0
2023911
134
1232
92
2606
14
81
1681093
435
623
9
1609
0
2
236
451
9
2324
1933
1
117
0
422
63
26
0
287
2014314
2020455
2007006
643
1542
380
798
278
463
738
396
0
1181
2036616
474
1309
218
762
561
1034
513
566
38
3
819
58
14448
1303
735
229
25
23
162
516
15
10710
18
0
42
31
14
736
876
642
298
0
2018514
17
1
20926
0
675
368
49
375
122
2039979
2049058
310
84
91
548
238
0
976
1179
1815
803
2037540
151
247
37
81
1180
374
351
0
0
558
15729
61
366
1039
114
166
192
1303
540
0
0
2044071
31
3
84
77
2032647
214
790
105
812
1648
6489
0
71
7
36
215
0
160
152
6
1585
2023932
9
1694
0
15183
2038554
48
58
41
993
42
13276
78
43
1212
33
0
34
848
244
1563
1921
9745
2
50
0
855
0
1287
0
2014671
3200
82
1978
63
675
2268
525
32
338
2
497
0
5
2028909
1091
149
8
0
1848
74
18
231
1972
280
2040879
3
205
626
165
296
7
446
535
82
88
12910
531
0
2039850
564
79
1816
1633
2421
13
5334
2046255
4851
20853
4
0
800
14805
1080
80
50
294
804
120
327
1382
1216
9
0
1657
1482
610
2
2058015
600
779
309
659
242970
236
7
0
54
56
1494
659
2036983
2998
5
686
172
2194
170
653
0
7098
2873
1383
963
8
1814
43
527
363
287
2
18994
0
907
2065219
519
7
40
27
899
2010597
132
6793
24
51
0
1086
83
1042
154
77
49
77
7650
1326
324
942
30
0
41
43
34
1470
1490
2035881
786
586
1084
151
1
2049993
0
873
737
2022924
17619
1165
567
306
664
1031
529
344
1618487
0
1354
1281
644
19
13
292
144
28
154
2009652
365
535
2037645
22
10269
1662
491
2836
53
396
2137
58
1016
5166
2153
0
5
45
18
648
1578
348208
88
423
2036406
624
14
3808
0
19
4
198
151
377
755
636
55
2097
449
14
1641
0
308
307
50
3
14952
56
477
2049384
12
0
352
135
0
584
145
483
240
769
29
817
1272
715
51
6
1603
0
1785
492
191
140
2
1047
45
779
383
433
314
25473
0
14
994
3
28
366
833
1295
105
392
12705
814
808
0
41
1240
11823
502
4641
971
1237
2043819
687
2586
129
504
0
11
1
796
681
3177
7770
0
1987737
284
202
9
2625
0
168
795
2012361
4026
7
185
124
6
2028321
949
6
12
0
504
850
30
975
930
9
745
321
417
1171
28
44
1386
768
374
2197
55
273
2902
0
263
0
390
1197
45
0
7
5025
288
122
49
98
405
0
2039478
151
247
279
0
984
4494
33
1537
116
316
1722
1395
399
1331
360
728
0
447
709
301
660
19866
181
398
220
12
439
2
1
0
1469
945
30471
200
99
5985
1784
29
794
2
298
188
0
9471
1032
8
136
122
0
1210
144
216
1270
4736
10086
0
24
72
706
824
1662
175
3030
34
27
17725
4800
60
0
469
605
2226
95
258
2604
50
2037225
201
2056
90
298
0
705
1749
1122
289
877
2047347
1799
301
54
837
26
1238
0
124
72
69
10751
547
60
388
1056
2037645
1731
448
47
0
149
2057857
1069
477
352
15
22
102
485
738
1170
474
2021983
505
3
1516
3
11
726
402
0
595
982
2036871
214
0
491
2371
356
673
24912
104
34
1113
210
2039970
222
16
0
81
66
4521
13
776
1397
24087
58
90
654
348195
502
0
996
280
2070321
552
2017590
2032143
72
566
3
26
1465
7
0
6174
584
10986
1886
2010786
0
390
1440
381
322
1
1136
0
2055166
14
268
799
0
219
333
96
15
8
63
168
0
2007258
3948
317
188
393
75
90
3
3457
8610
543
1493
0
194
615
34
18
794
28
419
2050203
1121
215
1287
517
0
49
1432
2145
2
381
9372
1079
840
20436
502
96
283
0
1110
1154
19719
4620
106
335
164
1013
16
969
34
221
0
1581
2042832
153
31
1
1498
1984
22
618
378545
105
101
2009169
11
1
2032500
0
129
214
2044660
2
141
100
14364
21
0
1515
298
1422
929
2
2035959
86
2039487
11367
1128
504
199
0
58
2052822
3451
435
4977
703
2058444
326
29
548
1343
847
0
319
146
56
1167
2022189
26964
2001945
44
7119
784
29
2034495
0
414
28
2010768
888
558
1
48
659
1636
205
935
186
0
7350
332
420
0
52
982
165
854
1157
5
0
6699
0
360
485
175
550
1055
6174
1254
26
460
13923
166
976
0
97
674
293
43
22323
20
199
3171
817
1141
33
95
0
927
24675
584
8611
318
5292
234
1
11
57
106
163
0
65
1354
2026882
2043127
363
1680
862
826
1569
1328
50
431
0
1652
2069818
507
1417
1
10
502
2
1182
17325
1675
879
2036799
30
696
1113
175
544
241
2212
575
67
196
5214
30
0
295
22
816
1171
1086
157
2022651
974
2044134
776
350
27741
0
37
2004129
200
193
6
1368
8527
0
430
1645
1353
753
0
2580
28
180
194
15330
512
22
813
1626
1437
103
9
0
836
22
2030736
3
370
7
473
1473
344
54
0
25
0
8085
1431
7
1273
818
56
1139
147
2053
126
227
2015862
0
62
87
1
283
1534
132
76
20
51
2031726
186
97
0
2010261
11655
55
251
3074
1386
686
1291
337
597
270
750
0
138
15330
909
294
350
2011857
36
3
323
793
796
132
0
1052
59
1358
2034750
750
342
226
28
522
62
2018661
1280
0
1231
63
176
429
23604
120
1117
338
586
33
743
6
2022105
1948
17
3948
2031792
372
3497
61
594
2047368
225
924
320
0
2054823
78
2038569
4704
173
1949
858
892
14202
2615
322
683
0
17
2027649
2
0
63
439
21063
869
65
198
6
946
0
915
1181
9
171
2018503
291
86
0
106
210
1
1631
0
1710
57
168
28
740
510
5
2008365
15
1269
12
2262
0
2006460
573
2446
381
819
46
657
1247
1378
463
2052051
10788
0
193
59
652
5
992
1820
1428
58
59
6238
4347
364
0
4621
11
401
674
294
218
60
6174
237
320
26
53
0
742
3495
179
1597
23
2020582
617
2008623
63
487
758
869
0
683
131
341
8226
67
2037183
18
14
116
631
659
13377
0
1
3843
3
317
1755
545
49
5
643
368
200
144
2053332
0
49
344
975
104
263
35
77
81
879
3024
659
0
21378
2017563
1210
878
1910
2011773
206
155
16275
370
1
29
0
875
1601
2
2065
45
12
2063643
3
126
291
393
286
0
1565
803
24
915
5650
50
2114
28
464
864
31
814
0
86
201
18795
255
401
16
254
65
69
545
4
208
0
2793
2226
1227
114
78
1399
399
382
486
2019336
254
3255
0
20
411
106
353
21279
860
962
3
44
32613
233
33
0
1923
529
50
89
4
176
98
2036448
816
15
809
815
0
90
8
1074
671
1432
2058
1419
10
362
19
141
1759
0
81
4872
17
1065
255
0
96
75
3129
10
44
514
0
1
2033298
290
0
730
2682
1584
691
0
672
576
751
2041362
351
52
501
331
4
432
959
1715
2180
11784
2036043
922
0
6
112
48
884
478
84
818
242
18732
20
783
1394
0
1392
11
225
625
0
839
2012322
11
1508
992
769
0
0
797
175
440
28
1401
1216
19
501
307
7
307
389
0
2005200
845
34713
1134
403
37
38
1375
5
1307
197
167
0
2024877
73
11
800
133
205
1196
16
137
8
70
2049132
0
248
961
1486
19950
326
153
2023767
308
1278
2034139
1087
188
0
77
819
15
1560
709
256
196
14598
1200
152
208
45
0
36
509
241
251
1358
2050707
653
652
99
960
696
1192
0
318
4599
20
2057217
15309
10
976
15
94
33
10
27
0
0
14700
314
2042
31
330
1201
5124
2036826
4156
1601
404
861
280
52
343
0
839
35
1501
2007006
410
1359
2033298
12
0
0
39
1969
706
723
2002281
25
37
8400
7812
37
367
0
5
421
7497
680
57
214
2026893
563
65
1
16
8
0
7855
199
313
490
1807
2522
2422
1377
626
587
42
576
0
119
62
3675
27
339
203
44
2
936
510
66
1431
0
1293678
88
2045079
173
104
44
23
1575
5229
1923
270
441799
0
185
275
3352
464
181
54
288
836
67
3255
313
2026977
0
225
71
28
702
222
2
229
2478
13
286
645
183
0
1549
3906
206
1235
44
15225
980
223
1415
493
22
269
0
1172
336
1240
2054634
68
262
2589
952
70126
254
133
51
0
21
2919
326
198
458
297
1598
541
187
1469
13
916
1323
860
22
16
27
241
3864
0
591514
25
862
2027985
14958
0
2008
0
81
1
603
1222
313
1739
2032168
2055664
119
48
0
0
158
72
294
538
12243
7393
55
276
959
354
1279
0
150
69
588
14
1980
21
67
184
536
353
1733
886
0
182
9
4602
11571
1164
675
13251
322
14
66
407
180
0
6285
2
372
1064
231
2016522
814
420
13104
301
527
12642
0
448
236
1220
133
1
898
782
886
238
2010709
502
102
0
888
78
2027214
822
14805
398
118
115338
1664
138
763
938
0
124
2020320
1010
3759
592
2032164
1289
17
1864
3049
761
159
0
1681
22
321
2050435
3103
9292
60
633
1
2056461
1188
0
0
721
2031870
16
348
349
328
315
643
831
230
52
215
9156
2035947
114
197
919
38
78
1952
536
153
1146
1875069
501
0
1095
2022
72
1098
31
913
1051
26
12732
12159
82
7
0
1390
2031334
442
370
50
2043798
31626
292
70
616
2017743
9
0
51
1121758
62
948
253
3012
85
6
395
1484
312
42
0
1736
289
399
355
796
733
45
0
164
446
0
14
0
4875
2368
20
25
2014356
519
738
103
370
33
1713
2027964
0
2007597
1543
1050
147
272
21
1995
698
1134
2046675
282
1549
0
2123
183
705
573
465
941
6861
2032458
194
1590
45
2308
0
724
1226
243
105
293
13734
639
724
568
1089
462
35
0
702
1122
164
2046906
39
900
403
150
1112
26
18
76
0
517
2045121
94
1454
69
127
35
14301
1851
7
685
1925
2040207
399
1538
40
1127
1384
0
7
1069
98
281
861
420
0
85
1327
1824
45
71
22
976
196300
2029833
29
507
106
0
1981
49
36
13755
3846
313
22485
35
2037414
216
67
9
0
259
27
2478
236
2034684
499
60
2461
64
22
219
4875
0
822
255
2037546
105
1308
689
98
568
511
61
209
220
0
2021868
209
2048880
1204
134340
240
2349
2035272
10
1090
43
17052
0
5
44
723
58
184
852
186
0
48
1059873
100
57
0
2683
1167
0
138
238
329
28
7245
152
27
1306
209
0
460
14
3
24
440
1417
151
4
0
754
61
33
0
7
81
583
31396
196
2479
449
131
281
22
1258
383
0
1096
619
467
18
391
43
35
11
2338
1092
326
1349
2041671
337
62
848
456
704
9261
63
23
2073
521
1638
387
0
228
648
86
237
265
4
1995
2909
8904
567
189
1221
0
1
3125
4
4
594
2
1113
435
1089
774
58
2799
0
1405
1979
344
33
7140
9
15
114
7329
45
27
8
0
2035881
818
567
99
104
181
479
8106
13755
151
50
1727
0
26628
182
12
1212
0
653
452
1294
182
140
213
19335
0
2123
1067
168
537
1773
928
249
0
285
2013432
1168
321
0
31
45
328
591
173
55
1002
2027670
441
61
1496
1106
0
2835
230
1507
328
740
53154
1158
4
888
56
349
110
0
1374
311
2018661
20538
986
168
8
2042769
131
52
22
400
0
29
3366
2014923
502
32
2984
555
14385
17556
11
1598
537
2373
7692
98
2646
416
1449
12306
3183
87
110
1031
29232
1278
0
446
1746
142
1062
2300
2189
21
273
11466
623
202
15
0
2040144
626
2045586
398
21
3
9345
6
209
2531
1705
441
0
1296
1189
1148
344
2033928
1267
338
1831
786
371
12
562
0
3
2033151
3948
1
1262
2014442
2379
1635
10
23
448
1161
0
2043924
19
1068
30
525
287
900
1206
135
779
574
378
0
135
947
237
762
245
1860
2009778
2018178
1407
13104
2056294
11
0
188
1340
94
629
45
18
963
2030389
2044239
29
216
16632
0
2023470
203
557
415
533
2029749
530
1269
597
559
28
290
0
905
378
1118
2031975
428
651
1025
20
1351
190
2027355
616
0
10818
4326
0
1115
118
43
107
536
1548
340
1576
901
18186
7990
780
83
173
1130
176
12
807
563
1596
2058792
51
0
250
2028300
182
1
528
483
23
581
5335
1499
684
473
0
355
824
73
359
933
1167
10605
325
0
536
224
1072
0
1498
602
356
2053500
2036385
266
373
95
1295
1762
1469
136
0
852
1156
16023
362
318
77
538
62
67
411
421
47
0
1533
6
376
1632
504
518
983
1421
270
37
1062
1365
0
35
862
7
2466
1351
929
377
464
779
8616
40
5
0
643
38
1401
855
0
1533
421
33117
1229
307
72
982
0
703
1974
56
212
1162
714
2553
220
166
301
1050
448
0
512
486
15
20517
353
486
2037729
142
110
157
25
728
0
288
16908
0
114
592
252
3710
21
94
120
2016015
505
2058898
278
997
628
2352
1190
503
863
1260
387
573
2034684
3093
0
62
500
703
1301
745
569
147
16
2015932
933
15
1384
0
0
248
873393
613
2
381
2051946
1249
40
1129
317
0
0
17
1498
27
31
2017254
972
609
1379
1209
46
4
116
0
1482
179
2016855
507
1125
128
3
1559
2014896
5
7
13
0
16233
5
282
114
780
272
59
2065407
0
837
7014
2034411
0
77
11403
601
713
2034600
1768
65
383
1229
35133
3
1199
0
25
11
145
765
95
624
384
34377
1325
35
1259
146
0
379
2
414
11
0
21651
712
436
113
1
0
1448
0
0
188
22806
2038989
147
6
273
473
513
174
770
579
0
1845
2015580
2453
360
442
7
6909
189
48
2012172
85
1265
73
533
1366
747
468
1575
3
600
3
279
319
2023564
182
0
161
15414
935
88
6
2436
1025
1659
18897
31
612
3684
0
902
35
100
269
604
634
2039724
17
127
1319
598
1614787
0
5298
341
320
2033551
26754
16
23
279
12
2112
72
43
0
732
547
2006604
9345
0
662
51
266
12
471
261
1725
0
22785
476
8
26
578
7
46
297
490
47
722
2034595
0
2147
5
2969
1129
26
647
1550
225
577
339
960
1571
0
8368
865
1051
415
225
68
1634
2625
1643
2284
1869
16
0
2011311
98
633
1024
4
8778
48
67
2109
74
679
47
0
328
2050728
294
2033131
5817
1575
1258
347
1438
23
116
81
0
1245
3867
896
2021716
1309
131
529
576
430
216
75
4
2011437
253
85
7
0
381
735
1199
1032
1170
3321
357
492
0
340
1273
0
22
41
455
336
468
17482
567
1025
8
0
422
1
118
284
17
541
2022204
69
4
66
526
797
0
634
389
5160
60
21
247
234
64
300
360
1116
33
0
37
705
4600
673
592
3
30
23
4121
523
1
94
0
16107
224
410
3
31200
5181
33
385
851
501
174
9250
0
422
45
1311
7518
37
735
88
1580
152
392301
1269
89
0
1686
2703
236
1141
21861
97
2015553
1417777
1237
1251
444
2021097
0
7
301
23
201
316
21168
452
1
381
1771
1828
2011710
0
27
275
1107
7392
1689
105
537
181
371
0
2020341
2
0
1319
150
279
499
404
508
0
2005788
557
1894
758
764
2035965
253
155
21966
3255
2019018
98
244
11
2035791
496
2024866
9
0
21
1129
40
2102
364
174
1468
20
111
280
917
638
0
1262
18
1020
373
38
1996
28875
407
540
829
10
139
0
365
524
1760
978
2142
1
342
26
2310
2027631
402
297
0
2014419
399
10836
27
319
968
3101
353
137
83
37
64
0
18795
2
15
14
141
609
0
465
136
0
177
1575
0
2535
321
1240
286
1241
1
486
117
1179
673638
49
822
0
361
1911
748
24
705
1057
230322
147
19
162
243
90
0
28
16
450
1466
324
3171
3546
5
448
3752
590
242
0
166
227
501
2023848
31
1050
390
68
740
550
372
19
0
1487
16800
3655
1005
177
733
1153
108
932
55
39
121
12348
490
0
145
34
0
16
217
195
1394
1018
10774
55
0
182
1420
186
1689
149
145
20
10
6258
16
1225
88
0
903
41
1748797
1162
74
1830
7020
1124
878
11
175
34
0
2
39
2646
274
5103
323
951
1260
154
887
693
1969
0
1203
1161
26418
159
41
3385
473
742
1177
158
378
121
0
19068
174
721
534
870
1641
192
5964
1628
29
2025150
17368
0
367
1170
3342
931
1044
210
17
1447
2423
4551
147
75
0
1041
257
945
54
902
246
850
8610
1180
2030232
1027
179
0
3498
65
1642
2009379
37
2058267
2025885
2060934
756
18
2796
410
0
2581
851
88
29613
362
3743
2751
542
2028027
20
54
90
0
1729
12516
25557
2
1038
304
1124
1
740
148
157
1413
2646
840
26
2444
632
731
1598
22
17
981
1487
26181
882
0
837
195
903
559
303
25
548
740
3738
26
16611
35
0
9
868
653
1259
97
420
2035734
972
422
184
500
74
0
2018046
2686
1371
2049826
4577
250
307
984
124
133
956
58
0
59
1786
2038338
817
176
2039042
313
16
394
583
8610
1317
0
2059380
1452
607
6132
183
235
6
0
98
2049174
834
4011
0
181
61
563
155
5
26
881
95
1160
2061
759
1106
0
34
1
13
568
13
1007
22
2021706
310
804
2016015
169
0
0
4126
1072
252
728
4368
488
242
1454
367
943
1425
0
0
30
735
2035912
2020
866
1008
1231
2178
372
2024845
2039496
0
1170
2033214
220
554
98
3723
1403
1036
2039577
10
1081
452
2033781
1216
636
23919
2436
771
18
1518
507
339
104
18858
64
0
17
36
1718
13882
4032
549
71
301
8547
17
11
241
0
631
104
114
1397
242
1649175
1302
1568
36
34
1
2027418
0
1297
9954
1551
80
2035524
958
177
1821
195
558
12957
1053
0
936
736
2026515
10
9
871
234
465
3
3
1538
6279
0
6279
523
619
2052003
71
67
57
1407
659
1098
1
13329
0
1681
31
22
338
80
792
941
2034747
9975
10374
0
78
0
953
31
2253
19
5
873
55
29715
1844
168
1180
0
0
376
2157
557
2122
1424
2031345
918
1726
394
19
900
125
0
557
425
1788
4242
87
2113
7875
138
541
1155
93
246
0
1272
10648
1317
231
6615
442
299
60
286
316
1
17871
5649
263
98
327
44
218494
2095
1646
41
27
132
2058378
1574
0
76
94
131
26
56
967
221
2484
23898
4038
229
47
0
1152
2
3521
2034642
0
622
3896
6763
69
23
390
1150
0
933
60
1467
356
2034264
485
2058015
13
928
327
29
1199
0
2062299
233
9891
1
4
1502
1329
226
1
200
117
4
0
147
1111
127
539
263
943
1
1750
76
148
21
6054
0
241
222
94
45
7
3
11
58
252
2043210
949
694
0
367
23
2
1077
1638
403
1290
17661
455
560
161
1036
0
864
280
393
1678
203
3759
1
5565
2043315
241
62
40
0
296
15
640
36351
2135
1481
24
9009
25
84
1376
0
0
433
29505
1765
16
48
272
43
47
0
24
29
229
253197
44
1319
68
14
4137
314
926
0
20
1081
2667
25368
0
510
2023270
410
965
45
5
48
140
28072
955
486
992
0
50
777
3
2035597
2058
1141
10422
7
454
431
602
1112
0
19
1332
1758
652
2044617
358
9
583
511
91
954
155
0
686
929529
2017128
1
108
8
841
8
21
3
642
14
0
2023932
259
1656
166
10125
5
2052724
19
307
1067
703
5964
0
225
1425
37
13
398
313
28
5
223
2046906
42
1
0
531
387
996
731
445
24
29
13966
360
560
11
515
0
594
10242
28
105
8
2044161
1514
634
988
852
58
84
0
978
2044569
3711
2053227
10857
78
1353
111
255
994
1549
0
0
64
2226
52
120
1260
20
1407
12
2164
7
185
250
2030200
4
1359
4164
2013517
555
924
9
753
67
1122
19278
3445
0
16935
649
37
10
744
5103
693
2104
10860
495
696
188
0
0
28
6
837
195
215
1827
606
297
171
7
58
0
1146
497
385
0
2051295
181
1661
10
276
288
1
1324
0
810
361
6853
27
458
2
1017
46
165
740
224
7
0
24468
396
482
12
1551
11
8
332
86
291
2052292
2013148
0
229
52
162
2035293
40
77
574
2758
446
13178
367
1253
0
268
1741
949
301
60
97
431
12841
54
1026
297
234
0
1306
353
400
23
1611
2047728
188
101
816
34
60
840
0
67
306
301
2041617
759
52
4399
1698
33
566
1676
285
0
49
2010897
84
78
355
16
115
238
864
651
683
589
7143
267
274
224
15
749
1852
1273
99
263
786
15267
1213
0
756
3
30
1855
1334
3396
12
37
17137
628
196
6468
0
377
495
142
30
1272
316
3780
24
613
260
643
144
0
419
81
43
316
17703
2
1225
1015
267
14
45
2030946
0
2
349
336
8
507
759
1301
1128
2583
594
784
1438
0
2608
92
199
516
2628
270
806
2646
696
1722
208
2032101
0
124
1176
267
212
2034411
6
83
429
219
5607
1302
1000
0
763
603
843
2
576
1073
790
2018766
2025
15
841
171
0
1683
652
51
19
139
6993
53
11
426
528
10
963
0
21
19
1
2877
157
369
11
786
14
744
2042616
293
0
35
2044686
953
85
2116
69
2
402
32
2029518
0
2256
4851
63
485
17
1
1969
20
234
198
1499
440
2961
63
0
1436
25557
151
263
1848
440
9
28
19803
26
294
443
0
1274
518
1212
83
2049219
0
16107
297
108
40
136
431
0
158
13
1347
5277
2014287
3
42
761
2610
133
1069
3
0
48
1354
12915
693
29
937
2041260
641
903
24
71
586
0
2004282
82
1477
12180
51
2045136
105
619
221
2037933
2
3549
0
1420
411
313
2034117
2020110
80
28
0
437
10062
2017437
1400
0
10636
2007405
0
41
2038527
2051646
2
1260
2036658
5
2030085
1264
0
52
56
1526
70
1407
22218
4032
5
7
46
2004207
1560
0
88
957
179
420
122
2046339
35
428
305
1624
204
179
0
1105
6972
4725
161
66
318
58
216
131
567
285
62
2054572
490
419
2950
926
677
1105
309
672
9
290
19530
23457
0
82
41
178
6
29
499
173
1272
2060262
170
39
325
0
80
62
595
198
266
1977
7728
19
0
14
514
2078
0
70
1851
498
996
8634
38
1413
2049090
26
65
1045
27
0
56
22
2060619
137
15
109
61
319
577
192
1
1115
0
168603
237
5
2013537
313
1297
106
150
5
1047
319
2028180
0
1986
1486
696
436
13
1320
626
257
358
16275
465
438
0
32613
335
809
1070
1092
265
904
7056
486
355
1676
21
0
1121
1062
2
92
530
651
2639
1502
238
393
662
3
0
3
6
2038191
2011059
1
24
813
655
896
106
333
126
0
77
20055
26
4
621
518
138
2020561
51
1
1497
1939
21591
2421
54
193
949
307
306
187
1235
812
499
311104
110
0
68
353
1098
1124
94
117
110
652
5874
878
3108
445
0
788
201
0
2037774
67
151
1197
2
1334
2012
1375
29715
0
3
39
25
831
5586
267
450
8
925
2018461
60
2025171
0
359
1
2008686
13
11
122
917
4704
217
514
567
359
0
2029056
480
154
75
16
1054
15
456
123
54
52
24223
0
93
34
1030
1148
1420
142
40
1262
27
2034406
158
750
0
31
16
1484
554
4
103
1115
2026641
726
338
1014
0
0
12
926
1046
287
38
13293
2000
353
426
534
209
19
0
23
26607
489
27720
89
109
2042874
47
762
450
333
8
0
36
12253
36
2056800
1170
223
165
32
1783
14
60
8
19944
39
519
18858
1300
1117
5
1466
58
1214
330
587553
56
0
330
479
324
31
11
53
254
163
2373
133
166
0
0
2581
3276
7
42
4410
17682
2982
588
168
955
651
2391
0
1130
801
0
2042895
195
712
7
142
1043
53
599
929
0
185
0
27384
943
319
109
872
11046
2019438
1237
53
1396
0
2494
1399
1162
327
96
80
858
440
538
401
501
20748
0
1010
4
1874
560
646
1062
163
54
322
19656
6222
2792
0
147
346
29
655
2035146
1799
257
22134
212
1074
94
378
0
23
637
261
248
282
2023428
1
1611
861
1387
2001735
44
0
1025
1165
588099
2021424
249
2891
7
1293
1760
2038002
0
4
0
21
8415
573
283
84
0
2462
14679
1300
19681
4
75
11236
212
339
8799
2045793
984
1448
91
9
1471
15603
5097
801
0
715
3421
545
13965
550
44
1272
0
8844
21
16065
365
0
477
682
82
287
2667
258
8463
1063
620
1900
970
39
0
2045016
235
1650
4
9523
348
163
771
17
50
918
20
0
186
327
2052303
288
1
471
506
983
1034
4477
101
653
0
2005725
312
233
2
273
257
59
386
386
472
21
3045
0
562
8
169
642
86
1701
1
823
1656
2029671
520
321
0
149
836
2025828
11
364
309
1154
17535
543
283
2443
5
0
35
4
487
1165
38
2022819
455
460
586
409
77
4673
0
576
2107
190
6931
158
135
72
205
186
971
13
588
0
281
2049762
741
629
8
2670
912
12
1059
451
300
1206
13062
353
123
3480
937
1462
7
32
892
336
76
47305
1242
0
1505
840
1940
17
927
242
477
947
2024457
1042
1
908
0
2430
1245
34
78
9
23
4830
22
178
267
1718
1117
0
0
383
190
1309
25326
421
1082
221
616
133
431
404
0
263
98
20202
2037204
1551
111
10
0
285
144
0
33
0
1197
4950
1656
0
2518
369
127
33
459
40
9
6705
0
58
5
88
917
7750
199
62
1997
3116
2005158
54
2732
0
12
456
391
370
126
31
472
2030379
539
123
23625
874
0
1348
914
3953
451
872
18945
50
0
961
222
868
2037183
0
31
413
22513
2205
1922
8
674
55
2877
128
716
152
0
797
1326
560
286
58
2492
211
4
1225
9
45
108
2029938
3896
9
1070
561
15
533
744
144
14
43
445081
17
0
193
660
468
55
2021422
299
90
15
2016
733
1436
952
0
91
2001609
2043819
1081
1323
652
2040648
437
119
79
5
2
0
318
589
1199
112
2039265
16
102
6261
47
56
1046
896
0
794
398
3759
1670
2019732
225
12
271
1735
1398
139
29
0
1438
684
154
865
294
1678
119
210
0
624
699
187272
0
337
556
19
86
155
318
613
1014
18
9135
1582
147
0
4599
839
1611
2520
283
1057
578
8379
415
0
31
3759
0
24
9
0
348
638
915099
5124
8
29
124
23
3
0
10
2044995
896400
2050098
45
954
203
1
134
1537
861
1812
0
36
1239
175
460
966
168
1010
2008770
7
2
2037802
174
10893
10
19
3243
20160
829
53
562
1
331
640
2010345
33
0
1533
28
35
335
246
395
71
3
25851
61
484
719
0
1186
2051358
12936
675
320
467
10569
2196
648
9
229
2059905
0
256
754
460
552
5565
1031
24507
260
125
3321
1288
369
0
10
318
18039
1020054
724
50
2504
499
217
0
115
717
0
2034201
1424
60
850
901
122
275
435
9739
1
2026179
2661
0
17
13
1727
5430
403
75
883
967
1307
8952
221
1791
0
75
654
2206
1017
393
1060
155
2040648
4
33
46
64
0
678
417
2898
356
352
2046969
807
980
306
16
842
152
0
1053
651
237
3822
1505
1904
332
0
234
831
817
13
0
409
2038716
6
0
757
0
677
5
305
1622
1632
2031660
14973
1063
4
54
107
130
681
50
505
1351
880992
11676
181
0
2052807
167
699
582
8142
24
39
46
2031240
3
336
400
0
0
2995
248
921
0
1641
22575
1642
589
47
971
58
0
651
2031471
58
25
19342
840
6
110
55
0
1030
252
0
1375
638
2016666
6
33
1155931
2061339
1940095
1316
905
845
165
0
35479
90
335
14
583
72010
5251
966
697
21
780
5565
0
1816
30
495
803
256
0
1177
737
615
3318
2023158
1434
0
92
285
19414
30
546
331
405
210
166
2015406
193
341
0
240
1042
180
1532
359
2018934
76
848
1308
1043
15
1521
0
639
273
45
2050602
530
738
142
72
874
26
195
309
0
2058
12369
1337
1625
24
1735
1118
14850
11
1842
6
2047893
2037315
599
1745
259
1752
266
74
166
1147
88
52
1914
15
0
475
10248
124
131
24
29
1198
1248
483
200
22
13
0
1836
1114
3703
15
1137
2037582
6468
24
1530
854
1303
567
0
1353
627
460
591
2034498
180
1223
1119
39
1549
14
243
0
283
5385
1996
506
23
7498
485
128
486
41
630
2
0
9660
1701
55
14
0
2044
1
16905
1127
395
755
8757
0
637
437
208
847
698
1781
134
107
858
21777
1884
55
0
1495
33
502
1434
387
100
84
2054518
230
89
2733
552
0
23
2
3538
1436
1207
17766
120
113
1317
1208
2614
1023
0
2
746
2024961
8590
139
2408
64
1292
570
439
2044816
87
0
58
2052822
150
775
262
2625
142
10
517
1093
922
399
2373
2
2055
524
231
1693
21
736
74
0
251
2047788
223
0
450
484
198
176
418
384
15
2904
20217
146
1719
232
0
597
466
72
38
4788
199
1254
336
1798
1868
800
200
0
179
2
689
9261
16023
1126090
156
1288
306
2026
78
376
0
109
391
12012
930
2013978
385
245
43
16
506
913
0
0
7686
352
1145
101
366
1334
379
27
39
360
62
2163
0
18
1914
1117
341
1111
275
207
279
463
2007510
618
413
0
479
564
1881
249
1940
155
3948
17241
21
452
0
698
0
3212
53
7
1010
1852
2026635
1342
313
58
56
571
78
0
114
1
6
2013432
360
307
383
236
63
42
46
238
0
79
2026095
66
548
215
1580
31774
26
1713
3295
0
807
22260
43
2029140
117
833
21
788
899
179
2137
107
2011185
20
0
1980
1803096
221
364
25
1711090
52
51
20118
0
496
29
0
16
1
665
26502
463
376
2025319
72
102
16
228
43
0
143
4578
875
702
15246
605
197
793
31
85
68
2518
0
8
2
3927
899
85
1752
72
87
2
4
276
74
0
3612
18910
1924
22821
965
280
15
13
2563
260
214
7476
0
2015664
545
213
113
834
88
240
376
226
6972
334
1683
0
0
128
242
72
0
1884816
37
24433
1778
1460
100
464
0
247
656
1427
109
90
3990
48
95
1839
447
198
9
0
1008
946
2036196
2040522
102
132
1287
1442
296
46
11
710
0
1606
16485
3225
0
1106
2558
1126
114
829
133
34
1676
3549
2006779
1541
1
851
477
305
726
347
203
2008308
2035686
82
0
36
44
99
52
2179
1751
152
690
2035020
3817
2
2030337
0
997
1304
163
442
261
235
2331
618
57
1435
1188
3036
0
125
834
267
28
21798
369
27
477
966
436
1125
676
0
1347298
268
3045
17409
568
97
27
302
54
1876
1544
1180
0
2028804
224
195
1282
1119
1206
9
1977
1281
44
157
2040480
0
1988
75
1273
494
997
18
1764
303
1036
9156
596
137
0
2007384
19
12
126
6
1004
37
23961
3
0
232
113
0
578
4
62
260
43
18921
47
15
2541
696
11109
2025255
0
816
2798
1479
2053416
593
0
844
6
80
5046
3
192
0
27
189
884
100
470
58
477
615
347
636
489
98
22008
9
487
15939
911
213
1332
502
4143
385
274
20475
471
0
2037477
445
284
33
1634
142
51
35
12561
1671
1074
4705
0
927
12
214
1218
5
23
22806
1022
203
38
12
424
0
602
639
1326
752
3970
17136
1848
149
0
300
0
2037225
0
1288
341
8190
341
1404
44
879
490
1915
149
1107
416
0
2003052
572
989
2031597
1004
29
1162
1438
2486
20
129
2030562
0
4
1
714
52
649
34
706
1167
0
16383
796
55
0
1256
13
110
968
45
152
3
26712
2033634
316
749
27
0
79
381
17247
2011779
828
3256
664
52
9618
1069
452
11
0
3
1
1096
724
925
432
1246
53
634
774
58
0
0
204
2063958
525
389
214
2046192
340
370
54
5
1641
1723
8085
7
785
575
282
5
40
1401
14
1821
31
2029665
351
0
2598
130
12
1135
1121
892
21
13
10206
782
24
1098
0
514
1458
10
65
10228
983
24822
81
649
8898
835
148
0
2405
843975
0
1433
451
2052366
1617
366
1001
1407
1218
1730
0
1798
1919
12747
343
70
2003772
1415
2012739
786
927
1254
846
0
26124
522
297
350
305
444
31
8
154
571
646
14784
0
526
416
63
7
344
3
243
1123
1319
2015427
305
465
0
532
1100
1698
26
701
1082
399
10065
18
646108
7
1226
0
34
287
0
0
4067
1611
965
1031
63
3
52
677
0
27
28
164
2793
128
1142
505
42
3738
2
28
2967
0
34
18039
256
1040
310
32
2
44
2160
733
872
1245
2520
715
3614
1077
2
663
0
376
665
1736
134
1869
2021205
0
1222
2016057
125
207
3192
11844
54
6
28077
1402
42
75
0
2619
27
121
1703
15519
3137
21010
9
42
905
362
3850
0
2280
170
10
107
4032
824
1503
45
25
1208
11
168
0
2024205
55
2037267
220
1544
24
270
202
477
112
828
341
0
265476
2302
542
728
23
572
5
4137
19
1489
696
2772
0
41
0
803
2005557
2288
925
544
335
535
17010
2049735
987
0
15
854
961
27
277
42
3
2033154
9
380
512
1458
0
14
548
1973
423
8
2040900
1790
111
2028741
5096
1
128
0
29
196
2031534
2064147
75
1828
64
2021202
381
6
1575
1457
0
192
21988
269
14934
666
311
2350
91
838
126
3764
1868
12186
1449
803
1470
262
1056
20
1414
10395
530
419
7197
2043756
0
61
15
512
206
19
509
731
7
2030967
2
214
2719
0
44
306
1165
10899
113
566
1512
247
1115
33
718
2035779
0
38
16485
17
307
2043063
76
699
26
532
1106
97
202
0
615
431
15561
84
143
397
1438
245
554
3
947
95
0
2025675
770
30
13524
75
83
1316
846
27
22
72
9450
0
27
933
17184
482
1749
206
798
3115
444
718476
130
217
0
552
24
1626
762
72
2784
579
252
24
74
235
208
0
105
44
126
32
344
4116
1108
268075
29
1770
540
1207
0
240
7
202
2049993
820
410
933
895
1045
200
605
44
0
414
2028090
1559
2022567
1255
427
89
7
94
269
24
2488
2013582
700
494
886
2
249
1783
1347
1059
62
23
924
46
0
246
24
1464
2013075
185
2059107
520
1084
1319865
104
907
588
0
255
374
21
96
43
572
2057034
882
11
1375
447
878
0
1
20
311
369
6153
512
288
2054634
27
48
25
8610
0
69
64
651
1538358
275
14722
21
320
949
49
120
626
0
2057889
925
1988
55
3301
291
1
1006
56
436
88
8977
0
501
189
204
63
137
147
32
1
1006
2057406
528
2587
0
20
443
237
146
3284
182
1076
2035020
12201
347
325
473
0
1628
2
235
900
312
3576
359
1191
335
78
64
859
0
888
532
1439
2190
271
230
44
166
8
35
9
247
0
0
2026053
387
0
16
67
43
471
1460
852
464430
7
15232
1050
240
1639
571
379
39
697
220
385
342
16527
575
0
944
2030154
560
1129
373
124
1829
437
2045436
2059698
3265
1231
0
15
702
4116
1804
150
2
21462
37
41
441
700
745
0
900
237
164
18
30066
1317
1312
10
63
610
314
227
0
12
23
1025107
834
800
0
7
929
1559
445
533
1971
0
556
758
6510
23
124
105
43
4449
290
18
373
9513
0
417
2003352
38
1502
1938
48
742
11
1677
23982
1520
1223
0
19
34
319
1174
933
1306
133
2028027
35
835
79
1685
0
34
2046885
351
593
1279
23442
295
4
376
121
318
575
0
89
125
326
2856
984
2039577
267
206
722
2019936
1
1064
0
956
2047221
721
332
672
13335
28
226
484
1130
426
375
5334
45
3445
775
1429
638
656
56
431
15
481
13222
2023281
0
565
0
10
439
978
1791
2035608
81
2058
28
69
3215
0
377
1951
450
2979
651
9
3308
68
237
1862
22
1093
0
408
1017
514
1598
2013327
1153
7365
106
0
93
531
10647
0
1753
27
16149
270
1
2024146
381
22
607
0
409
413
0
2026746
1216
20
1004
114
2010402
632
871
2019423
207
42
2065662
0
0
475
2780
74
647
8337
11718
694
0
18588
269
472
0
176
3
2556
90
3242
1294
203
11256
5
12
20
2479
0
608
209
601
187
43
2541
9
47
124
230
326
354
0
60
49
864
35259
2028888
17304
348
1249
8
1561
1079
405
0
597
6447
6
2006208
16401
84
522
47
30
19341
756
0
7728
941
0
117
966
148
19
768
147
134
2147
63
617
0
315
2850
1167
682
1918
1485
265
37
9813
398
1072
155
0
2036049
10
150
851
41
1806
3822
1010
1019
15
46
19
0
804
551
195
262
2027970
1533
38
891
302
1405
1287
55
0
59
33
609
290
1079
18
32
195
591
254
10
2053563
0
8169
255
1263
1155
1335
1
790
2094
541
1440
118
4536
0
12558
34
11
92
494
1105
2
9702
83
12249
1132
78
0
96
2022892
751
54
40
0
328
12390
100
939
1458
487
0
319
2314
544
1085
3627
1932
409
1020
1340
2014923
1014
858
0
342
5
31
8410
1642
3
1942
225
0
38
648
624
0
658
2022294
28
115
369
585
778
3311
533
338
70
59
21
1454
21
2027712
497
9
0
363
182
1175
15
2058876
1752
0
546
479
1402
10
53
357
536
1
2013258
12
1613
1507
0
66
885
2211
9
203
1414
2043000
646
287
73
310
47
0
465
329
624
414
111
490
160
3
252
364
138
925
0
1032
2011143
2005788
324
9
518
1767
1
359
656
1632
72
0
6279
392
1885
248178
27
25
1471
1594
7
47
347
2006817
0
265
3
539
1447
281
425
2316
1154
715
15141
123
6
0
3003
18
1169
1
1250
117
1222
21441
1280
2027985
73
726
0
481
1357
1374
1427
622
1365
683
569
1020
619
258
553
0
1555
760
101
2064444
486
1231665
3402
95
575
2171
88
125
0
1656
21441
275
393
31
103
71
254
6
543
22
8
2021685
214
2032941
1016
558
384
4571
792
344
33
29
2008812
948
0
29
190
121
821
132
115
2295
46
2016
619
10909
214
0
1351
1050
356
415
474
578
123634
490
163
352
915
759
0
146
2
1163
62
2052201
771
640
1183
67
459
4998
495
0
2065
1
2020582
28
27
1373
899
7
17
886
2681
676
0
11850
21
9
1123
139
0
592
1086
1294
1165
763
2038674
0
1254
88
631
814
79
107
1094
340
65
10479
1
750
0
33
1275
276
1740
978
116
1543
29799
968
22
142
1754
0
74
1348
1023
456
2004339
168
2040
564
5
5250
243
630
0
245
1
0
3696
849
5
1052
10
56
1638
1787
30096
0
158
940626
457
987
444
11466
7
1412
20
111
5
63
18732
3008
1185
394
48
504
27
878
520
1766
48
2055978
2413
0
1398
20
19404
740
846
2303
722
1180
2032794
368
33
46
0
979
422
1
1329
23
617
7959
700
728
794
84
8
0
4680
1284
864
860
2025213
37
850
627
806
116
283
2018955
0
27
994
2331
1385
431
124
1807
48
1965
0
96
1094
0
10002
592
796
39
1573
866
891
3457
0
1449
368
4419
0
1815
1172
1229
832
15614
22806
618
969
237
2056314
54
0
0
68
790
4
152
19
127
38
3171
32
189
732
8
0
1449
37
1395
758
1
337
2048208
24
71
669
177
678
0
389
29
641
2046423
1580
957
502
318
58
2034432
327
29
0
1801
20784
539
5
817
34
27
3004
64
881
0
149
4224
6016
17
360
101
734
701
1683
1541
87
2155
819
699
0
876
62
49
361
1835
695
3528
277
3234
3559
193
130
0
213
35
43
1
672
18
2030631
13
925
10
323
312
0
149
2
238
5
315
338
497
24
1563
14
87
625
0
764
47
7539
69
208
791
14469
13
1243
388
23
85
0
13755
1020
389
691
16194
1254
697
1703
957
2028426
97
20013
0
981
360
0
1
406
934
364
122
423
2032122
2051463
1171
0
360
422
2213
1527
766
105
316
18817
810
4
25
2063580
0
31
2
55
325
622
1932
194
55
568
293
228
1452
0
307
1848
0
2013117
215
19
568
71
411
2
1035
935
0
457
2033235
750
894
2118
74
982
605
14910
44
421
387
12999
193
1775
5
4
16
1851
207
723
806
2048575
2062935
154
0
25
1415
1289
59
2
661
1061
302
2056089
20
241
138
0
26
1384
1272
74
45
22
1563304
784
428
588
1462
872
0
0
136
41
1262
7707
90
805
400
90
78
916
128
0
1
1587
2028069
650
9495
518
8
8
999
1
4567
352
0
7939
898
500
22
547
105
486
2053185
427
975
96
31101
0
557
6027
26
750
70
2585
8967
19
1559
6846
121
251
0
605
355
126
2021
716
482
635
2042832
18
16
303
381
0
7101
356
317
1102
210
2036868
278
5
2019301
323
8
2056020
0
167
2306
670
5166
30
512
1406
145
28
321
13
1
0
1068
10527
17
51
578
1492
0
45
916
25
1769
0
2037163
763
2454
141
51
289
63
5
262
1010
1422
945
16
0
53
1196
1
1141
5817
12
31
2033193
2541
466
0
63
0
248
1568
107
588
427
1903
29022
144
2009673
140
705
527
0
226
130
2596
920
2037681
424
1227
7
72
570
15561
761
0
462
1032
2043624
1669
1885
1896
343
100
675
74
1851871
144
0
2041194
34
1132
65
2053626
318
1855678
848
2038257
1647
5
798
0
40
2029549
1077
100
259
54
2016
36
14
13476
156
58
0
27
1129
476
1020
21
1
4074
24172
13902
179
626
9
0
259
2040840
2836
143
149
2061501
883
712
9
132
641
550
0
5754
319
71
741
27
981
779
1
376
5
451
909
0
620
12207
155
2047221
2050665
375
126
167
1720
1429
963
181
10542
79
2557
1390
407
190
207
298
440
1041
26355
2031808
342
0
521
282
59
583
134
883
96
1
21813
59
1235
1359
0
1930
258
273
1638
496
936
8200
2229
84
304
307
66
0
5
1902
207
83
2051695
138
500
0
356
130
888
5
0
2200
2010124
17577
23
1061
343
411
306
31
1852
1881
49
0
1794565
95
6
521
57
838
549
39
4453
22
9156
1659
0
235
876
1099
212
285
67
2033413
528
44
777
30
2044911
0
244
1750
112
493
19763
1287
12351
14071
1216
778
1264
1189
0
43
698
272
736
890
22995
442
2045206
659
82
91
541
0
676
4
586
2026558
6048
328
25
520
2034228
59
32
860
0
13
10122
1523
20
41
13440
392
963
26
66
1342
73
2011464
286
164
24
98
906
1512
118
858
1078
12474
105
813
0
11
561
1060
1334
541
995
0
153
2048422
977
1050
784
0
1038
614
73
2012970
1144
298
2050581
251
967
332
445
1178
0
614
7122
102
620
1919158
724
1357
231
1
912
1362
901
0
348
1592
528
0
489
97
244
562
32
197
48
623
0
21
2045709
504
5169
534
42
2618
232
4041
1464
572
31689
0
2646
12
56
177
351
2059
45
430
564
2034873
293
41
0
0
1058
468
1573
19
213
414
2028945
733
526
33
60
0
26
88
1743
50
918
4851
4
52
20
638
632
482
0
133
707
2316
8715
460
517
700
61
13146
975
504
510
0
243
2033487
7581
2023281
1360
1
2054
338
1013
64
648
1792
2051463
88
22
2
371
1047
253
159
351
14328
2029335
3360
7
0
15
1722
23
358
2024331
721
59
16
2031828
19
587
283
0
28
139
962
2030421
12453
52
3024
107
218
835
859
31
0
121
418
522
519
2016576
421
10248
167
0
141
682
4645
0
973
0
2021973
285
567
325
234
944
259
16
822
204
0
5460
201
754
579
442
773
30
698
1381
10
863
26670
0
905
1510
1187
0
3664
137
928
0
43
2042370
743
402
0
100
1872
1227
196
269
295
493
16464
582
150
29
2590
0
6909
196
2
74
40
20307
62
2085
405
1325
2324
697
0
468
207
177
25830
28
224
5
0
1478
2039325
18
523
0
502
14259
129
980
1449
484
1974
2055138
83
1416
1179
54
2030526
500
18
48
4
1240
541
367
185
134
1311
1974
58
0
1392
7
2023806
1491
863
797
445
173
15513
169
505
1606
0
679
256
648
37
971
468
2043297
325
2045226
44
1191
554
0
995
189
29
2048523
2047158
33
481
25
212
10
45
2053647
0
12
244
11892
5607
3
860
2613
2021475
1366
27
9
2037561
0
2051631
634
2
806
1123
121
352
2805
148
118
1314
4998
0
50
705
44
781
1100
968
117
41
189
2045310
2043063
243
0
563
321
4603
2039619
0
7974
247
7465
1888
1137
654
132
0
4
1040
449
418
1156
1791
19
1190
74
56
654
545
0
6
561
15756
2034768
36
1575
1428
181
1105
1845
2228
325
0
270
15960
187
30
400
208
1426
12075
128
1227
1220
11
864
2272
347
178
489
645
393
82
1050
40
48
2021496
112
0
1662
139
1584
14
118
148
529
10
2023239
985
1657
1266
0
870
45
127
594
19
560
3783
128
4
85
442
62
0
183
2030128
167
475
2034264
242
1045
1363
232
296
0
671
0
345
24
613962
973
15
3
352
24654
160
456
1913
1175
0
1701
678
212
813
13
934
30
518
322
1480
240
861
0
168
309
1
957
1179
114
1656
231
0
3234
74
34
0
1119
155
4767
343
14
1468
196440
2040900
1761
119
23
21
0
1
383
2036451
1815
333
966
62
813
7
2052493
31836
211
0
980
602
277
2724
24
758
0
731
1567
409
851
0
0
152
5166
655
186
68
58
1610
10
647
32
0
172
2019501
967
1209
349
147
141
2178
108
202
177
740
2037
361
0
230
1151
2030767
589
292
239
1322
207
85
136
212
596
0
1200
34
24
1544
343
466
2015658
122
0
637
2189
185
0
276
391
8
961
3571
782
420
2040124
2316
353
736
1275
0
2050965
13
19761
13
1073
901
179
598
856
649
1735
575
0
1837
90
46
202
878
1255
1168
837
242
1387
1698
2029539
0
23100
1635
93
438
3695
326
2647
924
2751
6743
5523
597
0
20
1
616
237705
1729
124
1625
35994
982
10
1613
2037109
0
805
18
759
766
856
19659
15
88
2037273
219
525
339
0
1731
451
2610
2013222
211
1217
2039881
0
268
31
7
75
0
10
2048166
3301
1030
441
124
15
5
819
1057
28
25
651
468
3
243
1649
1096
231
347
804
1725
252
18396
1062
0
542
417
1175
898
26
200
1493
524
2015994
7
788
641
0
1153
6
2040292
423
8
957
6321
138
1488
3164
377
1205
0
263
15
292
311
2036112
1413
370
2011608
357
33
2014917
912
0
985
10
2049300
597
111
44
0
714
209
0
83
81
0
2036049
15382
0
24
14049
362
1
2036395
477
309
15
2029833
0
1038
244
42
1135
38
816
173
230
513
27237
33
379
0
888
1
203
150
244
553
104
2505
2015427
800
1511
11
0
26418
653
1371
76
1
6384
39
1003
4756
16695
290
0
0
221
21
70
9282
0
2
234
657
1220
9135
14
29
0
3770
17157
38
267
900
482
55
3
560
46
2034936
531
2583
162
275
201
243
22
2064
1861782
932
1387
280
2046486
142
0
211
292
253
1413
1040
60
388
313
15855
237
27
243
0
3019
123
930
669
22
153
462
156
965
8
170
1385
0
3183
553
1333
2
4197
14
41
2463
207
94
1640
41
0
1290
1515
2023155
94
26
108
415
2059317
64
143
735
808
0
2038200
157
4
0
312
446
1107
0
1974
184
366
2164
0
7
1751
1066
153
155
162
282
1389
2026725
2037981
1
383
0
835
847
151
71
37
64
291
2028762
40
1081
96
1461
0
39
2046123
23
1008
263
12393
578
109
224
994
617
5524
0
19
41
1460
2048547
513
35
1400
497
207
137
10
3834
0
106
2029938
3563
48
810
121
6
34
15
17388
1981
1568
2034642
1
10
8
1586
2002
32
293
529
1675
736
1224
951
0
2012355
138
31
2042769
1397
583
32
8
2040732
510
159
22
0
405
144
1275
119
1032
50
3549
915
193
1612
3576
413
0
193
30
1636
58
399
699
205
465
1432
18
96
830
0
156
1025
2394
44
171
918
2431
1
72
309
2035377
3
0
14448
377
139
1130
158
23
1151
32
968
847
563
3675
0
9
1484
229
147
58
756
2018772
230
232
2018850
185
10
0
882
479
928
578
1504
156
6
2025129
138
368
166
162
0
1204
55
459
19
1129
22071
709
597
1772
154
3
186
0
21
18
171
10752
2254
299
754
449
59
99
81
1
0
65
17346
1344
1068
156
1195
15
394
1684
513
454
7
2030400
105
1485
951
89
34335
15477
174
20
1750
25
9052
57
0
1606
1008
140
2032615
1301
491
83
61
2709
159
1345
664
0
153
887
141
2035125
181
16
14259
29
23
352
3240
15466
0
18
814
836
32
1764
5
321
92
71
1915
17070
6
0
1957
91
2024919
19
549
164
589
44
1052
394
203
2
0
2024247
0
32
643
4
1332
15
1466
19
79
27
26907
0
96
2021874
30303
136
1774
1658
203
1284
842
4410
624
8
0
40
116
12
161
362
678
788
12538
347
8925
1155
448
0
33
1546
389
0
78
19719
2028405
2032563
428
16
53
2016288
0
116
261
1147
2054424
766
12
2801
41
7
748
767
1965
0
1489
9748
1
788
277
515
13
828
872
1148
2004459
892
25137
1014
456
121
26
1355
150
2055474
1783
754
0
1638
219
0
483
689
711
264
1410
4809
1149
8
2016
30
15840
32
0
298
420
371
911
6090
1219
1095
1220
2065144
1130
1900
507
0
582
0
46
185
4704
1835
504
1220
32
3556
10212
2
0
26
16800
3759
1009
73
2094
952
136
483
781
207
2123
0
357
64
803
1
13
1384
133
69
2363
1298
1851
2006482
0
1386
1083
964
115
2915
333
839
32
1381
13419
1046
195
0
286
1037
891
16
114
949
297
4872
252
4187
1
167
0
1442
23
77
389
547
2036648
580
67
1153
1
713
1493
0
985
996
52
3612
3851
1252
403
796
79
135
2011
12
0
213
13440
847
463
961
1039
16
1468
1255
1254
1041
27
326493
56
1
6
0
920
159
467
144
5
0
2029497
588
0
150
32
900
20307
1974
363
213
111
11235
1615
2012928
1238
0
268
295
2035
280
34
166
8674
226
410
831
722
405
0
1924
289
2033466
123
33390
764
459
533
385
114
56
952
0
8
2816
1555434
6
1610
1068
1855
144
308
273
381
596
0
20832
361
161
244
3
4
15648
2103
44
38
31
2027025
0
34
1227
74
451
391
1732
12
68
2055285
2064882
2057595
1569
0
90
8
4650
1067
101
193
260
2033025
1795
68
31
1614
0
259
440
359
510
7
2025528
2047
508
23
232
680
89
0
55
0
2037939
25305
1496
2
270
102
759
1107
413
2622
0
297
25414
2303
3
542
3905
373
238
203
91
477
162
13527
995
1751
1117
68
587
424
1057
3
1073
2086
9072
4
0
925
605
829
21
12
42
2008875
11
13377
2033382
878
1145
0
402
18
231
588
1223
1852
2062005
2586
734
249
441
1181
0
2017674
34
1443
1609
1428
160
1610
480
38
3133
0
1601
0
60
781
231
1304
564
50358
222
1202
18
117
706
900
0
2031810
2014996
151
9
5
66
2006985
8179
2016624
1318
2226
2040858
0
4
864
423
1103
333
1408
258
3641
1259
14757
1678
1460
0
418
1042
269
697
1272
2035272
394
1932
988
1721
3700
81
0
510
60
494
2031135
405
2044732
13
120
773
91
1556
2252
0
1351
815
22
29730
201
1926
18
3603
4011
346
714
406
0
18
2526
21
2018514
265
640
29
146
912
43
1365
574
7407
1445
50
554
170
0
58
724
2688
30
1848
2039100
0
0
30
1654
844
392
267
2067528
1947
126
10585
624
271
0
0
75
96
2016435
191
92
1320
199
41
1157
252
503
114
0
962
2063
4719
36
8128
904
18
12
1557
1501
290
495
0
0
5
2008938
10123
463
597
1191
504
114
1919050
548
66
0
862355
45
353
822
22
646
0
2030715
391
4413
458
28734
0
3288
519
175
208
148
30
331
313558
200
10921
17367
261
0
2912
9492
653
498
81
596
1435
2033865
62
46
735
243
0
6888
150
58
880
170
2050654
50
137
2033896
188
0
790
0
1
357
1048
2065092
22
108
888
1
2407
19
4285
4801
0
1584
14868
2682
923
125
148
667
76
1570
906
1
847
7035
4557
401
40
52
81
196
709
27
72
22
2043456
905
0
3612
12999
21
4
9
37
265
378
13524
505
3465
1651
0
279
188
1483
1903
46
258
3150
376
270
1628
9
611
0
21
2010388
11
1564
18238
129
900
2030085
1580
38
4038
19383
0
23
4
2013841
2953
36
2058141
504
233
163
5
12
2064630
0
2044659
106
58
1079
1980
2426
14
2056860
943
1191
3680
2304
0
1328265
40
928
34
779
130
19
1540
391
1555
9
1975
0
24319
177
549
217
821
2002596
1804
4452
787
19
158
250
0
581
1164
1800
611
272
2030064
176
497
688
4
928
5985
0
235
953
292
2415
2003646
2110
460
2473
3
99
470
1129
0
442
20394
1229
25
1064
374
819
1008
843
399
29
268
294
910
0
1417
1062
11802
947
81
146
458
297
2042667
2052
0
1083706
0
361
120
1527
1514
0
419
2033382
63
2027839
24318
0
41
1450
1
1146
0
589
2009595
24
538
1029
543
0
0
0
828
524
538
2061606
160
278
18
311
17283
25
0
0
22
198
8883
981
1725
508
43
3766
1604
1843
617
365
0
1077
33
742
245
2043546
2053543
2306
600
365
518
3720
2026936
0
2187
1723
2888
7008
28
2032710
19
8
420
14071
27
278
0
287
25347
41
16
76
681
20
6510
2235
151
843
1293
0
35
89
267
1305
1300
2044995
66
471
210
809
940
124
0
549
29
94
1953
1407
2620
0
252
707
165
66
1233
0
6
2020929
6447
2067213
26
41
33
978
1163
833
1255
577
17483
0
24213
103
212
314
1651
698
1312
2
201
5292
2035177
0
689
5
168
1173
2038320
15
8
151
3339
842
267
742
0
0
7
1586
393
77
120
5187
286
327
72
10248
1328
0
24
203
378
346
2044785
853
35
675
1326
1199
132
1594
0
1516
5008
2030274
1357
151
418
648
335
693
1848
1102605
563
0
2038884
1121
684
601
325
1761
189
20
1551
2
2
2034978
0
996
2014902
2898
1264
414
325
927
117
466
4515
4
453
0
37
5124
59
28
2063580
27
20
21
147
130
625
846
0
595
1564
509
815
2059128
2039073
196
3490
2015406
532
51
896
0
64
177
14
7329
384
728
1265
296
814
910
487
39
0
0
7896
2623
88
1325
171
28
9
96
1171
646
394
17662
102
214
509
1143
821
2051988
1796
1
202
1745
1785
828
0
169
258
359
235
3
1468
1630
483
13587
1166
0
2048901
0
19
319
139
1546
1872
1274
9723
1939
11383
237
41
621
0
259
0
556
1752
2011311
25
44
165
7
889
6
29
0
1028
11
17493
714
283
64
366
1709
314
1686
891
1244
0
2048707
33
247
178
47
1076
386
319
451
2028447
723645
23146
0
689
1
51
220
275
30
72094
865
326
18732
1243
1395
0
0
544
12
1002
1197
41
480
1512
444
508
935
314
0
659
1941
1160
46
1253
2023869
998
855
104
70
453
20
0
65
2018829
1222
5397
1265
713
425
1
104
23
302
53
0
3117
2268
36
938
354
1565
704
1489
0
1166
89
20
2061123
1534
1130
505
1573
20287
767
887
889
2204
2
2052849
35
0
1121
20
131
399
742
852
544
2045919
12936
435
1524
498
0
807
3
461
1442745
1077
713
337
1534
457
177
124
2052019
0
1526
338
1177
462
4200
1362
305
70
1860
427
1006
777
0
190
942
2033172
1125
37
953
452
357
2
228
489
83
0
2011794
105
24468
17
6
43
1043
2008833
649
406
0
1827
0
713
1
2044344
775
30
434
38
149
129
5796
825
10
0
5817
88
20
946
252
517
2012871
210
1818
935
1058
151
0
406
273
884
463
238
14920
112
602
255
342
136
888231
0
136
0
464
48156
0
1666
1495
48
428
2
169
550
0
1177
2032773
171
609
356
805
983
10
2518
27
336
523
2054697
125
96
125
56
1022
1298
43
2026820
528
52
2919
519
0
2005455
36
1000
331
13251
284
34
511
2028216
477
2044470
874
0
2048208
2397
1165
50
264
396
11613
1458
704
3
1673
1016
0
8904
3
77
965
2021685
922
2
3822
2002470
263
120
26
0
329
295
2026747
783
7
39
1387
24
52
20
0
913
0
2048355
317
4568
2055813
1677769
417
719
2050749
1216
16
8
13776
0
178
1068
28
353
2023428
1829
0
568
253
651273
944
33
0
543
531
0
60
264
71
566
906
1183
17
108
8610
0
99
1852
23
72
42
2562
1000
2024394
1199
2041992
531
240
0
21
16
894
42
892
454
231
0
34
0
120
26
0
53
27366
248
19
1
16
275
1361
2038894
1659
19
1735
21
57
13860
962
77
745
730
239
158
28
689
16737
73
0
611
939
1152
2
319
214
64
25
15729
2042160
482
680
0
394
1584
0
1563
2345
1262
19363
2022435
705
3116
856
1143
0
3549
937
2048523
132
18502
2032815
518
1008
350
577
2018304
19083
0
21252
906
12684
1437
274
2
8
1492
133
2285
1091
2
0
7098
440
126
80
177
409
150
407
65
525
19
2048692
0
32
367
462
3994
3
347
199
425
73
20055
1474
2035
0
1
413
336
313
1211
16
694
2042643
862
571
1449
631
0
934
1139
4
585
422
2048376
218
1357
2278
837
521
1176
0
98
1574
30
17745
34
463
1070
1204
2340
889
1014
63
0
33
2044701
37
689
17
854
327
58
249
2038506
476
849
14883
1449
96
65
2085
988
655
177
929
645
67
27972
379
0
69
1177
1620
38
117
7
1874
1123975
936418
33
898
104
0
994
2499
1406
61
9
143
10773
427
372
117
2039871
16
0
545
2024037
2053710
32
2012382
567
1346
120
13839
519
2051568
1836
0
1855
3845
16968
112
51
2056230
20
1
2715
1140
2261
136
0
6468
375
5428
254
1068
1291
3918
42
2059369
459
1439
2030968
0
2040238
1307
870
236
113
151
158
1060
10
2027733
260
184
0
497
578
1218
1292
3843
330
148
1575
135
318
20
631
0
42
126
3839
283
319
20160
1092
87
411
6
177
673
0
303
376
700
7014
150
15414
33
921
185
588
133
1025
0
234
7182
23
447
228
1753
459
10
1149
9346
477
17787
19719
2566
156
681
351
39
62
156
486
338
1029
4032
106
0
698
10
605
1543
3
82
1039
265
2034663
42
2032521
777
0
706
597
1307
1476
148
1076
3948
319
23
6427
2165
731
0
257
645
93
0
2039661
44
860
36
1039
926
1890
222
0
867
722
2017008
49
693
3
1
659
41
1098
1479
3504
0
2009883
978
960
1123
17157
17
499
18
0
254
2
14133
0
1456
116
16
893
486
2202
30222
112
11
504
2273
517365
0
761
713
1402
1103
2016
15
235
1974
850
1916
0
10
0
1301
605
2003584
30
5298
12369
602
788
220
504
515
0
0
28
1076
93
18879
210
825
1025
356
2034012
2014902
642
827
0
11
18564
522
574
386
247
1508
147
28
10
1112
1183
7245
1357
2005665
2963
96
1815
2675
399
112
763
1225
2033257
1042
0
34
90
421
2041404
2120
2018625
779
919
5292
16
253
1953
0
29
861
466
39
70
153
2043798
559
0
906
551
11
0
161
2033319
2032857
2053
4661
49
812
1677
333
1747
180
81
0
1354
822
21315
84
425
1603
2051463
240
3026
520
1346
590
0
2027943
1037
15
1602
1032
2045688
2024403
251
1035
2022
37
1185972
0
0
136
115
1011
15
2037372
352
26
755
5680
3
2042856
0
3609
411
290
15
1141
733
1404
1056
280
122
1048
17
0
640
949
162
17
505
14511
1573
1371
1164
584
163
750
0
935
1008
0
2028520
2247
284
210
230
125
1450
2510
75
0
1765
2057301
1301
1170
6
991
301
24
270
1095
55
965
1969
29
2940
711
466
951
58
443
2130
2022636
1239
3402
2015937
0
34
40
296
115
0
2026074
480
15
36862
358
76
35
0
42
982
66
1673
2145
66
10521
203
1178
1526
360
830
0
1899
431
177
7
22470
495
39
712
1243
1092
251
1869
0
1301
37
2034139
1894
7287
494
1324
642
39
330
286
540
0
26403
425
1
981
675
139
19
1388
270
157
76
2055459
0
565
1326
108
365
568
1874
189
1013
1567
3102
6615
421
0
910
305
566
82
2022141
642
3421
2022714
9360
524
2
131
0
28
1056
370
232
51
231
308
621
76
1007
0
304
0
819
2002
2862
11088
1007
610
50
43
277
7
22371
8
0
48
4578
14
5
528
3
1355
18234
20
7
286
994
693
37
2045058
1
374
2024101
15
3432
91
430
759
13062
0
0
2044323
594
39
230
1340
2018346
1105
2000
2006313
2019228
487
786
0
594
1862
1047
571
2
2781
2009757
215
2081
1561
1404
3
0
124
1789
420
13
2247
845
0
1072
343
2530
2046843
1112
0
52
543
29172
669
23
425
35
493
715
11
1150
1440
0
2032206
1116
30
396
1063
356
5
267
647
2212
7
28414
0
37
30
408
1474
1839
702
193140
2082
559
2032857
347
46
0
98
1790
59
1348
1165
2311
350
2014755
410
1402
965
4449
0
56
2038989
867
397
7728
2036532
486
624
386
1405
491
1142
0
3852
272
3336
903
774
0
574
268
699
1546
656
2039094
0
1729
4242
1553055
2027874
213
305
3822
810
520
80
899
20
2021317
1102
418
0
43
722
1025
1485
347
123
612
7560
1565
0
554
183
582
6
47
2803
1478
562
1113
8
8
53
0
475
479
428
27
1595
1028
2027901
1295
1212
1
2
99
0
207
1272
2033235
3492
1665
881
18
231
51
493
951
111
0
60
519
551463
17
1591
0
358
10
822
14
5
4788
0
2059821
275
853
118
16296
1010
600
58
33
1015
461
14049
0
211
1554
306
927
193
49
169
575
30
840
2042328
10
0
351
75
1770
3108
1562
287
1528
19782
876
368
453
46
0
647
2032059
55
974
30
4767
1695
2029161
2111
58
336
11
0
444
10962
47
7812
903
790
557
641
965
1262
334
490
0
826
23268
458
425
20
9
928
455
272
2704
310
9708
1590
19005
1434
1
836
273
186
1624
53
4
1055
5040
12
0
523
1099
51
690
1550
634
504
1219
16800
1294
39885
2029518
0
12
650
1611
233
1149
624
2044119
51
286
5
627
174
0
2034412
1997
2072
19866
7836
4272
111
433
103
56
545
1274
0
142
1094
2057049
647
8
43
853
2357
51
5
561
473
0
10815
12
412
222
120
1594
1166
898
10
4
40
714
0
26
42
883
23
524
25
230
132
4091
3991
0
277
0
2033529
2121
7
343
541
32340
215
2376
587
811
47
24
0
490
1959
17
18
757
15120
359
62
737
2036889
12
10
0
27
1
44
24
35
13986
864
3
18
528
111
2705
0
2008749
2020743
21
1194
290
778
1886
382
941
160
0
1129
2051169
2853
2034201
150
673
703
21
213
998
437
93
7701
116
0
464
270
2059632
0
269
173
424
2693
399
1704
330
907
0
1
693
55
9
417
55
15519
2
3514
409
163
269
0
501
331
16
397
3591
739
18
21
53
1501
162
122
0
59
546
2018892
321
72
242
409
778
136
170
3297
2265
0
2024038
1178
197
1315
5
1
198
55
206
7
2016540
3765
0
548
257
1206
1078
2066772
934
17
138
253
1438
37
894
0
309
2407
1955
612
177
112
432
2022861
1059
39
396
298
0
461
103
344
924
185
12747
1452
2401
862
11
12
517
0
208
1777
0
2039907
968
48
494
15225
899
1024
935
2018
0
71
1926
107
2263
19656
333
133
55
26
646
186
984
16821
215
1120
860
2043903
597
931
144
61
1631
476
3381
1537
0
1822
310
9702
295
363
4
440
14574
2033299
126
1313
13
0
157
684
112
6
0
198
2042685
1059
69
568
149
4
0
76
77
843
669
2047789
924
599
317
3031
764
132
2055198
0
1127
147
2024877
2368
1450
404
784
60
98
4
621
20
0
4515
37
164
3
20
68
577
323
167
79
30492
4242
0
177
22
21
326
1809
1018
1344
895
164
6762
35
1502
0
165
20
1707
13
24
1675
8
19867
770
615
873
1676
0
514
738
276
11361
238
2925
1
441
1368
74
295
20
0
2026
2030001
724
2060115
28
3464
37
166
1388
504
434
2018871
0
443
2018853
28
51
60
7560
793
440
89
741
2027883
283
2043945
106
7
126
1092
24450
1498
394
435
638
1124
6247
76
0
934
39
2042496
302
69
528
209
198
2049243
2247
20
1594
0
12484
254
11025
43
854
537
2040171
826
3
71
450
2142
0
57
21
13
29
7917
160
4
24
631
667
940
1404
0
249
85
120
101
52
2030718
6
2014135
409
1140
188
25
0
22869
42
476
212
1451
0
478
126
1075
442
2025570
693
0
1420
1755
518
68
1253
1216
4368
35
88
2049252
47
771
0
22
3088
894
47
3364
87
6132
2028847
920
54
1171
1057
0
1
171
578
692
509
2010744
76
1113
448
381
723
363
0
1747
1248
470
2031387
684
2033487
894
1242
1953
1042
292
113
0
169
2036868
196
1175
9
4652
435
1556
141
942
17367
7224
4662
78
5
51
185
687
510
4473
1116
57
423
1785
2036952
0
84
29
7
1139
172
42
1722
94
2013222
1785546
98
53
0
4
39
29
4742
1200
2057
2239
232
1040
2186
321
812
0
289
674
1580
12096
1883397
23
2015622
2688
759
527
5460
48
0
594
0
7098
232
1678
462
38
1507
27
56
695
688
0
2048124
1137
521
1058
97
895
1530
3
527
96
795
13419
0
2020446
29
51
1308
207
84
996
564
74
2034516
377
17
0
42
1391
61
49
19176
656
340
2044092
442
161
1165
30
0
26
632
418
509
1131
20034
331
89
699
1074
87
23
0
44
226
33
6453
187
934
948
1100
649
92
708
1268
0
809
2029770
149
2029791
817
433
620
2027481
336
534
349
1499
1543
1189
99
1151
1998
2022630
922
14
1752
525
7
994951
241
0
89
13377
32
202
108
285
2048272
2015406
2027386
2744
1854
687
0
10164
717
1016
657
2044680
631
10522
369
724
2012592
1492
64
0
456
191
10
21
1522
375
0
1763
25
1811
84
266
0
56
12
6237
829
140
26
568
411
226
1733
369
737
0
4452
3641
369
837
80
1183
428
543
506
3480
732
15078
0
94
362
563
525
2346
315
118
153
80
2043840
454
8
0
110
482
3366
4
6846
1308
189
2054844
1947
5949
7
328
0
201
3751
1585
630
364
2043000
1028
11004
240
227
540
840
0
238
691
115
29295
1386
171
2248
427
75
182
1609
9
0
51
2015337
61
184
1303
1215
15456
1364
20
1820
122
86
2016834
25
40
524
52
5
810
727
301
32
7
9765
838
0
1233
1595
92
689
1165
188
2025927
1015
2032711
965
535
37
0
317
1429267
1555
356
14
1363
5151
71
177
37
420
778
0
351
406
1384
537
2047935
2019628
1452
340
1556
13
187
592
0
152
1355
11529
7
392
1010
172
512
541
1476
0
744
0
11865
15
1295
54
70
313
92
164
19656
290
3916
15324
0
788
21
2
0
66
311
577
622
33
2015580
1071
1
0
598
616
261
238
55
5
991
5130
1580
182
16170
633
0
350
103
82
6
9
2047437
1859
157
216
7
666
638
0
97
247
157
7923
0
517
502
2008183
800
2463
844
2240
0
69
11487
2
482
5439
484
647
154
2
2071
2007474
957
2021286
248
570
231
403
20265
459
849
1
311
23
7392
1524
0
1765
8
2008224
2055201
753
2119
173
478
5439
202
22392
1850
0
45
471
38
182
94
23373
1053
130
44
364
603
752
0
91
1
550
76
3045
543
1233
343
335
1396
3798
37
0
940
17
2022840
1019
2034663
632
271
602
787
379
1386
3
0
2026872
1129
638
286
336
501
1302
231
245
981
4
25095
0
2037078
74
2822
318801
9177
48
591
2674
630
2020320
500
9
0
1093
737
1325
301
396
15
1632
2057892
157
215
37
888
0
297
97
1216
8
1205
20458
776
27
1183
464
41
310
0
1
1036
2185
588
980
19257
1438
450
367
498
55
312
0
465
15100
811
995
861
605
1711
25
653
1452
2647
654
2009757
9156
523
3368
2058
599
781
32
77
258
1757
7288
1098
0
593
119
0
2051841
1033
26
10731
151
2047668
155
792
2118
0
147
1266
256
111
3971
13
2015427
203
249
2925
517
40
0
203
1372
88
66
34324
1749
1030
453
1232
21
391
7
0
1048
23
1785
395
780
10
1345
96
196
397
1533
166
0
19488
32
33
1242
9570
790
0
558
644
2041509
2188
2037897
0
669
887
5
14
78
768
216
683
24
4494
70
510
0
139
1398
108
470
1184
424
61
2046906
3081
141
200
329
0
2041425
81
25
166
3
8967
965
330
1950
14
783
1290
0
509
173
267
8106
8
445
34
2749
19
629
254
661
0
1614
6846
1775
1378
11
17
1242
413
384
332
1451
6636
24045
2060997
0
540
62
648
900
14
235
2732
269
2018997
255
0
836
32
1523
789
1255
100
402
367
24258
662
1282
636
0
651
794
20
637
685
10146
25285
300
1394
1637
4726
2726
0
331
325
41
1546
26244
93
1523
186
121
219
2316
597
0
86
728
9555
742
146
931
1671
384
168
280
167
147
0
2037540
38
3
277
1455
11844
325
2326
0
555
821
3255
0
2009358
692
147
919
2018242
3255
324
2019690
480
12831
2490
2030547
0
753
2039
650
954
54
234
1200
2052544
467
2200
245
1114
0
380
1012
2027533
1549
2
3486
7
184
81
211
966
2010240
0
239
885
3011
462
223
802
56
2062
15
1840
1921
7
0
0
1008
1
1144
149
2408
245
839
723
9933
865
0
6573
31
18
799
2
601
90
341
147
5
3601
6468
142
0
693
15
9
2197
89
247
1079
16023
9786
1061
1634
2008689
0
196
211
1791
92
2042244
212
12159
4382
912
2029587
1230
1224
0
591
3423
882
33
1364862
27
366
750
824
257
43
2035839
0
80
279
21
111
260
1191
307
59
366
1611
31
162
0
17472
151
432
806
283
1
1324
276
1882
373
848
17976
0
8
22
94
22
224
363
627
1080
457
5925
198
9
0
34
432
0
12
11634
62
1031
2038275
30
2033614
31
495
0
0
1
222
134
434
2064045
168
19
463
2014986
1239
2037114
0
9
11
699
2043723
0
1266
29529
10689
3524
336
1
25914
0
369
22260
14973
17
0
17073
1330
7
2018524
718
888
2017716
4368
42
824
4261
300
1621
656
1184
55
275
99
2037855
1782
0
178
1016
27
762
2270
12
2021097
58
189
4112
1222
2877
0
825
1174
236
402
1307
594
847213
528
772
759
1
623
0
700
386
1086
1792
5166
2028909
7
395
56
499
1653
64
0
728
1875
462
73
2039031
666
27
189
493
1569
853
1084
0
273
2014818
204
766
1568
760
638
2044953
1429
3860
41
1092
0
107
10
114
483
613
1606
879
15
82
8715
443
14
0
1058
60
3
515
249
629
1089
16821
296
145
3044
94
0
44
616
334
18
91
13755
167
841
309
122
20
148
0
1694
1063
324
651
26
1164
453
243
1237
51
446
926
0
87
11361
140
65
242
182
215
1142
23
57
477
0
2022378
1141
441
284
1286
117
21
83
16
387
1444
2025570
1286
0
758
696
523
607
50
1220
438
28
2023848
17
13
1236
0
109
1166
1092
703
629
51
22407
1043
152
50
0
1712
0
243
279
1141
1268
18994
1454
678
840
192
478
32
464
0
3664
7
336
831
32
1175
5
5
321
221
388
2007657
0
2304
18
1357
297
166
3588
591
1146
340
306
153
2020008
0
5
16380
724
7119
835
374
1895
242049
2673
9975
4
44
0
370
49
467
238
0
106
10563
3171
86
2018646
639
181
0
9
8
171
20
3
19141
1456
223
1827
171
8175
1390
0
28
196
0
24150
302
1865
247
732
267
156
501
76
0
343
13140
100
2013600
53
4312
2039262
9
10
1268
0
358
2024562
1068
329
116
225093
539
130
500
29
3416
111
20044
157
0
30156
407
4
16
178
492
584
333
17199
365
178
47
0
575
282
1438
48
1334
450
2026768
38
2863
306
2022483
42
0
486
1776
157
255
231
2931
3
1264
75
2011
560
2
0
993
218
2025990
0
47
337
475
69
986
437
298
12
0
1134
1481
619
98
986
1650
994
46
250
778
68
2031954
0
417
2023590
1120
4
43
8
817
1221
79
105
2
2056251
0
2165
662
3557
1970
437
554
711
1732
276
829
16863
1081
0
794
72
2971
27
586
18417
1135
0
1489
116
52
430
0
47
508
830
8400
12
61
37
387
122
743
1112
29
0
1252
3906
2050
861
253
126
2573
713
359
1189
639
759
3864
2021433
407
136
75
756
361
153
70
541
39
2038327
2
0
39
2017296
516
3
97
0
1131
3697
2061543
110
2042790
0
0
1436
519
447
125
645
9
2058603
711
1341
540
1146
478
0
33
1937
5
358
2022519
222
303
18249
8
3
921
152
0
1756
400
2036386
0
1261
866
2035482
1277
1128
110
53
111
0
2037120
1674
212
8968
1035
987
12117
205
3237
41
2040144
33453
0
0
553
2043315
25
236
2941
169
2004948
3
12264
19
633
0
696
66
243
1369
197
661
1755
2034285
25
716
23
517
0
11
38
2061627
1703
24
4452
1628
263
788
238
16
2155
0
88
1682
2141
2052324
332
129
2147
809
77
2033262
217
20
0
68
6153
378
307
562
1051
1
4008
1772
21
219
583
2040291
834
1486
600
648
1250
1712
1082
465
916
61
6615
122
0
0
78
58
1210
256
4767
1038
11
222783
70
2
48
0
2058246
5
856
178
76
124
2053101
382
413
169
1262
546
0
139
326
482
493
2035230
229
1364
257
281
2016750
183
1783
0
1420
2856
2026095
32
980
3913
10
1926
11
265
4
72
0
108
1066
1025
72
2497
132
1344
2006
1376
2010303
639
2010828
0
1712
135
183
729
301
2025948
2580
418
1
2029266
434
1150
0
16275
1517
404
133
2025276
86
1559
6888
1133
1832
11770
8106
0
253
1410
1214
250
12
2052786
0
1244
171
318
49
1138
0
699
1035
2170
722197
1091
458
1129
3025
2042790
627
7
483
0
121
9192
13
862
863
51
3
961
67
417
266
17
2056336
25
51
20334
179
133
1832
1022
1848
534
343
6342
24
0
375
89
1
1960
2049279
1343
237
1201
2036784
645
13650
747
0
25
52
2513
4
780
12
15603
414
115
1
487
825
0
414
321
411
12
17136
36
1009
2725
518
8
11
23499
0
956
119
2032815
1
928
114
155
504
2012509
34
30
67
0
2062278
844
361
2010618
356
51
1491
708
25
546
2378
10347
0
208
842
1961
113
391
45
904
515
682
874765
1660
474
0
10342
0
313
205
221
709
488
2015317
45
384
560
1
0
72
538
26
769
1585
6607
0
7
105
121
918
11
0
2
163
540
7518
2914
20160
582
64
184
427
49
1122
0
1923
17535
1400
952
162
1264
9
10
41
2034
1606
575
4074
2012340
341
220
207
2128
13251
108
79
147
2020
26692
0
0
182
8595
181
538
415
429
3
602
4371
69
2
1075
0
1129
765
1456
638
2020488
708
2005368
267
179
61
203
621
0
284
1
1050
149
1995
402
2014
336
1200
663
5145
886
0
5
1
2038197
8
11
1427
301
381
1837
628
10
859
0
5229
7
42
43
50
2033098
364
339
8
537
2021
2062089
0
1183
1158
182
42
1135
131
456
40
0
4873
7497
1581
0
23
803
69
2076
66
2017971
870
14391
668
308
378
210
0
25
2
356
25
863
20769
12
3822
124
237
939
2
0
144
2034642
6615
3066
1788
1461
406
16
3248
90
27
1005
0
165
2013411
46
82
901
2044281
418
27
1982
376
1
55413
23520
1527
314
3
123
26
2037121
652
480
27
1684
2058036
17
0
1033
170
1827
502
868
986
207
1102
2050498
1686
658
243
0
13
1042
1202
142
17
1217
2041992
178
1
12
322
318
0
42
361
51
275
5124
19
630
245
675
209
413
3289
0
59
6
483
33
1428
251
2920
5
14
40
1657
114
0
2033802
2957
1917
299
21
731
1316
1
51
997
531
15906
0
3123
255
3867
4
7
249
359
745
1758
1553910
1
10500
0
146
633
1337
1054
719
69
11
16548
378
1659
317
1360
0
1564
40
1696
1186
396
1470
2004780
876
1676
27
695195
1045
0
849
1104
2335
2049972
57
92
537
9
2048709
221
0
810
0
420
7014
424
452
49
9
465
2046192
572
915
142
1110
2032269
9
146
63
2033949
926
719
802
625
5
336
3318
1107
0
40
1965
759
10752
599
6667
2087
410
2034957
1702
69
6153
0
531
811
33
989
271
8
22620
2034222
1867
100
528
402
0
624
424
8914
93
2961
525
10269
1431
356
15
300
1290
0
1435
1
2024478
0
228
827
184
668
32
25
170
104
0
14616
975
35
437
115
4053
1089
1214
381
2555
20
2030904
0
345
1451
1
2047264
112
783
287
85
353
10689
640
814
0
0
1589
64
48
147
0
199
17682
1084
110
2019102
1739
0
21
67
314
200
3429
12726
922
18
399
519
34
1584
0
16
4
2
2499
3163
2003142
213
682503
1379
2048565
2558
1380
0
1
8925
353
57
180
936
169
756
500
112
86
24
6573
5
183
395
13
1654
1023
1067
1407
226
2
5148
1071
0
22
145
63
77
2823
628
4074
4
17622
156
1040
2032122
0
1050
754
1578
966
70
666
27660
485
619
504
510
2028237
0
914
1221
633
877
12117
108
12
1513
17
1053
1226
24
0
330
3209
11917
2964
171
6
1802
202
399
8242
2
354
0
3444
4
5
457
28
1168
82
1202
2
314
3
19782
0
1
48
267
884
491
24
872
308
1308
1275
1
61
0
730
0
762
176
569
84
2056125
2032710
19
337
754
43
0
275
401
91
598
0
2022525
161
1031
1737
85
2037876
1494
0
117
7
4
5701
298
53
454
7293
382
62
233
2350
0
1653
10011
1183
110
155
35
156
2794
261
23
976
5146
2037456
203
58
1489
98
208
1106
29
650
1967
575
2040139
2041404
0
5
1917
2190
721
2394
185
582
520
2008017
85
221
68
0
126
48
147
0
6
10
4077
2146
108
68
11
241
0
1311
115
1614
466
4473
505
686
32
0
15561
228
58
0
1549
131
7918
25
1050
1002
338
15
21
1
576
840
0
252
1245
753
1610
1748
15
752
48
736
1911
0
2037277
0
807
786
1030
450
1
408
1948
1629
293
25662
7818
0
0
171
16
1283
2835
10
960
224
2457
41
517
827
1048
0
26
144
1049
2020125
8
2033425
928
4
801
140
13
496
0
13282
8809
187
6111
253
1114
2
51
42
95
1807969
21
0
192
12810
2024122
955
1557
1239
1012
61
416
1197
215
248
2027503
3918
466
131
53
1104
252
739
2041
15
1070
14469
190
0
556
656
1861
1677
43
211
63
764
714
750
14
65
0
1281
2002
4
104
6
211
2043798
580
353
354
59
90
0
14
58
0
271
15576
806
521
901
5292
1509
39
309
0
4
334
25494
3
30
204
8
1707
594
1151
60
327
0
2583
988
580
0
1068
646
2012619
2879
586
351
13
12978
0
649
1448
267
1
25
537
26
6
5250
2010765
589
2045226
0
648
222
3
36
190
917
822
3738
60
327
41
1090
0
1108
20
269
2019297
1855
168
462
2171
8
337
1506
397
0
21
466
987
2044686
1
2005
0
1511
26
122
142
1111
0
229
9432
519
104
4
63
9
1020
247
33
4284
457
26418
1238
1617
498
544
2017437
494
1356
211
2
185
2016099
179
0
370
2056272
314
342
1350
1161
429
1160
23038
5
571
9
0
480
678
2
103
4467
426
2604
1298
1912
1473
9
32
0
9
557
633
399
12138
1193
66
1330
2020215
478
768
1
0
276
1415
1323
629
17
866
20
899
1086
555
10290
1351
0
2026038
2020929
36
192
86
565
590
1
3
197
349
27075
0
483
360
981
153
581
5638
520
717
529
14139
920
22
0
441
2907
168
14
2030841
230
67
5298
1336
16
25
843
0
90
19
34
341
290
420
20076
241
917
279
2040081
454
0
906
667
171
23457
840
2016708
29
47
93
1020
1042
1747
0
24
735
76
52
863
1742
573
1001
1805
490
1341
1
2046087
2039178
461
38
1546
1224
1095
192
1095
123
462
16467
2046990
0
29
0
873
11970
0
2669
2066362
27
5292
167
14
72
0
2135
267
1092
0
261
58
1917
44
257
15
399
781
0
364
1021
72
1799
2015304
2218
21
31
1291
56
1128
955
0
20
1524
30030
754
2900
238
247
527
12
1179
8037
362
0
22071
685
376
194
132
482
60
379
323
18
823
9645
0
388
507
1025
970
931
71
611
18
456
3549
110
19
0
65
725
32
2666
628
36
124
3997
114
867
337
804
0
127
1897
1879
24
242025
6784
2028720
565
2044653
15
324
6
0
72
1549
0
3087
13
502
2004591
96
968
972
344
319
0
1041
2163
550
1
2115
20370
772
1809
479
1705
130
29
7155
308
214
21
1620
2020257
1199
0
2028699
990
63
10920
306
0
148
110
17
241
5
0
26
59
462
948
553
1451
0
7
338
3810
3643
1465
870
798
14
5428
1525
90
578
0
4158
815
1472
0
21798
772
730
2222
1367
179
56
2
0
252
45
2061087
339
2054907
439
727
566
30
374
1095
31
0
10080
284
16
2038275
661
17
442
31
840
1226
39
32287
0
455
347
147
518
0
32
1194
954
590
2058771
166
860
0
1352
9558
0
8
216
53
1278
2029812
191
9
478
4
0
1550
1
2044996
302
972
21483
1689
208
447
17
17
1818
0
4236
593
419
2026206
2026515
1247
1454
5
71
312
300
171
0
346
14007
408
10
81
889
499
419
186
963
14
10
1501
767
1074
1710
387
13
54
577
687
349
2015784
28899
1
0
529
36
92
4
36
849
322
1275
5838
92
831
119
0
13
98
949
3
679
128
9387
101
192
1509
778
1378
0
0
437
563
1453
1155
520
695
250
313
1130
33
1432
0
37
13
2061339
626
2037
17073
237
9
914
34
3256
2500
0
2032039
70
47
160
488
378
115
80
69
1047
0
7308
0
389
13
0
1950
2032374
442
25
50
135
4593
25
197
0
101
560
41
978
459
101
578
10416
4
326
791
8
0
11
1272
2
1221
31
14028
44
721
1466
2
614
5
0
1
84
514
10416
2002
6
426
293
214
1358
299
0
0
1415
19026
1168
26
13
714
358
1035
536
874
481
645
512193
42
273
229
470
727
289
4872
277
65
94
10023
325
0
58
2429
26
1195
4044
15
72
525
9072
941
123
1283
0
531
1416
15
189
15
377
12411
194
1347
34
2012634
5671
0
789
2142
855
478
2052135
1252
110
103
222
6
0
621
0
287
695
9597
0
6
704
241
33
10086
2042202
14
431
0
4725
247
34
1
15
115
6657
412
1122
128
248
172
0
1481
1
541
219
1248
0
778
41
124
2374
31
2015343
0
1428
21
886
372
57
757
26712
3066
0
57
463
34
0
12
3608
2248
481
352
6951
716
374
137
1796
37
62
0
17
157
812
17160
32
768
1786
75
48
1736
3090
2858
0
1469
8709
45
33
23
275
171
1171
1
3528
68
87
18522
1255
24
256
107
236
2033098
795
1450
9786
27
6216
1628
0
13
2121
23
107
9912
1377
77
0
3654
0
881
67
0
856
2010600
584
2913
146
1322
9577
1675
45
0
21
25
0
221
308
68
1
17430
7623
1058
437
3186
1
397
2031156
0
956
1670
2025234
1335
1664
2019633
1736
865
463
1345
2189
163
0
2044912
2033277
231
1140
195
93
33
1053
17
503
1006
426
0
124
600
402
441
34
78
23
3453
415
2048397
106
618
0
68
61
489
81
498
36
646
5832
635
0
180
36
0
507
98
28
6
1684
7413
32
29
261
361
299
289
0
224
59
1
17766
678
29
2015742
309
959
1129
1004
2031097
0
4229
5775
808
700
29
1
325
19
25
625
1271
487
2039199
639
985
1401
246
533
542
153
16026
66
81
24171
17
0
1
483
602
6
248
221
807
1281
19029
2014047
2022021
14385
0
29253
979
2029923
1200
843
145
13348
642
481
569
10
355
0
556
2030778
2032821
2627
2044212
243
4173
350
682
2023092
14
263
0
21204
2306
8841
665
1148
5
1915
0
1139
0
174
30
0
2053395
276
1233
259
215
178
124
489
107
1
50
2028237
0
601
562
316
11
0
39
1131
2747
663
17241
288
27
0
69
723
435
37
75
2
677
15862
54
16
1029
1685
0
583
44
1099
630
367
2031157
1462
1040
3424
107
470
264
0
1111
438
22
13524
21
38
2022048
2051568
90
2007342
20
530
0
417
7497
1452
82
606
436
74
699
775
7
272
511
3468
98
414
860
291
9456
710
0
185
9
1093
26860
54
0
446
1959
348
7
494
487
932
498
2038884
1199
0
1
0
77
361
263
479
185
2020446
6637
2074
317
1218
143
28
0
350
1090
0
452
2039724
1011
462
1235
1346
35
22
1
0
6
2
4551
691
434
149
45
28
9
303
11
421
0
13671
1841
4212
539
148
555
2037436
405
9114
3145
5
231
0
1445
585
326
982
287
1066
56
172
348
16527
615
2946
0
20
2051589
49
552
225
221
2601
2050749
23
3254
627
25
0
226
635
32
714
1426
4252
3059
1078
27
731
28206
1517
0
6972
69
923
3424
2045646
1473
188
2565
334
160
931
660
0
768
2013873
2045520
234
22
570
126
47
923
8
541
16191
2017086
0
48
25
293
2700
4013
95
0
0
262
1207
5775
0
6
532
725
153
227
1299
4211
9558
11791
23
497
396
0
1083
344
995
1072
19
600
13923
3
2
312
407
157
0
312
45
336
754
2034516
229
9
27
3039
366
12
4
0
11
390
2016026
404
1758
275
50
91
202
2330
1205527
963
0
2025087
329
0
23
233
56
1929
31
1716
447
2028384
14689
0
1358
734
36
521
1087
648
327
19
828
2541
455
1626
0
30
1719
1924
1225
1003
1046
216
2015700
7
73
769
302
0
158
316
584
331
73
23982
1
2027869
946
805
475
4074
0
158
277
26
2024997
1770
21
468
1117
14
2
108
98
0
2013
12841
22764
429
1457
756
538
13
1267
35
1365
213
5817
21
56
694
139
191
277
1180
6
1198
1895
762
1173
0
2948
992
2024835
95
21
3
44
0
2026326
7959
40
1959
0
709
26019
883
525
518
744
6951
110
19
214
110
29
0
1167
1190
1354
144
5229
42
668
16086
77
27
594
441
0
48
167
399
40
1092
591
946
10
178
588
26
873
0
0
4316
36
146
1571
365
532
100
2049331
560
1215
31038
0
2627
15
90
116
399
906
13
4140
471
6436
36
15
0
577
126841
401
274
1849
1932
2685
55611
0
46
1735
191
0
474
302
98
0
25
7560
61
11
5
471
23
90
0
2008034
2023464
6
12852
1088
218
72
1359
598
1453
69
1298
0
22
18396
453
25746
560
749
17
51
216
80
1638
22
2029902
269
5211
97
951
16611
9
14
204
1305
2580
2025654
1342
0
446
0
860
433
7
637
515
5975
69565
7
724
52
0
793
771
416
1075
1498
1255
2046045
88
361
901
51
674
0
15
397
822
0
1407
1
1637
122
32
38
182
15
0
72
1174
2041041
0
338
285
0
139
1044
492
1335
463
0
8301
1027
719
1050
2656
595
223
23
26
201
2
5076
0
1026
1421
97
7
96
54
4
1198
2046297
11739
1
129
0
6111
285
1642
46
185
392
505
357
752
2
110
48
0
14
1558
1900
816
558
1134
976
21
186
24
428
142
0
9
22
50
18742
467
870
990
316
1118
0
0
119
0
6016
5166
509
81
1313
79
95
2
196
704
80
1342
326508
915
19488
274
359
18
484
9
550
2478
131
22197
592
0
110
2022315
254
10
1671
1750
35
916
2043682
1184
675
113
0
1098
183
20
962
2024
1768
504
261
653
9
1420
448
0
132
300
926
557
23653
63
1098
47
596
780
188
3
0
1
10
6363
682
2019900
213
28
2665
184
1995
461
1836
0
1617
79
294
42
574
487
101
417
2
2035944
179
7833
0
1291
173
467
2030736
487
325
33
261
35
441
42
448
0
299
2038558
2046843
537
370
1258
1034
2205
3
1083
1845
24
0
129
2046318
58
96
244
2023575
496
444
1160
95
807
25
0
2012238
717
920
15424
7
40
159
12894
287
13
1
197
0
688
2062551
29
5040
595
112836
4011
630
11
672
24
709
2018587
799
3142
111
81
11
3378
269
744
2042706
225
5634
87
0
182
231
69
1533
1526
1612
950
8
2054173
33
2730
763
0
51
23
25
613
4
92
1197
246
396
295
149
225
0
266
594
880
594
2021895
569
1033
60
753
318
3750
82
0
30
328
141
133
508
198
1254
334
1497
35
531
22
0
2012970
158
267
437
517
3
23839
11
111
306
1078
2039157
0
1258
7
2030757
613
144
45
456
99
260
7770
11
2022171
0
878
25
23
4
3066
170
81
7413
990
50
215
294
0
4
832
663
749
10
2269
2016219
106
853
232
80
286
0
13
435
861
3990
15
184
213
596
5
968
81
510
0
211
10146
196
484
616
1001
1583
2561
161
152
2023281
3832
28528
843
4
370
9
1280
1566
706
23
905
582
5691
1434
0
584
906
1309
97
548
701
559
324
8673
4
9
28393
0
63
165
462
562
1691
481
399
163
851
839
0
141
0
101
4
111
85
2038527
755
497
587
1422
626
388
0
0
2
999
2058162
2205
31
261
53
285
1932
1240
0
3297
0
2036766
390
21
23
1305
9114
176
28
108
39
30
13020
0
1483
120
6
1212
74
1247
303
861
714
10647
728
475
0
22
1386
80
1016
4482
475
503
7623
168
60
844
11
0
862
52
943
15
160
2041650
1
28182
0
359
110
472
0
156
39
32
3045
10
65
1815
135
465
891
717
269
0
2039220
1240
0
53
137
382
163
22
11
4262
625
1567
105
417
5
453
8778
623
350
2
358
4578
299
1638
84
0
18
58
336
1263
534
819
551
490
24969
320
110
447
0
3392
56
32
1520
5
12666
9639
282
1005
1415
354
269
0
260
476
40
0
4011
551
98
435
254
135
33
1118
0
39
2093
3990
92
11
87
1621
624
152
127
481
4120
0
2032059
222
258
98
96
781
31
155
1699
45
963
5145
0
2011311
1460
0
87
20
156
38
67
296
2041551
28
21
0
314
696
663
46
614
270
17382
2022924
752
1721
10062
7
0
119
756
151
1740
5460
3681
1457
564
132
845
1234
26
0
1075
1210
312
9870
738
95
67
330
130
1
2450
458
0
1777
26040
1500
27
250
434
4
96
919
946
143
1242
2045478
163
581
359
26
586
93
22
2070
0
6825
1869
918
0
722
1518
2011881
186
3086
8
45
19
2030287
336
27
9
0
72
23
552
1242
544
12
21273
1137
926
260
24
349
0
253
1582
11865
172
17220
13
333
353
0
233
54
9
0
1200
716
2038884
615
271
432
2050
274
24235
2175
2847
656
0
8904
28
674
209
431
670
599
691
435
13
331
24465
0
354
136
320
1209
809
96
971
61
118
630
0
564
0
11
1092
15
43
1137
1116
20
9465
63
2022084
39
812
0
1298
1523
41
126
1782
2028415
361
882
843
127
328
645
0
2005332
56
480
6672
2030253
518
58
2392
531
50
1822
3967
0
2
505
158
7
61
1338
105
236
412
816
19257
27
3549
4206
1617
1064
799
131841
451
106
2020131
23
562
2056944
328
0
43
124
700
36
48
1385
24
15
120
21
58
124
0
474
8
3959
29
352
922
15393
653
598
22
2407
175
0
229
893
3067
236
14721
638
363
23
743
180
20
261586
0
99
10
2033592
333
958
391
1541
55
1027
52
118
171
0
9472
231
308
48
122
1435
129
518
1203
38
28
1746
0
1
3
1870
229
94
1281
39
135
96
9660
1170
1387
0
1811
1666
1556
478
600
2036106
775
2052933
7
237
2
21
0
781
189
800
4
302
2052577
10290
1901
961
2050392
571
907
0
318
1561
1382
2562
680
1321
2008119
1303
610
688
1055
3
0
1771
10734
8
76
598
39
208
391
1207
88
1
14
588
1014
10
406
828
0
34
865
297
23145
1584
2046502
25
0
21
447
1695
25
52
211
429
23
2005203
24
1027
53
0
683
859
89
121
237
935
3249
0
420
1423
18
477
0
9
4
5881
675
18102
958
1285
98
379
205
1
79
0
1327
248
2063338
48
252
643
832
11487
577
532
160
313
0
16044
619
40
23
1326
1330
1799
950
1590
992
492
17535
0
400
14
18
1767
129
8
43
78
15987
13314
3843
2004282
0
10
413
46
1063
391
323
529
552
2457
443
626
0
0
2041089
1036
67
37
3234
2017212
564
1888
3347
1000
882
29
0
9717
281
362
8784
1901
45
442
521
1
161
54
3621
0
1
11844
152
756
1892
1176
309
827
1965
8
201
320
3429
15
1535
16506
1346
256
1148
783
1719
93
51
349369
612
0
677
21
1091
753
247
1361
712
666
1092
813
0
628
0
150
94
209
46
1073
2084
18375
4
638
1488
0
83
0
106
63
4
1255
4389
99
1106
24
1038
15
3
1172
0
2026662
23
8841
1697
1693
10
849
22
141
18
2
294
0
2310
1986
1367766
113
1
6
38
117
2018566
162
0
7350
0
18
75
876
425
20
1436
30
576
346
3123
126
255
0
1924
945
1996
776
918
138
983
26022
38
0
422
2022715
0
621
0
383
1603
774
1576
504
99
496
227
572
14
0
2039871
5
1569
2016204
115
1278
543
5586
43
343
987
1348
0
316
3993
46
1730
2034096
765
538
13
744
305
140
324
10734
76
428
18396
10983
149
22
45
72
25
660
7185
52
0
1
480
3216
980
189
46
533
701
2022504
139
462
11046
0
703
535
1342
86
1851
411
20538
518
1524
272
2058477
197
0
643
486
420
249
399
23
250
124
230
45
580
2591
0
476
166
2009359
94
180
167
2310
445
657
34
37
349
0
8715
321
523
2024572
46
309
17
129
2646
1518
641
2015280
0
321154
740
8394
870
280
66
64
2010849
7
5964
2
2046807
0
599
44
248
5
27
384
833
3360
620
3776
0
372
0
612
583
155
14
26
2037120
2008834
781
521
16
59
617
0
1151
562
1379
14427
1122
349
36
33538
1381
33
389
9
0
3490
2035755
532
547
1673
583
1254
1348
170
70
1478
1014
2040669
19
0
745
5
620
8
1038
2101
1159
50
2007993
20
0
752
931
40
5424
2910
240
281
709
2061711
573
26
1313
0
989
2275
278
1
59
61
26337
1
69
39
1658
470
0
173
555
310
2026
609
483
143
512
5
536
642
714
0
65
175
505
2395
799
256
112
1152
126
0
2019480
824
0
6511
192
1012918
22
1
1790
256
123
777
746
157
24
0
7
198
624
793
1664
2348
2013690
1009
18
1554
634
117
0
57
1007
558
68
2018199
4
327
2009862
49
11
2322
126
0
941
2595
23
368
239
29235
56
496
446
35
1528
52
0
113
105
29
2026764
23
170
3412
202
3087
93
138
1157
0
93
3969
1088
17
638
14
177
1522
1883
16
25
448
4542
497
15
478
1227
66
1124
257
1095
6798
4149
2058417
505
0
222
2912
693
5568
947
2
678
14
12495
100
8
57
0
178
32
388
1181
27
564
13797
10
172
150
1736
611
0
287
435
1255
2835
34902
16
1487
1444
1495
1302
16
280
0
1020
1623
34818
675
45
1288
67
1216
23
277
1326
348
0
1491294
231
113
61
0
928
54
469
315
1044
1010
19099
0
56
29
3336
16
16
36
101
95
661
2021454
460
930
0
387
28
116
14070
46
152
1200
2056755
589
156
808
9
0
28
10710
2020845
43
688
2045121
575
256
691
122
330
104
0
1554
31
1431
1513
216
78
1347
814
1
2342
289
334
0
0
6048
524
1183
1376
341
7
922
4019
61
1095
277
2772
581
3409
1316
15
236
0
782
1
288
41
86289
76
0
17
146
81
3001
0
348
3
2054214
3759
2051277
269
328
0
16
60
528
170
690
965
11151
129
446
354
3763
187
0
369
378
112
1323
2015742
28780
5
357
292
0
16549
2524
0
203
2278
2024935
15
5
439
39
31
375
2872
1064
332
0
2058100
79
1
1372
2055139
527
152
17
13
672
41
3510
0
10899
628
2013522
53
45
2018619
20
370
672
18336
459
71
0
243
0
458
208
103
360
28
2010387
1168
1
2047284
12
0
40
1972
774
21
71
2035800
702
870
730
1
875
53
0
777
1902
769
3471
2017491
26397
6709
2029770
768
3129
5
136
0
2784
17514
923
798
4307
273
21
42
116
1880
2040228
87
2016016
921
72
115
9
119
19
52
1456
78
24
24
434
0
861
372
4626
7
16
333
225
3596
2009631
1728
6
399
0
1250
582
565
218
546
255
2054088
10899
111
836
857
318
0
2722
427
571
2234
5733
312
3217
1481
1016
528
1212
391
0
850
499
415
11
103
1552
191
358
14
1080
8
11
0
7203
6406
1859
2307
531
672
28
241
0
2
76
2021646
0
667
258
117
84
11
91
838
79
150
294
1416
1620
0
695
413
1806
110
802
183
237
19698
1318
911
113
2008860
0
101
50
2017233
120
7
2027628
21084
521
288
51
50
54
0
491
899
111
26127
94
788
214
220
548
190
2027814
164
0
1054
2033277
10857
746
153
4
49
850
333
25
122
311
8484
2
2025823
1496
447
138
1070
2042160
325
9
181
2028993
1176
0
294
1269
8
947
518
1187
2021160
122
8667
637
2155
102
0
1
351
5
27
2
646
1407
150
762
1156
1381
50
0
744
973
136
26
2049699
4
644
30324
608
617
653
603
0
1215
321
4662
672
273
600
141
584
274
1347
642
1548
0
31
6
25
6069
145
16
1135
836
848
747
54
2049888
0
1818
2004486
211
1412
189
375
715
211
569
5617
188
937
0
458
1284
13
61
579
1249
1270
14553
63
52
7
1278
0
369
80
461
207
233
2037331
382
72
178
653
127
179
0
69
13146
405
6783
13
1582
66
655
302
13
55
660
0
1225
28791
395
129
303
133
197
1067
336
840
1806
2
2041257
834
54
824
945
0
663
490
1852
2013478
230
2021170
354
0
763
11214
395
0
150
928
9502
912
21399
172
96
663
0
1883
2011416
431
770
1044
47
2036364
691
349
867
1719
328
0
13
7
66
292
2035167
479
54
446
1368
35
37
24528
0
1033837
360
2053836
4
529
459
28371
0
486
30
909
79
0
2054466
445
2046996
611
31
144
371
226
87
468
1582
9264
0
2667
48
19
22
432
23016
34
69
292
2014065
1441
40
0
2067
119
218
1456
661
124
20
31464
1476
1122
15141
3502
0
2
827
198
1704
1246
26586
520
1316
6090
2281
7
18
0
376
2031156
154
11718
128
2019543
814
348
998
1235
1168
0
0
1594
2031009
36
1003
1027
855
720
569
51
2034369
171
1144
15120
598
1356
96
103
8
498
1150
92
1903
16338
2048130
1342
0
15
34
945
2029959
1489
252
17
24
15571
629
1
1133
0
420
751
720
1481
820
1598
11781
547
710
23
2063370
813984
0
1064
294
930
77
14700
145
141
809
612
378
1363911
10714
0
31
122
798
15
249
1317
49
27
8
366
791
1151
0
5292
544
43
2264
56
516
1269
6
3234
1266
950
13398
0
162
579
290
424
38
68
4045
16
624
8127
457
66
0
40
2022357
419
283
204
503
0
1733788
335
180
305
52
0
1718
2015007
2641
375
4
6552
17
51
2047116
728
10206
4
0
297
352
1525
1806
51
2040417
4078
84
2
2017632
3171
1
0
533
2043609
49
7
275
10671
2019774
9
2
901
2
1621
6363
1788
207
1637
1350
2
551
837
1
118
381
780
879
0
2005851
19
2024
8
752
42
80
2097
8463
287
77
2025444
0
3339
971
1107
355
1469
165
23310
914
860
1185
1284
15
0
447
5
60
2039368
20013
129
834
975
561
1231
770
2057
0
379
1621
11493
509
24
101
2
401
1884
3164
2230
65
0
18186
94
0
1896
632
31
1343
2319
840
826
145
7119
0
41
191
953
0
218
200
1403
923
2026059
1401
777
4
0
0
1272
723
23520
2020950
650
2029204
2163
203
224
1260
137
0
164
133
1625725
26
1031
7015
731
595
82
0
17
208
0
1110
318
352
258
1028
1067
1473
1890
449
2
1122
1054
0
785
16485
5
1432
1040
1378
849
192
1186
1779
1
816
22375
35
277
952
564
1733
276
11
582
166
1
8889
1170
0
3
661
380
2061
871
363
2019
1153
420
5
1101
20
0
2136
122
1291
2027859
9
14
11109
1159
131
445
434
327
0
3190
1711
795
0
2009232
916
20
294
115
65
1150
10437
0
17
2
8862
402
90
90
491
1002
354
36
2044077
2557
0
13692
90
1573
2058666
9
40
550
101
717
714
718
8527
0
99
2029980
1441
3163
338
551
2025825
381
2045887
2020257
273
2044200
0
477
79
1427
2
720
163
256
2028255
2386
22
2
40
0
27
519
245
462
21
21840
9
238
2052202
1
65
312
0
25
0
260
2044029
8070
863
625
461
286
4
463
16527
0
150
2022441
489
108
0
55
537
228
172
559
155
992
588
1274
214
73
218
7266
525
405
1619
1096
292
20317
934
0
21
418
25
861
20916
492
1257
926
2038107
113
1657
252
0
177
22
299
496
2
241
2027313
1192
27
17
148
853
0
1443
38
2041173
143
2041509
942
3680
59
792
11
0
1067
0
2322
4
9072
1138
2018997
1079
72
326
1930
657
475
1232
0
2053416
2
2030253
721
120
2
400
2016571
21
2041950
86
2036127
0
1
1430
554
35
187
87
1183
12
1299
2751
41
383
0
49
340
2
246
861
6009
193
2026179
186
1033
362
332
0
469
586
106
660
29
1239
67
172
1115
327
220
152
0
225
629
2381
2376
1735
106
1351
127
43
171
1131
857
0
1078
1470
5
2014
280
34
982
207
2028279
15
176
2014212
2015500
12
51
765
576
1210
59
7287
38
170
13
252
0
0
25
483
294
9471
17179
6930
62
647
2042349
1644
450
168
0
116
278
33
397
91
18795
8232
2037876
443
960
4074
627
0
1698
417
1494
1457
1407
349
1754
0
217
34
105
1312
0
1214
264
2026140
138
1205
0
44
33
191
397
44
456
0
2028562
3823
81
296
315
1241
169
160
20
2041
1379
5160
0
2016792
200
723
169
1050
16
168
49
77
18375
1073
2062
0
183
4
1048
895
530
60
20895
2025402
220
233
1388
364
0
123
1826
150
695
351
9411
16
1557
399
6
289
41
0
126
2010534
1821
9157
794
34
699
2107
235
862
27
291
0
40
13336
14826
315
345
1245
1767
568
79
3
722
256
567
429
51
602
431
342
2013222
1440
379
716
8
2034705
81
0
1118
1052
350
337
48
422
846
265
6846
810
269
1397
0
36
297
274
380
75
820
2044407
10
760
17
396
816
0
8
1124
206
895
105
18
759
823
549
33201
584
1848
0
229
359
3282
4
0
14
176
85
1178
1156
6
2337
0
2052513
447
353
2037288
59
50
1310
2
68
102
12296
2022672
0
1108
1018
10
181
406
27
10
816
1410
273
0
1246
0
1053
3
44
48
156
960
623
6825
1102
1
390
825
0
1682
494
6
667
113
2037372
2981
0
423
2153
27
1
0
1455
1105
34419
5062
144
108
2043630
93
771
2028090
1280
8
0
648
2056419
44
85
17
462
14
197
384
14
490
0
4164
846
1038
1089
2027544
127
752
509
2360
14
4536
11487
759
0
0
33
1239
25
93
834
889
958
33075
33
1149
5
0
1064
2974
94
18
399
714
9642
2373
234
1863
16348
592
0
1074
705
356
19
3954
124
1560
1352
887
5
1397
1464
0
9
4
2037078
0
16
549
163
1739
55
30
506
361
0
12201
20
6279
964
32
10710
187
75
0
8
884
577
0
883
616
1526
1386
179
211
161
397
7
5796
329
3789
0
620
2032605
80
718
30
556
35
1323
1039
752
2
1
0
288
64
892
1234
206
7413
729
537
8
1222
2013
2012025
0
33
1248
1282
4998
1000
55
177
84
328
1052
256
129
0
0
31080
22
761
64
714
603
154
276
32
59
807
2041194
355
1166
33
287
20
1043
848
631
24
8457
33516
530
0
2052513
912
1156
28
1107
2055084
150
40
1029
886
609
645
0
4247
3211
2947
677
1816
390
5355
459
409
966
1778
335
0
517
2
168
0
18831
2036745
1286
2
11
844
227
356
0
702
10
8967
296
1550
135
220
0
101
2233
380
486
0
15372
511
1175
9366
2751
468
1073
498
460
29
1225
2025720
0
0
1321
2965
2019801
515838
62
115
100
250
9684
98
30
0
1
0
231
66
1577
391
324
2028957
2
32
81
1253
0
0
1725
567
414
240
1176
8841
52
49
480
13
546
0
44
2
2023344
1687
2
187
1
828
505
535
558
462
0
652
21483
1847
1307
45
353
1351
2290
1
544
12
270
2039199
80
23
399
264
30
67
1291
65
6
38
526393
2986
0
65
214
1335
2387
1279
265
238
196
2029351
394
29757
872
0
312
65
261
166
2042082
114
2022483
376
682
1018
1
995
0
1777
110
250
1243
12684
50
113
28
8
1883
716
145
0
540
2407
1134
108
1874
621
2039535
7
19
2013117
738
1929
0
1281
1197
357
173
539
1
512
1241
1084
58
2029752
13345
0
812
2018535
1159
89
286546
15
1117
44
1
5523
7
450
0
222
2025111
1018
105
21
285
382
7056
893
687
3
25
0
1194
1969
2012655
816
2284
2042733
20
2258
1824
613
157
544
0
80
614
1626
2054110
48
268
1016
600
95
46
588
378
0
0
2033035
696
472
1286
436
38
743
0
1253
40
632
2017218
22
37
142
470
57
82
684
812
38
246
18375
1987
0
5985
6
47
9
422
2005788
983
432
2014644
234
1065
2037288
0
58
122
101
2141
1618
741153
7266
26
1302
449
444
2705
0
3489
70
879
130
11844
996
35
144
34
369
565
455
0
16
1114
5376
811
275
15645
93
232
830
0
21
27
0
2530
2632
19
12
0
1208
11172
37
24
1200
2067
19257
0
280
373
18
18
16
2617
704
620
2038159
2033031
1
16275
0
994
11
934
113
1361
13548
93
5040
2212
18
6
14
0
141
286
695
43
968179
3276
739
5454
269
86
72
15
0
21
505
52
26838
16
19
2006124
472
451
43
1856
2774
0
47
4473
0
633
834
4117
2005935
50
239
6763
4
0
1713042
524
1034
796
17
486
2071
844
15
698
635
14385
38
0
4
1815
856
18
22932
40
775
1068
6951
104
663
380
0
1030
238
345
321
41
1356
25710
142
811
467
1561
624
0
41
367
686
157
2039346
3
381
5733
685
332
494
346
0
534
1182
36645
1717206
984
8
481
38
19
961
959
193
0
2045457
20
532
65
1056
207
642
208
1063
1549
482
11175
0
1691
1058
3536
1281
1560
4347
663
1294
312
2032734
8
505
0
1048
9
235
1221
327
145
36
5082
1421
37
1083
260
0
419
192
140
29
1127
3781
526
943
124
33
0
826
0
250
337
2033277
2007063
1110
117
2033445
941
851
43
1013
242
0
2040753
10989
2
15
12831
89
1079
149
21
650
559
505
4542
441
511
2731
96
328
2071
1446
317
5
10857
8736
795
0
66
87
632
2428
809
738
737
1586
8589
339
1461
900
0
228
125
2
989
380
141
13461
0
611
2
29
97
0
67
1752
357
43
2029296
694
365
1303
801
2040186
901
909
0
361
4767
19047
966
342
5217
112
507069
2
2944
239
897
0
2006250
56
320
12
99
15
200
5
207
681
335
14532
0
405
2958
57
4
445
488
2011227
3
541
2035188
160
29
0
3114
45
139
312
291
1825
233
12435
7
4
0
2041
0
947
235
8
214
50
2866
34
117
2035230
497
228
14217
0
35
441
418
2030002
746
2738
363
809
3864
1205
310
591
0
172
20538
219
345
221
65
56
161
51
116
365
1239
8421
1909
1196
727
674
86
1
404
423
32
802
2027733
298
0
5
2004192
350
875
742
596
2041635
448
6447
564
10710
116
0
28
906
1551
418
4
1485
14118
1111
201
891
77
56
0
1
195
8
820
2018136
189
878
36
802
624
342
1095
0
92
346
32424
1101
1571
5
41
1272
666
1142
1314
16
0
3381
38
69
9
837
165
289
807
195
28
2530
4410
0
49
997
24
1649
20
965
519
1495
1010
1092
3673
2062509
0
2051106
1163
767
11
159
1888
139
12936
1022
17
112
477
0
2104
2023032
456
527
244
1155
697
340
49
997
312
198
0
54
20
1026
3891
300
4832
171
713
1996
1300
319
13041
0
10
2009646
1424
995
152
105
63
108
12999
0
2022882
386
31101
71
27
1484
48
14379
38
2043931
1891
4
191
22428
764
0
211
910
87
98
1
311
607
37
9681
541
359
296
0
2019
54
9639
0
44
72
2045919
366
358
7119
501
1471
0
426
637
1712
12
19677
33
168
1534
812
1318
614
12705
0
36
487
11319
244
1307
18
11
399
417
155
1239
586
0
588
834
1072
138
1562
119
592
2
665
1107
868
2034351
0
688
248
856
959
14
1086
73
68
6
6594
42
85
0
1515
2019270
512
90
458
1240
111
5166
1
1401
1142
1691
0
1484
29778
52
5
677
25168
943
1232
210
50
1385
15
0
2054
361
2
2028135
70
105
15540
212
218
942
831
2014020
0
80
1040922
1596
42
723
271
12
695
2014860
262
1371
3257
820
39
274
1
0
3377
2635
89
1449
531
0
2032563
9813
0
61
7
1153
444
23079
796
886
47
2030148
182
71
1276
0
2010744
670
92
1163
1171
2
8862
744
1720
120
90
179
0
2320
893
6
621
2056419
222
2056986
522
2772
124
648
531
0
282
1626
2034789
512
29
972
2973
1242
329
129
1397
474
0
1134
1552
12
2064693
829
15
6
496
353
457
22
12567
0
2055999
1021
51
62
2330
1035
1
427
22
8694
181
15
0
42
983
586
37
350
900
2831
2018556
53
454
524
3
0
10
163
760
1248
0
2034831
1131
37
12
716
831
29
0
366
240
2641
5628
1594
93
862
91
855
601
8604
372
0
293
2031072
360
0
678
240
2
440
1
88
405
83
2027439
136
318
303
414
73
392
1050
281
981
0
2017989
2022861
0
129
122
881
143
13
234
2019135
1358
2017170
1293
311
15
0
259
21
39
5
9
241
3129
1016
2
258
35
2047704
0
768
1048
480
0
10689
0
316
596
614
119
161
12
0
25
356
2047656
457
6
127
34
34
1490
1845
7
508
0
1029
399
1029
1537
894
458
50
12
1069
310
30
7260
0
585
2014209
262
204
1853
0
168
1251
649
2030967
2141
4
0
1946
2057
44
206
980
884
13
18066
1022
232
30
2055663
0
527
916
220
131
1
2520
44
393
2178
336
1171
85
0
1066
2027985
2045316
7538
46
71
2047494
284
1565
2
20
1508
0
863
8515
272
1236
837
10
217
71
395
1092
5335
347
585314
683
1104
1201
1228
35
334
797
0
8
99
2003682
2025507
0
463
847
55
377
818
679
1299
52
3195
227
2434
0
0
1055
0
23
483
3631
251
2014597
771
4
1553
98
1
0
1747
0
439
620
1399824
702
1499
812
52
183
6
49
0
17
662
14391
919
4
1
507
1832
2
233
31
84
0
5712
1530
20
2004129
244
1054
501
421
605
743
675
6951
0
1
9
193
8
12474
2279
22
103
493
5271
231
249
0
101
34
895
26
856
2035356
478
2013495
717
522
56
1246
0
1047
32
13
11
23299
7605
44
19867
13
84
1239
4
0
725
810
1687
2043756
585
5005
1420
0
2
320
1159
1161
0
34
158763
2055285
303
757
714
518
2
575
1
522
757
1737
939
900
420
802
829
598
370
200
383
702
24906
457
0
156
48
62
31
132
701
8
569
651
0
57
1016
0
560
11193
371
0
869
1583
5186
884
929
808
232
391
0
100
330
204
41
2022672
27
2044302
20
367
810
634
310
0
1038
0
9450
1408
104
30
360
1666
178
21
17
734
0
5022
385
433
303
1511
353
16
280
446
396
799
32115
0
965
142926
1463
128
2020173
1
454
807
261
4599
2026536
51
0
942
4977
135
568
476
697
560
2562
24
189
719
2011116
0
108
1080
58
1694
24927
5953
139677
182
1381
263
1000
103
0
332
130
630
3318
2013537
396
1757
18
2
8
69
1391
0
27
2009673
1138
0
82
49
223
35
2023659
8688
61
688
15109
722431
32
342
982
1300
73
212
1314
7
3381
2044932
294
0
56
13
1
867
212
762
31
123
2730
240
816
404
0
2022105
799
3418
140
6163
41
2022189
19
12946
3
33
170
0
1475
1482
9387
432
9027
212
817
283
48
245
57
18
0
1016
579
1428
110
7
134
82
182
191
0
150
908
0
17283
4
473
732
902
3
1232
1114
81
789
670
12369
0
750
1456
262
1018
721
1328
424
245
1052
2037855
530
728
0
245
31
492
1460
14493
14
83
2049468
1927
2935
905
332
0
210
3
254
1116
753
17283
812
2001
1323
357
478
21
0
68
1
2435
2730
800
458
120
52
24
155
111
276
0
117
13749
1117
84
31
29
889
2015133
959
1085
7392
2
22995
2
601
717
16254
53
101
192
364
3060
64
2041530
643
0
0
8
163
1177
8
64
0
2031849
2029875
180
12642
299
0
825
166
319
1197
188
15
4242
1008
59
2335
2028993
622
0
18
230
1396
554
1092
132
666
29
1584
413
19
188
0
149
821
1050
89
9
6
283
781
609
3197
327
922
0
3129
853
2048145
61
234
1003
938
869
712
2021454
351
2033508
0
347
275
244224
14
564
253
22723
9
2409
11823
8
1017
0
2020488
252
142
13
17
855
708
2457
559
5
322
1400
0
1
75
497
403
126
14805
1239
131
241
761
10
66
0
0
10731
65
4641
559
464
38
151
440
25
42
354
0
160
21399
0
19
6
1848
2045817
683
848
1159
498
150
2050035
951
46
832
27
1408
32047
2768
1523
172
1
20412
303
0
441
124
47
249
2208
407
457
1012
4498
48
26
672
0
782
286
687
405
1
654
2040354
486
1165
140
896
61
0
47
550
13
570
2022945
1238
1720
627
415
559
26
227
0
303
33
3261
2153
800
2045293
370
1413
952
714
5922
8
0
2052870
663
2019879
393
197
352
213
5
1137
755
1093
18502
0
71
0
672
321
13881
1174
652
832
638
3864
1321
1736
0
47
176
2030253
538
19
22
140
28665
243
2
6
845
0
16
14
42
665
3175
12312
630
158
1991
2044779
735
834
0
122
1597
520
7393
867
2005200
9618
514
2035755
1428
2049615
1294
0
0
2027439
1020
641
1126
56
270
101
1824
1050
2
9555
5103
40
279
6
454
1095
152
15
0
402
340
2028132
1036
0
149
80
1
1050
7014
360
34
132
2064652
62
215
1220
0
48
1
165
106
47
80
2015637
12
138
1327
1575
1103
0
4914
103
350
12
9345
2033319
1951
2
158
697
8
1102
0
965
1237
21189
1284
3
963
172
125
378
30
46
2004675
0
9397
62
1283
21
135
957
207
0
933
76
1124
2063559
0
0
1433
2364
6
531
578
100
18
5292
2055369
1301
198
0
3339
1518
1376
19
1924
75
864
4498
0
5
632
67
0
2
387
275
28
813
287391
318
165
351
1911
1012
1078
0
85
262
416
11572
445
1898
819
7
34
5
534
144
0
222
1995
8694
58
8
673
92
0
302
2
11
844
2013526
802
129
190
992
574
870
1297
14
146
342
2053206
28
0
559
583
639
2681
33
7413
16
1136
2033109
60
118
240
0
30
26
292
3135
306
1
2025550
419
1
554
353
181
0
14
1136
106
1
2058645
397
198
623
191
2
802
103
0
11514
1119
10164
11
900
1526
863
19
531
1545
6
681
0
2025255
193
22
36
1164
908
126
5
1019
122
1003
2038899
0
44
369
32
687
405
261
269
1442
0
13440
848
471
0
221
0
3
50
340
537
54
2184
1208
36
1749
31
0
417
50
857
9366
41
2016540
289
58
476
840
1
1455
0
892
1040
512421
4014
1382
22
13
313
179
25
1772
935929
0
31300
2027901
2033
487
19299
335
1580
17
868
769
950
1976
189
802
5
59
120
606
443
1643
917
81
485
829
2
0
86
24
1266
239
337638
2016078
270
71
22266
707
1609
172
0
2001
53
1037
2015
1866
117
14595
2393
28267
1746
766
2024793
0
446
895
601
879
2067150
88
722
957
513
270
13
574
0
597
1331
2053374
1129
1
34
1488
81
695
734
230
1113
0
1842
29
0
3339
2232
2019978
1
294
99
0
502
5796
0
104
67
1135
367
34
716
23
2012403
922
1389
8274
288
0
67
45
338
483211
472
270
704
2021979
4
310
1026
4
0
1107
13
1328
847
546
2049426
493
255
1022
273
0
469
0
681
888
824
2877
58
302
1188
1901
350
157
225
1922
0
474
25620
59
33
96
1186
379
811
647
26
1155
26
32298
4
6
15
289
2023176
2
1830
108
1039
2044179
2042233
2049846
0
800
778
233
1868
2052135
159
6861
27
2046717
928
2949
327
0
0
1
82
3549
23
115
2016
6
2046300
50
514
6
0
418
548
499
0
2028783
73
1122
68
32
30
656
20
0
353
1722
864
25
1841
403
1246
1388
17640
295
2
19
0
2027776
259
578
2049657
2289
3
951
344
328
63
26
6495
0
2038632
991
1168
1183
2038128
6
1581
602
4431
34125
21
1491
0
718
65
485
692
379
226
40
3622
2479
37
178
249
0
10
333
1192
2056114
541
4452
159
2042349
412
1
1544
1167
0
1429
773
1140
2047390
161
2329
728
37
716
284
1317
227
0
263
16785
1869
28
10
1307
1075
479
11
327
3635
647
16989
1
21
0
19
6952
52
24
2006754
170
63
2062320
5
0
1017
59
1051
202
2059926
567
11
8
2002302
88
367
592
0
1828
16023
10656
11
8
349
2016477
258
1482
474
18
480
0
1777
2058
10983
2028867
8358
866
6
26
124
664
551
7
0
974
1222
8001
1041
1506
572
2035482
790
12
14
1118
18
0
5239
171
2049510
1695
1799
1710
215
23
658
10
13
21339
0
477
592
821
526
5334
338
75
1060
1776
1533
132
34
0
127
8
936
3
86
409
605
5020
10
715
525
3
0
28
40
2565
149
12
6033
831
248
84
9
29
294
0
25
1412
995
2028090
238
46
697
14
50
146
242
113
0
97
1858
1879
1
83
494
775
1692
0
1422
819
194
34
391
23
1633
1
114
500
518
1343
732
211
22722
3
0
1587
13
219
173
343
755
33
1378
2045562
356
0
69
0
600
2038884
326
10
280
140
23940
991
13
1330
210
114
0
52
8
168
12600
1443
1900
653
720
264
9
1144
30
0
3
21
10605
331
1340
6
1
1018
1094
21
536
16
0
1329
1316
363
575
1
166
7
268
1370
1071
14
6639
0
144
734
6
198
23
276
3
1056
943
504
15
2974
0
980
696
763
1325
2548
16
33
1135
237
1388
2056104
1952
0
6048
28
0
1948
0
23589
11
2151
656
337
157
110
0
9
881
68
15624
1605
342
150
16
19
2011710
420
255
0
2034732
2035177
8
164
283
284
26
2019942
368
1103
635
1
4305
42
410
189
259
48
0
464
160
3297
13308
798
1276
0
87
688
16
948
355
420
215
520
13503
3
106
447
0
468
1
6
34
1884
951
5418
84
1186
13
238
2120
0
1321
99
136
37
22597
889
2
1648
18249
12306
61
0
0
26880
413
2017968
1877
1016
226
132
179
1801
2012889
663
30
0
2982
830
1593
776
32
231
69
456
1174
3
3531
1788300
0
40
805
41
1622
14
6
505
147
27
4305
955
35
0
89
23
352
44
845
16
50
2064903
282
880
643
518
0
17415
2021160
99
118
69
6573
68
151
62
53
609
31
0
1576
321
299
2646
1
463
19257
56
1006
1031
202
249
0
151
2034526
190
917
167
506
835
8358
2029770
426
7
95
2030107
752
109
94
2012655
861
1146
987
517
12453
669
2040333
484
0
979
1408
1135
253
9
564
21
448
990
466
65
565
0
896
4
864
545
2014749
5439
9177
504
40
2045292
50
629
0
1772
1530
11
2024881
2352
24
241
579
948
806
194
113
0
170
320
32151
886
253
1240
335
17
2767
421
635
1837
0
2017611
645
229
205
91
33
1793
661
1305
336
1482
2036091
0
372
70
31
335
4222
9219
225
455
1062
451
44
544
0
2173
668
735
296
435
1324
28
2163
1403
916
350
1082
0
175
619
230
610
20560
2055831
2042103
297
967
516
2
2
0
1181
609
5
3465
1735
986
25
85
3
6
1728
119
0
365
19005
852
1042
2081
1673
2316
21
637
2037687
656
246
2041005
1186
107
230
117
487
307
13
184
2239
16
9429
276
0
714
90
13
1152
188
1142
730
38
8742
16
731
650
0
806
2031828
2039388
28
26
420
13231
31
38
5
626
342
0
777
259
103
738
339654
1909
56
56
434
2045205
670
41
0
580
1847
2814
20
12
1201
2209
443
381
6
0
325
0
2035860
1102
14742
1232
1116
77
225
15
280
451
28
2030358
0
8
78
392
96
567
234
357
172
1832
22695
88
1092
0
584
12
1331
57
739
155
3
6994
49
7
158
27174
0
10
205
380
12
2016729
10668
45
358
20
1186
551
550
0
188
1013
10
2056923
25
205
65
37
8014
191
59
112
0
689
3622
1714
692
1676424
22
3
981
39
70
12
1420
14112
90
430
23
1191
844
1182
3741
493
73
275
4206
1019
0
825
290
210
10710
654
269
4
1356
2014671
21693
129
263
0
2024488
2016183
1193
1818
316
17
696
371
27
3
1813
414
0
45
220
67
173
2731
0
2475
2
1969
1637
404
1453
0
572
418
4042
4137
232
39
2
1747
62
38
376
1350
0
12810
446
34
11
618
515
228
433
1360
991
15
1105063
0
30
1659
318
3
246
731
256
113
288
2041824
54
14
0
5292
281
2
487
482
141
1172
18396
159
450
66
315
0
2026601
9
804
509
191
2065155
61
500
766
59
72
120
0
38
125
18
11361
177
436
24
1166
1339
67
0
780
0
799
2034663
2
755
2016354
1013
7245
214
271
1162
2619
2915
2042181
1
525
327
29
286
4778
1008
1036
299
8
17724
507
0
378
1490
171
2079
1343
945
353
2
11403
262
1878
221
0
1298
418
44
21
0
1747
19005
27
26
66
210
789
0
1
19677
1427
1191
279
413
0
7
33
58
519
676
0
295
1260
2024037
698
0
1233
2093
350
678520
174
576
2
0
2044512
8
947
297
942
214
1244
34
587
409
241
2035125
0
1178
0
148
849
51
139
129
557
4534
5424
1
36
0
222
26
66
613
1245
598
405
13524
791
32
29
1
0
236
75
1164
3233
71
2041698
2029801
18858
913
584
643
502
0
584
980
5
1974
14
2060325
90
49
15
270
47
17
0
553
10117
613
3418
1238
421
875
35
443
1
145
206
2026704
642
24
1135
19852
20
288
428
661
126
59
189
350022
0
1122
40
1818
38
65
5
2026095
34
2022384
911
2035692
287
0
423
90
1027
16
55
2106
4662
1204
123
1
932
701
0
22263
971
2018
1
12243
275
8
652
769
832
20874
671
0
66
842
12600
954
15
1737
1052
280
46
577
17
82
0
8589
622
19
434
497
249
334
725
660
5
1331
23814
0
553
684
77
51
1752
301
1386
9702
24
14595
132
1360
0
296
100
153
57
74
3
2032542
15519
11592
241
115
36
0
930
14
304
494
23
2877
1590
563
61
140
678
1544
0
135
1701
189
16026
544
13
859
300
1758
3570
35
459
0
1437
3349
108
7581
316
812
2481
28
94
11
733
983
3297
632
976
24276
499
165
625
50
61
3
1079
28224
33
0
1258
1140
1512
460
1048
45
2009226
309
18684
1
25
54
0
541
375
1544
7
92
296
2059416
57
8
1429
2012802
301
0
213
90
9702
18
2668
4
2608
7
8400
1421
860
23
0
1102
1670
16359
1018
838
1015
441
2570
1700
2027901
271
2053
0
13335
159
68
2625
3
627
269
10
1565
415
10
16296
0
535
622
1226
9
10
1351
30
1231
1250
2030820
3703
2006061
0
66
86
31
2010912
6
447
228
15729
466
422
18
2017842
0
483
295
20527
771
514
2430
40
14
215
509
42
28
0
818
963
2149
7251
490
103
355
38
350
1310
261
385
0
220
17430
230
203
357
64
1154
205
883
25
1151
13188
147
17
599
27
3
1292
0
226
1220
139
264
16065
96
0
173
656
91
649
520
1386
346
350
2007426
2009337
494
48
0
2016813
340
1885
576
885
3048
20364
826
71
59
1303
568
0
15
3370
69
1286
3402
143
347
229
45
27
1938
75
0
102
371
13597
281
2026410
578
395
2355
238
506
211
286
0
2054991
241
48
521
3384
2
66
849
127
48
65
6447
0
172
453
220
2023806
994
28
9849
228
918
18879
197
29
0
2052801
623
1148
6531
2042811
13
2033319
17073
359
2041635
352
0
0
899
2038884
1375
430
21913
2010240
102
678
1278
411
136
0
0
1874
18
1323
23982
17
628
41
81
1421
2
506
372
0
368
9261
1546
2
570
567
861
339
980
938
361
17
735
1163
333
2021643
234
163
3054
581
1408
2046927
37
5859
818
0
1185
53
1
1026
10
15
674
324
16779
982
1464
1050
0
1424
1126
1330
837
839
183
26586
39
59
63
316
98
0
988
20
1695
291
2013264
878
1210
850
1437
501
11
1333
0
780
205
1575
179
838
1378
1
3486
106
0
2062
801
0
14302
901
23
168
557
271
2754
579
696
2186
2015112
2042937
0
922
1109
3
2054860
289
2151
1
1783
21252
3675
739
81
0
766
53
581
2035545
1347
2085
186
2029318
925
122
1335
28
0
0
192
3
296
6336
3717
366
2
496
31
452
246
0
461
1457
1329
2015955
59
1083
1539
1231
1410
1506
1203
1260
0
60
2049594
2047719
795
565
1105
385
59
491
78
130
242
24591
31
142
67
100
2009826
39
1675
1013
211
14
7182
1700
0
0
1368
889
1021
434
13980
3531
129
8253
48
148
257
0
59
533
1094460
52
63
633
13923
431
141
4
377
832
0
738
391
218
291
2499
13
5
83
6
266
391
107
0
279
18
8757
64
3192
1564
0
839
12951
112
244
2036805
0
2033004
31
473
420
30
76
0
17
331
266
41
2032059
0
226
0
1391
297
1229
1872
1799
4
519
11802
434
700
0
3
36
399
980
359
399
18
11046
768
608
777
29
0
419
102
49
9
126
2688
25
2033677
622
2004
1
475
0
102
1
3
2038003
35
1014
4
951
52
298
1748
1
0
2027292
12999
1050
1148
1261
620
1
407
1624
229
1072
1431
2007657
307
79
50
642
524
9
1599
1779
28
313
2019585
14
0
144
26
553
36
145
63
22
880
3213
4
1133
2036017
0
6
52
1473
22
1946
0
2008581
40
114
34
0
28
0
547
626
306
19158
2062215
580
378
130
1019
11
3282
264
0
719
239
855
10
672
1761
1224
1
29
43
1158
2019900
0
2029734
26
47
328
1
865
2031516
34
265
142
552
2035566
0
55
1977
124
13
1092
300
1
678
1040
17262
397
682
0
1571
19
22
785
26
21
29
2038233
772
1131
639
11
0
1924
25
274
289
45
2029266
9
20349
1
21
579
1171
0
1460
2541
205
31017
1462
98
4
499
1054
182
266
1208
0
1379
2036059
3333
12
504
2963
276
563
0
672
3760
2035434
1722
78
3
928
665
126
14
312
945
23
0
2016582
90
0
1328
1760
476
13734
997
1314
1800
86
2033287
14889
42
1033
0
1135
169
217
23
63
500
27384
252
96
182
96
5
0
86
53
7917
973
7344
50
5559
13
9
350
978
389
0
243
391
2039892
1397
584
37
1218
2087
789
141
683
753
0
12474
3
139
1034
1542
898
1349
1322
1648
2984
426
2059626
0
15
3
925
14
7
376
1210
2045247
682
3258
816
3318
0
5
0
1212
309
1237
1801
130
3675
6432
900
8457
720
0
19
646
1108
1182
160
4494
885
30
1
2015091
207
2242
0
384
2118
61
2043063
12
16
2027586
663
537
152
205
41
0
217
6888
162
907
1096
0
45
1376
939
143
795
8
11455
420
978
1
540
18
1661
1122
1131
1647
2029623
538
1394
0
707
538
264
2001708
257
26
175
27699
31338
1098
1411
992
0
2034426
3931
16
2011500
634
156
12978
670
248
61
22494
1188
0
535
237
441
644
266868
24
1390
29
2
661
341
843
0
128
10
11298
687
727
2030967
49
252
1329
1762
317
140
0
2295
1096
1433
1552
170
1672
21846
2147
478
178
1191
16926
0
7
394
20433
369
211
46
216
2030841
677
9267
483
457
0
1458
9
30
1292
0
88
112
939
1330
673
2017
10227
0
44
2037183
1056
50
980
10542
2050855
1441
25
694
2265
498
0
31
215
0
7519
1296
578
1094
0
536
21
1395
288
0
5
7707
23
0
2042223
3
860
3
320
2869
19
337
399
388
1055
317
45
1523
48
969
20
81
17
14238
297
0
5419
213
14
17892
1209
1129
369
668
4998
1920
37
806
0
1066
20
13
303
152
469
2033446
913
1210
0
631
1178
0
473
2014755
411
238
2021538
4
1408
55
731
2024463
175
692
0
11130
174
6741
1242
500
20946
21
1933
1158
116
27636
617
0
918120
33
0
36
3
49
129
181
739
321
566
2062236
0
115
420
466
1123
141
429
364
414
1742
2033361
1136
156
0
144
0
2043729
39
2039661
56
821
17451
576
2287
1693
18
0
365
3171
1741
74
21
20097
374
1128
2384
1716
653
18
0
226
86
348
19866
385
242
1
137
11
143
919
782
0
433
2018892
131
135
56
293
1067
2213
73
337
802
453
2002266
239
198
221
1089
992
575
336
72
244
0
13987
1664
0
15193
836
296
0
99
821
821
564
3234
225
1350
519
0
2035425
1000
2294
717
808
455
15645
920
805
104
534
303
0
1292
1984
410
1264
14259
293
80
459
377
20
1288
605
0
613
459
9156
94
2018095
772
178
1780
44
431
118
58
0
4476
465
47
302
85
6
189
286
1464
546
277
891127
0
3
455
28
1790
304
128
301
2369
858
11529
1911
266
0
118
2003295
211
1150
431
16842
196
2020498
361
2236
679
195
0
2033046
20
469
3
1091
2037372
86
360
366
33
704
2055754
0
83
141
6
4978
180
2031387
2121
1703
1525
20884
718
1795
0
2447
9975
1557
4032
154
14
214
1380
1331
422
879
1851
2052093
628
1664
1140
139
1242
167
245
99
18264
27
4305
258
0
1106
1003
1225
10
240
396
104
10
2027145
763
1528
28
0
307
41
1881
196
883
6
2038275
2018556
173
474
2417
106
0
9
468
67
519
2014240
3
16
810
683
825
1133
0
0
0
28
9892
1472
4
332
1503
606
1990
4061
3778
57
0
2037729
577
2225
366
350
4389
0
2457
274
135
239
2038380
0
46
2022966
91
6688
1388
49
53
29
13881
735
2035
297
0
1635
44
11
352
1079
993
961
2017149
289
48
1305
652
0
3098
276
1
55
402
84
930
779
16
378
511
1569
0
42
1039
711
23016
48
70
675
185
202
160
7
48
0
29
1869
161
65
1412
1768
975
185
1094
42
91
1916
2018976
409
1138
1090
645
0
9576
853
1587
1558
87
2027223
58
0
72
551
1003
209
310
158
1073
202
2014345
20
563
6
0
316
100
59
30
0
414
2036595
17
17640
721
5
1194
0
87
2
1604
99
2940
6636
1
1912
6
133
1551
0
0
2039202
375
10384
80
359
8
49
779
1871
259
310
28
0
2031429
365
851
136
1450
2034664
26
7
103
203
1596
10437
0
1456
1074
19
791
16128
25
993
544
598
16359
597
1067
0
925
1331
1948
581
183
328
1276
2046760
24
912
2437
1370
0
394
467
405
19
20
8169
1746
725
72
133
185
27
0
1644
15057
168
2041656
3650
110
63
120
598
1469
2624
2030568
0
2135
30198
78
3
65
416
287
53
17
7596
1689
1601
2044450
517
602
165
1287
906
4
1688
820
1499
510
21441
151
0
39
12
1788
161
2034621
37
105
986
7507
1237
0
4004
0
201
372
828
299
979
799
33405
356
1869
716
2
79
0
19
29
104
13
530554
748
36
81
9240
189
6
1182
0
0
0
32991
2032795
93
0
26
565
777
679
1791
12
0
19152
160
595
172
7
395
13629
13665
630
199
27
19740
0
38
111
267
443
86
1402
78
1104
0
2017
16800
1674
0
208
5775
1044
0
54
553
613
5649
1973
354
1604
1682
0
5
130
84666
0
22
6615
2561
437
872
1019
33
3
0
886
353
159
9345
59
155
54
352
1130
152
329
4
0
362
6478
461
1964
0
792
1317
3
1994
982
147
108
2032716
105
78
0
132
512
402
208
29
805
8379
18565
3082
0
49
126
0
491
13
173
700
3573
9663
4972
8
976
0
1102
1
1399
58
638
1283
27931
1352
1
868
58
269
0
33
2806
989
76
5166
1131
647916
2271
30
211
783
122
0
4
48
14617
339
26
96
197
207
973
2045814
1185
114
0
9891
1905
5
8
1112
370
1329
0
11
117
23
2038422
0
236
1029
11
178
79
210
1183
582
77
2036238
11
238
0
267
98
303
216
13
482
234
5649
1081
35
267
67
0
685
31
54
332
333
2067087
165
404
452
65
237
1822
0
80
527
1833
9450
280
573
0
1343
962
248
37
680
0
194
2030684
200
153
1739
2049153
5
604
970
15
22
1454
837243
204
972
732
32
17
282
622
51
1351
381
1840861
1430
0
2037498
0
19
4314
295
1730
2045
2054466
2042034
1245
0
561
0
403
1078
346
1866
1729
1147
16584
107
28
351
31
0
0
191
1
48
310
1937944
1520
2930
2048901
610
231
0
1176
0
733
325
14112
355
340
652
25
552
2036133
20
26
459
0
2049300
147
31
80
478
159
56
520
65
3
79
5313
0
137
658
529
15456
34
188
1358
5586
457
2016
840
1310
0
1414
12
612
1538
2148
676
85
14871
19
1212
230
11
0
935
667
4
1041
585
14028
7
397
749
170
84
75
0
919
232
1706
25830
213
458
55
1703
17
1001
382
739
0
3
2051505
1889
7
22
247
174
659
267
449
3
855
2055957
1176
21
25
25
1110
1162
12
609
934
731466
2012493
512
0
1107
89
1665
1
84
173
0
6
15183
43
206
101
0
582
286
25
23
60
816
21987
81
69
827
441
2016513
0
256
359
2043742
273
2041530
372
4389
356
12
14
133
194
0
1347
1103
5103
812
853
19
26
1213
5250
8232
1214
252
0
2026347
46
662
1187
732
29
795
1149
203
636
1
26586
0
21652
460
476
0
258
801
3272
248
166
17241
839
785
0
161
2844
412
678
184
1536
1370
14385
33
609
0
1
0
109
186
11
38
1367
17793
14
324
138
15
84
1320
0
2063
721
8
9157
457
1518
1
869
583
311
1671
751
0
124
33747
297
118
4
1181
17
483
152
854
2040627
1322
25089
2031
275
243
8673
21840
2024625
1140
33
13734
1078
2039913
189
0
86
897
700
34
403
1018
5
14
147
1068
1189
538
0
138
16
187
432
669180
399
2033634
2985
616
48
43
1261
0
328
2032143
9
