99994
99995
99996
99579
99580
99581
99271
99272
99273
99039
99040
99041
99009
99010
99011
98989
98990
98991
98817
98818
98819
98757
98758
98759
98724
98725
98726
98574
98575
98576
98399
98400
98401
98352
98353
98354
98354
98355
98356
98330
98331
98332
98119
98120
98121
98006
98007
98008
97845
97846
97847
97824
97825
97826
97819
97820
97821
97796
97797
97798
97737
97738
97739
97661
97662
97663
97564
97565
97566
97563
97564
97565
97446
97447
97448
97147
97148
97149
97070
97071
97072
96722
96723
96724
96697
96698
96699
96461
96462
96463
96461
96462
96463
96299
96300
96301
96110
96111
96112
95859
95860
95861
95666
95667
95668
95426
95427
95428
95401
95402
95403
95403
95404
95405
95395
95396
95397
95366
95367
95368
95298
95299
95300
95282
95283
95284
95110
95111
95112
94935
94936
94937
94813
94814
94815
94812
94813
94814
94814
94815
94816
94809
94810
94811
94487
94488
94489
94442
94443
94444
94139
94140
94141
94003
94004
94005
94003
94004
94005
93779
93780
93781
93766
93767
93768
93738
93739
93740
93717
93718
93719
93561
93562
93563
93442
93443
93444
93372
93373
93374
93224
93225
93226
92879
92880
92881
92640
92641
92642
92529
92530
92531
92528
92529
92530
92530
92531
92532
92131
92132
92133
91759
91760
91761
91683
91684
91685
91643
91644
91645
91606
91607
91608
91333
91334
91335
91277
91278
91279
91251
91252
91253
90985
90986
90987
90986
90987
90988
90919
90920
90921
90638
90639
90640
90301
90302
90303
90130
90131
90132
90124
90125
90126
90116
90117
90118
89929
89930
89931
89704
89705
89706
89626
89627
89628
89628
89629
89630
89620
89621
89622
89611
89612
89613
89307
89308
89309
89209
89210
89211
88813
88814
88815
88815
88816
88817
88527
88528
88529
88398
88399
88400
88284
88285
88286
87882
87883
87884
87674
87675
87676
87676
87677
87678
87664
87665
87666
87581
87582
87583
87400
87401
87402
87226
87227
87228
87026
87027
87028
86723
86724
86725
86492
86493
86494
86494
86495
86496
86472
86473
86474
86474
86475
86476
86294
86295
86296
86296
86297
86298
86197
86198
86199
86102
86103
86104
86048
86049
86050
85948
85949
85950
85646
85647
85648
85641
85642
85643
85330
85331
85332
85109
85110
85111
85110
85111
85112
85097
85098
85099
84783
84784
84785
84729
84730
84731
84629
84630
84631
84454
84455
84456
84450
84451
84452
84091
84092
84093
83954
83955
83956
83920
83921
83922
83922
83923
83924
83739
83740
83741
83680
83681
83682
83281
83282
83283
83281
83282
83283
83106
83107
83108
82996
82997
82998
82984
82985
82986
82646
82647
82648
82484
82485
82486
82405
82406
82407
82348
82349
82350
82286
82287
82288
82249
82250
82251
82167
82168
82169
81986
81987
81988
81863
81864
81865
81851
81852
81853
81604
81605
81606
81572
81573
81574
81548
81549
81550
81544
81545
81546
81500
81501
81502
81294
81295
81296
81209
81210
81211
81177
81178
81179
81169
81170
81171
81153
81154
81155
81155
81156
81157
81137
81138
81139
81126
81127
81128
80946
80947
80948
80675
80676
80677
80569
80570
80571
80543
80544
80545
80507
80508
80509
80255
80256
80257
80173
80174
80175
79989
79990
79991
79830
79831
79832
79832
79833
79834
79667
79668
79669
79549
79550
79551
79514
79515
79516
79293
79294
79295
79130
79131
79132
79058
79059
79060
79060
79061
79062
78774
78775
78776
78561
78562
78563
78524
78525
78526
78235
78236
78237
78136
78137
78138
78107
78108
78109
78046
78047
78048
78047
78048
78049
78049
78050
78051
77953
77954
77955
77954
77955
77956
77683
77684
77685
77262
77263
77264
77263
77264
77265
77103
77104
77105
76775
76776
76777
76777
76778
76779
76779
76780
76781
76729
76730
76731
76636
76637
76638
76638
76639
76640
76433
76434
76435
76390
76391
76392
76392
76393
76394
76133
76134
76135
75867
75868
75869
75801
75802
75803
75437
75438
75439
75437
75438
75439
75437
75438
75439
75439
75440
75441
75441
75442
75443
75443
75444
75445
75445
75446
75447
75041
75042
75043
74863
74864
74865
74854
74855
74856
74856
74857
74858
74651
74652
74653
74528
74529
74530
74513
74514
74515
74279
74280
74281
74254
74255
74256
74123
74124
74125
73739
73740
73741
73634
73635
73636
73511
73512
73513
73513
73514
73515
73515
73516
73517
73343
73344
73345
73253
73254
73255
73251
73252
73253
72958
72959
72960
72924
72925
72926
72763
72764
72765
72476
72477
72478
72436
72437
72438
72401
72402
72403
72359
72360
72361
72336
72337
72338
72079
72080
72081
72025
72026
72027
71935
71936
71937
71915
71916
71917
71875
71876
71877
71771
71772
71773
71652
71653
71654
71654
71655
71656
71444
71445
71446
71446
71447
71448
71348
71349
71350
71337
71338
71339
71062
71063
71064
70976
70977
70978
70910
70911
70912
70809
70810
70811
70800
70801
70802
70802
70803
70804
70551
70552
70553
70553
70554
70555
70461
70462
70463
70425
70426
70427
70134
70135
70136
70136
70137
70138
69937
69938
69939
69881
69882
69883
69883
69884
69885
69846
69847
69848
69624
69625
69626
69626
69627
69628
69627
69628
69629
69407
69408
69409
69238
69239
69240
69240
69241
69242
69163
69164
69165
68903
68904
68905
68829
68830
68831
68626
68627
68628
68627
68628
68629
68629
68630
68631
68617
68618
68619
68612
68613
68614
68531
68532
68533
68412
68413
68414
68170
68171
68172
68091
68092
68093
67777
67778
67779
67683
67684
67685
67439
67440
67441
67441
67442
67443
67278
67279
67280
67274
67275
67276
67243
67244
67245
67095
67096
67097
66771
66772
66773
66752
66753
66754
66754
66755
66756
66647
66648
66649
66576
66577
66578
66454
66455
66456
66405
66406
66407
66131
66132
66133
65824
65825
65826
65699
65700
65701
65619
65620
65621
65499
65500
65501
65319
65320
65321
65130
65131
65132
65115
65116
65117
65117
65118
65119
65119
65120
65121
65120
65121
65122
64946
64947
64948
64938
64939
64940
64931
64932
64933
64930
64931
64932
64932
64933
64934
64671
64672
64673
64613
64614
64615
64577
64578
64579
64577
64578
64579
64579
64580
64581
64573
64574
64575
64446
64447
64448
64448
64449
64450
64398
64399
64400
64294
64295
64296
64296
64297
64298
64028
64029
64030
63901
63902
63903
63903
63904
63905
63712
63713
63714
63681
63682
63683
63682
63683
63684
63466
63467
63468
63339
63340
63341
63332
63333
63334
63108
63109
63110
63056
63057
63058
62695
62696
62697
62325
62326
62327
61998
61999
62000
62000
62001
62002
61942
61943
61944
61799
61800
61801
61798
61799
61800
61799
61800
61801
61686
61687
61688
61428
61429
61430
61430
61431
61432
61431
61432
61433
61193
61194
61195
61195
61196
61197
61165
61166
61167
61104
61105
61106
60988
60989
60990
60756
60757
60758
60511
60512
60513
60512
60513
60514
60514
60515
60516
60501
60502
60503
60128
60129
60130
60129
60130
60131
60131
60132
60133
60003
60004
60005
60003
60004
60005
60005
60006
60007
59994
59995
59996
59996
59997
59998
59835
59836
59837
59820
59821
59822
59822
59823
59824
59679
59680
59681
59681
59682
59683
59514
59515
59516
59439
59440
59441
59344
59345
59346
59174
59175
59176
59175
59176
59177
59000
59001
59002
58915
58916
58917
58883
58884
58885
58874
58875
58876
58869
58870
58871
58870
58871
58872
58859
58860
58861
58743
58744
58745
58719
58720
58721
58522
58523
58524
58316
58317
58318
58306
58307
58308
58282
58283
58284
58247
58248
58249
58051
58052
58053
58053
58054
58055
57955
57956
57957
57909
57910
57911
57866
57867
57868
57868
57869
57870
57848
57849
57850
57850
57851
57852
57731
57732
57733
57733
57734
57735
57731
57732
57733
57681
57682
57683
57339
57340
57341
57246
57247
57248
57248
57249
57250
57165
57166
57167
57166
57167
57168
57145
57146
57147
57147
57148
57149
57043
57044
57045
57017
57018
57019
57007
57008
57009
56952
56953
56954
56951
56952
56953
56862
56863
56864
56816
56817
56818
56738
56739
56740
56740
56741
56742
56741
56742
56743
56700
56701
56702
56702
56703
56704
56704
56705
56706
56668
56669
56670
56670
56671
56672
56672
56673
56674
56674
56675
56676
56585
56586
56587
56516
56517
56518
56518
56519
56520
56520
56521
56522
56389
56390
56391
56391
56392
56393
56253
56254
56255
56082
56083
56084
56015
56016
56017
55882
55883
55884
55884
55885
55886
55800
55801
55802
55731
55732
55733
55548
55549
55550
55531
55532
55533
55364
55365
55366
55350
55351
55352
55352
55353
55354
55353
55354
55355
55355
55356
55357
55357
55358
55359
55072
55073
55074
55074
55075
55076
55075
55076
55077
54934
54935
54936
54936
54937
54938
54938
54939
54940
54940
54941
54942
54942
54943
54944
54942
54943
54944
54815
54816
54817
54810
54811
54812
54732
54733
54734
54732
54733
54734
54694
54695
54696
54602
54603
54604
54603
54604
54605
54604
54605
54606
54605
54606
54607
54500
54501
54502
54502
54503
54504
54399
54400
54401
54400
54401
54402
54360
54361
54362
54217
54218
54219
54219
54220
54221
54079
54080
54081
53936
53937
53938
53923
53924
53925
53925
53926
53927
53663
53664
53665
53621
53622
53623
53623
53624
53625
53556
53557
53558
53555
53556
53557
53555
53556
53557
53294
53295
53296
53287
53288
53289
53289
53290
53291
53290
53291
53292
53291
53292
53293
53291
53292
53293
53292
53293
53294
53049
53050
53051
53051
53052
53053
52703
52704
52705
52658
52659
52660
52657
52658
52659
52659
52660
52661
52583
52584
52585
52516
52517
52518
52500
52501
52502
52502
52503
52504
52377
52378
52379
52241
52242
52243
52242
52243
52244
52244
52245
52246
52246
52247
52248
52243
52244
52245
52245
52246
52247
52140
52141
52142
52142
52143
52144
51977
51978
51979
51935
51936
51937
51935
51936
51937
51937
51938
51939
51939
51940
51941
51873
51874
51875
51697
51698
51699
51694
51695
51696
51691
51692
51693
51627
51628
51629
51628
51629
51630
51530
51531
51532
51394
51395
51396
51353
51354
51355
51314
51315
51316
51235
51236
51237
51237
51238
51239
51238
51239
51240
51239
51240
51241
51241
51242
51243
51022
51023
51024
51024
51025
51026
50882
50883
50884
50667
50668
50669
50568
50569
50570
50480
50481
50482
50463
50464
50465
50430
50431
50432
50429
50430
50431
50240
50241
50242
50236
50237
50238
50196
50197
50198
50152
50153
50154
50154
50155
50156
50156
50157
50158
49923
49924
49925
49925
49926
49927
49858
49859
49860
49860
49861
49862
49806
49807
49808
49808
49809
49810
49773
49774
49775
49775
49776
49777
49777
49778
49779
49779
49780
49781
49694
49695
49696
49696
49697
49698
49697
49698
49699
49676
49677
49678
49646
49647
49648
49630
49631
49632
49632
49633
49634
49634
49635
49636
49422
49423
49424
49371
49372
49373
49236
49237
49238
49238
49239
49240
49062
49063
49064
49064
49065
49066
48989
48990
48991
48881
48882
48883
48883
48884
48885
48836
48837
48838
48764
48765
48766
48653
48654
48655
48655
48656
48657
48644
48645
48646
48582
48583
48584
48583
48584
48585
48585
48586
48587
48402
48403
48404
48403
48404
48405
48392
48393
48394
48373
48374
48375
48375
48376
48377
48377
48378
48379
48339
48340
48341
48341
48342
48343
48343
48344
48345
48345
48346
48347
48182
48183
48184
48184
48185
48186
48115
48116
48117
48096
48097
48098
48098
48099
48100
48100
48101
48102
48100
48101
48102
47955
47956
47957
47908
47909
47910
47910
47911
47912
47891
47892
47893
47893
47894
47895
47739
47740
47741
47739
47740
47741
47661
47662
47663
47405
47406
47407
47407
47408
47409
47388
47389
47390
47390
47391
47392
47145
47146
47147
47146
47147
47148
46748
46749
46750
46699
46700
46701
46701
46702
46703
46645
46646
46647
46647
46648
46649
46513
46514
46515
46515
46516
46517
46517
46518
46519
46448
46449
46450
46366
46367
46368
46368
46369
46370
46370
46371
46372
46341
46342
46343
46343
46344
46345
46345
46346
46347
46345
46346
46347
46281
46282
46283
46280
46281
46282
46282
46283
46284
46284
46285
46286
46239
46240
46241
46117
46118
46119
45916
45917
45918
45917
45918
45919
45837
45838
45839
45839
45840
45841
45828
45829
45830
45778
45779
45780
45575
45576
45577
45541
45542
45543
45488
45489
45490
45431
45432
45433
45415
45416
45417
45417
45418
45419
45415
45416
45417
45380
45381
45382
45381
45382
45383
45347
45348
45349
45321
45322
45323
45323
45324
45325
45285
45286
45287
45286
45287
45288
45265
45266
45267
45267
45268
45269
45249
45250
45251
45250
45251
45252
45252
45253
45254
45253
45254
45255
45003
45004
45005
44935
44936
44937
44925
44926
44927
44927
44928
44929
44929
44930
44931
44924
44925
44926
44875
44876
44877
44775
44776
44777
44777
44778
44779
44779
44780
44781
44781
44782
44783
44783
44784
44785
44784
44785
44786
44786
44787
44788
44788
44789
44790
44786
44787
44788
44787
44788
44789
44738
44739
44740
44739
44740
44741
44442
44443
44444
44369
44370
44371
44331
44332
44333
44333
44334
44335
44335
44336
44337
44337
44338
44339
44257
44258
44259
44259
44260
44261
44260
44261
44262
44262
44263
44264
44264
44265
44266
44266
44267
44268
44249
44250
44251
44251
44252
44253
44184
44185
44186
44186
44187
44188
44187
44188
44189
44189
44190
44191
44141
44142
44143
43899
43900
43901
43712
43713
43714
43713
43714
43715
43714
43715
43716
43716
43717
43718
43717
43718
43719
43695
43696
43697
43674
43675
43676
43599
43600
43601
43601
43602
43603
43483
43484
43485
43484
43485
43486
43434
43435
43436
43436
43437
43438
43259
43260
43261
43231
43232
43233
43196
43197
43198
43197
43198
43199
43199
43200
43201
43196
43197
43198
43198
43199
43200
43126
43127
43128
43125
43126
43127
43127
43128
43129
43106
43107
43108
43102
43103
43104
43104
43105
43106
43106
43107
43108
43106
43107
43108
43108
43109
43110
43082
43083
43084
43080
43081
43082
42995
42996
42997
42966
42967
42968
42966
42967
42968
42967
42968
42969
42969
42970
42971
42969
42970
42971
42971
42972
42973
42969
42970
42971
42953
42954
42955
42769
42770
42771
42771
42772
42773
42773
42774
42775
42759
42760
42761
42754
42755
42756
42756
42757
42758
42756
42757
42758
42758
42759
42760
42695
42696
42697
42583
42584
42585
42452
42453
42454
42452
42453
42454
42332
42333
42334
42332
42333
42334
42312
42313
42314
42231
42232
42233
41925
41926
41927
41913
41914
41915
41915
41916
41917
41917
41918
41919
41771
41772
41773
41773
41774
41775
41775
41776
41777
41762
41763
41764
41687
41688
41689
41689
41690
41691
41691
41692
41693
41692
41693
41694
41694
41695
41696
41644
41645
41646
41646
41647
41648
41614
41615
41616
41599
41600
41601
41600
41601
41602
41449
41450
41451
41433
41434
41435
41435
41436
41437
41437
41438
41439
41437
41438
41439
41439
41440
41441
41311
41312
41313
41313
41314
41315
41315
41316
41317
41316
41317
41318
41283
41284
41285
41284
41285
41286
41286
41287
41288
41288
41289
41290
41284
41285
41286
41284
41285
41286
41284
41285
41286
41270
41271
41272
41157
41158
41159
41159
41160
41161
41053
41054
41055
41039
41040
41041
41041
41042
41043
41043
41044
41045
40983
40984
40985
40984
40985
40986
40986
40987
40988
40988
40989
40990
40990
40991
40992
40989
40990
40991
40944
40945
40946
40946
40947
40948
40948
40949
40950
40892
40893
40894
40867
40868
40869
40854
40855
40856
40734
40735
40736
40736
40737
40738
40738
40739
40740
40740
40741
40742
40652
40653
40654
40654
40655
40656
40656
40657
40658
40658
40659
40660
40618
40619
40620
40620
40621
40622
40541
40542
40543
40541
40542
40543
40543
40544
40545
40366
40367
40368
40366
40367
40368
40367
40368
40369
40369
40370
40371
40370
40371
40372
40361
40362
40363
40347
40348
40349
40349
40350
40351
40351
40352
40353
40353
40354
40355
40355
40356
40357
40355
40356
40357
40357
40358
40359
40329
40330
40331
40331
40332
40333
40286
40287
40288
40288
40289
40290
40289
40290
40291
40291
40292
40293
40293
40294
40295
40280
40281
40282
40282
40283
40284
40180
40181
40182
40180
40181
40182
40041
40042
40043
40041
40042
40043
40043
40044
40045
40045
40046
40047
39981
39982
39983
39983
39984
39985
39985
39986
39987
39987
39988
39989
39915
39916
39917
39917
39918
39919
39894
39895
39896
39746
39747
39748
39722
39723
39724
39724
39725
39726
39724
39725
39726
39726
39727
39728
39725
39726
39727
39701
39702
39703
39703
39704
39705
39704
39705
39706
39695
39696
39697
39688
39689
39690
39690
39691
39692
39618
39619
39620
39617
39618
39619
39619
39620
39621
39621
39622
39623
39623
39624
39625
39605
39606
39607
39607
39608
39609
39608
39609
39610
39581
39582
39583
39582
39583
39584
39502
39503
39504
39504
39505
39506
39506
39507
39508
39504
39505
39506
39444
39445
39446
39446
39447
39448
39392
39393
39394
39095
39096
39097
39096
39097
39098
39097
39098
39099
39099
39100
39101
39101
39102
39103
39082
39083
39084
39068
39069
39070
39038
39039
39040
38964
38965
38966
38711
38712
38713
38713
38714
38715
38680
38681
38682
38470
38471
38472
38452
38453
38454
38453
38454
38455
38455
38456
38457
38457
38458
38459
38444
38445
38446
38443
38444
38445
38349
38350
38351
38351
38352
38353
38270
38271
38272
38272
38273
38274
38273
38274
38275
38263
38264
38265
38204
38205
38206
38206
38207
38208
38207
38208
38209
38209
38210
38211
38153
38154
38155
38155
38156
38157
38018
38019
38020
38019
38020
38021
37974
37975
37976
37976
37977
37978
37978
37979
37980
37923
37924
37925
37902
37903
37904
37902
37903
37904
37904
37905
37906
37868
37869
37870
37870
37871
37872
37861
37862
37863
37863
37864
37865
37865
37866
37867
37866
37867
37868
37827
37828
37829
37829
37830
37831
37801
37802
37803
37803
37804
37805
37805
37806
37807
37805
37806
37807
37806
37807
37808
37808
37809
37810
37774
37775
37776
37776
37777
37778
37778
37779
37780
37778
37779
37780
37758
37759
37760
37760
37761
37762
37761
37762
37763
37763
37764
37765
37765
37766
37767
37744
37745
37746
37742
37743
37744
37701
37702
37703
37675
37676
37677
37659
37660
37661
37660
37661
37662
37618
37619
37620
37584
37585
37586
37586
37587
37588
37588
37589
37590
37590
37591
37592
37592
37593
37594
37588
37589
37590
37589
37590
37591
37535
37536
37537
37536
37537
37538
37493
37494
37495
37495
37496
37497
37497
37498
37499
37439
37440
37441
37440
37441
37442
37442
37443
37444
37394
37395
37396
37363
37364
37365
37365
37366
37367
37355
37356
37357
37357
37358
37359
37356
37357
37358
37358
37359
37360
37296
37297
37298
37298
37299
37300
37259
37260
37261
37261
37262
37263
37263
37264
37265
37265
37266
37267
37150
37151
37152
37152
37153
37154
37148
37149
37150
37150
37151
37152
37073
37074
37075
37028
37029
37030
37015
37016
37017
37015
37016
37017
36969
36970
36971
36954
36955
36956
36926
36927
36928
36927
36928
36929
36863
36864
36865
36863
36864
36865
36865
36866
36867
36844
36845
36846
36846
36847
36848
36757
36758
36759
36759
36760
36761
36761
36762
36763
36763
36764
36765
36758
36759
36760
36691
36692
36693
36693
36694
36695
36695
36696
36697
36697
36698
36699
36696
36697
36698
36698
36699
36700
36698
36699
36700
36700
36701
36702
36702
36703
36704
36655
36656
36657
36657
36658
36659
36654
36655
36656
36640
36641
36642
36642
36643
36644
36620
36621
36622
36622
36623
36624
36597
36598
36599
36595
36596
36597
36597
36598
36599
36595
36596
36597
36594
36595
36596
36596
36597
36598
36585
36586
36587
36585
36586
36587
36506
36507
36508
36506
36507
36508
36504
36505
36506
36506
36507
36508
36508
36509
36510
36510
36511
36512
36499
36500
36501
36500
36501
36502
36480
36481
36482
36480
36481
36482
36482
36483
36484
36484
36485
36486
36437
36438
36439
36439
36440
36441
36430
36431
36432
36374
36375
36376
36376
36377
36378
36378
36379
36380
36180
36181
36182
36182
36183
36184
36164
36165
36166
36165
36166
36167
36160
36161
36162
36161
36162
36163
36163
36164
36165
36163
36164
36165
36159
36160
36161
36159
36160
36161
36161
36162
36163
36163
36164
36165
36165
36166
36167
36156
36157
36158
36043
36044
36045
36045
36046
36047
36028
36029
36030
36015
36016
36017
35988
35989
35990
35990
35991
35992
35978
35979
35980
35980
35981
35982
35981
35982
35983
35978
35979
35980
35980
35981
35982
35981
35982
35983
35963
35964
35965
35964
35965
35966
35963
35964
35965
35916
35917
35918
35918
35919
35920
35919
35920
35921
35921
35922
35923
35922
35923
35924
35922
35923
35924
35893
35894
35895
35892
35893
35894
35893
35894
35895
35894
35895
35896
35896
35897
35898
35898
35899
35900
35900
35901
35902
35890
35891
35892
35892
35893
35894
35892
35893
35894
35830
35831
35832
35832
35833
35834
35831
35832
35833
35708
35709
35710
35698
35699
35700
35700
35701
35702
35639
35640
35641
35556
35557
35558
35558
35559
35560
35379
35380
35381
35380
35381
35382
35361
35362
35363
35363
35364
35365
35364
35365
35366
35366
35367
35368
35363
35364
35365
35354
35355
35356
35349
35350
35351
35349
35350
35351
35325
35326
35327
35248
35249
35250
35250
35251
35252
35152
35153
35154
35153
35154
35155
35139
35140
35141
35041
35042
35043
35043
35044
35045
35042
35043
35044
35044
35045
35046
35011
35012
35013
34717
34718
34719
34719
34720
34721
34721
34722
34723
34712
34713
34714
34714
34715
34716
34716
34717
34718
34718
34719
34720
34714
34715
34716
34715
34716
34717
34716
34717
34718
34718
34719
34720
34709
34710
34711
34709
34710
34711
34711
34712
34713
34606
34607
34608
34499
34500
34501
34501
34502
34503
34488
34489
34490
34490
34491
34492
34477
34478
34479
34479
34480
34481
34481
34482
34483
34482
34483
34484
34484
34485
34486
34456
34457
34458
34391
34392
34393
34393
34394
34395
34322
34323
34324
34322
34323
34324
34324
34325
34326
34316
34317
34318
34318
34319
34320
34319
34320
34321
34321
34322
34323
34318
34319
34320
34289
34290
34291
34291
34292
34293
34292
34293
34294
34234
34235
34236
34236
34237
34238
34237
34238
34239
34238
34239
34240
34240
34241
34242
34160
34161
34162
34111
34112
34113
34112
34113
34114
34113
34114
34115
33932
33933
33934
33874
33875
33876
33811
33812
33813
33788
33789
33790
33733
33734
33735
33735
33736
33737
33695
33696
33697
33695
33696
33697
33679
33680
33681
33608
33609
33610
33609
33610
33611
33444
33445
33446
33446
33447
33448
33430
33431
33432
33432
33433
33434
33381
33382
33383
33325
33326
33327
33327
33328
33329
33329
33330
33331
33318
33319
33320
33312
33313
33314
33314
33315
33316
33316
33317
33318
33256
33257
33258
33258
33259
33260
33253
33254
33255
33255
33256
33257
33257
33258
33259
33188
33189
33190
33136
33137
33138
33137
33138
33139
33137
33138
33139
33034
33035
33036
33036
33037
33038
33035
33036
33037
33037
33038
33039
33039
33040
33041
33040
33041
33042
32889
32890
32891
32859
32860
32861
32860
32861
32862
32862
32863
32864
32851
32852
32853
32851
32852
32853
32801
32802
32803
32803
32804
32805
32725
32726
32727
32709
32710
32711
32711
32712
32713
32713
32714
32715
32715
32716
32717
32710
32711
32712
32712
32713
32714
32671
32672
32673
32670
32671
32672
32672
32673
32674
32530
32531
32532
32531
32532
32533
32532
32533
32534
32532
32533
32534
32534
32535
32536
32536
32537
32538
32448
32449
32450
32450
32451
32452
32336
32337
32338
32338
32339
32340
32339
32340
32341
32335
32336
32337
32337
32338
32339
32339
32340
32341
32341
32342
32343
32280
32281
32282
32282
32283
32284
32284
32285
32286
32274
32275
32276
32276
32277
32278
32278
32279
32280
32264
32265
32266
32201
32202
32203
32156
32157
32158
32158
32159
32160
32131
32132
32133
32127
32128
32129
32122
32123
32124
32124
32125
32126
32054
32055
32056
31906
31907
31908
31907
31908
31909
31908
31909
31910
31909
31910
31911
31824
31825
31826
31786
31787
31788
31787
31788
31789
31789
31790
31791
31713
31714
31715
31648
31649
31650
31650
31651
31652
31652
31653
31654
31532
31533
31534
31531
31532
31533
31532
31533
31534
31534
31535
31536
31535
31536
31537
31532
31533
31534
31403
31404
31405
31279
31280
31281
31267
31268
31269
31267
31268
31269
31269
31270
31271
31271
31272
31273
31272
31273
31274
31274
31275
31276
31276
31277
31278
31278
31279
31280
31279
31280
31281
31281
31282
31283
31281
31282
31283
31229
31230
31231
31231
31232
31233
31233
31234
31235
31235
31236
31237
31221
31222
31223
31223
31224
31225
31224
31225
31226
31186
31187
31188
31103
31104
31105
31105
31106
31107
31107
31108
31109
31075
31076
31077
31077
31078
31079
31079
31080
31081
31081
31082
31083
31083
31084
31085
31085
31086
31087
31086
31087
31088
31088
31089
31090
31075
31076
31077
30840
30841
30842
30842
30843
30844
30701
30702
30703
30702
30703
30704
30704
30705
30706
30706
30707
30708
30707
30708
30709
30709
30710
30711
30708
30709
30710
30709
30710
30711
30711
30712
30713
30697
30698
30699
30505
30506
30507
30507
30508
30509
30509
30510
30511
30509
30510
30511
30454
30455
30456
30455
30456
30457
30457
30458
30459
30456
30457
30458
30457
30458
30459
30401
30402
30403
30403
30404
30405
30269
30270
30271
30271
30272
30273
30272
30273
30274
30258
30259
30260
30259
30260
30261
30261
30262
30263
30142
30143
30144
30144
30145
30146
30146
30147
30148
30126
30127
30128
30128
30129
30130
30081
30082
30083
30081
30082
30083
30064
30065
30066
30055
30056
30057
30008
30009
30010
30010
30011
30012
30008
30009
30010
29917
29918
29919
29917
29918
29919
29919
29920
29921
29921
29922
29923
29866
29867
29868
29730
29731
29732
29732
29733
29734
29734
29735
29736
29579
29580
29581
29581
29582
29583
29582
29583
29584
29584
29585
29586
29586
29587
29588
29588
29589
29590
29582
29583
29584
29584
29585
29586
29586
29587
29588
29588
29589
29590
29589
29590
29591
29589
29590
29591
29576
29577
29578
29577
29578
29579
29579
29580
29581
29560
29561
29562
29561
29562
29563
29563
29564
29565
29565
29566
29567
29567
29568
29569
29569
29570
29571
29557
29558
29559
29559
29560
29561
29561
29562
29563
29561
29562
29563
29563
29564
29565
29565
29566
29567
29564
29565
29566
29563
29564
29565
29564
29565
29566
29566
29567
29568
29568
29569
29570
29551
29552
29553
29553
29554
29555
29555
29556
29557
29555
29556
29557
29556
29557
29558
29555
29556
29557
29557
29558
29559
29559
29560
29561
29488
29489
29490
29490
29491
29492
29492
29493
29494
29489
29490
29491
29455
29456
29457
29448
29449
29450
29449
29450
29451
29450
29451
29452
29397
29398
29399
29399
29400
29401
29401
29402
29403
29402
29403
29404
29399
29400
29401
29392
29393
29394
29327
29328
29329
29326
29327
29328
29328
29329
29330
29329
29330
29331
29329
29330
29331
29183
29184
29185
29185
29186
29187
29184
29185
29186
29186
29187
29188
29124
29125
29126
29126
29127
29128
29097
29098
29099
29099
29100
29101
29100
29101
29102
29069
29070
29071
29070
29071
29072
29072
29073
29074
29074
29075
29076
29073
29074
29075
29075
29076
29077
29060
29061
29062
29062
29063
29064
29062
29063
29064
28979
28980
28981
28981
28982
28983
28983
28984
28985
28929
28930
28931
28929
28930
28931
28907
28908
28909
28852
28853
28854
28854
28855
28856
28821
28822
28823
28822
28823
28824
28824
28825
28826
28822
28823
28824
28824
28825
28826
28811
28812
28813
28813
28814
28815
28807
28808
28809
28809
28810
28811
28810
28811
28812
28812
28813
28814
28602
28603
28604
28524
28525
28526
28526
28527
28528
28527
28528
28529
28529
28530
28531
28494
28495
28496
28495
28496
28497
28480
28481
28482
28482
28483
28484
28484
28485
28486
28486
28487
28488
28451
28452
28453
28429
28430
28431
28431
28432
28433
28431
28432
28433
28432
28433
28434
28433
28434
28435
28434
28435
28436
28429
28430
28431
28431
28432
28433
28376
28377
28378
28378
28379
28380
28378
28379
28380
28379
28380
28381
28362
28363
28364
28364
28365
28366
28314
28315
28316
28245
28246
28247
28246
28247
28248
28139
28140
28141
28141
28142
28143
28138
28139
28140
28140
28141
28142
28141
28142
28143
28143
28144
28145
28137
28138
28139
28136
28137
28138
28137
28138
28139
28139
28140
28141
28139
28140
28141
28141
28142
28143
28135
28136
28137
28137
28138
28139
28139
28140
28141
28130
28131
28132
28131
28132
28133
28133
28134
28135
28134
28135
28136
28022
28023
28024
27988
27989
27990
27990
27991
27992
27992
27993
27994
27994
27995
27996
27996
27997
27998
27998
27999
28000
28000
28001
28002
27996
27997
27998
27998
27999
28000
27994
27995
27996
27991
27992
27993
27993
27994
27995
27995
27996
27997
27997
27998
27999
27957
27958
27959
27959
27960
27961
27961
27962
27963
27960
27961
27962
27953
27954
27955
27955
27956
27957
27956
27957
27958
27957
27958
27959
27959
27960
27961
27960
27961
27962
27962
27963
27964
27963
27964
27965
27965
27966
27967
27962
27963
27964
27963
27964
27965
27965
27966
27967
27967
27968
27969
27969
27970
27971
27969
27970
27971
27754
27755
27756
27756
27757
27758
27758
27759
27760
27760
27761
27762
27676
27677
27678
27676
27677
27678
27657
27658
27659
27551
27552
27553
27547
27548
27549
27482
27483
27484
27484
27485
27486
27473
27474
27475
27474
27475
27476
27476
27477
27478
27476
27477
27478
27478
27479
27480
27480
27481
27482
27482
27483
27484
27476
27477
27478
27478
27479
27480
27462
27463
27464
27462
27463
27464
27464
27465
27466
27448
27449
27450
27447
27448
27449
27449
27450
27451
27451
27452
27453
27453
27454
27455
27373
27374
27375
27371
27372
27373
27303
27304
27305
27305
27306
27307
27307
27308
27309
27307
27308
27309
27307
27308
27309
27309
27310
27311
27294
27295
27296
27296
27297
27298
27296
27297
27298
27298
27299
27300
27299
27300
27301
27257
27258
27259
27255
27256
27257
27247
27248
27249
27249
27250
27251
27130
27131
27132
27131
27132
27133
27133
27134
27135
27135
27136
27137
27081
27082
27083
27083
27084
27085
27085
27086
27087
27087
27088
27089
27085
27086
27087
27086
27087
27088
27088
27089
27090
27063
27064
27065
27061
27062
27063
27042
27043
27044
27044
27045
27046
27024
27025
27026
27025
27026
27027
27024
27025
27026
27023
27024
27025
27018
27019
27020
27013
27014
27015
27015
27016
27017
27016
27017
27018
27018
27019
27020
27015
27016
27017
27012
27013
27014
27014
27015
27016
27014
27015
27016
26966
26967
26968
26898
26899
26900
26900
26901
26902
26902
26903
26904
26856
26857
26858
26858
26859
26860
26766
26767
26768
26767
26768
26769
26765
26766
26767
26767
26768
26769
26769
26770
26771
26769
26770
26771
26755
26756
26757
26757
26758
26759
26759
26760
26761
26761
26762
26763
26763
26764
26765
26763
26764
26765
26759
26760
26761
26745
26746
26747
26747
26748
26749
26697
26698
26699
26699
26700
26701
26700
26701
26702
26702
26703
26704
26704
26705
26706
26706
26707
26708
26708
26709
26710
26557
26558
26559
26559
26560
26561
26561
26562
26563
26563
26564
26565
26565
26566
26567
26566
26567
26568
26565
26566
26567
26567
26568
26569
26562
26563
26564
26561
26562
26563
26563
26564
26565
26540
26541
26542
26541
26542
26543
26543
26544
26545
26544
26545
26546
26546
26547
26548
26548
26549
26550
26550
26551
26552
26552
26553
26554
26554
26555
26556
26556
26557
26558
26557
26558
26559
26559
26560
26561
26559
26560
26561
26561
26562
26563
26533
26534
26535
26535
26536
26537
26537
26538
26539
26539
26540
26541
26540
26541
26542
26494
26495
26496
26496
26497
26498
26498
26499
26500
26499
26500
26501
26444
26445
26446
26438
26439
26440
26423
26424
26425
26353
26354
26355
26355
26356
26357
26357
26358
26359
26359
26360
26361
26361
26362
26363
26363
26364
26365
26361
26362
26363
26362
26363
26364
26357
26358
26359
26358
26359
26360
26360
26361
26362
26360
26361
26362
26361
26362
26363
26362
26363
26364
26321
26322
26323
26295
26296
26297
26297
26298
26299
26299
26300
26301
26300
26301
26302
26301
26302
26303
26302
26303
26304
26262
26263
26264
26264
26265
26266
26265
26266
26267
26267
26268
26269
26268
26269
26270
26270
26271
26272
26271
26272
26273
26208
26209
26210
26209
26210
26211
26211
26212
26213
26213
26214
26215
26215
26216
26217
26217
26218
26219
26124
26125
26126
26124
26125
26126
26084
26085
26086
26085
26086
26087
26085
26086
26087
26053
26054
26055
26055
26056
26057
26056
26057
26058
26058
26059
26060
26060
26061
26062
26062
26063
26064
26062
26063
26064
26063
26064
26065
26065
26066
26067
26067
26068
26069
26069
26070
26071
26071
26072
26073
26065
26066
26067
26049
26050
26051
26051
26052
26053
26053
26054
26055
25952
25953
25954
25952
25953
25954
25954
25955
25956
25956
25957
25958
25958
25959
25960
25958
25959
25960
25954
25955
25956
25956
25957
25958
25954
25955
25956
25914
25915
25916
25915
25916
25917
25915
25916
25917
25915
25916
25917
25917
25918
25919
25919
25920
25921
25921
25922
25923
25923
25924
25925
25924
25925
25926
25925
25926
25927
25927
25928
25929
25929
25930
25931
25931
25932
25933
25933
25934
25935
25935
25936
25937
25937
25938
25939
25939
25940
25941
25941
25942
25943
25930
25931
25932
25931
25932
25933
25933
25934
25935
25935
25936
25937
25936
25937
25938
25924
25925
25926
25926
25927
25928
25928
25929
25930
25930
25931
25932
25930
25931
25932
25932
25933
25934
25910
25911
25912
25912
25913
25914
25895
25896
25897
25840
25841
25842
25837
25838
25839
25837
25838
25839
25839
25840
25841
25841
25842
25843
25840
25841
25842
25841
25842
25843
25843
25844
25845
25804
25805
25806
25802
25803
25804
25751
25752
25753
25753
25754
25755
25755
25756
25757
25741
25742
25743
25717
25718
25719
25638
25639
25640
25640
25641
25642
25632
25633
25634
25634
25635
25636
25635
25636
25637
25637
25638
25639
25639
25640
25641
25641
25642
25643
25643
25644
25645
25645
25646
25647
25601
25602
25603
25603
25604
25605
25591
25592
25593
25557
25558
25559
25510
25511
25512
25512
25513
25514
25513
25514
25515
25501
25502
25503
25478
25479
25480
25478
25479
25480
25480
25481
25482
25482
25483
25484
25484
25485
25486
25466
25467
25468
25439
25440
25441
25440
25441
25442
25376
25377
25378
25373
25374
25375
25370
25371
25372
25372
25373
25374
25373
25374
25375
25213
25214
25215
25215
25216
25217
25217
25218
25219
25217
25218
25219
25217
25218
25219
25219
25220
25221
25221
25222
25223
25223
25224
25225
25222
25223
25224
25224
25225
25226
25224
25225
25226
25225
25226
25227
25221
25222
25223
25214
25215
25216
25216
25217
25218
25217
25218
25219
25179
25180
25181
25176
25177
25178
25178
25179
25180
25176
25177
25178
25178
25179
25180
25178
25179
25180
25180
25181
25182
25181
25182
25183
25183
25184
25185
25185
25186
25187
25159
25160
25161
25161
25162
25163
25150
25151
25152
25152
25153
25154
25144
25145
25146
25146
25147
25148
25148
25149
25150
25147
25148
25149
25149
25150
25151
25149
25150
25151
25151
25152
25153
25135
25136
25137
25134
25135
25136
25090
25091
25092
25092
25093
25094
25094
25095
25096
25096
25097
25098
25098
25099
25100
25100
25101
25102
25102
25103
25104
25100
25101
25102
25102
25103
25104
25103
25104
25105
25105
25106
25107
25106
25107
25108
25026
25027
25028
25028
25029
25030
25029
25030
25031
25031
25032
25033
25033
25034
25035
25029
25030
25031
25031
25032
25033
25031
25032
25033
25021
25022
25023
25021
25022
25023
24979
24980
24981
24973
24974
24975
24975
24976
24977
24977
24978
24979
24977
24978
24979
24979
24980
24981
24885
24886
24887
24883
24884
24885
24885
24886
24887
24886
24887
24888
24887
24888
24889
24886
24887
24888
24888
24889
24890
24886
24887
24888
24884
24885
24886
24886
24887
24888
24888
24889
24890
24889
24890
24891
24890
24891
24892
24880
24881
24882
24881
24882
24883
24879
24880
24881
24871
24872
24873
24873
24874
24875
24874
24875
24876
24876
24877
24878
24878
24879
24880
24880
24881
24882
24881
24882
24883
24800
24801
24802
24798
24799
24800
24800
24801
24802
24795
24796
24797
24797
24798
24799
24799
24800
24801
24800
24801
24802
24802
24803
24804
24785
24786
24787
24786
24787
24788
24788
24789
24790
24790
24791
24792
24783
24784
24785
24783
24784
24785
24785
24786
24787
24739
24740
24741
24724
24725
24726
24726
24727
24728
24727
24728
24729
24727
24728
24729
24729
24730
24731
24676
24677
24678
24677
24678
24679
24632
24633
24634
24634
24635
24636
24636
24637
24638
24637
24638
24639
24636
24637
24638
24638
24639
24640
24640
24641
24642
24639
24640
24641
24640
24641
24642
24642
24643
24644
24644
24645
24646
24568
24569
24570
24570
24571
24572
24571
24572
24573
24573
24574
24575
24571
24572
24573
24573
24574
24575
24574
24575
24576
24575
24576
24577
24577
24578
24579
24578
24579
24580
24580
24581
24582
24530
24531
24532
24531
24532
24533
24533
24534
24535
24535
24536
24537
24537
24538
24539
24539
24540
24541
24488
24489
24490
24488
24489
24490
24490
24491
24492
24492
24493
24494
24494
24495
24496
24489
24490
24491
24481
24482
24483
24481
24482
24483
24483
24484
24485
24485
24486
24487
24487
24488
24489
24487
24488
24489
24489
24490
24491
24490
24491
24492
24488
24489
24490
24490
24491
24492
24487
24488
24489
24476
24477
24478
24460
24461
24462
24460
24461
24462
24461
24462
24463
24463
24464
24465
24465
24466
24467
24463
24464
24465
24465
24466
24467
24434
24435
24436
24436
24437
24438
24438
24439
24440
24440
24441
24442
24441
24442
24443
24433
24434
24435
24435
24436
24437
24381
24382
24383
24383
24384
24385
24385
24386
24387
24386
24387
24388
24386
24387
24388
24387
24388
24389
24383
24384
24385
24383
24384
24385
24385
24386
24387
24387
24388
24389
24388
24389
24390
24389
24390
24391
24391
24392
24393
24392
24393
24394
24394
24395
24396
24363
24364
24365
24329
24330
24331
24329
24330
24331
24330
24331
24332
24332
24333
24334
24334
24335
24336
24335
24336
24337
24337
24338
24339
24339
24340
24341
24325
24326
24327
24325
24326
24327
24319
24320
24321
24321
24322
24323
24310
24311
24312
24312
24313
24314
24313
24314
24315
24315
24316
24317
24317
24318
24319
24319
24320
24321
24321
24322
24323
24320
24321
24322
24322
24323
24324
24253
24254
24255
24251
24252
24253
24253
24254
24255
24255
24256
24257
24240
24241
24242
24242
24243
24244
24219
24220
24221
24221
24222
24223
24212
24213
24214
24214
24215
24216
24213
24214
24215
24210
24211
24212
24211
24212
24213
24213
24214
24215
24212
24213
24214
24167
24168
24169
24169
24170
24171
24169
24170
24171
24170
24171
24172
24172
24173
24174
24174
24175
24176
24139
24140
24141
24141
24142
24143
24101
24102
24103
24101
24102
24103
24103
24104
24105
24078
24079
24080
24080
24081
24082
24082
24083
24084
24084
24085
24086
24086
24087
24088
24087
24088
24089
24089
24090
24091
24089
24090
24091
24057
24058
24059
24048
24049
24050
24048
24049
24050
24050
24051
24052
24052
24053
24054
24054
24055
24056
24043
24044
24045
24034
24035
24036
24036
24037
24038
24023
24024
24025
24022
24023
24024
24023
24024
24025
24025
24026
24027
24027
24028
24029
24029
24030
24031
24031
24032
24033
24033
24034
24035
24035
24036
24037
24037
24038
24039
24039
24040
24041
24036
24037
24038
24038
24039
24040
24027
24028
24029
23988
23989
23990
23990
23991
23992
23992
23993
23994
23994
23995
23996
23996
23997
23998
23998
23999
24000
24000
24001
24002
23939
23940
23941
23939
23940
23941
23941
23942
23943
23943
23944
23945
23907
23908
23909
23897
23898
23899
23899
23900
23901
23889
23890
23891
23890
23891
23892
23890
23891
23892
23847
23848
23849
23849
23850
23851
23809
23810
23811
23811
23812
23813
23812
23813
23814
23814
23815
23816
23816
23817
23818
23818
23819
23820
23819
23820
23821
23821
23822
23823
23823
23824
23825
23825
23826
23827
23761
23762
23763
23740
23741
23742
23741
23742
23743
23706
23707
23708
23691
23692
23693
23678
23679
23680
23633
23634
23635
23635
23636
23637
23629
23630
23631
23631
23632
23633
23633
23634
23635
23632
23633
23634
23605
23606
23607
23607
23608
23609
23609
23610
23611
23611
23612
23613
23613
23614
23615
23611
23612
23613
23613
23614
23615
23615
23616
23617
23616
23617
23618
23618
23619
23620
23595
23596
23597
23597
23598
23599
23599
23600
23601
23601
23602
23603
23602
23603
23604
23604
23605
23606
23606
23607
23608
23606
23607
23608
23607
23608
23609
23609
23610
23611
23611
23612
23613
23613
23614
23615
23615
23616
23617
23617
23618
23619
23610
23611
23612
23610
23611
23612
23612
23613
23614
23613
23614
23615
23612
23613
23614
23614
23615
23616
23576
23577
23578
23577
23578
23579
23577
23578
23579
23579
23580
23581
23577
23578
23579
23565
23566
23567
23565
23566
23567
23567
23568
23569
23561
23562
23563
23560
23561
23562
23561
23562
23563
23482
23483
23484
23484
23485
23486
23486
23487
23488
23455
23456
23457
23457
23458
23459
23458
23459
23460
23459
23460
23461
23461
23462
23463
23462
23463
23464
23458
23459
23460
23372
23373
23374
23361
23362
23363
23360
23361
23362
23359
23360
23361
23361
23362
23363
23363
23364
23365
23364
23365
23366
23366
23367
23368
23366
23367
23368
23365
23366
23367
23338
23339
23340
23340
23341
23342
23342
23343
23344
23321
23322
23323
23236
23237
23238
23197
23198
23199
23199
23200
23201
23200
23201
23202
23199
23200
23201
23186
23187
23188
23187
23188
23189
23178
23179
23180
23151
23152
23153
23153
23154
23155
23154
23155
23156
23156
23157
23158
23112
23113
23114
23114
23115
23116
23112
23113
23114
23108
23109
23110
23109
23110
23111
23110
23111
23112
23112
23113
23114
23001
23002
23003
23000
23001
23002
23001
23002
23003
23003
23004
23005
23005
23006
23007
23005
23006
23007
23002
23003
23004
23003
23004
23005
23005
23006
23007
22886
22887
22888
22886
22887
22888
22888
22889
22890
22853
22854
22855
22789
22790
22791
22789
22790
22791
22791
22792
22793
22773
22774
22775
22773
22774
22775
22773
22774
22775
22750
22751
22752
22741
22742
22743
22743
22744
22745
22745
22746
22747
22745
22746
22747
22735
22736
22737
22737
22738
22739
22721
22722
22723
22717
22718
22719
22719
22720
22721
22718
22719
22720
22720
22721
22722
22721
22722
22723
22705
22706
22707
22707
22708
22709
22682
22683
22684
22678
22679
22680
22680
22681
22682
22682
22683
22684
22684
22685
22686
22668
22669
22670
22646
22647
22648
22648
22649
22650
22650
22651
22652
22645
22646
22647
22614
22615
22616
22537
22538
22539
22538
22539
22540
22540
22541
22542
22542
22543
22544
22544
22545
22546
22506
22507
22508
22488
22489
22490
22490
22491
22492
22488
22489
22490
22490
22491
22492
22488
22489
22490
22490
22491
22492
22490
22491
22492
22492
22493
22494
22494
22495
22496
22489
22490
22491
22489
22490
22491
22490
22491
22492
22477
22478
22479
22479
22480
22481
22481
22482
22483
22483
22484
22485
22485
22486
22487
22486
22487
22488
22339
22340
22341
22341
22342
22343
22318
22319
22320
22248
22249
22250
22250
22251
22252
22252
22253
22254
22219
22220
22221
22220
22221
22222
22222
22223
22224
22224
22225
22226
22195
22196
22197
22168
22169
22170
22169
22170
22171
22171
22172
22173
22173
22174
22175
22174
22175
22176
22176
22177
22178
22171
22172
22173
22172
22173
22174
22170
22171
22172
22140
22141
22142
22142
22143
22144
22139
22140
22141
22031
22032
22033
22031
22032
22033
22033
22034
22035
22034
22035
22036
22036
22037
22038
22038
22039
22040
21949
21950
21951
21949
21950
21951
21951
21952
21953
21943
21944
21945
21892
21893
21894
21893
21894
21895
21895
21896
21897
21897
21898
21899
21899
21900
21901
21896
21897
21898
21898
21899
21900
21899
21900
21901
21895
21896
21897
21897
21898
21899
21899
21900
21901
21900
21901
21902
21901
21902
21903
21903
21904
21905
21905
21906
21907
21906
21907
21908
21906
21907
21908
21908
21909
21910
21910
21911
21912
21911
21912
21913
21883
21884
21885
21861
21862
21863
21863
21864
21865
21863
21864
21865
21865
21866
21867
21867
21868
21869
21869
21870
21871
21870
21871
21872
21871
21872
21873
21869
21870
21871
21871
21872
21873
21873
21874
21875
21858
21859
21860
21860
21861
21862
21820
21821
21822
21771
21772
21773
21773
21774
21775
21773
21774
21775
21774
21775
21776
21776
21777
21778
21778
21779
21780
21779
21780
21781
21773
21774
21775
21771
21772
21773
21770
21771
21772
21771
21772
21773
21773
21774
21775
21775
21776
21777
21776
21777
21778
21778
21779
21780
21779
21780
21781
21781
21782
21783
21782
21783
21784
21784
21785
21786
21786
21787
21788
21785
21786
21787
21744
21745
21746
21746
21747
21748
21747
21748
21749
21749
21750
21751
21747
21748
21749
21728
21729
21730
21714
21715
21716
21713
21714
21715
21715
21716
21717
21717
21718
21719
21719
21720
21721
21720
21721
21722
21721
21722
21723
21721
21722
21723
21720
21721
21722
21722
21723
21724
21724
21725
21726
21726
21727
21728
21727
21728
21729
21727
21728
21729
21698
21699
21700
21699
21700
21701
21700
21701
21702
21700
21701
21702
21680
21681
21682
21574
21575
21576
21576
21577
21578
21578
21579
21580
21580
21581
21582
21562
21563
21564
21564
21565
21566
21557
21558
21559
21558
21559
21560
21560
21561
21562
21530
21531
21532
21532
21533
21534
21532
21533
21534
21533
21534
21535
21531
21532
21533
21533
21534
21535
21534
21535
21536
21536
21537
21538
21538
21539
21540
21538
21539
21540
21538
21539
21540
21537
21538
21539
21539
21540
21541
21536
21537
21538
21534
21535
21536
21536
21537
21538
21538
21539
21540
21540
21541
21542
21540
21541
21542
21540
21541
21542
21515
21516
21517
21517
21518
21519
21518
21519
21520
21520
21521
21522
21521
21522
21523
21517
21518
21519
21518
21519
21520
21519
21520
21521
21519
21520
21521
21518
21519
21520
21416
21417
21418
21418
21419
21420
21420
21421
21422
21422
21423
21424
21424
21425
21426
21426
21427
21428
21425
21426
21427
21426
21427
21428
21427
21428
21429
21400
21401
21402
21399
21400
21401
21372
21373
21374
21373
21374
21375
21375
21376
21377
21377
21378
21379
21379
21380
21381
21380
21381
21382
21279
21280
21281
21281
21282
21283
21252
21253
21254
21252
21253
21254
21252
21253
21254
21254
21255
21256
21220
21221
21222
21222
21223
21224
21224
21225
21226
21225
21226
21227
21224
21225
21226
21221
21222
21223
21223
21224
21225
21224
21225
21226
21226
21227
21228
21228
21229
21230
21220
21221
21222
21206
21207
21208
21208
21209
21210
21209
21210
21211
21211
21212
21213
21213
21214
21215
21215
21216
21217
21203
21204
21205
21148
21149
21150
21150
21151
21152
21130
21131
21132
21130
21131
21132
21132
21133
21134
21134
21135
21136
21134
21135
21136
21136
21137
21138
21136
21137
21138
21138
21139
21140
21140
21141
21142
21141
21142
21143
21142
21143
21144
21144
21145
21146
21146
21147
21148
21147
21148
21149
21148
21149
21150
21148
21149
21150
21129
21130
21131
21129
21130
21131
21129
21130
21131
21131
21132
21133
21133
21134
21135
21134
21135
21136
21136
21137
21138
21132
21133
21134
21128
21129
21130
21128
21129
21130
21130
21131
21132
21112
21113
21114
21090
21091
21092
21092
21093
21094
21094
21095
21096
21096
21097
21098
21089
21090
21091
21091
21092
21093
21093
21094
21095
21070
21071
21072
21071
21072
21073
21073
21074
21075
21072
21073
21074
21072
21073
21074
21066
21067
21068
21068
21069
21070
21069
21070
21071
21001
21002
21003
21003
21004
21005
21003
21004
21005
21005
21006
21007
21007
21008
21009
20988
20989
20990
20990
20991
20992
20984
20985
20986
20982
20983
20984
20984
20985
20986
20986
20987
20988
20988
20989
20990
20990
20991
20992
20992
20993
20994
20986
20987
20988
20931
20932
20933
20933
20934
20935
20935
20936
20937
20922
20923
20924
20857
20858
20859
20846
20847
20848
20847
20848
20849
20845
20846
20847
20846
20847
20848
20848
20849
20850
20850
20851
20852
20849
20850
20851
20848
20849
20850
20832
20833
20834
20834
20835
20836
20835
20836
20837
20837
20838
20839
20839
20840
20841
20840
20841
20842
20808
20809
20810
20810
20811
20812
20812
20813
20814
20803
20804
20805
20805
20806
20807
20807
20808
20809
20809
20810
20811
20811
20812
20813
20809
20810
20811
20809
20810
20811
20740
20741
20742
20722
20723
20724
20722
20723
20724
20705
20706
20707
20706
20707
20708
20705
20706
20707
20707
20708
20709
20709
20710
20711
20700
20701
20702
20702
20703
20704
20704
20705
20706
20704
20705
20706
20706
20707
20708
20708
20709
20710
20708
20709
20710
20710
20711
20712
20712
20713
20714
20714
20715
20716
20716
20717
20718
20715
20716
20717
20716
20717
20718
20691
20692
20693
20693
20694
20695
20695
20696
20697
20676
20677
20678
20677
20678
20679
20679
20680
20681
20677
20678
20679
20679
20680
20681
20681
20682
20683
20683
20684
20685
20685
20686
20687
20687
20688
20689
20688
20689
20690
20686
20687
20688
20667
20668
20669
20669
20670
20671
20671
20672
20673
20629
20630
20631
20631
20632
20633
20633
20634
20635
20635
20636
20637
20637
20638
20639
20639
20640
20641
20628
20629
20630
20597
20598
20599
20573
20574
20575
20522
20523
20524
20524
20525
20526
20526
20527
20528
20521
20522
20523
20522
20523
20524
20524
20525
20526
20524
20525
20526
20526
20527
20528
20520
20521
20522
20487
20488
20489
20489
20490
20491
20491
20492
20493
20493
20494
20495
20494
20495
20496
20496
20497
20498
20494
20495
20496
20496
20497
20498
20498
20499
20500
20488
20489
20490
20490
20491
20492
20487
20488
20489
20465
20466
20467
20456
20457
20458
20458
20459
20460
20449
20450
20451
20451
20452
20453
20453
20454
20455
20455
20456
20457
20457
20458
20459
20458
20459
20460
20460
20461
20462
20462
20463
20464
20464
20465
20466
20466
20467
20468
20466
20467
20468
20468
20469
20470
20470
20471
20472
20467
20468
20469
20462
20463
20464
20461
20462
20463
20463
20464
20465
20465
20466
20467
20467
20468
20469
20468
20469
20470
20468
20469
20470
20428
20429
20430
20429
20430
20431
20431
20432
20433
20432
20433
20434
20433
20434
20435
20416
20417
20418
20418
20419
20420
20420
20421
20422
20422
20423
20424
20423
20424
20425
20425
20426
20427
20417
20418
20419
20419
20420
20421
20403
20404
20405
20356
20357
20358
20354
20355
20356
20340
20341
20342
20307
20308
20309
20241
20242
20243
20243
20244
20245
20244
20245
20246
20245
20246
20247
20245
20246
20247
20247
20248
20249
20249
20250
20251
20242
20243
20244
20241
20242
20243
20242
20243
20244
20244
20245
20246
20246
20247
20248
20248
20249
20250
20250
20251
20252
20251
20252
20253
20236
20237
20238
20238
20239
20240
20239
20240
20241
20241
20242
20243
20243
20244
20245
20245
20246
20247
20247
20248
20249
20248
20249
20250
20250
20251
20252
20251
20252
20253
20229
20230
20231
20231
20232
20233
20233
20234
20235
20226
20227
20228
20226
20227
20228
20223
20224
20225
20225
20226
20227
20224
20225
20226
20226
20227
20228
20228
20229
20230
20227
20228
20229
20208
20209
20210
20207
20208
20209
20209
20210
20211
20210
20211
20212
20112
20113
20114
20114
20115
20116
20112
20113
20114
20114
20115
20116
20116
20117
20118
20118
20119
20120
20120
20121
20122
20122
20123
20124
20119
20120
20121
20121
20122
20123
20108
20109
20110
20110
20111
20112
20106
20107
20108
20107
20108
20109
20108
20109
20110
20110
20111
20112
20111
20112
20113
20112
20113
20114
20113
20114
20115
20114
20115
20116
20115
20116
20117
20117
20118
20119
20119
20120
20121
20067
20068
20069
20067
20068
20069
20069
20070
20071
20067
20068
20069
20067
20068
20069
20069
20070
20071
20071
20072
20073
20011
20012
20013
19960
19961
19962
19961
19962
19963
19963
19964
19965
19962
19963
19964
19964
19965
19966
19959
19960
19961
19944
19945
19946
19946
19947
19948
19948
19949
19950
19950
19951
19952
19952
19953
19954
19954
19955
19956
19948
19949
19950
19950
19951
19952
19952
19953
19954
19954
19955
19956
19953
19954
19955
19955
19956
19957
19957
19958
19959
19958
19959
19960
19950
19951
19952
19951
19952
19953
19953
19954
19955
19955
19956
19957
19957
19958
19959
19959
19960
19961
19960
19961
19962
19925
19926
19927
19927
19928
19929
19929
19930
19931
19931
19932
19933
19933
19934
19935
19922
19923
19924
19889
19890
19891
19891
19892
19893
19893
19894
19895
19891
19892
19893
19826
19827
19828
19828
19829
19830
19828
19829
19830
19829
19830
19831
19821
19822
19823
19822
19823
19824
19819
19820
19821
19821
19822
19823
19823
19824
19825
19824
19825
19826
19826
19827
19828
19826
19827
19828
19828
19829
19830
19828
19829
19830
19830
19831
19832
19816
19817
19818
19816
19817
19818
19818
19819
19820
19820
19821
19822
19820
19821
19822
19819
19820
19821
19818
19819
19820
19798
19799
19800
19799
19800
19801
19801
19802
19803
19803
19804
19805
19805
19806
19807
19770
19771
19772
19771
19772
19773
19773
19774
19775
19774
19775
19776
19776
19777
19778
19774
19775
19776
19775
19776
19777
19777
19778
19779
19775
19776
19777
19775
19776
19777
19776
19777
19778
19768
19769
19770
19770
19771
19772
19748
19749
19750
19750
19751
19752
19752
19753
19754
19731
19732
19733
19675
19676
19677
19674
19675
19676
19675
19676
19677
19674
19675
19676
19660
19661
19662
19662
19663
19664
19633
19634
19635
19633
19634
19635
19635
19636
19637
19637
19638
19639
19635
19636
19637
19637
19638
19639
19636
19637
19638
19637
19638
19639
19638
19639
19640
19630
19631
19632
19632
19633
19634
19634
19635
19636
19636
19637
19638
19636
19637
19638
19638
19639
19640
19640
19641
19642
19641
19642
19643
19643
19644
19645
19604
19605
19606
19604
19605
19606
19606
19607
19608
19608
19609
19610
19592
19593
19594
19594
19595
19596
19595
19596
19597
19597
19598
19599
19596
19597
19598
19598
19599
19600
19596
19597
19598
19573
19574
19575
19570
19571
19572
19571
19572
19573
19571
19572
19573
19573
19574
19575
19566
19567
19568
19558
19559
19560
19558
19559
19560
19560
19561
19562
19562
19563
19564
19564
19565
19566
19557
19558
19559
19558
19559
19560
19558
19559
19560
19560
19561
19562
19562
19563
19564
19564
19565
19566
19565
19566
19567
19561
19562
19563
19563
19564
19565
19565
19566
19567
19566
19567
19568
19568
19569
19570
19570
19571
19572
19572
19573
19574
19573
19574
19575
19566
19567
19568
19568
19569
19570
19570
19571
19572
19563
19564
19565
19565
19566
19567
19566
19567
19568
19566
19567
19568
19568
19569
19570
19538
19539
19540
19539
19540
19541
19541
19542
19543
19540
19541
19542
19506
19507
19508
19508
19509
19510
19500
19501
19502
19495
19496
19497
19497
19498
19499
19499
19500
19501
19497
19498
19499
19450
19451
19452
19452
19453
19454
19447
19448
19449
19449
19450
19451
19399
19400
19401
19398
19399
19400
19400
19401
19402
19401
19402
19403
19403
19404
19405
19402
19403
19404
19403
19404
19405
19403
19404
19405
19404
19405
19406
19399
19400
19401
19401
19402
19403
19403
19404
19405
19405
19406
19407
19406
19407
19408
19387
19388
19389
19389
19390
19391
19339
19340
19341
19340
19341
19342
19342
19343
19344
19341
19342
19343
19341
19342
19343
19343
19344
19345
19345
19346
19347
19347
19348
19349
19345
19346
19347
19347
19348
19349
19329
19330
19331
19331
19332
19333
19330
19331
19332
19330
19331
19332
19332
19333
19334
19332
19333
19334
19334
19335
19336
19332
19333
19334
19333
19334
19335
19230
19231
19232
19232
19233
19234
19229
19230
19231
19230
19231
19232
19231
19232
19233
19232
19233
19234
19233
19234
19235
19224
19225
19226
19226
19227
19228
19228
19229
19230
19230
19231
19232
19230
19231
19232
19227
19228
19229
19229
19230
19231
19230
19231
19232
19231
19232
19233
19232
19233
19234
19234
19235
19236
19236
19237
19238
19236
19237
19238
19237
19238
19239
19239
19240
19241
19241
19242
19243
19243
19244
19245
19245
19246
19247
19246
19247
19248
19248
19249
19250
19246
19247
19248
19248
19249
19250
19247
19248
19249
19249
19250
19251
19234
19235
19236
19236
19237
19238
19233
19234
19235
19235
19236
19237
19234
19235
19236
19213
19214
19215
19215
19216
19217
19216
19217
19218
19199
19200
19201
19201
19202
19203
19200
19201
19202
19201
19202
19203
19203
19204
19205
19204
19205
19206
19175
19176
19177
19063
19064
19065
19065
19066
19067
19065
19066
19067
19038
19039
19040
19038
19039
19040
19037
19038
19039
19039
19040
19041
19040
19041
19042
19038
19039
19040
19040
19041
19042
19042
19043
19044
19044
19045
19046
19045
19046
19047
19046
19047
19048
19046
19047
19048
19045
19046
19047
18999
19000
19001
19001
19002
19003
19002
19003
19004
19003
19004
19005
19005
19006
19007
19007
19008
19009
19007
19008
19009
19007
19008
19009
19009
19010
19011
19011
19012
19013
19004
19005
19006
19004
19005
19006
19006
19007
19008
19007
19008
19009
18940
18941
18942
18942
18943
18944
18944
18945
18946
18946
18947
18948
18945
18946
18947
18947
18948
18949
18937
18938
18939
18939
18940
18941
18940
18941
18942
18942
18943
18944
18941
18942
18943
18942
18943
18944
18944
18945
18946
18946
18947
18948
18948
18949
18950
18947
18948
18949
18947
18948
18949
18949
18950
18951
18898
18899
18900
18857
18858
18859
18859
18860
18861
18844
18845
18846
18845
18846
18847
18847
18848
18849
18849
18850
18851
18776
18777
18778
18778
18779
18780
18777
18778
18779
18777
18778
18779
18779
18780
18781
18781
18782
18783
18783
18784
18785
18785
18786
18787
18786
18787
18788
18784
18785
18786
18786
18787
18788
18785
18786
18787
18785
18786
18787
18782
18783
18784
18779
18780
18781
18781
18782
18783
18749
18750
18751
18746
18747
18748
18748
18749
18750
18750
18751
18752
18752
18753
18754
18754
18755
18756
18749
18750
18751
18715
18716
18717
18717
18718
18719
18719
18720
18721
18721
18722
18723
18721
18722
18723
18723
18724
18725
18721
18722
18723
18723
18724
18725
18725
18726
18727
18725
18726
18727
18727
18728
18729
18729
18730
18731
18729
18730
18731
18729
18730
18731
18730
18731
18732
18731
18732
18733
18733
18734
18735
18735
18736
18737
18734
18735
18736
18736
18737
18738
18733
18734
18735
18735
18736
18737
18737
18738
18739
18731
18732
18733
18733
18734
18735
18735
18736
18737
18735
18736
18737
18737
18738
18739
18735
18736
18737
18737
18738
18739
18739
18740
18741
18741
18742
18743
18742
18743
18744
18744
18745
18746
18746
18747
18748
18748
18749
18750
18746
18747
18748
18748
18749
18750
18739
18740
18741
18741
18742
18743
18740
18741
18742
18742
18743
18744
18744
18745
18746
18659
18660
18661
18661
18662
18663
18662
18663
18664
18664
18665
18666
18666
18667
18668
18667
18668
18669
18669
18670
18671
18671
18672
18673
18672
18673
18674
18672
18673
18674
18674
18675
18676
18676
18677
18678
18673
18674
18675
18675
18676
18677
18677
18678
18679
18679
18680
18681
18680
18681
18682
18681
18682
18683
18665
18666
18667
18664
18665
18666
18608
18609
18610
18609
18610
18611
18604
18605
18606
18606
18607
18608
18592
18593
18594
18593
18594
18595
18594
18595
18596
18596
18597
18598
18598
18599
18600
18599
18600
18601
18601
18602
18603
18602
18603
18604
18604
18605
18606
18603
18604
18605
18605
18606
18607
18607
18608
18609
18600
18601
18602
18586
18587
18588
18588
18589
18590
18589
18590
18591
18591
18592
18593
18592
18593
18594
18594
18595
18596
18596
18597
18598
18598
18599
18600
18600
18601
18602
18602
18603
18604
18604
18605
18606
18606
18607
18608
18606
18607
18608
18608
18609
18610
18610
18611
18612
18609
18610
18611
18610
18611
18612
18612
18613
18614
18614
18615
18616
18616
18617
18618
18617
18618
18619
18619
18620
18621
18620
18621
18622
18622
18623
18624
18619
18620
18621
18615
18616
18617
18615
18616
18617
18617
18618
18619
18618
18619
18620
18619
18620
18621
18589
18590
18591
18591
18592
18593
18593
18594
18595
18580
18581
18582
18582
18583
18584
18580
18581
18582
18581
18582
18583
18583
18584
18585
18584
18585
18586
18583
18584
18585
18585
18586
18587
18587
18588
18589
18589
18590
18591
18590
18591
18592
18592
18593
18594
18593
18594
18595
18593
18594
18595
18595
18596
18597
18596
18597
18598
18598
18599
18600
18574
18575
18576
18576
18577
18578
18571
18572
18573
18570
18571
18572
18571
18572
18573
18572
18573
18574
18568
18569
18570
18569
18570
18571
18571
18572
18573
18573
18574
18575
18535
18536
18537
18537
18538
18539
18539
18540
18541
18541
18542
18543
18543
18544
18545
18540
18541
18542
18542
18543
18544
18544
18545
18546
18536
18537
18538
18538
18539
18540
18507
18508
18509
18509
18510
18511
18505
18506
18507
18495
18496
18497
18497
18498
18499
18499
18500
18501
18501
18502
18503
18473
18474
18475
18475
18476
18477
18477
18478
18479
18476
18477
18478
18437
18438
18439
18404
18405
18406
18405
18406
18407
18407
18408
18409
18409
18410
18411
18408
18409
18410
18362
18363
18364
18362
18363
18364
18361
18362
18363
18363
18364
18365
18365
18366
18367
18367
18368
18369
18369
18370
18371
18371
18372
18373
18364
18365
18366
18344
18345
18346
18311
18312
18313
18313
18314
18315
18315
18316
18317
18314
18315
18316
18315
18316
18317
18317
18318
18319
18319
18320
18321
18321
18322
18323
18292
18293
18294
18294
18295
18296
18295
18296
18297
18297
18298
18299
18296
18297
18298
18295
18296
18297
18297
18298
18299
18290
18291
18292
18291
18292
18293
18292
18293
18294
18294
18295
18296
18296
18297
18298
18298
18299
18300
18299
18300
18301
18301
18302
18303
18303
18304
18305
18305
18306
18307
18307
18308
18309
18309
18310
18311
18311
18312
18313
18283
18284
18285
18219
18220
18221
18221
18222
18223
18223
18224
18225
18222
18223
18224
18224
18225
18226
18226
18227
18228
18191
18192
18193
18193
18194
18195
18195
18196
18197
18195
18196
18197
18192
18193
18194
18194
18195
18196
18196
18197
18198
18196
18197
18198
18196
18197
18198
18198
18199
18200
18197
18198
18199
18199
18200
18201
18201
18202
18203
18203
18204
18205
18205
18206
18207
18207
18208
18209
18209
18210
18211
18211
18212
18213
18212
18213
18214
18214
18215
18216
18216
18217
18218
18218
18219
18220
18220
18221
18222
18216
18217
18218
18217
18218
18219
18219
18220
18221
18220
18221
18222
18220
18221
18222
18222
18223
18224
18223
18224
18225
18224
18225
18226
18226
18227
18228
18224
18225
18226
18224
18225
18226
18207
18208
18209
18208
18209
18210
18210
18211
18212
18211
18212
18213
18116
18117
18118
18117
18118
18119
18105
18106
18107
18093
18094
18095
18095
18096
18097
18097
18098
18099
18099
18100
18101
18087
18088
18089
18089
18090
18091
18089
18090
18091
18089
18090
18091
18066
18067
18068
18061
18062
18063
18063
18064
18065
18056
18057
18058
18054
18055
18056
18047
18048
18049
18042
18043
18044
18035
18036
18037
18020
18021
18022
18022
18023
18024
18020
18021
18022
18020
18021
18022
18021
18022
18023
18020
18021
18022
18022
18023
18024
18024
18025
18026
18026
18027
18028
18027
18028
18029
18029
18030
18031
18029
18030
18031
18022
18023
18024
18024
18025
18026
18024
18025
18026
18025
18026
18027
18014
18015
18016
17897
17898
17899
17899
17900
17901
17901
17902
17903
17901
17902
17903
17902
17903
17904
17902
17903
17904
17903
17904
17905
17901
17902
17903
17902
17903
17904
17900
17901
17902
17902
17903
17904
17904
17905
17906
17900
17901
17902
17901
17902
17903
17902
17903
17904
17903
17904
17905
17905
17906
17907
17904
17905
17906
17905
17906
17907
17907
17908
17909
17908
17909
17910
17910
17911
17912
17912
17913
17914
17912
17913
17914
17889
17890
17891
17890
17891
17892
17885
17886
17887
17885
17886
17887
17884
17885
17886
17885
17886
17887
17887
17888
17889
17888
17889
17890
17889
17890
17891
17891
17892
17893
17892
17893
17894
17894
17895
17896
17896
17897
17898
17897
17898
17899
17899
17900
17901
17898
17899
17900
17899
17900
17901
17901
17902
17903
17903
17904
17905
17904
17905
17906
17906
17907
17908
17906
17907
17908
17907
17908
17909
17908
17909
17910
17883
17884
17885
17864
17865
17866
17863
17864
17865
17858
17859
17860
17860
17861
17862
17861
17862
17863
17863
17864
17865
17864
17865
17866
17866
17867
17868
17868
17869
17870
17870
17871
17872
17823
17824
17825
17820
17821
17822
17744
17745
17746
17746
17747
17748
17748
17749
17750
17750
17751
17752
17741
17742
17743
17740
17741
17742
17742
17743
17744
17739
17740
17741
17741
17742
17743
17743
17744
17745
17745
17746
17747
17746
17747
17748
17748
17749
17750
17748
17749
17750
17747
17748
17749
17737
17738
17739
17739
17740
17741
17737
17738
17739
17690
17691
17692
17692
17693
17694
17694
17695
17696
17695
17696
17697
17695
17696
17697
17697
17698
17699
17699
17700
17701
17697
17698
17699
17695
17696
17697
17645
17646
17647
17645
17646
17647
17647
17648
17649
17645
17646
17647
17647
17648
17649
17649
17650
17651
17651
17652
17653
17652
17653
17654
17654
17655
17656
17656
17657
17658
17657
17658
17659
17656
17657
17658
17617
17618
17619
17616
17617
17618
17596
17597
17598
17597
17598
17599
17598
17599
17600
17568
17569
17570
17570
17571
17572
17572
17573
17574
17574
17575
17576
17574
17575
17576
17576
17577
17578
17578
17579
17580
17574
17575
17576
17574
17575
17576
17575
17576
17577
17576
17577
17578
17578
17579
17580
17580
17581
17582
17582
17583
17584
17584
17585
17586
17585
17586
17587
17586
17587
17588
17588
17589
17590
17531
17532
17533
17495
17496
17497
17494
17495
17496
17495
17496
17497
17497
17498
17499
17492
17493
17494
17494
17495
17496
17450
17451
17452
17451
17452
17453
17453
17454
17455
17455
17456
17457
17444
17445
17446
17435
17436
17437
17430
17431
17432
17432
17433
17434
17433
17434
17435
17429
17430
17431
17430
17431
17432
17432
17433
17434
17432
17433
17434
17434
17435
17436
17435
17436
17437
17437
17438
17439
17439
17440
17441
17399
17400
17401
17399
17400
17401
17399
17400
17401
17399
17400
17401
17398
17399
17400
17380
17381
17382
17382
17383
17384
17384
17385
17386
17383
17384
17385
17349
17350
17351
17351
17352
17353
17352
17353
17354
17353
17354
17355
17355
17356
17357
17354
17355
17356
17356
17357
17358
17358
17359
17360
17357
17358
17359
17359
17360
17361
17361
17362
17363
17363
17364
17365
17365
17366
17367
17366
17367
17368
17364
17365
17366
17364
17365
17366
17365
17366
17367
17367
17368
17369
17366
17367
17368
17368
17369
17370
17369
17370
17371
17371
17372
17373
17373
17374
17375
17375
17376
17377
17377
17378
17379
17373
17374
17375
17375
17376
17377
17353
17354
17355
17355
17356
17357
17357
17358
17359
17359
17360
17361
17361
17362
17363
17343
17344
17345
17345
17346
17347
17347
17348
17349
17349
17350
17351
17350
17351
17352
17340
17341
17342
17326
17327
17328
17327
17328
17329
17325
17326
17327
17321
17322
17323
17285
17286
17287
17286
17287
17288
17277
17278
17279
17279
17280
17281
17281
17282
17283
17275
17276
17277
17275
17276
17277
17277
17278
17279
17279
17280
17281
17279
17280
17281
17281
17282
17283
17283
17284
17285
17284
17285
17286
17285
17286
17287
17277
17278
17279
17279
17280
17281
17280
17281
17282
17279
17280
17281
17281
17282
17283
17279
17280
17281
17278
17279
17280
17280
17281
17282
17281
17282
17283
17280
17281
17282
17282
17283
17284
17273
17274
17275
17274
17275
17276
17275
17276
17277
17277
17278
17279
17279
17280
17281
17281
17282
17283
17247
17248
17249
17248
17249
17250
17233
17234
17235
17235
17236
17237
17228
17229
17230
17223
17224
17225
17216
17217
17218
17190
17191
17192
17191
17192
17193
17193
17194
17195
17188
17189
17190
17189
17190
17191
17183
17184
17185
17184
17185
17186
17184
17185
17186
17185
17186
17187
17185
17186
17187
17185
17186
17187
17184
17185
17186
17186
17187
17188
17188
17189
17190
17188
17189
17190
17188
17189
17190
17189
17190
17191
17189
17190
17191
17189
17190
17191
17191
17192
17193
17192
17193
17194
17190
17191
17192
17192
17193
17194
17194
17195
17196
17196
17197
17198
17197
17198
17199
17199
17200
17201
17164
17165
17166
17166
17167
17168
17164
17165
17166
17166
17167
17168
17166
17167
17168
17164
17165
17166
17166
17167
17168
17167
17168
17169
17142
17143
17144
17142
17143
17144
17140
17141
17142
17106
17107
17108
17066
17067
17068
17068
17069
17070
17053
17054
17055
17055
17056
17057
17055
17056
17057
17057
17058
17059
17056
17057
17058
17052
17053
17054
17035
17036
17037
17037
17038
17039
17039
17040
17041
17041
17042
17043
17029
17030
17031
17031
17032
17033
17033
17034
17035
17028
17029
17030
17029
17030
17031
17031
17032
17033
17032
17033
17034
17033
17034
17035
17035
17036
17037
17008
17009
17010
17010
17011
17012
17012
17013
17014
17014
17015
17016
16996
16997
16998
16973
16974
16975
16971
16972
16973
16972
16973
16974
16973
16974
16975
16971
16972
16973
16971
16972
16973
16973
16974
16975
16974
16975
16976
16976
16977
16978
16953
16954
16955
16954
16955
16956
16949
16950
16951
16949
16950
16951
16951
16952
16953
16953
16954
16955
16955
16956
16957
16910
16911
16912
16908
16909
16910
16905
16906
16907
16907
16908
16909
16901
16902
16903
16902
16903
16904
16904
16905
16906
16906
16907
16908
16902
16903
16904
16904
16905
16906
16906
16907
16908
16908
16909
16910
16910
16911
16912
16911
16912
16913
16912
16913
16914
16909
16910
16911
16911
16912
16913
16913
16914
16915
16909
16910
16911
16910
16911
16912
16896
16897
16898
16890
16891
16892
16892
16893
16894
16893
16894
16895
16895
16896
16897
16897
16898
16899
16899
16900
16901
16901
16902
16903
16903
16904
16905
16881
16882
16883
16879
16880
16881
16881
16882
16883
16882
16883
16884
16883
16884
16885
16881
16882
16883
16883
16884
16885
16853
16854
16855
16855
16856
16857
16857
16858
16859
16859
16860
16861
16854
16855
16856
16856
16857
16858
16858
16859
16860
16860
16861
16862
16858
16859
16860
16859
16860
16861
16861
16862
16863
16844
16845
16846
16845
16846
16847
16846
16847
16848
16848
16849
16850
16840
16841
16842
16842
16843
16844
16844
16845
16846
16846
16847
16848
16847
16848
16849
16794
16795
16796
16791
16792
16793
16791
16792
16793
16792
16793
16794
16791
16792
16793
16793
16794
16795
16792
16793
16794
16794
16795
16796
16796
16797
16798
16798
16799
16800
16796
16797
16798
16798
16799
16800
16797
16798
16799
16796
16797
16798
16774
16775
16776
16764
16765
16766
16766
16767
16768
16765
16766
16767
16751
16752
16753
16753
16754
16755
16754
16755
16756
16752
16753
16754
16754
16755
16756
16756
16757
16758
16757
16758
16759
16759
16760
16761
16761
16762
16763
16763
16764
16765
16764
16765
16766
16764
16765
16766
16766
16767
16768
16768
16769
16770
16770
16771
16772
16772
16773
16774
16773
16774
16775
16715
16716
16717
16717
16718
16719
16710
16711
16712
16711
16712
16713
16713
16714
16715
16715
16716
16717
16713
16714
16715
16715
16716
16717
16717
16718
16719
16719
16720
16721
16721
16722
16723
16701
16702
16703
16703
16704
16705
16705
16706
16707
16707
16708
16709
16708
16709
16710
16693
16694
16695
16694
16695
16696
16696
16697
16698
16688
16689
16690
16690
16691
16692
16658
16659
16660
16658
16659
16660
16658
16659
16660
16660
16661
16662
16662
16663
16664
16663
16664
16665
16646
16647
16648
16642
16643
16644
16643
16644
16645
16630
16631
16632
16632
16633
16634
16633
16634
16635
16630
16631
16632
16632
16633
16634
16629
16630
16631
16619
16620
16621
16621
16622
16623
16623
16624
16625
16615
16616
16617
16617
16618
16619
16619
16620
16621
16620
16621
16622
16622
16623
16624
16623
16624
16625
16616
16617
16618
16585
16586
16587
16586
16587
16588
16585
16586
16587
16586
16587
16588
16588
16589
16590
16588
16589
16590
16589
16590
16591
16590
16591
16592
16591
16592
16593
16593
16594
16595
16556
16557
16558
16536
16537
16538
16538
16539
16540
16539
16540
16541
16541
16542
16543
16542
16543
16544
16544
16545
16546
16546
16547
16548
16548
16549
16550
16550
16551
16552
16552
16553
16554
16552
16553
16554
16554
16555
16556
16555
16556
16557
16555
16556
16557
16545
16546
16547
16522
16523
16524
16500
16501
16502
16502
16503
16504
16498
16499
16500
16499
16500
16501
16501
16502
16503
16499
16500
16501
16501
16502
16503
16498
16499
16500
16499
16500
16501
16501
16502
16503
16503
16504
16505
16505
16506
16507
16507
16508
16509
16509
16510
16511
16509
16510
16511
16511
16512
16513
16508
16509
16510
16506
16507
16508
16508
16509
16510
16510
16511
16512
16511
16512
16513
16512
16513
16514
16514
16515
16516
16515
16516
16517
16501
16502
16503
16503
16504
16505
16505
16506
16507
16504
16505
16506
16506
16507
16508
16505
16506
16507
16490
16491
16492
16490
16491
16492
16492
16493
16494
16494
16495
16496
16481
16482
16483
16474
16475
16476
16476
16477
16478
16464
16465
16466
16466
16467
16468
16468
16469
16470
16470
16471
16472
16470
16471
16472
16472
16473
16474
16473
16474
16475
16473
16474
16475
16473
16474
16475
16468
16469
16470
16466
16467
16468
16448
16449
16450
16447
16448
16449
16449
16450
16451
16451
16452
16453
16453
16454
16455
16455
16456
16457
16453
16454
16455
16455
16456
16457
16455
16456
16457
16446
16447
16448
16448
16449
16450
16450
16451
16452
16451
16452
16453
16449
16450
16451
16420
16421
16422
16422
16423
16424
16423
16424
16425
16425
16426
16427
16427
16428
16429
16429
16430
16431
16429
16430
16431
16431
16432
16433
16433
16434
16435
16434
16435
16436
16436
16437
16438
16438
16439
16440
16439
16440
16441
16433
16434
16435
16435
16436
16437
16428
16429
16430
16429
16430
16431
16431
16432
16433
16432
16433
16434
16431
16432
16433
16433
16434
16435
16403
16404
16405
16393
16394
16395
16395
16396
16397
16385
16386
16387
16387
16388
16389
16389
16390
16391
16390
16391
16392
16388
16389
16390
16389
16390
16391
16390
16391
16392
16392
16393
16394
16393
16394
16395
16390
16391
16392
16391
16392
16393
16388
16389
16390
16390
16391
16392
16392
16393
16394
16392
16393
16394
16394
16395
16396
16396
16397
16398
16395
16396
16397
16396
16397
16398
16396
16397
16398
16398
16399
16400
16400
16401
16402
16402
16403
16404
16401
16402
16403
16402
16403
16404
16396
16397
16398
16398
16399
16400
16400
16401
16402
16400
16401
16402
16394
16395
16396
16385
16386
16387
16385
16386
16387
16387
16388
16389
16388
16389
16390
16389
16390
16391
16385
16386
16387
16385
16386
16387
16385
16386
16387
16387
16388
16389
16387
16388
16389
16385
16386
16387
16351
16352
16353
16337
16338
16339
16272
16273
16274
16273
16274
16275
16272
16273
16274
16274
16275
16276
16276
16277
16278
16278
16279
16280
16280
16281
16282
16281
16282
16283
16282
16283
16284
16284
16285
16286
16285
16286
16287
16283
16284
16285
16285
16286
16287
16286
16287
16288
16281
16282
16283
16268
16269
16270
16270
16271
16272
16271
16272
16273
16270
16271
16272
16271
16272
16273
16272
16273
16274
16269
16270
16271
16270
16271
16272
16270
16271
16272
16271
16272
16273
16273
16274
16275
16274
16275
16276
16273
16274
16275
16275
16276
16277
16276
16277
16278
16278
16279
16280
16279
16280
16281
16281
16282
16283
16283
16284
16285
16285
16286
16287
16280
16281
16282
16280
16281
16282
16282
16283
16284
16283
16284
16285
16284
16285
16286
16285
16286
16287
16281
16282
16283
16274
16275
16276
16276
16277
16278
16244
16245
16246
16246
16247
16248
16247
16248
16249
16249
16250
16251
16246
16247
16248
16244
16245
16246
16244
16245
16246
16246
16247
16248
16244
16245
16246
16245
16246
16247
16232
16233
16234
16225
16226
16227
16226
16227
16228
16196
16197
16198
16198
16199
16200
16199
16200
16201
16201
16202
16203
16203
16204
16205
16205
16206
16207
16206
16207
16208
16182
16183
16184
16183
16184
16185
16185
16186
16187
16187
16188
16189
16187
16188
16189
16189
16190
16191
16190
16191
16192
16190
16191
16192
16183
16184
16185
16184
16185
16186
16142
16143
16144
16143
16144
16145
16142
16143
16144
16083
16084
16085
16082
16083
16084
16074
16075
16076
16076
16077
16078
16076
16077
16078
16062
16063
16064
16063
16064
16065
16065
16066
16067
16067
16068
16069
16069
16070
16071
16068
16069
16070
16068
16069
16070
16069
16070
16071
16071
16072
16073
16072
16073
16074
16074
16075
16076
16069
16070
16071
16070
16071
16072
16072
16073
16074
16074
16075
16076
16076
16077
16078
16078
16079
16080
16080
16081
16082
16077
16078
16079
16079
16080
16081
16081
16082
16083
16070
16071
16072
16069
16070
16071
16066
16067
16068
16067
16068
16069
16069
16070
16071
16069
16070
16071
16071
16072
16073
16073
16074
16075
16071
16072
16073
16073
16074
16075
16075
16076
16077
16077
16078
16079
16059
16060
16061
16060
16061
16062
16062
16063
16064
16064
16065
16066
16066
16067
16068
16068
16069
16070
16070
16071
16072
16071
16072
16073
16073
16074
16075
16072
16073
16074
16067
16068
16069
16069
16070
16071
16070
16071
16072
16071
16072
16073
16067
16068
16069
16068
16069
16070
16070
16071
16072
16071
16072
16073
16072
16073
16074
16074
16075
16076
16076
16077
16078
16078
16079
16080
16080
16081
16082
16062
16063
16064
16060
16061
16062
16061
16062
16063
16063
16064
16065
16063
16064
16065
16059
16060
16061
16061
16062
16063
16063
16064
16065
16064
16065
16066
16064
16065
16066
16066
16067
16068
16068
16069
16070
16068
16069
16070
16069
16070
16071
16070
16071
16072
16070
16071
16072
16068
16069
16070
16045
16046
16047
16047
16048
16049
16048
16049
16050
16050
16051
16052
16030
16031
16032
16032
16033
16034
16034
16035
16036
15997
15998
15999
15996
15997
15998
15997
15998
15999
15999
16000
16001
16000
16001
16002
15995
15996
15997
15994
15995
15996
15985
15986
15987
15987
15988
15989
15989
15990
15991
15991
15992
15993
15992
15993
15994
15988
15989
15990
15983
15984
15985
15985
15986
15987
15987
15988
15989
15988
15989
15990
15990
15991
15992
15991
15992
15993
15993
15994
15995
15995
15996
15997
15997
15998
15999
15995
15996
15997
15963
15964
15965
15964
15965
15966
15962
15963
15964
15962
15963
15964
15964
15965
15966
15966
15967
15968
15968
15969
15970
15970
15971
15972
15972
15973
15974
15974
15975
15976
15974
15975
15976
15975
15976
15977
15977
15978
15979
15977
15978
15979
15979
15980
15981
15981
15982
15983
15983
15984
15985
15983
15984
15985
15983
15984
15985
15985
15986
15987
15987
15988
15989
15988
15989
15990
15989
15990
15991
15991
15992
15993
15992
15993
15994
15994
15995
15996
15982
15983
15984
15984
15985
15986
15983
15984
15985
15984
15985
15986
15985
15986
15987
15986
15987
15988
15988
15989
15990
15990
15991
15992
15942
15943
15944
15914
15915
15916
15916
15917
15918
15918
15919
15920
15920
15921
15922
15922
15923
15924
15923
15924
15925
15925
15926
15927
15926
15927
15928
15928
15929
15930
15930
15931
15932
15932
15933
15934
15934
15935
15936
15929
15930
15931
15931
15932
15933
15927
15928
15929
15929
15930
15931
15928
15929
15930
15929
15930
15931
15929
15930
15931
15929
15930
15931
15931
15932
15933
15932
15933
15934
15933
15934
15935
15935
15936
15937
15918
15919
15920
15916
15917
15918
15917
15918
15919
15919
15920
15921
15919
15920
15921
15918
15919
15920
15919
15920
15921
15921
15922
15923
15920
15921
15922
15919
15920
15921
15913
15914
15915
15914
15915
15916
15900
15901
15902
15902
15903
15904
15895
15896
15897
15897
15898
15899
15898
15899
15900
15896
15897
15898
15898
15899
15900
15895
15896
15897
15896
15897
15898
15873
15874
15875
15873
15874
15875
15871
15872
15873
15871
15872
15873
15869
15870
15871
15865
15866
15867
15867
15868
15869
15834
15835
15836
15836
15837
15838
15836
15837
15838
15837
15838
15839
15835
15836
15837
15837
15838
15839
15836
15837
15838
15838
15839
15840
15840
15841
15842
15841
15842
15843
15843
15844
15845
15802
15803
15804
15803
15804
15805
15805
15806
15807
15807
15808
15809
15809
15810
15811
15811
15812
15813
15805
15806
15807
15804
15805
15806
15806
15807
15808
15807
15808
15809
15804
15805
15806
15806
15807
15808
15802
15803
15804
15802
15803
15804
15804
15805
15806
15805
15806
15807
15804
15805
15806
15802
15803
15804
15804
15805
15806
15803
15804
15805
15799
15800
15801
15800
15801
15802
15802
15803
15804
15797
15798
15799
15792
15793
15794
15791
15792
15793
15793
15794
15795
15795
15796
15797
15777
15778
15779
15764
15765
15766
15761
15762
15763
15703
15704
15705
15700
15701
15702
15702
15703
15704
15704
15705
15706
15706
15707
15708
15707
15708
15709
15709
15710
15711
15704
15705
15706
15698
15699
15700
15677
15678
15679
15678
15679
15680
15678
15679
15680
15680
15681
15682
15682
15683
15684
15680
15681
15682
15682
15683
15684
15674
15675
15676
15676
15677
15678
15678
15679
15680
15679
15680
15681
15681
15682
15683
15667
15668
15669
15664
15665
15666
15665
15666
15667
15666
15667
15668
15668
15669
15670
15667
15668
15669
15669
15670
15671
15671
15672
15673
15673
15674
15675
15673
15674
15675
15675
15676
15677
15675
15676
15677
15677
15678
15679
15677
15678
15679
15676
15677
15678
15673
15674
15675
15673
15674
15675
15674
15675
15676
15676
15677
15678
15678
15679
15680
15677
15678
15679
15678
15679
15680
15680
15681
15682
15682
15683
15684
15682
15683
15684
15683
15684
15685
15678
15679
15680
15680
15681
15682
15682
15683
15684
15683
15684
15685
15685
15686
15687
15687
15688
15689
15689
15690
15691
15691
15692
15693
15693
15694
15695
15695
15696
15697
15695
15696
15697
15695
15696
15697
15695
15696
15697
15677
15678
15679
15678
15679
15680
15679
15680
15681
15681
15682
15683
15682
15683
15684
15644
15645
15646
15641
15642
15643
15643
15644
15645
15616
15617
15618
15617
15618
15619
15619
15620
15621
15620
15621
15622
15620
15621
15622
15614
15615
15616
15615
15616
15617
15617
15618
15619
15592
15593
15594
15594
15595
15596
15596
15597
15598
15591
15592
15593
15592
15593
15594
15593
15594
15595
15577
15578
15579
15579
15580
15581
15581
15582
15583
15582
15583
15584
15584
15585
15586
15582
15583
15584
15584
15585
15586
15585
15586
15587
15587
15588
15589
15589
15590
15591
15566
15567
15568
15568
15569
15570
15558
15559
15560
15560
15561
15562
15562
15563
15564
15564
15565
15566
15566
15567
15568
15567
15568
15569
15569
15570
15571
15571
15572
15573
15573
15574
15575
15575
15576
15577
15577
15578
15579
15579
15580
15581
15580
15581
15582
15580
15581
15582
15582
15583
15584
15582
15583
15584
15584
15585
15586
15586
15587
15588
15587
15588
15589
15585
15586
15587
15584
15585
15586
15586
15587
15588
15586
15587
15588
15587
15588
15589
15585
15586
15587
15586
15587
15588
15588
15589
15590
15586
15587
15588
15574
15575
15576
15564
15565
15566
15559
15560
15561
15560
15561
15562
15562
15563
15564
15564
15565
15566
15566
15567
15568
15568
15569
15570
15563
15564
15565
15563
15564
15565
15564
15565
15566
15566
15567
15568
15564
15565
15566
15563
15564
15565
15565
15566
15567
15567
15568
15569
15546
15547
15548
15545
15546
15547
15545
15546
15547
15546
15547
15548
15548
15549
15550
15550
15551
15552
15552
15553
15554
15539
15540
15541
15538
15539
15540
15540
15541
15542
15542
15543
15544
15543
15544
15545
15516
15517
15518
15516
15517
15518
15513
15514
15515
15515
15516
15517
15517
15518
15519
15517
15518
15519
15519
15520
15521
15521
15522
15523
15523
15524
15525
15525
15526
15527
15527
15528
15529
15529
15530
15531
15531
15532
15533
15494
15495
15496
15496
15497
15498
15498
15499
15500
15500
15501
15502
15502
15503
15504
15504
15505
15506
15506
15507
15508
15505
15506
15507
15506
15507
15508
15502
15503
15504
15503
15504
15505
15505
15506
15507
15502
15503
15504
15504
15505
15506
15506
15507
15508
15508
15509
15510
15510
15511
15512
15511
15512
15513
15512
15513
15514
15514
15515
15516
15516
15517
15518
15517
15518
15519
15519
15520
15521
15521
15522
15523
15523
15524
15525
15525
15526
15527
15527
15528
15529
15527
15528
15529
15513
15514
15515
15515
15516
15517
15517
15518
15519
15519
15520
15521
15521
15522
15523
15523
15524
15525
15525
15526
15527
15526
15527
15528
15528
15529
15530
15530
15531
15532
15530
15531
15532
15532
15533
15534
15529
15530
15531
15530
15531
15532
15530
15531
15532
15527
15528
15529
15528
15529
15530
15530
15531
15532
15530
15531
15532
15531
15532
15533
15533
15534
15535
15535
15536
15537
15537
15538
15539
15539
15540
15541
15541
15542
15543
15530
15531
15532
15532
15533
15534
15532
15533
15534
15533
15534
15535
15534
15535
15536
15536
15537
15538
15538
15539
15540
15540
15541
15542
15542
15543
15544
15544
15545
15546
15546
15547
15548
15548
15549
15550
15550
15551
15552
15549
15550
15551
15549
15550
15551
15551
15552
15553
15553
15554
15555
15552
15553
15554
15554
15555
15556
15538
15539
15540
15534
15535
15536
15534
15535
15536
15534
15535
15536
15536
15537
15538
15538
15539
15540
15540
15541
15542
15541
15542
15543
15537
15538
15539
15539
15540
15541
15540
15541
15542
15542
15543
15544
15543
15544
15545
15527
15528
15529
15529
15530
15531
15531
15532
15533
15530
15531
15532
15530
15531
15532
15531
15532
15533
15525
15526
15527
15523
15524
15525
15525
15526
15527
15527
15528
15529
15528
15529
15530
15529
15530
15531
15531
15532
15533
15526
15527
15528
15527
15528
15529
15529
15530
15531
15526
15527
15528
15527
15528
15529
15497
15498
15499
15495
15496
15497
15494
15495
15496
15496
15497
15498
15498
15499
15500
15500
15501
15502
15501
15502
15503
15500
15501
15502
15502
15503
15504
15502
15503
15504
15503
15504
15505
15505
15506
15507
15507
15508
15509
15508
15509
15510
15510
15511
15512
15511
15512
15513
15512
15513
15514
15513
15514
15515
15515
15516
15517
15507
15508
15509
15509
15510
15511
15511
15512
15513
15513
15514
15515
15515
15516
15517
15517
15518
15519
15519
15520
15521
15521
15522
15523
15521
15522
15523
15522
15523
15524
15502
15503
15504
15500
15501
15502
15498
15499
15500
15485
15486
15487
15477
15478
15479
15478
15479
15480
15466
15467
15468
15467
15468
15469
15469
15470
15471
15471
15472
15473
15473
15474
15475
15475
15476
15477
15477
15478
15479
15479
15480
15481
15476
15477
15478
15478
15479
15480
15479
15480
15481
15481
15482
15483
15483
15484
15485
15485
15486
15487
15487
15488
15489
15489
15490
15491
15491
15492
15493
15459
15460
15461
15461
15462
15463
15462
15463
15464
15461
15462
15463
15461
15462
15463
15457
15458
15459
15438
15439
15440
15438
15439
15440
15439
15440
15441
15441
15442
15443
15443
15444
15445
15442
15443
15444
15443
15444
15445
15445
15446
15447
15439
15440
15441
15433
15434
15435
15435
15436
15437
15437
15438
15439
15439
15440
15441
15439
15440
15441
15439
15440
15441
15438
15439
15440
15439
15440
15441
15434
15435
15436
15436
15437
15438
15438
15439
15440
15440
15441
15442
15442
15443
15444
15443
15444
15445
15445
15446
15447
15447
15448
15449
15446
15447
15448
15447
15448
15449
15448
15449
15450
15450
15451
15452
15436
15437
15438
15430
15431
15432
15432
15433
15434
15434
15435
15436
15436
15437
15438
15435
15436
15437
15429
15430
15431
15431
15432
15433
15432
15433
15434
15434
15435
15436
15436
15437
15438
15438
15439
15440
15438
15439
15440
15440
15441
15442
15442
15443
15444
15443
15444
15445
15442
15443
15444
15441
15442
15443
15434
15435
15436
15435
15436
15437
15437
15438
15439
15439
15440
15441
15441
15442
15443
15442
15443
15444
15444
15445
15446
15446
15447
15448
15448
15449
15450
15446
15447
15448
15447
15448
15449
15449
15450
15451
15449
15450
15451
15451
15452
15453
15451
15452
15453
15453
15454
15455
15452
15453
15454
15454
15455
15456
15427
15428
15429
15429
15430
15431
15431
15432
15433
15433
15434
15435
15434
15435
15436
15436
15437
15438
15434
15435
15436
15436
15437
15438
15435
15436
15437
15437
15438
15439
15438
15439
15440
15440
15441
15442
15442
15443
15444
15443
15444
15445
15443
15444
15445
15442
15443
15444
15444
15445
15446
15445
15446
15447
15446
15447
15448
15447
15448
15449
15443
15444
15445
15445
15446
15447
15447
15448
15449
15444
15445
15446
15446
15447
15448
15446
15447
15448
15447
15448
15449
15449
15450
15451
15451
15452
15453
15452
15453
15454
15453
15454
15455
15453
15454
15455
15455
15456
15457
15456
15457
15458
15457
15458
15459
15459
15460
15461
15461
15462
15463
15461
15462
15463
15419
15420
15421
15420
15421
15422
15421
15422
15423
15422
15423
15424
15422
15423
15424
15424
15425
15426
15426
15427
15428
15428
15429
15430
15424
15425
15426
15401
15402
15403
15401
15402
15403
15403
15404
15405
15399
15400
15401
15399
15400
15401
15401
15402
15403
15402
15403
15404
15404
15405
15406
15406
15407
15408
15408
15409
15410
15410
15411
15412
15409
15410
15411
15401
15402
15403
15399
15400
15401
15377
15378
15379
15374
15375
15376
15376
15377
15378
15371
15372
15373
15373
15374
15375
15375
15376
15377
15377
15378
15379
15377
15378
15379
15378
15379
15380
15380
15381
15382
15382
15383
15384
15380
15381
15382
15382
15383
15384
15384
15385
15386
15380
15381
15382
15354
15355
15356
15356
15357
15358
15338
15339
15340
15340
15341
15342
15342
15343
15344
15342
15343
15344
15268
15269
15270
15265
15266
15267
15267
15268
15269
15269
15270
15271
15271
15272
15273
15271
15272
15273
15271
15272
15273
15225
15226
15227
15218
15219
15220
15220
15221
15222
15216
15217
15218
15218
15219
15220
15220
15221
15222
15220
15221
15222
15222
15223
15224
15223
15224
15225
15225
15226
15227
15227
15228
15229
15227
15228
15229
15188
15189
15190
15190
15191
15192
15192
15193
15194
15194
15195
15196
15194
15195
15196
15190
15191
15192
15192
15193
15194
15194
15195
15196
15196
15197
15198
15198
15199
15200
15200
15201
15202
15201
15202
15203
15201
15202
15203
15202
15203
15204
15203
15204
15205
15204
15205
15206
15194
15195
15196
15192
15193
15194
15194
15195
15196
15183
15184
15185
15182
15183
15184
15183
15184
15185
15138
15139
15140
15140
15141
15142
15130
15131
15132
15132
15133
15134
15121
15122
15123
15123
15124
15125
15124
15125
15126
15126
15127
15128
15128
15129
15130
15102
15103
15104
15104
15105
15106
15091
15092
15093
15049
15050
15051
15050
15051
15052
15052
15053
15054
15054
15055
15056
15056
15057
15058
15019
15020
15021
15020
15021
15022
15022
15023
15024
15024
15025
15026
15026
15027
15028
15028
15029
15030
15030
15031
15032
15032
15033
15034
15034
15035
15036
15036
15037
15038
15038
15039
15040
15027
15028
15029
15027
15028
15029
15028
15029
15030
15027
15028
15029
15002
15003
15004
14945
14946
14947
14944
14945
14946
14946
14947
14948
14948
14949
14950
14950
14951
14952
14952
14953
14954
14932
14933
14934
14934
14935
14936
14931
14932
14933
14928
14929
14930
14930
14931
14932
14910
14911
14912
14899
14900
14901
14900
14901
14902
14895
14896
14897
14886
14887
14888
14888
14889
14890
14889
14890
14891
14890
14891
14892
14892
14893
14894
14894
14895
14896
14896
14897
14898
14847
14848
14849
14845
14846
14847
14847
14848
14849
14848
14849
14850
14849
14850
14851
14827
14828
14829
14828
14829
14830
14825
14826
14827
14804
14805
14806
14806
14807
14808
14808
14809
14810
14809
14810
14811
14809
14810
14811
14811
14812
14813
14813
14814
14815
14815
14816
14817
14814
14815
14816
14816
14817
14818
14812
14813
14814
14814
14815
14816
14816
14817
14818
14812
14813
14814
14814
14815
14816
14797
14798
14799
14799
14800
14801
14798
14799
14800
14796
14797
14798
14798
14799
14800
14800
14801
14802
14795
14796
14797
14795
14796
14797
14797
14798
14799
14796
14797
14798
14797
14798
14799
14799
14800
14801
14801
14802
14803
14803
14804
14805
14804
14805
14806
14803
14804
14805
14804
14805
14806
14800
14801
14802
14802
14803
14804
14795
14796
14797
14797
14798
14799
14799
14800
14801
14800
14801
14802
14802
14803
14804
14804
14805
14806
14806
14807
14808
14792
14793
14794
14794
14795
14796
14794
14795
14796
14794
14795
14796
14796
14797
14798
14798
14799
14800
14799
14800
14801
14801
14802
14803
14799
14800
14801
14801
14802
14803
14798
14799
14800
14800
14801
14802
14801
14802
14803
14799
14800
14801
14801
14802
14803
14801
14802
14803
14799
14800
14801
14801
14802
14803
14802
14803
14804
14804
14805
14806
14805
14806
14807
14806
14807
14808
14767
14768
14769
14769
14770
14771
14768
14769
14770
14762
14763
14764
14764
14765
14766
14766
14767
14768
14753
14754
14755
14751
14752
14753
14750
14751
14752
14751
14752
14753
14753
14754
14755
14755
14756
14757
14744
14745
14746
14746
14747
14748
14728
14729
14730
14729
14730
14731
14731
14732
14733
14733
14734
14735
14729
14730
14731
14730
14731
14732
14732
14733
14734
14734
14735
14736
14736
14737
14738
14733
14734
14735
14735
14736
14737
14736
14737
14738
14737
14738
14739
14734
14735
14736
14727
14728
14729
14729
14730
14731
14730
14731
14732
14732
14733
14734
14731
14732
14733
14732
14733
14734
14728
14729
14730
14729
14730
14731
14730
14731
14732
14731
14732
14733
14733
14734
14735
14735
14736
14737
14737
14738
14739
14739
14740
14741
14741
14742
14743
14742
14743
14744
14744
14745
14746
14744
14745
14746
14745
14746
14747
14745
14746
14747
14747
14748
14749
14749
14750
14751
14746
14747
14748
14748
14749
14750
14748
14749
14750
14735
14736
14737
14736
14737
14738
14738
14739
14740
14737
14738
14739
14737
14738
14739
14739
14740
14741
14739
14740
14741
14741
14742
14743
14742
14743
14744
14743
14744
14745
14745
14746
14747
14747
14748
14749
14748
14749
14750
14750
14751
14752
14746
14747
14748
14748
14749
14750
14750
14751
14752
14752
14753
14754
14754
14755
14756
14756
14757
14758
14755
14756
14757
14757
14758
14759
14759
14760
14761
14761
14762
14763
14763
14764
14765
14765
14766
14767
14765
14766
14767
14767
14768
14769
14769
14770
14771
14757
14758
14759
14759
14760
14761
14759
14760
14761
14760
14761
14762
14762
14763
14764
14764
14765
14766
14765
14766
14767
14767
14768
14769
14769
14770
14771
14771
14772
14773
14773
14774
14775
14771
14772
14773
14773
14774
14775
14774
14775
14776
14776
14777
14778
14778
14779
14780
14780
14781
14782
14780
14781
14782
14782
14783
14784
14761
14762
14763
14763
14764
14765
14763
14764
14765
14765
14766
14767
14765
14766
14767
14765
14766
14767
14765
14766
14767
14767
14768
14769
14769
14770
14771
14770
14771
14772
14769
14770
14771
14760
14761
14762
14755
14756
14757
14756
14757
14758
14756
14757
14758
14718
14719
14720
14720
14721
14722
14722
14723
14724
14724
14725
14726
14725
14726
14727
14727
14728
14729
14729
14730
14731
14731
14732
14733
14727
14728
14729
14729
14730
14731
14729
14730
14731
14729
14730
14731
14730
14731
14732
14732
14733
14734
14732
14733
14734
14723
14724
14725
14724
14725
14726
14726
14727
14728
14728
14729
14730
14730
14731
14732
14731
14732
14733
14733
14734
14735
14735
14736
14737
14733
14734
14735
14735
14736
14737
14735
14736
14737
14737
14738
14739
14739
14740
14741
14736
14737
14738
14723
14724
14725
14725
14726
14727
14724
14725
14726
14726
14727
14728
14717
14718
14719
14713
14714
14715
14714
14715
14716
14715
14716
14717
14711
14712
14713
14713
14714
14715
14711
14712
14713
14713
14714
14715
14715
14716
14717
14715
14716
14717
14716
14717
14718
14714
14715
14716
14716
14717
14718
14716
14717
14718
14718
14719
14720
14715
14716
14717
14716
14717
14718
14717
14718
14719
14719
14720
14721
14721
14722
14723
14721
14722
14723
14723
14724
14725
14714
14715
14716
14715
14716
14717
14700
14701
14702
14684
14685
14686
14686
14687
14688
14688
14689
14690
14689
14690
14691
14678
14679
14680
14680
14681
14682
14682
14683
14684
14684
14685
14686
14685
14686
14687
14685
14686
14687
14684
14685
14686
14685
14686
14687
14687
14688
14689
14689
14690
14691
14689
14690
14691
14690
14691
14692
14687
14688
14689
14688
14689
14690
14689
14690
14691
14690
14691
14692
14675
14676
14677
14677
14678
14679
14679
14680
14681
14679
14680
14681
14681
14682
14683
14681
14682
14683
14683
14684
14685
14684
14685
14686
14686
14687
14688
14686
14687
14688
14685
14686
14687
14667
14668
14669
14669
14670
14671
14668
14669
14670
14662
14663
14664
14663
14664
14665
14664
14665
14666
14662
14663
14664
14660
14661
14662
14662
14663
14664
14663
14664
14665
14665
14666
14667
14666
14667
14668
14668
14669
14670
14667
14668
14669
14669
14670
14671
14671
14672
14673
14673
14674
14675
14674
14675
14676
14675
14676
14677
14624
14625
14626
14626
14627
14628
14628
14629
14630
14620
14621
14622
14613
14614
14615
14611
14612
14613
14612
14613
14614
14613
14614
14615
14615
14616
14617
14617
14618
14619
14618
14619
14620
14615
14616
14617
14617
14618
14619
14619
14620
14621
14621
14622
14623
14621
14622
14623
14619
14620
14621
14621
14622
14623
14605
14606
14607
14607
14608
14609
14608
14609
14610
14599
14600
14601
14601
14602
14603
14601
14602
14603
14603
14604
14605
14605
14606
14607
14604
14605
14606
14606
14607
14608
14606
14607
14608
14607
14608
14609
14609
14610
14611
14611
14612
14613
14613
14614
14615
14614
14615
14616
14611
14612
14613
14613
14614
14615
14575
14576
14577
14565
14566
14567
14567
14568
14569
14568
14569
14570
14570
14571
14572
14572
14573
14574
14574
14575
14576
14575
14576
14577
14576
14577
14578
14575
14576
14577
14575
14576
14577
14563
14564
14565
14565
14566
14567
14566
14567
14568
14562
14563
14564
14563
14564
14565
14563
14564
14565
14565
14566
14567
14564
14565
14566
14564
14565
14566
14566
14567
14568
14566
14567
14568
14568
14569
14570
14570
14571
14572
14572
14573
14574
14574
14575
14576
14575
14576
14577
14576
14577
14578
14578
14579
14580
14580
14581
14582
14581
14582
14583
14583
14584
14585
14584
14585
14586
14586
14587
14588
14588
14589
14590
14572
14573
14574
14571
14572
14573
14573
14574
14575
14566
14567
14568
14535
14536
14537
14537
14538
14539
14531
14532
14533
14533
14534
14535
14535
14536
14537
14537
14538
14539
14537
14538
14539
14538
14539
14540
14536
14537
14538
14533
14534
14535
14535
14536
14537
14537
14538
14539
14537
14538
14539
14539
14540
14541
14541
14542
14543
14543
14544
14545
14538
14539
14540
14540
14541
14542
14537
14538
14539
14539
14540
14541
14539
14540
14541
14541
14542
14543
14538
14539
14540
14536
14537
14538
14538
14539
14540
14539
14540
14541
14510
14511
14512
14506
14507
14508
14507
14508
14509
14504
14505
14506
14504
14505
14506
14503
14504
14505
14505
14506
14507
14504
14505
14506
14505
14506
14507
14473
14474
14475
14474
14475
14476
14476
14477
14478
14474
14475
14476
14415
14416
14417
14414
14415
14416
14416
14417
14418
14415
14416
14417
14417
14418
14419
14419
14420
14421
14417
14418
14419
14408
14409
14410
14410
14411
14412
14404
14405
14406
14406
14407
14408
14408
14409
14410
14406
14407
14408
14408
14409
14410
14410
14411
14412
14412
14413
14414
14402
14403
14404
14404
14405
14406
14403
14404
14405
14405
14406
14407
14407
14408
14409
14409
14410
14411
14410
14411
14412
14412
14413
14414
14409
14410
14411
14407
14408
14409
14407
14408
14409
14408
14409
14410
14394
14395
14396
14393
14394
14395
14395
14396
14397
14397
14398
14399
14399
14400
14401
14401
14402
14403
14403
14404
14405
14405
14406
14407
14407
14408
14409
14409
14410
14411
14411
14412
14413
14408
14409
14410
14402
14403
14404
14404
14405
14406
14401
14402
14403
14403
14404
14405
14398
14399
14400
14376
14377
14378
14378
14379
14380
14380
14381
14382
14379
14380
14381
14380
14381
14382
14381
14382
14383
14383
14384
14385
14385
14386
14387
14386
14387
14388
14388
14389
14390
14389
14390
14391
14391
14392
14393
14375
14376
14377
14377
14378
14379
14379
14380
14381
14381
14382
14383
14380
14381
14382
14382
14383
14384
14384
14385
14386
14386
14387
14388
14386
14387
14388
14381
14382
14383
14380
14381
14382
14378
14379
14380
14378
14379
14380
14380
14381
14382
14382
14383
14384
14383
14384
14385
14385
14386
14387
14385
14386
14387
14387
14388
14389
14386
14387
14388
14387
14388
14389
14389
14390
14391
14365
14366
14367
14367
14368
14369
14369
14370
14371
14369
14370
14371
14362
14363
14364
14363
14364
14365
14365
14366
14367
14367
14368
14369
14360
14361
14362
14360
14361
14362
14360
14361
14362
14362
14363
14364
14362
14363
14364
14364
14365
14366
14366
14367
14368
14367
14368
14369
14369
14370
14371
14371
14372
14373
14369
14370
14371
14369
14370
14371
14371
14372
14373
14373
14374
14375
14375
14376
14377
14370
14371
14372
14371
14372
14373
14373
14374
14375
14373
14374
14375
14375
14376
14377
14369
14370
14371
14371
14372
14373
14373
14374
14375
14374
14375
14376
14374
14375
14376
14376
14377
14378
14353
14354
14355
14354
14355
14356
14354
14355
14356
14350
14351
14352
14328
14329
14330
14330
14331
14332
14332
14333
14334
14333
14334
14335
14335
14336
14337
14334
14335
14336
14336
14337
14338
14337
14338
14339
14335
14336
14337
14317
14318
14319
14317
14318
14319
14319
14320
14321
14294
14295
14296
14294
14295
14296
14296
14297
14298
14292
14293
14294
14271
14272
14273
14273
14274
14275
14275
14276
14277
14275
14276
14277
14277
14278
14279
14279
14280
14281
14278
14279
14280
14279
14280
14281
14280
14281
14282
14282
14283
14284
14284
14285
14286
14286
14287
14288
14288
14289
14290
14290
14291
14292
14291
14292
14293
14289
14290
14291
14290
14291
14292
14291
14292
14293
14288
14289
14290
14286
14287
14288
14284
14285
14286
14284
14285
14286
14286
14287
14288
14246
14247
14248
14212
14213
14214
14214
14215
14216
14216
14217
14218
14218
14219
14220
14219
14220
14221
14220
14221
14222
14219
14220
14221
14221
14222
14223
14219
14220
14221
14221
14222
14223
14219
14220
14221
14221
14222
14223
14220
14221
14222
14222
14223
14224
14221
14222
14223
14223
14224
14225
14225
14226
14227
14226
14227
14228
14227
14228
14229
14229
14230
14231
14231
14232
14233
14233
14234
14235
14233
14234
14235
14235
14236
14237
14237
14238
14239
14236
14237
14238
14236
14237
14238
14238
14239
14240
14211
14212
14213
14204
14205
14206
14203
14204
14205
14204
14205
14206
14206
14207
14208
14207
14208
14209
14202
14203
14204
14192
14193
14194
14194
14195
14196
14196
14197
14198
14190
14191
14192
14191
14192
14193
14191
14192
14193
14193
14194
14195
14194
14195
14196
14196
14197
14198
14197
14198
14199
14199
14200
14201
14201
14202
14203
14199
14200
14201
14199
14200
14201
14201
14202
14203
14203
14204
14205
14205
14206
14207
14207
14208
14209
14207
14208
14209
14181
14182
14183
14183
14184
14185
14185
14186
14187
14187
14188
14189
14188
14189
14190
14189
14190
14191
14191
14192
14193
14193
14194
14195
14195
14196
14197
14196
14197
14198
14193
14194
14195
14195
14196
14197
14196
14197
14198
14194
14195
14196
14196
14197
14198
14198
14199
14200
14197
14198
14199
14197
14198
14199
14196
14197
14198
14198
14199
14200
14195
14196
14197
14197
14198
14199
14196
14197
14198
14191
14192
14193
14193
14194
14195
14191
14192
14193
14192
14193
14194
14194
14195
14196
14194
14195
14196
14196
14197
14198
14198
14199
14200
14199
14200
14201
14201
14202
14203
14202
14203
14204
14188
14189
14190
14184
14185
14186
14186
14187
14188
14188
14189
14190
14189
14190
14191
14190
14191
14192
14192
14193
14194
14193
14194
14195
14153
14154
14155
14155
14156
14157
14152
14153
14154
14154
14155
14156
14156
14157
14158
14142
14143
14144
14142
14143
14144
14143
14144
14145
14144
14145
14146
14146
14147
14148
14147
14148
14149
14140
14141
14142
14141
14142
14143
14142
14143
14144
14142
14143
14144
14144
14145
14146
14143
14144
14145
14145
14146
14147
14147
14148
14149
14149
14150
14151
14151
14152
14153
14153
14154
14155
14151
14152
14153
14150
14151
14152
14152
14153
14154
14153
14154
14155
14150
14151
14152
14152
14153
14154
14154
14155
14156
14156
14157
14158
14158
14159
14160
14160
14161
14162
14162
14163
14164
14163
14164
14165
14164
14165
14166
14166
14167
14168
14168
14169
14170
14170
14171
14172
14171
14172
14173
14172
14173
14174
14173
14174
14175
14175
14176
14177
14177
14178
14179
14179
14180
14181
14180
14181
14182
14178
14179
14180
14171
14172
14173
14173
14174
14175
14175
14176
14177
14177
14178
14179
14179
14180
14181
14179
14180
14181
14181
14182
14183
14170
14171
14172
14167
14168
14169
14167
14168
14169
14168
14169
14170
14168
14169
14170
14165
14166
14167
14166
14167
14168
14165
14166
14167
14166
14167
14168
14166
14167
14168
14167
14168
14169
14169
14170
14171
14169
14170
14171
14171
14172
14173
14165
14166
14167
14158
14159
14160
14160
14161
14162
14158
14159
14160
14160
14161
14162
14162
14163
14164
14164
14165
14166
14166
14167
14168
14168
14169
14170
14169
14170
14171
14171
14172
14173
14173
14174
14175
14172
14173
14174
14160
14161
14162
14150
14151
14152
14151
14152
14153
14153
14154
14155
14150
14151
14152
14152
14153
14154
14152
14153
14154
14148
14149
14150
14150
14151
14152
14149
14150
14151
14132
14133
14134
14134
14135
14136
14136
14137
14138
14137
14138
14139
14137
14138
14139
14139
14140
14141
14141
14142
14143
14142
14143
14144
14143
14144
14145
14144
14145
14146
14145
14146
14147
14147
14148
14149
14146
14147
14148
14143
14144
14145
14144
14145
14146
14146
14147
14148
14148
14149
14150
14148
14149
14150
14150
14151
14152
14151
14152
14153
14153
14154
14155
14155
14156
14157
14153
14154
14155
14153
14154
14155
14139
14140
14141
14140
14141
14142
14134
14135
14136
14123
14124
14125
14118
14119
14120
14106
14107
14108
14103
14104
14105
14104
14105
14106
14103
14104
14105
14103
14104
14105
14105
14106
14107
14107
14108
14109
14088
14089
14090
14090
14091
14092
14080
14081
14082
14081
14082
14083
14082
14083
14084
14067
14068
14069
14063
14064
14065
14062
14063
14064
14064
14065
14066
14065
14066
14067
14066
14067
14068
14068
14069
14070
14069
14070
14071
14071
14072
14073
14072
14073
14074
14074
14075
14076
14076
14077
14078
14078
14079
14080
14080
14081
14082
14082
14083
14084
14084
14085
14086
14086
14087
14088
14088
14089
14090
14088
14089
14090
14087
14088
14089
14081
14082
14083
14060
14061
14062
14062
14063
14064
14064
14065
14066
14066
14067
14068
14057
14058
14059
14054
14055
14056
14056
14057
14058
14052
14053
14054
14054
14055
14056
14056
14057
14058
14058
14059
14060
14060
14061
14062
14061
14062
14063
14063
14064
14065
14038
14039
14040
14040
14041
14042
14039
14040
14041
14039
14040
14041
14039
14040
14041
14038
14039
14040
14040
14041
14042
13997
13998
13999
13999
14000
14001
14001
14002
14003
14002
14003
14004
14004
14005
14006
14004
14005
14006
13969
13970
13971
13969
13970
13971
13971
13972
13973
13973
13974
13975
13975
13976
13977
13977
13978
13979
13976
13977
13978
13976
13977
13978
13978
13979
13980
13976
13977
13978
13966
13967
13968
13968
13969
13970
13970
13971
13972
13972
13973
13974
13974
13975
13976
13976
13977
13978
13969
13970
13971
13970
13971
13972
13972
13973
13974
13968
13969
13970
13970
13971
13972
13972
13973
13974
13974
13975
13976
13976
13977
13978
13973
13974
13975
13974
13975
13976
13976
13977
13978
13976
13977
13978
13969
13970
13971
13970
13971
13972
13972
13973
13974
13974
13975
13976
13971
13972
13973
13971
13972
13973
13913
13914
13915
13914
13915
13916
13912
13913
13914
13913
13914
13915
13915
13916
13917
13915
13916
13917
13917
13918
13919
13917
13918
13919
13919
13920
13921
13921
13922
13923
13923
13924
13925
13925
13926
13927
13920
13921
13922
13922
13923
13924
13922
13923
13924
13922
13923
13924
13924
13925
13926
13925
13926
13927
13927
13928
13929
13929
13930
13931
13929
13930
13931
13931
13932
13933
13933
13934
13935
13935
13936
13937
13937
13938
13939
13939
13940
13941
13941
13942
13943
13943
13944
13945
13945
13946
13947
13947
13948
13949
13949
13950
13951
13950
13951
13952
13951
13952
13953
13939
13940
13941
13938
13939
13940
13938
13939
13940
13939
13940
13941
13940
13941
13942
13941
13942
13943
13943
13944
13945
13945
13946
13947
13947
13948
13949
13948
13949
13950
13950
13951
13952
13952
13953
13954
13954
13955
13956
13956
13957
13958
13955
13956
13957
13953
13954
13955
13955
13956
13957
13957
13958
13959
13955
13956
13957
13957
13958
13959
13954
13955
13956
13956
13957
13958
13950
13951
13952
13949
13950
13951
13951
13952
13953
13943
13944
13945
13943
13944
13945
13945
13946
13947
13946
13947
13948
13948
13949
13950
13950
13951
13952
13952
13953
13954
13954
13955
13956
13956
13957
13958
13958
13959
13960
13960
13961
13962
13933
13934
13935
13935
13936
13937
13937
13938
13939
13934
13935
13936
13936
13937
13938
13934
13935
13936
13935
13936
13937
13935
13936
13937
13937
13938
13939
13938
13939
13940
13938
13939
13940
13940
13941
13942
13938
13939
13940
13916
13917
13918
13917
13918
13919
13909
13910
13911
13911
13912
13913
13908
13909
13910
13909
13910
13911
13906
13907
13908
13908
13909
13910
13909
13910
13911
13900
13901
13902
13902
13903
13904
13904
13905
13906
13906
13907
13908
13904
13905
13906
13905
13906
13907
13907
13908
13909
13909
13910
13911
13910
13911
13912
13910
13911
13912
13912
13913
13914
13906
13907
13908
13904
13905
13906
13905
13906
13907
13907
13908
13909
13909
13910
13911
13908
13909
13910
13898
13899
13900
13860
13861
13862
13859
13860
13861
13861
13862
13863
13859
13860
13861
13861
13862
13863
13860
13861
13862
13856
13857
13858
13857
13858
13859
13858
13859
13860
13860
13861
13862
13862
13863
13864
13861
13862
13863
13863
13864
13865
13865
13866
13867
13867
13868
13869
13869
13870
13871
13871
13872
13873
13873
13874
13875
13872
13873
13874
13874
13875
13876
13875
13876
13877
13865
13866
13867
13867
13868
13869
13857
13858
13859
13853
13854
13855
13854
13855
13856
13856
13857
13858
13858
13859
13860
13858
13859
13860
13860
13861
13862
13860
13861
13862
13851
13852
13853
13853
13854
13855
13855
13856
13857
13857
13858
13859
13858
13859
13860
13859
13860
13861
13857
13858
13859
13857
13858
13859
13859
13860
13861
13861
13862
13863
13862
13863
13864
13862
13863
13864
13864
13865
13866
13865
13866
13867
13848
13849
13850
13849
13850
13851
13850
13851
13852
13852
13853
13854
13854
13855
13856
13856
13857
13858
13856
13857
13858
13852
13853
13854
13854
13855
13856
13856
13857
13858
13857
13858
13859
13859
13860
13861
13860
13861
13862
13857
13858
13859
13859
13860
13861
13859
13860
13861
13861
13862
13863
13862
13863
13864
13864
13865
13866
13860
13861
13862
13862
13863
13864
13864
13865
13866
13866
13867
13868
13868
13869
13870
13870
13871
13872
13872
13873
13874
13874
13875
13876
13875
13876
13877
13877
13878
13879
13876
13877
13878
13878
13879
13880
13871
13872
13873
13863
13864
13865
13864
13865
13866
13857
13858
13859
13859
13860
13861
13861
13862
13863
13862
13863
13864
13862
13863
13864
13864
13865
13866
13865
13866
13867
13867
13868
13869
13869
13870
13871
13865
13866
13867
13814
13815
13816
13816
13817
13818
13818
13819
13820
13816
13817
13818
13818
13819
13820
13815
13816
13817
13817
13818
13819
13819
13820
13821
13821
13822
13823
13823
13824
13825
13822
13823
13824
13824
13825
13826
13822
13823
13824
13824
13825
13826
13823
13824
13825
13824
13825
13826
13826
13827
13828
13828
13829
13830
13825
13826
13827
13826
13827
13828
13825
13826
13827
13827
13828
13829
13828
13829
13830
13829
13830
13831
13827
13828
13829
13827
13828
13829
13827
13828
13829
13827
13828
13829
13829
13830
13831
13831
13832
13833
13833
13834
13835
13834
13835
13836
13836
13837
13838
13835
13836
13837
13831
13832
13833
13833
13834
13835
13834
13835
13836
13827
13828
13829
13827
13828
13829
13829
13830
13831
13831
13832
13833
13812
13813
13814
13814
13815
13816
13816
13817
13818
13818
13819
13820
13820
13821
13822
13809
13810
13811
13811
13812
13813
13812
13813
13814
13813
13814
13815
13815
13816
13817
13811
13812
13813
13813
13814
13815
13814
13815
13816
13816
13817
13818
13818
13819
13820
13818
13819
13820
13817
13818
13819
13816
13817
13818
13789
13790
13791
13791
13792
13793
13787
13788
13789
13785
13786
13787
13786
13787
13788
13788
13789
13790
13785
13786
13787
13778
13779
13780
13776
13777
13778
13773
13774
13775
13775
13776
13777
13777
13778
13779
13779
13780
13781
13779
13780
13781
13776
13777
13778
13778
13779
13780
13780
13781
13782
13782
13783
13784
13780
13781
13782
13782
13783
13784
13783
13784
13785
13785
13786
13787
13765
13766
13767
13767
13768
13769
13768
13769
13770
13770
13771
13772
13772
13773
13774
13773
13774
13775
13775
13776
13777
13776
13777
13778
13777
13778
13779
13778
13779
13780
13775
13776
13777
13777
13778
13779
13775
13776
13777
13775
13776
13777
13769
13770
13771
13765
13766
13767
13767
13768
13769
13763
13764
13765
13765
13766
13767
13766
13767
13768
13768
13769
13770
13770
13771
13772
13770
13771
13772
13764
13765
13766
13766
13767
13768
13766
13767
13768
13768
13769
13770
13768
13769
13770
13770
13771
13772
13768
13769
13770
13767
13768
13769
13769
13770
13771
13769
13770
13771
13771
13772
13773
13770
13771
13772
13771
13772
13773
13772
13773
13774
13761
13762
13763
13760
13761
13762
13755
13756
13757
13757
13758
13759
13758
13759
13760
13760
13761
13762
13761
13762
13763
13762
13763
13764
13764
13765
13766
13763
13764
13765
13764
13765
13766
13764
13765
13766
13751
13752
13753
13746
13747
13748
13747
13748
13749
13746
13747
13748
13746
13747
13748
13748
13749
13750
13746
13747
13748
13748
13749
13750
13750
13751
13752
13749
13750
13751
13749
13750
13751
13749
13750
13751
13749
13750
13751
13750
13751
13752
13740
13741
13742
13727
13728
13729
13727
13728
13729
13728
13729
13730
13730
13731
13732
13728
13729
13730
13699
13700
13701
13701
13702
13703
13703
13704
13705
13705
13706
13707
13707
13708
13709
13709
13710
13711
13695
13696
13697
13695
13696
13697
13695
13696
13697
13686
13687
13688
13688
13689
13690
13687
13688
13689
13682
13683
13684
13683
13684
13685
13685
13686
13687
13687
13688
13689
13688
13689
13690
13686
13687
13688
13683
13684
13685
13685
13686
13687
13681
13682
13683
13673
13674
13675
13672
13673
13674
13674
13675
13676
13676
13677
13678
13678
13679
13680
13676
13677
13678
13677
13678
13679
13677
13678
13679
13677
13678
13679
13679
13680
13681
13681
13682
13683
13681
13682
13683
13682
13683
13684
13683
13684
13685
13682
13683
13684
13683
13684
13685
13683
13684
13685
13683
13684
13685
13685
13686
13687
13685
13686
13687
13685
13686
13687
13683
13684
13685
13682
13683
13684
13683
13684
13685
13685
13686
13687
13686
13687
13688
13680
13681
13682
13679
13680
13681
13681
13682
13683
13680
13681
13682
13682
13683
13684
13678
13679
13680
13680
13681
13682
13682
13683
13684
13680
13681
13682
13682
13683
13684
13684
13685
13686
13686
13687
13688
13684
13685
13686
13679
13680
13681
13681
13682
13683
13680
13681
13682
13676
13677
13678
13674
13675
13676
13666
13667
13668
13668
13669
13670
13668
13669
13670
13670
13671
13672
13672
13673
13674
13671
13672
13673
13673
13674
13675
13655
13656
13657
13657
13658
13659
13659
13660
13661
13660
13661
13662
13662
13663
13664
13664
13665
13666
13666
13667
13668
13668
13669
13670
13664
13665
13666
13664
13665
13666
13665
13666
13667
13667
13668
13669
13621
13622
13623
13615
13616
13617
13617
13618
13619
13617
13618
13619
13617
13618
13619
13619
13620
13621
13621
13622
13623
13622
13623
13624
13624
13625
13626
13626
13627
13628
13628
13629
13630
13629
13630
13631
13630
13631
13632
13632
13633
13634
13634
13635
13636
13636
13637
13638
13638
13639
13640
13640
13641
13642
13631
13632
13633
13633
13634
13635
13632
13633
13634
13633
13634
13635
13635
13636
13637
13637
13638
13639
13639
13640
13641
13639
13640
13641
13639
13640
13641
13640
13641
13642
13642
13643
13644
13643
13644
13645
13645
13646
13647
13646
13647
13648
13648
13649
13650
13648
13649
13650
13635
13636
13637
13630
13631
13632
13632
13633
13634
13634
13635
13636
13635
13636
13637
13613
13614
13615
13614
13615
13616
13614
13615
13616
13613
13614
13615
13615
13616
13617
13616
13617
13618
13618
13619
13620
13615
13616
13617
13617
13618
13619
13618
13619
13620
13620
13621
13622
13620
13621
13622
13622
13623
13624
13620
13621
13622
13622
13623
13624
13609
13610
13611
13611
13612
13613
13613
13614
13615
13568
13569
13570
13570
13571
13572
13567
13568
13569
13564
13565
13566
13566
13567
13568
13568
13569
13570
13570
13571
13572
13568
13569
13570
13569
13570
13571
13571
13572
13573
13573
13574
13575
13575
13576
13577
13572
13573
13574
13572
13573
13574
13558
13559
13560
13560
13561
13562
13534
13535
13536
13534
13535
13536
13529
13530
13531
13530
13531
13532
13532
13533
13534
13534
13535
13536
13519
13520
13521
13521
13522
13523
13520
13521
13522
13522
13523
13524
13524
13525
13526
13526
13527
13528
13528
13529
13530
13530
13531
13532
13530
13531
13532
13531
13532
13533
13533
13534
13535
13534
13535
13536
13532
13533
13534
13534
13535
13536
13535
13536
13537
13537
13538
13539
13527
13528
13529
13529
13530
13531
13516
13517
13518
13514
13515
13516
13516
13517
13518
13499
13500
13501
13501
13502
13503
13500
13501
13502
13497
13498
13499
13499
13500
13501
13500
13501
13502
13501
13502
13503
13503
13504
13505
13504
13505
13506
13506
13507
13508
13498
13499
13500
13499
13500
13501
13501
13502
13503
13500
13501
13502
13499
13500
13501
13501
13502
13503
13502
13503
13504
13504
13505
13506
13506
13507
13508
13504
13505
13506
13503
13504
13505
13505
13506
13507
13507
13508
13509
13507
13508
13509
13509
13510
13511
13510
13511
13512
13510
13511
13512
13511
13512
13513
13512
13513
13514
13497
13498
13499
13499
13500
13501
13501
13502
13503
13502
13503
13504
13502
13503
13504
13504
13505
13506
13506
13507
13508
13508
13509
13510
13510
13511
13512
13476
13477
13478
13478
13479
13480
13480
13481
13482
13477
13478
13479
13478
13479
13480
13480
13481
13482
13482
13483
13484
13484
13485
13486
13470
13471
13472
13471
13472
13473
13470
13471
13472
13472
13473
13474
13473
13474
13475
13475
13476
13477
13477
13478
13479
13475
13476
13477
13477
13478
13479
13479
13480
13481
13479
13480
13481
13478
13479
13480
13480
13481
13482
13467
13468
13469
13461
13462
13463
13463
13464
13465
13465
13466
13467
13432
13433
13434
13433
13434
13435
13435
13436
13437
13437
13438
13439
13439
13440
13441
13441
13442
13443
13440
13441
13442
13437
13438
13439
13439
13440
13441
13441
13442
13443
13443
13444
13445
13445
13446
13447
13446
13447
13448
13448
13449
13450
13450
13451
13452
13452
13453
13454
13452
13453
13454
13444
13445
13446
13446
13447
13448
13445
13446
13447
13431
13432
13433
13433
13434
13435
13435
13436
13437
13422
13423
13424
13423
13424
13425
13418
13419
13420
13420
13421
13422
13421
13422
13423
13423
13424
13425
13425
13426
13427
13426
13427
13428
13428
13429
13430
13425
13426
13427
13427
13428
13429
13429
13430
13431
13430
13431
13432
13432
13433
13434
13434
13435
13436
13435
13436
13437
13436
13437
13438
13435
13436
13437
13437
13438
13439
13437
13438
13439
13431
13432
13433
13432
13433
13434
13427
13428
13429
13429
13430
13431
13430
13431
13432
13431
13432
13433
13433
13434
13435
13435
13436
13437
13432
13433
13434
13434
13435
13436
13436
13437
13438
13429
13430
13431
13431
13432
13433
13433
13434
13435
13435
13436
13437
13437
13438
13439
13435
13436
13437
13429
13430
13431
13429
13430
13431
13431
13432
13433
13433
13434
13435
13435
13436
13437
13437
13438
13439
13426
13427
13428
13426
13427
13428
13426
13427
13428
13426
13427
13428
13424
13425
13426
13426
13427
13428
13424
13425
13426
13410
13411
13412
13412
13413
13414
13412
13413
13414
13414
13415
13416
13407
13408
13409
13409
13410
13411
13398
13399
13400
13399
13400
13401
13401
13402
13403
13399
13400
13401
13400
13401
13402
13401
13402
13403
13397
13398
13399
13389
13390
13391
13391
13392
13393
13393
13394
13395
13395
13396
13397
13391
13392
13393
13393
13394
13395
13384
13385
13386
13386
13387
13388
13387
13388
13389
13389
13390
13391
13391
13392
13393
13393
13394
13395
13395
13396
13397
13393
13394
13395
13394
13395
13396
13393
13394
13395
13394
13395
13396
13395
13396
13397
13394
13395
13396
13377
13378
13379
13379
13380
13381
13381
13382
13383
13383
13384
13385
13385
13386
13387
13385
13386
13387
13387
13388
13389
13389
13390
13391
13382
13383
13384
13381
13382
13383
13382
13383
13384
13383
13384
13385
13385
13386
13387
13386
13387
13388
13386
13387
13388
13386
13387
13388
13376
13377
13378
13376
13377
13378
13371
13372
13373
13372
13373
13374
13374
13375
13376
13375
13376
13377
13376
13377
13378
13378
13379
13380
13380
13381
13382
13382
13383
13384
13384
13385
13386
13386
13387
13388
13387
13388
13389
13389
13390
13391
13359
13360
13361
13361
13362
13363
13361
13362
13363
13361
13362
13363
13363
13364
13365
13365
13366
13367
13366
13367
13368
13368
13369
13370
13363
13364
13365
13355
13356
13357
13325
13326
13327
13326
13327
13328
13326
13327
13328
13327
13328
13329
13327
13328
13329
13322
13323
13324
13313
13314
13315
13315
13316
13317
13316
13317
13318
13317
13318
13319
13319
13320
13321
13321
13322
13323
13322
13323
13324
13324
13325
13326
13272
13273
13274
13273
13274
13275
13275
13276
13277
13268
13269
13270
13270
13271
13272
13272
13273
13274
13269
13270
13271
13261
13262
13263
13263
13264
13265
13263
13264
13265
13264
13265
13266
13266
13267
13268
13268
13269
13270
13266
13267
13268
13268
13269
13270
13269
13270
13271
13271
13272
13273
13273
13274
13275
13270
13271
13272
13271
13272
13273
13272
13273
13274
13274
13275
13276
13276
13277
13278
13277
13278
13279
13279
13280
13281
13281
13282
13283
13278
13279
13280
13276
13277
13278
13278
13279
13280
13280
13281
13282
13282
13283
13284
13277
13278
13279
13279
13280
13281
13281
13282
13283
13283
13284
13285
13285
13286
13287
13285
13286
13287
13287
13288
13289
13287
13288
13289
13288
13289
13290
13290
13291
13292
13292
13293
13294
13289
13290
13291
13291
13292
13293
13290
13291
13292
13292
13293
13294
13292
13293
13294
13292
13293
13294
13294
13295
13296
13295
13296
13297
13297
13298
13299
13298
13299
13300
13300
13301
13302
13302
13303
13304
13304
13305
13306
13306
13307
13308
13308
13309
13310
13310
13311
13312
13308
13309
13310
13310
13311
13312
13306
13307
13308
13308
13309
13310
13310
13311
13312
13311
13312
13313
13313
13314
13315
13314
13315
13316
13316
13317
13318
13318
13319
13320
13320
13321
13322
13320
13321
13322
13300
13301
13302
13301
13302
13303
13303
13304
13305
13305
13306
13307
13275
13276
13277
13277
13278
13279
13277
13278
13279
13277
13278
13279
13279
13280
13281
13280
13281
13282
13282
13283
13284
13278
13279
13280
13279
13280
13281
13270
13271
13272
13272
13273
13274
13273
13274
13275
13275
13276
13277
13277
13278
13279
13279
13280
13281
13281
13282
13283
13283
13284
13285
13283
13284
13285
13285
13286
13287
13287
13288
13289
13289
13290
13291
13288
13289
13290
13290
13291
13292
13292
13293
13294
13293
13294
13295
13289
13290
13291
13290
13291
13292
13286
13287
13288
13288
13289
13290
13290
13291
13292
13286
13287
13288
13288
13289
13290
13290
13291
13292
13277
13278
13279
13278
13279
13280
13280
13281
13282
13282
13283
13284
13283
13284
13285
13281
13282
13283
13282
13283
13284
13284
13285
13286
13285
13286
13287
13285
13286
13287
13287
13288
13289
13289
13290
13291
13291
13292
13293
13292
13293
13294
13294
13295
13296
13293
13294
13295
13295
13296
13297
13297
13298
13299
13299
13300
13301
13300
13301
13302
13302
13303
13304
13301
13302
13303
13303
13304
13305
13268
13269
13270
13269
13270
13271
13271
13272
13273
13269
13270
13271
13271
13272
13273
13273
13274
13275
13273
13274
13275
13267
13268
13269
13269
13270
13271
13271
13272
13273
13273
13274
13275
13275
13276
13277
13275
13276
13277
13266
13267
13268
13266
13267
13268
13268
13269
13270
13270
13271
13272
13258
13259
13260
13255
13256
13257
13256
13257
13258
13249
13250
13251
13247
13248
13249
13247
13248
13249
13232
13233
13234
13229
13230
13231
13231
13232
13233
13230
13231
13232
13232
13233
13234
13233
13234
13235
13235
13236
13237
13237
13238
13239
13239
13240
13241
13241
13242
13243
13235
13236
13237
13237
13238
13239
13210
13211
13212
13207
13208
13209
13208
13209
13210
13209
13210
13211
13210
13211
13212
13212
13213
13214
13214
13215
13216
13214
13215
13216
13210
13211
13212
13211
13212
13213
13213
13214
13215
13215
13216
13217
13217
13218
13219
13219
13220
13221
13218
13219
13220
13219
13220
13221
13219
13220
13221
13216
13217
13218
13180
13181
13182
13170
13171
13172
13172
13173
13174
13174
13175
13176
13176
13177
13178
13178
13179
13180
13174
13175
13176
13176
13177
13178
13178
13179
13180
13177
13178
13179
13179
13180
13181
13178
13179
13180
13171
13172
13173
13165
13166
13167
13153
13154
13155
13155
13156
13157
13153
13154
13155
13155
13156
13157
13157
13158
13159
13156
13157
13158
13158
13159
13160
13158
13159
13160
13160
13161
13162
13157
13158
13159
13159
13160
13161
13161
13162
13163
13161
13162
13163
13163
13164
13165
13163
13164
13165
13165
13166
13167
13167
13168
13169
13168
13169
13170
13169
13170
13171
13169
13170
13171
13171
13172
13173
13172
13173
13174
13174
13175
13176
13176
13177
13178
13178
13179
13180
13179
13180
13181
13181
13182
13183
13183
13184
13185
13185
13186
13187
13186
13187
13188
13188
13189
13190
13190
13191
13192
13191
13192
13193
13192
13193
13194
13186
13187
13188
13188
13189
13190
13188
13189
13190
13190
13191
13192
13178
13179
13180
13177
13178
13179
13179
13180
13181
13181
13182
13183
13183
13184
13185
13182
13183
13184
13183
13184
13185
13185
13186
13187
13186
13187
13188
13187
13188
13189
13140
13141
13142
13142
13143
13144
13133
13134
13135
13130
13131
13132
13132
13133
13134
13134
13135
13136
13130
13131
13132
13131
13132
13133
13133
13134
13135
13134
13135
13136
13134
13135
13136
13135
13136
13137
13131
13132
13133
13130
13131
13132
13131
13132
13133
13133
13134
13135
13130
13131
13132
13120
13121
13122
13107
13108
13109
13099
13100
13101
13094
13095
13096
13096
13097
13098
13098
13099
13100
13095
13096
13097
13097
13098
13099
13097
13098
13099
13099
13100
13101
13101
13102
13103
13097
13098
13099
13099
13100
13101
13100
13101
13102
13102
13103
13104
13104
13105
13106
13106
13107
13108
13108
13109
13110
13108
13109
13110
13110
13111
13112
13112
13113
13114
13065
13066
13067
13065
13066
13067
13067
13068
13069
13069
13070
13071
13071
13072
13073
13073
13074
13075
13070
13071
13072
13072
13073
13074
13074
13075
13076
13076
13077
13078
13078
13079
13080
13073
13074
13075
13072
13073
13074
13074
13075
13076
13060
13061
13062
13051
13052
13053
13050
13051
13052
13052
13053
13054
13052
13053
13054
13054
13055
13056
13056
13057
13058
13056
13057
13058
13057
13058
13059
13059
13060
13061
13061
13062
13063
13058
13059
13060
13060
13061
13062
13062
13063
13064
13064
13065
13066
13065
13066
13067
13065
13066
13067
13067
13068
13069
13063
13064
13065
13060
13061
13062
13062
13063
13064
13061
13062
13063
13063
13064
13065
13064
13065
13066
13065
13066
13067
13067
13068
13069
13069
13070
13071
13071
13072
13073
13062
13063
13064
13049
13050
13051
13047
13048
13049
13048
13049
13050
13050
13051
13052
13052
13053
13054
13053
13054
13055
13054
13055
13056
13055
13056
13057
13055
13056
13057
13056
13057
13058
13055
13056
13057
13055
13056
13057
13057
13058
13059
13045
13046
13047
13045
13046
13047
13044
13045
13046
13045
13046
13047
13047
13048
13049
13046
13047
13048
13040
13041
13042
13040
13041
13042
13041
13042
13043
13043
13044
13045
13028
13029
13030
13030
13031
13032
13032
13033
13034
13034
13035
13036
13034
13035
13036
13036
13037
13038
13038
13039
13040
13037
13038
13039
13036
13037
13038
13038
13039
13040
13040
13041
13042
13042
13043
13044
13033
13034
13035
13033
13034
13035
13035
13036
13037
13037
13038
13039
13039
13040
13041
13039
13040
13041
13039
13040
13041
13041
13042
13043
13043
13044
13045
13045
13046
13047
13047
13048
13049
13049
13050
13051
13049
13050
13051
13051
13052
13053
13053
13054
13055
13051
13052
13053
13053
13054
13055
13055
13056
13057
13008
13009
13010
13010
13011
13012
13010
13011
13012
13012
13013
13014
13014
13015
13016
13015
13016
13017
13017
13018
13019
13019
13020
13021
13007
13008
13009
13009
13010
13011
13007
13008
13009
13008
13009
13010
13005
13006
13007
13007
13008
13009
13009
13010
13011
13007
13008
13009
13009
13010
13011
13011
13012
13013
13013
13014
13015
13011
13012
13013
13012
13013
13014
13014
13015
13016
12992
12993
12994
12994
12995
12996
12956
12957
12958
12958
12959
12960
12960
12961
12962
12952
12953
12954
12950
12951
12952
12938
12939
12940
12940
12941
12942
12942
12943
12944
12943
12944
12945
12918
12919
12920
12905
12906
12907
12905
12906
12907
12907
12908
12909
12909
12910
12911
12911
12912
12913
12911
12912
12913
12912
12913
12914
12909
12910
12911
12911
12912
12913
12911
12912
12913
12913
12914
12915
12910
12911
12912
12912
12913
12914
12913
12914
12915
12898
12899
12900
12898
12899
12900
12898
12899
12900
12898
12899
12900
12900
12901
12902
12902
12903
12904
12901
12902
12903
12903
12904
12905
12905
12906
12907
12903
12904
12905
12903
12904
12905
12905
12906
12907
12907
12908
12909
12909
12910
12911
12911
12912
12913
12912
12913
12914
12914
12915
12916
12915
12916
12917
12914
12915
12916
12910
12911
12912
12912
12913
12914
12912
12913
12914
12912
12913
12914
12914
12915
12916
12914
12915
12916
12916
12917
12918
12918
12919
12920
12920
12921
12922
12922
12923
12924
12924
12925
12926
12926
12927
12928
12927
12928
12929
12929
12930
12931
12928
12929
12930
12930
12931
12932
12927
12928
12929
12905
12906
12907
12905
12906
12907
12904
12905
12906
12906
12907
12908
12907
12908
12909
12909
12910
12911
12910
12911
12912
12912
12913
12914
12912
12913
12914
12914
12915
12916
12914
12915
12916
12913
12914
12915
12914
12915
12916
12913
12914
12915
12912
12913
12914
12914
12915
12916
12915
12916
12917
12916
12917
12918
12918
12919
12920
12920
12921
12922
12921
12922
12923
12921
12922
12923
12923
12924
12925
12922
12923
12924
12924
12925
12926
12926
12927
12928
12927
12928
12929
12929
12930
12931
12931
12932
12933
12933
12934
12935
12935
12936
12937
12936
12937
12938
12938
12939
12940
12932
12933
12934
12934
12935
12936
12936
12937
12938
12901
12902
12903
12899
12900
12901
12901
12902
12903
12903
12904
12905
12904
12905
12906
12906
12907
12908
12906
12907
12908
12907
12908
12909
12892
12893
12894
12885
12886
12887
12886
12887
12888
12886
12887
12888
12888
12889
12890
12882
12883
12884
12884
12885
12886
12885
12886
12887
12881
12882
12883
12881
12882
12883
12864
12865
12866
12866
12867
12868
12866
12867
12868
12868
12869
12870
12870
12871
12872
12872
12873
12874
12872
12873
12874
12861
12862
12863
12863
12864
12865
12863
12864
12865
12859
12860
12861
12861
12862
12863
12863
12864
12865
12865
12866
12867
12862
12863
12864
12864
12865
12866
12865
12866
12867
12867
12868
12869
12869
12870
12871
12870
12871
12872
12869
12870
12871
12870
12871
12872
12872
12873
12874
12874
12875
12876
12874
12875
12876
12876
12877
12878
12878
12879
12880
12878
12879
12880
12875
12876
12877
12866
12867
12868
12865
12866
12867
12867
12868
12869
12867
12868
12869
12869
12870
12871
12871
12872
12873
12866
12867
12868
12868
12869
12870
12840
12841
12842
12842
12843
12844
12844
12845
12846
12843
12844
12845
12830
12831
12832
12832
12833
12834
12834
12835
12836
12836
12837
12838
12838
12839
12840
12838
12839
12840
12837
12838
12839
12836
12837
12838
12837
12838
12839
12831
12832
12833
12833
12834
12835
12835
12836
12837
12836
12837
12838
12834
12835
12836
12836
12837
12838
12838
12839
12840
12839
12840
12841
12841
12842
12843
12841
12842
12843
12842
12843
12844
12835
12836
12837
12837
12838
12839
12839
12840
12841
12841
12842
12843
12843
12844
12845
12844
12845
12846
12844
12845
12846
12846
12847
12848
12847
12848
12849
12849
12850
12851
12850
12851
12852
12851
12852
12853
12853
12854
12855
12846
12847
12848
12847
12848
12849
12847
12848
12849
12849
12850
12851
12851
12852
12853
12851
12852
12853
12852
12853
12854
12854
12855
12856
12855
12856
12857
12857
12858
12859
12846
12847
12848
12847
12848
12849
12849
12850
12851
12851
12852
12853
12853
12854
12855
12855
12856
12857
12854
12855
12856
12855
12856
12857
12853
12854
12855
12846
12847
12848
12848
12849
12850
12850
12851
12852
12852
12853
12854
12852
12853
12854
12854
12855
12856
12856
12857
12858
12827
12828
12829
12829
12830
12831
12831
12832
12833
12832
12833
12834
12834
12835
12836
12834
12835
12836
12826
12827
12828
12826
12827
12828
12812
12813
12814
12811
12812
12813
12813
12814
12815
12814
12815
12816
12812
12813
12814
12814
12815
12816
12816
12817
12818
12815
12816
12817
12817
12818
12819
12819
12820
12821
12821
12822
12823
12821
12822
12823
12823
12824
12825
12810
12811
12812
12812
12813
12814
12808
12809
12810
12810
12811
12812
12812
12813
12814
12814
12815
12816
12816
12817
12818
12818
12819
12820
12820
12821
12822
12822
12823
12824
12824
12825
12826
12825
12826
12827
12777
12778
12779
12777
12778
12779
12776
12777
12778
12777
12778
12779
12778
12779
12780
12780
12781
12782
12782
12783
12784
12784
12785
12786
12785
12786
12787
12786
12787
12788
12785
12786
12787
12787
12788
12789
12788
12789
12790
12790
12791
12792
12792
12793
12794
12792
12793
12794
12794
12795
12796
12796
12797
12798
12796
12797
12798
12790
12791
12792
12792
12793
12794
12793
12794
12795
12795
12796
12797
12793
12794
12795
12795
12796
12797
12796
12797
12798
12797
12798
12799
12798
12799
12800
12800
12801
12802
12800
12801
12802
12797
12798
12799
12798
12799
12800
12800
12801
12802
12799
12800
12801
12800
12801
12802
12801
12802
12803
12803
12804
12805
12781
12782
12783
12783
12784
12785
12784
12785
12786
12781
12782
12783
12769
12770
12771
12771
12772
12773
12773
12774
12775
12725
12726
12727
12726
12727
12728
12724
12725
12726
12726
12727
12728
12728
12729
12730
12728
12729
12730
12714
12715
12716
12715
12716
12717
12680
12681
12682
12677
12678
12679
12679
12680
12681
12679
12680
12681
12681
12682
12683
12683
12684
12685
12680
12681
12682
12682
12683
12684
12684
12685
12686
12681
12682
12683
12683
12684
12685
12679
12680
12681
12681
12682
12683
12683
12684
12685
12685
12686
12687
12687
12688
12689
12687
12688
12689
12689
12690
12691
12691
12692
12693
12693
12694
12695
12688
12689
12690
12687
12688
12689
12687
12688
12689
12689
12690
12691
12689
12690
12691
12686
12687
12688
12675
12676
12677
12676
12677
12678
12678
12679
12680
12680
12681
12682
12681
12682
12683
12683
12684
12685
12685
12686
12687
12687
12688
12689
12689
12690
12691
12684
12685
12686
12685
12686
12687
12683
12684
12685
12685
12686
12687
12685
12686
12687
12687
12688
12689
12689
12690
12691
12688
12689
12690
12690
12691
12692
12692
12693
12694
12694
12695
12696
12696
12697
12698
12698
12699
12700
12692
12693
12694
12691
12692
12693
12690
12691
12692
12692
12693
12694
12687
12688
12689
12684
12685
12686
12686
12687
12688
12686
12687
12688
12680
12681
12682
12673
12674
12675
12675
12676
12677
12677
12678
12679
12669
12670
12671
12668
12669
12670
12669
12670
12671
12668
12669
12670
12669
12670
12671
12670
12671
12672
12672
12673
12674
12674
12675
12676
12676
12677
12678
12678
12679
12680
12680
12681
12682
12680
12681
12682
12682
12683
12684
12684
12685
12686
12652
12653
12654
12654
12655
12656
12654
12655
12656
12656
12657
12658
12643
12644
12645
12645
12646
12647
12647
12648
12649
12649
12650
12651
12651
12652
12653
12653
12654
12655
12655
12656
12657
12657
12658
12659
12659
12660
12661
12659
12660
12661
12660
12661
12662
12662
12663
12664
12662
12663
12664
12664
12665
12666
12664
12665
12666
12666
12667
12668
12668
12669
12670
12670
12671
12672
12671
12672
12673
12673
12674
12675
12675
12676
12677
12677
12678
12679
12679
12680
12681
12680
12681
12682
12681
12682
12683
12678
12679
12680
12680
12681
12682
12682
12683
12684
12665
12666
12667
12663
12664
12665
12660
12661
12662
12656
12657
12658
12657
12658
12659
12655
12656
12657
12657
12658
12659
12650
12651
12652
12649
12650
12651
12647
12648
12649
12646
12647
12648
12648
12649
12650
12649
12650
12651
12651
12652
12653
12653
12654
12655
12654
12655
12656
12656
12657
12658
12658
12659
12660
12658
12659
12660
12654
12655
12656
12656
12657
12658
12654
12655
12656
12638
12639
12640
12640
12641
12642
12612
12613
12614
12614
12615
12616
12613
12614
12615
12614
12615
12616
12615
12616
12617
12605
12606
12607
12607
12608
12609
12595
12596
12597
12597
12598
12599
12592
12593
12594
12594
12595
12596
12595
12596
12597
12597
12598
12599
12599
12600
12601
12598
12599
12600
12592
12593
12594
12591
12592
12593
12591
12592
12593
12593
12594
12595
12595
12596
12597
12591
12592
12593
12586
12587
12588
12587
12588
12589
12587
12588
12589
12589
12590
12591
12591
12592
12593
12592
12593
12594
12591
12592
12593
12581
12582
12583
12577
12578
12579
12577
12578
12579
12579
12580
12581
12580
12581
12582
12582
12583
12584
12583
12584
12585
12585
12586
12587
12587
12588
12589
12588
12589
12590
12590
12591
12592
12592
12593
12594
12594
12595
12596
12595
12596
12597
12592
12593
12594
12594
12595
12596
12595
12596
12597
12595
12596
12597
12597
12598
12599
12599
12600
12601
12601
12602
12603
12602
12603
12604
12604
12605
12606
12601
12602
12603
12584
12585
12586
12586
12587
12588
12588
12589
12590
12581
12582
12583
12583
12584
12585
12582
12583
12584
12584
12585
12586
12577
12578
12579
12575
12576
12577
12577
12578
12579
12576
12577
12578
12576
12577
12578
12577
12578
12579
12578
12579
12580
12580
12581
12582
12580
12581
12582
12582
12583
12584
12582
12583
12584
12579
12580
12581
12568
12569
12570
12569
12570
12571
12571
12572
12573
12572
12573
12574
12572
12573
12574
12567
12568
12569
12559
12560
12561
12561
12562
12563
12563
12564
12565
12565
12566
12567
12550
12551
12552
12544
12545
12546
12545
12546
12547
12547
12548
12549
12546
12547
12548
12548
12549
12550
12547
12548
12549
12547
12548
12549
12549
12550
12551
12551
12552
12553
12553
12554
12555
12552
12553
12554
12554
12555
12556
12555
12556
12557
12550
12551
12552
12552
12553
12554
12544
12545
12546
12546
12547
12548
12547
12548
12549
12546
12547
12548
12548
12549
12550
12550
12551
12552
12550
12551
12552
12552
12553
12554
12554
12555
12556
12546
12547
12548
12548
12549
12550
12550
12551
12552
12550
12551
12552
12545
12546
12547
12546
12547
12548
12548
12549
12550
12547
12548
12549
12500
12501
12502
12501
12502
12503
12501
12502
12503
12502
12503
12504
12504
12505
12506
12504
12505
12506
12506
12507
12508
12508
12509
12510
12510
12511
12512
12512
12513
12514
12509
12510
12511
12510
12511
12512
12511
12512
12513
12513
12514
12515
12510
12511
12512
12504
12505
12506
12505
12506
12507
12501
12502
12503
12500
12501
12502
12502
12503
12504
12504
12505
12506
12506
12507
12508
12505
12506
12507
12506
12507
12508
12505
12506
12507
12507
12508
12509
12509
12510
12511
12504
12505
12506
12505
12506
12507
12459
12460
12461
12461
12462
12463
12421
12422
12423
12419
12420
12421
12416
12417
12418
12418
12419
12420
12410
12411
12412
12411
12412
12413
12413
12414
12415
12414
12415
12416
12413
12414
12415
12414
12415
12416
12411
12412
12413
12413
12414
12415
12415
12416
12417
12409
12410
12411
12402
12403
12404
12403
12404
12405
12405
12406
12407
12407
12408
12409
12403
12404
12405
12404
12405
12406
12403
12404
12405
12364
12365
12366
12346
12347
12348
12348
12349
12350
12347
12348
12349
12346
12347
12348
12347
12348
12349
12342
12343
12344
12329
12330
12331
12330
12331
12332
12329
12330
12331
12330
12331
12332
12328
12329
12330
12330
12331
12332
12332
12333
12334
12333
12334
12335
12334
12335
12336
12335
12336
12337
12297
12298
12299
12299
12300
12301
12301
12302
12303
12303
12304
12305
12305
12306
12307
12307
12308
12309
12309
12310
12311
12310
12311
12312
12312
12313
12314
12314
12315
12316
12314
12315
12316
12314
12315
12316
12316
12317
12318
12301
12302
12303
12303
12304
12305
12305
12306
12307
12302
12303
12304
12303
12304
12305
12305
12306
12307
12305
12306
12307
12305
12306
12307
12305
12306
12307
12305
12306
12307
12307
12308
12309
12308
12309
12310
12309
12310
12311
12307
12308
12309
12309
12310
12311
12307
12308
12309
12309
12310
12311
12311
12312
12313
12313
12314
12315
12312
12313
12314
12314
12315
12316
12314
12315
12316
12311
12312
12313
12312
12313
12314
12314
12315
12316
12296
12297
12298
12294
12295
12296
12296
12297
12298
12298
12299
12300
12296
12297
12298
12266
12267
12268
12266
12267
12268
12264
12265
12266
12246
12247
12248
12248
12249
12250
12250
12251
12252
12252
12253
12254
12247
12248
12249
12247
12248
12249
12246
12247
12248
12245
12246
12247
12246
12247
12248
12246
12247
12248
12243
12244
12245
12243
12244
12245
12245
12246
12247
12247
12248
12249
12249
12250
12251
12251
12252
12253
12251
12252
12253
12253
12254
12255
12255
12256
12257
12257
12258
12259
12258
12259
12260
12260
12261
12262
12262
12263
12264
12263
12264
12265
12258
12259
12260
12258
12259
12260
12260
12261
12262
12262
12263
12264
12264
12265
12266
12264
12265
12266
12254
12255
12256
12251
12252
12253
12252
12253
12254
12254
12255
12256
12248
12249
12250
12234
12235
12236
12236
12237
12238
12238
12239
12240
12240
12241
12242
12242
12243
12244
12244
12245
12246
12241
12242
12243
12242
12243
12244
12243
12244
12245
12244
12245
12246
12246
12247
12248
12235
12236
12237
12237
12238
12239
12238
12239
12240
12239
12240
12241
12233
12234
12235
12234
12235
12236
12213
12214
12215
12215
12216
12217
12217
12218
12219
12219
12220
12221
12221
12222
12223
12223
12224
12225
12225
12226
12227
12227
12228
12229
12229
12230
12231
12228
12229
12230
12230
12231
12232
12228
12229
12230
12229
12230
12231
12231
12232
12233
12233
12234
12235
12234
12235
12236
12236
12237
12238
12238
12239
12240
12236
12237
12238
12238
12239
12240
12226
12227
12228
12211
12212
12213
12211
12212
12213
12213
12214
12215
12213
12214
12215
12215
12216
12217
12217
12218
12219
12217
12218
12219
12219
12220
12221
12220
12221
12222
12222
12223
12224
12220
12221
12222
12222
12223
12224
12224
12225
12226
12226
12227
12228
12228
12229
12230
12230
12231
12232
12232
12233
12234
12234
12235
12236
12228
12229
12230
12230
12231
12232
12232
12233
12234
12233
12234
12235
12235
12236
12237
12237
12238
12239
12239
12240
12241
12238
12239
12240
12240
12241
12242
12242
12243
12244
12244
12245
12246
12246
12247
12248
12247
12248
12249
12249
12250
12251
12251
12252
12253
12253
12254
12255
12254
12255
12256
12245
12246
12247
12243
12244
12245
12245
12246
12247
12247
12248
12249
12247
12248
12249
12248
12249
12250
12249
12250
12251
12251
12252
12253
12236
12237
12238
12235
12236
12237
12237
12238
12239
12238
12239
12240
12238
12239
12240
12192
12193
12194
12193
12194
12195
12194
12195
12196
12196
12197
12198
12198
12199
12200
12197
12198
12199
12199
12200
12201
12201
12202
12203
12203
12204
12205
12201
12202
12203
12203
12204
12205
12193
12194
12195
12195
12196
12197
12194
12195
12196
12196
12197
12198
12196
12197
12198
12197
12198
12199
12199
12200
12201
12201
12202
12203
12202
12203
12204
12200
12201
12202
12186
12187
12188
12188
12189
12190
12190
12191
12192
12192
12193
12194
12194
12195
12196
12195
12196
12197
12192
12193
12194
12192
12193
12194
12194
12195
12196
12184
12185
12186
12186
12187
12188
12188
12189
12190
12190
12191
12192
12192
12193
12194
12194
12195
12196
12195
12196
12197
12196
12197
12198
12198
12199
12200
12194
12195
12196
12196
12197
12198
12197
12198
12199
12198
12199
12200
12198
12199
12200
12174
12175
12176
12175
12176
12177
12177
12178
12179
12179
12180
12181
12178
12179
12180
12179
12180
12181
12179
12180
12181
12181
12182
12183
12183
12184
12185
12184
12185
12186
12183
12184
12185
12184
12185
12186
12186
12187
12188
12188
12189
12190
12189
12190
12191
12191
12192
12193
12185
12186
12187
12187
12188
12189
12187
12188
12189
12189
12190
12191
12189
12190
12191
12191
12192
12193
12193
12194
12195
12192
12193
12194
12194
12195
12196
12195
12196
12197
12197
12198
12199
12191
12192
12193
12192
12193
12194
12194
12195
12196
12195
12196
12197
12197
12198
12199
12198
12199
12200
12198
12199
12200
12198
12199
12200
12199
12200
12201
12201
12202
12203
12202
12203
12204
12204
12205
12206
12206
12207
12208
12208
12209
12210
12210
12211
12212
12212
12213
12214
12214
12215
12216
12213
12214
12215
12215
12216
12217
12216
12217
12218
12204
12205
12206
12185
12186
12187
12186
12187
12188
12184
12185
12186
12186
12187
12188
12175
12176
12177
12170
12171
12172
12172
12173
12174
12174
12175
12176
12175
12176
12177
12177
12178
12179
12179
12180
12181
12181
12182
12183
12183
12184
12185
12185
12186
12187
12187
12188
12189
12189
12190
12191
12185
12186
12187
12185
12186
12187
12186
12187
12188
12188
12189
12190
12177
12178
12179
12179
12180
12181
12181
12182
12183
12182
12183
12184
12183
12184
12185
12185
12186
12187
12182
12183
12184
12184
12185
12186
12151
12152
12153
12153
12154
12155
12154
12155
12156
12154
12155
12156
12156
12157
12158
12151
12152
12153
12153
12154
12155
12153
12154
12155
12155
12156
12157
12150
12151
12152
12151
12152
12153
12153
12154
12155
12136
12137
12138
12134
12135
12136
12133
12134
12135
12135
12136
12137
12137
12138
12139
12137
12138
12139
12139
12140
12141
12141
12142
12143
12143
12144
12145
12144
12145
12146
12128
12129
12130
12130
12131
12132
12132
12133
12134
12134
12135
12136
12136
12137
12138
12119
12120
12121
12111
12112
12113
12111
12112
12113
12113
12114
12115
12115
12116
12117
12115
12116
12117
12117
12118
12119
12118
12119
12120
12119
12120
12121
12120
12121
12122
12121
12122
12123
12121
12122
12123
12123
12124
12125
12122
12123
12124
12124
12125
12126
12126
12127
12128
12128
12129
12130
12130
12131
12132
12131
12132
12133
12132
12133
12134
12133
12134
12135
12133
12134
12135
12120
12121
12122
12092
12093
12094
12076
12077
12078
12078
12079
12080
12079
12080
12081
12079
12080
12081
12078
12079
12080
12078
12079
12080
12068
12069
12070
12070
12071
12072
12070
12071
12072
12071
12072
12073
12073
12074
12075
12075
12076
12077
12076
12077
12078
12078
12079
12080
12071
12072
12073
12071
12072
12073
12072
12073
12074
12074
12075
12076
12075
12076
12077
12077
12078
12079
12079
12080
12081
12081
12082
12083
12082
12083
12084
12084
12085
12086
12086
12087
12088
12088
12089
12090
12090
12091
12092
12083
12084
12085
12083
12084
12085
12082
12083
12084
12077
12078
12079
12079
12080
12081
12079
12080
12081
12081
12082
12083
12083
12084
12085
12079
12080
12081
12081
12082
12083
12083
12084
12085
12084
12085
12086
12085
12086
12087
12087
12088
12089
12087
12088
12089
12089
12090
12091
12091
12092
12093
12093
12094
12095
12094
12095
12096
12096
12097
12098
12094
12095
12096
12095
12096
12097
12096
12097
12098
12098
12099
12100
12100
12101
12102
12102
12103
12104
12104
12105
12106
12106
12107
12108
12108
12109
12110
12092
12093
12094
12094
12095
12096
12093
12094
12095
12055
12056
12057
12053
12054
12055
12048
12049
12050
12047
12048
12049
12049
12050
12051
12051
12052
12053
12049
12050
12051
12049
12050
12051
12050
12051
12052
12049
12050
12051
12050
12051
12052
12052
12053
12054
12052
12053
12054
12051
12052
12053
12053
12054
12055
12055
12056
12057
12057
12058
12059
12059
12060
12061
12057
12058
12059
12058
12059
12060
12060
12061
12062
12062
12063
12064
12064
12065
12066
12059
12060
12061
12056
12057
12058
12058
12059
12060
12058
12059
12060
12060
12061
12062
12057
12058
12059
12059
12060
12061
12053
12054
12055
12055
12056
12057
12057
12058
12059
12059
12060
12061
12061
12062
12063
12060
12061
12062
12062
12063
12064
12063
12064
12065
12064
12065
12066
12064
12065
12066
12059
12060
12061
12059
12060
12061
12060
12061
12062
12045
12046
12047
12043
12044
12045
12038
12039
12040
12040
12041
12042
12041
12042
12043
12042
12043
12044
12040
12041
12042
12042
12043
12044
12042
12043
12044
12044
12045
12046
12041
12042
12043
12043
12044
12045
12045
12046
12047
12047
12048
12049
12048
12049
12050
12050
12051
12052
12052
12053
12054
12054
12055
12056
12055
12056
12057
12057
12058
12059
12038
12039
12040
12036
12037
12038
12037
12038
12039
12034
12035
12036
12034
12035
12036
12035
12036
12037
12037
12038
12039
12034
12035
12036
12036
12037
12038
12038
12039
12040
12039
12040
12041
12040
12041
12042
12013
12014
12015
12015
12016
12017
12000
12001
12002
12002
12003
12004
12001
12002
12003
12002
12003
12004
12004
12005
12006
12006
12007
12008
12003
12004
12005
12005
12006
12007
12005
12006
12007
12007
12008
12009
12009
12010
12011
12011
12012
12013
12003
12004
12005
12005
12006
12007
12004
12005
12006
12006
12007
12008
12003
12004
12005
12004
12005
12006
12006
12007
12008
12007
12008
12009
12009
12010
12011
12011
12012
12013
12012
12013
12014
12013
12014
12015
12015
12016
12017
12017
12018
12019
12019
12020
12021
12017
12018
12019
12018
12019
12020
12019
12020
12021
12020
12021
12022
12021
12022
12023
12014
12015
12016
12015
12016
12017
12015
12016
12017
12017
12018
12019
12018
12019
12020
12020
12021
12022
12020
12021
12022
12022
12023
12024
12024
12025
12026
12021
12022
12023
12023
12024
12025
12023
12024
12025
12023
12024
12025
12023
12024
12025
12025
12026
12027
12027
12028
12029
12028
12029
12030
12023
12024
12025
12019
12020
12021
12021
12022
12023
12023
12024
12025
12023
12024
12025
12018
12019
12020
12004
12005
12006
12006
12007
12008
12008
12009
12010
12010
12011
12012
12012
12013
12014
12010
12011
12012
12011
12012
12013
12013
12014
12015
12009
12010
12011
12010
12011
12012
12010
12011
12012
12012
12013
12014
12013
12014
12015
12015
12016
12017
12017
12018
12019
12015
12016
12017
12017
12018
12019
12019
12020
12021
12019
12020
12021
12018
12019
12020
12014
12015
12016
12011
12012
12013
12012
12013
12014
12014
12015
12016
12009
12010
12011
12011
12012
12013
12013
12014
12015
12015
12016
12017
12015
12016
12017
12017
12018
12019
12019
12020
12021
12021
12022
12023
12023
12024
12025
12024
12025
12026
12025
12026
12027
12027
12028
12029
12028
12029
12030
12030
12031
12032
12027
12028
12029
12028
12029
12030
12023
12024
12025
12016
12017
12018
12001
12002
12003
12001
12002
12003
12003
12004
12005
12004
12005
12006
12004
12005
12006
12006
12007
12008
12005
12006
12007
12004
12005
12006
12003
12004
12005
12002
12003
12004
12000
12001
12002
12002
12003
12004
12004
12005
12006
12005
12006
12007
12007
12008
12009
12008
12009
12010
12008
12009
12010
12006
12007
12008
12008
12009
12010
12009
12010
12011
12005
12006
12007
12005
12006
12007
11981
11982
11983
11983
11984
11985
11985
11986
11987
11981
11982
11983
11983
11984
11985
11985
11986
11987
11987
11988
11989
11980
11981
11982
11977
11978
11979
11979
11980
11981
11978
11979
11980
11978
11979
11980
11975
11976
11977
11977
11978
11979
11979
11980
11981
11981
11982
11983
11974
11975
11976
11976
11977
11978
11977
11978
11979
11977
11978
11979
11977
11978
11979
11979
11980
11981
11980
11981
11982
11979
11980
11981
11981
11982
11983
11978
11979
11980
11979
11980
11981
11981
11982
11983
11893
11894
11895
11894
11895
11896
11895
11896
11897
11896
11897
11898
11896
11897
11898
11898
11899
11900
11895
11896
11897
11892
11893
11894
11893
11894
11895
11895
11896
11897
11890
11891
11892
11871
11872
11873
11873
11874
11875
11875
11876
11877
11875
11876
11877
11877
11878
11879
11879
11880
11881
11881
11882
11883
11883
11884
11885
11885
11886
11887
11887
11888
11889
11888
11889
11890
11882
11883
11884
11884
11885
11886
11880
11881
11882
11882
11883
11884
11884
11885
11886
11886
11887
11888
11886
11887
11888
11866
11867
11868
11867
11868
11869
11869
11870
11871
11871
11872
11873
11873
11874
11875
11875
11876
11877
11874
11875
11876
11874
11875
11876
11875
11876
11877
11877
11878
11879
11879
11880
11881
11881
11882
11883
11882
11883
11884
11884
11885
11886
11872
11873
11874
11874
11875
11876
11876
11877
11878
11877
11878
11879
11877
11878
11879
11879
11880
11881
11878
11879
11880
11880
11881
11882
11882
11883
11884
11882
11883
11884
11884
11885
11886
11886
11887
11888
11887
11888
11889
11888
11889
11890
11890
11891
11892
11857
11858
11859
11859
11860
11861
11859
11860
11861
11849
11850
11851
11851
11852
11853
11853
11854
11855
11855
11856
11857
11832
11833
11834
11833
11834
11835
11835
11836
11837
11833
11834
11835
11835
11836
11837
11837
11838
11839
11839
11840
11841
11840
11841
11842
11838
11839
11840
11840
11841
11842
11840
11841
11842
11842
11843
11844
11844
11845
11846
11845
11846
11847
11840
11841
11842
11841
11842
11843
11843
11844
11845
11845
11846
11847
11847
11848
11849
11847
11848
11849
11849
11850
11851
11851
11852
11853
11853
11854
11855
11855
11856
11857
11857
11858
11859
11859
11860
11861
11831
11832
11833
11832
11833
11834
11834
11835
11836
11836
11837
11838
11838
11839
11840
11840
11841
11842
11840
11841
11842
11841
11842
11843
11842
11843
11844
11842
11843
11844
11826
11827
11828
11828
11829
11830
11827
11828
11829
11829
11830
11831
11830
11831
11832
11832
11833
11834
11803
11804
11805
11805
11806
11807
11806
11807
11808
11808
11809
11810
11810
11811
11812
11812
11813
11814
11812
11813
11814
11809
11810
11811
11809
11810
11811
11804
11805
11806
11806
11807
11808
11808
11809
11810
11808
11809
11810
11810
11811
11812
11811
11812
11813
11812
11813
11814
11804
11805
11806
11804
11805
11806
11800
11801
11802
11802
11803
11804
11800
11801
11802
11801
11802
11803
11801
11802
11803
11799
11800
11801
11801
11802
11803
11803
11804
11805
11789
11790
11791
11788
11789
11790
11790
11791
11792
11792
11793
11794
11794
11795
11796
11796
11797
11798
11792
11793
11794
11794
11795
11796
11796
11797
11798
11798
11799
11800
11791
11792
11793
11792
11793
11794
11793
11794
11795
11791
11792
11793
11793
11794
11795
11795
11796
11797
11797
11798
11799
11799
11800
11801
11801
11802
11803
11803
11804
11805
11805
11806
11807
11807
11808
11809
11809
11810
11811
11811
11812
11813
11813
11814
11815
11804
11805
11806
11798
11799
11800
11794
11795
11796
11794
11795
11796
11780
11781
11782
11776
11777
11778
11777
11778
11779
11778
11779
11780
11755
11756
11757
11756
11757
11758
11754
11755
11756
11756
11757
11758
11758
11759
11760
11759
11760
11761
11761
11762
11763
11757
11758
11759
11759
11760
11761
11758
11759
11760
11760
11761
11762
11762
11763
11764
11763
11764
11765
11765
11766
11767
11766
11767
11768
11767
11768
11769
11768
11769
11770
11770
11771
11772
11769
11770
11771
11767
11768
11769
11769
11770
11771
11771
11772
11773
11773
11774
11775
11775
11776
11777
11776
11777
11778
11778
11779
11780
11776
11777
11778
11778
11779
11780
11769
11770
11771
11770
11771
11772
11771
11772
11773
11773
11774
11775
11774
11775
11776
11776
11777
11778
11757
11758
11759
11758
11759
11760
11758
11759
11760
11756
11757
11758
11755
11756
11757
11753
11754
11755
11755
11756
11757
11754
11755
11756
11756
11757
11758
11758
11759
11760
11760
11761
11762
11762
11763
11764
11764
11765
11766
11759
11760
11761
11759
11760
11761
11760
11761
11762
11712
11713
11714
11713
11714
11715
11715
11716
11717
11708
11709
11710
11710
11711
11712
11704
11705
11706
11703
11704
11705
11704
11705
11706
11706
11707
11708
11703
11704
11705
11697
11698
11699
11699
11700
11701
11700
11701
11702
11702
11703
11704
11697
11698
11699
11699
11700
11701
11686
11687
11688
11681
11682
11683
11683
11684
11685
11683
11684
11685
11681
11682
11683
11683
11684
11685
11684
11685
11686
11683
11684
11685
11683
11684
11685
11679
11680
11681
11681
11682
11683
11677
11678
11679
11666
11667
11668
11668
11669
11670
11666
11667
11668
11665
11666
11667
11667
11668
11669
11669
11670
11671
11656
11657
11658
11658
11659
11660
11658
11659
11660
11659
11660
11661
11661
11662
11663
11663
11664
11665
11664
11665
11666
11666
11667
11668
11666
11667
11668
11667
11668
11669
11668
11669
11670
11669
11670
11671
11669
11670
11671
11671
11672
11673
11673
11674
11675
11669
11670
11671
11671
11672
11673
11629
11630
11631
11631
11632
11633
11623
11624
11625
11624
11625
11626
11626
11627
11628
11628
11629
11630
11630
11631
11632
11632
11633
11634
11632
11633
11634
11634
11635
11636
11636
11637
11638
11638
11639
11640
11638
11639
11640
11640
11641
11642
11642
11643
11644
11643
11644
11645
11642
11643
11644
11644
11645
11646
11646
11647
11648
11646
11647
11648
11637
11638
11639
11639
11640
11641
11641
11642
11643
11635
11636
11637
11637
11638
11639
11606
11607
11608
11604
11605
11606
11606
11607
11608
11607
11608
11609
11609
11610
11611
11611
11612
11613
11599
11600
11601
11601
11602
11603
11603
11604
11605
11604
11605
11606
11604
11605
11606
11605
11606
11607
11606
11607
11608
11608
11609
11610
11610
11611
11612
11612
11613
11614
11614
11615
11616
11616
11617
11618
11614
11615
11616
11615
11616
11617
11617
11618
11619
11619
11620
11621
11620
11621
11622
11622
11623
11624
11624
11625
11626
11625
11626
11627
11627
11628
11629
11629
11630
11631
11616
11617
11618
11617
11618
11619
11577
11578
11579
11579
11580
11581
11581
11582
11583
11583
11584
11585
11581
11582
11583
11583
11584
11585
11585
11586
11587
11587
11588
11589
11585
11586
11587
11587
11588
11589
11587
11588
11589
11582
11583
11584
11584
11585
11586
11583
11584
11585
11585
11586
11587
11585
11586
11587
11587
11588
11589
11589
11590
11591
11590
11591
11592
11578
11579
11580
11580
11581
11582
11582
11583
11584
11583
11584
11585
11585
11586
11587
11584
11585
11586
11565
11566
11567
11567
11568
11569
11569
11570
11571
11571
11572
11573
11573
11574
11575
11574
11575
11576
11575
11576
11577
11574
11575
11576
11576
11577
11578
11576
11577
11578
11578
11579
11580
11578
11579
11580
11579
11580
11581
11581
11582
11583
11581
11582
11583
11580
11581
11582
11579
11580
11581
11581
11582
11583
11582
11583
11584
11581
11582
11583
11579
11580
11581
11581
11582
11583
11583
11584
11585
11581
11582
11583
11577
11578
11579
11579
11580
11581
11579
11580
11581
11581
11582
11583
11582
11583
11584
11584
11585
11586
11575
11576
11577
11577
11578
11579
11579
11580
11581
11581
11582
11583
11583
11584
11585
11585
11586
11587
11586
11587
11588
11585
11586
11587
11581
11582
11583
11581
11582
11583
11577
11578
11579
11579
11580
11581
11579
11580
11581
11574
11575
11576
11559
11560
11561
11559
11560
11561
11558
11559
11560
11559
11560
11561
11560
11561
11562
11560
11561
11562
11562
11563
11564
11564
11565
11566
11548
11549
11550
11532
11533
11534
11534
11535
11536
11535
11536
11537
11537
11538
11539
11534
11535
11536
11536
11537
11538
11538
11539
11540
11540
11541
11542
11535
11536
11537
11536
11537
11538
11538
11539
11540
11540
11541
11542
11542
11543
11544
11544
11545
11546
11543
11544
11545
11543
11544
11545
11541
11542
11543
11526
11527
11528
11528
11529
11530
11528
11529
11530
11529
11530
11531
11526
11527
11528
11528
11529
11530
11530
11531
11532
11526
11527
11528
11528
11529
11530
11530
11531
11532
11532
11533
11534
11532
11533
11534
11534
11535
11536
11535
11536
11537
11537
11538
11539
11537
11538
11539
11539
11540
11541
11540
11541
11542
11542
11543
11544
11544
11545
11546
11546
11547
11548
11547
11548
11549
11541
11542
11543
11543
11544
11545
11542
11543
11544
11544
11545
11546
11546
11547
11548
11548
11549
11550
11550
11551
11552
11527
11528
11529
11529
11530
11531
11531
11532
11533
11533
11534
11535
11535
11536
11537
11537
11538
11539
11539
11540
11541
11507
11508
11509
11498
11499
11500
11496
11497
11498
11498
11499
11500
11500
11501
11502
11477
11478
11479
11479
11480
11481
11480
11481
11482
11482
11483
11484
11483
11484
11485
11474
11475
11476
11476
11477
11478
11477
11478
11479
11479
11480
11481
11478
11479
11480
11480
11481
11482
11439
11440
11441
11438
11439
11440
11433
11434
11435
11434
11435
11436
11423
11424
11425
11425
11426
11427
11424
11425
11426
11426
11427
11428
11428
11429
11430
11429
11430
11431
11426
11427
11428
11416
11417
11418
11417
11418
11419
11402
11403
11404
11404
11405
11406
11393
11394
11395
11395
11396
11397
11397
11398
11399
11399
11400
11401
11397
11398
11399
11389
11390
11391
11385
11386
11387
11385
11386
11387
11387
11388
11389
11389
11390
11391
11389
11390
11391
11391
11392
11393
11387
11388
11389
11388
11389
11390
11388
11389
11390
11390
11391
11392
11392
11393
11394
11394
11395
11396
11393
11394
11395
11394
11395
11396
11396
11397
11398
11398
11399
11400
11398
11399
11400
11399
11400
11401
11401
11402
11403
11399
11400
11401
11400
11401
11402
11402
11403
11404
11402
11403
11404
11404
11405
11406
11403
11404
11405
11404
11405
11406
11406
11407
11408
11408
11409
11410
11410
11411
11412
11412
11413
11414
11414
11415
11416
11403
11404
11405
11405
11406
11407
11407
11408
11409
11406
11407
11408
11404
11405
11406
11406
11407
11408
11408
11409
11410
11410
11411
11412
11412
11413
11414
11412
11413
11414
11414
11415
11416
11411
11412
11413
11413
11414
11415
11413
11414
11415
11415
11416
11417
11417
11418
11419
11418
11419
11420
11420
11421
11422
11422
11423
11424
11424
11425
11426
11426
11427
11428
11428
11429
11430
11429
11430
11431
11416
11417
11418
11418
11419
11420
11420
11421
11422
11422
11423
11424
11424
11425
11426
11422
11423
11424
11424
11425
11426
11425
11426
11427
11427
11428
11429
11418
11419
11420
11420
11421
11422
11420
11421
11422
11422
11423
11424
11424
11425
11426
11425
11426
11427
11427
11428
11429
11429
11430
11431
11404
11405
11406
11405
11406
11407
11404
11405
11406
11406
11407
11408
11408
11409
11410
11408
11409
11410
11410
11411
11412
11409
11410
11411
11411
11412
11413
11413
11414
11415
11413
11414
11415
11415
11416
11417
11415
11416
11417
11412
11413
11414
11413
11414
11415
11403
11404
11405
11403
11404
11405
11404
11405
11406
11404
11405
11406
11405
11406
11407
11407
11408
11409
11408
11409
11410
11410
11411
11412
11403
11404
11405
11405
11406
11407
11406
11407
11408
11405
11406
11407
11403
11404
11405
11404
11405
11406
11401
11402
11403
11403
11404
11405
11405
11406
11407
11407
11408
11409
11409
11410
11411
11411
11412
11413
11412
11413
11414
11386
11387
11388
11387
11388
11389
11384
11385
11386
11385
11386
11387
11386
11387
11388
11388
11389
11390
11374
11375
11376
11376
11377
11378
11377
11378
11379
11376
11377
11378
11377
11378
11379
11379
11380
11381
11379
11380
11381
11381
11382
11383
11383
11384
11385
11384
11385
11386
11386
11387
11388
11382
11383
11384
11379
11380
11381
11381
11382
11383
11383
11384
11385
11383
11384
11385
11385
11386
11387
11387
11388
11389
11389
11390
11391
11388
11389
11390
11390
11391
11392
11389
11390
11391
11390
11391
11392
11392
11393
11394
11393
11394
11395
11395
11396
11397
11397
11398
11399
11399
11400
11401
11401
11402
11403
11401
11402
11403
11392
11393
11394
11392
11393
11394
11394
11395
11396
11395
11396
11397
11393
11394
11395
11395
11396
11397
11397
11398
11399
11399
11400
11401
11392
11393
11394
11393
11394
11395
11395
11396
11397
11394
11395
11396
11389
11390
11391
11391
11392
11393
11393
11394
11395
11391
11392
11393
11393
11394
11395
11394
11395
11396
11393
11394
11395
11382
11383
11384
11384
11385
11386
11386
11387
11388
11385
11386
11387
11387
11388
11389
11389
11390
11391
11388
11389
11390
11389
11390
11391
11391
11392
11393
11391
11392
11393
11381
11382
11383
11381
11382
11383
11383
11384
11385
11381
11382
11383
11381
11382
11383
11368
11369
11370
11343
11344
11345
11343
11344
11345
11343
11344
11345
11332
11333
11334
11306
11307
11308
11308
11309
11310
11309
11310
11311
11311
11312
11313
11313
11314
11315
11315
11316
11317
11317
11318
11319
11319
11320
11321
11319
11320
11321
11321
11322
11323
11322
11323
11324
11324
11325
11326
11322
11323
11324
11324
11325
11326
11326
11327
11328
11328
11329
11330
11330
11331
11332
11327
11328
11329
11329
11330
11331
11329
11330
11331
11331
11332
11333
11333
11334
11335
11329
11330
11331
11330
11331
11332
11332
11333
11334
11312
11313
11314
11314
11315
11316
11316
11317
11318
11309
11310
11311
11311
11312
11313
11313
11314
11315
11314
11315
11316
11310
11311
11312
11291
11292
11293
11292
11293
11294
11293
11294
11295
11283
11284
11285
11282
11283
11284
11281
11282
11283
11279
11280
11281
11256
11257
11258
11255
11256
11257
11251
11252
11253
11249
11250
11251
11235
11236
11237
11236
11237
11238
11237
11238
11239
11239
11240
11241
11241
11242
11243
11243
11244
11245
11243
11244
11245
11245
11246
11247
11246
11247
11248
11240
11241
11242
11242
11243
11244
11244
11245
11246
11239
11240
11241
11241
11242
11243
11239
11240
11241
11241
11242
11243
11243
11244
11245
11244
11245
11246
11224
11225
11226
11225
11226
11227
11225
11226
11227
11221
11222
11223
11211
11212
11213
11210
11211
11212
11212
11213
11214
11214
11215
11216
11216
11217
11218
11218
11219
11220
11214
11215
11216
11216
11217
11218
11210
11211
11212
11203
11204
11205
11205
11206
11207
11207
11208
11209
11209
11210
11211
11205
11206
11207
11207
11208
11209
11204
11205
11206
11206
11207
11208
11207
11208
11209
11209
11210
11211
11211
11212
11213
11213
11214
11215
11213
11214
11215
11215
11216
11217
11217
11218
11219
11219
11220
11221
11221
11222
11223
11223
11224
11225
11225
11226
11227
11227
11228
11229
11227
11228
11229
11229
11230
11231
11221
11222
11223
11223
11224
11225
11223
11224
11225
11225
11226
11227
11217
11218
11219
11219
11220
11221
11219
11220
11221
11216
11217
11218
11218
11219
11220
11218
11219
11220
11218
11219
11220
11217
11218
11219
11218
11219
11220
11220
11221
11222
11219
11220
11221
11221
11222
11223
11223
11224
11225
11225
11226
11227
11226
11227
11228
11227
11228
11229
11224
11225
11226
11226
11227
11228
11228
11229
11230
11230
11231
11232
11232
11233
11234
11229
11230
11231
11231
11232
11233
11233
11234
11235
11234
11235
11236
11235
11236
11237
11232
11233
11234
11234
11235
11236
11236
11237
11238
11235
11236
11237
11237
11238
11239
11239
11240
11241
11241
11242
11243
11240
11241
11242
11241
11242
11243
11243
11244
11245
11245
11246
11247
11244
11245
11246
11246
11247
11248
11248
11249
11250
11249
11250
11251
11251
11252
11253
11253
11254
11255
11255
11256
11257
11255
11256
11257
11254
11255
11256
11255
11256
11257
11256
11257
11258
11257
11258
11259
11259
11260
11261
11261
11262
11263
11263
11264
11265
11261
11262
11263
11263
11264
11265
11265
11266
11267
11265
11266
11267
11266
11267
11268
11268
11269
11270
11270
11271
11272
11260
11261
11262
11261
11262
11263
11256
11257
11258
11251
11252
11253
11252
11253
11254
11253
11254
11255
11255
11256
11257
11253
11254
11255
11255
11256
11257
11257
11258
11259
11259
11260
11261
11260
11261
11262
11255
11256
11257
11257
11258
11259
11258
11259
11260
11260
11261
11262
11262
11263
11264
11262
11263
11264
11212
11213
11214
11214
11215
11216
11215
11216
11217
11217
11218
11219
11219
11220
11221
11220
11221
11222
11220
11221
11222
11214
11215
11216
11215
11216
11217
11217
11218
11219
11217
11218
11219
11218
11219
11220
11220
11221
11222
11222
11223
11224
11224
11225
11226
11226
11227
11228
11228
11229
11230
11224
11225
11226
11225
11226
11227
11211
11212
11213
11211
11212
11213
11213
11214
11215
11209
11210
11211
11210
11211
11212
11212
11213
11214
11213
11214
11215
11192
11193
11194
11193
11194
11195
11190
11191
11192
11191
11192
11193
11191
11192
11193
11189
11190
11191
11190
11191
11192
11192
11193
11194
11193
11194
11195
11192
11193
11194
11194
11195
11196
11196
11197
11198
11187
11188
11189
11189
11190
11191
11191
11192
11193
11193
11194
11195
11177
11178
11179
11178
11179
11180
11179
11180
11181
11177
11178
11179
11169
11170
11171
11169
11170
11171
11170
11171
11172
11169
11170
11171
11169
11170
11171
11169
11170
11171
11171
11172
11173
11159
11160
11161
11157
11158
11159
11157
11158
11159
11157
11158
11159
11157
11158
11159
11157
11158
11159
11158
11159
11160
11159
11160
11161
11138
11139
11140
11140
11141
11142
11142
11143
11144
11144
11145
11146
11136
11137
11138
11136
11137
11138
11138
11139
11140
11128
11129
11130
11128
11129
11130
11129
11130
11131
11131
11132
11133
11133
11134
11135
11131
11132
11133
11132
11133
11134
11134
11135
11136
11136
11137
11138
11138
11139
11140
11139
11140
11141
11141
11142
11143
11143
11144
11145
11145
11146
11147
11147
11148
11149
11142
11143
11144
11143
11144
11145
11145
11146
11147
11147
11148
11149
11130
11131
11132
11132
11133
11134
11134
11135
11136
11136
11137
11138
11138
11139
11140
11138
11139
11140
11140
11141
11142
11142
11143
11144
11136
11137
11138
11138
11139
11140
11137
11138
11139
11137
11138
11139
11139
11140
11141
11138
11139
11140
11139
11140
11141
11141
11142
11143
11142
11143
11144
11144
11145
11146
11132
11133
11134
11133
11134
11135
11132
11133
11134
11134
11135
11136
11136
11137
11138
11133
11134
11135
11131
11132
11133
11133
11134
11135
11135
11136
11137
11124
11125
11126
11126
11127
11128
11128
11129
11130
11130
11131
11132
11130
11131
11132
11129
11130
11131
11130
11131
11132
11131
11132
11133
11132
11133
11134
11129
11130
11131
11130
11131
11132
11088
11089
11090
11085
11086
11087
11087
11088
11089
11086
11087
11088
11086
11087
11088
11088
11089
11090
11090
11091
11092
11092
11093
11094
11087
11088
11089
11075
11076
11077
11073
11074
11075
11075
11076
11077
11077
11078
11079
11076
11077
11078
11073
11074
11075
11075
11076
11077
11077
11078
11079
11079
11080
11081
11081
11082
11083
11083
11084
11085
11082
11083
11084
11076
11077
11078
11077
11078
11079
11079
11080
11081
11079
11080
11081
11081
11082
11083
11082
11083
11084
11084
11085
11086
11086
11087
11088
11086
11087
11088
11088
11089
11090
11090
11091
11092
11079
11080
11081
11079
11080
11081
11081
11082
11083
11083
11084
11085
11085
11086
11087
11086
11087
11088
11088
11089
11090
11090
11091
11092
11092
11093
11094
11093
11094
11095
11094
11095
11096
11085
11086
11087
11084
11085
11086
11086
11087
11088
11088
11089
11090
11090
11091
11092
11092
11093
11094
11094
11095
11096
11095
11096
11097
11097
11098
11099
11099
11100
11101
11100
11101
11102
11098
11099
11100
11089
11090
11091
11090
11091
11092
11089
11090
11091
11091
11092
11093
11092
11093
11094
11080
11081
11082
11082
11083
11084
11084
11085
11086
11083
11084
11085
11084
11085
11086
11078
11079
11080
11080
11081
11082
11080
11081
11082
11082
11083
11084
11083
11084
11085
11081
11082
11083
11078
11079
11080
11080
11081
11082
11081
11082
11083
11083
11084
11085
11083
11084
11085
11085
11086
11087
11087
11088
11089
11088
11089
11090
11090
11091
11092
11091
11092
11093
11093
11094
11095
11095
11096
11097
11096
11097
11098
11088
11089
11090
11086
11087
11088
11077
11078
11079
11079
11080
11081
11078
11079
11080
11080
11081
11082
11079
11080
11081
11080
11081
11082
11082
11083
11084
11084
11085
11086
11082
11083
11084
11060
11061
11062
11062
11063
11064
11063
11064
11065
11046
11047
11048
11048
11049
11050
11049
11050
11051
11046
11047
11048
11048
11049
11050
11049
11050
11051
11044
11045
11046
11046
11047
11048
11048
11049
11050
11049
11050
11051
11038
11039
11040
11038
11039
11040
11039
11040
11041
11041
11042
11043
11043
11044
11045
11045
11046
11047
11045
11046
11047
11047
11048
11049
11049
11050
11051
11044
11045
11046
11046
11047
11048
11046
11047
11048
11048
11049
11050
11050
11051
11052
11052
11053
11054
11054
11055
11056
11051
11052
11053
11051
11052
11053
11052
11053
11054
11027
11028
11029
11029
11030
11031
11031
11032
11033
11032
11033
11034
11033
11034
11035
11035
11036
11037
11035
11036
11037
11037
11038
11039
11035
11036
11037
11037
11038
11039
11020
11021
11022
11019
11020
11021
11016
11017
11018
11018
11019
11020
11020
11021
11022
11022
11023
11024
11024
11025
11026
11026
11027
11028
11027
11028
11029
11029
11030
11031
11004
11005
11006
11006
11007
11008
11008
11009
11010
11007
11008
11009
11009
11010
11011
11009
11010
11011
11011
11012
11013
11013
11014
11015
11015
11016
11017
10981
10982
10983
10981
10982
10983
10983
10984
10985
10980
10981
10982
10982
10983
10984
10984
10985
10986
10986
10987
10988
10982
10983
10984
10984
10985
10986
10986
10987
10988
10988
10989
10990
10990
10991
10992
10992
10993
10994
10994
10995
10996
10994
10995
10996
10994
10995
10996
10990
10991
10992
10989
10990
10991
10990
10991
10992
10989
10990
10991
10991
10992
10993
10993
10994
10995
10994
10995
10996
10996
10997
10998
10985
10986
10987
10986
10987
10988
10988
10989
10990
10988
10989
10990
10990
10991
10992
10992
10993
10994
10988
10989
10990
10990
10991
10992
10992
10993
10994
10991
10992
10993
10992
10993
10994
10992
10993
10994
10993
10994
10995
10991
10992
10993
10992
10993
10994
10994
10995
10996
10996
10997
10998
10996
10997
10998
10998
10999
11000
10998
10999
11000
10999
11000
11001
11001
11002
11003
11002
11003
11004
11002
11003
11004
10999
11000
11001
10997
10998
10999
10998
10999
11000
10998
10999
11000
11000
11001
11002
11002
11003
11004
11004
11005
11006
11006
11007
11008
11002
11003
11004
11001
11002
11003
11002
11003
11004
11002
11003
11004
11004
11005
11006
11006
11007
11008
11008
11009
11010
11008
11009
11010
11009
11010
11011
11000
11001
11002
11002
11003
11004
11004
11005
11006
11006
11007
11008
11008
11009
11010
11002
11003
11004
11001
11002
11003
11003
11004
11005
11004
11005
11006
11004
11005
11006
11006
11007
11008
11008
11009
11010
11010
11011
11012
11012
11013
11014
11014
11015
11016
11011
11012
11013
11012
11013
11014
11012
11013
11014
10997
10998
10999
10996
10997
10998
10998
10999
11000
10997
10998
10999
10997
10998
10999
10997
10998
10999
10998
10999
11000
11000
11001
11002
11000
11001
11002
10997
10998
10999
10999
11000
11001
11001
11002
11003
11003
11004
11005
11004
11005
11006
11003
11004
11005
10996
10997
10998
10998
10999
11000
10992
10993
10994
10987
10988
10989
10986
10987
10988
10988
10989
10990
10990
10991
10992
10987
10988
10989
10988
10989
10990
10990
10991
10992
10991
10992
10993
10992
10993
10994
10994
10995
10996
10994
10995
10996
10993
10994
10995
10995
10996
10997
10997
10998
10999
10999
11000
11001
11001
11002
11003
11000
11001
11002
11000
11001
11002
11000
11001
11002
10978
10979
10980
10975
10976
10977
10975
10976
10977
10976
10977
10978
10968
10969
10970
10968
10969
10970
10966
10967
10968
10968
10969
10970
10967
10968
10969
10968
10969
10970
10970
10971
10972
10972
10973
10974
10974
10975
10976
10974
10975
10976
10976
10977
10978
10976
10977
10978
10978
10979
10980
10947
10948
10949
10949
10950
10951
10950
10951
10952
10951
10952
10953
10953
10954
10955
10950
10951
10952
10952
10953
10954
10949
10950
10951
10942
10943
10944
10944
10945
10946
10946
10947
10948
10948
10949
10950
10950
10951
10952
10951
10952
10953
10947
10948
10949
10949
10950
10951
10950
10951
10952
10951
10952
10953
10951
10952
10953
10946
10947
10948
10948
10949
10950
10950
10951
10952
10952
10953
10954
10941
10942
10943
10943
10944
10945
10945
10946
10947
10946
10947
10948
10947
10948
10949
10947
10948
10949
10946
10947
10948
10947
10948
10949
10943
10944
10945
10944
10945
10946
10944
10945
10946
10946
10947
10948
10948
10949
10950
10949
10950
10951
10951
10952
10953
10953
10954
10955
10950
10951
10952
10948
10949
10950
10948
10949
10950
10948
10949
10950
10944
10945
10946
10945
10946
10947
10947
10948
10949
10949
10950
10951
10951
10952
10953
10950
10951
10952
10952
10953
10954
10942
10943
10944
10940
10941
10942
10936
10937
10938
10931
10932
10933
10933
10934
10935
10935
10936
10937
10929
10930
10931
10931
10932
10933
10933
10934
10935
10926
10927
10928
10928
10929
10930
10930
10931
10932
10930
10931
10932
10932
10933
10934
10932
10933
10934
10931
10932
10933
10933
10934
10935
10934
10935
10936
10936
10937
10938
10938
10939
10940
10940
10941
10942
10938
10939
10940
10940
10941
10942
10941
10942
10943
10943
10944
10945
10945
10946
10947
10947
10948
10949
10949
10950
10951
10949
10950
10951
10951
10952
10953
10950
10951
10952
10948
10949
10950
10949
10950
10951
10949
10950
10951
10948
10949
10950
10949
10950
10951
10920
10921
10922
10922
10923
10924
10923
10924
10925
10925
10926
10927
10927
10928
10929
10929
10930
10931
10929
10930
10931
10929
10930
10931
10931
10932
10933
10933
10934
10935
10935
10936
10937
10935
10936
10937
10937
10938
10939
10939
10940
10941
10941
10942
10943
10943
10944
10945
10942
10943
10944
10944
10945
10946
10946
10947
10948
10943
10944
10945
10944
10945
10946
10945
10946
10947
10947
10948
10949
10947
10948
10949
10946
10947
10948
10948
10949
10950
10947
10948
10949
10948
10949
10950
10944
10945
10946
10946
10947
10948
10947
10948
10949
10949
10950
10951
10951
10952
10953
10952
10953
10954
10954
10955
10956
10956
10957
10958
10958
10959
10960
10957
10958
10959
10954
10955
10956
10952
10953
10954
10951
10952
10953
10949
10950
10951
10949
10950
10951
10947
10948
10949
10943
10944
10945
10945
10946
10947
10944
10945
10946
10944
10945
10946
10944
10945
10946
10946
10947
10948
10946
10947
10948
10948
10949
10950
10950
10951
10952
10952
10953
10954
10953
10954
10955
10955
10956
10957
10956
10957
10958
10958
10959
10960
10960
10961
10962
10956
10957
10958
10950
10951
10952
10952
10953
10954
10954
10955
10956
10954
10955
10956
10956
10957
10958
10950
10951
10952
10951
10952
10953
10953
10954
10955
10955
10956
10957
10957
10958
10959
10958
10959
10960
10960
10961
10962
10962
10963
10964
10964
10965
10966
10965
10966
10967
10965
10966
10967
10967
10968
10969
10968
10969
10970
10968
10969
10970
10967
10968
10969
10969
10970
10971
10970
10971
10972
10971
10972
10973
10973
10974
10975
10975
10976
10977
10977
10978
10979
10979
10980
10981
10981
10982
10983
10983
10984
10985
10985
10986
10987
10983
10984
10985
10983
10984
10985
10983
10984
10985
10985
10986
10987
10981
10982
10983
10972
10973
10974
10974
10975
10976
10974
10975
10976
10975
10976
10977
10974
10975
10976
10970
10971
10972
10972
10973
10974
10974
10975
10976
10976
10977
10978
10978
10979
10980
10978
10979
10980
10974
10975
10976
10971
10972
10973
10972
10973
10974
10973
10974
10975
10975
10976
10977
10977
10978
10979
10979
10980
10981
10981
10982
10983
10983
10984
10985
10984
10985
10986
10986
10987
10988
10987
10988
10989
10989
10990
10991
10986
10987
10988
10988
10989
10990
10988
10989
10990
10990
10991
10992
10991
10992
10993
10993
10994
10995
10995
10996
10997
10995
10996
10997
10997
10998
10999
10983
10984
10985
10984
10985
10986
10983
10984
10985
10985
10986
10987
10987
10988
10989
10989
10990
10991
10991
10992
10993
10991
10992
10993
10985
10986
10987
10985
10986
10987
10985
10986
10987
10984
10985
10986
10985
10986
10987
10982
10983
10984
10984
10985
10986
10986
10987
10988
10988
10989
10990
10990
10991
10992
10992
10993
10994
10989
10990
10991
10989
10990
10991
10989
10990
10991
10990
10991
10992
10992
10993
10994
10993
10994
10995
10984
10985
10986
10985
10986
10987
10974
10975
10976
10976
10977
10978
10978
10979
10980
10980
10981
10982
10978
10979
10980
10977
10978
10979
10979
10980
10981
10980
10981
10982
10979
10980
10981
10979
10980
10981
10980
10981
10982
10978
10979
10980
10979
10980
10981
10981
10982
10983
10983
10984
10985
10980
10981
10982
10977
10978
10979
10979
10980
10981
10979
10980
10981
10981
10982
10983
10983
10984
10985
10985
10986
10987
10982
10983
10984
10984
10985
10986
10965
10966
10967
10967
10968
10969
10969
10970
10971
10960
10961
10962
10962
10963
10964
10964
10965
10966
10964
10965
10966
10966
10967
10968
10967
10968
10969
10966
10967
10968
10966
10967
10968
10965
10966
10967
10967
10968
10969
10969
10970
10971
10967
10968
10969
10960
10961
10962
10960
10961
10962
10962
10963
10964
10959
10960
10961
10961
10962
10963
10958
10959
10960
10959
10960
10961
10961
10962
10963
10963
10964
10965
10965
10966
10967
10966
10967
10968
10965
10966
10967
10967
10968
10969
10969
10970
10971
10965
10966
10967
10966
10967
10968
10966
10967
10968
10968
10969
10970
10970
10971
10972
10972
10973
10974
10973
10974
10975
10975
10976
10977
10977
10978
10979
10978
10979
10980
10969
10970
10971
10971
10972
10973
10973
10974
10975
10952
10953
10954
10951
10952
10953
10953
10954
10955
10952
10953
10954
10954
10955
10956
10953
10954
10955
10951
10952
10953
10948
10949
10950
10950
10951
10952
10952
10953
10954
10952
10953
10954
10937
10938
10939
10939
10940
10941
10940
10941
10942
10933
10934
10935
10935
10936
10937
10937
10938
10939
10939
10940
10941
10941
10942
10943
10943
10944
10945
10936
10937
10938
10936
10937
10938
10938
10939
10940
10940
10941
10942
10942
10943
10944
10944
10945
10946
10942
10943
10944
10944
10945
10946
10940
10941
10942
10942
10943
10944
10944
10945
10946
10946
10947
10948
10927
10928
10929
10929
10930
10931
10928
10929
10930
10930
10931
10932
10932
10933
10934
10934
10935
10936
10936
10937
10938
10937
10938
10939
10938
10939
10940
10933
10934
10935
10935
10936
10937
10932
10933
10934
10932
10933
10934
10933
10934
10935
10935
10936
10937
10937
10938
10939
10938
10939
10940
10937
10938
10939
10938
10939
10940
10940
10941
10942
10942
10943
10944
10943
10944
10945
10945
10946
10947
10947
10948
10949
10947
10948
10949
10949
10950
10951
10951
10952
10953
10953
10954
10955
10955
10956
10957
10957
10958
10959
10959
10960
10961
10956
10957
10958
10958
10959
10960
10960
10961
10962
10960
10961
10962
10962
10963
10964
10958
10959
10960
10959
10960
10961
10931
10932
10933
10932
10933
10934
10934
10935
10936
10936
10937
10938
10937
10938
10939
10933
10934
10935
10934
10935
10936
10935
10936
10937
10936
10937
10938
10937
10938
10939
10933
10934
10935
10933
10934
10935
10933
10934
10935
10934
10935
10936
10933
10934
10935
10935
10936
10937
10931
10932
10933
10932
10933
10934
10927
10928
10929
10924
10925
10926
10925
10926
10927
10927
10928
10929
10929
10930
10931
10931
10932
10933
10932
10933
10934
10932
10933
10934
10931
10932
10933
10917
10918
10919
10917
10918
10919
10912
10913
10914
10912
10913
10914
10913
10914
10915
10915
10916
10917
10913
10914
10915
10914
10915
10916
10916
10917
10918
10916
10917
10918
10918
10919
10920
10915
10916
10917
10902
10903
10904
10904
10905
10906
10896
10897
10898
10892
10893
10894
10894
10895
10896
10886
10887
10888
10883
10884
10885
10883
10884
10885
10885
10886
10887
10886
10887
10888
10888
10889
10890
10888
10889
10890
10889
10890
10891
10891
10892
10893
10890
10891
10892
10891
10892
10893
10893
10894
10895
10893
10894
10895
10893
10894
10895
10892
10893
10894
10894
10895
10896
10896
10897
10898
10898
10899
10900
10890
10891
10892
10887
10888
10889
10889
10890
10891
10885
10886
10887
10887
10888
10889
10884
10885
10886
10885
10886
10887
10887
10888
10889
10889
10890
10891
10891
10892
10893
10891
10892
10893
10891
10892
10893
10889
10890
10891
10887
10888
10889
10887
10888
10889
10888
10889
10890
10889
10890
10891
10891
10892
10893
10888
10889
10890
10879
10880
10881
10871
10872
10873
10873
10874
10875
10875
10876
10877
10876
10877
10878
10878
10879
10880
10848
10849
10850
10850
10851
10852
10847
10848
10849
10849
10850
10851
10850
10851
10852
10852
10853
10854
10849
10850
10851
10850
10851
10852
10851
10852
10853
10853
10854
10855
10847
10848
10849
10846
10847
10848
10847
10848
10849
10847
10848
10849
10848
10849
10850
10850
10851
10852
10852
10853
10854
10851
10852
10853
10850
10851
10852
10851
10852
10853
10852
10853
10854
10854
10855
10856
10854
10855
10856
10856
10857
10858
10856
10857
10858
10856
10857
10858
10858
10859
10860
10854
10855
10856
10855
10856
10857
10856
10857
10858
10856
10857
10858
10858
10859
10860
10856
10857
10858
10857
10858
10859
10859
10860
10861
10861
10862
10863
10862
10863
10864
10863
10864
10865
10865
10866
10867
10867
10868
10869
10869
10870
10871
10871
10872
10873
10873
10874
10875
10869
10870
10871
10855
10856
10857
10857
10858
10859
10856
10857
10858
10854
10855
10856
10856
10857
10858
10857
10858
10859
10859
10860
10861
10861
10862
10863
10862
10863
10864
10864
10865
10866
10866
10867
10868
10867
10868
10869
10865
10866
10867
10866
10867
10868
10866
10867
10868
10860
10861
10862
10862
10863
10864
10864
10865
10866
10866
10867
10868
10837
10838
10839
10835
10836
10837
10837
10838
10839
10838
10839
10840
10840
10841
10842
10836
10837
10838
10838
10839
10840
10838
10839
10840
10838
10839
10840
10839
10840
10841
10841
10842
10843
10837
10838
10839
10837
10838
10839
10839
10840
10841
10837
10838
10839
10825
10826
10827
10827
10828
10829
10826
10827
10828
10811
10812
10813
10813
10814
10815
10815
10816
10817
10817
10818
10819
10819
10820
10821
10821
10822
10823
10807
10808
10809
10809
10810
10811
10811
10812
10813
10811
10812
10813
10809
10810
10811
10810
10811
10812
10812
10813
10814
10814
10815
10816
10815
10816
10817
10817
10818
10819
10816
10817
10818
10818
10819
10820
10820
10821
10822
10821
10822
10823
10823
10824
10825
10825
10826
10827
10825
10826
10827
10826
10827
10828
10828
10829
10830
10828
10829
10830
10830
10831
10832
10832
10833
10834
10831
10832
10833
10833
10834
10835
10827
10828
10829
10829
10830
10831
10828
10829
10830
10830
10831
10832
10832
10833
10834
10834
10835
10836
10834
10835
10836
10829
10830
10831
10831
10832
10833
10823
10824
10825
10825
10826
10827
10820
10821
10822
10822
10823
10824
10824
10825
10826
10826
10827
10828
10826
10827
10828
10815
10816
10817
10817
10818
10819
10817
10818
10819
10818
10819
10820
10820
10821
10822
10821
10822
10823
10823
10824
10825
10824
10825
10826
10825
10826
10827
10826
10827
10828
10828
10829
10830
10829
10830
10831
10827
10828
10829
10827
10828
10829
10829
10830
10831
10831
10832
10833
10833
10834
10835
10816
10817
10818
10810
10811
10812
10808
10809
10810
10810
10811
10812
10812
10813
10814
10813
10814
10815
10814
10815
10816
10811
10812
10813
10813
10814
10815
10815
10816
10817
10812
10813
10814
10813
10814
10815
10815
10816
10817
10815
10816
10817
10817
10818
10819
10816
10817
10818
10818
10819
10820
10752
10753
10754
10754
10755
10756
10756
10757
10758
10758
10759
10760
10759
10760
10761
10761
10762
10763
10762
10763
10764
10761
10762
10763
10762
10763
10764
10762
10763
10764
10762
10763
10764
10759
10760
10761
10761
10762
10763
10763
10764
10765
10749
10750
10751
10751
10752
10753
10752
10753
10754
10753
10754
10755
10755
10756
10757
10754
10755
10756
10754
10755
10756
10752
10753
10754
10754
10755
10756
10754
10755
10756
10755
10756
10757
10757
10758
10759
10759
10760
10761
10754
10755
10756
10756
10757
10758
10757
10758
10759
10756
10757
10758
10758
10759
10760
10760
10761
10762
10762
10763
10764
10764
10765
10766
10764
10765
10766
10766
10767
10768
10767
10768
10769
10768
10769
10770
10768
10769
10770
10764
10765
10766
10766
10767
10768
10761
10762
10763
10763
10764
10765
10763
10764
10765
10763
10764
10765
10764
10765
10766
10763
10764
10765
10761
10762
10763
10763
10764
10765
10763
10764
10765
10762
10763
10764
10764
10765
10766
10766
10767
10768
10767
10768
10769
10769
10770
10771
10771
10772
10773
10772
10773
10774
10771
10772
10773
10769
10770
10771
10771
10772
10773
10771
10772
10773
10771
10772
10773
10763
10764
10765
10764
10765
10766
10764
10765
10766
10766
10767
10768
10768
10769
10770
10759
10760
10761
10758
10759
10760
10760
10761
10762
10762
10763
10764
10760
10761
10762
10758
10759
10760
10760
10761
10762
10760
10761
10762
10752
10753
10754
10754
10755
10756
10754
10755
10756
10753
10754
10755
10755
10756
10757
10756
10757
10758
10757
10758
10759
10759
10760
10761
10761
10762
10763
10763
10764
10765
10765
10766
10767
10767
10768
10769
10769
10770
10771
10771
10772
10773
10773
10774
10775
10773
10774
10775
10775
10776
10777
10772
10773
10774
10774
10775
10776
10775
10776
10777
10775
10776
10777
10777
10778
10779
10777
10778
10779
10779
10780
10781
10776
10777
10778
10778
10779
10780
10779
10780
10781
10781
10782
10783
10774
10775
10776
10775
10776
10777
10774
10775
10776
10776
10777
10778
10777
10778
10779
10769
10770
10771
10771
10772
10773
10773
10774
10775
10775
10776
10777
10775
10776
10777
10777
10778
10779
10772
10773
10774
10774
10775
10776
10776
10777
10778
10771
10772
10773
10770
10771
10772
10769
10770
10771
10771
10772
10773
10773
10774
10775
10774
10775
10776
10775
10776
10777
10759
10760
10761
10761
10762
10763
10762
10763
10764
10761
10762
10763
10763
10764
10765
10765
10766
10767
10767
10768
10769
10763
10764
10765
10748
10749
10750
10741
10742
10743
10737
10738
10739
10739
10740
10741
10741
10742
10743
10735
10736
10737
10724
10725
10726
10714
10715
10716
10716
10717
10718
10708
10709
10710
10708
10709
10710
10708
10709
10710
10710
10711
10712
10711
10712
10713
10710
10711
10712
10707
10708
10709
10704
10705
10706
10705
10706
10707
10706
10707
10708
10708
10709
10710
10703
10704
10705
10704
10705
10706
10705
10706
10707
10699
10700
10701
10701
10702
10703
10703
10704
10705
10704
10705
10706
10699
10700
10701
10701
10702
10703
10697
10698
10699
10699
10700
10701
10700
10701
10702
10694
10695
10696
10696
10697
10698
10698
10699
10700
10700
10701
10702
10702
10703
10704
10704
10705
10706
10697
10698
10699
10697
10698
10699
10699
10700
10701
10701
10702
10703
10701
10702
10703
10703
10704
10705
10701
10702
10703
10703
10704
10705
10704
10705
10706
10694
10695
10696
10695
10696
10697
10695
10696
10697
10695
10696
10697
10697
10698
10699
10697
10698
10699
10699
10700
10701
10701
10702
10703
10701
10702
10703
10703
10704
10705
10704
10705
10706
10706
10707
10708
10708
10709
10710
10710
10711
10712
10701
10702
10703
10680
10681
10682
10671
10672
10673
10673
10674
10675
10672
10673
10674
10671
10672
10673
10673
10674
10675
10675
10676
10677
10677
10678
10679
10678
10679
10680
10680
10681
10682
10681
10682
10683
10683
10684
10685
10679
10680
10681
10680
10681
10682
10682
10683
10684
10676
10677
10678
10678
10679
10680
10675
10676
10677
10677
10678
10679
10679
10680
10681
10681
10682
10683
10683
10684
10685
10684
10685
10686
10685
10686
10687
10687
10688
10689
10689
10690
10691
10691
10692
10693
10693
10694
10695
10694
10695
10696
10693
10694
10695
10671
10672
10673
10672
10673
10674
10674
10675
10676
10675
10676
10677
10677
10678
10679
10672
10673
10674
10674
10675
10676
10676
10677
10678
10678
10679
10680
10680
10681
10682
10682
10683
10684
10681
10682
10683
10679
10680
10681
10676
10677
10678
10678
10679
10680
10680
10681
10682
10680
10681
10682
10681
10682
10683
10683
10684
10685
10685
10686
10687
10685
10686
10687
10687
10688
10689
10680
10681
10682
10682
10683
10684
10684
10685
10686
10685
10686
10687
10686
10687
10688
10688
10689
10690
10690
10691
10692
10692
10693
10694
10692
10693
10694
10694
10695
10696
10694
10695
10696
10691
10692
10693
10692
10693
10694
10694
10695
10696
10696
10697
10698
10698
10699
10700
10700
10701
10702
10700
10701
10702
10702
10703
10704
10704
10705
10706
10704
10705
10706
10706
10707
10708
10706
10707
10708
10707
10708
10709
10706
10707
10708
10708
10709
10710
10710
10711
10712
10712
10713
10714
10713
10714
10715
10715
10716
10717
10706
10707
10708
10708
10709
10710
10706
10707
10708
10706
10707
10708
10708
10709
10710
10710
10711
10712
10711
10712
10713
10707
10708
10709
10706
10707
10708
10707
10708
10709
10709
10710
10711
10711
10712
10713
10713
10714
10715
10712
10713
10714
10714
10715
10716
10716
10717
10718
10718
10719
10720
10720
10721
10722
10722
10723
10724
10708
10709
10710
10710
10711
10712
10705
10706
10707
10707
10708
10709
10709
10710
10711
10708
10709
10710
10709
10710
10711
10710
10711
10712
10712
10713
10714
10713
10714
10715
10709
10710
10711
10708
10709
10710
10706
10707
10708
10707
10708
10709
10706
10707
10708
10708
10709
10710
10709
10710
10711
10710
10711
10712
10712
10713
10714
10714
10715
10716
10715
10716
10717
10714
10715
10716
10711
10712
10713
10712
10713
10714
10709
10710
10711
10711
10712
10713
10713
10714
10715
10711
10712
10713
10707
10708
10709
10709
10710
10711
10711
10712
10713
10710
10711
10712
10712
10713
10714
10714
10715
10716
10716
10717
10718
10718
10719
10720
10719
10720
10721
10721
10722
10723
10721
10722
10723
10723
10724
10725
10721
10722
10723
10723
10724
10725
10723
10724
10725
10725
10726
10727
10725
10726
10727
10727
10728
10729
10727
10728
10729
10729
10730
10731
10731
10732
10733
10717
10718
10719
10714
10715
10716
10708
10709
10710
10709
10710
10711
10695
10696
10697
10691
10692
10693
10688
10689
10690
10690
10691
10692
10691
10692
10693
10693
10694
10695
10695
10696
10697
10695
10696
10697
10697
10698
10699
10699
10700
10701
10701
10702
10703
10695
10696
10697
10689
10690
10691
10691
10692
10693
10693
10694
10695
10695
10696
10697
10697
10698
10699
10699
10700
10701
10701
10702
10703
10702
10703
10704
10704
10705
10706
10706
10707
10708
10703
10704
10705
10705
10706
10707
10704
10705
10706
10705
10706
10707
10706
10707
10708
10708
10709
10710
10709
10710
10711
10711
10712
10713
10713
10714
10715
10714
10715
10716
10710
10711
10712
10712
10713
10714
10713
10714
10715
10715
10716
10717
10714
10715
10716
10715
10716
10717
10717
10718
10719
10719
10720
10721
10720
10721
10722
10719
10720
10721
10721
10722
10723
10717
10718
10719
10718
10719
10720
10720
10721
10722
10721
10722
10723
10709
10710
10711
10709
10710
10711
10706
10707
10708
10702
10703
10704
10700
10701
10702
10702
10703
10704
10703
10704
10705
10705
10706
10707
10705
10706
10707
10706
10707
10708
10707
10708
10709
10708
10709
10710
10709
10710
10711
10711
10712
10713
10711
10712
10713
10712
10713
10714
10714
10715
10716
10716
10717
10718
10718
10719
10720
10720
10721
10722
10722
10723
10724
10723
10724
10725
10725
10726
10727
10727
10728
10729
10724
10725
10726
10725
10726
10727
10727
10728
10729
10729
10730
10731
10731
10732
10733
10730
10731
10732
10731
10732
10733
10729
10730
10731
10729
10730
10731
10725
10726
10727
10716
10717
10718
10713
10714
10715
10715
10716
10717
10717
10718
10719
10717
10718
10719
10719
10720
10721
10715
10716
10717
10716
10717
10718
10718
10719
10720
10719
10720
10721
10721
10722
10723
10723
10724
10725
10725
10726
10727
10721
10722
10723
10721
10722
10723
10723
10724
10725
10725
10726
10727
10723
10724
10725
10720
10721
10722
10720
10721
10722
10721
10722
10723
10722
10723
10724
10724
10725
10726
10726
10727
10728
10728
10729
10730
10730
10731
10732
10732
10733
10734
10732
10733
10734
10734
10735
10736
10728
10729
10730
10728
10729
10730
10729
10730
10731
10728
10729
10730
10729
10730
10731
10731
10732
10733
10720
10721
10722
10717
10718
10719
10713
10714
10715
10715
10716
10717
10714
10715
10716
10716
10717
10718
10718
10719
10720
10719
10720
10721
10721
10722
10723
10722
10723
10724
10724
10725
10726
10717
10718
10719
10719
10720
10721
10720
10721
10722
10722
10723
10724
10724
10725
10726
10725
10726
10727
10722
10723
10724
10724
10725
10726
10726
10727
10728
10728
10729
10730
10729
10730
10731
10731
10732
10733
10733
10734
10735
10733
10734
10735
10731
10732
10733
10733
10734
10735
10735
10736
10737
10735
10736
10737
10724
10725
10726
10726
10727
10728
10724
10725
10726
10715
10716
10717
10717
10718
10719
10715
10716
10717
10714
10715
10716
10716
10717
10718
10716
10717
10718
10718
10719
10720
10719
10720
10721
10721
10722
10723
10723
10724
10725
10724
10725
10726
10722
10723
10724
10724
10725
10726
10725
10726
10727
10725
10726
10727
10727
10728
10729
10727
10728
10729
10729
10730
10731
10723
10724
10725
10725
10726
10727
10726
10727
10728
10728
10729
10730
10729
10730
10731
10731
10732
10733
10731
10732
10733
10729
10730
10731
10731
10732
10733
10732
10733
10734
10731
10732
10733
10732
10733
10734
10734
10735
10736
10736
10737
10738
10736
10737
10738
10737
10738
10739
10732
10733
10734
10715
10716
10717
10716
10717
10718
10718
10719
10720
10720
10721
10722
10721
10722
10723
10723
10724
10725
10725
10726
10727
10727
10728
10729
10729
10730
10731
10731
10732
10733
10731
10732
10733
10733
10734
10735
10734
10735
10736
10733
10734
10735
10735
10736
10737
10737
10738
10739
10737
10738
10739
10737
10738
10739
10739
10740
10741
10740
10741
10742
10741
10742
10743
10741
10742
10743
10742
10743
10744
10733
10734
10735
10731
10732
10733
10733
10734
10735
10735
10736
10737
10735
10736
10737
10733
10734
10735
10735
10736
10737
10737
10738
10739
10739
10740
10741
10740
10741
10742
10740
10741
10742
10742
10743
10744
10739
10740
10741
10741
10742
10743
10742
10743
10744
10743
10744
10745
10732
10733
10734
10734
10735
10736
10729
10730
10731
10731
10732
10733
10731
10732
10733
10731
10732
10733
10730
10731
10732
10732
10733
10734
10734
10735
10736
10733
10734
10735
10735
10736
10737
10737
10738
10739
10739
10740
10741
10736
10737
10738
10738
10739
10740
10734
10735
10736
10735
10736
10737
10732
10733
10734
10731
10732
10733
10733
10734
10735
10730
10731
10732
10732
10733
10734
10730
10731
10732
10732
10733
10734
10732
10733
10734
10726
10727
10728
10723
10724
10725
10722
10723
10724
10724
10725
10726
10716
10717
10718
10718
10719
10720
10720
10721
10722
10713
10714
10715
10711
10712
10713
10709
10710
10711
10704
10705
10706
10703
10704
10705
10705
10706
10707
10707
10708
10709
10709
10710
10711
10711
10712
10713
10709
10710
10711
10711
10712
10713
10711
10712
10713
10713
10714
10715
10715
10716
10717
10717
10718
10719
10719
10720
10721
10721
10722
10723
10723
10724
10725
10725
10726
10727
10720
10721
10722
10722
10723
10724
10723
10724
10725
10725
10726
10727
10727
10728
10729
10729
10730
10731
10728
10729
10730
10730
10731
10732
10732
10733
10734
10734
10735
10736
10736
10737
10738
10731
10732
10733
10733
10734
10735
10731
10732
10733
10730
10731
10732
10732
10733
10734
10733
10734
10735
10735
10736
10737
10737
10738
10739
10734
10735
10736
10736
10737
10738
10738
10739
10740
10737
10738
10739
10739
10740
10741
10740
10741
10742
10742
10743
10744
10742
10743
10744
10744
10745
10746
10746
10747
10748
10748
10749
10750
10744
10745
10746
10746
10747
10748
10745
10746
10747
10747
10748
10749
10745
10746
10747
10747
10748
10749
10744
10745
10746
10746
10747
10748
10748
10749
10750
10750
10751
10752
10750
10751
10752
10752
10753
10754
10754
10755
10756
10756
10757
10758
10758
10759
10760
10760
10761
10762
10762
10763
10764
10764
10765
10766
10766
10767
10768
10763
10764
10765
10763
10764
10765
10764
10765
10766
10765
10766
10767
10767
10768
10769
10765
10766
10767
10765
10766
10767
10764
10765
10766
10760
10761
10762
10759
10760
10761
10761
10762
10763
10756
10757
10758
10758
10759
10760
10759
10760
10761
10757
10758
10759
10756
10757
10758
10756
10757
10758
10758
10759
10760
10758
10759
10760
10760
10761
10762
10762
10763
10764
10764
10765
10766
10766
10767
10768
10757
10758
10759
10758
10759
10760
10759
10760
10761
10757
10758
10759
10758
10759
10760
10760
10761
10762
10761
10762
10763
10761
10762
10763
10763
10764
10765
10764
10765
10766
10766
10767
10768
10767
10768
10769
10761
10762
10763
10763
10764
10765
10763
10764
10765
10760
10761
10762
10760
10761
10762
10761
10762
10763
10763
10764
10765
10763
10764
10765
10744
10745
10746
10745
10746
10747
10747
10748
10749
10749
10750
10751
10751
10752
10753
10741
10742
10743
10737
10738
10739
10739
10740
10741
10733
10734
10735
10732
10733
10734
10731
10732
10733
10732
10733
10734
10731
10732
10733
10733
10734
10735
10735
10736
10737
10736
10737
10738
10738
10739
10740
10732
10733
10734
10733
10734
10735
10735
10736
10737
10737
10738
10739
10739
10740
10741
10730
10731
10732
10717
10718
10719
10718
10719
10720
10720
10721
10722
10720
10721
10722
10721
10722
10723
10723
10724
10725
10708
10709
10710
10709
10710
10711
10711
10712
10713
10713
10714
10715
10713
10714
10715
10709
10710
10711
10711
10712
10713
10713
10714
10715
10714
10715
10716
10716
10717
10718
10718
10719
10720
10720
10721
10722
10721
10722
10723
10721
10722
10723
10723
10724
10725
10725
10726
10727
10727
10728
10729
10729
10730
10731
10731
10732
10733
10729
10730
10731
10731
10732
10733
10731
10732
10733
10732
10733
10734
10732
10733
10734
10734
10735
10736
10736
10737
10738
10738
10739
10740
10734
10735
10736
10735
10736
10737
10737
10738
10739
10737
10738
10739
10738
10739
10740
10740
10741
10742
10735
10736
10737
10736
10737
10738
10737
10738
10739
10739
10740
10741
10732
10733
10734
10734
10735
10736
10731
10732
10733
10730
10731
10732
10732
10733
10734
10734
10735
10736
10736
10737
10738
10738
10739
10740
10740
10741
10742
10738
10739
10740
10731
10732
10733
10733
10734
10735
10713
10714
10715
10715
10716
10717
10713
10714
10715
10715
10716
10717
10712
10713
10714
10714
10715
10716
10715
10716
10717
10717
10718
10719
10719
10720
10721
10721
10722
10723
10723
10724
10725
10723
10724
10725
10725
10726
10727
10726
10727
10728
10727
10728
10729
10729
10730
10731
10729
10730
10731
10731
10732
10733
10732
10733
10734
10728
10729
10730
10730
10731
10732
10732
10733
10734
10730
10731
10732
10728
10729
10730
10719
10720
10721
10720
10721
10722
10722
10723
10724
10724
10725
10726
10725
10726
10727
10727
10728
10729
10728
10729
10730
10730
10731
10732
10732
10733
10734
10729
10730
10731
10731
10732
10733
10733
10734
10735
10727
10728
10729
10729
10730
10731
10731
10732
10733
10733
10734
10735
10735
10736
10737
10737
10738
10739
10739
10740
10741
10741
10742
10743
10743
10744
10745
10743
10744
10745
10744
10745
10746
10744
10745
10746
10744
10745
10746
10746
10747
10748
10744
10745
10746
10746
10747
10748
10748
10749
10750
10748
10749
10750
10750
10751
10752
10751
10752
10753
10753
10754
10755
10755
10756
10757
10756
10757
10758
10758
10759
10760
10759
10760
10761
10761
10762
10763
10760
10761
10762
10759
10760
10761
10759
10760
10761
10760
10761
10762
10745
10746
10747
10745
10746
10747
10747
10748
10749
10749
10750
10751
10751
10752
10753
10751
10752
10753
10750
10751
10752
10752
10753
10754
10754
10755
10756
10755
10756
10757
10757
10758
10759
10757
10758
10759
10759
10760
10761
10761
10762
10763
10762
10763
10764
10763
10764
10765
10765
10766
10767
10761
10762
10763
10761
10762
10763
10762
10763
10764
10763
10764
10765
10760
10761
10762
10761
10762
10763
10763
10764
10765
10761
10762
10763
10763
10764
10765
10764
10765
10766
10762
10763
10764
10763
10764
10765
10765
10766
10767
10767
10768
10769
10769
10770
10771
10771
10772
10773
10771
10772
10773
10772
10773
10774
10774
10775
10776
10776
10777
10778
10775
10776
10777
10774
10775
10776
10774
10775
10776
10776
10777
10778
10777
10778
10779
10778
10779
10780
10780
10781
10782
10781
10782
10783
10783
10784
10785
10785
10786
10787
10786
10787
10788
10785
10786
10787
10786
10787
10788
10783
10784
10785
10785
10786
10787
10774
10775
10776
10775
10776
10777
10776
10777
10778
10776
10777
10778
10778
10779
10780
10780
10781
10782
10780
10781
10782
10774
10775
10776
10776
10777
10778
10773
10774
10775
10775
10776
10777
10777
10778
10779
10779
10780
10781
10781
10782
10783
10783
10784
10785
10783
10784
10785
10785
10786
10787
10787
10788
10789
10789
10790
10791
10790
10791
10792
10784
10785
10786
10783
10784
10785
10785
10786
10787
10786
10787
10788
10787
10788
10789
10787
10788
10789
10789
10790
10791
10789
10790
10791
10791
10792
10793
10792
10793
10794
10794
10795
10796
10790
10791
10792
10789
10790
10791
10790
10791
10792
10789
10790
10791
10791
10792
10793
10792
10793
10794
10794
10795
10796
10796
10797
10798
10784
10785
10786
10785
10786
10787
10787
10788
10789
10789
10790
10791
10787
10788
10789
10788
10789
10790
10788
10789
10790
10787
10788
10789
10789
10790
10791
10790
10791
10792
10789
10790
10791
10791
10792
10793
10786
10787
10788
10784
10785
10786
10783
10784
10785
10785
10786
10787
10786
10787
10788
10782
10783
10784
10784
10785
10786
10784
10785
10786
10785
10786
10787
10787
10788
10789
10788
10789
10790
10784
10785
10786
10786
10787
10788
10783
10784
10785
10781
10782
10783
10777
10778
10779
10778
10779
10780
10779
10780
10781
10756
10757
10758
10758
10759
10760
10758
10759
10760
10760
10761
10762
10753
10754
10755
10754
10755
10756
10752
10753
10754
10724
10725
10726
10726
10727
10728
10727
10728
10729
10729
10730
10731
10731
10732
10733
10733
10734
10735
10735
10736
10737
10737
10738
10739
10739
10740
10741
10731
10732
10733
10733
10734
10735
10734
10735
10736
10736
10737
10738
10738
10739
10740
10740
10741
10742
10741
10742
10743
10740
10741
10742
10742
10743
10744
10744
10745
10746
10746
10747
10748
10729
10730
10731
10729
10730
10731
10731
10732
10733
10715
10716
10717
10715
10716
10717
10717
10718
10719
10718
10719
10720
10719
10720
10721
10721
10722
10723
10723
10724
10725
10725
10726
10727
10727
10728
10729
10729
10730
10731
10730
10731
10732
10731
10732
10733
10733
10734
10735
10734
10735
10736
10735
10736
10737
10734
10735
10736
10736
10737
10738
10729
10730
10731
10727
10728
10729
10727
10728
10729
10729
10730
10731
10731
10732
10733
10733
10734
10735
10733
10734
10735
10735
10736
10737
10736
10737
10738
10738
10739
10740
10740
10741
10742
10741
10742
10743
10739
10740
10741
10738
10739
10740
10740
10741
10742
10738
10739
10740
10740
10741
10742
10740
10741
10742
10742
10743
10744
10744
10745
10746
10746
10747
10748
10736
10737
10738
10736
10737
10738
10738
10739
10740
10740
10741
10742
10742
10743
10744
10739
10740
10741
10739
10740
10741
10740
10741
10742
10737
10738
10739
10739
10740
10741
10727
10728
10729
10729
10730
10731
10731
10732
10733
10731
10732
10733
10732
10733
10734
10734
10735
10736
10735
10736
10737
10735
10736
10737
10727
10728
10729
10729
10730
10731
10729
10730
10731
10731
10732
10733
10733
10734
10735
10735
10736
10737
10737
10738
10739
10738
10739
10740
10740
10741
10742
10742
10743
10744
10742
10743
10744
10743
10744
10745
10744
10745
10746
10744
10745
10746
10746
10747
10748
10748
10749
10750
10747
10748
10749
10744
10745
10746
10742
10743
10744
10743
10744
10745
10745
10746
10747
10746
10747
10748
10747
10748
10749
10748
10749
10750
10748
10749
10750
10749
10750
10751
10751
10752
10753
10751
10752
10753
10751
10752
10753
10753
10754
10755
10754
10755
10756
10756
10757
10758
10758
10759
10760
10760
10761
10762
10762
10763
10764
10763
10764
10765
10764
10765
10766
10766
10767
10768
10757
10758
10759
10756
10757
10758
10758
10759
10760
10750
10751
10752
10737
10738
10739
10727
10728
10729
10729
10730
10731
10706
10707
10708
10706
10707
10708
10703
10704
10705
10700
10701
10702
10702
10703
10704
10703
10704
10705
10705
10706
10707
10697
10698
10699
10698
10699
10700
10700
10701
10702
10702
10703
10704
10702
10703
10704
10700
10701
10702
10702
10703
10704
10700
10701
10702
10702
10703
10704
10691
10692
10693
10689
10690
10691
10691
10692
10693
10685
10686
10687
10687
10688
10689
10689
10690
10691
10691
10692
10693
10692
10693
10694
10694
10695
10696
10696
10697
10698
10696
10697
10698
10698
10699
10700
10697
10698
10699
10699
10700
10701
10701
10702
10703
10700
10701
10702
10701
10702
10703
10703
10704
10705
10705
10706
10707
10703
10704
10705
10705
10706
10707
10706
10707
10708
10707
10708
10709
10709
10710
10711
10711
10712
10713
10713
10714
10715
10712
10713
10714
10714
10715
10716
10715
10716
10717
10714
10715
10716
10716
10717
10718
10718
10719
10720
10719
10720
10721
10720
10721
10722
10722
10723
10724
10724
10725
10726
10720
10721
10722
10722
10723
10724
10724
10725
10726
10725
10726
10727
10724
10725
10726
10725
10726
10727
10727
10728
10729
10728
10729
10730
10730
10731
10732
10732
10733
10734
10734
10735
10736
10735
10736
10737
10737
10738
10739
10732
10733
10734
10734
10735
10736
10736
10737
10738
10736
10737
10738
10737
10738
10739
10737
10738
10739
10739
10740
10741
10741
10742
10743
10740
10741
10742
10739
10740
10741
10741
10742
10743
10740
10741
10742
10742
10743
10744
10739
10740
10741
10732
10733
10734
10733
10734
10735
10734
10735
10736
10735
10736
10737
10733
10734
10735
10733
10734
10735
10735
10736
10737
10737
10738
10739
10739
10740
10741
10738
10739
10740
10740
10741
10742
10741
10742
10743
10742
10743
10744
10744
10745
10746
10743
10744
10745
10743
10744
10745
10732
10733
10734
10730
10731
10732
10730
10731
10732
10732
10733
10734
10731
10732
10733
10733
10734
10735
10731
10732
10733
10733
10734
10735
10734
10735
10736
10731
10732
10733
10733
10734
10735
10735
10736
10737
10735
10736
10737
10729
10730
10731
10730
10731
10732
10723
10724
10725
10718
10719
10720
10720
10721
10722
10721
10722
10723
10719
10720
10721
10712
10713
10714
10710
10711
10712
10699
10700
10701
10700
10701
10702
10700
10701
10702
10702
10703
10704
10702
10703
10704
10704
10705
10706
10705
10706
10707
10707
10708
10709
10708
10709
10710
10710
10711
10712
10709
10710
10711
10707
10708
10709
10705
10706
10707
10707
10708
10709
10708
10709
10710
10708
10709
10710
10710
10711
10712
10705
10706
10707
10707
10708
10709
10709
10710
10711
10711
10712
10713
10711
10712
10713
10713
10714
10715
10715
10716
10717
10713
10714
10715
10713
10714
10715
10710
10711
10712
10712
10713
10714
10714
10715
10716
10716
10717
10718
10717
10718
10719
10719
10720
10721
10717
10718
10719
10718
10719
10720
10720
10721
10722
10721
10722
10723
10720
10721
10722
10716
10717
10718
10717
10718
10719
10708
10709
10710
10704
10705
10706
10702
10703
10704
10702
10703
10704
10699
10700
10701
10699
10700
10701
10701
10702
10703
10692
10693
10694
10691
10692
10693
10693
10694
10695
10695
10696
10697
10695
10696
10697
10697
10698
10699
10696
10697
10698
10698
10699
10700
10700
10701
10702
10702
10703
10704
10699
10700
10701
10701
10702
10703
10703
10704
10705
10705
10706
10707
10707
10708
10709
10709
10710
10711
10711
10712
10713
10713
10714
10715
10704
10705
10706
10706
10707
10708
10708
10709
10710
10703
10704
10705
10705
10706
10707
10704
10705
10706
10706
10707
10708
10708
10709
10710
10709
10710
10711
10711
10712
10713
10713
10714
10715
10709
10710
10711
10707
10708
10709
10708
10709
10710
10709
10710
10711
10711
10712
10713
10713
10714
10715
10715
10716
10717
10711
10712
10713
10713
10714
10715
10715
10716
10717
10717
10718
10719
10719
10720
10721
10721
10722
10723
10723
10724
10725
10722
10723
10724
10724
10725
10726
10724
10725
10726
10723
10724
10725
10710
10711
10712
10712
10713
10714
10714
10715
10716
10714
10715
10716
10716
10717
10718
10718
10719
10720
10711
10712
10713
10708
10709
10710
10708
10709
10710
10710
10711
10712
10711
10712
10713
10713
10714
10715
10715
10716
10717
10717
10718
10719
10719
10720
10721
10717
10718
10719
10719
10720
10721
10719
10720
10721
10718
10719
10720
10719
10720
10721
10721
10722
10723
10722
10723
10724
10724
10725
10726
10725
10726
10727
10701
10702
10703
10701
10702
10703
10702
10703
10704
10704
10705
10706
10701
10702
10703
10703
10704
10705
10694
10695
10696
10696
10697
10698
10698
10699
10700
10699
10700
10701
10701
10702
10703
10702
10703
10704
10704
10705
10706
10705
10706
10707
10705
10706
10707
10707
10708
10709
10707
10708
10709
10705
10706
10707
10706
10707
10708
10708
10709
10710
10710
10711
10712
10708
10709
10710
10710
10711
10712
10712
10713
10714
10714
10715
10716
10715
10716
10717
10716
10717
10718
10674
10675
10676
10670
10671
10672
10672
10673
10674
10673
10674
10675
10675
10676
10677
10676
10677
10678
10678
10679
10680
10678
10679
10680
10679
10680
10681
10681
10682
10683
10683
10684
10685
10685
10686
10687
10685
10686
10687
10684
10685
10686
10683
10684
10685
10685
10686
10687
10685
10686
10687
10687
10688
10689
10689
10690
10691
10683
10684
10685
10672
10673
10674
10674
10675
10676
10675
10676
10677
10677
10678
10679
10679
10680
10681
10679
10680
10681
10681
10682
10683
10682
10683
10684
10684
10685
10686
10684
10685
10686
10685
10686
10687
10687
10688
10689
10689
10690
10691
10669
10670
10671
10670
10671
10672
10672
10673
10674
10674
10675
10676
10676
10677
10678
10678
10679
10680
10680
10681
10682
10681
10682
10683
10683
10684
10685
10685
10686
10687
10686
10687
10688
10688
10689
10690
10690
10691
10692
10692
10693
10694
10691
10692
10693
10678
10679
10680
10680
10681
10682
10679
10680
10681
10680
10681
10682
10682
10683
10684
10683
10684
10685
10681
10682
10683
10683
10684
10685
10670
10671
10672
10672
10673
10674
10674
10675
10676
10672
10673
10674
10674
10675
10676
10675
10676
10677
10677
10678
10679
10679
10680
10681
10669
10670
10671
10665
10666
10667
10667
10668
10669
10668
10669
10670
10670
10671
10672
10672
10673
10674
10673
10674
10675
10674
10675
10676
10674
10675
10676
10676
10677
10678
10678
10679
10680
10679
10680
10681
10679
10680
10681
10679
10680
10681
10677
10678
10679
10670
10671
10672
10671
10672
10673
10671
10672
10673
10672
10673
10674
10674
10675
10676
10675
10676
10677
10676
10677
10678
10678
10679
10680
10680
10681
10682
10681
10682
10683
10683
10684
10685
10685
10686
10687
10687
10688
10689
10688
10689
10690
10684
10685
10686
10686
10687
10688
10686
10687
10688
10665
10666
10667
10667
10668
10669
10654
10655
10656
10656
10657
10658
10658
10659
10660
10651
10652
10653
10653
10654
10655
10655
10656
10657
10657
10658
10659
10658
10659
10660
10660
10661
10662
10662
10663
10664
10664
10665
10666
10663
10664
10665
10665
10666
10667
10667
10668
10669
10669
10670
10671
10671
10672
10673
10668
10669
10670
10670
10671
10672
10671
10672
10673
10673
10674
10675
10671
10672
10673
10673
10674
10675
10667
10668
10669
10669
10670
10671
10667
10668
10669
10667
10668
10669
10669
10670
10671
10671
10672
10673
10667
10668
10669
10669
10670
10671
10670
10671
10672
10671
10672
10673
10673
10674
10675
10675
10676
10677
10676
10677
10678
10678
10679
10680
10680
10681
10682
10682
10683
10684
10684
10685
10686
10685
10686
10687
10687
10688
10689
10688
10689
10690
10690
10691
10692
10692
10693
10694
10691
10692
10693
10689
10690
10691
10679
10680
10681
10681
10682
10683
10680
10681
10682
10681
10682
10683
10681
10682
10683
10681
10682
10683
10683
10684
10685
10683
10684
10685
10678
10679
10680
10680
10681
10682
10682
10683
10684
10684
10685
10686
10683
10684
10685
10685
10686
10687
10683
10684
10685
10685
10686
10687
10680
10681
10682
10682
10683
10684
10680
10681
10682
10676
10677
10678
10678
10679
10680
10668
10669
10670
10670
10671
10672
10670
10671
10672
10672
10673
10674
10671
10672
10673
10671
10672
10673
10671
10672
10673
10673
10674
10675
10673
10674
10675
10662
10663
10664
10651
10652
10653
10651
10652
10653
10652
10653
10654
10654
10655
10656
10654
10655
10656
10654
10655
10656
10655
10656
10657
10653
10654
10655
10655
10656
10657
10651
10652
10653
10652
10653
10654
10653
10654
10655
10634
10635
10636
10616
10617
10618
10618
10619
10620
10613
10614
10615
10613
10614
10615
10605
10606
10607
10605
10606
10607
10607
10608
10609
10609
10610
10611
10604
10605
10606
10601
10602
10603
10603
10604
10605
10605
10606
10607
10607
10608
10609
10609
10610
10611
10609
10610
10611
10611
10612
10613
10613
10614
10615
10611
10612
10613
10602
10603
10604
10600
10601
10602
10598
10599
10600
10600
10601
10602
10599
10600
10601
10599
10600
10601
10601
10602
10603
10600
10601
10602
10599
10600
10601
10599
10600
10601
10601
10602
10603
10602
10603
10604
10604
10605
10606
10606
10607
10608
10607
10608
10609
10609
10610
10611
10611
10612
10613
10612
10613
10614
10613
10614
10615
10614
10615
10616
10616
10617
10618
10618
10619
10620
10620
10621
10622
10621
10622
10623
10623
10624
10625
10625
10626
10627
10627
10628
10629
10629
10630
10631
10630
10631
10632
10632
10633
10634
10630
10631
10632
10632
10633
10634
10632
10633
10634
10629
10630
10631
10628
10629
10630
10630
10631
10632
10632
10633
10634
10621
10622
10623
10621
10622
10623
10615
10616
10617
10614
10615
10616
10616
10617
10618
10617
10618
10619
10619
10620
10621
10621
10622
10623
10620
10621
10622
10621
10622
10623
10623
10624
10625
10622
10623
10624
10614
10615
10616
10616
10617
10618
10618
10619
10620
10599
10600
10601
10601
10602
10603
10603
10604
10605
10604
10605
10606
10606
10607
10608
10608
10609
10610
10610
10611
10612
10610
10611
10612
10606
10607
10608
10608
10609
10610
10606
10607
10608
10599
10600
10601
10594
10595
10596
10594
10595
10596
10585
10586
10587
10587
10588
10589
10580
10581
10582
10582
10583
10584
10584
10585
10586
10585
10586
10587
10582
10583
10584
10583
10584
10585
10582
10583
10584
10584
10585
10586
10580
10581
10582
10580
10581
10582
10581
10582
10583
10580
10581
10582
10577
10578
10579
10567
10568
10569
10568
10569
10570
10568
10569
10570
10569
10570
10571
10571
10572
10573
10570
10571
10572
10572
10573
10574
10574
10575
10576
10575
10576
10577
10577
10578
10579
10578
10579
10580
10580
10581
10582
10582
10583
10584
10583
10584
10585
10585
10586
10587
10587
10588
10589
10589
10590
10591
10589
10590
10591
10588
10589
10590
10589
10590
10591
10586
10587
10588
10584
10585
10586
10585
10586
10587
10584
10585
10586
10586
10587
10588
10586
10587
10588
10588
10589
10590
10589
10590
10591
10576
10577
10578
10575
10576
10577
10572
10573
10574
10569
10570
10571
10571
10572
10573
10573
10574
10575
10575
10576
10577
10575
10576
10577
10577
10578
10579
10579
10580
10581
10580
10581
10582
10570
10571
10572
10569
10570
10571
10567
10568
10569
10566
10567
10568
10565
10566
10567
10566
10567
10568
10565
10566
10567
10562
10563
10564
10539
10540
10541
10538
10539
10540
10540
10541
10542
10542
10543
10544
10543
10544
10545
10538
10539
10540
10540
10541
10542
10542
10543
10544
10543
10544
10545
10545
10546
10547
10525
10526
10527
10527
10528
10529
10527
10528
10529
10528
10529
10530
10530
10531
10532
10532
10533
10534
10534
10535
10536
10536
10537
10538
10537
10538
10539
10537
10538
10539
10538
10539
10540
10540
10541
10542
10542
10543
10544
10544
10545
10546
10546
10547
10548
10548
10549
10550
10549
10550
10551
10550
10551
10552
10551
10552
10553
10553
10554
10555
10554
10555
10556
10555
10556
10557
10557
10558
10559
10559
10560
10561
10561
10562
10563
10560
10561
10562
10562
10563
10564
10553
10554
10555
10553
10554
10555
10553
10554
10555
10554
10555
10556
10556
10557
10558
10558
10559
10560
10558
10559
10560
10557
10558
10559
10559
10560
10561
10537
10538
10539
10535
10536
10537
10534
10535
10536
10535
10536
10537
10534
10535
10536
10533
10534
10535
10535
10536
10537
10536
10537
10538
10534
10535
10536
10531
10532
10533
10530
10531
10532
10532
10533
10534
10534
10535
10536
10535
10536
10537
10536
10537
10538
10524
10525
10526
10523
10524
10525
10525
10526
10527
10520
10521
10522
10515
10516
10517
10515
10516
10517
10516
10517
10518
10516
10517
10518
10518
10519
10520
10511
10512
10513
10513
10514
10515
10511
10512
10513
10507
10508
10509
10508
10509
10510
10510
10511
10512
10512
10513
10514
10514
10515
10516
10497
10498
10499
10499
10500
10501
10501
10502
10503
10499
10500
10501
10494
10495
10496
10496
10497
10498
10498
10499
10500
10499
10500
10501
10501
10502
10503
10503
10504
10505
10505
10506
10507
10499
10500
10501
10501
10502
10503
10501
10502
10503
10503
10504
10505
10505
10506
10507
10506
10507
10508
10508
10509
10510
10510
10511
10512
10512
10513
10514
10514
10515
10516
10516
10517
10518
10518
10519
10520
10494
10495
10496
10496
10497
10498
10492
10493
10494
10494
10495
10496
10495
10496
10497
10497
10498
10499
10496
10497
10498
10498
10499
10500
10499
10500
10501
10499
10500
10501
10500
10501
10502
10501
10502
10503
10503
10504
10505
10505
10506
10507
10506
10507
10508
10508
10509
10510
10508
10509
10510
10508
10509
10510
10483
10484
10485
10485
10486
10487
10486
10487
10488
10488
10489
10490
10490
10491
10492
10491
10492
10493
10485
10486
10487
10486
10487
10488
10471
10472
10473
10471
10472
10473
10471
10472
10473
10469
10470
10471
10455
10456
10457
10456
10457
10458
10457
10458
10459
10456
10457
10458
10458
10459
10460
10460
10461
10462
10462
10463
10464
10464
10465
10466
10464
10465
10466
10465
10466
10467
10464
10465
10466
10466
10467
10468
10467
10468
10469
10469
10470
10471
10470
10471
10472
10472
10473
10474
10474
10475
10476
10475
10476
10477
10476
10477
10478
10478
10479
10480
10472
10473
10474
10474
10475
10476
10476
10477
10478
10475
10476
10477
10477
10478
10479
10479
10480
10481
10476
10477
10478
10470
10471
10472
10472
10473
10474
10470
10471
10472
10470
10471
10472
10472
10473
10474
10448
10449
10450
10450
10451
10452
10451
10452
10453
10453
10454
10455
10455
10456
10457
10457
10458
10459
10458
10459
10460
10459
10460
10461
10461
10462
10463
10462
10463
10464
10461
10462
10463
10456
10457
10458
10458
10459
10460
10460
10461
10462
10461
10462
10463
10462
10463
10464
10464
10465
10466
10466
10467
10468
10468
10469
10470
10469
10470
10471
10470
10471
10472
10470
10471
10472
10472
10473
10474
10472
10473
10474
10474
10475
10476
10474
10475
10476
10464
10465
10466
10466
10467
10468
10468
10469
10470
10470
10471
10472
10472
10473
10474
10474
10475
10476
10476
10477
10478
10474
10475
10476
10475
10476
10477
10476
10477
10478
10478
10479
10480
10477
10478
10479
10478
10479
10480
10480
10481
10482
10481
10482
10483
10481
10482
10483
10481
10482
10483
10483
10484
10485
10485
10486
10487
10484
10485
10486
10484
10485
10486
10486
10487
10488
10488
10489
10490
10489
10490
10491
10491
10492
10493
10493
10494
10495
10495
10496
10497
10489
10490
10491
10491
10492
10493
10493
10494
10495
10495
10496
10497
10493
10494
10495
10487
10488
10489
10455
10456
10457
10455
10456
10457
10457
10458
10459
10455
10456
10457
10457
10458
10459
10458
10459
10460
10460
10461
10462
10462
10463
10464
10464
10465
10466
10465
10466
10467
10467
10468
10469
10469
10470
10471
10446
10447
10448
10448
10449
10450
10449
10450
10451
10451
10452
10453
10452
10453
10454
10449
10450
10451
10451
10452
10453
10453
10454
10455
10455
10456
10457
10457
10458
10459
10459
10460
10461
10460
10461
10462
10460
10461
10462
10462
10463
10464
10464
10465
10466
10466
10467
10468
10466
10467
10468
10464
10465
10466
10463
10464
10465
10449
10450
10451
10451
10452
10453
10453
10454
10455
10447
10448
10449
10449
10450
10451
10451
10452
10453
10451
10452
10453
10453
10454
10455
10455
10456
10457
10456
10457
10458
10438
10439
10440
10439
10440
10441
10441
10442
10443
10443
10444
10445
10444
10445
10446
10437
10438
10439
10439
10440
10441
10441
10442
10443
10440
10441
10442
10442
10443
10444
10444
10445
10446
10444
10445
10446
10446
10447
10448
10446
10447
10448
10424
10425
10426
10423
10424
10425
10420
10421
10422
10422
10423
10424
10422
10423
10424
10424
10425
10426
10425
10426
10427
10425
10426
10427
10427
10428
10429
10429
10430
10431
10431
10432
10433
10432
10433
10434
10419
10420
10421
10421
10422
10423
10419
10420
10421
10419
10420
10421
10421
10422
10423
10409
10410
10411
10410
10411
10412
10412
10413
10414
10414
10415
10416
10416
10417
10418
10418
10419
10420
10418
10419
10420
10419
10420
10421
10421
10422
10423
10423
10424
10425
10425
10426
10427
10388
10389
10390
10390
10391
10392
10380
10381
10382
10375
10376
10377
10374
10375
10376
10374
10375
10376
10374
10375
10376
10374
10375
10376
10368
10369
10370
10370
10371
10372
10372
10373
10374
10372
10373
10374
10374
10375
10376
10376
10377
10378
10378
10379
10380
10367
10368
10369
10369
10370
10371
10368
10369
10370
10367
10368
10369
10366
10367
10368
10366
10367
10368
10368
10369
10370
10370
10371
10372
10372
10373
10374
10373
10374
10375
10367
10368
10369
10369
10370
10371
10367
10368
10369
10369
10370
10371
10371
10372
10373
10373
10374
10375
10374
10375
10376
10376
10377
10378
10378
10379
10380
10379
10380
10381
10378
10379
10380
10380
10381
10382
10375
10376
10377
10374
10375
10376
10376
10377
10378
10378
10379
10380
10380
10381
10382
10382
10383
10384
10384
10385
10386
10386
10387
10388
10367
10368
10369
10369
10370
10371
10371
10372
10373
10373
10374
10375
10372
10373
10374
10373
10374
10375
10365
10366
10367
10367
10368
10369
10369
10370
10371
10368
10369
10370
10365
10366
10367
10367
10368
10369
10369
10370
10371
10369
10370
10371
10371
10372
10373
10373
10374
10375
10374
10375
10376
10372
10373
10374
10374
10375
10376
10374
10375
10376
10366
10367
10368
10368
10369
10370
10370
10371
10372
10372
10373
10374
10374
10375
10376
10371
10372
10373
10363
10364
10365
10365
10366
10367
10365
10366
10367
10366
10367
10368
10368
10369
10370
10369
10370
10371
10353
10354
10355
10353
10354
10355
10355
10356
10357
10355
10356
10357
10352
10353
10354
10352
10353
10354
10354
10355
10356
10355
10356
10357
10357
10358
10359
10358
10359
10360
10356
10357
10358
10357
10358
10359
10359
10360
10361
10353
10354
10355
10355
10356
10357
10357
10358
10359
10344
10345
10346
10343
10344
10345
10341
10342
10343
10342
10343
10344
10343
10344
10345
10345
10346
10347
10311
10312
10313
10309
10310
10311
10311
10312
10313
10313
10314
10315
10313
10314
10315
10308
10309
10310
10302
10303
10304
10299
10300
10301
10297
10298
10299
10281
10282
10283
10283
10284
10285
10278
10279
10280
10280
10281
10282
10266
10267
10268
10268
10269
10270
10270
10271
10272
10270
10271
10272
10253
10254
10255
10250
10251
10252
10247
10248
10249
10249
10250
10251
10251
10252
10253
10253
10254
10255
10249
10250
10251
10238
10239
10240
10240
10241
10242
10242
10243
10244
10243
10244
10245
10238
10239
10240
10239
10240
10241
10241
10242
10243
10242
10243
10244
10231
10232
10233
10233
10234
10235
10218
10219
10220
10220
10221
10222
10219
10220
10221
10220
10221
10222
10198
10199
10200
10200
10201
10202
10202
10203
10204
10204
10205
10206
10202
10203
10204
10187
10188
10189
10188
10189
10190
10189
10190
10191
10191
10192
10193
10193
10194
10195
10195
10196
10197
10196
10197
10198
10198
10199
10200
10200
10201
10202
10200
10201
10202
10202
10203
10204
10204
10205
10206
10205
10206
10207
10207
10208
10209
10190
10191
10192
10191
10192
10193
10193
10194
10195
10194
10195
10196
10186
10187
10188
10188
10189
10190
10186
10187
10188
10184
10185
10186
10186
10187
10188
10187
10188
10189
10189
10190
10191
10189
10190
10191
10190
10191
10192
10190
10191
10192
10192
10193
10194
10190
10191
10192
10192
10193
10194
10193
10194
10195
10195
10196
10197
10196
10197
10198
10197
10198
10199
10194
10195
10196
10196
10197
10198
10195
10196
10197
10197
10198
10199
10197
10198
10199
10197
10198
10199
10195
10196
10197
10192
10193
10194
10192
10193
10194
10194
10195
10196
10196
10197
10198
10198
10199
10200
10200
10201
10202
10202
10203
10204
10204
10205
10206
10206
10207
10208
10208
10209
10210
10190
10191
10192
10191
10192
10193
10187
10188
10189
10189
10190
10191
10191
10192
10193
10193
10194
10195
10193
10194
10195
10184
10185
10186
10181
10182
10183
10183
10184
10185
10185
10186
10187
10181
10182
10183
10183
10184
10185
10184
10185
10186
10185
10186
10187
10187
10188
10189
10189
10190
10191
10182
10183
10184
10184
10185
10186
10186
10187
10188
10188
10189
10190
10180
10181
10182
10182
10183
10184
10177
10178
10179
10179
10180
10181
10178
10179
10180
10177
10178
10179
10179
10180
10181
10181
10182
10183
10182
10183
10184
10183
10184
10185
10173
10174
10175
10175
10176
10177
10177
10178
10179
10178
10179
10180
10180
10181
10182
10181
10182
10183
10183
10184
10185
10184
10185
10186
10186
10187
10188
10188
10189
10190
10188
10189
10190
10190
10191
10192
10191
10192
10193
10183
10184
10185
10185
10186
10187
10184
10185
10186
10186
10187
10188
10184
10185
10186
10186
10187
10188
10187
10188
10189
10169
10170
10171
10171
10172
10173
10172
10173
10174
10171
10172
10173
10169
10170
10171
10169
10170
10171
10171
10172
10173
10173
10174
10175
10175
10176
10177
10174
10175
10176
10169
10170
10171
10169
10170
10171
10165
10166
10167
10166
10167
10168
10167
10168
10169
10169
10170
10171
10171
10172
10173
10171
10172
10173
10164
10165
10166
10165
10166
10167
10167
10168
10169
10162
10163
10164
10164
10165
10166
10165
10166
10167
10167
10168
10169
10162
10163
10164
10164
10165
10166
10166
10167
10168
10168
10169
10170
10170
10171
10172
10172
10173
10174
10173
10174
10175
10167
10168
10169
10169
10170
10171
10171
10172
10173
10170
10171
10172
10171
10172
10173
10171
10172
10173
10161
10162
10163
10163
10164
10165
10158
10159
10160
10160
10161
10162
10152
10153
10154
10150
10151
10152
10150
10151
10152
10151
10152
10153
10151
10152
10153
10153
10154
10155
10151
10152
10153
10144
10145
10146
10146
10147
10148
10148
10149
10150
10150
10151
10152
10152
10153
10154
10154
10155
10156
10156
10157
10158
10158
10159
10160
10160
10161
10162
10162
10163
10164
10164
10165
10166
10166
10167
10168
10167
10168
10169
10169
10170
10171
10171
10172
10173
10169
10170
10171
10170
10171
10172
10172
10173
10174
10174
10175
10176
10171
10172
10173
10172
10173
10174
10174
10175
10176
10170
10171
10172
10171
10172
10173
10173
10174
10175
10175
10176
10177
10175
10176
10177
10176
10177
10178
10177
10178
10179
10146
10147
10148
10134
10135
10136
10136
10137
10138
10138
10139
10140
10133
10134
10135
10135
10136
10137
10133
10134
10135
10130
10131
10132
10132
10133
10134
10130
10131
10132
10126
10127
10128
10128
10129
10130
10130
10131
10132
10131
10132
10133
10133
10134
10135
10134
10135
10136
10135
10136
10137
10133
10134
10135
10120
10121
10122
10112
10113
10114
10113
10114
10115
10115
10116
10117
10116
10117
10118
10112
10113
10114
10112
10113
10114
10114
10115
10116
10116
10117
10118
10115
10116
10117
10110
10111
10112
10112
10113
10114
10113
10114
10115
10113
10114
10115
10113
10114
10115
10098
10099
10100
10096
10097
10098
10096
10097
10098
10098
10099
10100
10100
10101
10102
10102
10103
10104
10104
10105
10106
10106
10107
10108
10107
10108
10109
10107
10108
10109
10109
10110
10111
10108
10109
10110
10094
10095
10096
10096
10097
10098
10097
10098
10099
10088
10089
10090
10084
10085
10086
10085
10086
10087
10087
10088
10089
10085
10086
10087
10087
10088
10089
10089
10090
10091
10090
10091
10092
10091
10092
10093
10077
10078
10079
10079
10080
10081
10081
10082
10083
10083
10084
10085
10085
10086
10087
10065
10066
10067
10064
10065
10066
10065
10066
10067
10067
10068
10069
10067
10068
10069
10068
10069
10070
10070
10071
10072
10072
10073
10074
10074
10075
10076
10067
10068
10069
10069
10070
10071
10064
10065
10066
10066
10067
10068
10067
10068
10069
10068
10069
10070
10069
10070
10071
10069
10070
10071
10071
10072
10073
10069
10070
10071
10066
10067
10068
10057
10058
10059
10046
10047
10048
10045
10046
10047
10047
10048
10049
10047
10048
10049
10045
10046
10047
10046
10047
10048
10046
10047
10048
10045
10046
10047
10044
10045
10046
10045
10046
10047
10047
10048
10049
10049
10050
10051
10051
10052
10053
10052
10053
10054
10054
10055
10056
10054
10055
10056
10056
10057
10058
10057
10058
10059
10058
10059
10060
10056
10057
10058
10056
10057
10058
10058
10059
10060
10060
10061
10062
10060
10061
10062
10062
10063
10064
10064
10065
10066
10066
10067
10068
10068
10069
10070
10064
10065
10066
10066
10067
10068
10068
10069
10070
10069
10070
10071
10070
10071
10072
10066
10067
10068
10066
10067
10068
10055
10056
10057
10055
10056
10057
10057
10058
10059
10057
10058
10059
10057
10058
10059
10057
10058
10059
10059
10060
10061
10061
10062
10063
10063
10064
10065
10065
10066
10067
10067
10068
10069
10067
10068
10069
10069
10070
10071
10071
10072
10073
10068
10069
10070
10069
10070
10071
10071
10072
10073
10065
10066
10067
10067
10068
10069
10069
10070
10071
10071
10072
10073
10069
10070
10071
10071
10072
10073
10071
10072
10073
10073
10074
10075
10075
10076
10077
10077
10078
10079
10079
10080
10081
10081
10082
10083
10083
10084
10085
10084
10085
10086
10083
10084
10085
10071
10072
10073
10071
10072
10073
10073
10074
10075
10046
10047
10048
10048
10049
10050
10050
10051
10052
10051
10052
10053
10046
10047
10048
10034
10035
10036
10034
10035
10036
10034
10035
10036
10033
10034
10035
10035
10036
10037
10037
10038
10039
10034
10035
10036
10036
10037
10038
10038
10039
10040
10040
10041
10042
10042
10043
10044
10037
10038
10039
10039
10040
10041
10041
10042
10043
10043
10044
10045
10039
10040
10041
10041
10042
10043
10042
10043
10044
10043
10044
10045
10040
10041
10042
10040
10041
10042
10042
10043
10044
10039
10040
10041
10028
10029
10030
10030
10031
10032
10032
10033
10034
10033
10034
10035
10032
10033
10034
10030
10031
10032
10032
10033
10034
10034
10035
10036
10035
10036
10037
10037
10038
10039
10039
10040
10041
10040
10041
10042
10031
10032
10033
10033
10034
10035
10035
10036
10037
10037
10038
10039
10039
10040
10041
10036
10037
10038
10038
10039
10040
10040
10041
10042
10042
10043
10044
10043
10044
10045
10034
10035
10036
10035
10036
10037
10033
10034
10035
10034
10035
10036
10032
10033
10034
10030
10031
10032
10032
10033
10034
10022
10023
10024
10024
10025
10026
10024
10025
10026
10026
10027
10028
10015
10016
10017
10017
10018
10019
10017
10018
10019
10015
10016
10017
10017
10018
10019
10019
10020
10021
10020
10021
10022
10020
10021
10022
10021
10022
10023
10023
10024
10025
10025
10026
10027
10026
10027
10028
10027
10028
10029
10028
10029
10030
10030
10031
10032
10032
10033
10034
10034
10035
10036
10033
10034
10035
10022
10023
10024
10024
10025
10026
10025
10026
10027
10026
10027
10028
10027
10028
10029
10025
10026
10027
10018
10019
10020
10019
10020
10021
10021
10022
10023
10021
10022
10023
10021
10022
10023
10023
10024
10025
10023
10024
10025
10024
10025
10026
10026
10027
10028
10027
10028
10029
10026
10027
10028
10028
10029
10030
10029
10030
10031
10029
10030
10031
10031
10032
10033
10033
10034
10035
10035
10036
10037
10035
10036
10037
10032
10033
10034
10034
10035
10036
10031
10032
10033
10020
10021
10022
10022
10023
10024
10024
10025
10026
10026
10027
10028
10022
10023
10024
10024
10025
10026
10023
10024
10025
10025
10026
10027
10025
10026
10027
10026
10027
10028
10028
10029
10030
10029
10030
10031
10012
10013
10014
10012
10013
10014
10008
10009
10010
10006
10007
10008
10007
10008
10009
10009
10010
10011
10010
10011
10012
10012
10013
10014
10009
10010
10011
10011
10012
10013
10013
10014
10015
10015
10016
10017
10012
10013
10014
10012
10013
10014
10005
10006
10007
10007
10008
10009
10009
10010
10011
10011
10012
10013
10012
10013
10014
9996
9997
9998
9998
9999
10000
10000
10001
10002
10002
10003
10004
10000
10001
10002
10001
10002
10003
10002
10003
10004
10004
10005
10006
10006
10007
10008
10007
10008
10009
10006
10007
10008
10008
10009
10010
10007
10008
10009
10008
10009
10010
10010
10011
10012
10012
10013
10014
10014
10015
10016
10016
10017
10018
10017
10018
10019
10019
10020
10021
10020
10021
10022
10015
10016
10017
10011
10012
10013
10013
10014
10015
10001
10002
10003
10001
10002
10003
9999
10000
10001
10000
10001
10002
10000
10001
10002
9991
9992
9993
9993
9994
9995
9990
9991
9992
9992
9993
9994
9992
9993
9994
9993
9994
9995
9993
9994
9995
9995
9996
9997
9988
9989
9990
9990
9991
9992
9992
9993
9994
9984
9985
9986
9986
9987
9988
9988
9989
9990
9989
9990
9991
9990
9991
9992
9989
9990
9991
9989
9990
9991
9986
9987
9988
9988
9989
9990
9988
9989
9990
9987
9988
9989
9989
9990
9991
9991
9992
9993
9991
9992
9993
9993
9994
9995
9995
9996
9997
9996
9997
9998
9997
9998
9999
9995
9996
9997
9992
9993
9994
9994
9995
9996
9988
9989
9990
9990
9991
9992
9982
9983
9984
9983
9984
9985
9985
9986
9987
9982
9983
9984
9984
9985
9986
9985
9986
9987
9987
9988
9989
9989
9990
9991
9991
9992
9993
9988
9989
9990
9989
9990
9991
9973
9974
9975
9973
9974
9975
9967
9968
9969
9969
9970
9971
9957
9958
9959
9929
9930
9931
9930
9931
9932
9932
9933
9934
9929
9930
9931
9931
9932
9933
9932
9933
9934
9934
9935
9936
9936
9937
9938
9935
9936
9937
9936
9937
9938
9937
9938
9939
9938
9939
9940
9940
9941
9942
9942
9943
9944
9944
9945
9946
9946
9947
9948
9947
9948
9949
9949
9950
9951
9946
9947
9948
9948
9949
9950
9950
9951
9952
9949
9950
9951
9947
9948
9949
9942
9943
9944
9944
9945
9946
9945
9946
9947
9947
9948
9949
9942
9943
9944
9944
9945
9946
9945
9946
9947
9945
9946
9947
9947
9948
9949
9949
9950
9951
9950
9951
9952
9950
9951
9952
9951
9952
9953
9953
9954
9955
9954
9955
9956
9956
9957
9958
9954
9955
9956
9956
9957
9958
9957
9958
9959
9958
9959
9960
9948
9949
9950
9950
9951
9952
9951
9952
9953
9952
9953
9954
9953
9954
9955
9955
9956
9957
9957
9958
9959
9959
9960
9961
9961
9962
9963
9962
9963
9964
9964
9965
9966
9966
9967
9968
9966
9967
9968
9965
9966
9967
9962
9963
9964
9960
9961
9962
9961
9962
9963
9962
9963
9964
9964
9965
9966
9966
9967
9968
9968
9969
9970
9966
9967
9968
9968
9969
9970
9968
9969
9970
9968
9969
9970
9962
9963
9964
9964
9965
9966
9956
9957
9958
9958
9959
9960
9960
9961
9962
9962
9963
9964
9964
9965
9966
9966
9967
9968
9965
9966
9967
9949
9950
9951
9950
9951
9952
9950
9951
9952
9948
9949
9950
9950
9951
9952
9951
9952
9953
9952
9953
9954
9954
9955
9956
9956
9957
9958
9958
9959
9960
9960
9961
9962
9962
9963
9964
9964
9965
9966
9965
9966
9967
9965
9966
9967
9964
9965
9966
9966
9967
9968
9968
9969
9970
9964
9965
9966
9966
9967
9968
9968
9969
9970
9968
9969
9970
9970
9971
9972
9972
9973
9974
9974
9975
9976
9966
9967
9968
9968
9969
9970
9970
9971
9972
9972
9973
9974
9974
9975
9976
9973
9974
9975
9970
9971
9972
9969
9970
9971
9971
9972
9973
9965
9966
9967
9967
9968
9969
9969
9970
9971
9965
9966
9967
9966
9967
9968
9967
9968
9969
9968
9969
9970
9963
9964
9965
9960
9961
9962
9955
9956
9957
9955
9956
9957
9957
9958
9959
9955
9956
9957
9957
9958
9959
9959
9960
9961
9961
9962
9963
9958
9959
9960
9960
9961
9962
9962
9963
9964
9963
9964
9965
9965
9966
9967
9967
9968
9969
9969
9970
9971
9971
9972
9973
9972
9973
9974
9974
9975
9976
9976
9977
9978
9968
9969
9970
9969
9970
9971
9971
9972
9973
9971
9972
9973
9973
9974
9975
9975
9976
9977
9975
9976
9977
9976
9977
9978
9974
9975
9976
9971
9972
9973
9971
9972
9973
9971
9972
9973
9972
9973
9974
9973
9974
9975
9972
9973
9974
9972
9973
9974
9974
9975
9976
9971
9972
9973
9973
9974
9975
9975
9976
9977
9977
9978
9979
9979
9980
9981
9981
9982
9983
9983
9984
9985
9985
9986
9987
9985
9986
9987
9987
9988
9989
9989
9990
9991
9991
9992
9993
9993
9994
9995
9995
9996
9997
9995
9996
9997
9997
9998
9999
9999
10000
10001
10001
10002
10003
10002
10003
10004
10004
10005
10006
10005
10006
10007
10006
10007
10008
10008
10009
10010
10010
10011
10012
10012
10013
10014
10014
10015
10016
10013
10014
10015
10014
10015
10016
10015
10016
10017
10017
10018
10019
10011
10012
10013
10008
10009
10010
10010
10011
10012
10005
10006
10007
10007
10008
10009
10009
10010
10011
10011
10012
10013
10013
10014
10015
10013
10014
10015
10015
10016
10017
10017
10018
10019
10019
10020
10021
10017
10018
10019
10019
10020
10021
10020
10021
10022
10022
10023
10024
10023
10024
10025
10025
10026
10027
10027
10028
10029
10003
10004
10005
10005
10006
10007
10007
10008
10009
10005
10006
10007
10000
10001
10002
9996
9997
9998
9998
9999
10000
10000
10001
10002
10000
10001
10002
10002
10003
10004
10004
10005
10006
10006
10007
10008
10008
10009
10010
10008
10009
10010
10008
10009
10010
10002
10003
10004
10002
10003
10004
10004
10005
10006
10003
10004
10005
10005
10006
10007
9995
9996
9997
9995
9996
9997
9994
9995
9996
9996
9997
9998
9993
9994
9995
9995
9996
9997
9985
9986
9987
9987
9988
9989
9987
9988
9989
9989
9990
9991
9987
9988
9989
9982
9983
9984
9946
9947
9948
9945
9946
9947
9946
9947
9948
9948
9949
9950
9950
9951
9952
9943
9944
9945
9944
9945
9946
9945
9946
9947
9946
9947
9948
9935
9936
9937
9934
9935
9936
9936
9937
9938
9936
9937
9938
9935
9936
9937
9937
9938
9939
9939
9940
9941
9941
9942
9943
9940
9941
9942
9942
9943
9944
9943
9944
9945
9945
9946
9947
9944
9945
9946
9946
9947
9948
9948
9949
9950
9950
9951
9952
9952
9953
9954
9953
9954
9955
9952
9953
9954
9936
9937
9938
9938
9939
9940
9940
9941
9942
9942
9943
9944
9944
9945
9946
9946
9947
9948
9948
9949
9950
9947
9948
9949
9947
9948
9949
9949
9950
9951
9951
9952
9953
9953
9954
9955
9955
9956
9957
9956
9957
9958
9957
9958
9959
9959
9960
9961
9961
9962
9963
9959
9960
9961
9961
9962
9963
9961
9962
9963
9961
9962
9963
9963
9964
9965
9965
9966
9967
9964
9965
9966
9963
9964
9965
9947
9948
9949
9948
9949
9950
9950
9951
9952
9949
9950
9951
9951
9952
9953
9943
9944
9945
9945
9946
9947
9947
9948
9949
9949
9950
9951
9951
9952
9953
9952
9953
9954
9950
9951
9952
9951
9952
9953
9953
9954
9955
9954
9955
9956
9955
9956
9957
9957
9958
9959
9959
9960
9961
9935
9936
9937
9937
9938
9939
9939
9940
9941
9940
9941
9942
9940
9941
9942
9940
9941
9942
9942
9943
9944
9944
9945
9946
9946
9947
9948
9945
9946
9947
9947
9948
9949
9947
9948
9949
9946
9947
9948
9946
9947
9948
9946
9947
9948
9948
9949
9950
9949
9950
9951
9951
9952
9953
9953
9954
9955
9949
9950
9951
9949
9950
9951
9950
9951
9952
9950
9951
9952
9947
9948
9949
9948
9949
9950
9950
9951
9952
9952
9953
9954
9954
9955
9956
9954
9955
9956
9956
9957
9958
9958
9959
9960
9956
9957
9958
9957
9958
9959
9959
9960
9961
9961
9962
9963
9963
9964
9965
9965
9966
9967
9967
9968
9969
9969
9970
9971
9971
9972
9973
9973
9974
9975
9971
9972
9973
9973
9974
9975
9975
9976
9977
9976
9977
9978
9968
9969
9970
9969
9970
9971
9971
9972
9973
9965
9966
9967
9965
9966
9967
9959
9960
9961
9957
9958
9959
9953
9954
9955
9955
9956
9957
9957
9958
9959
9956
9957
9958
9958
9959
9960
9956
9957
9958
9958
9959
9960
9958
9959
9960
9959
9960
9961
9961
9962
9963
9961
9962
9963
9959
9960
9961
9961
9962
9963
9963
9964
9965
9965
9966
9967
9967
9968
9969
9966
9967
9968
9968
9969
9970
9958
9959
9960
9960
9961
9962
9962
9963
9964
9964
9965
9966
9964
9965
9966
9965
9966
9967
9961
9962
9963
9962
9963
9964
9964
9965
9966
9966
9967
9968
9968
9969
9970
9964
9965
9966
9966
9967
9968
9967
9968
9969
9969
9970
9971
9969
9970
9971
9966
9967
9968
9968
9969
9970
9970
9971
9972
9971
9972
9973
9973
9974
9975
9975
9976
9977
9966
9967
9968
9968
9969
9970
9970
9971
9972
9972
9973
9974
9973
9974
9975
9974
9975
9976
9974
9975
9976
9967
9968
9969
9967
9968
9969
9965
9966
9967
9966
9967
9968
9968
9969
9970
9970
9971
9972
9971
9972
9973
9970
9971
9972
9972
9973
9974
9974
9975
9976
9968
9969
9970
9966
9967
9968
9968
9969
9970
9970
9971
9972
9972
9973
9974
9972
9973
9974
9974
9975
9976
9972
9973
9974
9974
9975
9976
9974
9975
9976
9963
9964
9965
9965
9966
9967
9956
9957
9958
9958
9959
9960
9960
9961
9962
9954
9955
9956
9955
9956
9957
9945
9946
9947
9937
9938
9939
9935
9936
9937
9935
9936
9937
9929
9930
9931
9931
9932
9933
9926
9927
9928
9926
9927
9928
9928
9929
9930
9929
9930
9931
9931
9932
9933
9928
9929
9930
9929
9930
9931
9931
9932
9933
9930
9931
9932
9928
9929
9930
9929
9930
9931
9931
9932
9933
9932
9933
9934
9932
9933
9934
9934
9935
9936
9935
9936
9937
9929
9930
9931
9930
9931
9932
9932
9933
9934
9921
9922
9923
9918
9919
9920
9920
9921
9922
9913
9914
9915
9907
9908
9909
9909
9910
9911
9910
9911
9912
9912
9913
9914
9910
9911
9912
9910
9911
9912
9909
9910
9911
9911
9912
9913
9912
9913
9914
9914
9915
9916
9915
9916
9917
9917
9918
9919
9918
9919
9920
9920
9921
9922
9922
9923
9924
9924
9925
9926
9926
9927
9928
9927
9928
9929
9929
9930
9931
9931
9932
9933
9930
9931
9932
9932
9933
9934
9934
9935
9936
9933
9934
9935
9930
9931
9932
9932
9933
9934
9931
9932
9933
9932
9933
9934
9912
9913
9914
9913
9914
9915
9913
9914
9915
9913
9914
9915
9915
9916
9917
9917
9918
9919
9914
9915
9916
9909
9910
9911
9907
9908
9909
9909
9910
9911
9909
9910
9911
9911
9912
9913
9909
9910
9911
9910
9911
9912
9912
9913
9914
9914
9915
9916
9916
9917
9918
9918
9919
9920
9910
9911
9912
9908
9909
9910
9910
9911
9912
9910
9911
9912
9887
9888
9889
9880
9881
9882
9878
9879
9880
9877
9878
9879
9877
9878
9879
9878
9879
9880
9880
9881
9882
9882
9883
9884
9884
9885
9886
9885
9886
9887
9887
9888
9889
9888
9889
9890
9890
9891
9892
9891
9892
9893
9891
9892
9893
9893
9894
9895
9892
9893
9894
9894
9895
9896
9893
9894
9895
9894
9895
9896
9895
9896
9897
9897
9898
9899
9896
9897
9898
9897
9898
9899
9897
9898
9899
9899
9900
9901
9881
9882
9883
9879
9880
9881
9881
9882
9883
9883
9884
9885
9885
9886
9887
9887
9888
9889
9889
9890
9891
9889
9890
9891
9883
9884
9885
9874
9875
9876
9876
9877
9878
9868
9869
9870
9868
9869
9870
9867
9868
9869
9868
9869
9870
9869
9870
9871
9871
9872
9873
9873
9874
9875
9874
9875
9876
9864
9865
9866
9866
9867
9868
9868
9869
9870
9870
9871
9872
9871
9872
9873
9870
9871
9872
9872
9873
9874
9874
9875
9876
9875
9876
9877
9872
9873
9874
9870
9871
9872
9872
9873
9874
9874
9875
9876
9863
9864
9865
9865
9866
9867
9867
9868
9869
9869
9870
9871
9871
9872
9873
9870
9871
9872
9872
9873
9874
9874
9875
9876
9876
9877
9878
9865
9866
9867
9867
9868
9869
9864
9865
9866
9865
9866
9867
9867
9868
9869
9865
9866
9867
9867
9868
9869
9848
9849
9850
9850
9851
9852
9849
9850
9851
9851
9852
9853
9844
9845
9846
9843
9844
9845
9845
9846
9847
9846
9847
9848
9848
9849
9850
9849
9850
9851
9851
9852
9853
9853
9854
9855
9853
9854
9855
9851
9852
9853
9852
9853
9854
9843
9844
9845
9843
9844
9845
9844
9845
9846
9846
9847
9848
9847
9848
9849
9848
9849
9850
9836
9837
9838
9838
9839
9840
9837
9838
9839
9838
9839
9840
9840
9841
9842
9841
9842
9843
9843
9844
9845
9842
9843
9844
9844
9845
9846
9844
9845
9846
9846
9847
9848
9844
9845
9846
9846
9847
9848
9848
9849
9850
9850
9851
9852
9852
9853
9854
9851
9852
9853
9847
9848
9849
9847
9848
9849
9846
9847
9848
9848
9849
9850
9850
9851
9852
9849
9850
9851
9850
9851
9852
9848
9849
9850
9850
9851
9852
9851
9852
9853
9851
9852
9853
9848
9849
9850
9849
9850
9851
9848
9849
9850
9850
9851
9852
9852
9853
9854
9854
9855
9856
9856
9857
9858
9858
9859
9860
9860
9861
9862
9862
9863
9864
9862
9863
9864
9864
9865
9866
9866
9867
9868
9865
9866
9867
9864
9865
9866
9866
9867
9868
9868
9869
9870
9869
9870
9871
9867
9868
9869
9869
9870
9871
9871
9872
9873
9872
9873
9874
9874
9875
9876
9876
9877
9878
9877
9878
9879
9876
9877
9878
9873
9874
9875
9875
9876
9877
9876
9877
9878
9878
9879
9880
9879
9880
9881
9881
9882
9883
9880
9881
9882
9856
9857
9858
9858
9859
9860
9860
9861
9862
9859
9860
9861
9861
9862
9863
9863
9864
9865
9863
9864
9865
9863
9864
9865
9843
9844
9845
9845
9846
9847
9847
9848
9849
9849
9850
9851
9850
9851
9852
9847
9848
9849
9847
9848
9849
9849
9850
9851
9851
9852
9853
9853
9854
9855
9855
9856
9857
9846
9847
9848
9846
9847
9848
9848
9849
9850
9848
9849
9850
9849
9850
9851
9850
9851
9852
9851
9852
9853
9853
9854
9855
9855
9856
9857
9857
9858
9859
9849
9850
9851
9851
9852
9853
9853
9854
9855
9855
9856
9857
9857
9858
9859
9859
9860
9861
9859
9860
9861
9859
9860
9861
9859
9860
9861
9854
9855
9856
9855
9856
9857
9855
9856
9857
9856
9857
9858
9856
9857
9858
9858
9859
9860
9857
9858
9859
9856
9857
9858
9858
9859
9860
9860
9861
9862
9856
9857
9858
9853
9854
9855
9855
9856
9857
9852
9853
9854
9852
9853
9854
9854
9855
9856
9856
9857
9858
9858
9859
9860
9859
9860
9861
9860
9861
9862
9858
9859
9860
9843
9844
9845
9845
9846
9847
9847
9848
9849
9843
9844
9845
9844
9845
9846
9839
9840
9841
9826
9827
9828
9828
9829
9830
9824
9825
9826
9825
9826
9827
9827
9828
9829
9826
9827
9828
9828
9829
9830
9830
9831
9832
9826
9827
9828
9828
9829
9830
9830
9831
9832
9813
9814
9815
9803
9804
9805
9805
9806
9807
9806
9807
9808
9803
9804
9805
9799
9800
9801
9801
9802
9803
9799
9800
9801
9800
9801
9802
9795
9796
9797
9793
9794
9795
9793
9794
9795
9795
9796
9797
9794
9795
9796
9796
9797
9798
9798
9799
9800
9800
9801
9802
9801
9802
9803
9802
9803
9804
9803
9804
9805
9803
9804
9805
9805
9806
9807
9807
9808
9809
9809
9810
9811
9796
9797
9798
9794
9795
9796
9795
9796
9797
9794
9795
9796
9796
9797
9798
9797
9798
9799
9798
9799
9800
9800
9801
9802
9800
9801
9802
9802
9803
9804
9803
9804
9805
9779
9780
9781
9781
9782
9783
9782
9783
9784
9783
9784
9785
9785
9786
9787
9787
9788
9789
9788
9789
9790
9790
9791
9792
9791
9792
9793
9793
9794
9795
9795
9796
9797
9797
9798
9799
9799
9800
9801
9782
9783
9784
9778
9779
9780
9779
9780
9781
9781
9782
9783
9771
9772
9773
9773
9774
9775
9775
9776
9777
9775
9776
9777
9772
9773
9774
9769
9770
9771
9762
9763
9764
9753
9754
9755
9755
9756
9757
9757
9758
9759
9757
9758
9759
9758
9759
9760
9760
9761
9762
9762
9763
9764
9762
9763
9764
9764
9765
9766
9766
9767
9768
9764
9765
9766
9766
9767
9768
9768
9769
9770
9734
9735
9736
9736
9737
9738
9735
9736
9737
9737
9738
9739
9738
9739
9740
9735
9736
9737
9737
9738
9739
9736
9737
9738
9735
9736
9737
9737
9738
9739
9739
9740
9741
9741
9742
9743
9735
9736
9737
9737
9738
9739
9736
9737
9738
9736
9737
9738
9738
9739
9740
9738
9739
9740
9740
9741
9742
9741
9742
9743
9742
9743
9744
9743
9744
9745
9742
9743
9744
9737
9738
9739
9728
9729
9730
9724
9725
9726
9718
9719
9720
9720
9721
9722
9722
9723
9724
9722
9723
9724
9723
9724
9725
9724
9725
9726
9726
9727
9728
9724
9725
9726
9726
9727
9728
9720
9721
9722
9722
9723
9724
9724
9725
9726
9725
9726
9727
9725
9726
9727
9722
9723
9724
9721
9722
9723
9722
9723
9724
9724
9725
9726
9726
9727
9728
9728
9729
9730
9730
9731
9732
9707
9708
9709
9708
9709
9710
9710
9711
9712
9711
9712
9713
9711
9712
9713
9712
9713
9714
9706
9707
9708
9708
9709
9710
9705
9706
9707
9707
9708
9709
9708
9709
9710
9708
9709
9710
9710
9711
9712
9711
9712
9713
9712
9713
9714
9714
9715
9716
9716
9717
9718
9718
9719
9720
9718
9719
9720
9718
9719
9720
9718
9719
9720
9718
9719
9720
9719
9720
9721
9721
9722
9723
9722
9723
9724
9722
9723
9724
9724
9725
9726
9720
9721
9722
9722
9723
9724
9724
9725
9726
9726
9727
9728
9727
9728
9729
9726
9727
9728
9725
9726
9727
9727
9728
9729
9724
9725
9726
9724
9725
9726
9724
9725
9726
9723
9724
9725
9724
9725
9726
9726
9727
9728
9728
9729
9730
9729
9730
9731
9725
9726
9727
9727
9728
9729
9729
9730
9731
9731
9732
9733
9733
9734
9735
9734
9735
9736
9736
9737
9738
9738
9739
9740
9739
9740
9741
9738
9739
9740
9737
9738
9739
9737
9738
9739
9733
9734
9735
9735
9736
9737
9735
9736
9737
9737
9738
9739
9739
9740
9741
9741
9742
9743
9743
9744
9745
9745
9746
9747
9747
9748
9749
9744
9745
9746
9745
9746
9747
9747
9748
9749
9748
9749
9750
9750
9751
9752
9752
9753
9754
9754
9755
9756
9756
9757
9758
9754
9755
9756
9750
9751
9752
9751
9752
9753
9748
9749
9750
9748
9749
9750
9745
9746
9747
9747
9748
9749
9743
9744
9745
9745
9746
9747
9742
9743
9744
9742
9743
9744
9744
9745
9746
9737
9738
9739
9736
9737
9738
9738
9739
9740
9737
9738
9739
9739
9740
9741
9738
9739
9740
9740
9741
9742
9736
9737
9738
9737
9738
9739
9739
9740
9741
9741
9742
9743
9743
9744
9745
9745
9746
9747
9746
9747
9748
9747
9748
9749
9747
9748
9749
9749
9750
9751
9751
9752
9753
9753
9754
9755
9753
9754
9755
9755
9756
9757
9757
9758
9759
9759
9760
9761
9761
9762
9763
9760
9761
9762
9762
9763
9764
9746
9747
9748
9748
9749
9750
9749
9750
9751
9751
9752
9753
9753
9754
9755
9755
9756
9757
9754
9755
9756
9753
9754
9755
9755
9756
9757
9757
9758
9759
9759
9760
9761
9760
9761
9762
9762
9763
9764
9764
9765
9766
9765
9766
9767
9766
9767
9768
9768
9769
9770
9770
9771
9772
9772
9773
9774
9773
9774
9775
9772
9773
9774
9772
9773
9774
9768
9769
9770
9770
9771
9772
9765
9766
9767
9767
9768
9769
9762
9763
9764
9761
9762
9763
9751
9752
9753
9753
9754
9755
9752
9753
9754
9752
9753
9754
9752
9753
9754
9754
9755
9756
9755
9756
9757
9757
9758
9759
9758
9759
9760
9760
9761
9762
9759
9760
9761
9752
9753
9754
9752
9753
9754
9754
9755
9756
9756
9757
9758
9757
9758
9759
9759
9760
9761
9761
9762
9763
9763
9764
9765
9765
9766
9767
9765
9766
9767
9767
9768
9769
9769
9770
9771
9765
9766
9767
9767
9768
9769
9768
9769
9770
9770
9771
9772
9772
9773
9774
9774
9775
9776
9776
9777
9778
9761
9762
9763
9762
9763
9764
9763
9764
9765
9765
9766
9767
9767
9768
9769
9767
9768
9769
9769
9770
9771
9771
9772
9773
9773
9774
9775
9775
9776
9777
9777
9778
9779
9779
9780
9781
9775
9776
9777
9777
9778
9779
9777
9778
9779
9779
9780
9781
9780
9781
9782
9781
9782
9783
9775
9776
9777
9776
9777
9778
9777
9778
9779
9779
9780
9781
9781
9782
9783
9783
9784
9785
9785
9786
9787
9787
9788
9789
9782
9783
9784
9784
9785
9786
9786
9787
9788
9787
9788
9789
9764
9765
9766
9765
9766
9767
9766
9767
9768
9764
9765
9766
9762
9763
9764
9764
9765
9766
9766
9767
9768
9765
9766
9767
9766
9767
9768
9768
9769
9770
9770
9771
9772
9772
9773
9774
9773
9774
9775
9774
9775
9776
9766
9767
9768
9768
9769
9770
9770
9771
9772
9772
9773
9774
9774
9775
9776
9768
9769
9770
9769
9770
9771
9770
9771
9772
9772
9773
9774
9771
9772
9773
9773
9774
9775
9774
9775
9776
9776
9777
9778
9769
9770
9771
9769
9770
9771
9770
9771
9772
9772
9773
9774
9773
9774
9775
9775
9776
9777
9777
9778
9779
9774
9775
9776
9776
9777
9778
9777
9778
9779
9779
9780
9781
9777
9778
9779
9779
9780
9781
9780
9781
9782
9782
9783
9784
9784
9785
9786
9786
9787
9788
9785
9786
9787
9785
9786
9787
9786
9787
9788
9772
9773
9774
9774
9775
9776
9776
9777
9778
9776
9777
9778
9777
9778
9779
9777
9778
9779
9779
9780
9781
9780
9781
9782
9782
9783
9784
9784
9785
9786
9786
9787
9788
9785
9786
9787
9786
9787
9788
9787
9788
9789
9787
9788
9789
9788
9789
9790
9784
9785
9786
9785
9786
9787
9787
9788
9789
9789
9790
9791
9790
9791
9792
9792
9793
9794
9794
9795
9796
9796
9797
9798
9798
9799
9800
9800
9801
9802
9802
9803
9804
9798
9799
9800
9800
9801
9802
9801
9802
9803
9800
9801
9802
9801
9802
9803
9777
9778
9779
9779
9780
9781
9779
9780
9781
9781
9782
9783
9783
9784
9785
9784
9785
9786
9786
9787
9788
9787
9788
9789
9786
9787
9788
9788
9789
9790
9789
9790
9791
9791
9792
9793
9793
9794
9795
9795
9796
9797
9793
9794
9795
9795
9796
9797
9796
9797
9798
9798
9799
9800
9800
9801
9802
9802
9803
9804
9803
9804
9805
9805
9806
9807
9803
9804
9805
9805
9806
9807
9806
9807
9808
9789
9790
9791
9789
9790
9791
9791
9792
9793
9788
9789
9790
9790
9791
9792
9792
9793
9794
9773
9774
9775
9774
9775
9776
9776
9777
9778
9775
9776
9777
9776
9777
9778
9772
9773
9774
9768
9769
9770
9767
9768
9769
9761
9762
9763
9762
9763
9764
9758
9759
9760
9743
9744
9745
9740
9741
9742
9740
9741
9742
9742
9743
9744
9743
9744
9745
9745
9746
9747
9747
9748
9749
9749
9750
9751
9744
9745
9746
9746
9747
9748
9748
9749
9750
9750
9751
9752
9752
9753
9754
9754
9755
9756
9752
9753
9754
9751
9752
9753
9752
9753
9754
9754
9755
9756
9738
9739
9740
9739
9740
9741
9741
9742
9743
9742
9743
9744
9744
9745
9746
9746
9747
9748
9748
9749
9750
9747
9748
9749
9747
9748
9749
9749
9750
9751
9751
9752
9753
9752
9753
9754
9753
9754
9755
9755
9756
9757
9757
9758
9759
9759
9760
9761
9761
9762
9763
9759
9760
9761
9761
9762
9763
9762
9763
9764
9764
9765
9766
9764
9765
9766
9766
9767
9768
9768
9769
9770
9764
9765
9766
9766
9767
9768
9768
9769
9770
9770
9771
9772
9755
9756
9757
9753
9754
9755
9755
9756
9757
9757
9758
9759
9758
9759
9760
9760
9761
9762
9759
9760
9761
9759
9760
9761
9761
9762
9763
9763
9764
9765
9760
9761
9762
9761
9762
9763
9763
9764
9765
9765
9766
9767
9764
9765
9766
9736
9737
9738
9734
9735
9736
9735
9736
9737
9737
9738
9739
9738
9739
9740
9740
9741
9742
9742
9743
9744
9743
9744
9745
9744
9745
9746
9743
9744
9745
9745
9746
9747
9747
9748
9749
9747
9748
9749
9749
9750
9751
9751
9752
9753
9749
9750
9751
9751
9752
9753
9753
9754
9755
9755
9756
9757
9754
9755
9756
9756
9757
9758
9758
9759
9760
9760
9761
9762
9759
9760
9761
9761
9762
9763
9755
9756
9757
9757
9758
9759
9759
9760
9761
9761
9762
9763
9763
9764
9765
9765
9766
9767
9767
9768
9769
9769
9770
9771
9770
9771
9772
9771
9772
9773
9773
9774
9775
9775
9776
9777
9769
9770
9771
9771
9772
9773
9773
9774
9775
9775
9776
9777
9776
9777
9778
9778
9779
9780
9779
9780
9781
9777
9778
9779
9778
9779
9780
9779
9780
9781
9781
9782
9783
9783
9784
9785
9782
9783
9784
9781
9782
9783
9768
9769
9770
9770
9771
9772
9769
9770
9771
9771
9772
9773
9773
9774
9775
9775
9776
9777
9777
9778
9779
9779
9780
9781
9781
9782
9783
9783
9784
9785
9781
9782
9783
9780
9781
9782
9775
9776
9777
9777
9778
9779
9778
9779
9780
9777
9778
9779
9773
9774
9775
9772
9773
9774
9765
9766
9767
9766
9767
9768
9766
9767
9768
9768
9769
9770
9769
9770
9771
9771
9772
9773
9770
9771
9772
9772
9773
9774
9774
9775
9776
9776
9777
9778
9778
9779
9780
9778
9779
9780
9777
9778
9779
9779
9780
9781
9781
9782
9783
9772
9773
9774
9774
9775
9776
9774
9775
9776
9770
9771
9772
9772
9773
9774
9774
9775
9776
9776
9777
9778
9775
9776
9777
9777
9778
9779
9771
9772
9773
9767
9768
9769
9766
9767
9768
9768
9769
9770
9770
9771
9772
9772
9773
9774
9774
9775
9776
9776
9777
9778
9778
9779
9780
9780
9781
9782
9782
9783
9784
9784
9785
9786
9785
9786
9787
9787
9788
9789
9781
9782
9783
9783
9784
9785
9785
9786
9787
9787
9788
9789
9781
9782
9783
9783
9784
9785
9785
9786
9787
9780
9781
9782
9782
9783
9784
9781
9782
9783
9766
9767
9768
9763
9764
9765
9755
9756
9757
9757
9758
9759
9757
9758
9759
9758
9759
9760
9760
9761
9762
9761
9762
9763
9758
9759
9760
9760
9761
9762
9762
9763
9764
9762
9763
9764
9763
9764
9765
9758
9759
9760
9757
9758
9759
9758
9759
9760
9756
9757
9758
9750
9751
9752
9752
9753
9754
9754
9755
9756
9756
9757
9758
9754
9755
9756
9756
9757
9758
9757
9758
9759
9757
9758
9759
9759
9760
9761
9761
9762
9763
9763
9764
9765
9764
9765
9766
9765
9766
9767
9767
9768
9769
9769
9770
9771
9771
9772
9773
9773
9774
9775
9775
9776
9777
9776
9777
9778
9778
9779
9780
9780
9781
9782
9782
9783
9784
9783
9784
9785
9782
9783
9784
9783
9784
9785
9785
9786
9787
9787
9788
9789
9783
9784
9785
9783
9784
9785
9785
9786
9787
9785
9786
9787
9786
9787
9788
9788
9789
9790
9790
9791
9792
9768
9769
9770
9770
9771
9772
9770
9771
9772
9772
9773
9774
9774
9775
9776
9776
9777
9778
9778
9779
9780
9780
9781
9782
9779
9780
9781
9781
9782
9783
9783
9784
9785
9785
9786
9787
9779
9780
9781
9780
9781
9782
9776
9777
9778
9760
9761
9762
9760
9761
9762
9762
9763
9764
9758
9759
9760
9757
9758
9759
9759
9760
9761
9761
9762
9763
9754
9755
9756
9753
9754
9755
9755
9756
9757
9747
9748
9749
9749
9750
9751
9750
9751
9752
9750
9751
9752
9749
9750
9751
9743
9744
9745
9740
9741
9742
9740
9741
9742
9738
9739
9740
9738
9739
9740
9739
9740
9741
9740
9741
9742
9740
9741
9742
9741
9742
9743
9740
9741
9742
9740
9741
9742
9742
9743
9744
9744
9745
9746
9745
9746
9747
9747
9748
9749
9725
9726
9727
9727
9728
9729
9729
9730
9731
9731
9732
9733
9732
9733
9734
9723
9724
9725
9725
9726
9727
9725
9726
9727
9727
9728
9729
9724
9725
9726
9725
9726
9727
9726
9727
9728
9727
9728
9729
9727
9728
9729
9729
9730
9731
9730
9731
9732
9732
9733
9734
9734
9735
9736
9736
9737
9738
9738
9739
9740
9738
9739
9740
9740
9741
9742
9742
9743
9744
9744
9745
9746
9745
9746
9747
9746
9747
9748
9745
9746
9747
9746
9747
9748
9747
9748
9749
9748
9749
9750
9750
9751
9752
9751
9752
9753
9753
9754
9755
9754
9755
9756
9756
9757
9758
9757
9758
9759
9755
9756
9757
9755
9756
9757
9749
9750
9751
9751
9752
9753
9752
9753
9754
9753
9754
9755
9754
9755
9756
9753
9754
9755
9754
9755
9756
9756
9757
9758
9758
9759
9760
9760
9761
9762
9762
9763
9764
9764
9765
9766
9765
9766
9767
9763
9764
9765
9765
9766
9767
9764
9765
9766
9766
9767
9768
9768
9769
9770
9770
9771
9772
9772
9773
9774
9773
9774
9775
9774
9775
9776
9776
9777
9778
9770
9771
9772
9772
9773
9774
9774
9775
9776
9774
9775
9776
9776
9777
9778
9778
9779
9780
9780
9781
9782
9782
9783
9784
9784
9785
9786
9786
9787
9788
9787
9788
9789
9787
9788
9789
9789
9790
9791
9783
9784
9785
9785
9786
9787
9775
9776
9777
9774
9775
9776
9776
9777
9778
9777
9778
9779
9777
9778
9779
9779
9780
9781
9781
9782
9783
9783
9784
9785
9782
9783
9784
9783
9784
9785
9784
9785
9786
9786
9787
9788
9788
9789
9790
9786
9787
9788
9788
9789
9790
9790
9791
9792
9791
9792
9793
9793
9794
9795
9792
9793
9794
9794
9795
9796
9796
9797
9798
9798
9799
9800
9799
9800
9801
9797
9798
9799
9796
9797
9798
9796
9797
9798
9798
9799
9800
9798
9799
9800
9797
9798
9799
9798
9799
9800
9798
9799
9800
9800
9801
9802
9799
9800
9801
9797
9798
9799
9797
9798
9799
9781
9782
9783
9783
9784
9785
9785
9786
9787
9783
9784
9785
9785
9786
9787
9779
9780
9781
9780
9781
9782
9781
9782
9783
9775
9776
9777
9772
9773
9774
9774
9775
9776
9776
9777
9778
9773
9774
9775
9772
9773
9774
9774
9775
9776
9776
9777
9778
9778
9779
9780
9779
9780
9781
9777
9778
9779
9779
9780
9781
9778
9779
9780
9780
9781
9782
9782
9783
9784
9783
9784
9785
9785
9786
9787
9786
9787
9788
9788
9789
9790
9790
9791
9792
9789
9790
9791
9784
9785
9786
9785
9786
9787
9787
9788
9789
9789
9790
9791
9791
9792
9793
9791
9792
9793
9792
9793
9794
9794
9795
9796
9795
9796
9797
9797
9798
9799
9799
9800
9801
9800
9801
9802
9802
9803
9804
9798
9799
9800
9800
9801
9802
9801
9802
9803
9802
9803
9804
9804
9805
9806
9799
9800
9801
9801
9802
9803
9803
9804
9805
9805
9806
9807
9807
9808
9809
9803
9804
9805
9803
9804
9805
9800
9801
9802
9802
9803
9804
9804
9805
9806
9804
9805
9806
9806
9807
9808
9799
9800
9801
9801
9802
9803
9799
9800
9801
9799
9800
9801
9799
9800
9801
9801
9802
9803
9801
9802
9803
9803
9804
9805
9805
9806
9807
9807
9808
9809
9807
9808
9809
9801
9802
9803
9803
9804
9805
9805
9806
9807
9802
9803
9804
9804
9805
9806
9806
9807
9808
9808
9809
9810
9807
9808
9809
9807
9808
9809
9807
9808
9809
9809
9810
9811
9810
9811
9812
9809
9810
9811
9810
9811
9812
9810
9811
9812
9811
9812
9813
9812
9813
9814
9806
9807
9808
9808
9809
9810
9803
9804
9805
9805
9806
9807
9807
9808
9809
9805
9806
9807
9800
9801
9802
9802
9803
9804
9804
9805
9806
9803
9804
9805
9804
9805
9806
9805
9806
9807
9805
9806
9807
9807
9808
9809
9807
9808
9809
9809
9810
9811
9808
9809
9810
9798
9799
9800
9800
9801
9802
9781
9782
9783
9783
9784
9785
9773
9774
9775
9771
9772
9773
9752
9753
9754
9748
9749
9750
9750
9751
9752
9752
9753
9754
9754
9755
9756
9756
9757
9758
9758
9759
9760
9760
9761
9762
9749
9750
9751
9751
9752
9753
9753
9754
9755
9750
9751
9752
9752
9753
9754
9754
9755
9756
9756
9757
9758
9758
9759
9760
9757
9758
9759
9757
9758
9759
9755
9756
9757
9750
9751
9752
9751
9752
9753
9737
9738
9739
9739
9740
9741
9733
9734
9735
9733
9734
9735
9735
9736
9737
9737
9738
9739
9737
9738
9739
9736
9737
9738
9734
9735
9736
9736
9737
9738
9737
9738
9739
9739
9740
9741
9736
9737
9738
9738
9739
9740
9740
9741
9742
9740
9741
9742
9740
9741
9742
9742
9743
9744
9744
9745
9746
9746
9747
9748
9748
9749
9750
9750
9751
9752
9752
9753
9754
9731
9732
9733
9728
9729
9730
9730
9731
9732
9731
9732
9733
9732
9733
9734
9730
9731
9732
9732
9733
9734
9734
9735
9736
9736
9737
9738
9711
9712
9713
9711
9712
9713
9713
9714
9715
9715
9716
9717
9717
9718
9719
9719
9720
9721
9720
9721
9722
9721
9722
9723
9722
9723
9724
9723
9724
9725
9723
9724
9725
9724
9725
9726
9724
9725
9726
9726
9727
9728
9728
9729
9730
9723
9724
9725
9725
9726
9727
9725
9726
9727
9726
9727
9728
9728
9729
9730
9730
9731
9732
9732
9733
9734
9731
9732
9733
9731
9732
9733
9728
9729
9730
9722
9723
9724
9721
9722
9723
9721
9722
9723
9712
9713
9714
9714
9715
9716
9713
9714
9715
9712
9713
9714
9711
9712
9713
9705
9706
9707
9707
9708
9709
9708
9709
9710
9710
9711
9712
9709
9710
9711
9710
9711
9712
9709
9710
9711
9710
9711
9712
9712
9713
9714
9710
9711
9712
9712
9713
9714
9709
9710
9711
9711
9712
9713
9712
9713
9714
9714
9715
9716
9716
9717
9718
9716
9717
9718
9718
9719
9720
9716
9717
9718
9710
9711
9712
9711
9712
9713
9703
9704
9705
9699
9700
9701
9701
9702
9703
9698
9699
9700
9700
9701
9702
9697
9698
9699
9699
9700
9701
9701
9702
9703
9703
9704
9705
9692
9693
9694
9694
9695
9696
9692
9693
9694
9681
9682
9683
9683
9684
9685
9685
9686
9687
9684
9685
9686
9684
9685
9686
9682
9683
9684
9676
9677
9678
9676
9677
9678
9677
9678
9679
9679
9680
9681
9680
9681
9682
9680
9681
9682
9682
9683
9684
9677
9678
9679
9677
9678
9679
9677
9678
9679
9678
9679
9680
9680
9681
9682
9680
9681
9682
9670
9671
9672
9672
9673
9674
9673
9674
9675
9672
9673
9674
9673
9674
9675
9674
9675
9676
9655
9656
9657
9657
9658
9659
9659
9660
9661
9660
9661
9662
9659
9660
9661
9661
9662
9663
9663
9664
9665
9665
9666
9667
9666
9667
9668
9668
9669
9670
9663
9664
9665
9665
9666
9667
9664
9665
9666
9663
9664
9665
9662
9663
9664
9664
9665
9666
9666
9667
9668
9667
9668
9669
9669
9670
9671
9668
9669
9670
9669
9670
9671
9667
9668
9669
9664
9665
9666
9664
9665
9666
9665
9666
9667
9665
9666
9667
9667
9668
9669
9669
9670
9671
9671
9672
9673
9672
9673
9674
9674
9675
9676
9675
9676
9677
9677
9678
9679
9671
9672
9673
9672
9673
9674
9673
9674
9675
9674
9675
9676
9676
9677
9678
9678
9679
9680
9680
9681
9682
9676
9677
9678
9676
9677
9678
9665
9666
9667
9667
9668
9669
9669
9670
9671
9665
9666
9667
9667
9668
9669
9669
9670
9671
9661
9662
9663
9661
9662
9663
9663
9664
9665
9665
9666
9667
9663
9664
9665
9661
9662
9663
9661
9662
9663
9663
9664
9665
9664
9665
9666
9666
9667
9668
9668
9669
9670
9669
9670
9671
9671
9672
9673
9673
9674
9675
9671
9672
9673
9672
9673
9674
9669
9670
9671
9671
9672
9673
9669
9670
9671
9671
9672
9673
9673
9674
9675
9665
9666
9667
9667
9668
9669
9666
9667
9668
9668
9669
9670
9669
9670
9671
9671
9672
9673
9672
9673
9674
9674
9675
9676
9674
9675
9676
9676
9677
9678
9678
9679
9680
9680
9681
9682
9667
9668
9669
9669
9670
9671
9669
9670
9671
9671
9672
9673
9673
9674
9675
9665
9666
9667
9667
9668
9669
9669
9670
9671
9671
9672
9673
9673
9674
9675
9674
9675
9676
9674
9675
9676
9675
9676
9677
9675
9676
9677
9674
9675
9676
9676
9677
9678
9678
9679
9680
9680
9681
9682
9682
9683
9684
9682
9683
9684
9666
9667
9668
9667
9668
9669
9667
9668
9669
9667
9668
9669
9668
9669
9670
9668
9669
9670
9669
9670
9671
9668
9669
9670
9670
9671
9672
9672
9673
9674
9674
9675
9676
9676
9677
9678
9678
9679
9680
9680
9681
9682
9682
9683
9684
9684
9685
9686
9683
9684
9685
9685
9686
9687
9686
9687
9688
9688
9689
9690
9690
9691
9692
9684
9685
9686
9681
9682
9683
9683
9684
9685
9684
9685
9686
9682
9683
9684
9682
9683
9684
9683
9684
9685
9683
9684
9685
9685
9686
9687
9687
9688
9689
9685
9686
9687
9687
9688
9689
9689
9690
9691
9690
9691
9692
9692
9693
9694
9692
9693
9694
9694
9695
9696
9696
9697
9698
9698
9699
9700
9695
9696
9697
9696
9697
9698
9697
9698
9699
9699
9700
9701
9701
9702
9703
9703
9704
9705
9705
9706
9707
9682
9683
9684
9683
9684
9685
9685
9686
9687
9681
9682
9683
9683
9684
9685
9684
9685
9686
9683
9684
9685
9685
9686
9687
9682
9683
9684
9683
9684
9685
9674
9675
9676
9675
9676
9677
9674
9675
9676
9676
9677
9678
9678
9679
9680
9680
9681
9682
9681
9682
9683
9683
9684
9685
9684
9685
9686
9684
9685
9686
9686
9687
9688
9675
9676
9677
9676
9677
9678
9676
9677
9678
9678
9679
9680
9680
9681
9682
9681
9682
9683
9682
9683
9684
9674
9675
9676
9671
9672
9673
9661
9662
9663
9657
9658
9659
9659
9660
9661
9660
9661
9662
9662
9663
9664
9663
9664
9665
9665
9666
9667
9657
9658
9659
9647
9648
9649
9648
9649
9650
9650
9651
9652
9652
9653
9654
9648
9649
9650
9647
9648
9649
9649
9650
9651
9651
9652
9653
9653
9654
9655
9645
9646
9647
9647
9648
9649
9647
9648
9649
9646
9647
9648
9641
9642
9643
9641
9642
9643
9643
9644
9645
9637
9638
9639
9639
9640
9641
9641
9642
9643
9643
9644
9645
9643
9644
9645
9645
9646
9647
9646
9647
9648
9647
9648
9649
9648
9649
9650
9650
9651
9652
9652
9653
9654
9653
9654
9655
9646
9647
9648
9642
9643
9644
9640
9641
9642
9642
9643
9644
9642
9643
9644
9635
9636
9637
9634
9635
9636
9625
9626
9627
9627
9628
9629
9628
9629
9630
9629
9630
9631
9620
9621
9622
9622
9623
9624
9624
9625
9626
9626
9627
9628
9628
9629
9630
9629
9630
9631
9629
9630
9631
9629
9630
9631
9630
9631
9632
9632
9633
9634
9634
9635
9636
9636
9637
9638
9638
9639
9640
9639
9640
9641
9641
9642
9643
9643
9644
9645
9639
9640
9641
9639
9640
9641
9641
9642
9643
9640
9641
9642
9634
9635
9636
9635
9636
9637
9636
9637
9638
9637
9638
9639
9636
9637
9638
9638
9639
9640
9640
9641
9642
9642
9643
9644
9644
9645
9646
9644
9645
9646
9643
9644
9645
9645
9646
9647
9647
9648
9649
9635
9636
9637
9637
9638
9639
9630
9631
9632
9632
9633
9634
9634
9635
9636
9630
9631
9632
9628
9629
9630
9630
9631
9632
9628
9629
9630
9629
9630
9631
9627
9628
9629
9626
9627
9628
9628
9629
9630
9628
9629
9630
9628
9629
9630
9629
9630
9631
9630
9631
9632
9632
9633
9634
9628
9629
9630
9630
9631
9632
9632
9633
9634
9634
9635
9636
9636
9637
9638
9637
9638
9639
9634
9635
9636
9636
9637
9638
9636
9637
9638
9636
9637
9638
9638
9639
9640
9635
9636
9637
9636
9637
9638
9638
9639
9640
9640
9641
9642
9642
9643
9644
9639
9640
9641
9641
9642
9643
9641
9642
9643
9642
9643
9644
9643
9644
9645
9644
9645
9646
9645
9646
9647
9646
9647
9648
9647
9648
9649
9644
9645
9646
9646
9647
9648
9648
9649
9650
9648
9649
9650
9650
9651
9652
9650
9651
9652
9652
9653
9654
9653
9654
9655
9653
9654
9655
9655
9656
9657
9657
9658
9659
9657
9658
9659
9653
9654
9655
9655
9656
9657
9645
9646
9647
9647
9648
9649
9649
9650
9651
9651
9652
9653
9652
9653
9654
9653
9654
9655
9655
9656
9657
9656
9657
9658
9657
9658
9659
9659
9660
9661
9661
9662
9663
9663
9664
9665
9630
9631
9632
9632
9633
9634
9628
9629
9630
9622
9623
9624
9621
9622
9623
9623
9624
9625
9624
9625
9626
9621
9622
9623
9621
9622
9623
9621
9622
9623
9615
9616
9617
9616
9617
9618
9617
9618
9619
9605
9606
9607
9605
9606
9607
9607
9608
9609
9609
9610
9611
9608
9609
9610
9610
9611
9612
9612
9613
9614
9612
9613
9614
9614
9615
9616
9616
9617
9618
9609
9610
9611
9611
9612
9613
9613
9614
9615
9615
9616
9617
9616
9617
9618
9611
9612
9613
9613
9614
9615
9615
9616
9617
9617
9618
9619
9610
9611
9612
9612
9613
9614
9614
9615
9616
9613
9614
9615
9615
9616
9617
9616
9617
9618
9611
9612
9613
9613
9614
9615
9615
9616
9617
9616
9617
9618
9616
9617
9618
9618
9619
9620
9618
9619
9620
9620
9621
9622
9622
9623
9624
9622
9623
9624
9624
9625
9626
9617
9618
9619
9613
9614
9615
9614
9615
9616
9612
9613
9614
9613
9614
9615
9615
9616
9617
9617
9618
9619
9607
9608
9609
9606
9607
9608
9607
9608
9609
9608
9609
9610
9610
9611
9612
9612
9613
9614
9613
9614
9615
9612
9613
9614
9614
9615
9616
9615
9616
9617
9616
9617
9618
9618
9619
9620
9620
9621
9622
9622
9623
9624
9624
9625
9626
9624
9625
9626
9625
9626
9627
9626
9627
9628
9626
9627
9628
9628
9629
9630
9628
9629
9630
9630
9631
9632
9632
9633
9634
9632
9633
9634
9631
9632
9633
9630
9631
9632
9632
9633
9634
9634
9635
9636
9636
9637
9638
9620
9621
9622
9622
9623
9624
9624
9625
9626
9625
9626
9627
9627
9628
9629
9585
9586
9587
9586
9587
9588
9588
9589
9590
9579
9580
9581
9581
9582
9583
9583
9584
9585
9585
9586
9587
9587
9588
9589
9587
9588
9589
9589
9590
9591
9590
9591
9592
9590
9591
9592
9592
9593
9594
9594
9595
9596
9596
9597
9598
9598
9599
9600
9600
9601
9602
9601
9602
9603
9602
9603
9604
9600
9601
9602
9599
9600
9601
9599
9600
9601
9601
9602
9603
9603
9604
9605
9605
9606
9607
9603
9604
9605
9605
9606
9607
9604
9605
9606
9605
9606
9607
9604
9605
9606
9606
9607
9608
9605
9606
9607
9607
9608
9609
9609
9610
9611
9608
9609
9610
9610
9611
9612
9610
9611
9612
9611
9612
9613
9612
9613
9614
9614
9615
9616
9616
9617
9618
9618
9619
9620
9618
9619
9620
9620
9621
9622
9622
9623
9624
9623
9624
9625
9625
9626
9627
9625
9626
9627
9625
9626
9627
9627
9628
9629
9627
9628
9629
9629
9630
9631
9628
9629
9630
9628
9629
9630
9627
9628
9629
9628
9629
9630
9630
9631
9632
9631
9632
9633
9626
9627
9628
9622
9623
9624
9622
9623
9624
9623
9624
9625
9625
9626
9627
9627
9628
9629
9628
9629
9630
9627
9628
9629
9628
9629
9630
9629
9630
9631
9631
9632
9633
9625
9626
9627
9626
9627
9628
9627
9628
9629
9624
9625
9626
9624
9625
9626
9623
9624
9625
9616
9617
9618
9618
9619
9620
9618
9619
9620
9618
9619
9620
9601
9602
9603
9603
9604
9605
9605
9606
9607
9606
9607
9608
9608
9609
9610
9610
9611
9612
9607
9608
9609
9604
9605
9606
9606
9607
9608
9590
9591
9592
9588
9589
9590
9590
9591
9592
9592
9593
9594
9586
9587
9588
9586
9587
9588
9588
9589
9590
9590
9591
9592
9586
9587
9588
9587
9588
9589
9586
9587
9588
9588
9589
9590
9589
9590
9591
9588
9589
9590
9588
9589
9590
9589
9590
9591
9591
9592
9593
9591
9592
9593
9593
9594
9595
9594
9595
9596
9596
9597
9598
9598
9599
9600
9596
9597
9598
9598
9599
9600
9600
9601
9602
9602
9603
9604
9601
9602
9603
9603
9604
9605
9598
9599
9600
9599
9600
9601
9587
9588
9589
9589
9590
9591
9590
9591
9592
9592
9593
9594
9594
9595
9596
9595
9596
9597
9595
9596
9597
9596
9597
9598
9592
9593
9594
9593
9594
9595
9594
9595
9596
9595
9596
9597
9590
9591
9592
9592
9593
9594
9593
9594
9595
9592
9593
9594
9594
9595
9596
9595
9596
9597
9597
9598
9599
9599
9600
9601
9601
9602
9603
9602
9603
9604
9604
9605
9606
9606
9607
9608
9607
9608
9609
9609
9610
9611
9611
9612
9613
9610
9611
9612
9611
9612
9613
9613
9614
9615
9615
9616
9617
9617
9618
9619
9615
9616
9617
9615
9616
9617
9617
9618
9619
9619
9620
9621
9618
9619
9620
9619
9620
9621
9621
9622
9623
9623
9624
9625
9617
9618
9619
9617
9618
9619
9619
9620
9621
9621
9622
9623
9623
9624
9625
9625
9626
9627
9627
9628
9629
9629
9630
9631
9631
9632
9633
9626
9627
9628
9619
9620
9621
9620
9621
9622
9621
9622
9623
9621
9622
9623
9621
9622
9623
9623
9624
9625
9625
9626
9627
9627
9628
9629
9629
9630
9631
9631
9632
9633
9631
9632
9633
9631
9632
9633
9633
9634
9635
9634
9635
9636
9636
9637
9638
9634
9635
9636
9636
9637
9638
9634
9635
9636
9634
9635
9636
9635
9636
9637
9637
9638
9639
9636
9637
9638
9638
9639
9640
9633
9634
9635
9628
9629
9630
9630
9631
9632
9632
9633
9634
9634
9635
9636
9636
9637
9638
9635
9636
9637
9637
9638
9639
9638
9639
9640
9639
9640
9641
9639
9640
9641
9641
9642
9643
9643
9644
9645
9643
9644
9645
9644
9645
9646
9646
9647
9648
9648
9649
9650
9648
9649
9650
9649
9650
9651
9651
9652
9653
9646
9647
9648
9648
9649
9650
9645
9646
9647
9626
9627
9628
9627
9628
9629
9628
9629
9630
9630
9631
9632
9632
9633
9634
9618
9619
9620
9620
9621
9622
9621
9622
9623
9620
9621
9622
9622
9623
9624
9623
9624
9625
9624
9625
9626
9626
9627
9628
9619
9620
9621
9616
9617
9618
9616
9617
9618
9618
9619
9620
9620
9621
9622
9607
9608
9609
9609
9610
9611
9611
9612
9613
9612
9613
9614
9614
9615
9616
9616
9617
9618
9614
9615
9616
9601
9602
9603
9603
9604
9605
9605
9606
9607
9607
9608
9609
9602
9603
9604
9604
9605
9606
9606
9607
9608
9608
9609
9610
9609
9610
9611
9611
9612
9613
9605
9606
9607
9607
9608
9609
9609
9610
9611
9611
9612
9613
9607
9608
9609
9605
9606
9607
9606
9607
9608
9607
9608
9609
9609
9610
9611
9611
9612
9613
9613
9614
9615
9615
9616
9617
9615
9616
9617
9617
9618
9619
9616
9617
9618
9617
9618
9619
9619
9620
9621
9621
9622
9623
9622
9623
9624
9624
9625
9626
9626
9627
9628
9627
9628
9629
9629
9630
9631
9631
9632
9633
9633
9634
9635
9635
9636
9637
9637
9638
9639
9639
9640
9641
9641
9642
9643
9642
9643
9644
9644
9645
9646
9644
9645
9646
9646
9647
9648
9643
9644
9645
9644
9645
9646
9645
9646
9647
9646
9647
9648
9646
9647
9648
9642
9643
9644
9643
9644
9645
9643
9644
9645
9639
9640
9641
9639
9640
9641
9638
9639
9640
9640
9641
9642
9638
9639
9640
9639
9640
9641
9641
9642
9643
9643
9644
9645
9633
9634
9635
9635
9636
9637
9637
9638
9639
9639
9640
9641
9636
9637
9638
9638
9639
9640
9637
9638
9639
9635
9636
9637
9635
9636
9637
9637
9638
9639
9639
9640
9641
9635
9636
9637
9637
9638
9639
9639
9640
9641
9640
9641
9642
9642
9643
9644
9644
9645
9646
9646
9647
9648
9648
9649
9650
9649
9650
9651
9651
9652
9653
9651
9652
9653
9630
9631
9632
9623
9624
9625
9620
9621
9622
9621
9622
9623
9623
9624
9625
9624
9625
9626
9625
9626
9627
9627
9628
9629
9627
9628
9629
9614
9615
9616
9616
9617
9618
9618
9619
9620
9620
9621
9622
9622
9623
9624
9624
9625
9626
9624
9625
9626
9626
9627
9628
9626
9627
9628
9625
9626
9627
9626
9627
9628
9628
9629
9630
9630
9631
9632
9631
9632
9633
9626
9627
9628
9622
9623
9624
9624
9625
9626
9626
9627
9628
9628
9629
9630
9627
9628
9629
9628
9629
9630
9617
9618
9619
9619
9620
9621
9621
9622
9623
9621
9622
9623
9622
9623
9624
9623
9624
9625
9622
9623
9624
9621
9622
9623
9618
9619
9620
9620
9621
9622
9619
9620
9621
9616
9617
9618
9617
9618
9619
9619
9620
9621
9621
9622
9623
9620
9621
9622
9622
9623
9624
9623
9624
9625
9619
9620
9621
9621
9622
9623
9623
9624
9625
9625
9626
9627
9627
9628
9629
9629
9630
9631
9631
9632
9633
9633
9634
9635
9629
9630
9631
9630
9631
9632
9631
9632
9633
9633
9634
9635
9632
9633
9634
9631
9632
9633
9633
9634
9635
9632
9633
9634
9629
9630
9631
9631
9632
9633
9633
9634
9635
9630
9631
9632
9631
9632
9633
9632
9633
9634
9633
9634
9635
9635
9636
9637
9637
9638
9639
9639
9640
9641
9639
9640
9641
9641
9642
9643
9640
9641
9642
9640
9641
9642
9642
9643
9644
9643
9644
9645
9639
9640
9641
9641
9642
9643
9643
9644
9645
9623
9624
9625
9624
9625
9626
9626
9627
9628
9628
9629
9630
9626
9627
9628
9628
9629
9630
9630
9631
9632
9627
9628
9629
9629
9630
9631
9629
9630
9631
9626
9627
9628
9626
9627
9628
9628
9629
9630
9629
9630
9631
9630
9631
9632
9630
9631
9632
9632
9633
9634
9627
9628
9629
9628
9629
9630
9630
9631
9632
9632
9633
9634
9634
9635
9636
9636
9637
9638
9638
9639
9640
9635
9636
9637
9634
9635
9636
9636
9637
9638
9623
9624
9625
9625
9626
9627
9622
9623
9624
9620
9621
9622
9618
9619
9620
9616
9617
9618
9617
9618
9619
9618
9619
9620
9620
9621
9622
9619
9620
9621
9621
9622
9623
9623
9624
9625
9625
9626
9627
9627
9628
9629
9629
9630
9631
9630
9631
9632
9632
9633
9634
9633
9634
9635
9634
9635
9636
9636
9637
9638
9634
9635
9636
9636
9637
9638
9638
9639
9640
9635
9636
9637
9635
9636
9637
9633
9634
9635
9635
9636
9637
9636
9637
9638
9638
9639
9640
9640
9641
9642
9642
9643
9644
9642
9643
9644
9642
9643
9644
9644
9645
9646
9646
9647
9648
9642
9643
9644
9644
9645
9646
9645
9646
9647
9643
9644
9645
9643
9644
9645
9645
9646
9647
9646
9647
9648
9648
9649
9650
9647
9648
9649
9648
9649
9650
9636
9637
9638
9636
9637
9638
9634
9635
9636
9633
9634
9635
9630
9631
9632
9630
9631
9632
9630
9631
9632
9632
9633
9634
9633
9634
9635
9635
9636
9637
9628
9629
9630
9628
9629
9630
9625
9626
9627
9620
9621
9622
9618
9619
9620
9616
9617
9618
9618
9619
9620
9620
9621
9622
9620
9621
9622
9621
9622
9623
9620
9621
9622
9621
9622
9623
9616
9617
9618
9618
9619
9620
9620
9621
9622
9622
9623
9624
9613
9614
9615
9615
9616
9617
9617
9618
9619
9618
9619
9620
9620
9621
9622
9622
9623
9624
9617
9618
9619
9616
9617
9618
9618
9619
9620
9620
9621
9622
9617
9618
9619
9619
9620
9621
9618
9619
9620
9620
9621
9622
9621
9622
9623
9623
9624
9625
9625
9626
9627
9626
9627
9628
9627
9628
9629
9629
9630
9631
9631
9632
9633
9633
9634
9635
9634
9635
9636
9630
9631
9632
9628
9629
9630
9630
9631
9632
9632
9633
9634
9634
9635
9636
9636
9637
9638
9638
9639
9640
9631
9632
9633
9633
9634
9635
9634
9635
9636
9636
9637
9638
9638
9639
9640
9636
9637
9638
9638
9639
9640
9640
9641
9642
9640
9641
9642
9642
9643
9644
9644
9645
9646
9645
9646
9647
9642
9643
9644
9642
9643
9644
9644
9645
9646
9645
9646
9647
9644
9645
9646
9646
9647
9648
9640
9641
9642
9639
9640
9641
9640
9641
9642
9641
9642
9643
9643
9644
9645
9644
9645
9646
9646
9647
9648
9648
9649
9650
9636
9637
9638
9616
9617
9618
9611
9612
9613
9613
9614
9615
9614
9615
9616
9613
9614
9615
9615
9616
9617
9617
9618
9619
9618
9619
9620
9620
9621
9622
9620
9621
9622
9611
9612
9613
9613
9614
9615
9607
9608
9609
9609
9610
9611
9611
9612
9613
9608
9609
9610
9607
9608
9609
9605
9606
9607
9604
9605
9606
9606
9607
9608
9608
9609
9610
9610
9611
9612
9612
9613
9614
9613
9614
9615
9610
9611
9612
9598
9599
9600
9596
9597
9598
9598
9599
9600
9596
9597
9598
9598
9599
9600
9598
9599
9600
9600
9601
9602
9601
9602
9603
9603
9604
9605
9605
9606
9607
9607
9608
9609
9602
9603
9604
9604
9605
9606
9595
9596
9597
9597
9598
9599
9595
9596
9597
9597
9598
9599
9599
9600
9601
9601
9602
9603
9594
9595
9596
9594
9595
9596
9594
9595
9596
9595
9596
9597
9597
9598
9599
9599
9600
9601
9598
9599
9600
9600
9601
9602
9602
9603
9604
9587
9588
9589
9589
9590
9591
9589
9590
9591
9584
9585
9586
9586
9587
9588
9586
9587
9588
9588
9589
9590
9590
9591
9592
9586
9587
9588
9588
9589
9590
9589
9590
9591
9590
9591
9592
9589
9590
9591
9591
9592
9593
9593
9594
9595
9590
9591
9592
9581
9582
9583
9582
9583
9584
9577
9578
9579
9578
9579
9580
9580
9581
9582
9582
9583
9584
9581
9582
9583
9580
9581
9582
9578
9579
9580
9579
9580
9581
9581
9582
9583
9582
9583
9584
9584
9585
9586
9586
9587
9588
9580
9581
9582
9582
9583
9584
9584
9585
9586
9586
9587
9588
9588
9589
9590
9590
9591
9592
9590
9591
9592
9584
9585
9586
9584
9585
9586
9586
9587
9588
9588
9589
9590
9590
9591
9592
9588
9589
9590
9590
9591
9592
9591
9592
9593
9592
9593
9594
9594
9595
9596
9596
9597
9598
9597
9598
9599
9599
9600
9601
9600
9601
9602
9602
9603
9604
9603
9604
9605
9604
9605
9606
9606
9607
9608
9607
9608
9609
9608
9609
9610
9610
9611
9612
9612
9613
9614
9614
9615
9616
9615
9616
9617
9617
9618
9619
9614
9615
9616
9616
9617
9618
9615
9616
9617
9617
9618
9619
9617
9618
9619
9615
9616
9617
9614
9615
9616
9616
9617
9618
9614
9615
9616
9616
9617
9618
9618
9619
9620
9620
9621
9622
9621
9622
9623
9623
9624
9625
9620
9621
9622
9622
9623
9624
9623
9624
9625
9625
9626
9627
9627
9628
9629
9627
9628
9629
9629
9630
9631
9625
9626
9627
9626
9627
9628
9628
9629
9630
9630
9631
9632
9632
9633
9634
9632
9633
9634
9633
9634
9635
9634
9635
9636
9631
9632
9633
9631
9632
9633
9633
9634
9635
9616
9617
9618
9617
9618
9619
9619
9620
9621
9621
9622
9623
9623
9624
9625
9625
9626
9627
9627
9628
9629
9629
9630
9631
9630
9631
9632
9632
9633
9634
9634
9635
9636
9636
9637
9638
9631
9632
9633
9632
9633
9634
9633
9634
9635
9632
9633
9634
9634
9635
9636
9630
9631
9632
9627
9628
9629
9628
9629
9630
9630
9631
9632
9632
9633
9634
9634
9635
9636
9633
9634
9635
9635
9636
9637
9635
9636
9637
9637
9638
9639
9639
9640
9641
9641
9642
9643
9641
9642
9643
9642
9643
9644
9644
9645
9646
9644
9645
9646
9643
9644
9645
9645
9646
9647
9647
9648
9649
9648
9649
9650
9648
9649
9650
9643
9644
9645
9645
9646
9647
9646
9647
9648
9648
9649
9650
9650
9651
9652
9652
9653
9654
9654
9655
9656
9656
9657
9658
9658
9659
9660
9659
9660
9661
9661
9662
9663
9663
9664
9665
9662
9663
9664
9663
9664
9665
9661
9662
9663
9663
9664
9665
9663
9664
9665
9662
9663
9664
9664
9665
9666
9666
9667
9668
9666
9667
9668
9668
9669
9670
9669
9670
9671
9668
9669
9670
9670
9671
9672
9671
9672
9673
9673
9674
9675
9675
9676
9677
9677
9678
9679
9679
9680
9681
9679
9680
9681
9680
9681
9682
9682
9683
9684
9684
9685
9686
9684
9685
9686
9683
9684
9685
9683
9684
9685
9670
9671
9672
9660
9661
9662
9662
9663
9664
9657
9658
9659
9659
9660
9661
9661
9662
9663
9663
9664
9665
9662
9663
9664
9659
9660
9661
9661
9662
9663
9662
9663
9664
9664
9665
9666
9661
9662
9663
9663
9664
9665
9665
9666
9667
9665
9666
9667
9666
9667
9668
9668
9669
9670
9670
9671
9672
9670
9671
9672
9672
9673
9674
9674
9675
9676
9675
9676
9677
9674
9675
9676
9675
9676
9677
9677
9678
9679
9677
9678
9679
9677
9678
9679
9679
9680
9681
9678
9679
9680
9676
9677
9678
9674
9675
9676
9675
9676
9677
9665
9666
9667
9667
9668
9669
9667
9668
9669
9669
9670
9671
9660
9661
9662
9662
9663
9664
9662
9663
9664
9662
9663
9664
9664
9665
9666
9661
9662
9663
9656
9657
9658
9657
9658
9659
9659
9660
9661
9661
9662
9663
9663
9664
9665
9664
9665
9666
9666
9667
9668
9668
9669
9670
9669
9670
9671
9668
9669
9670
9662
9663
9664
9664
9665
9666
9658
9659
9660
9634
9635
9636
9629
9630
9631
9631
9632
9633
9627
9628
9629
9627
9628
9629
9624
9625
9626
9626
9627
9628
9628
9629
9630
9628
9629
9630
9629
9630
9631
9629
9630
9631
9631
9632
9633
9624
9625
9626
9626
9627
9628
9624
9625
9626
9625
9626
9627
9624
9625
9626
9623
9624
9625
9622
9623
9624
9624
9625
9626
9626
9627
9628
9627
9628
9629
9629
9630
9631
9630
9631
9632
9632
9633
9634
9610
9611
9612
9610
9611
9612
9612
9613
9614
9614
9615
9616
9616
9617
9618
9601
9602
9603
9601
9602
9603
9602
9603
9604
9604
9605
9606
9604
9605
9606
9606
9607
9608
9608
9609
9610
9602
9603
9604
9604
9605
9606
9602
9603
9604
9584
9585
9586
9586
9587
9588
9585
9586
9587
9586
9587
9588
9588
9589
9590
9586
9587
9588
9588
9589
9590
9578
9579
9580
9577
9578
9579
9578
9579
9580
9580
9581
9582
9581
9582
9583
9582
9583
9584
9576
9577
9578
9578
9579
9580
9580
9581
9582
9582
9583
9584
9583
9584
9585
9585
9586
9587
9587
9588
9589
9576
9577
9578
9574
9575
9576
9576
9577
9578
9576
9577
9578
9578
9579
9580
9573
9574
9575
9575
9576
9577
9573
9574
9575
9566
9567
9568
9568
9569
9570
9570
9571
9572
9569
9570
9571
9571
9572
9573
9569
9570
9571
9571
9572
9573
9573
9574
9575
9572
9573
9574
9570
9571
9572
9572
9573
9574
9573
9574
9575
9575
9576
9577
9577
9578
9579
9579
9580
9581
9578
9579
9580
9577
9578
9579
9578
9579
9580
9579
9580
9581
9573
9574
9575
9575
9576
9577
9575
9576
9577
9577
9578
9579
9577
9578
9579
9569
9570
9571
9570
9571
9572
9569
9570
9571
9571
9572
9573
9573
9574
9575
9575
9576
9577
9569
9570
9571
9571
9572
9573
9568
9569
9570
9568
9569
9570
9570
9571
9572
9569
9570
9571
9564
9565
9566
9565
9566
9567
9567
9568
9569
9563
9564
9565
9563
9564
9565
9564
9565
9566
9561
9562
9563
9562
9563
9564
9564
9565
9566
9566
9567
9568
9567
9568
9569
9569
9570
9571
9570
9571
9572
9572
9573
9574
9574
9575
9576
9573
9574
9575
9574
9575
9576
9576
9577
9578
9577
9578
9579
9575
9576
9577
9577
9578
9579
9562
9563
9564
9564
9565
9566
9566
9567
9568
9566
9567
9568
9568
9569
9570
9569
9570
9571
9568
9569
9570
9567
9568
9569
9569
9570
9571
9571
9572
9573
9573
9574
9575
9575
9576
9577
9576
9577
9578
9576
9577
9578
9578
9579
9580
9580
9581
9582
9581
9582
9583
9583
9584
9585
9583
9584
9585
9578
9579
9580
9580
9581
9582
9582
9583
9584
9584
9585
9586
9583
9584
9585
9585
9586
9587
9587
9588
9589
9588
9589
9590
9587
9588
9589
9587
9588
9589
9589
9590
9591
9591
9592
9593
9593
9594
9595
9592
9593
9594
9594
9595
9596
9596
9597
9598
9598
9599
9600
9599
9600
9601
9600
9601
9602
9598
9599
9600
9600
9601
9602
9602
9603
9604
9602
9603
9604
9602
9603
9604
9604
9605
9606
9606
9607
9608
9605
9606
9607
9607
9608
9609
9609
9610
9611
9610
9611
9612
9611
9612
9613
9613
9614
9615
9609
9610
9611
9610
9611
9612
9611
9612
9613
9613
9614
9615
9613
9614
9615
9615
9616
9617
9617
9618
9619
9619
9620
9621
9620
9621
9622
9622
9623
9624
9623
9624
9625
9625
9626
9627
9627
9628
9629
9628
9629
9630
9618
9619
9620
9620
9621
9622
9622
9623
9624
9624
9625
9626
9622
9623
9624
9624
9625
9626
9624
9625
9626
9626
9627
9628
9626
9627
9628
9628
9629
9630
9618
9619
9620
9616
9617
9618
9617
9618
9619
9619
9620
9621
9621
9622
9623
9619
9620
9621
9620
9621
9622
9622
9623
9624
9623
9624
9625
9623
9624
9625
9624
9625
9626
9626
9627
9628
9628
9629
9630
9630
9631
9632
9631
9632
9633
9633
9634
9635
9633
9634
9635
9635
9636
9637
9615
9616
9617
9614
9615
9616
9616
9617
9618
9618
9619
9620
9620
9621
9622
9622
9623
9624
9624
9625
9626
9626
9627
9628
9628
9629
9630
9625
9626
9627
9620
9621
9622
9621
9622
9623
9621
9622
9623
9621
9622
9623
9623
9624
9625
9623
9624
9625
9625
9626
9627
9627
9628
9629
9627
9628
9629
9622
9623
9624
9621
9622
9623
9622
9623
9624
9624
9625
9626
9625
9626
9627
9627
9628
9629
9628
9629
9630
9626
9627
9628
9624
9625
9626
9626
9627
9628
9628
9629
9630
9630
9631
9632
9629
9630
9631
9627
9628
9629
9623
9624
9625
9625
9626
9627
9621
9622
9623
9623
9624
9625
9619
9620
9621
9619
9620
9621
9616
9617
9618
9611
9612
9613
9612
9613
9614
9604
9605
9606
9606
9607
9608
9608
9609
9610
9603
9604
9605
9605
9606
9607
9607
9608
9609
9609
9610
9611
9611
9612
9613
9612
9613
9614
9614
9615
9616
9616
9617
9618
9611
9612
9613
9613
9614
9615
9615
9616
9617
9617
9618
9619
9619
9620
9621
9615
9616
9617
9617
9618
9619
9617
9618
9619
9618
9619
9620
9620
9621
9622
9619
9620
9621
9619
9620
9621
9621
9622
9623
9623
9624
9625
9625
9626
9627
9626
9627
9628
9628
9629
9630
9619
9620
9621
9621
9622
9623
9621
9622
9623
9621
9622
9623
9623
9624
9625
9623
9624
9625
9622
9623
9624
9623
9624
9625
9624
9625
9626
9626
9627
9628
9628
9629
9630
9629
9630
9631
9629
9630
9631
9631
9632
9633
9633
9634
9635
9635
9636
9637
9636
9637
9638
9637
9638
9639
9638
9639
9640
9640
9641
9642
9625
9626
9627
9624
9625
9626
9626
9627
9628
9625
9626
9627
9627
9628
9629
9629
9630
9631
9631
9632
9633
9633
9634
9635
9635
9636
9637
9633
9634
9635
9631
9632
9633
9633
9634
9635
9635
9636
9637
9629
9630
9631
9631
9632
9633
9632
9633
9634
9633
9634
9635
9635
9636
9637
9637
9638
9639
9638
9639
9640
9640
9641
9642
9642
9643
9644
9639
9640
9641
9638
9639
9640
9635
9636
9637
9637
9638
9639
9639
9640
9641
9636
9637
9638
9638
9639
9640
9639
9640
9641
9641
9642
9643
9643
9644
9645
9644
9645
9646
9646
9647
9648
9648
9649
9650
9646
9647
9648
9648
9649
9650
9649
9650
9651
9647
9648
9649
9649
9650
9651
9648
9649
9650
9649
9650
9651
9651
9652
9653
9652
9653
9654
9654
9655
9656
9656
9657
9658
9658
9659
9660
9660
9661
9662
9658
9659
9660
9660
9661
9662
9661
9662
9663
9662
9663
9664
9664
9665
9666
9666
9667
9668
9668
9669
9670
9670
9671
9672
9669
9670
9671
9670
9671
9672
9672
9673
9674
9673
9674
9675
9674
9675
9676
9676
9677
9678
9675
9676
9677
9676
9677
9678
9675
9676
9677
9674
9675
9676
9676
9677
9678
9676
9677
9678
9677
9678
9679
9679
9680
9681
9679
9680
9681
9681
9682
9683
9683
9684
9685
9685
9686
9687
9687
9688
9689
9688
9689
9690
9689
9690
9691
9691
9692
9693
9689
9690
9691
9691
9692
9693
9693
9694
9695
9686
9687
9688
9678
9679
9680
9678
9679
9680
9679
9680
9681
9677
9678
9679
9676
9677
9678
9677
9678
9679
9675
9676
9677
9677
9678
9679
9672
9673
9674
9674
9675
9676
9673
9674
9675
9670
9671
9672
9668
9669
9670
9669
9670
9671
9671
9672
9673
9673
9674
9675
9662
9663
9664
9663
9664
9665
9665
9666
9667
9652
9653
9654
9649
9650
9651
9650
9651
9652
9652
9653
9654
9654
9655
9656
9656
9657
9658
9655
9656
9657
9651
9652
9653
9652
9653
9654
9654
9655
9656
9656
9657
9658
9658
9659
9660
9654
9655
9656
9635
9636
9637
9636
9637
9638
9637
9638
9639
9628
9629
9630
9629
9630
9631
9627
9628
9629
9623
9624
9625
9614
9615
9616
9613
9614
9615
9615
9616
9617
9617
9618
9619
9614
9615
9616
9612
9613
9614
9614
9615
9616
9616
9617
9618
9618
9619
9620
9610
9611
9612
9609
9610
9611
9611
9612
9613
9612
9613
9614
9613
9614
9615
9615
9616
9617
9603
9604
9605
9582
9583
9584
9577
9578
9579
9578
9579
9580
9578
9579
9580
9580
9581
9582
9571
9572
9573
9569
9570
9571
9571
9572
9573
9565
9566
9567
9567
9568
9569
9557
9558
9559
9559
9560
9561
9559
9560
9561
9561
9562
9563
9562
9563
9564
9547
9548
9549
9549
9550
9551
9551
9552
9553
9548
9549
9550
9543
9544
9545
9543
9544
9545
9545
9546
9547
9547
9548
9549
9549
9550
9551
9551
9552
9553
9548
9549
9550
9550
9551
9552
9552
9553
9554
9554
9555
9556
9556
9557
9558
9557
9558
9559
9558
9559
9560
9560
9561
9562
9561
9562
9563
9562
9563
9564
9558
9559
9560
9558
9559
9560
9559
9560
9561
9555
9556
9557
9556
9557
9558
9558
9559
9560
9555
9556
9557
9553
9554
9555
9555
9556
9557
9557
9558
9559
9559
9560
9561
9555
9556
9557
9557
9558
9559
9549
9550
9551
9548
9549
9550
9550
9551
9552
9544
9545
9546
9542
9543
9544
9542
9543
9544
9544
9545
9546
9545
9546
9547
9540
9541
9542
9542
9543
9544
9540
9541
9542
9541
9542
9543
9535
9536
9537
9537
9538
9539
9539
9540
9541
9540
9541
9542
9539
9540
9541
9541
9542
9543
9540
9541
9542
9542
9543
9544
9544
9545
9546
9546
9547
9548
9548
9549
9550
9549
9550
9551
9551
9552
9553
9553
9554
9555
9554
9555
9556
9556
9557
9558
9556
9557
9558
9557
9558
9559
9559
9560
9561
9560
9561
9562
9562
9563
9564
9562
9563
9564
9564
9565
9566
9566
9567
9568
9568
9569
9570
9569
9570
9571
9567
9568
9569
9569
9570
9571
9569
9570
9571
9570
9571
9572
9572
9573
9574
9568
9569
9570
9570
9571
9572
9569
9570
9571
9571
9572
9573
9573
9574
9575
9571
9572
9573
9568
9569
9570
9569
9570
9571
9570
9571
9572
9570
9571
9572
9572
9573
9574
9571
9572
9573
9572
9573
9574
9574
9575
9576
9574
9575
9576
9576
9577
9578
9570
9571
9572
9570
9571
9572
9572
9573
9574
9574
9575
9576
9576
9577
9578
9578
9579
9580
9580
9581
9582
9572
9573
9574
9574
9575
9576
9573
9574
9575
9570
9571
9572
9572
9573
9574
9564
9565
9566
9566
9567
9568
9567
9568
9569
9569
9570
9571
9571
9572
9573
9572
9573
9574
9574
9575
9576
9576
9577
9578
9578
9579
9580
9569
9570
9571
9570
9571
9572
9572
9573
9574
9571
9572
9573
9571
9572
9573
9573
9574
9575
9575
9576
9577
9566
9567
9568
9568
9569
9570
9565
9566
9567
9567
9568
9569
9555
9556
9557
9557
9558
9559
9555
9556
9557
9557
9558
9559
9559
9560
9561
9548
9549
9550
9550
9551
9552
9550
9551
9552
9552
9553
9554
9551
9552
9553
9551
9552
9553
9551
9552
9553
9552
9553
9554
9553
9554
9555
9555
9556
9557
9552
9553
9554
9553
9554
9555
9554
9555
9556
9555
9556
9557
9556
9557
9558
9558
9559
9560
9560
9561
9562
9561
9562
9563
9553
9554
9555
9551
9552
9553
9553
9554
9555
9555
9556
9557
9557
9558
9559
9553
9554
9555
9553
9554
9555
9548
9549
9550
9547
9548
9549
9548
9549
9550
9547
9548
9549
9531
9532
9533
9533
9534
9535
9535
9536
9537
9535
9536
9537
9535
9536
9537
9536
9537
9538
9536
9537
9538
9521
9522
9523
9519
9520
9521
9519
9520
9521
9521
9522
9523
9523
9524
9525
9525
9526
9527
9515
9516
9517
9517
9518
9519
9519
9520
9521
9521
9522
9523
9523
9524
9525
9524
9525
9526
9524
9525
9526
9526
9527
9528
9522
9523
9524
9521
9522
9523
9523
9524
9525
9524
9525
9526
9526
9527
9528
9527
9528
9529
9528
9529
9530
9530
9531
9532
9531
9532
9533
9531
9532
9533
9533
9534
9535
9532
9533
9534
9528
9529
9530
9530
9531
9532
9531
9532
9533
9530
9531
9532
9532
9533
9534
9532
9533
9534
9533
9534
9535
9535
9536
9537
9537
9538
9539
9539
9540
9541
9532
9533
9534
9534
9535
9536
9534
9535
9536
9536
9537
9538
9535
9536
9537
9537
9538
9539
9539
9540
9541
9537
9538
9539
9539
9540
9541
9540
9541
9542
9541
9542
9543
9543
9544
9545
9545
9546
9547
9542
9543
9544
9544
9545
9546
9544
9545
9546
9546
9547
9548
9543
9544
9545
9545
9546
9547
9544
9545
9546
9545
9546
9547
9544
9545
9546
9546
9547
9548
9548
9549
9550
9550
9551
9552
9552
9553
9554
9554
9555
9556
9556
9557
9558
9545
9546
9547
9547
9548
9549
9549
9550
9551
9551
9552
9553
9553
9554
9555
9546
9547
9548
9548
9549
9550
9549
9550
9551
9551
9552
9553
9552
9553
9554
9548
9549
9550
9550
9551
9552
9552
9553
9554
9549
9550
9551
9551
9552
9553
9550
9551
9552
9548
9549
9550
9550
9551
9552
9550
9551
9552
9552
9553
9554
9554
9555
9556
9547
9548
9549
9544
9545
9546
9545
9546
9547
9547
9548
9549
9547
9548
9549
9549
9550
9551
9550
9551
9552
9550
9551
9552
9542
9543
9544
9542
9543
9544
9544
9545
9546
9546
9547
9548
9547
9548
9549
9548
9549
9550
9549
9550
9551
9551
9552
9553
9549
9550
9551
9548
9549
9550
9550
9551
9552
9534
9535
9536
9531
9532
9533
9533
9534
9535
9534
9535
9536
9533
9534
9535
9534
9535
9536
9536
9537
9538
9538
9539
9540
9533
9534
9535
9535
9536
9537
9530
9531
9532
9531
9532
9533
9533
9534
9535
9535
9536
9537
9537
9538
9539
9526
9527
9528
9524
9525
9526
9526
9527
9528
9523
9524
9525
9520
9521
9522
9520
9521
9522
9520
9521
9522
9519
9520
9521
9518
9519
9520
9520
9521
9522
9522
9523
9524
9522
9523
9524
9524
9525
9526
9524
9525
9526
9504
9505
9506
9505
9506
9507
9507
9508
9509
9507
9508
9509
9509
9510
9511
9509
9510
9511
9508
9509
9510
9490
9491
9492
9489
9490
9491
9491
9492
9493
9488
9489
9490
9489
9490
9491
9491
9492
9493
9492
9493
9494
9494
9495
9496
9496
9497
9498
9498
9499
9500
9500
9501
9502
9502
9503
9504
9504
9505
9506
9506
9507
9508
9498
9499
9500
9499
9500
9501
9501
9502
9503
9503
9504
9505
9503
9504
9505
9505
9506
9507
9506
9507
9508
9504
9505
9506
9506
9507
9508
9507
9508
9509
9493
9494
9495
9494
9495
9496
9496
9497
9498
9498
9499
9500
9500
9501
9502
9501
9502
9503
9503
9504
9505
9504
9505
9506
9504
9505
9506
9505
9506
9507
9504
9505
9506
9506
9507
9508
9508
9509
9510
9510
9511
9512
9512
9513
9514
9513
9514
9515
9515
9516
9517
9514
9515
9516
9516
9517
9518
9518
9519
9520
9520
9521
9522
9516
9517
9518
9518
9519
9520
9519
9520
9521
9511
9512
9513
9512
9513
9514
9514
9515
9516
9514
9515
9516
9514
9515
9516
9514
9515
9516
9515
9516
9517
9514
9515
9516
9514
9515
9516
9507
9508
9509
9509
9510
9511
9510
9511
9512
9512
9513
9514
9501
9502
9503
9503
9504
9505
9498
9499
9500
9488
9489
9490
9490
9491
9492
9490
9491
9492
9490
9491
9492
9491
9492
9493
9490
9491
9492
9490
9491
9492
9492
9493
9494
9493
9494
9495
9495
9496
9497
9494
9495
9496
9496
9497
9498
9498
9499
9500
9499
9500
9501
9496
9497
9498
9498
9499
9500
9500
9501
9502
9501
9502
9503
9498
9499
9500
9497
9498
9499
9499
9500
9501
9501
9502
9503
9503
9504
9505
9498
9499
9500
9500
9501
9502
9501
9502
9503
9502
9503
9504
9504
9505
9506
9503
9504
9505
9499
9500
9501
9501
9502
9503
9503
9504
9505
9505
9506
9507
9505
9506
9507
9507
9508
9509
9507
9508
9509
9508
9509
9510
9510
9511
9512
9512
9513
9514
9510
9511
9512
9512
9513
9514
9512
9513
9514
9514
9515
9516
9509
9510
9511
9511
9512
9513
9512
9513
9514
9514
9515
9516
9515
9516
9517
9513
9514
9515
9509
9510
9511
9511
9512
9513
9511
9512
9513
9509
9510
9511
9507
9508
9509
9508
9509
9510
9505
9506
9507
9506
9507
9508
9506
9507
9508
9508
9509
9510
9510
9511
9512
9505
9506
9507
9499
9500
9501
9500
9501
9502
9498
9499
9500
9495
9496
9497
9495
9496
9497
9497
9498
9499
9494
9495
9496
9496
9497
9498
9498
9499
9500
9500
9501
9502
9502
9503
9504
9500
9501
9502
9502
9503
9504
9501
9502
9503
9498
9499
9500
9493
9494
9495
9495
9496
9497
9496
9497
9498
9496
9497
9498
9497
9498
9499
9496
9497
9498
9498
9499
9500
9498
9499
9500
9497
9498
9499
9494
9495
9496
9481
9482
9483
9469
9470
9471
9471
9472
9473
9465
9466
9467
9467
9468
9469
9469
9470
9471
9469
9470
9471
9471
9472
9473
9469
9470
9471
9467
9468
9469
9469
9470
9471
9471
9472
9473
9472
9473
9474
9472
9473
9474
9474
9475
9476
9474
9475
9476
9473
9474
9475
9475
9476
9477
9477
9478
9479
9479
9480
9481
9481
9482
9483
9482
9483
9484
9484
9485
9486
9486
9487
9488
9488
9489
9490
9489
9490
9491
9491
9492
9493
9482
9483
9484
9484
9485
9486
9483
9484
9485
9485
9486
9487
9487
9488
9489
9487
9488
9489
9489
9490
9491
9485
9486
9487
9481
9482
9483
9476
9477
9478
9478
9479
9480
9476
9477
9478
9478
9479
9480
9480
9481
9482
9481
9482
9483
9481
9482
9483
9483
9484
9485
9484
9485
9486
9481
9482
9483
9482
9483
9484
9482
9483
9484
9482
9483
9484
9480
9481
9482
9481
9482
9483
9483
9484
9485
9474
9475
9476
9472
9473
9474
9474
9475
9476
9476
9477
9478
9477
9478
9479
9478
9479
9480
9480
9481
9482
9482
9483
9484
9484
9485
9486
9485
9486
9487
9487
9488
9489
9486
9487
9488
9487
9488
9489
9488
9489
9490
9490
9491
9492
9492
9493
9494
9492
9493
9494
9494
9495
9496
9496
9497
9498
9490
9491
9492
9491
9492
9493
9493
9494
9495
9494
9495
9496
9496
9497
9498
9496
9497
9498
9498
9499
9500
9500
9501
9502
9495
9496
9497
9495
9496
9497
9492
9493
9494
9494
9495
9496
9494
9495
9496
9495
9496
9497
9496
9497
9498
9496
9497
9498
9498
9499
9500
9500
9501
9502
9501
9502
9503
9502
9503
9504
9503
9504
9505
9483
9484
9485
9483
9484
9485
9485
9486
9487
9487
9488
9489
9487
9488
9489
9489
9490
9491
9488
9489
9490
9490
9491
9492
9488
9489
9490
9482
9483
9484
9475
9476
9477
9472
9473
9474
9462
9463
9464
9463
9464
9465
9429
9430
9431
9429
9430
9431
9428
9429
9430
9430
9431
9432
9432
9433
9434
9431
9432
9433
9432
9433
9434
9433
9434
9435
9435
9436
9437
9437
9438
9439
9438
9439
9440
9440
9441
9442
9438
9439
9440
9439
9440
9441
9439
9440
9441
9440
9441
9442
9442
9443
9444
9444
9445
9446
9446
9447
9448
9448
9449
9450
9450
9451
9452
9449
9450
9451
9446
9447
9448
9441
9442
9443
9443
9444
9445
9444
9445
9446
9446
9447
9448
9442
9443
9444
9444
9445
9446
9446
9447
9448
9448
9449
9450
9448
9449
9450
9448
9449
9450
9450
9451
9452
9452
9453
9454
9451
9452
9453
9453
9454
9455
9455
9456
9457
9457
9458
9459
9459
9460
9461
9461
9462
9463
9463
9464
9465
9463
9464
9465
9465
9466
9467
9467
9468
9469
9469
9470
9471
9471
9472
9473
9473
9474
9475
9470
9471
9472
9471
9472
9473
9471
9472
9473
9467
9468
9469
9469
9470
9471
9471
9472
9473
9467
9468
9469
9466
9467
9468
9466
9467
9468
9468
9469
9470
9463
9464
9465
9464
9465
9466
9463
9464
9465
9461
9462
9463
9463
9464
9465
9461
9462
9463
9462
9463
9464
9463
9464
9465
9463
9464
9465
9459
9460
9461
9460
9461
9462
9460
9461
9462
9462
9463
9464
9463
9464
9465
9465
9466
9467
9467
9468
9469
9468
9469
9470
9470
9471
9472
9472
9473
9474
9474
9475
9476
9476
9477
9478
9478
9479
9480
9477
9478
9479
9479
9480
9481
9481
9482
9483
9482
9483
9484
9484
9485
9486
9478
9479
9480
9468
9469
9470
9456
9457
9458
9458
9459
9460
9458
9459
9460
9455
9456
9457
9457
9458
9459
9459
9460
9461
9455
9456
9457
9422
9423
9424
9424
9425
9426
9426
9427
9428
9426
9427
9428
9422
9423
9424
9414
9415
9416
9416
9417
9418
9418
9419
9420
9420
9421
9422
9422
9423
9424
9420
9421
9422
9422
9423
9424
9424
9425
9426
9425
9426
9427
9427
9428
9429
9416
9417
9418
9418
9419
9420
9419
9420
9421
9420
9421
9422
9422
9423
9424
9423
9424
9425
9421
9422
9423
9422
9423
9424
9422
9423
9424
9423
9424
9425
9424
9425
9426
9424
9425
9426
9425
9426
9427
9426
9427
9428
9428
9429
9430
9427
9428
9429
9429
9430
9431
9429
9430
9431
9431
9432
9433
9432
9433
9434
9433
9434
9435
9435
9436
9437
9436
9437
9438
9438
9439
9440
9429
9430
9431
9428
9429
9430
9427
9428
9429
9428
9429
9430
9429
9430
9431
9431
9432
9433
9423
9424
9425
9425
9426
9427
9427
9428
9429
9426
9427
9428
9428
9429
9430
9429
9430
9431
9431
9432
9433
9432
9433
9434
9434
9435
9436
9436
9437
9438
9438
9439
9440
9440
9441
9442
9440
9441
9442
9442
9443
9444
9444
9445
9446
9446
9447
9448
9448
9449
9450
9445
9446
9447
9445
9446
9447
9446
9447
9448
9444
9445
9446
9445
9446
9447
9447
9448
9449
9448
9449
9450
9447
9448
9449
9449
9450
9451
9451
9452
9453
9429
9430
9431
9430
9431
9432
9432
9433
9434
9434
9435
9436
9434
9435
9436
9435
9436
9437
9437
9438
9439
9432
9433
9434
9434
9435
9436
9427
9428
9429
9429
9430
9431
9431
9432
9433
9433
9434
9435
9434
9435
9436
9433
9434
9435
9435
9436
9437
9429
9430
9431
9431
9432
9433
9433
9434
9435
9435
9436
9437
9436
9437
9438
9438
9439
9440
9439
9440
9441
9432
9433
9434
9433
9434
9435
9435
9436
9437
9437
9438
9439
9439
9440
9441
9438
9439
9440
9439
9440
9441
9441
9442
9443
9443
9444
9445
9441
9442
9443
9442
9443
9444
9443
9444
9445
9438
9439
9440
9440
9441
9442
9442
9443
9444
9439
9440
9441
9440
9441
9442
9442
9443
9444
9444
9445
9446
9445
9446
9447
9446
9447
9448
9434
9435
9436
9436
9437
9438
9438
9439
9440
9440
9441
9442
9442
9443
9444
9444
9445
9446
9446
9447
9448
9446
9447
9448
9448
9449
9450
9436
9437
9438
9436
9437
9438
9438
9439
9440
9439
9440
9441
9441
9442
9443
9442
9443
9444
9444
9445
9446
9446
9447
9448
9447
9448
9449
9447
9448
9449
9442
9443
9444
9443
9444
9445
9445
9446
9447
9447
9448
9449
9445
9446
9447
9447
9448
9449
9449
9450
9451
9451
9452
9453
9452
9453
9454
9454
9455
9456
9456
9457
9458
9458
9459
9460
9457
9458
9459
9459
9460
9461
9461
9462
9463
9458
9459
9460
9456
9457
9458
9453
9454
9455
9455
9456
9457
9454
9455
9456
9455
9456
9457
9457
9458
9459
9459
9460
9461
9459
9460
9461
9460
9461
9462
9462
9463
9464
9463
9464
9465
9464
9465
9466
9466
9467
9468
9468
9469
9470
9468
9469
9470
9468
9469
9470
9466
9467
9468
9468
9469
9470
9462
9463
9464
9464
9465
9466
9466
9467
9468
9468
9469
9470
9467
9468
9469
9468
9469
9470
9470
9471
9472
9471
9472
9473
9473
9474
9475
9462
9463
9464
9459
9460
9461
9461
9462
9463
9462
9463
9464
9463
9464
9465
9465
9466
9467
9467
9468
9469
9466
9467
9468
9459
9460
9461
9461
9462
9463
9460
9461
9462
9461
9462
9463
9460
9461
9462
9462
9463
9464
9462
9463
9464
9459
9460
9461
9461
9462
9463
9463
9464
9465
9462
9463
9464
9464
9465
9466
9464
9465
9466
9465
9466
9467
9466
9467
9468
9464
9465
9466
9466
9467
9468
9467
9468
9469
9459
9460
9461
9459
9460
9461
9456
9457
9458
9457
9458
9459
9458
9459
9460
9460
9461
9462
9462
9463
9464
9464
9465
9466
9466
9467
9468
9463
9464
9465
9463
9464
9465
9453
9454
9455
9454
9455
9456
9456
9457
9458
9452
9453
9454
9445
9446
9447
9447
9448
9449
9448
9449
9450
9450
9451
9452
9451
9452
9453
9450
9451
9452
9452
9453
9454
9454
9455
9456
9456
9457
9458
9443
9444
9445
9441
9442
9443
9443
9444
9445
9443
9444
9445
9445
9446
9447
9447
9448
9449
9449
9450
9451
9451
9452
9453
9453
9454
9455
9453
9454
9455
9443
9444
9445
9444
9445
9446
9445
9446
9447
9445
9446
9447
9441
9442
9443
9443
9444
9445
9444
9445
9446
9445
9446
9447
9446
9447
9448
9447
9448
9449
9449
9450
9451
9449
9450
9451
9451
9452
9453
9453
9454
9455
9455
9456
9457
9457
9458
9459
9459
9460
9461
9456
9457
9458
9458
9459
9460
9460
9461
9462
9457
9458
9459
9459
9460
9461
9461
9462
9463
9463
9464
9465
9465
9466
9467
9467
9468
9469
9464
9465
9466
9466
9467
9468
9462
9463
9464
9464
9465
9466
9466
9467
9468
9466
9467
9468
9468
9469
9470
9469
9470
9471
9471
9472
9473
9473
9474
9475
9475
9476
9477
9476
9477
9478
9477
9478
9479
9476
9477
9478
9477
9478
9479
9468
9469
9470
9470
9471
9472
9472
9473
9474
9472
9473
9474
9469
9470
9471
9471
9472
9473
9473
9474
9475
9475
9476
9477
9472
9473
9474
9474
9475
9476
9475
9476
9477
9477
9478
9479
9479
9480
9481
9481
9482
9483
9481
9482
9483
9483
9484
9485
9483
9484
9485
9484
9485
9486
9486
9487
9488
9487
9488
9489
9489
9490
9491
9491
9492
9493
9493
9494
9495
9495
9496
9497
9497
9498
9499
9498
9499
9500
9500
9501
9502
9499
9500
9501
9487
9488
9489
9489
9490
9491
9486
9487
9488
9488
9489
9490
9490
9491
9492
9492
9493
9494
9493
9494
9495
9492
9493
9494
9485
9486
9487
9486
9487
9488
9487
9488
9489
9485
9486
9487
9487
9488
9489
9489
9490
9491
9490
9491
9492
9492
9493
9494
9494
9495
9496
9496
9497
9498
9498
9499
9500
9500
9501
9502
9502
9503
9504
9504
9505
9506
9506
9507
9508
9508
9509
9510
9510
9511
9512
9510
9511
9512
9510
9511
9512
9508
9509
9510
9504
9505
9506
9506
9507
9508
9508
9509
9510
9495
9496
9497
9497
9498
9499
9496
9497
9498
9498
9499
9500
9500
9501
9502
9502
9503
9504
9503
9504
9505
9505
9506
9507
9507
9508
9509
9509
9510
9511
9508
9509
9510
9506
9507
9508
9508
9509
9510
9500
9501
9502
9502
9503
9504
9503
9504
9505
9505
9506
9507
9507
9508
9509
9508
9509
9510
9507
9508
9509
9507
9508
9509
9508
9509
9510
9510
9511
9512
9511
9512
9513
9513
9514
9515
9514
9515
9516
9516
9517
9518
9518
9519
9520
9519
9520
9521
9521
9522
9523
9511
9512
9513
9510
9511
9512
9511
9512
9513
9513
9514
9515
9515
9516
9517
9515
9516
9517
9517
9518
9519
9519
9520
9521
9521
9522
9523
9521
9522
9523
9523
9524
9525
9525
9526
9527
9527
9528
9529
9527
9528
9529
9529
9530
9531
9531
9532
9533
9533
9534
9535
9535
9536
9537
9537
9538
9539
9539
9540
9541
9539
9540
9541
9541
9542
9543
9543
9544
9545
9543
9544
9545
9544
9545
9546
9539
9540
9541
9540
9541
9542
9540
9541
9542
9541
9542
9543
9539
9540
9541
9541
9542
9543
9542
9543
9544
9542
9543
9544
9544
9545
9546
9546
9547
9548
9546
9547
9548
9544
9545
9546
9540
9541
9542
9541
9542
9543
9541
9542
9543
9542
9543
9544
9540
9541
9542
9538
9539
9540
9540
9541
9542
9537
9538
9539
9539
9540
9541
9540
9541
9542
9542
9543
9544
9509
9510
9511
9511
9512
9513
9498
9499
9500
9497
9498
9499
9498
9499
9500
9500
9501
9502
9501
9502
9503
9503
9504
9505
9503
9504
9505
9505
9506
9507
9500
9501
9502
9474
9475
9476
9471
9472
9473
9470
9471
9472
9469
9470
9471
9468
9469
9470
9470
9471
9472
9472
9473
9474
9472
9473
9474
9474
9475
9476
9468
9469
9470
9469
9470
9471
9471
9472
9473
9463
9464
9465
9463
9464
9465
9464
9465
9466
9466
9467
9468
9468
9469
9470
9470
9471
9472
9472
9473
9474
9474
9475
9476
9458
9459
9460
9460
9461
9462
9462
9463
9464
9464
9465
9466
9466
9467
9468
9467
9468
9469
9469
9470
9471
9458
9459
9460
9460
9461
9462
9462
9463
9464
9447
9448
9449
9446
9447
9448
9448
9449
9450
9450
9451
9452
9451
9452
9453
9453
9454
9455
9447
9448
9449
9448
9449
9450
9448
9449
9450
9442
9443
9444
9440
9441
9442
9442
9443
9444
9441
9442
9443
9443
9444
9445
9443
9444
9445
9445
9446
9447
9447
9448
9449
9447
9448
9449
9449
9450
9451
9451
9452
9453
9452
9453
9454
9453
9454
9455
9455
9456
9457
9456
9457
9458
9447
9448
9449
9449
9450
9451
9447
9448
9449
9449
9450
9451
9447
9448
9449
9448
9449
9450
9447
9448
9449
9449
9450
9451
9451
9452
9453
9444
9445
9446
9444
9445
9446
9446
9447
9448
9447
9448
9449
9449
9450
9451
9451
9452
9453
9451
9452
9453
9453
9454
9455
9455
9456
9457
9456
9457
9458
9458
9459
9460
9456
9457
9458
9444
9445
9446
9446
9447
9448
9448
9449
9450
9449
9450
9451
9451
9452
9453
9453
9454
9455
9454
9455
9456
9451
9452
9453
9452
9453
9454
9454
9455
9456
9454
9455
9456
9456
9457
9458
9449
9450
9451
9451
9452
9453
9450
9451
9452
9452
9453
9454
9454
9455
9456
9456
9457
9458
9458
9459
9460
9458
9459
9460
9457
9458
9459
9459
9460
9461
9461
9462
9463
9458
9459
9460
9460
9461
9462
9462
9463
9464
9459
9460
9461
9461
9462
9463
9449
9450
9451
9450
9451
9452
9452
9453
9454
9454
9455
9456
9448
9449
9450
9450
9451
9452
9452
9453
9454
9452
9453
9454
9453
9454
9455
9455
9456
9457
9457
9458
9459
9454
9455
9456
9456
9457
9458
9458
9459
9460
9460
9461
9462
9462
9463
9464
9463
9464
9465
9464
9465
9466
9465
9466
9467
9462
9463
9464
9464
9465
9466
9458
9459
9460
9460
9461
9462
9456
9457
9458
9458
9459
9460
9460
9461
9462
9462
9463
9464
9463
9464
9465
9464
9465
9466
9466
9467
9468
9468
9469
9470
9470
9471
9472
9472
9473
9474
9469
9470
9471
9467
9468
9469
9469
9470
9471
9469
9470
9471
9458
9459
9460
9458
9459
9460
9459
9460
9461
9455
9456
9457
9457
9458
9459
9450
9451
9452
9450
9451
9452
9448
9449
9450
9450
9451
9452
9448
9449
9450
9450
9451
9452
9452
9453
9454
9453
9454
9455
9454
9455
9456
9455
9456
9457
9457
9458
9459
9458
9459
9460
9460
9461
9462
9462
9463
9464
9464
9465
9466
9464
9465
9466
9465
9466
9467
9467
9468
9469
9467
9468
9469
9467
9468
9469
9469
9470
9471
9467
9468
9469
9465
9466
9467
9467
9468
9469
9469
9470
9471
9464
9465
9466
9466
9467
9468
9468
9469
9470
9470
9471
9472
9472
9473
9474
9462
9463
9464
9464
9465
9466
9465
9466
9467
9465
9466
9467
9460
9461
9462
9462
9463
9464
9464
9465
9466
9466
9467
9468
9467
9468
9469
9463
9464
9465
9465
9466
9467
9467
9468
9469
9469
9470
9471
9469
9470
9471
9466
9467
9468
9468
9469
9470
9469
9470
9471
9470
9471
9472
9472
9473
9474
9473
9474
9475
9475
9476
9477
9473
9474
9475
9475
9476
9477
9477
9478
9479
9474
9475
9476
9476
9477
9478
9473
9474
9475
9474
9475
9476
9476
9477
9478
9477
9478
9479
9478
9479
9480
9479
9480
9481
9470
9471
9472
9446
9447
9448
9441
9442
9443
9441
9442
9443
9442
9443
9444
9438
9439
9440
9437
9438
9439
9438
9439
9440
9440
9441
9442
9441
9442
9443
9443
9444
9445
9445
9446
9447
9447
9448
9449
9449
9450
9451
9448
9449
9450
9448
9449
9450
9446
9447
9448
9445
9446
9447
9444
9445
9446
9441
9442
9443
9440
9441
9442
9422
9423
9424
9422
9423
9424
9424
9425
9426
9422
9423
9424
9415
9416
9417
9413
9414
9415
9414
9415
9416
9403
9404
9405
9405
9406
9407
9407
9408
9409
9408
9409
9410
9410
9411
9412
9410
9411
9412
9412
9413
9414
9412
9413
9414
9408
9409
9410
9407
9408
9409
9407
9408
9409
9409
9410
9411
9397
9398
9399
9394
9395
9396
9393
9394
9395
9395
9396
9397
9397
9398
9399
9396
9397
9398
9398
9399
9400
9395
9396
9397
9397
9398
9399
9399
9400
9401
9401
9402
9403
9403
9404
9405
9402
9403
9404
9404
9405
9406
9397
9398
9399
9399
9400
9401
9401
9402
9403
9396
9397
9398
9390
9391
9392
9386
9387
9388
9387
9388
9389
9388
9389
9390
9390
9391
9392
9391
9392
9393
9391
9392
9393
9392
9393
9394
9394
9395
9396
9393
9394
9395
9395
9396
9397
9393
9394
9395
9395
9396
9397
9395
9396
9397
9386
9387
9388
9388
9389
9390
9385
9386
9387
9385
9386
9387
9384
9385
9386
9386
9387
9388
9387
9388
9389
9388
9389
9390
9389
9390
9391
9387
9388
9389
9388
9389
9390
9390
9391
9392
9391
9392
9393
9390
9391
9392
9392
9393
9394
9391
9392
9393
9390
9391
9392
9390
9391
9392
9391
9392
9393
9389
9390
9391
9391
9392
9393
9393
9394
9395
9395
9396
9397
9397
9398
9399
9392
9393
9394
9394
9395
9396
9395
9396
9397
9397
9398
9399
9395
9396
9397
9394
9395
9396
9392
9393
9394
9383
9384
9385
9384
9385
9386
9386
9387
9388
9388
9389
9390
9387
9388
9389
9388
9389
9390
9388
9389
9390
9387
9388
9389
9383
9384
9385
9382
9383
9384
9381
9382
9383
9363
9364
9365
9365
9366
9367
9362
9363
9364
9362
9363
9364
9364
9365
9366
9366
9367
9368
9368
9369
9370
9369
9370
9371
9370
9371
9372
9372
9373
9374
9373
9374
9375
9374
9375
9376
9376
9377
9378
9378
9379
9380
9380
9381
9382
9382
9383
9384
9382
9383
9384
9382
9383
9384
9382
9383
9384
9384
9385
9386
9386
9387
9388
9388
9389
9390
9390
9391
9392
9392
9393
9394
9394
9395
9396
9395
9396
9397
9388
9389
9390
9390
9391
9392
9392
9393
9394
9391
9392
9393
9393
9394
9395
9395
9396
9397
9395
9396
9397
9392
9393
9394
9394
9395
9396
9396
9397
9398
9398
9399
9400
9394
9395
9396
9396
9397
9398
9396
9397
9398
9398
9399
9400
9400
9401
9402
9401
9402
9403
9403
9404
9405
9405
9406
9407
9407
9408
9409
9408
9409
9410
9410
9411
9412
9409
9410
9411
9411
9412
9413
9406
9407
9408
9408
9409
9410
9410
9411
9412
9410
9411
9412
9412
9413
9414
9414
9415
9416
9415
9416
9417
9417
9418
9419
9416
9417
9418
9418
9419
9420
9415
9416
9417
9417
9418
9419
9418
9419
9420
9418
9419
9420
9400
9401
9402
9402
9403
9404
9404
9405
9406
9406
9407
9408
9408
9409
9410
9410
9411
9412
9412
9413
9414
9414
9415
9416
9416
9417
9418
9418
9419
9420
9419
9420
9421
9421
9422
9423
9423
9424
9425
9416
9417
9418
9418
9419
9420
9419
9420
9421
9421
9422
9423
9423
9424
9425
9425
9426
9427
9426
9427
9428
9427
9428
9429
9429
9430
9431
9429
9430
9431
9430
9431
9432
9432
9433
9434
9434
9435
9436
9436
9437
9438
9438
9439
9440
9436
9437
9438
9438
9439
9440
9440
9441
9442
9442
9443
9444
9440
9441
9442
9441
9442
9443
9442
9443
9444
9440
9441
9442
9440
9441
9442
9442
9443
9444
9443
9444
9445
9445
9446
9447
9442
9443
9444
9442
9443
9444
9444
9445
9446
9445
9446
9447
9447
9448
9449
9448
9449
9450
9449
9450
9451
9451
9452
9453
9452
9453
9454
9454
9455
9456
9455
9456
9457
9457
9458
9459
9459
9460
9461
9460
9461
9462
9462
9463
9464
9464
9465
9466
9459
9460
9461
9459
9460
9461
9456
9457
9458
9458
9459
9460
9453
9454
9455
9454
9455
9456
9449
9450
9451
9451
9452
9453
9451
9452
9453
9453
9454
9455
9453
9454
9455
9453
9454
9455
9444
9445
9446
9446
9447
9448
9447
9448
9449
9449
9450
9451
9449
9450
9451
9451
9452
9453
9453
9454
9455
9451
9452
9453
9453
9454
9455
9453
9454
9455
9455
9456
9457
9456
9457
9458
9458
9459
9460
9457
9458
9459
9458
9459
9460
9460
9461
9462
9457
9458
9459
9459
9460
9461
9459
9460
9461
9460
9461
9462
9462
9463
9464
9459
9460
9461
9461
9462
9463
9459
9460
9461
9461
9462
9463
9463
9464
9465
9464
9465
9466
9466
9467
9468
9468
9469
9470
9470
9471
9472
9471
9472
9473
9473
9474
9475
9468
9469
9470
9470
9471
9472
9472
9473
9474
9474
9475
9476
9475
9476
9477
9477
9478
9479
9478
9479
9480
9478
9479
9480
9478
9479
9480
9480
9481
9482
9482
9483
9484
9484
9485
9486
9486
9487
9488
9488
9489
9490
9479
9480
9481
9481
9482
9483
9476
9477
9478
9477
9478
9479
9468
9469
9470
9457
9458
9459
9458
9459
9460
9458
9459
9460
9460
9461
9462
9461
9462
9463
9462
9463
9464
9464
9465
9466
9457
9458
9459
9457
9458
9459
9458
9459
9460
9452
9453
9454
9453
9454
9455
9452
9453
9454
9454
9455
9456
9449
9450
9451
9451
9452
9453
9453
9454
9455
9455
9456
9457
9456
9457
9458
9458
9459
9460
9458
9459
9460
9456
9457
9458
9457
9458
9459
9458
9459
9460
9460
9461
9462
9462
9463
9464
9462
9463
9464
9458
9459
9460
9460
9461
9462
9458
9459
9460
9459
9460
9461
9456
9457
9458
9458
9459
9460
9459
9460
9461
9461
9462
9463
9459
9460
9461
9461
9462
9463
9463
9464
9465
9462
9463
9464
9463
9464
9465
9465
9466
9467
9467
9468
9469
9469
9470
9471
9469
9470
9471
9471
9472
9473
9473
9474
9475
9472
9473
9474
9472
9473
9474
9472
9473
9474
9469
9470
9471
9470
9471
9472
9471
9472
9473
9473
9474
9475
9472
9473
9474
9473
9474
9475
9472
9473
9474
9474
9475
9476
9476
9477
9478
9478
9479
9480
9475
9476
9477
9476
9477
9478
9477
9478
9479
9473
9474
9475
9466
9467
9468
9446
9447
9448
9448
9449
9450
9450
9451
9452
9442
9443
9444
9433
9434
9435
9433
9434
9435
9435
9436
9437
9437
9438
9439
9439
9440
9441
9437
9438
9439
9439
9440
9441
9439
9440
9441
9440
9441
9442
9438
9439
9440
9440
9441
9442
9442
9443
9444
9443
9444
9445
9445
9446
9447
9444
9445
9446
9446
9447
9448
9445
9446
9447
9447
9448
9449
9445
9446
9447
9447
9448
9449
9445
9446
9447
9444
9445
9446
9443
9444
9445
9445
9446
9447
9442
9443
9444
9444
9445
9446
9446
9447
9448
9428
9429
9430
9422
9423
9424
9424
9425
9426
9426
9427
9428
9417
9418
9419
9416
9417
9418
9413
9414
9415
9415
9416
9417
9416
9417
9418
9417
9418
9419
9418
9419
9420
9420
9421
9422
9422
9423
9424
9415
9416
9417
9417
9418
9419
9419
9420
9421
9421
9422
9423
9422
9423
9424
9424
9425
9426
9423
9424
9425
9423
9424
9425
9425
9426
9427
9427
9428
9429
9428
9429
9430
9430
9431
9432
9427
9428
9429
9429
9430
9431
9431
9432
9433
9433
9434
9435
9433
9434
9435
9435
9436
9437
9437
9438
9439
9439
9440
9441
9439
9440
9441
9440
9441
9442
9442
9443
9444
9444
9445
9446
9446
9447
9448
9445
9446
9447
9447
9448
9449
9439
9440
9441
9440
9441
9442
9441
9442
9443
9443
9444
9445
9444
9445
9446
9445
9446
9447
9447
9448
9449
9449
9450
9451
9451
9452
9453
9448
9449
9450
9450
9451
9452
9445
9446
9447
9443
9444
9445
9445
9446
9447
9446
9447
9448
9447
9448
9449
9444
9445
9446
9446
9447
9448
9448
9449
9450
9450
9451
9452
9452
9453
9454
9454
9455
9456
9452
9453
9454
9454
9455
9456
9453
9454
9455
9454
9455
9456
9452
9453
9454
9454
9455
9456
9448
9449
9450
9449
9450
9451
9451
9452
9453
9408
9409
9410
9409
9410
9411
9411
9412
9413
9413
9414
9415
9414
9415
9416
9416
9417
9418
9418
9419
9420
9419
9420
9421
9420
9421
9422
9418
9419
9420
9420
9421
9422
9421
9422
9423
9420
9421
9422
9420
9421
9422
9419
9420
9421
9420
9421
9422
9422
9423
9424
9423
9424
9425
9422
9423
9424
9424
9425
9426
9426
9427
9428
9421
9422
9423
9419
9420
9421
9421
9422
9423
9417
9418
9419
9401
9402
9403
9403
9404
9405
9405
9406
9407
9406
9407
9408
9407
9408
9409
9406
9407
9408
9405
9406
9407
9407
9408
9409
9409
9410
9411
9411
9412
9413
9413
9414
9415
9415
9416
9417
9417
9418
9419
9419
9420
9421
9416
9417
9418
9415
9416
9417
9417
9418
9419
9419
9420
9421
9421
9422
9423
9419
9420
9421
9421
9422
9423
9423
9424
9425
9422
9423
9424
9423
9424
9425
9425
9426
9427
9427
9428
9429
9429
9430
9431
9431
9432
9433
9430
9431
9432
9432
9433
9434
9430
9431
9432
9430
9431
9432
9425
9426
9427
9427
9428
9429
9413
9414
9415
9415
9416
9417
9416
9417
9418
9418
9419
9420
9420
9421
9422
9405
9406
9407
9407
9408
9409
9407
9408
9409
9408
9409
9410
9402
9403
9404
9403
9404
9405
9405
9406
9407
9401
9402
9403
9403
9404
9405
9403
9404
9405
9405
9406
9407
9404
9405
9406
9404
9405
9406
9406
9407
9408
9408
9409
9410
9410
9411
9412
9403
9404
9405
9404
9405
9406
9406
9407
9408
9408
9409
9410
9409
9410
9411
9411
9412
9413
9413
9414
9415
9412
9413
9414
9414
9415
9416
9414
9415
9416
9416
9417
9418
9417
9418
9419
9418
9419
9420
9419
9420
9421
9421
9422
9423
9423
9424
9425
9425
9426
9427
9410
9411
9412
9411
9412
9413
9413
9414
9415
9414
9415
9416
9416
9417
9418
9418
9419
9420
9420
9421
9422
9419
9420
9421
9421
9422
9423
9423
9424
9425
9425
9426
9427
9423
9424
9425
9419
9420
9421
9421
9422
9423
9423
9424
9425
9424
9425
9426
9424
9425
9426
9425
9426
9427
9427
9428
9429
9429
9430
9431
9426
9427
9428
9423
9424
9425
9425
9426
9427
9427
9428
9429
9429
9430
9431
9431
9432
9433
9433
9434
9435
9435
9436
9437
9436
9437
9438
9438
9439
9440
9437
9438
9439
9439
9440
9441
9439
9440
9441
9440
9441
9442
9441
9442
9443
9443
9444
9445
9444
9445
9446
9445
9446
9447
9447
9448
9449
9444
9445
9446
9445
9446
9447
9443
9444
9445
9445
9446
9447
9447
9448
9449
9449
9450
9451
9444
9445
9446
9446
9447
9448
9448
9449
9450
9450
9451
9452
9452
9453
9454
9454
9455
9456
9456
9457
9458
9456
9457
9458
9454
9455
9456
9456
9457
9458
9458
9459
9460
9456
9457
9458
9457
9458
9459
9458
9459
9460
9460
9461
9462
9461
9462
9463
9463
9464
9465
9464
9465
9466
9463
9464
9465
9453
9454
9455
9453
9454
9455
9451
9452
9453
9452
9453
9454
9443
9444
9445
9441
9442
9443
9443
9444
9445
9443
9444
9445
9442
9443
9444
9441
9442
9443
9443
9444
9445
9442
9443
9444
9443
9444
9445
9444
9445
9446
9446
9447
9448
9441
9442
9443
9443
9444
9445
9442
9443
9444
9442
9443
9444
9441
9442
9443
9443
9444
9445
9436
9437
9438
9438
9439
9440
9440
9441
9442
9438
9439
9440
9437
9438
9439
9431
9432
9433
9433
9434
9435
9435
9436
9437
9437
9438
9439
9439
9440
9441
9441
9442
9443
9438
9439
9440
9440
9441
9442
9441
9442
9443
9443
9444
9445
9443
9444
9445
9445
9446
9447
9445
9446
9447
9447
9448
9449
9448
9449
9450
9449
9450
9451
9451
9452
9453
9453
9454
9455
9449
9450
9451
9447
9448
9449
9449
9450
9451
9442
9443
9444
9426
9427
9428
9427
9428
9429
9429
9430
9431
9431
9432
9433
9433
9434
9435
9435
9436
9437
9432
9433
9434
9432
9433
9434
9433
9434
9435
9435
9436
9437
9437
9438
9439
9434
9435
9436
9436
9437
9438
9436
9437
9438
9424
9425
9426
9425
9426
9427
9425
9426
9427
9403
9404
9405
9404
9405
9406
9406
9407
9408
9407
9408
9409
9407
9408
9409
9401
9402
9403
9403
9404
9405
9404
9405
9406
9401
9402
9403
9403
9404
9405
9405
9406
9407
9407
9408
9409
9408
9409
9410
9410
9411
9412
9412
9413
9414
9414
9415
9416
9416
9417
9418
9418
9419
9420
9412
9413
9414
9412
9413
9414
9411
9412
9413
9413
9414
9415
9415
9416
9417
9416
9417
9418
9418
9419
9420
9419
9420
9421
9419
9420
9421
9421
9422
9423
9422
9423
9424
9424
9425
9426
9426
9427
9428
9427
9428
9429
9429
9430
9431
9431
9432
9433
9433
9434
9435
9435
9436
9437
9431
9432
9433
9430
9431
9432
9431
9432
9433
9418
9419
9420
9420
9421
9422
9414
9415
9416
9414
9415
9416
9416
9417
9418
9417
9418
9419
9419
9420
9421
9419
9420
9421
9418
9419
9420
9420
9421
9422
9422
9423
9424
9424
9425
9426
9423
9424
9425
9425
9426
9427
9426
9427
9428
9427
9428
9429
9429
9430
9431
9427
9428
9429
9429
9430
9431
9431
9432
9433
9428
9429
9430
9427
9428
9429
9429
9430
9431
9431
9432
9433
9433
9434
9435
9435
9436
9437
9425
9426
9427
9412
9413
9414
9414
9415
9416
9408
9409
9410
9410
9411
9412
9410
9411
9412
9409
9410
9411
9403
9404
9405
9405
9406
9407
9407
9408
9409
9404
9405
9406
9404
9405
9406
9400
9401
9402
9402
9403
9404
9404
9405
9406
9398
9399
9400
9396
9397
9398
9398
9399
9400
9397
9398
9399
9399
9400
9401
9401
9402
9403
9402
9403
9404
9404
9405
9406
9406
9407
9408
9407
9408
9409
9409
9410
9411
9411
9412
9413
9412
9413
9414
9414
9415
9416
9416
9417
9418
9418
9419
9420
9420
9421
9422
9422
9423
9424
9416
9417
9418
9418
9419
9420
9420
9421
9422
9421
9422
9423
9423
9424
9425
9419
9420
9421
9421
9422
9423
9423
9424
9425
9425
9426
9427
9415
9416
9417
9415
9416
9417
9417
9418
9419
9417
9418
9419
9418
9419
9420
9420
9421
9422
9422
9423
9424
9424
9425
9426
9426
9427
9428
9428
9429
9430
9418
9419
9420
9420
9421
9422
9422
9423
9424
9421
9422
9423
9421
9422
9423
9423
9424
9425
9425
9426
9427
9427
9428
9429
9429
9430
9431
9431
9432
9433
9433
9434
9435
9435
9436
9437
9437
9438
9439
9430
9431
9432
9430
9431
9432
9430
9431
9432
9432
9433
9434
9434
9435
9436
9433
9434
9435
9435
9436
9437
9436
9437
9438
9438
9439
9440
9436
9437
9438
9425
9426
9427
9417
9418
9419
9418
9419
9420
9420
9421
9422
9422
9423
9424
9421
9422
9423
9423
9424
9425
9425
9426
9427
9426
9427
9428
9428
9429
9430
9425
9426
9427
9424
9425
9426
9425
9426
9427
9424
9425
9426
9426
9427
9428
9425
9426
9427
9427
9428
9429
9429
9430
9431
9431
9432
9433
9426
9427
9428
9422
9423
9424
9424
9425
9426
9425
9426
9427
9427
9428
9429
9415
9416
9417
9415
9416
9417
9414
9415
9416
9416
9417
9418
9415
9416
9417
9413
9414
9415
9409
9410
9411
9411
9412
9413
9413
9414
9415
9413
9414
9415
9414
9415
9416
9416
9417
9418
9418
9419
9420
9420
9421
9422
9422
9423
9424
9420
9421
9422
9422
9423
9424
9424
9425
9426
9425
9426
9427
9423
9424
9425
9422
9423
9424
9423
9424
9425
9422
9423
9424
9421
9422
9423
9423
9424
9425
9425
9426
9427
9427
9428
9429
9428
9429
9430
9430
9431
9432
9431
9432
9433
9421
9422
9423
9412
9413
9414
9413
9414
9415
9415
9416
9417
9417
9418
9419
9419
9420
9421
9421
9422
9423
9420
9421
9422
9417
9418
9419
9412
9413
9414
9411
9412
9413
9411
9412
9413
9413
9414
9415
9413
9414
9415
9415
9416
9417
9416
9417
9418
9414
9415
9416
9409
9410
9411
9406
9407
9408
9408
9409
9410
9410
9411
9412
9412
9413
9414
9386
9387
9388
9388
9389
9390
9390
9391
9392
9392
9393
9394
9393
9394
9395
9389
9390
9391
9391
9392
9393
9387
9388
9389
9370
9371
9372
9372
9373
9374
9374
9375
9376
9375
9376
9377
9377
9378
9379
9376
9377
9378
9374
9375
9376
9376
9377
9378
9375
9376
9377
9363
9364
9365
9364
9365
9366
9363
9364
9365
9362
9363
9364
9364
9365
9366
9360
9361
9362
9360
9361
9362
9362
9363
9364
9362
9363
9364
9363
9364
9365
9365
9366
9367
9366
9367
9368
9362
9363
9364
9364
9365
9366
9366
9367
9368
9368
9369
9370
9370
9371
9372
9364
9365
9366
9366
9367
9368
9368
9369
9370
9367
9368
9369
9367
9368
9369
9368
9369
9370
9370
9371
9372
9372
9373
9374
9374
9375
9376
9375
9376
9377
9374
9375
9376
9375
9376
9377
9375
9376
9377
9377
9378
9379
9379
9380
9381
9381
9382
9383
9382
9383
9384
9383
9384
9385
9379
9380
9381
9381
9382
9383
9383
9384
9385
9385
9386
9387
9387
9388
9389
9386
9387
9388
9385
9386
9387
9387
9388
9389
9379
9380
9381
9381
9382
9383
9377
9378
9379
9378
9379
9380
9379
9380
9381
9380
9381
9382
9381
9382
9383
9382
9383
9384
9383
9384
9385
9382
9383
9384
9384
9385
9386
9386
9387
9388
9387
9388
9389
9383
9384
9385
9385
9386
9387
9383
9384
9385
9385
9386
9387
9387
9388
9389
9385
9386
9387
9387
9388
9389
9389
9390
9391
9391
9392
9393
9391
9392
9393
9392
9393
9394
9394
9395
9396
9395
9396
9397
9394
9395
9396
9396
9397
9398
9392
9393
9394
9394
9395
9396
9390
9391
9392
9392
9393
9394
9388
9389
9390
9389
9390
9391
9389
9390
9391
9389
9390
9391
9391
9392
9393
9393
9394
9395
9388
9389
9390
9389
9390
9391
9390
9391
9392
9391
9392
9393
9393
9394
9395
9392
9393
9394
9391
9392
9393
9392
9393
9394
9392
9393
9394
9392
9393
9394
9392
9393
9394
9392
9393
9394
9389
9390
9391
9391
9392
9393
9378
9379
9380
9376
9377
9378
9378
9379
9380
9380
9381
9382
9381
9382
9383
9383
9384
9385
9385
9386
9387
9387
9388
9389
9382
9383
9384
9384
9385
9386
9386
9387
9388
9388
9389
9390
9390
9391
9392
9392
9393
9394
9383
9384
9385
9383
9384
9385
9378
9379
9380
9379
9380
9381
9381
9382
9383
9371
9372
9373
9373
9374
9375
9374
9375
9376
9374
9375
9376
9376
9377
9378
9378
9379
9380
9378
9379
9380
9379
9380
9381
9377
9378
9379
9379
9380
9381
9378
9379
9380
9377
9378
9379
9379
9380
9381
9381
9382
9383
9378
9379
9380
9379
9380
9381
9374
9375
9376
9376
9377
9378
9377
9378
9379
9379
9380
9381
9377
9378
9379
9379
9380
9381
9381
9382
9383
9382
9383
9384
9382
9383
9384
9383
9384
9385
9380
9381
9382
9382
9383
9384
9384
9385
9386
9386
9387
9388
9388
9389
9390
9390
9391
9392
9392
9393
9394
9394
9395
9396
9391
9392
9393
9388
9389
9390
9389
9390
9391
9387
9388
9389
9389
9390
9391
9391
9392
9393
9391
9392
9393
9393
9394
9395
9395
9396
9397
9397
9398
9399
9386
9387
9388
9386
9387
9388
9372
9373
9374
9368
9369
9370
9370
9371
9372
9371
9372
9373
9369
9370
9371
9368
9369
9370
9370
9371
9372
9355
9356
9357
9357
9358
9359
9350
9351
9352
9351
9352
9353
9353
9354
9355
9355
9356
9357
9355
9356
9357
9357
9358
9359
9359
9360
9361
9352
9353
9354
9354
9355
9356
9354
9355
9356
9353
9354
9355
9355
9356
9357
9356
9357
9358
9357
9358
9359
9349
9350
9351
9339
9340
9341
9341
9342
9343
9308
9309
9310
9309
9310
9311
9309
9310
9311
9310
9311
9312
9302
9303
9304
9299
9300
9301
9301
9302
9303
9302
9303
9304
9294
9295
9296
9296
9297
9298
9298
9299
9300
9299
9300
9301
9301
9302
9303
9302
9303
9304
9300
9301
9302
9299
9300
9301
9300
9301
9302
9302
9303
9304
9304
9305
9306
9306
9307
9308
9308
9309
9310
9309
9310
9311
9310
9311
9312
9311
9312
9313
9311
9312
9313
9309
9310
9311
9305
9306
9307
9307
9308
9309
9302
9303
9304
9303
9304
9305
9301
9302
9303
9303
9304
9305
9303
9304
9305
9305
9306
9307
9304
9305
9306
9306
9307
9308
9308
9309
9310
9309
9310
9311
9311
9312
9313
9312
9313
9314
9305
9306
9307
9307
9308
9309
9309
9310
9311
9311
9312
9313
9307
9308
9309
9304
9305
9306
9306
9307
9308
9308
9309
9310
9310
9311
9312
9312
9313
9314
9314
9315
9316
9316
9317
9318
9315
9316
9317
9300
9301
9302
9302
9303
9304
9303
9304
9305
9300
9301
9302
9302
9303
9304
9302
9303
9304
9303
9304
9305
9304
9305
9306
9306
9307
9308
9308
9309
9310
9300
9301
9302
9300
9301
9302
9302
9303
9304
9304
9305
9306
9306
9307
9308
9303
9304
9305
9304
9305
9306
9306
9307
9308
9306
9307
9308
9308
9309
9310
9301
9302
9303
9302
9303
9304
9303
9304
9305
9304
9305
9306
9306
9307
9308
9305
9306
9307
9307
9308
9309
9309
9310
9311
9311
9312
9313
9312
9313
9314
9314
9315
9316
9316
9317
9318
9317
9318
9319
9319
9320
9321
9321
9322
9323
9321
9322
9323
9323
9324
9325
9324
9325
9326
9325
9326
9327
9324
9325
9326
9326
9327
9328
9328
9329
9330
9330
9331
9332
9331
9332
9333
9332
9333
9334
9329
9330
9331
9329
9330
9331
9331
9332
9333
9331
9332
9333
9328
9329
9330
9330
9331
9332
9332
9333
9334
9333
9334
9335
9334
9335
9336
9334
9335
9336
9336
9337
9338
9337
9338
9339
9336
9337
9338
9332
9333
9334
9333
9334
9335
9326
9327
9328
9328
9329
9330
9323
9324
9325
9324
9325
9326
9326
9327
9328
9328
9329
9330
9330
9331
9332
9331
9332
9333
9331
9332
9333
9329
9330
9331
9331
9332
9333
9332
9333
9334
9332
9333
9334
9330
9331
9332
9332
9333
9334
9334
9335
9336
9333
9334
9335
9333
9334
9335
9335
9336
9337
9337
9338
9339
9339
9340
9341
9341
9342
9343
9339
9340
9341
9341
9342
9343
9341
9342
9343
9337
9338
9339
9338
9339
9340
9339
9340
9341
9341
9342
9343
9332
9333
9334
9334
9335
9336
9331
9332
9333
9333
9334
9335
9335
9336
9337
9336
9337
9338
9334
9335
9336
9336
9337
9338
9338
9339
9340
9340
9341
9342
9341
9342
9343
9342
9343
9344
9344
9345
9346
9332
9333
9334
9334
9335
9336
9336
9337
9338
9337
9338
9339
9338
9339
9340
9340
9341
9342
9342
9343
9344
9343
9344
9345
9339
9340
9341
9336
9337
9338
9338
9339
9340
9340
9341
9342
9333
9334
9335
9333
9334
9335
9334
9335
9336
9336
9337
9338
9333
9334
9335
9334
9335
9336
9330
9331
9332
9332
9333
9334
9334
9335
9336
9336
9337
9338
9331
9332
9333
9333
9334
9335
9335
9336
9337
9337
9338
9339
9339
9340
9341
9338
9339
9340
9339
9340
9341
9335
9336
9337
9334
9335
9336
9336
9337
9338
9337
9338
9339
9339
9340
9341
9337
9338
9339
9339
9340
9341
9320
9321
9322
9320
9321
9322
9314
9315
9316
9312
9313
9314
9314
9315
9316
9316
9317
9318
9316
9317
9318
9318
9319
9320
9320
9321
9322
9322
9323
9324
9324
9325
9326
9324
9325
9326
9326
9327
9328
9328
9329
9330
9327
9328
9329
9329
9330
9331
9326
9327
9328
9328
9329
9330
9329
9330
9331
9330
9331
9332
9330
9331
9332
9328
9329
9330
9330
9331
9332
9327
9328
9329
9326
9327
9328
9326
9327
9328
9328
9329
9330
9327
9328
9329
9328
9329
9330
9330
9331
9332
9332
9333
9334
9333
9334
9335
9335
9336
9337
9333
9334
9335
9330
9331
9332
9332
9333
9334
9334
9335
9336
9333
9334
9335
9335
9336
9337
9332
9333
9334
9333
9334
9335
9335
9336
9337
9329
9330
9331
9331
9332
9333
9333
9334
9335
9335
9336
9337
9333
9334
9335
9335
9336
9337
9335
9336
9337
9329
9330
9331
9331
9332
9333
9329
9330
9331
9329
9330
9331
9330
9331
9332
9332
9333
9334
9334
9335
9336
9336
9337
9338
9338
9339
9340
9340
9341
9342
9342
9343
9344
9344
9345
9346
9342
9343
9344
9344
9345
9346
9345
9346
9347
9346
9347
9348
9347
9348
9349
9348
9349
9350
9350
9351
9352
9352
9353
9354
9353
9354
9355
9344
9345
9346
9334
9335
9336
9336
9337
9338
9338
9339
9340
9334
9335
9336
9336
9337
9338
9335
9336
9337
9336
9337
9338
9333
9334
9335
9335
9336
9337
9337
9338
9339
9339
9340
9341
9340
9341
9342
9342
9343
9344
9344
9345
9346
9346
9347
9348
9348
9349
9350
9345
9346
9347
9347
9348
9349
9348
9349
9350
9350
9351
9352
9349
9350
9351
9351
9352
9353
9353
9354
9355
9355
9356
9357
9356
9357
9358
9356
9357
9358
9358
9359
9360
9360
9361
9362
9362
9363
9364
9360
9361
9362
9361
9362
9363
9360
9361
9362
9362
9363
9364
9364
9365
9366
9366
9367
9368
9368
9369
9370
9367
9368
9369
9366
9367
9368
9358
9359
9360
9355
9356
9357
9357
9358
9359
9359
9360
9361
9361
9362
9363
9362
9363
9364
9363
9364
9365
9364
9365
9366
9364
9365
9366
9364
9365
9366
9366
9367
9368
9367
9368
9369
9368
9369
9370
9354
9355
9356
9356
9357
9358
9358
9359
9360
9358
9359
9360
9360
9361
9362
9362
9363
9364
9358
9359
9360
9360
9361
9362
9358
9359
9360
9357
9358
9359
9356
9357
9358
9358
9359
9360
9360
9361
9362
9362
9363
9364
9356
9357
9358
9358
9359
9360
9359
9360
9361
9359
9360
9361
9358
9359
9360
9360
9361
9362
9362
9363
9364
9355
9356
9357
9357
9358
9359
9359
9360
9361
9356
9357
9358
9358
9359
9360
9360
9361
9362
9358
9359
9360
9359
9360
9361
9348
9349
9350
9350
9351
9352
9352
9353
9354
9354
9355
9356
9356
9357
9358
9356
9357
9358
9358
9359
9360
9360
9361
9362
9362
9363
9364
9358
9359
9360
9360
9361
9362
9361
9362
9363
9363
9364
9365
9365
9366
9367
9367
9368
9369
9355
9356
9357
9355
9356
9357
9357
9358
9359
9359
9360
9361
9361
9362
9363
9355
9356
9357
9352
9353
9354
9351
9352
9353
9353
9354
9355
9349
9350
9351
9348
9349
9350
9339
9340
9341
9341
9342
9343
9342
9343
9344
9344
9345
9346
9339
9340
9341
9341
9342
9343
9340
9341
9342
9342
9343
9344
9342
9343
9344
9344
9345
9346
9344
9345
9346
9336
9337
9338
9338
9339
9340
9331
9332
9333
9333
9334
9335
9331
9332
9333
9329
9330
9331
9326
9327
9328
9319
9320
9321
9319
9320
9321
9308
9309
9310
9308
9309
9310
9310
9311
9312
9310
9311
9312
9311
9312
9313
9313
9314
9315
9310
9311
9312
9311
9312
9313
9311
9312
9313
9309
9310
9311
9311
9312
9313
9313
9314
9315
9310
9311
9312
9309
9310
9311
9311
9312
9313
9312
9313
9314
9314
9315
9316
9314
9315
9316
9305
9306
9307
9303
9304
9305
9302
9303
9304
9303
9304
9305
9305
9306
9307
9304
9305
9306
9303
9304
9305
9299
9300
9301
9292
9293
9294
9294
9295
9296
9295
9296
9297
9290
9291
9292
9291
9292
9293
9281
9282
9283
9277
9278
9279
9279
9280
9281
9281
9282
9283
9283
9284
9285
9285
9286
9287
9286
9287
9288
9287
9288
9289
9289
9290
9291
9290
9291
9292
9291
9292
9293
9282
9283
9284
9282
9283
9284
9284
9285
9286
9284
9285
9286
9286
9287
9288
9285
9286
9287
9287
9288
9289
9288
9289
9290
9281
9282
9283
9283
9284
9285
9283
9284
9285
9279
9280
9281
9281
9282
9283
9282
9283
9284
9283
9284
9285
9283
9284
9285
9280
9281
9282
9282
9283
9284
9284
9285
9286
9285
9286
9287
9286
9287
9288
9285
9286
9287
9278
9279
9280
9280
9281
9282
9280
9281
9282
9282
9283
9284
9283
9284
9285
9285
9286
9287
9287
9288
9289
9289
9290
9291
9290
9291
9292
9292
9293
9294
9282
9283
9284
9284
9285
9286
9286
9287
9288
9288
9289
9290
9290
9291
9292
9292
9293
9294
9292
9293
9294
9293
9294
9295
9294
9295
9296
9296
9297
9298
9297
9298
9299
9299
9300
9301
9301
9302
9303
9301
9302
9303
9302
9303
9304
9303
9304
9305
9303
9304
9305
9305
9306
9307
9307
9308
9309
9296
9297
9298
9296
9297
9298
9298
9299
9300
9298
9299
9300
9296
9297
9298
9296
9297
9298
9298
9299
9300
9300
9301
9302
9302
9303
9304
9296
9297
9298
9298
9299
9300
9300
9301
9302
9300
9301
9302
9300
9301
9302
9292
9293
9294
9292
9293
9294
9294
9295
9296
9296
9297
9298
9296
9297
9298
9298
9299
9300
9295
9296
9297
9297
9298
9299
9299
9300
9301
9301
9302
9303
9302
9303
9304
9301
9302
9303
9301
9302
9303
9296
9297
9298
9297
9298
9299
9294
9295
9296
9290
9291
9292
9292
9293
9294
9293
9294
9295
9295
9296
9297
9295
9296
9297
9297
9298
9299
9298
9299
9300
9300
9301
9302
9302
9303
9304
9304
9305
9306
9304
9305
9306
9306
9307
9308
9306
9307
9308
9308
9309
9310
9309
9310
9311
9310
9311
9312
9309
9310
9311
9308
9309
9310
9304
9305
9306
9300
9301
9302
9302
9303
9304
9304
9305
9306
9302
9303
9304
9299
9300
9301
9301
9302
9303
9294
9295
9296
9296
9297
9298
9290
9291
9292
9291
9292
9293
9293
9294
9295
9294
9295
9296
9296
9297
9298
9298
9299
9300
9300
9301
9302
9302
9303
9304
9286
9287
9288
9288
9289
9290
9290
9291
9292
9292
9293
9294
9293
9294
9295
9273
9274
9275
9275
9276
9277
9275
9276
9277
9277
9278
9279
9279
9280
9281
9281
9282
9283
9276
9277
9278
9278
9279
9280
9278
9279
9280
9280
9281
9282
9280
9281
9282
9280
9281
9282
9282
9283
9284
9278
9279
9280
9280
9281
9282
9282
9283
9284
9284
9285
9286
9286
9287
9288
9281
9282
9283
9283
9284
9285
9285
9286
9287
9285
9286
9287
9283
9284
9285
9280
9281
9282
9281
9282
9283
9263
9264
9265
9264
9265
9266
9256
9257
9258
9257
9258
9259
9257
9258
9259
9259
9260
9261
9259
9260
9261
9259
9260
9261
9261
9262
9263
9263
9264
9265
9265
9266
9267
9265
9266
9267
9267
9268
9269
9259
9260
9261
9261
9262
9263
9262
9263
9264
9264
9265
9266
9263
9264
9265
9264
9265
9266
9266
9267
9268
9268
9269
9270
9270
9271
9272
9272
9273
9274
9272
9273
9274
9274
9275
9276
9276
9277
9278
9278
9279
9280
9280
9281
9282
9280
9281
9282
9282
9283
9284
9282
9283
9284
9284
9285
9286
9286
9287
9288
9288
9289
9290
9289
9290
9291
9291
9292
9293
9291
9292
9293
9293
9294
9295
9295
9296
9297
9297
9298
9299
9290
9291
9292
9282
9283
9284
9283
9284
9285
9277
9278
9279
9278
9279
9280
9280
9281
9282
9278
9279
9280
9275
9276
9277
9277
9278
9279
9279
9280
9281
9280
9281
9282
9281
9282
9283
9283
9284
9285
9285
9286
9287
9283
9284
9285
9281
9282
9283
9283
9284
9285
9285
9286
9287
9287
9288
9289
9289
9290
9291
9291
9292
9293
9291
9292
9293
9293
9294
9295
9295
9296
9297
9297
9298
9299
9296
9297
9298
9296
9297
9298
9297
9298
9299
9278
9279
9280
9278
9279
9280
9280
9281
9282
9277
9278
9279
9279
9280
9281
9280
9281
9282
9278
9279
9280
9280
9281
9282
9280
9281
9282
9282
9283
9284
9284
9285
9286
9284
9285
9286
9286
9287
9288
9288
9289
9290
9287
9288
9289
9288
9289
9290
9287
9288
9289
9289
9290
9291
9291
9292
9293
9293
9294
9295
9294
9295
9296
9295
9296
9297
9293
9294
9295
9294
9295
9296
9296
9297
9298
9298
9299
9300
9300
9301
9302
9295
9296
9297
9297
9298
9299
9299
9300
9301
9301
9302
9303
9303
9304
9305
9305
9306
9307
9306
9307
9308
9306
9307
9308
9308
9309
9310
9304
9305
9306
9304
9305
9306
9306
9307
9308
9307
9308
9309
9309
9310
9311
9303
9304
9305
9305
9306
9307
9305
9306
9307
9307
9308
9309
9306
9307
9308
9308
9309
9310
9310
9311
9312
9312
9313
9314
9313
9314
9315
9315
9316
9317
9316
9317
9318
9317
9318
9319
9316
9317
9318
9313
9314
9315
9314
9315
9316
9316
9317
9318
9317
9318
9319
9318
9319
9320
9318
9319
9320
9320
9321
9322
9322
9323
9324
9324
9325
9326
9325
9326
9327
9325
9326
9327
9327
9328
9329
9329
9330
9331
9330
9331
9332
9332
9333
9334
9334
9335
9336
9336
9337
9338
9335
9336
9337
9334
9335
9336
9336
9337
9338
9335
9336
9337
9337
9338
9339
9339
9340
9341
9341
9342
9343
9341
9342
9343
9342
9343
9344
9343
9344
9345
9345
9346
9347
9347
9348
9349
9348
9349
9350
9348
9349
9350
9350
9351
9352
9349
9350
9351
9351
9352
9353
9348
9349
9350
9350
9351
9352
9352
9353
9354
9351
9352
9353
9353
9354
9355
9355
9356
9357
9357
9358
9359
9356
9357
9358
9357
9358
9359
9359
9360
9361
9357
9358
9359
9355
9356
9357
9357
9358
9359
9359
9360
9361
9361
9362
9363
9363
9364
9365
9364
9365
9366
9365
9366
9367
9367
9368
9369
9368
9369
9370
9368
9369
9370
9369
9370
9371
9359
9360
9361
9361
9362
9363
9363
9364
9365
9365
9366
9367
9361
9362
9363
9363
9364
9365
9365
9366
9367
9367
9368
9369
9367
9368
9369
9367
9368
9369
9369
9370
9371
9371
9372
9373
9371
9372
9373
9373
9374
9375
9375
9376
9377
9369
9370
9371
9365
9366
9367
9367
9368
9369
9366
9367
9368
9360
9361
9362
9359
9360
9361
9361
9362
9363
9361
9362
9363
9361
9362
9363
9363
9364
9365
9365
9366
9367
9365
9366
9367
9361
9362
9363
9362
9363
9364
9364
9365
9366
9360
9361
9362
9361
9362
9363
9363
9364
9365
9364
9365
9366
9363
9364
9365
9365
9366
9367
9365
9366
9367
9367
9368
9369
9369
9370
9371
9371
9372
9373
9373
9374
9375
9375
9376
9377
9376
9377
9378
9377
9378
9379
9379
9380
9381
9379
9380
9381
9380
9381
9382
9382
9383
9384
9378
9379
9380
9380
9381
9382
9382
9383
9384
9382
9383
9384
9382
9383
9384
9369
9370
9371
9370
9371
9372
9372
9373
9374
9362
9363
9364
9363
9364
9365
9365
9366
9367
9350
9351
9352
9352
9353
9354
9349
9350
9351
9351
9352
9353
9353
9354
9355
9353
9354
9355
9354
9355
9356
9355
9356
9357
9354
9355
9356
9351
9352
9353
9353
9354
9355
9355
9356
9357
9357
9358
9359
9359
9360
9361
9361
9362
9363
9360
9361
9362
9346
9347
9348
9348
9349
9350
9350
9351
9352
9351
9352
9353
9350
9351
9352
9351
9352
9353
9353
9354
9355
9352
9353
9354
9354
9355
9356
9356
9357
9358
9358
9359
9360
9359
9360
9361
9359
9360
9361
9361
9362
9363
9363
9364
9365
9363
9364
9365
9355
9356
9357
9357
9358
9359
9359
9360
9361
9358
9359
9360
9360
9361
9362
9361
9362
9363
9353
9354
9355
9351
9352
9353
9352
9353
9354
9353
9354
9355
9355
9356
9357
9355
9356
9357
9357
9358
9359
9359
9360
9361
9361
9362
9363
9353
9354
9355
9355
9356
9357
9356
9357
9358
9356
9357
9358
9358
9359
9360
9359
9360
9361
9361
9362
9363
9363
9364
9365
9365
9366
9367
9367
9368
9369
9369
9370
9371
9371
9372
9373
9365
9366
9367
9351
9352
9353
9353
9354
9355
9332
9333
9334
9334
9335
9336
9336
9337
9338
9338
9339
9340
9336
9337
9338
9334
9335
9336
9336
9337
9338
9338
9339
9340
9340
9341
9342
9334
9335
9336
9315
9316
9317
9316
9317
9318
9315
9316
9317
9317
9318
9319
9312
9313
9314
9309
9310
9311
9311
9312
9313
9313
9314
9315
9313
9314
9315
9311
9312
9313
9313
9314
9315
9311
9312
9313
9312
9313
9314
9314
9315
9316
9316
9317
9318
9317
9318
9319
9317
9318
9319
9315
9316
9317
9313
9314
9315
9313
9314
9315
9312
9313
9314
9312
9313
9314
9313
9314
9315
9313
9314
9315
9314
9315
9316
9315
9316
9317
9317
9318
9319
9313
9314
9315
9310
9311
9312
9306
9307
9308
9307
9308
9309
9302
9303
9304
9280
9281
9282
9282
9283
9284
9282
9283
9284
9284
9285
9286
9284
9285
9286
9286
9287
9288
9286
9287
9288
9279
9280
9281
9281
9282
9283
9283
9284
9285
9284
9285
9286
9284
9285
9286
9274
9275
9276
9268
9269
9270
9270
9271
9272
9272
9273
9274
9269
9270
9271
9269
9270
9271
9271
9272
9273
9273
9274
9275
9274
9275
9276
9274
9275
9276
9276
9277
9278
9278
9279
9280
9277
9278
9279
9277
9278
9279
9278
9279
9280
9278
9279
9280
9279
9280
9281
9281
9282
9283
9283
9284
9285
9285
9286
9287
9287
9288
9289
9287
9288
9289
9275
9276
9277
9277
9278
9279
9279
9280
9281
9279
9280
9281
9280
9281
9282
9282
9283
9284
9284
9285
9286
9284
9285
9286
9285
9286
9287
9287
9288
9289
9289
9290
9291
9291
9292
9293
9289
9290
9291
9287
9288
9289
9289
9290
9291
9290
9291
9292
9292
9293
9294
9294
9295
9296
9295
9296
9297
9296
9297
9298
9298
9299
9300
9298
9299
9300
9299
9300
9301
9301
9302
9303
9303
9304
9305
9305
9306
9307
9307
9308
9309
9307
9308
9309
9306
9307
9308
9308
9309
9310
9309
9310
9311
9310
9311
9312
9309
9310
9311
9311
9312
9313
9308
9309
9310
9307
9308
9309
9307
9308
9309
9305
9306
9307
9302
9303
9304
9303
9304
9305
9304
9305
9306
9300
9301
9302
9301
9302
9303
9298
9299
9300
9297
9298
9299
9298
9299
9300
9296
9297
9298
9289
9290
9291
9287
9288
9289
9288
9289
9290
9289
9290
9291
9287
9288
9289
9289
9290
9291
9286
9287
9288
9288
9289
9290
9286
9287
9288
9284
9285
9286
9279
9280
9281
9280
9281
9282
9281
9282
9283
9280
9281
9282
9278
9279
9280
9273
9274
9275
9275
9276
9277
9274
9275
9276
9276
9277
9278
9277
9278
9279
9271
9272
9273
9273
9274
9275
9275
9276
9277
9277
9278
9279
9279
9280
9281
9281
9282
9283
9280
9281
9282
9277
9278
9279
9279
9280
9281
9281
9282
9283
9276
9277
9278
9270
9271
9272
9271
9272
9273
9273
9274
9275
9273
9274
9275
9274
9275
9276
9275
9276
9277
9277
9278
9279
9279
9280
9281
9281
9282
9283
9281
9282
9283
9282
9283
9284
9277
9278
9279
9277
9278
9279
9277
9278
9279
9278
9279
9280
9280
9281
9282
9282
9283
9284
9284
9285
9286
9286
9287
9288
9287
9288
9289
9289
9290
9291
9286
9287
9288
9288
9289
9290
9289
9290
9291
9290
9291
9292
9291
9292
9293
9293
9294
9295
9294
9295
9296
9295
9296
9297
9297
9298
9299
9299
9300
9301
9301
9302
9303
9280
9281
9282
9282
9283
9284
9282
9283
9284
9284
9285
9286
9273
9274
9275
9274
9275
9276
9267
9268
9269
9269
9270
9271
9271
9272
9273
9273
9274
9275
9275
9276
9277
9271
9272
9273
9273
9274
9275
9274
9275
9276
9275
9276
9277
9274
9275
9276
9275
9276
9277
9277
9278
9279
9279
9280
9281
9281
9282
9283
9283
9284
9285
9273
9274
9275
9274
9275
9276
9273
9274
9275
9270
9271
9272
9271
9272
9273
9273
9274
9275
9275
9276
9277
9277
9278
9279
9278
9279
9280
9280
9281
9282
9282
9283
9284
9282
9283
9284
9279
9280
9281
9281
9282
9283
9283
9284
9285
9285
9286
9287
9287
9288
9289
9281
9282
9283
9280
9281
9282
9271
9272
9273
9270
9271
9272
9272
9273
9274
9271
9272
9273
9272
9273
9274
9273
9274
9275
9274
9275
9276
9274
9275
9276
9276
9277
9278
9278
9279
9280
9276
9277
9278
9276
9277
9278
9278
9279
9280
9279
9280
9281
9281
9282
9283
9275
9276
9277
9274
9275
9276
9274
9275
9276
9276
9277
9278
9272
9273
9274
9274
9275
9276
9258
9259
9260
9234
9235
9236
9234
9235
9236
9234
9235
9236
9236
9237
9238
9237
9238
9239
9239
9240
9241
9239
9240
9241
9241
9242
9243
9243
9244
9245
9238
9239
9240
9239
9240
9241
9240
9241
9242
9240
9241
9242
9242
9243
9244
9244
9245
9246
9246
9247
9248
9243
9244
9245
9245
9246
9247
9245
9246
9247
9247
9248
9249
9247
9248
9249
9249
9250
9251
9249
9250
9251
9251
9252
9253
9253
9254
9255
9251
9252
9253
9253
9254
9255
9255
9256
9257
9245
9246
9247
9247
9248
9249
9249
9250
9251
9243
9244
9245
9245
9246
9247
9247
9248
9249
9238
9239
9240
9240
9241
9242
9242
9243
9244
9241
9242
9243
9243
9244
9245
9245
9246
9247
9247
9248
9249
9249
9250
9251
9237
9238
9239
9238
9239
9240
9236
9237
9238
9237
9238
9239
9238
9239
9240
9240
9241
9242
9241
9242
9243
9242
9243
9244
9243
9244
9245
9241
9242
9243
9242
9243
9244
9244
9245
9246
9246
9247
9248
9246
9247
9248
9248
9249
9250
9235
9236
9237
9236
9237
9238
9238
9239
9240
9238
9239
9240
9238
9239
9240
9240
9241
9242
9228
9229
9230
9229
9230
9231
9231
9232
9233
9230
9231
9232
9231
9232
9233
9232
9233
9234
9234
9235
9236
9234
9235
9236
9236
9237
9238
9238
9239
9240
9240
9241
9242
9240
9241
9242
9242
9243
9244
9241
9242
9243
9236
9237
9238
9237
9238
9239
9239
9240
9241
9241
9242
9243
9237
9238
9239
9239
9240
9241
9241
9242
9243
9243
9244
9245
9245
9246
9247
9246
9247
9248
9244
9245
9246
9245
9246
9247
9231
9232
9233
9232
9233
9234
9234
9235
9236
9236
9237
9238
9238
9239
9240
9232
9233
9234
9232
9233
9234
9232
9233
9234
9233
9234
9235
9230
9231
9232
9230
9231
9232
9219
9220
9221
9221
9222
9223
9218
9219
9220
9220
9221
9222
9221
9222
9223
9223
9224
9225
9225
9226
9227
9227
9228
9229
9229
9230
9231
9230
9231
9232
9232
9233
9234
9234
9235
9236
9234
9235
9236
9232
9233
9234
9234
9235
9236
9236
9237
9238
9234
9235
9236
9236
9237
9238
9238
9239
9240
9240
9241
9242
9241
9242
9243
9243
9244
9245
9244
9245
9246
9243
9244
9245
9245
9246
9247
9243
9244
9245
9235
9236
9237
9235
9236
9237
9237
9238
9239
9239
9240
9241
9241
9242
9243
9242
9243
9244
9243
9244
9245
9232
9233
9234
9227
9228
9229
9229
9230
9231
9226
9227
9228
9228
9229
9230
9229
9230
9231
9231
9232
9233
9233
9234
9235
9234
9235
9236
9234
9235
9236
9235
9236
9237
9237
9238
9239
9238
9239
9240
9240
9241
9242
9242
9243
9244
9244
9245
9246
9246
9247
9248
9248
9249
9250
9239
9240
9241
9241
9242
9243
9242
9243
9244
9243
9244
9245
9245
9246
9247
9247
9248
9249
9241
9242
9243
9243
9244
9245
9245
9246
9247
9243
9244
9245
9245
9246
9247
9246
9247
9248
9245
9246
9247
9247
9248
9249
9234
9235
9236
9233
9234
9235
9235
9236
9237
9237
9238
9239
9239
9240
9241
9241
9242
9243
9243
9244
9245
9240
9241
9242
9238
9239
9240
9240
9241
9242
9239
9240
9241
9241
9242
9243
9243
9244
9245
9236
9237
9238
9235
9236
9237
9237
9238
9239
9238
9239
9240
9238
9239
9240
9238
9239
9240
9240
9241
9242
9242
9243
9244
9244
9245
9246
9246
9247
9248
9248
9249
9250
9246
9247
9248
9244
9245
9246
9245
9246
9247
9247
9248
9249
9247
9248
9249
9246
9247
9248
9245
9246
9247
9241
9242
9243
9229
9230
9231
9231
9232
9233
9233
9234
9235
9234
9235
9236
9235
9236
9237
9237
9238
9239
9239
9240
9241
9240
9241
9242
9235
9236
9237
9233
9234
9235
9234
9235
9236
9235
9236
9237
9233
9234
9235
9235
9236
9237
9235
9236
9237
9225
9226
9227
9221
9222
9223
9223
9224
9225
9222
9223
9224
9222
9223
9224
9224
9225
9226
9223
9224
9225
9217
9218
9219
9219
9220
9221
9219
9220
9221
9219
9220
9221
9216
9217
9218
9213
9214
9215
9210
9211
9212
9211
9212
9213
9213
9214
9215
9215
9216
9217
9217
9218
9219
9219
9220
9221
9220
9221
9222
9222
9223
9224
9223
9224
9225
9225
9226
9227
9227
9228
9229
9228
9229
9230
9228
9229
9230
9229
9230
9231
9231
9232
9233
9232
9233
9234
9234
9235
9236
9236
9237
9238
9236
9237
9238
9237
9238
9239
9238
9239
9240
9239
9240
9241
9239
9240
9241
9237
9238
9239
9239
9240
9241
9241
9242
9243
9242
9243
9244
9241
9242
9243
9238
9239
9240
9240
9241
9242
9241
9242
9243
9241
9242
9243
9243
9244
9245
9245
9246
9247
9243
9244
9245
9244
9245
9246
9240
9241
9242
9242
9243
9244
9244
9245
9246
9245
9246
9247
9244
9245
9246
9245
9246
9247
9247
9248
9249
9245
9246
9247
9247
9248
9249
9248
9249
9250
9249
9250
9251
9250
9251
9252
9252
9253
9254
9254
9255
9256
9256
9257
9258
9256
9257
9258
9258
9259
9260
9260
9261
9262
9262
9263
9264
9263
9264
9265
9265
9266
9267
9262
9263
9264
9264
9265
9266
9266
9267
9268
9265
9266
9267
9266
9267
9268
9268
9269
9270
9270
9271
9272
9272
9273
9274
9245
9246
9247
9236
9237
9238
9238
9239
9240
9237
9238
9239
9238
9239
9240
9239
9240
9241
9239
9240
9241
9232
9233
9234
9233
9234
9235
9235
9236
9237
9234
9235
9236
9234
9235
9236
9235
9236
9237
9235
9236
9237
9235
9236
9237
9237
9238
9239
9239
9240
9241
9240
9241
9242
9239
9240
9241
9238
9239
9240
9239
9240
9241
9240
9241
9242
9241
9242
9243
9243
9244
9245
9245
9246
9247
9246
9247
9248
9248
9249
9250
9244
9245
9246
9246
9247
9248
9248
9249
9250
9249
9250
9251
9250
9251
9252
9250
9251
9252
9241
9242
9243
9243
9244
9245
9244
9245
9246
9244
9245
9246
9245
9246
9247
9247
9248
9249
9248
9249
9250
9250
9251
9252
9247
9248
9249
9247
9248
9249
9249
9250
9251
9247
9248
9249
9249
9250
9251
9247
9248
9249
9248
9249
9250
9239
9240
9241
9241
9242
9243
9241
9242
9243
9238
9239
9240
9239
9240
9241
9241
9242
9243
9242
9243
9244
9241
9242
9243
9242
9243
9244
9244
9245
9246
9244
9245
9246
9245
9246
9247
9241
9242
9243
9242
9243
9244
9231
9232
9233
9227
9228
9229
9224
9225
9226
9225
9226
9227
9227
9228
9229
9226
9227
9228
9228
9229
9230
9220
9221
9222
9220
9221
9222
9222
9223
9224
9223
9224
9225
9224
9225
9226
9226
9227
9228
9228
9229
9230
9228
9229
9230
9230
9231
9232
9231
9232
9233
9233
9234
9235
9235
9236
9237
9234
9235
9236
9236
9237
9238
9238
9239
9240
9239
9240
9241
9240
9241
9242
9239
9240
9241
9241
9242
9243
9243
9244
9245
9240
9241
9242
9242
9243
9244
9239
9240
9241
9241
9242
9243
9242
9243
9244
9244
9245
9246
9244
9245
9246
9244
9245
9246
9246
9247
9248
9248
9249
9250
9250
9251
9252
9251
9252
9253
9253
9254
9255
9254
9255
9256
9256
9257
9258
9245
9246
9247
9247
9248
9249
9249
9250
9251
9239
9240
9241
9241
9242
9243
9242
9243
9244
9244
9245
9246
9245
9246
9247
9243
9244
9245
9245
9246
9247
9242
9243
9244
9244
9245
9246
9243
9244
9245
9244
9245
9246
9246
9247
9248
9248
9249
9250
9250
9251
9252
9249
9250
9251
9243
9244
9245
9244
9245
9246
9246
9247
9248
9248
9249
9250
9247
9248
9249
9249
9250
9251
9251
9252
9253
9239
9240
9241
9237
9238
9239
9239
9240
9241
9240
9241
9242
9241
9242
9243
9243
9244
9245
9245
9246
9247
9246
9247
9248
9247
9248
9249
9249
9250
9251
9250
9251
9252
9246
9247
9248
9245
9246
9247
9242
9243
9244
9244
9245
9246
9246
9247
9248
9247
9248
9249
9249
9250
9251
9250
9251
9252
9250
9251
9252
9249
9250
9251
9251
9252
9253
9253
9254
9255
9255
9256
9257
9257
9258
9259
9259
9260
9261
9261
9262
9263
9262
9263
9264
9263
9264
9265
9261
9262
9263
9263
9264
9265
9265
9266
9267
9267
9268
9269
9268
9269
9270
9269
9270
9271
9270
9271
9272
9272
9273
9274
9274
9275
9276
9272
9273
9274
9274
9275
9276
9275
9276
9277
9276
9277
9278
9274
9275
9276
9275
9276
9277
9277
9278
9279
9274
9275
9276
9276
9277
9278
9278
9279
9280
9280
9281
9282
9278
9279
9280
9277
9278
9279
9279
9280
9281
9280
9281
9282
9282
9283
9284
9282
9283
9284
9284
9285
9286
9286
9287
9288
9287
9288
9289
9289
9290
9291
9288
9289
9290
9286
9287
9288
9288
9289
9290
9290
9291
9292
9292
9293
9294
9294
9295
9296
9292
9293
9294
9294
9295
9296
9293
9294
9295
9294
9295
9296
9294
9295
9296
9296
9297
9298
9297
9298
9299
9297
9298
9299
9296
9297
9298
9298
9299
9300
9299
9300
9301
9300
9301
9302
9300
9301
9302
9289
9290
9291
9288
9289
9290
9290
9291
9292
9288
9289
9290
9290
9291
9292
9292
9293
9294
9294
9295
9296
9294
9295
9296
9295
9296
9297
9297
9298
9299
9294
9295
9296
9296
9297
9298
9298
9299
9300
9300
9301
9302
9302
9303
9304
9300
9301
9302
9302
9303
9304
9302
9303
9304
9297
9298
9299
9298
9299
9300
9300
9301
9302
9300
9301
9302
9301
9302
9303
9303
9304
9305
9301
9302
9303
9296
9297
9298
9297
9298
9299
9290
9291
9292
9292
9293
9294
9294
9295
9296
9296
9297
9298
9284
9285
9286
9283
9284
9285
9285
9286
9287
9283
9284
9285
9285
9286
9287
9286
9287
9288
9288
9289
9290
9290
9291
9292
9292
9293
9294
9292
9293
9294
9293
9294
9295
9295
9296
9297
9296
9297
9298
9294
9295
9296
9296
9297
9298
9293
9294
9295
9291
9292
9293
9293
9294
9295
9295
9296
9297
9295
9296
9297
9296
9297
9298
9297
9298
9299
9298
9299
9300
9298
9299
9300
9295
9296
9297
9297
9298
9299
9296
9297
9298
9298
9299
9300
9297
9298
9299
9296
9297
9298
9298
9299
9300
9298
9299
9300
9300
9301
9302
9301
9302
9303
9300
9301
9302
9301
9302
9303
9303
9304
9305
9305
9306
9307
9307
9308
9309
9303
9304
9305
9297
9298
9299
9297
9298
9299
9299
9300
9301
9300
9301
9302
9302
9303
9304
9301
9302
9303
9301
9302
9303
9303
9304
9305
9303
9304
9305
9295
9296
9297
9293
9294
9295
9287
9288
9289
9286
9287
9288
9288
9289
9290
9287
9288
9289
9285
9286
9287
9287
9288
9289
9287
9288
9289
9289
9290
9291
9288
9289
9290
9284
9285
9286
9286
9287
9288
9285
9286
9287
9287
9288
9289
9289
9290
9291
9291
9292
9293
9293
9294
9295
9292
9293
9294
9289
9290
9291
9291
9292
9293
9293
9294
9295
9295
9296
9297
9297
9298
9299
9297
9298
9299
9299
9300
9301
9300
9301
9302
9302
9303
9304
9304
9305
9306
9305
9306
9307
9307
9308
9309
9309
9310
9311
9311
9312
9313
9313
9314
9315
9308
9309
9310
9309
9310
9311
9309
9310
9311
9310
9311
9312
9312
9313
9314
9314
9315
9316
9315
9316
9317
9287
9288
9289
9289
9290
9291
9290
9291
9292
9290
9291
9292
9292
9293
9294
9294
9295
9296
9295
9296
9297
9291
9292
9293
9292
9293
9294
9283
9284
9285
9285
9286
9287
9287
9288
9289
9289
9290
9291
9291
9292
9293
9291
9292
9293
9289
9290
9291
9291
9292
9293
9291
9292
9293
9275
9276
9277
9277
9278
9279
9279
9280
9281
9281
9282
9283
9281
9282
9283
9282
9283
9284
9284
9285
9286
9285
9286
9287
9284
9285
9286
9277
9278
9279
9279
9280
9281
9277
9278
9279
9279
9280
9281
9264
9265
9266
9265
9266
9267
9264
9265
9266
9266
9267
9268
9267
9268
9269
9266
9267
9268
9268
9269
9270
9270
9271
9272
9272
9273
9274
9274
9275
9276
9276
9277
9278
9277
9278
9279
9278
9279
9280
9279
9280
9281
9278
9279
9280
9280
9281
9282
9282
9283
9284
9284
9285
9286
9279
9280
9281
9281
9282
9283
9283
9284
9285
9284
9285
9286
9286
9287
9288
9288
9289
9290
9289
9290
9291
9286
9287
9288
9271
9272
9273
9273
9274
9275
9268
9269
9270
9270
9271
9272
9264
9265
9266
9265
9266
9267
9261
9262
9263
9259
9260
9261
9258
9259
9260
9260
9261
9262
9262
9263
9264
9263
9264
9265
9261
9262
9263
9246
9247
9248
9248
9249
9250
9248
9249
9250
9248
9249
9250
9243
9244
9245
9243
9244
9245
9243
9244
9245
9242
9243
9244
9243
9244
9245
9234
9235
9236
9236
9237
9238
9238
9239
9240
9238
9239
9240
9239
9240
9241
9240
9241
9242
9241
9242
9243
9243
9244
9245
9243
9244
9245
9245
9246
9247
9247
9248
9249
9241
9242
9243
9239
9240
9241
9238
9239
9240
9239
9240
9241
9241
9242
9243
9243
9244
9245
9242
9243
9244
9244
9245
9246
9246
9247
9248
9248
9249
9250
9250
9251
9252
9252
9253
9254
9253
9254
9255
9255
9256
9257
9257
9258
9259
9258
9259
9260
9259
9260
9261
9261
9262
9263
9263
9264
9265
9264
9265
9266
9261
9262
9263
9263
9264
9265
9265
9266
9267
9264
9265
9266
9262
9263
9264
9264
9265
9266
9264
9265
9266
9265
9266
9267
9267
9268
9269
9269
9270
9271
9266
9267
9268
9268
9269
9270
9270
9271
9272
9269
9270
9271
9269
9270
9271
9270
9271
9272
9270
9271
9272
9271
9272
9273
9261
9262
9263
9263
9264
9265
9265
9266
9267
9267
9268
9269
9267
9268
9269
9268
9269
9270
9269
9270
9271
9265
9266
9267
9261
9262
9263
9259
9260
9261
9261
9262
9263
9262
9263
9264
9264
9265
9266
9262
9263
9264
9260
9261
9262
9257
9258
9259
9249
9250
9251
9251
9252
9253
9253
9254
9255
9255
9256
9257
9254
9255
9256
9255
9256
9257
9256
9257
9258
9257
9258
9259
9259
9260
9261
9258
9259
9260
9259
9260
9261
9260
9261
9262
9255
9256
9257
9257
9258
9259
9258
9259
9260
9260
9261
9262
9260
9261
9262
9261
9262
9263
9255
9256
9257
9256
9257
9258
9256
9257
9258
9253
9254
9255
9255
9256
9257
9256
9257
9258
9256
9257
9258
9257
9258
9259
9258
9259
9260
9258
9259
9260
9260
9261
9262
9262
9263
9264
9262
9263
9264
9264
9265
9266
9266
9267
9268
9259
9260
9261
9259
9260
9261
9260
9261
9262
9262
9263
9264
9264
9265
9266
9266
9267
9268
9267
9268
9269
9269
9270
9271
9269
9270
9271
9269
9270
9271
9271
9272
9273
9271
9272
9273
9271
9272
9273
9258
9259
9260
9260
9261
9262
9262
9263
9264
9264
9265
9266
9265
9266
9267
9261
9262
9263
9262
9263
9264
9263
9264
9265
9264
9265
9266
9266
9267
9268
9268
9269
9270
9265
9266
9267
9262
9263
9264
9263
9264
9265
9264
9265
9266
9264
9265
9266
9258
9259
9260
9260
9261
9262
9255
9256
9257
9257
9258
9259
9259
9260
9261
9261
9262
9263
9262
9263
9264
9263
9264
9265
9264
9265
9266
9265
9266
9267
9264
9265
9266
9265
9266
9267
9266
9267
9268
9268
9269
9270
9267
9268
9269
9267
9268
9269
9269
9270
9271
9271
9272
9273
9273
9274
9275
9275
9276
9277
9277
9278
9279
9279
9280
9281
9280
9281
9282
9268
9269
9270
9270
9271
9272
9266
9267
9268
9268
9269
9270
9270
9271
9272
9268
9269
9270
9270
9271
9272
9268
9269
9270
9270
9271
9272
9270
9271
9272
9269
9270
9271
9271
9272
9273
9273
9274
9275
9269
9270
9271
9269
9270
9271
9271
9272
9273
9271
9272
9273
9272
9273
9274
9261
9262
9263
9262
9263
9264
9263
9264
9265
9263
9264
9265
9261
9262
9263
9262
9263
9264
9259
9260
9261
9261
9262
9263
9263
9264
9265
9265
9266
9267
9266
9267
9268
9267
9268
9269
9269
9270
9271
9267
9268
9269
9269
9270
9271
9269
9270
9271
9271
9272
9273
9269
9270
9271
9269
9270
9271
9270
9271
9272
9268
9269
9270
9269
9270
9271
9271
9272
9273
9273
9274
9275
9275
9276
9277
9277
9278
9279
9277
9278
9279
9278
9279
9280
9280
9281
9282
9279
9280
9281
9277
9278
9279
9278
9279
9280
9278
9279
9280
9280
9281
9282
9281
9282
9283
9279
9280
9281
9281
9282
9283
9283
9284
9285
9284
9285
9286
9286
9287
9288
9288
9289
9290
9287
9288
9289
9288
9289
9290
9290
9291
9292
9283
9284
9285
9285
9286
9287
9287
9288
9289
9289
9290
9291
9288
9289
9290
9287
9288
9289
9287
9288
9289
9289
9290
9291
9291
9292
9293
9293
9294
9295
9295
9296
9297
9297
9298
9299
9297
9298
9299
9287
9288
9289
9285
9286
9287
9287
9288
9289
9289
9290
9291
9287
9288
9289
9289
9290
9291
9286
9287
9288
9288
9289
9290
9289
9290
9291
9288
9289
9290
9290
9291
9292
9292
9293
9294
9293
9294
9295
9295
9296
9297
9297
9298
9299
9298
9299
9300
9299
9300
9301
9299
9300
9301
9300
9301
9302
9301
9302
9303
9301
9302
9303
9296
9297
9298
9298
9299
9300
9291
9292
9293
9291
9292
9293
9293
9294
9295
9295
9296
9297
9296
9297
9298
9287
9288
9289
9289
9290
9291
9288
9289
9290
9287
9288
9289
9286
9287
9288
9288
9289
9290
9290
9291
9292
9284
9285
9286
9284
9285
9286
9285
9286
9287
9278
9279
9280
9280
9281
9282
9282
9283
9284
9275
9276
9277
9269
9270
9271
9271
9272
9273
9273
9274
9275
9268
9269
9270
9262
9263
9264
9263
9264
9265
9262
9263
9264
9263
9264
9265
9263
9264
9265
9260
9261
9262
9261
9262
9263
9262
9263
9264
9264
9265
9266
9266
9267
9268
9266
9267
9268
9267
9268
9269
9267
9268
9269
9269
9270
9271
9264
9265
9266
9266
9267
9268
9252
9253
9254
9254
9255
9256
9256
9257
9258
9258
9259
9260
9255
9256
9257
9256
9257
9258
9258
9259
9260
9254
9255
9256
9256
9257
9258
9258
9259
9260
9260
9261
9262
9262
9263
9264
9262
9263
9264
9262
9263
9264
9264
9265
9266
9260
9261
9262
9262
9263
9264
9257
9258
9259
9259
9260
9261
9261
9262
9263
9263
9264
9265
9265
9266
9267
9267
9268
9269
9267
9268
9269
9266
9267
9268
9268
9269
9270
9269
9270
9271
9271
9272
9273
9271
9272
9273
9272
9273
9274
9272
9273
9274
9274
9275
9276
9275
9276
9277
9277
9278
9279
9274
9275
9276
9273
9274
9275
9274
9275
9276
9253
9254
9255
9254
9255
9256
9252
9253
9254
9254
9255
9256
9256
9257
9258
9258
9259
9260
9256
9257
9258
9258
9259
9260
9260
9261
9262
9260
9261
9262
9259
9260
9261
9259
9260
9261
9258
9259
9260
9260
9261
9262
9254
9255
9256
9256
9257
9258
9255
9256
9257
9257
9258
9259
9259
9260
9261
9261
9262
9263
9263
9264
9265
9265
9266
9267
9267
9268
9269
9265
9266
9267
9267
9268
9269
9269
9270
9271
9264
9265
9266
9263
9264
9265
9260
9261
9262
9258
9259
9260
9259
9260
9261
9260
9261
9262
9262
9263
9264
9253
9254
9255
9255
9256
9257
9257
9258
9259
9259
9260
9261
9260
9261
9262
9262
9263
9264
9264
9265
9266
9266
9267
9268
9268
9269
9270
9269
9270
9271
9271
9272
9273
9273
9274
9275
9275
9276
9277
9277
9278
9279
9274
9275
9276
9275
9276
9277
9272
9273
9274
9261
9262
9263
9253
9254
9255
9255
9256
9257
9257
9258
9259
9258
9259
9260
9260
9261
9262
9261
9262
9263
9262
9263
9264
9263
9264
9265
9265
9266
9267
9267
9268
9269
9269
9270
9271
9271
9272
9273
9272
9273
9274
9272
9273
9274
9272
9273
9274
9273
9274
9275
9275
9276
9277
9277
9278
9279
9279
9280
9281
9281
9282
9283
9283
9284
9285
9285
9286
9287
9287
9288
9289
9288
9289
9290
9288
9289
9290
9285
9286
9287
9283
9284
9285
9285
9286
9287
9287
9288
9289
9289
9290
9291
9290
9291
9292
9291
9292
9293
9292
9293
9294
9285
9286
9287
9286
9287
9288
9288
9289
9290
9281
9282
9283
9279
9280
9281
9280
9281
9282
9282
9283
9284
9282
9283
9284
9283
9284
9285
9285
9286
9287
9287
9288
9289
9289
9290
9291
9291
9292
9293
9292
9293
9294
9293
9294
9295
9288
9289
9290
9290
9291
9292
9289
9290
9291
9291
9292
9293
9288
9289
9290
9289
9290
9291
9291
9292
9293
9290
9291
9292
9285
9286
9287
9287
9288
9289
9289
9290
9291
9281
9282
9283
9283
9284
9285
9274
9275
9276
9274
9275
9276
9276
9277
9278
9273
9274
9275
9275
9276
9277
9274
9275
9276
9276
9277
9278
9278
9279
9280
9280
9281
9282
9281
9282
9283
9283
9284
9285
9280
9281
9282
9281
9282
9283
9280
9281
9282
9273
9274
9275
9273
9274
9275
9273
9274
9275
9274
9275
9276
9274
9275
9276
9272
9273
9274
9269
9270
9271
9271
9272
9273
9270
9271
9272
9271
9272
9273
9236
9237
9238
9235
9236
9237
9234
9235
9236
9236
9237
9238
9234
9235
9236
9236
9237
9238
9238
9239
9240
9240
9241
9242
9231
9232
9233
9229
9230
9231
9231
9232
9233
9233
9234
9235
9229
9230
9231
9227
9228
9229
9229
9230
9231
9231
9232
9233
9233
9234
9235
9234
9235
9236
9235
9236
9237
9226
9227
9228
9225
9226
9227
9225
9226
9227
9219
9220
9221
9221
9222
9223
9223
9224
9225
9225
9226
9227
9227
9228
9229
9229
9230
9231
9231
9232
9233
9233
9234
9235
9235
9236
9237
9237
9238
9239
9239
9240
9241
9236
9237
9238
9238
9239
9240
9221
9222
9223
9218
9219
9220
9220
9221
9222
9218
9219
9220
9213
9214
9215
9215
9216
9217
9216
9217
9218
9218
9219
9220
9219
9220
9221
9221
9222
9223
9217
9218
9219
9219
9220
9221
9214
9215
9216
9215
9216
9217
9216
9217
9218
9218
9219
9220
9217
9218
9219
9219
9220
9221
9221
9222
9223
9223
9224
9225
9221
9222
9223
9222
9223
9224
9224
9225
9226
9226
9227
9228
9218
9219
9220
9220
9221
9222
9222
9223
9224
9219
9220
9221
9214
9215
9216
9214
9215
9216
9216
9217
9218
9218
9219
9220
9220
9221
9222
9222
9223
9224
9222
9223
9224
9224
9225
9226
9225
9226
9227
9221
9222
9223
9217
9218
9219
9218
9219
9220
9208
9209
9210
9209
9210
9211
9210
9211
9212
9210
9211
9212
9211
9212
9213
9207
9208
9209
9207
9208
9209
9206
9207
9208
9208
9209
9210
9210
9211
9212
9210
9211
9212
9212
9213
9214
9214
9215
9216
9214
9215
9216
9215
9216
9217
9217
9218
9219
9219
9220
9221
9221
9222
9223
9220
9221
9222
9222
9223
9224
9224
9225
9226
9226
9227
9228
9228
9229
9230
9230
9231
9232
9226
9227
9228
9227
9228
9229
9229
9230
9231
9231
9232
9233
9233
9234
9235
9232
9233
9234
9234
9235
9236
9236
9237
9238
9235
9236
9237
9237
9238
9239
9226
9227
9228
9228
9229
9230
9221
9222
9223
9221
9222
9223
9223
9224
9225
9218
9219
9220
9214
9215
9216
9215
9216
9217
9210
9211
9212
9209
9210
9211
9211
9212
9213
9211
9212
9213
9213
9214
9215
9213
9214
9215
9214
9215
9216
9215
9216
9217
9216
9217
9218
9218
9219
9220
9220
9221
9222
9222
9223
9224
9224
9225
9226
9226
9227
9228
9227
9228
9229
9222
9223
9224
9223
9224
9225
9225
9226
9227
9227
9228
9229
9227
9228
9229
9229
9230
9231
9230
9231
9232
9231
9232
9233
9233
9234
9235
9235
9236
9237
9234
9235
9236
9236
9237
9238
9238
9239
9240
9240
9241
9242
9241
9242
9243
9234
9235
9236
9235
9236
9237
9237
9238
9239
9238
9239
9240
9240
9241
9242
9241
9242
9243
9239
9240
9241
9237
9238
9239
9239
9240
9241
9240
9241
9242
9238
9239
9240
9239
9240
9241
9241
9242
9243
9243
9244
9245
9245
9246
9247
9239
9240
9241
9240
9241
9242
9224
9225
9226
9226
9227
9228
9227
9228
9229
9226
9227
9228
9226
9227
9228
9227
9228
9229
9228
9229
9230
9229
9230
9231
9224
9225
9226
9219
9220
9221
9220
9221
9222
9219
9220
9221
9219
9220
9221
9221
9222
9223
9223
9224
9225
9225
9226
9227
9227
9228
9229
9229
9230
9231
9231
9232
9233
9232
9233
9234
9234
9235
9236
9230
9231
9232
9222
9223
9224
9224
9225
9226
9226
9227
9228
9228
9229
9230
9223
9224
9225
9223
9224
9225
9223
9224
9225
9222
9223
9224
9222
9223
9224
9224
9225
9226
9226
9227
9228
9228
9229
9230
9230
9231
9232
9231
9232
9233
9231
9232
9233
9233
9234
9235
9233
9234
9235
9226
9227
9228
9228
9229
9230
9230
9231
9232
9221
9222
9223
9222
9223
9224
9224
9225
9226
9225
9226
9227
9224
9225
9226
9218
9219
9220
9218
9219
9220
9217
9218
9219
9217
9218
9219
9214
9215
9216
9216
9217
9218
9218
9219
9220
9219
9220
9221
9221
9222
9223
9222
9223
9224
9224
9225
9226
9226
9227
9228
9223
9224
9225
9225
9226
9227
9227
9228
9229
9229
9230
9231
9231
9232
9233
9230
9231
9232
9232
9233
9234
9233
9234
9235
9232
9233
9234
9234
9235
9236
9234
9235
9236
9236
9237
9238
9238
9239
9240
9240
9241
9242
9240
9241
9242
9242
9243
9244
9244
9245
9246
9246
9247
9248
9248
9249
9250
9242
9243
9244
9238
9239
9240
9240
9241
9242
9242
9243
9244
9244
9245
9246
9246
9247
9248
9241
9242
9243
9243
9244
9245
9244
9245
9246
9242
9243
9244
9244
9245
9246
9246
9247
9248
9244
9245
9246
9246
9247
9248
9248
9249
9250
9249
9250
9251
9251
9252
9253
9253
9254
9255
9253
9254
9255
9241
9242
9243
9243
9244
9245
9237
9238
9239
9239
9240
9241
9241
9242
9243
9241
9242
9243
9243
9244
9245
9245
9246
9247
9247
9248
9249
9244
9245
9246
9246
9247
9248
9245
9246
9247
9247
9248
9249
9245
9246
9247
9235
9236
9237
9237
9238
9239
9239
9240
9241
9241
9242
9243
9238
9239
9240
9239
9240
9241
9241
9242
9243
9242
9243
9244
9243
9244
9245
9243
9244
9245
9245
9246
9247
9247
9248
9249
9244
9245
9246
9245
9246
9247
9238
9239
9240
9240
9241
9242
9242
9243
9244
9244
9245
9246
9244
9245
9246
9246
9247
9248
9248
9249
9250
9250
9251
9252
9251
9252
9253
9253
9254
9255
9254
9255
9256
9256
9257
9258
9257
9258
9259
9255
9256
9257
9257
9258
9259
9259
9260
9261
9260
9261
9262
9255
9256
9257
9257
9258
9259
9259
9260
9261
9261
9262
9263
9261
9262
9263
9262
9263
9264
9264
9265
9266
9264
9265
9266
9263
9264
9265
9265
9266
9267
9261
9262
9263
9263
9264
9265
9265
9266
9267
9264
9265
9266
9266
9267
9268
9266
9267
9268
9267
9268
9269
9269
9270
9271
9270
9271
9272
9272
9273
9274
9274
9275
9276
9276
9277
9278
9277
9278
9279
9279
9280
9281
9281
9282
9283
9282
9283
9284
9284
9285
9286
9286
9287
9288
9288
9289
9290
9289
9290
9291
9284
9285
9286
9286
9287
9288
9287
9288
9289
9289
9290
9291
9290
9291
9292
9289
9290
9291
9288
9289
9290
9283
9284
9285
9285
9286
9287
9286
9287
9288
9284
9285
9286
9285
9286
9287
9287
9288
9289
9288
9289
9290
9289
9290
9291
9289
9290
9291
9288
9289
9290
9288
9289
9290
9286
9287
9288
9288
9289
9290
9290
9291
9292
9292
9293
9294
9294
9295
9296
9296
9297
9298
9298
9299
9300
9288
9289
9290
9287
9288
9289
9289
9290
9291
9285
9286
9287
9287
9288
9289
9289
9290
9291
9291
9292
9293
9292
9293
9294
9294
9295
9296
9295
9296
9297
9293
9294
9295
9290
9291
9292
9289
9290
9291
9288
9289
9290
9289
9290
9291
9291
9292
9293
9292
9293
9294
9293
9294
9295
9295
9296
9297
9284
9285
9286
9286
9287
9288
9283
9284
9285
9280
9281
9282
9281
9282
9283
9283
9284
9285
9285
9286
9287
9286
9287
9288
9287
9288
9289
9289
9290
9291
9291
9292
9293
9291
9292
9293
9293
9294
9295
9294
9295
9296
9296
9297
9298
9293
9294
9295
9295
9296
9297
9291
9292
9293
9292
9293
9294
9285
9286
9287
9287
9288
9289
9277
9278
9279
9277
9278
9279
9279
9280
9281
9281
9282
9283
9280
9281
9282
9279
9280
9281
9281
9282
9283
9283
9284
9285
9285
9286
9287
9286
9287
9288
9288
9289
9290
9289
9290
9291
9291
9292
9293
9289
9290
9291
9282
9283
9284
9284
9285
9286
9286
9287
9288
9284
9285
9286
9280
9281
9282
9275
9276
9277
9277
9278
9279
9276
9277
9278
9276
9277
9278
9274
9275
9276
9276
9277
9278
9278
9279
9280
9280
9281
9282
9282
9283
9284
9281
9282
9283
9283
9284
9285
9284
9285
9286
9286
9287
9288
9288
9289
9290
9290
9291
9292
9292
9293
9294
9294
9295
9296
9294
9295
9296
9296
9297
9298
9298
9299
9300
9300
9301
9302
9302
9303
9304
9304
9305
9306
9306
9307
9308
9307
9308
9309
9309
9310
9311
9310
9311
9312
9309
9310
9311
9310
9311
9312
9306
9307
9308
9306
9307
9308
9305
9306
9307
9301
9302
9303
9303
9304
9305
9305
9306
9307
9304
9305
9306
9306
9307
9308
9293
9294
9295
9293
9294
9295
9294
9295
9296
9296
9297
9298
9296
9297
9298
9297
9298
9299
9299
9300
9301
9297
9298
9299
9299
9300
9301
9301
9302
9303
9303
9304
9305
9303
9304
9305
9302
9303
9304
9301
9302
9303
9303
9304
9305
9304
9305
9306
9305
9306
9307
9303
9304
9305
9303
9304
9305
9284
9285
9286
9279
9280
9281
9269
9270
9271
9271
9272
9273
9272
9273
9274
9274
9275
9276
9274
9275
9276
9267
9268
9269
9267
9268
9269
9269
9270
9271
9267
9268
9269
9266
9267
9268
9257
9258
9259
9259
9260
9261
9261
9262
9263
9252
9253
9254
9253
9254
9255
9252
9253
9254
9249
9250
9251
9251
9252
9253
9252
9253
9254
9252
9253
9254
9251
9252
9253
9253
9254
9255
9253
9254
9255
9255
9256
9257
9253
9254
9255
9255
9256
9257
9257
9258
9259
9259
9260
9261
9261
9262
9263
9263
9264
9265
9262
9263
9264
9263
9264
9265
9264
9265
9266
9266
9267
9268
9268
9269
9270
9253
9254
9255
9254
9255
9256
9256
9257
9258
9257
9258
9259
9258
9259
9260
9260
9261
9262
9261
9262
9263
9257
9258
9259
9253
9254
9255
9254
9255
9256
9256
9257
9258
9257
9258
9259
9259
9260
9261
9247
9248
9249
9249
9250
9251
9241
9242
9243
9243
9244
9245
9245
9246
9247
9243
9244
9245
9243
9244
9245
9245
9246
9247
9247
9248
9249
9249
9250
9251
9239
9240
9241
9240
9241
9242
9242
9243
9244
9244
9245
9246
9246
9247
9248
9244
9245
9246
9246
9247
9248
9245
9246
9247
9247
9248
9249
9249
9250
9251
9251
9252
9253
9253
9254
9255
9255
9256
9257
9255
9256
9257
9257
9258
9259
9254
9255
9256
9256
9257
9258
9256
9257
9258
9236
9237
9238
9229
9230
9231
9231
9232
9233
9233
9234
9235
9218
9219
9220
9219
9220
9221
9220
9221
9222
9222
9223
9224
9224
9225
9226
9221
9222
9223
9223
9224
9225
9225
9226
9227
9227
9228
9229
9229
9230
9231
9231
9232
9233
9233
9234
9235
9235
9236
9237
9230
9231
9232
9227
9228
9229
9206
9207
9208
9206
9207
9208
9207
9208
9209
9208
9209
9210
9209
9210
9211
9211
9212
9213
9213
9214
9215
9215
9216
9217
9214
9215
9216
9216
9217
9218
9216
9217
9218
9216
9217
9218
9213
9214
9215
9214
9215
9216
9216
9217
9218
9205
9206
9207
9206
9207
9208
9199
9200
9201
9195
9196
9197
9195
9196
9197
9192
9193
9194
9194
9195
9196
9195
9196
9197
9197
9198
9199
9186
9187
9188
9188
9189
9190
9190
9191
9192
9192
9193
9194
9194
9195
9196
9194
9195
9196
9196
9197
9198
9170
9171
9172
9172
9173
9174
9167
9168
9169
9169
9170
9171
9171
9172
9173
9170
9171
9172
9172
9173
9174
9166
9167
9168
9168
9169
9170
9170
9171
9172
9170
9171
9172
9172
9173
9174
9170
9171
9172
9172
9173
9174
9174
9175
9176
9175
9176
9177
9177
9178
9179
9173
9174
9175
9175
9176
9177
9175
9176
9177
9159
9160
9161
9161
9162
9163
9163
9164
9165
9163
9164
9165
9160
9161
9162
9161
9162
9163
9154
9155
9156
9141
9142
9143
9142
9143
9144
9143
9144
9145
9145
9146
9147
9147
9148
9149
9149
9150
9151
9151
9152
9153
9153
9154
9155
9155
9156
9157
9157
9158
9159
9157
9158
9159
9151
9152
9153
9148
9149
9150
9147
9148
9149
9146
9147
9148
9148
9149
9150
9149
9150
9151
9147
9148
9149
9131
9132
9133
9133
9134
9135
9135
9136
9137
9130
9131
9132
9131
9132
9133
9133
9134
9135
9135
9136
9137
9137
9138
9139
9139
9140
9141
9139
9140
9141
9140
9141
9142
9128
9129
9130
9125
9126
9127
9126
9127
9128
9122
9123
9124
9113
9114
9115
9112
9113
9114
9114
9115
9116
9116
9117
9118
9116
9117
9118
9118
9119
9120
9120
9121
9122
9112
9113
9114
9109
9110
9111
9111
9112
9113
9113
9114
9115
9115
9116
9117
9116
9117
9118
9117
9118
9119
9116
9117
9118
9118
9119
9120
9120
9121
9122
9120
9121
9122
9121
9122
9123
9122
9123
9124
9124
9125
9126
9124
9125
9126
9118
9119
9120
9118
9119
9120
9120
9121
9122
9113
9114
9115
9115
9116
9117
9114
9115
9116
9116
9117
9118
9118
9119
9120
9120
9121
9122
9116
9117
9118
9118
9119
9120
9119
9120
9121
9120
9121
9122
9117
9118
9119
9119
9120
9121
9120
9121
9122
9118
9119
9120
9120
9121
9122
9122
9123
9124
9124
9125
9126
9122
9123
9124
9124
9125
9126
9126
9127
9128
9127
9128
9129
9126
9127
9128
9128
9129
9130
9126
9127
9128
9127
9128
9129
9129
9130
9131
9125
9126
9127
9127
9128
9129
9128
9129
9130
9126
9127
9128
9128
9129
9130
9127
9128
9129
9124
9125
9126
9124
9125
9126
9126
9127
9128
9128
9129
9130
9130
9131
9132
9132
9133
9134
9134
9135
9136
9136
9137
9138
9137
9138
9139
9136
9137
9138
9137
9138
9139
9138
9139
9140
9140
9141
9142
9139
9140
9141
9141
9142
9143
9143
9144
9145
9141
9142
9143
9132
9133
9134
9134
9135
9136
9119
9120
9121
9118
9119
9120
9120
9121
9122
9121
9122
9123
9123
9124
9125
9124
9125
9126
9126
9127
9128
9128
9129
9130
9129
9130
9131
9129
9130
9131
9131
9132
9133
9133
9134
9135
9131
9132
9133
9133
9134
9135
9135
9136
9137
9137
9138
9139
9136
9137
9138
9131
9132
9133
9133
9134
9135
9135
9136
9137
9136
9137
9138
9132
9133
9134
9133
9134
9135
9129
9130
9131
9131
9132
9133
9132
9133
9134
9130
9131
9132
9132
9133
9134
9134
9135
9136
9134
9135
9136
9136
9137
9138
9138
9139
9140
9136
9137
9138
9138
9139
9140
9138
9139
9140
9135
9136
9137
9136
9137
9138
9138
9139
9140
9140
9141
9142
9142
9143
9144
9142
9143
9144
9144
9145
9146
9146
9147
9148
9146
9147
9148
9145
9146
9147
9147
9148
9149
9144
9145
9146
9145
9146
9147
9147
9148
9149
9149
9150
9151
9151
9152
9153
9150
9151
9152
9152
9153
9154
9153
9154
9155
9155
9156
9157
9157
9158
9159
9159
9160
9161
9160
9161
9162
9162
9163
9164
9164
9165
9166
9166
9167
9168
9162
9163
9164
9162
9163
9164
9164
9165
9166
9166
9167
9168
9168
9169
9170
9170
9171
9172
9172
9173
9174
9173
9174
9175
9166
9167
9168
9168
9169
9170
9167
9168
9169
9166
9167
9168
9167
9168
9169
9166
9167
9168
9163
9164
9165
9164
9165
9166
9164
9165
9166
9164
9165
9166
9165
9166
9167
9165
9166
9167
9165
9166
9167
9167
9168
9169
9169
9170
9171
9163
9164
9165
9165
9166
9167
9161
9162
9163
9163
9164
9165
9162
9163
9164
9164
9165
9166
9159
9160
9161
9161
9162
9163
9160
9161
9162
9162
9163
9164
9161
9162
9163
9162
9163
9164
9160
9161
9162
9157
9158
9159
9159
9160
9161
9160
9161
9162
9162
9163
9164
9163
9164
9165
9165
9166
9167
9147
9148
9149
9148
9149
9150
9147
9148
9149
9149
9150
9151
9148
9149
9150
9148
9149
9150
9149
9150
9151
9150
9151
9152
9149
9150
9151
9145
9146
9147
9146
9147
9148
9142
9143
9144
9144
9145
9146
9142
9143
9144
9144
9145
9146
9142
9143
9144
9144
9145
9146
9143
9144
9145
9145
9146
9147
9140
9141
9142
9140
9141
9142
9142
9143
9144
9137
9138
9139
9127
9128
9129
9129
9130
9131
9131
9132
9133
9127
9128
9129
9128
9129
9130
9128
9129
9130
9130
9131
9132
9132
9133
9134
9134
9135
9136
9133
9134
9135
9135
9136
9137
9137
9138
9139
9138
9139
9140
9131
9132
9133
9132
9133
9134
9129
9130
9131
9131
9132
9133
9133
9134
9135
9135
9136
9137
9137
9138
9139
9138
9139
9140
9134
9135
9136
9136
9137
9138
9137
9138
9139
9137
9138
9139
9137
9138
9139
9138
9139
9140
9140
9141
9142
9142
9143
9144
9141
9142
9143
9143
9144
9145
9143
9144
9145
9145
9146
9147
9147
9148
9149
9148
9149
9150
9149
9150
9151
9146
9147
9148
9148
9149
9150
9150
9151
9152
9152
9153
9154
9153
9154
9155
9155
9156
9157
9157
9158
9159
9155
9156
9157
9155
9156
9157
9157
9158
9159
9159
9160
9161
9161
9162
9163
9163
9164
9165
9161
9162
9163
9163
9164
9165
9164
9165
9166
9166
9167
9168
9168
9169
9170
9170
9171
9172
9170
9171
9172
9155
9156
9157
9157
9158
9159
9159
9160
9161
9161
9162
9163
9159
9160
9161
9160
9161
9162
9162
9163
9164
9164
9165
9166
9163
9164
9165
9165
9166
9167
9166
9167
9168
9158
9159
9160
9160
9161
9162
9162
9163
9164
9164
9165
9166
9162
9163
9164
9164
9165
9166
9162
9163
9164
9155
9156
9157
9152
9153
9154
9153
9154
9155
9155
9156
9157
9157
9158
9159
9159
9160
9161
9161
9162
9163
9163
9164
9165
9164
9165
9166
9161
9162
9163
9163
9164
9165
9163
9164
9165
9161
9162
9163
9163
9164
9165
9165
9166
9167
9162
9163
9164
9159
9160
9161
9161
9162
9163
9163
9164
9165
9162
9163
9164
9164
9165
9166
9165
9166
9167
9163
9164
9165
9163
9164
9165
9165
9166
9167
9167
9168
9169
9166
9167
9168
9168
9169
9170
9170
9171
9172
9172
9173
9174
9173
9174
9175
9174
9175
9176
9175
9176
9177
9172
9173
9174
9169
9170
9171
9171
9172
9173
9173
9174
9175
9175
9176
9177
9177
9178
9179
9178
9179
9180
9178
9179
9180
9180
9181
9182
9181
9182
9183
9183
9184
9185
9185
9186
9187
9187
9188
9189
9189
9190
9191
9191
9192
9193
9193
9194
9195
9195
9196
9197
9196
9197
9198
9194
9195
9196
9196
9197
9198
9198
9199
9200
9200
9201
9202
9202
9203
9204
9203
9204
9205
9205
9206
9207
9207
9208
9209
9209
9210
9211
9210
9211
9212
9212
9213
9214
9214
9215
9216
9214
9215
9216
9206
9207
9208
9208
9209
9210
9210
9211
9212
9210
9211
9212
9212
9213
9214
9210
9211
9212
9209
9210
9211
9211
9212
9213
9212
9213
9214
9214
9215
9216
9216
9217
9218
9215
9216
9217
9215
9216
9217
9217
9218
9219
9219
9220
9221
9221
9222
9223
9215
9216
9217
9217
9218
9219
9214
9215
9216
9215
9216
9217
9215
9216
9217
9217
9218
9219
9218
9219
9220
9219
9220
9221
9221
9222
9223
9223
9224
9225
9224
9225
9226
9226
9227
9228
9228
9229
9230
9230
9231
9232
9227
9228
9229
9229
9230
9231
9229
9230
9231
9231
9232
9233
9233
9234
9235
9222
9223
9224
9224
9225
9226
9224
9225
9226
9223
9224
9225
9216
9217
9218
9218
9219
9220
9216
9217
9218
9212
9213
9214
9212
9213
9214
9213
9214
9215
9215
9216
9217
9217
9218
9219
9219
9220
9221
9219
9220
9221
9221
9222
9223
9223
9224
9225
9223
9224
9225
9225
9226
9227
9225
9226
9227
9227
9228
9229
9225
9226
9227
9224
9225
9226
9225
9226
9227
9227
9228
9229
9219
9220
9221
9217
9218
9219
9219
9220
9221
9221
9222
9223
9222
9223
9224
9224
9225
9226
9225
9226
9227
9226
9227
9228
9223
9224
9225
9225
9226
9227
9227
9228
9229
9221
9222
9223
9223
9224
9225
9219
9220
9221
9220
9221
9222
9222
9223
9224
9223
9224
9225
9225
9226
9227
9227
9228
9229
9229
9230
9231
9231
9232
9233
9232
9233
9234
9233
9234
9235
9234
9235
9236
9232
9233
9234
9234
9235
9236
9236
9237
9238
9237
9238
9239
9233
9234
9235
9235
9236
9237
9236
9237
9238
9238
9239
9240
9237
9238
9239
9238
9239
9240
9235
9236
9237
9235
9236
9237
9236
9237
9238
9231
9232
9233
9233
9234
9235
9235
9236
9237
9227
9228
9229
9229
9230
9231
9227
9228
9229
9229
9230
9231
9231
9232
9233
9233
9234
9235
9221
9222
9223
9219
9220
9221
9219
9220
9221
9220
9221
9222
9221
9222
9223
9223
9224
9225
9225
9226
9227
9227
9228
9229
9227
9228
9229
9226
9227
9228
9228
9229
9230
9225
9226
9227
9227
9228
9229
9217
9218
9219
9219
9220
9221
9220
9221
9222
9222
9223
9224
9224
9225
9226
9226
9227
9228
9226
9227
9228
9227
9228
9229
9229
9230
9231
9231
9232
9233
9231
9232
9233
9229
9230
9231
9231
9232
9233
9230
9231
9232
9229
9230
9231
9229
9230
9231
9231
9232
9233
9233
9234
9235
9235
9236
9237
9237
9238
9239
9239
9240
9241
9234
9235
9236
9236
9237
9238
9238
9239
9240
9239
9240
9241
9229
9230
9231
9224
9225
9226
9226
9227
9228
9225
9226
9227
9224
9225
9226
9213
9214
9215
9206
9207
9208
9203
9204
9205
9205
9206
9207
9207
9208
9209
9209
9210
9211
9210
9211
9212
9211
9212
9213
9212
9213
9214
9213
9214
9215
9214
9215
9216
9213
9214
9215
9207
9208
9209
9208
9209
9210
9207
9208
9209
9207
9208
9209
9208
9209
9210
9203
9204
9205
9199
9200
9201
9198
9199
9200
9200
9201
9202
9202
9203
9204
9204
9205
9206
9186
9187
9188
9186
9187
9188
9188
9189
9190
9187
9188
9189
9187
9188
9189
9186
9187
9188
9181
9182
9183
9183
9184
9185
9185
9186
9187
9187
9188
9189
9189
9190
9191
9191
9192
9193
9188
9189
9190
9184
9185
9186
9186
9187
9188
9188
9189
9190
9188
9189
9190
9190
9191
9192
9189
9190
9191
9184
9185
9186
9186
9187
9188
9187
9188
9189
9187
9188
9189
9188
9189
9190
9189
9190
9191
9188
9189
9190
9190
9191
9192
9192
9193
9194
9194
9195
9196
9191
9192
9193
9189
9190
9191
9187
9188
9189
9185
9186
9187
9186
9187
9188
9184
9185
9186
9185
9186
9187
9187
9188
9189
9189
9190
9191
9185
9186
9187
9186
9187
9188
9180
9181
9182
9182
9183
9184
9181
9182
9183
9181
9182
9183
9175
9176
9177
9175
9176
9177
9176
9177
9178
9176
9177
9178
9178
9179
9180
9180
9181
9182
9179
9180
9181
9181
9182
9183
9183
9184
9185
9184
9185
9186
9185
9186
9187
9187
9188
9189
9185
9186
9187
9187
9188
9189
9189
9190
9191
9190
9191
9192
9192
9193
9194
9194
9195
9196
9192
9193
9194
9194
9195
9196
9195
9196
9197
9196
9197
9198
9195
9196
9197
9197
9198
9199
9199
9200
9201
9198
9199
9200
9199
9200
9201
9199
9200
9201
9201
9202
9203
9201
9202
9203
9197
9198
9199
9197
9198
9199
9199
9200
9201
9201
9202
9203
9203
9204
9205
9205
9206
9207
9204
9205
9206
9203
9204
9205
9187
9188
9189
9187
9188
9189
9189
9190
9191
9186
9187
9188
9188
9189
9190
9190
9191
9192
9190
9191
9192
9179
9180
9181
9179
9180
9181
9175
9176
9177
9177
9178
9179
9177
9178
9179
9179
9180
9181
9181
9182
9183
9178
9179
9180
9180
9181
9182
9177
9178
9179
9179
9180
9181
9181
9182
9183
9182
9183
9184
9184
9185
9186
9183
9184
9185
9185
9186
9187
9186
9187
9188
9187
9188
9189
9189
9190
9191
9190
9191
9192
9192
9193
9194
9194
9195
9196
9193
9194
9195
9194
9195
9196
9196
9197
9198
9198
9199
9200
9200
9201
9202
9202
9203
9204
9204
9205
9206
9206
9207
9208
9208
9209
9210
9210
9211
9212
9210
9211
9212
9211
9212
9213
9212
9213
9214
9214
9215
9216
9215
9216
9217
9202
9203
9204
9202
9203
9204
9204
9205
9206
9205
9206
9207
9206
9207
9208
9208
9209
9210
9207
9208
9209
9209
9210
9211
9204
9205
9206
9199
9200
9201
9201
9202
9203
9203
9204
9205
9205
9206
9207
9205
9206
9207
9206
9207
9208
9208
9209
9210
9208
9209
9210
9210
9211
9212
9208
9209
9210
9210
9211
9212
9212
9213
9214
9214
9215
9216
9215
9216
9217
9217
9218
9219
9219
9220
9221
9221
9222
9223
9221
9222
9223
9222
9223
9224
9217
9218
9219
9218
9219
9220
9220
9221
9222
9222
9223
9224
9221
9222
9223
9223
9224
9225
9224
9225
9226
9224
9225
9226
9226
9227
9228
9227
9228
9229
9227
9228
9229
9229
9230
9231
9230
9231
9232
9232
9233
9234
9234
9235
9236
9233
9234
9235
9235
9236
9237
9236
9237
9238
9232
9233
9234
9234
9235
9236
9231
9232
9233
9218
9219
9220
9220
9221
9222
9213
9214
9215
9215
9216
9217
9214
9215
9216
9215
9216
9217
9214
9215
9216
9213
9214
9215
9214
9215
9216
9216
9217
9218
9218
9219
9220
9220
9221
9222
9222
9223
9224
9224
9225
9226
9223
9224
9225
9225
9226
9227
9227
9228
9229
9228
9229
9230
9230
9231
9232
9231
9232
9233
9232
9233
9234
9234
9235
9236
9235
9236
9237
9237
9238
9239
9237
9238
9239
9239
9240
9241
9241
9242
9243
9241
9242
9243
9242
9243
9244
9244
9245
9246
9246
9247
9248
9248
9249
9250
9250
9251
9252
9242
9243
9244
9244
9245
9246
9246
9247
9248
9246
9247
9248
9248
9249
9250
9250
9251
9252
9249
9250
9251
9251
9252
9253
9253
9254
9255
9255
9256
9257
9249
9250
9251
9243
9244
9245
9245
9246
9247
9244
9245
9246
9246
9247
9248
9248
9249
9250
9250
9251
9252
9250
9251
9252
9252
9253
9254
9254
9255
9256
9254
9255
9256
9256
9257
9258
9258
9259
9260
9258
9259
9260
9256
9257
9258
9258
9259
9260
9260
9261
9262
9260
9261
9262
9262
9263
9264
9264
9265
9266
9265
9266
9267
9267
9268
9269
9262
9263
9264
9255
9256
9257
9257
9258
9259
9256
9257
9258
9257
9258
9259
9248
9249
9250
9250
9251
9252
9246
9247
9248
9248
9249
9250
9249
9250
9251
9251
9252
9253
9248
9249
9250
9250
9251
9252
9252
9253
9254
9254
9255
9256
9247
9248
9249
9244
9245
9246
9246
9247
9248
9248
9249
9250
9244
9245
9246
9243
9244
9245
9245
9246
9247
9244
9245
9246
9246
9247
9248
9245
9246
9247
9246
9247
9248
9247
9248
9249
9249
9250
9251
9241
9242
9243
9238
9239
9240
9240
9241
9242
9242
9243
9244
9244
9245
9246
9245
9246
9247
9244
9245
9246
9246
9247
9248
9244
9245
9246
9244
9245
9246
9245
9246
9247
9247
9248
9249
9248
9249
9250
9249
9250
9251
9249
9250
9251
9251
9252
9253
9252
9253
9254
9251
9252
9253
9253
9254
9255
9254
9255
9256
9253
9254
9255
9255
9256
9257
9257
9258
9259
9255
9256
9257
9257
9258
9259
9259
9260
9261
9253
9254
9255
9253
9254
9255
9255
9256
9257
9257
9258
9259
9259
9260
9261
9260
9261
9262
9253
9254
9255
9255
9256
9257
9257
9258
9259
9258
9259
9260
9260
9261
9262
9260
9261
9262
9262
9263
9264
9261
9262
9263
9261
9262
9263
9263
9264
9265
9264
9265
9266
9250
9251
9252
9251
9252
9253
9253
9254
9255
9255
9256
9257
9256
9257
9258
9256
9257
9258
9258
9259
9260
9260
9261
9262
9259
9260
9261
9261
9262
9263
9255
9256
9257
9255
9256
9257
9252
9253
9254
9254
9255
9256
9256
9257
9258
9256
9257
9258
9258
9259
9260
9260
9261
9262
9261
9262
9263
9262
9263
9264
9263
9264
9265
9265
9266
9267
9265
9266
9267
9263
9264
9265
9265
9266
9267
9267
9268
9269
9268
9269
9270
9264
9265
9266
9266
9267
9268
9262
9263
9264
9264
9265
9266
9265
9266
9267
9267
9268
9269
9269
9270
9271
9271
9272
9273
9269
9270
9271
9271
9272
9273
9271
9272
9273
9272
9273
9274
9273
9274
9275
9274
9275
9276
9275
9276
9277
9277
9278
9279
9279
9280
9281
9281
9282
9283
9283
9284
9285
9285
9286
9287
9272
9273
9274
9274
9275
9276
9270
9271
9272
9272
9273
9274
9273
9274
9275
9275
9276
9277
9267
9268
9269
9268
9269
9270
9265
9266
9267
9258
9259
9260
9260
9261
9262
9261
9262
9263
9262
9263
9264
9264
9265
9266
9266
9267
9268
9260
9261
9262
9248
9249
9250
9249
9250
9251
9251
9252
9253
9248
9249
9250
9246
9247
9248
9244
9245
9246
9242
9243
9244
9241
9242
9243
9243
9244
9245
9237
9238
9239
9239
9240
9241
9231
9232
9233
9232
9233
9234
9234
9235
9236
9230
9231
9232
9218
9219
9220
9211
9212
9213
9204
9205
9206
9202
9203
9204
9204
9205
9206
9189
9190
9191
9182
9183
9184
9184
9185
9186
9185
9186
9187
9187
9188
9189
9188
9189
9190
9188
9189
9190
9172
9173
9174
9173
9174
9175
9175
9176
9177
9177
9178
9179
9179
9180
9181
9178
9179
9180
9177
9178
9179
9179
9180
9181
9181
9182
9183
9183
9184
9185
9185
9186
9187
9187
9188
9189
9179
9180
9181
9178
9179
9180
9180
9181
9182
9182
9183
9184
9181
9182
9183
9182
9183
9184
9184
9185
9186
9186
9187
9188
9187
9188
9189
9186
9187
9188
9188
9189
9190
9190
9191
9192
9191
9192
9193
9188
9189
9190
9187
9188
9189
9189
9190
9191
9191
9192
9193
9192
9193
9194
9193
9194
9195
9194
9195
9196
9191
9192
9193
9193
9194
9195
9195
9196
9197
9189
9190
9191
9190
9191
9192
9192
9193
9194
9192
9193
9194
9194
9195
9196
9195
9196
9197
9197
9198
9199
9198
9199
9200
9200
9201
9202
9202
9203
9204
9204
9205
9206
9205
9206
9207
9204
9205
9206
9205
9206
9207
9207
9208
9209
9209
9210
9211
9211
9212
9213
9212
9213
9214
9211
9212
9213
9213
9214
9215
9215
9216
9217
9212
9213
9214
9210
9211
9212
9212
9213
9214
9213
9214
9215
9215
9216
9217
9217
9218
9219
9219
9220
9221
9220
9221
9222
9221
9222
9223
9220
9221
9222
9221
9222
9223
9223
9224
9225
9221
9222
9223
9223
9224
9225
9225
9226
9227
9226
9227
9228
9227
9228
9229
9229
9230
9231
9231
9232
9233
9233
9234
9235
9235
9236
9237
9234
9235
9236
9236
9237
9238
9238
9239
9240
9239
9240
9241
9240
9241
9242
9242
9243
9244
9244
9245
9246
9246
9247
9248
9247
9248
9249
9248
9249
9250
9250
9251
9252
9249
9250
9251
9244
9245
9246
9246
9247
9248
9248
9249
9250
9249
9250
9251
9229
9230
9231
9231
9232
9233
9230
9231
9232
9232
9233
9234
9234
9235
9236
9235
9236
9237
9237
9238
9239
9239
9240
9241
9240
9241
9242
9236
9237
9238
9238
9239
9240
9240
9241
9242
9240
9241
9242
9242
9243
9244
9243
9244
9245
9243
9244
9245
9245
9246
9247
9247
9248
9249
9245
9246
9247
9242
9243
9244
9244
9245
9246
9245
9246
9247
9246
9247
9248
9248
9249
9250
9249
9250
9251
9250
9251
9252
9252
9253
9254
9251
9252
9253
9249
9250
9251
9250
9251
9252
9252
9253
9254
9251
9252
9253
9251
9252
9253
9247
9248
9249
9249
9250
9251
9247
9248
9249
9238
9239
9240
9240
9241
9242
9241
9242
9243
9243
9244
9245
9245
9246
9247
9245
9246
9247
9245
9246
9247
9246
9247
9248
9247
9248
9249
9249
9250
9251
9247
9248
9249
9249
9250
9251
9246
9247
9248
9248
9249
9250
9250
9251
9252
9249
9250
9251
9251
9252
9253
9253
9254
9255
9255
9256
9257
9257
9258
9259
9253
9254
9255
9255
9256
9257
9254
9255
9256
9256
9257
9258
9258
9259
9260
9255
9256
9257
9257
9258
9259
9259
9260
9261
9261
9262
9263
9262
9263
9264
9264
9265
9266
9266
9267
9268
9268
9269
9270
9269
9270
9271
9269
9270
9271
9269
9270
9271
9269
9270
9271
9270
9271
9272
9272
9273
9274
9270
9271
9272
9268
9269
9270
9270
9271
9272
9263
9264
9265
9265
9266
9267
9255
9256
9257
9254
9255
9256
9251
9252
9253
9251
9252
9253
9246
9247
9248
9248
9249
9250
9246
9247
9248
9248
9249
9250
9249
9250
9251
9251
9252
9253
9252
9253
9254
9253
9254
9255
9254
9255
9256
9255
9256
9257
9257
9258
9259
9259
9260
9261
9261
9262
9263
9263
9264
9265
9265
9266
9267
9262
9263
9264
9264
9265
9266
9266
9267
9268
9268
9269
9270
9270
9271
9272
9272
9273
9274
9274
9275
9276
9275
9276
9277
9277
9278
9279
9276
9277
9278
9278
9279
9280
9275
9276
9277
9277
9278
9279
9275
9276
9277
9277
9278
9279
9279
9280
9281
9280
9281
9282
9277
9278
9279
9279
9280
9281
9281
9282
9283
9280
9281
9282
9282
9283
9284
9283
9284
9285
9283
9284
9285
9285
9286
9287
9284
9285
9286
9286
9287
9288
9288
9289
9290
9290
9291
9292
9290
9291
9292
9292
9293
9294
9294
9295
9296
9296
9297
9298
9296
9297
9298
9298
9299
9300
9300
9301
9302
9302
9303
9304
9295
9296
9297
9294
9295
9296
9296
9297
9298
9297
9298
9299
9299
9300
9301
9300
9301
9302
9300
9301
9302
9295
9296
9297
9297
9298
9299
9297
9298
9299
9297
9298
9299
9299
9300
9301
9301
9302
9303
9302
9303
9304
9303
9304
9305
9302
9303
9304
9304
9305
9306
9298
9299
9300
9300
9301
9302
9302
9303
9304
9304
9305
9306
9306
9307
9308
9308
9309
9310
9310
9311
9312
9310
9311
9312
9312
9313
9314
9314
9315
9316
9311
9312
9313
9311
9312
9313
9313
9314
9315
9314
9315
9316
9316
9317
9318
9313
9314
9315
9315
9316
9317
9317
9318
9319
9319
9320
9321
9321
9322
9323
9323
9324
9325
9323
9324
9325
9325
9326
9327
9327
9328
9329
9324
9325
9326
9326
9327
9328
9328
9329
9330
9313
9314
9315
9313
9314
9315
9311
9312
9313
9312
9313
9314
9313
9314
9315
9308
9309
9310
9308
9309
9310
9310
9311
9312
9312
9313
9314
9311
9312
9313
9312
9313
9314
9312
9313
9314
9314
9315
9316
9316
9317
9318
9318
9319
9320
9319
9320
9321
9319
9320
9321
9320
9321
9322
9322
9323
9324
9318
9319
9320
9319
9320
9321
9321
9322
9323
9323
9324
9325
9325
9326
9327
9327
9328
9329
9328
9329
9330
9329
9330
9331
9327
9328
9329
9326
9327
9328
9328
9329
9330
9327
9328
9329
9325
9326
9327
9327
9328
9329
9329
9330
9331
9331
9332
9333
9333
9334
9335
9334
9335
9336
9336
9337
9338
9328
9329
9330
9329
9330
9331
9330
9331
9332
9329
9330
9331
9330
9331
9332
9332
9333
9334
9333
9334
9335
9335
9336
9337
9333
9334
9335
9335
9336
9337
9337
9338
9339
9339
9340
9341
9340
9341
9342
9341
9342
9343
9336
9337
9338
9336
9337
9338
9338
9339
9340
9340
9341
9342
9339
9340
9341
9334
9335
9336
9336
9337
9338
9337
9338
9339
9339
9340
9341
9341
9342
9343
9343
9344
9345
9345
9346
9347
9347
9348
9349
9349
9350
9351
9348
9349
9350
9350
9351
9352
9347
9348
9349
9346
9347
9348
9339
9340
9341
9341
9342
9343
9342
9343
9344
9339
9340
9341
9340
9341
9342
9337
9338
9339
9337
9338
9339
9338
9339
9340
9328
9329
9330
9330
9331
9332
9327
9328
9329
9326
9327
9328
9328
9329
9330
9329
9330
9331
9331
9332
9333
9333
9334
9335
9335
9336
9337
9336
9337
9338
9335
9336
9337
9337
9338
9339
9338
9339
9340
9340
9341
9342
9339
9340
9341
9340
9341
9342
9342
9343
9344
9342
9343
9344
9341
9342
9343
9341
9342
9343
9340
9341
9342
9341
9342
9343
9331
9332
9333
9333
9334
9335
9334
9335
9336
9332
9333
9334
9334
9335
9336
9336
9337
9338
9338
9339
9340
9334
9335
9336
9336
9337
9338
9338
9339
9340
9336
9337
9338
9338
9339
9340
9334
9335
9336
9323
9324
9325
9325
9326
9327
9327
9328
9329
9329
9330
9331
9331
9332
9333
9333
9334
9335
9334
9335
9336
9336
9337
9338
9338
9339
9340
9338
9339
9340
9334
9335
9336
9336
9337
9338
9338
9339
9340
9339
9340
9341
9341
9342
9343
9340
9341
9342
9339
9340
9341
9337
9338
9339
9339
9340
9341
9335
9336
9337
9335
9336
9337
9337
9338
9339
9339
9340
9341
9341
9342
9343
9343
9344
9345
9345
9346
9347
9346
9347
9348
9348
9349
9350
9350
9351
9352
9350
9351
9352
9345
9346
9347
9347
9348
9349
9349
9350
9351
9350
9351
9352
9352
9353
9354
9351
9352
9353
9348
9349
9350
9349
9350
9351
9348
9349
9350
9349
9350
9351
9351
9352
9353
9343
9344
9345
9344
9345
9346
9343
9344
9345
9337
9338
9339
9339
9340
9341
9341
9342
9343
9337
9338
9339
9339
9340
9341
9339
9340
9341
9331
9332
9333
9333
9334
9335
9331
9332
9333
9333
9334
9335
9335
9336
9337
9325
9326
9327
9326
9327
9328
9328
9329
9330
9330
9331
9332
9332
9333
9334
9334
9335
9336
9334
9335
9336
9331
9332
9333
9333
9334
9335
9315
9316
9317
9317
9318
9319
9317
9318
9319
9319
9320
9321
9320
9321
9322
9318
9319
9320
9320
9321
9322
9305
9306
9307
9307
9308
9309
9309
9310
9311
9311
9312
9313
9308
9309
9310
9310
9311
9312
9309
9310
9311
9311
9312
9313
9312
9313
9314
9314
9315
9316
9316
9317
9318
9318
9319
9320
9320
9321
9322
9320
9321
9322
9322
9323
9324
9322
9323
9324
9323
9324
9325
9324
9325
9326
9325
9326
9327
9327
9328
9329
9329
9330
9331
9330
9331
9332
9332
9333
9334
9334
9335
9336
9336
9337
9338
9329
9330
9331
9328
9329
9330
9330
9331
9332
9329
9330
9331
9331
9332
9333
9329
9330
9331
9329
9330
9331
9329
9330
9331
9331
9332
9333
9327
9328
9329
9312
9313
9314
9307
9308
9309
9307
9308
9309
9309
9310
9311
9310
9311
9312
9312
9313
9314
9310
9311
9312
9311
9312
9313
9301
9302
9303
9303
9304
9305
9305
9306
9307
9306
9307
9308
9307
9308
9309
9305
9306
9307
9307
9308
9309
9309
9310
9311
9310
9311
9312
9311
9312
9313
9313
9314
9315
9315
9316
9317
9312
9313
9314
9314
9315
9316
9311
9312
9313
9313
9314
9315
9314
9315
9316
9314
9315
9316
9316
9317
9318
9317
9318
9319
9316
9317
9318
9316
9317
9318
9318
9319
9320
9320
9321
9322
9322
9323
9324
9321
9322
9323
9322
9323
9324
9324
9325
9326
9322
9323
9324
9324
9325
9326
9325
9326
9327
9325
9326
9327
9327
9328
9329
9328
9329
9330
9329
9330
9331
9331
9332
9333
9333
9334
9335
9324
9325
9326
9326
9327
9328
9328
9329
9330
9330
9331
9332
9328
9329
9330
9329
9330
9331
9329
9330
9331
9331
9332
9333
9333
9334
9335
9335
9336
9337
9335
9336
9337
9332
9333
9334
9332
9333
9334
9334
9335
9336
9335
9336
9337
9337
9338
9339
9338
9339
9340
9340
9341
9342
9332
9333
9334
9324
9325
9326
9325
9326
9327
9325
9326
9327
9326
9327
9328
9327
9328
9329
9329
9330
9331
9331
9332
9333
9327
9328
9329
9329
9330
9331
9331
9332
9333
9333
9334
9335
9332
9333
9334
9334
9335
9336
9336
9337
9338
9338
9339
9340
9340
9341
9342
9342
9343
9344
9343
9344
9345
9345
9346
9347
9341
9342
9343
9343
9344
9345
9332
9333
9334
9322
9323
9324
9322
9323
9324
9324
9325
9326
9324
9325
9326
9326
9327
9328
9328
9329
9330
9329
9330
9331
9325
9326
9327
9327
9328
9329
9326
9327
9328
9322
9323
9324
9324
9325
9326
9323
9324
9325
9324
9325
9326
9323
9324
9325
9323
9324
9325
9322
9323
9324
9316
9317
9318
9318
9319
9320
9320
9321
9322
9322
9323
9324
9324
9325
9326
9326
9327
9328
9328
9329
9330
9327
9328
9329
9325
9326
9327
9327
9328
9329
9310
9311
9312
9309
9310
9311
9311
9312
9313
9310
9311
9312
9312
9313
9314
9311
9312
9313
9313
9314
9315
9315
9316
9317
9316
9317
9318
9318
9319
9320
9320
9321
9322
9317
9318
9319
9306
9307
9308
9308
9309
9310
9309
9310
9311
9311
9312
9313
9312
9313
9314
9312
9313
9314
9314
9315
9316
9315
9316
9317
9315
9316
9317
9316
9317
9318
9317
9318
9319
9317
9318
9319
9319
9320
9321
9321
9322
9323
9323
9324
9325
9325
9326
9327
9326
9327
9328
9328
9329
9330
9330
9331
9332
9332
9333
9334
9334
9335
9336
9334
9335
9336
9336
9337
9338
9332
9333
9334
9334
9335
9336
9333
9334
9335
9335
9336
9337
9333
9334
9335
9333
9334
9335
9334
9335
9336
9328
9329
9330
9330
9331
9332
9331
9332
9333
9331
9332
9333
9333
9334
9335
9332
9333
9334
9330
9331
9332
9331
9332
9333
9333
9334
9335
9334
9335
9336
9324
9325
9326
9325
9326
9327
9326
9327
9328
9328
9329
9330
9329
9330
9331
9331
9332
9333
9333
9334
9335
9326
9327
9328
9321
9322
9323
9323
9324
9325
9313
9314
9315
9313
9314
9315
9314
9315
9316
9316
9317
9318
9317
9318
9319
9317
9318
9319
9316
9317
9318
9318
9319
9320
9318
9319
9320
9319
9320
9321
9314
9315
9316
9316
9317
9318
9318
9319
9320
9320
9321
9322
9318
9319
9320
9319
9320
9321
9321
9322
9323
9323
9324
9325
9324
9325
9326
9326
9327
9328
9327
9328
9329
9329
9330
9331
9329
9330
9331
9327
9328
9329
9329
9330
9331
9313
9314
9315
9314
9315
9316
9316
9317
9318
9318
9319
9320
9317
9318
9319
9319
9320
9321
9309
9310
9311
9311
9312
9313
9312
9313
9314
9311
9312
9313
9310
9311
9312
9311
9312
9313
9313
9314
9315
9311
9312
9313
9312
9313
9314
9314
9315
9316
9316
9317
9318
9318
9319
9320
9319
9320
9321
9317
9318
9319
9313
9314
9315
9315
9316
9317
9317
9318
9319
9317
9318
9319
9314
9315
9316
9314
9315
9316
9312
9313
9314
9310
9311
9312
9312
9313
9314
9314
9315
9316
9305
9306
9307
9305
9306
9307
9299
9300
9301
9301
9302
9303
9294
9295
9296
9275
9276
9277
9275
9276
9277
9276
9277
9278
9278
9279
9280
9280
9281
9282
9282
9283
9284
9282
9283
9284
9284
9285
9286
9285
9286
9287
9283
9284
9285
9273
9274
9275
9275
9276
9277
9272
9273
9274
9273
9274
9275
9272
9273
9274
9273
9274
9275
9261
9262
9263
9261
9262
9263
9253
9254
9255
9255
9256
9257
9256
9257
9258
9258
9259
9260
9259
9260
9261
9261
9262
9263
9263
9264
9265
9258
9259
9260
9260
9261
9262
9262
9263
9264
9262
9263
9264
9264
9265
9266
9266
9267
9268
9267
9268
9269
9265
9266
9267
9267
9268
9269
9269
9270
9271
9270
9271
9272
9269
9270
9271
9267
9268
9269
9261
9262
9263
9256
9257
9258
9255
9256
9257
9257
9258
9259
9259
9260
9261
9261
9262
9263
9262
9263
9264
9264
9265
9266
9266
9267
9268
9261
9262
9263
9255
9256
9257
9257
9258
9259
9259
9260
9261
9254
9255
9256
9231
9232
9233
9223
9224
9225
9223
9224
9225
9225
9226
9227
9223
9224
9225
9224
9225
9226
9223
9224
9225
9225
9226
9227
9226
9227
9228
9228
9229
9230
9227
9228
9229
9229
9230
9231
9231
9232
9233
9232
9233
9234
9234
9235
9236
9227
9228
9229
9229
9230
9231
9217
9218
9219
9213
9214
9215
9211
9212
9213
9213
9214
9215
9215
9216
9217
9216
9217
9218
9218
9219
9220
9217
9218
9219
9206
9207
9208
9202
9203
9204
9204
9205
9206
9206
9207
9208
9205
9206
9207
9206
9207
9208
9208
9209
9210
9209
9210
9211
9211
9212
9213
9213
9214
9215
9215
9216
9217
9217
9218
9219
9214
9215
9216
9214
9215
9216
9215
9216
9217
9217
9218
9219
9219
9220
9221
9199
9200
9201
9188
9189
9190
9187
9188
9189
9189
9190
9191
9190
9191
9192
9188
9189
9190
9188
9189
9190
9175
9176
9177
9177
9178
9179
9177
9178
9179
9179
9180
9181
9181
9182
9183
9183
9184
9185
9181
9182
9183
9183
9184
9185
9184
9185
9186
9186
9187
9188
9180
9181
9182
9182
9183
9184
9184
9185
9186
9186
9187
9188
9188
9189
9190
9190
9191
9192
9191
9192
9193
9191
9192
9193
9191
9192
9193
9193
9194
9195
9189
9190
9191
9191
9192
9193
9190
9191
9192
9192
9193
9194
9194
9195
9196
9192
9193
9194
9194
9195
9196
9196
9197
9198
9198
9199
9200
9200
9201
9202
9202
9203
9204
9204
9205
9206
9206
9207
9208
9207
9208
9209
9206
9207
9208
9208
9209
9210
9210
9211
9212
9209
9210
9211
9202
9203
9204
9202
9203
9204
9203
9204
9205
9197
9198
9199
9199
9200
9201
9201
9202
9203
9198
9199
9200
9200
9201
9202
9199
9200
9201
9199
9200
9201
9198
9199
9200
9197
9198
9199
9197
9198
9199
9195
9196
9197
9189
9190
9191
9190
9191
9192
9191
9192
9193
9193
9194
9195
9195
9196
9197
9197
9198
9199
9199
9200
9201
9194
9195
9196
9193
9194
9195
9192
9193
9194
9193
9194
9195
9183
9184
9185
9185
9186
9187
9184
9185
9186
9185
9186
9187
9187
9188
9189
9187
9188
9189
9189
9190
9191
9187
9188
9189
9188
9189
9190
9188
9189
9190
9187
9188
9189
9185
9186
9187
9187
9188
9189
9188
9189
9190
9183
9184
9185
9185
9186
9187
9187
9188
9189
9189
9190
9191
9171
9172
9173
9173
9174
9175
9172
9173
9174
9174
9175
9176
9175
9176
9177
9177
9178
9179
9178
9179
9180
9176
9177
9178
9168
9169
9170
9170
9171
9172
9172
9173
9174
9174
9175
9176
9176
9177
9178
9177
9178
9179
9174
9175
9176
9150
9151
9152
9149
9150
9151
9147
9148
9149
9149
9150
9151
9151
9152
9153
9153
9154
9155
9152
9153
9154
9154
9155
9156
9156
9157
9158
9150
9151
9152
9150
9151
9152
9152
9153
9154
9149
9150
9151
9149
9150
9151
9150
9151
9152
9152
9153
9154
9153
9154
9155
9155
9156
9157
9153
9154
9155
9147
9148
9149
9149
9150
9151
9151
9152
9153
9153
9154
9155
9150
9151
9152
9150
9151
9152
9151
9152
9153
9153
9154
9155
9155
9156
9157
9157
9158
9159
9159
9160
9161
9161
9162
9163
9158
9159
9160
9160
9161
9162
9162
9163
9164
9161
9162
9163
9162
9163
9164
9164
9165
9166
9165
9166
9167
9166
9167
9168
9168
9169
9170
9168
9169
9170
9169
9170
9171
9170
9171
9172
9171
9172
9173
9172
9173
9174
9172
9173
9174
9165
9166
9167
9166
9167
9168
9165
9166
9167
9166
9167
9168
9168
9169
9170
9170
9171
9172
9172
9173
9174
9166
9167
9168
9168
9169
9170
9169
9170
9171
9169
9170
9171
9171
9172
9173
9170
9171
9172
9166
9167
9168
9168
9169
9170
9167
9168
9169
9169
9170
9171
9171
9172
9173
9173
9174
9175
9175
9176
9177
9172
9173
9174
9174
9175
9176
9175
9176
9177
9177
9178
9179
9179
9180
9181
9171
9172
9173
9173
9174
9175
9172
9173
9174
9171
9172
9173
9173
9174
9175
9172
9173
9174
9174
9175
9176
9168
9169
9170
9165
9166
9167
9167
9168
9169
9169
9170
9171
9171
9172
9173
9173
9174
9175
9174
9175
9176
9175
9176
9177
9176
9177
9178
9178
9179
9180
9173
9174
9175
9175
9176
9177
9176
9177
9178
9168
9169
9170
9159
9160
9161
9161
9162
9163
9163
9164
9165
9165
9166
9167
9166
9167
9168
9163
9164
9165
9162
9163
9164
9160
9161
9162
9156
9157
9158
9155
9156
9157
9157
9158
9159
9158
9159
9160
9158
9159
9160
9157
9158
9159
9153
9154
9155
9155
9156
9157
9147
9148
9149
9147
9148
9149
9149
9150
9151
9151
9152
9153
9151
9152
9153
9151
9152
9153
9153
9154
9155
9151
9152
9153
9150
9151
9152
9149
9150
9151
9151
9152
9153
9148
9149
9150
9148
9149
9150
9149
9150
9151
9151
9152
9153
9152
9153
9154
9154
9155
9156
9156
9157
9158
9145
9146
9147
9143
9144
9145
9136
9137
9138
9136
9137
9138
9135
9136
9137
9137
9138
9139
9139
9140
9141
9140
9141
9142
9132
9133
9134
9134
9135
9136
9131
9132
9133
9133
9134
9135
9121
9122
9123
9122
9123
9124
9115
9116
9117
9115
9116
9117
9114
9115
9116
9116
9117
9118
9118
9119
9120
9117
9118
9119
9116
9117
9118
9118
9119
9120
9117
9118
9119
9119
9120
9121
9121
9122
9123
9123
9124
9125
9125
9126
9127
9127
9128
9129
9120
9121
9122
9121
9122
9123
9122
9123
9124
9123
9124
9125
9119
9120
9121
9117
9118
9119
9119
9120
9121
9118
9119
9120
9115
9116
9117
9112
9113
9114
9114
9115
9116
9115
9116
9117
9111
9112
9113
9110
9111
9112
9112
9113
9114
9114
9115
9116
9115
9116
9117
9117
9118
9119
9117
9118
9119
9115
9116
9117
9116
9117
9118
9118
9119
9120
9118
9119
9120
9118
9119
9120
9114
9115
9116
9112
9113
9114
9114
9115
9116
9116
9117
9118
9115
9116
9117
9117
9118
9119
9119
9120
9121
9121
9122
9123
9123
9124
9125
9125
9126
9127
9127
9128
9129
9129
9130
9131
9131
9132
9133
9133
9134
9135
9133
9134
9135
9132
9133
9134
9130
9131
9132
9132
9133
9134
9132
9133
9134
9134
9135
9136
9136
9137
9138
9138
9139
9140
9137
9138
9139
9139
9140
9141
9141
9142
9143
9137
9138
9139
9139
9140
9141
9141
9142
9143
9140
9141
9142
9142
9143
9144
9144
9145
9146
9146
9147
9148
9144
9145
9146
9136
9137
9138
9136
9137
9138
9136
9137
9138
9138
9139
9140
9133
9134
9135
9135
9136
9137
9137
9138
9139
9139
9140
9141
9140
9141
9142
9142
9143
9144
9141
9142
9143
9143
9144
9145
9145
9146
9147
9147
9148
9149
9149
9150
9151
9146
9147
9148
9148
9149
9150
9141
9142
9143
9143
9144
9145
9143
9144
9145
9139
9140
9141
9135
9136
9137
9134
9135
9136
9136
9137
9138
9138
9139
9140
9137
9138
9139
9128
9129
9130
9125
9126
9127
9127
9128
9129
9127
9128
9129
9127
9128
9129
9127
9128
9129
9128
9129
9130
9118
9119
9120
9111
9112
9113
9112
9113
9114
9113
9114
9115
9114
9115
9116
9109
9110
9111
9111
9112
9113
9101
9102
9103
9103
9104
9105
9105
9106
9107
9107
9108
9109
9109
9110
9111
9109
9110
9111
9111
9112
9113
9109
9110
9111
9111
9112
9113
9101
9102
9103
9103
9104
9105
9103
9104
9105
9100
9101
9102
9102
9103
9104
9104
9105
9106
9106
9107
9108
9107
9108
9109
9109
9110
9111
9111
9112
9113
9101
9102
9103
9102
9103
9104
9104
9105
9106
9099
9100
9101
9100
9101
9102
9102
9103
9104
9104
9105
9106
9106
9107
9108
9108
9109
9110
9109
9110
9111
9108
9109
9110
9110
9111
9112
9112
9113
9114
9114
9115
9116
9115
9116
9117
9113
9114
9115
9111
9112
9113
9112
9113
9114
9113
9114
9115
9115
9116
9117
9111
9112
9113
9112
9113
9114
9104
9105
9106
9106
9107
9108
9108
9109
9110
9107
9108
9109
9109
9110
9111
9109
9110
9111
9111
9112
9113
9110
9111
9112
9112
9113
9114
9113
9114
9115
9114
9115
9116
9115
9116
9117
9117
9118
9119
9119
9120
9121
9107
9108
9109
9105
9106
9107
9107
9108
9109
9109
9110
9111
9111
9112
9113
9094
9095
9096
9095
9096
9097
9095
9096
9097
9095
9096
9097
9085
9086
9087
9084
9085
9086
9086
9087
9088
9088
9089
9090
9089
9090
9091
9084
9085
9086
9086
9087
9088
9086
9087
9088
9088
9089
9090
9090
9091
9092
9091
9092
9093
9092
9093
9094
9093
9094
9095
9095
9096
9097
9091
9092
9093
9086
9087
9088
9088
9089
9090
9090
9091
9092
9092
9093
9094
9090
9091
9092
9089
9090
9091
9082
9083
9084
9084
9085
9086
9085
9086
9087
9087
9088
9089
9089
9090
9091
9089
9090
9091
9089
9090
9091
9091
9092
9093
9072
9073
9074
9072
9073
9074
9074
9075
9076
9075
9076
9077
9077
9078
9079
9072
9073
9074
9074
9075
9076
9066
9067
9068
9068
9069
9070
9070
9071
9072
9072
9073
9074
9074
9075
9076
9067
9068
9069
9066
9067
9068
9067
9068
9069
9069
9070
9071
9070
9071
9072
9072
9073
9074
9074
9075
9076
9075
9076
9077
9077
9078
9079
9078
9079
9080
9073
9074
9075
9075
9076
9077
9073
9074
9075
9075
9076
9077
9077
9078
9079
9079
9080
9081
9078
9079
9080
9080
9081
9082
9082
9083
9084
9081
9082
9083
9081
9082
9083
9083
9084
9085
9078
9079
9080
9080
9081
9082
9082
9083
9084
9082
9083
9084
9081
9082
9083
9083
9084
9085
9085
9086
9087
9086
9087
9088
9088
9089
9090
9085
9086
9087
9083
9084
9085
9085
9086
9087
9087
9088
9089
9088
9089
9090
9090
9091
9092
9092
9093
9094
9094
9095
9096
9094
9095
9096
9095
9096
9097
9097
9098
9099
9098
9099
9100
9100
9101
9102
9101
9102
9103
9098
9099
9100
9099
9100
9101
9099
9100
9101
9100
9101
9102
9102
9103
9104
9104
9105
9106
9101
9102
9103
9091
9092
9093
9089
9090
9091
9091
9092
9093
9092
9093
9094
9094
9095
9096
9096
9097
9098
9098
9099
9100
9092
9093
9094
9094
9095
9096
9096
9097
9098
9093
9094
9095
9093
9094
9095
9095
9096
9097
9097
9098
9099
9099
9100
9101
9100
9101
9102
9102
9103
9104
9104
9105
9106
9101
9102
9103
9103
9104
9105
9101
9102
9103
9102
9103
9104
9103
9104
9105
9103
9104
9105
9094
9095
9096
9096
9097
9098
9096
9097
9098
9097
9098
9099
9096
9097
9098
9098
9099
9100
9096
9097
9098
9098
9099
9100
9100
9101
9102
9102
9103
9104
9092
9093
9094
9090
9091
9092
9092
9093
9094
9094
9095
9096
9094
9095
9096
9094
9095
9096
9096
9097
9098
9096
9097
9098
9096
9097
9098
9094
9095
9096
9095
9096
9097
9097
9098
9099
9099
9100
9101
9101
9102
9103
9103
9104
9105
9104
9105
9106
9105
9106
9107
9107
9108
9109
9106
9107
9108
9108
9109
9110
9105
9106
9107
9107
9108
9109
9098
9099
9100
9099
9100
9101
9101
9102
9103
9103
9104
9105
9094
9095
9096
9095
9096
9097
9095
9096
9097
9092
9093
9094
9094
9095
9096
9095
9096
9097
9090
9091
9092
9092
9093
9094
9094
9095
9096
9096
9097
9098
9098
9099
9100
9092
9093
9094
9094
9095
9096
9094
9095
9096
9091
9092
9093
9093
9094
9095
9092
9093
9094
9094
9095
9096
9095
9096
9097
9095
9096
9097
9097
9098
9099
9099
9100
9101
9100
9101
9102
9101
9102
9103
9098
9099
9100
9089
9090
9091
9091
9092
9093
9093
9094
9095
9092
9093
9094
9094
9095
9096
9096
9097
9098
9092
9093
9094
9091
9092
9093
9092
9093
9094
9094
9095
9096
9096
9097
9098
9095
9096
9097
9078
9079
9080
9080
9081
9082
9080
9081
9082
9075
9076
9077
9068
9069
9070
9068
9069
9070
9059
9060
9061
9061
9062
9063
9062
9063
9064
9062
9063
9064
9064
9065
9066
9066
9067
9068
9067
9068
9069
9063
9064
9065
9065
9066
9067
9067
9068
9069
9068
9069
9070
9069
9070
9071
9070
9071
9072
9072
9073
9074
9072
9073
9074
9074
9075
9076
9076
9077
9078
9078
9079
9080
9080
9081
9082
9082
9083
9084
9083
9084
9085
9077
9078
9079
9079
9080
9081
9081
9082
9083
9083
9084
9085
9085
9086
9087
9083
9084
9085
9085
9086
9087
9084
9085
9086
9086
9087
9088
9087
9088
9089
9088
9089
9090
9090
9091
9092
9092
9093
9094
9094
9095
9096
9093
9094
9095
9092
9093
9094
9094
9095
9096
9091
9092
9093
9076
9077
9078
9072
9073
9074
9074
9075
9076
9075
9076
9077
9075
9076
9077
9071
9072
9073
9073
9074
9075
9073
9074
9075
9073
9074
9075
9065
9066
9067
9067
9068
9069
9061
9062
9063
9061
9062
9063
9062
9063
9064
9052
9053
9054
9054
9055
9056
9056
9057
9058
9058
9059
9060
9060
9061
9062
9053
9054
9055
9055
9056
9057
9057
9058
9059
9059
9060
9061
9060
9061
9062
9061
9062
9063
9063
9064
9065
9064
9065
9066
9066
9067
9068
9068
9069
9070
9069
9070
9071
9071
9072
9073
9068
9069
9070
9068
9069
9070
9070
9071
9072
9071
9072
9073
9072
9073
9074
9073
9074
9075
9073
9074
9075
9068
9069
9070
9070
9071
9072
9067
9068
9069
9062
9063
9064
9064
9065
9066
9066
9067
9068
9067
9068
9069
9069
9070
9071
9071
9072
9073
9072
9073
9074
9074
9075
9076
9076
9077
9078
9077
9078
9079
9077
9078
9079
9079
9080
9081
9081
9082
9083
9079
9080
9081
9081
9082
9083
9071
9072
9073
9073
9074
9075
9074
9075
9076
9075
9076
9077
9074
9075
9076
9070
9071
9072
9071
9072
9073
9073
9074
9075
9074
9075
9076
9076
9077
9078
9076
9077
9078
9078
9079
9080
9067
9068
9069
9069
9070
9071
9071
9072
9073
9073
9074
9075
9074
9075
9076
9076
9077
9078
9072
9073
9074
9074
9075
9076
9076
9077
9078
9078
9079
9080
9080
9081
9082
9081
9082
9083
9082
9083
9084
9076
9077
9078
9078
9079
9080
9080
9081
9082
9082
9083
9084
9084
9085
9086
9082
9083
9084
9084
9085
9086
9084
9085
9086
9086
9087
9088
9085
9086
9087
9084
9085
9086
9083
9084
9085
9085
9086
9087
9087
9088
9089
9089
9090
9091
9081
9082
9083
9082
9083
9084
9083
9084
9085
9077
9078
9079
9079
9080
9081
9081
9082
9083
9063
9064
9065
9065
9066
9067
9046
9047
9048
9048
9049
9050
9050
9051
9052
9049
9050
9051
9048
9049
9050
9050
9051
9052
9052
9053
9054
9039
9040
9041
9041
9042
9043
9043
9044
9045
9045
9046
9047
9047
9048
9049
9049
9050
9051
9050
9051
9052
9047
9048
9049
9047
9048
9049
9049
9050
9051
9047
9048
9049
9049
9050
9051
9042
9043
9044
9044
9045
9046
9046
9047
9048
9045
9046
9047
9042
9043
9044
9044
9045
9046
9034
9035
9036
9034
9035
9036
9036
9037
9038
9038
9039
9040
9040
9041
9042
9027
9028
9029
9027
9028
9029
9029
9030
9031
9030
9031
9032
9027
9028
9029
9028
9029
9030
9030
9031
9032
9031
9032
9033
9033
9034
9035
9034
9035
9036
9032
9033
9034
9034
9035
9036
9024
9025
9026
9019
9020
9021
9019
9020
9021
9019
9020
9021
9021
9022
9023
9010
9011
9012
9012
9013
9014
9010
9011
9012
9012
9013
9014
9012
9013
9014
9014
9015
9016
9015
9016
9017
9017
9018
9019
9019
9020
9021
9021
9022
9023
9021
9022
9023
9021
9022
9023
9020
9021
9022
9022
9023
9024
9024
9025
9026
9026
9027
9028
9027
9028
9029
9028
9029
9030
9030
9031
9032
9032
9033
9034
9031
9032
9033
9032
9033
9034
9028
9029
9030
9030
9031
9032
9020
9021
9022
9020
9021
9022
9021
9022
9023
9005
9006
9007
9005
9006
9007
9001
9002
9003
9003
9004
9005
9003
9004
9005
8997
8998
8999
8999
9000
9001
8998
8999
9000
9000
9001
9002
9001
9002
9003
9003
9004
9005
9005
9006
9007
8993
8994
8995
8995
8996
8997
8997
8998
8999
8999
9000
9001
9001
9002
9003
9000
9001
9002
9002
9003
9004
9004
9005
9006
8997
8998
8999
8998
8999
9000
8997
8998
8999
8998
8999
9000
8999
9000
9001
9001
9002
9003
9002
9003
9004
9002
9003
9004
8996
8997
8998
8998
8999
9000
8997
8998
8999
8995
8996
8997
8997
8998
8999
8988
8989
8990
8982
8983
8984
8981
8982
8983
8981
8982
8983
8983
8984
8985
8985
8986
8987
8983
8984
8985
8983
8984
8985
8985
8986
8987
8987
8988
8989
8989
8990
8991
8991
8992
8993
8988
8989
8990
8990
8991
8992
8986
8987
8988
8984
8985
8986
8984
8985
8986
8985
8986
8987
8987
8988
8989
8989
8990
8991
8989
8990
8991
8977
8978
8979
8975
8976
8977
8977
8978
8979
8979
8980
8981
8974
8975
8976
8972
8973
8974
8974
8975
8976
8976
8977
8978
8974
8975
8976
8975
8976
8977
8977
8978
8979
8979
8980
8981
8981
8982
8983
8977
8978
8979
8979
8980
8981
8981
8982
8983
8981
8982
8983
8981
8982
8983
8981
8982
8983
8981
8982
8983
8983
8984
8985
8985
8986
8987
8987
8988
8989
8987
8988
8989
8982
8983
8984
8983
8984
8985
8984
8985
8986
8980
8981
8982
8981
8982
8983
8982
8983
8984
8983
8984
8985
8964
8965
8966
8966
8967
8968
8966
8967
8968
8968
8969
8970
8969
8970
8971
8970
8971
8972
8972
8973
8974
8974
8975
8976
8976
8977
8978
8977
8978
8979
8979
8980
8981
8981
8982
8983
8980
8981
8982
8981
8982
8983
8983
8984
8985
8985
8986
8987
8983
8984
8985
8985
8986
8987
8985
8986
8987
8986
8987
8988
8988
8989
8990
8989
8990
8991
8991
8992
8993
8993
8994
8995
8994
8995
8996
8994
8995
8996
8996
8997
8998
8997
8998
8999
8999
9000
9001
9001
9002
9003
9003
9004
9005
9005
9006
9007
9000
9001
9002
9002
9003
9004
9004
9005
9006
9005
9006
9007
9004
9005
9006
9005
9006
9007
9006
9007
9008
9008
9009
9010
9008
9009
9010
9010
9011
9012
9011
9012
9013
9011
9012
9013
9013
9014
9015
9011
9012
9013
9013
9014
9015
9015
9016
9017
9011
9012
9013
9012
9013
9014
9007
9008
9009
9008
9009
9010
9009
9010
9011
9007
9008
9009
9008
9009
9010
9010
9011
9012
9011
9012
9013
9013
9014
9015
9015
9016
9017
9017
9018
9019
9017
9018
9019
9011
9012
9013
9012
9013
9014
9014
9015
9016
9016
9017
9018
9018
9019
9020
9020
9021
9022
9022
9023
9024
9024
9025
9026
9026
9027
9028
9026
9027
9028
9028
9029
9030
9030
9031
9032
9026
9027
9028
9025
9026
9027
9027
9028
9029
9028
9029
9030
9030
9031
9032
9024
9025
9026
9026
9027
9028
9028
9029
9030
9028
9029
9030
9025
9026
9027
9026
9027
9028
9027
9028
9029
9029
9030
9031
9025
9026
9027
9027
9028
9029
9029
9030
9031
9022
9023
9024
9024
9025
9026
9020
9021
9022
9022
9023
9024
9024
9025
9026
9026
9027
9028
9028
9029
9030
9030
9031
9032
9031
9032
9033
9032
9033
9034
9033
9034
9035
9026
9027
9028
9022
9023
9024
9024
9025
9026
9025
9026
9027
9027
9028
9029
9027
9028
9029
9029
9030
9031
9030
9031
9032
9031
9032
9033
9033
9034
9035
9035
9036
9037
9033
9034
9035
9033
9034
9035
9033
9034
9035
9034
9035
9036
9034
9035
9036
9036
9037
9038
9038
9039
9040
9034
9035
9036
9029
9030
9031
9023
9024
9025
9025
9026
9027
9026
9027
9028
9028
9029
9030
9027
9028
9029
9029
9030
9031
9023
9024
9025
9025
9026
9027
9027
9028
9029
9029
9030
9031
9031
9032
9033
9033
9034
9035
9035
9036
9037
9037
9038
9039
9039
9040
9041
9041
9042
9043
9042
9043
9044
9044
9045
9046
9043
9044
9045
9045
9046
9047
9047
9048
9049
9049
9050
9051
9049
9050
9051
9051
9052
9053
9053
9054
9055
9055
9056
9057
9052
9053
9054
9054
9055
9056
9055
9056
9057
9041
9042
9043
9043
9044
9045
9032
9033
9034
9034
9035
9036
9036
9037
9038
9038
9039
9040
9038
9039
9040
9033
9034
9035
9032
9033
9034
9032
9033
9034
9033
9034
9035
9035
9036
9037
9036
9037
9038
9033
9034
9035
9034
9035
9036
9036
9037
9038
9037
9038
9039
9036
9037
9038
9037
9038
9039
9035
9036
9037
9034
9035
9036
9036
9037
9038
9036
9037
9038
9038
9039
9040
9035
9036
9037
9037
9038
9039
9037
9038
9039
9037
9038
9039
9037
9038
9039
9039
9040
9041
9041
9042
9043
9041
9042
9043
9043
9044
9045
9044
9045
9046
9045
9046
9047
9047
9048
9049
9049
9050
9051
9051
9052
9053
9049
9050
9051
9049
9050
9051
9051
9052
9053
9050
9051
9052
9052
9053
9054
9054
9055
9056
9056
9057
9058
9058
9059
9060
9052
9053
9054
9054
9055
9056
9055
9056
9057
9057
9058
9059
9059
9060
9061
9061
9062
9063
9063
9064
9065
9061
9062
9063
9063
9064
9065
9065
9066
9067
9064
9065
9066
9065
9066
9067
9065
9066
9067
9066
9067
9068
9068
9069
9070
9069
9070
9071
9071
9072
9073
9069
9070
9071
9071
9072
9073
9072
9073
9074
9074
9075
9076
9074
9075
9076
9073
9074
9075
9075
9076
9077
9074
9075
9076
9076
9077
9078
9078
9079
9080
9075
9076
9077
9058
9059
9060
9055
9056
9057
9057
9058
9059
9053
9054
9055
9053
9054
9055
9053
9054
9055
9055
9056
9057
9057
9058
9059
9056
9057
9058
9058
9059
9060
9059
9060
9061
9061
9062
9063
9063
9064
9065
9065
9066
9067
9065
9066
9067
9066
9067
9068
9068
9069
9070
9070
9071
9072
9068
9069
9070
9070
9071
9072
9072
9073
9074
9074
9075
9076
9076
9077
9078
9077
9078
9079
9079
9080
9081
9080
9081
9082
9082
9083
9084
9084
9085
9086
9085
9086
9087
9084
9085
9086
9085
9086
9087
9087
9088
9089
9088
9089
9090
9090
9091
9092
9083
9084
9085
9085
9086
9087
9087
9088
9089
9087
9088
9089
9089
9090
9091
9087
9088
9089
9089
9090
9091
9091
9092
9093
9092
9093
9094
9093
9094
9095
9095
9096
9097
9097
9098
9099
9099
9100
9101
9097
9098
9099
9099
9100
9101
9097
9098
9099
9096
9097
9098
9098
9099
9100
9097
9098
9099
9099
9100
9101
9101
9102
9103
9103
9104
9105
9105
9106
9107
9107
9108
9109
9109
9110
9111
9110
9111
9112
9109
9110
9111
9103
9104
9105
9105
9106
9107
9107
9108
9109
9108
9109
9110
9092
9093
9094
9091
9092
9093
9081
9082
9083
9082
9083
9084
9084
9085
9086
9086
9087
9088
9087
9088
9089
9086
9087
9088
9087
9088
9089
9089
9090
9091
9086
9087
9088
9088
9089
9090
9088
9089
9090
9085
9086
9087
9086
9087
9088
9084
9085
9086
9085
9086
9087
9086
9087
9088
9088
9089
9090
9089
9090
9091
9086
9087
9088
9066
9067
9068
9067
9068
9069
9069
9070
9071
9071
9072
9073
9072
9073
9074
9065
9066
9067
9064
9065
9066
9064
9065
9066
9065
9066
9067
9067
9068
9069
9063
9064
9065
9064
9065
9066
9066
9067
9068
9063
9064
9065
9065
9066
9067
9063
9064
9065
9061
9062
9063
9060
9061
9062
9062
9063
9064
9064
9065
9066
9065
9066
9067
9067
9068
9069
9069
9070
9071
9068
9069
9070
9065
9066
9067
9059
9060
9061
9058
9059
9060
9060
9061
9062
9061
9062
9063
9062
9063
9064
9064
9065
9066
9066
9067
9068
9067
9068
9069
9068
9069
9070
9068
9069
9070
9066
9067
9068
9068
9069
9070
9070
9071
9072
9070
9071
9072
9071
9072
9073
9073
9074
9075
9075
9076
9077
9075
9076
9077
9074
9075
9076
9076
9077
9078
9078
9079
9080
9078
9079
9080
9076
9077
9078
9077
9078
9079
9075
9076
9077
9077
9078
9079
9076
9077
9078
9077
9078
9079
9079
9080
9081
9081
9082
9083
9083
9084
9085
9085
9086
9087
9085
9086
9087
9087
9088
9089
9089
9090
9091
9091
9092
9093
9089
9090
9091
9082
9083
9084
9084
9085
9086
9083
9084
9085
9085
9086
9087
9086
9087
9088
9088
9089
9090
9089
9090
9091
9091
9092
9093
9080
9081
9082
9082
9083
9084
9083
9084
9085
9085
9086
9087
9063
9064
9065
9064
9065
9066
9066
9067
9068
9068
9069
9070
9070
9071
9072
9071
9072
9073
9071
9072
9073
9073
9074
9075
9075
9076
9077
9077
9078
9079
9079
9080
9081
9081
9082
9083
9083
9084
9085
9085
9086
9087
9082
9083
9084
9080
9081
9082
9082
9083
9084
9084
9085
9086
9084
9085
9086
9085
9086
9087
9086
9087
9088
9078
9079
9080
9075
9076
9077
9077
9078
9079
9075
9076
9077
9064
9065
9066
9066
9067
9068
9066
9067
9068
9068
9069
9070
9069
9070
9071
9071
9072
9073
9072
9073
9074
9074
9075
9076
9072
9073
9074
9064
9065
9066
9066
9067
9068
9068
9069
9070
9054
9055
9056
9055
9056
9057
9057
9058
9059
9058
9059
9060
9057
9058
9059
9056
9057
9058
9058
9059
9060
9060
9061
9062
9062
9063
9064
9061
9062
9063
9063
9064
9065
9062
9063
9064
9064
9065
9066
9065
9066
9067
9067
9068
9069
9069
9070
9071
9070
9071
9072
9070
9071
9072
9072
9073
9074
9072
9073
9074
9066
9067
9068
9065
9066
9067
9067
9068
9069
9068
9069
9070
9069
9070
9071
9070
9071
9072
9070
9071
9072
9070
9071
9072
9071
9072
9073
9067
9068
9069
9069
9070
9071
9071
9072
9073
9072
9073
9074
9058
9059
9060
9055
9056
9057
9055
9056
9057
9057
9058
9059
9059
9060
9061
9050
9051
9052
9052
9053
9054
9054
9055
9056
9056
9057
9058
9056
9057
9058
9052
9053
9054
9052
9053
9054
9050
9051
9052
9052
9053
9054
9052
9053
9054
9054
9055
9056
9056
9057
9058
9057
9058
9059
9058
9059
9060
9060
9061
9062
9062
9063
9064
9064
9065
9066
9065
9066
9067
9067
9068
9069
9068
9069
9070
9069
9070
9071
9069
9070
9071
9059
9060
9061
9061
9062
9063
9062
9063
9064
9043
9044
9045
9045
9046
9047
9035
9036
9037
9037
9038
9039
9036
9037
9038
9030
9031
9032
9032
9033
9034
9034
9035
9036
9032
9033
9034
9032
9033
9034
9032
9033
9034
9034
9035
9036
9036
9037
9038
9038
9039
9040
9034
9035
9036
9036
9037
9038
9034
9035
9036
9036
9037
9038
9037
9038
9039
9039
9040
9041
9041
9042
9043
9042
9043
9044
9019
9020
9021
9019
9020
9021
9021
9022
9023
9023
9024
9025
9025
9026
9027
9027
9028
9029
9029
9030
9031
9030
9031
9032
9032
9033
9034
9031
9032
9033
9032
9033
9034
9027
9028
9029
9028
9029
9030
9029
9030
9031
9026
9027
9028
9028
9029
9030
9030
9031
9032
9029
9030
9031
9028
9029
9030
9028
9029
9030
9030
9031
9032
9031
9032
9033
9019
9020
9021
9019
9020
9021
9021
9022
9023
9023
9024
9025
9025
9026
9027
9025
9026
9027
9027
9028
9029
9029
9030
9031
9029
9030
9031
9021
9022
9023
9023
9024
9025
9025
9026
9027
9027
9028
9029
9026
9027
9028
9028
9029
9030
9030
9031
9032
9032
9033
9034
9030
9031
9032
9031
9032
9033
9033
9034
9035
9035
9036
9037
9037
9038
9039
9039
9040
9041
9041
9042
9043
9042
9043
9044
9041
9042
9043
9043
9044
9045
9044
9045
9046
9046
9047
9048
9041
9042
9043
9043
9044
9045
9043
9044
9045
9045
9046
9047
9047
9048
9049
9049
9050
9051
9051
9052
9053
9052
9053
9054
9049
9050
9051
9046
9047
9048
9048
9049
9050
9048
9049
9050
9045
9046
9047
9045
9046
9047
9036
9037
9038
9038
9039
9040
9040
9041
9042
9041
9042
9043
9043
9044
9045
9039
9040
9041
9041
9042
9043
9026
9027
9028
9021
9022
9023
9023
9024
9025
9025
9026
9027
9026
9027
9028
9024
9025
9026
9025
9026
9027
9027
9028
9029
9025
9026
9027
9019
9020
9021
9021
9022
9023
9023
9024
9025
9025
9026
9027
9027
9028
9029
9029
9030
9031
9031
9032
9033
9030
9031
9032
9032
9033
9034
9033
9034
9035
9035
9036
9037
9036
9037
9038
9031
9032
9033
9032
9033
9034
9033
9034
9035
9031
9032
9033
9032
9033
9034
9030
9031
9032
9031
9032
9033
9030
9031
9032
9032
9033
9034
9033
9034
9035
9035
9036
9037
9037
9038
9039
9034
9035
9036
9036
9037
9038
9036
9037
9038
9038
9039
9040
9038
9039
9040
9033
9034
9035
9030
9031
9032
9030
9031
9032
9029
9030
9031
9031
9032
9033
9031
9032
9033
9033
9034
9035
9033
9034
9035
9035
9036
9037
9035
9036
9037
9036
9037
9038
9033
9034
9035
9035
9036
9037
9037
9038
9039
9036
9037
9038
9037
9038
9039
9039
9040
9041
9040
9041
9042
9042
9043
9044
9040
9041
9042
9041
9042
9043
9020
9021
9022
9022
9023
9024
9021
9022
9023
9022
9023
9024
9021
9022
9023
9023
9024
9025
9018
9019
9020
9020
9021
9022
9020
9021
9022
9020
9021
9022
9020
9021
9022
9022
9023
9024
9023
9024
9025
9025
9026
9027
9026
9027
9028
9028
9029
9030
9027
9028
9029
9026
9027
9028
9027
9028
9029
9028
9029
9030
9030
9031
9032
9028
9029
9030
9020
9021
9022
9022
9023
9024
9024
9025
9026
9022
9023
9024
9024
9025
9026
9026
9027
9028
9026
9027
9028
9028
9029
9030
9030
9031
9032
9030
9031
9032
9029
9030
9031
9031
9032
9033
9033
9034
9035
9035
9036
9037
9029
9030
9031
9030
9031
9032
9031
9032
9033
9025
9026
9027
9027
9028
9029
9029
9030
9031
9030
9031
9032
9025
9026
9027
9027
9028
9029
9028
9029
9030
9030
9031
9032
9032
9033
9034
9033
9034
9035
9034
9035
9036
9036
9037
9038
9035
9036
9037
9037
9038
9039
9038
9039
9040
9040
9041
9042
9039
9040
9041
9038
9039
9040
9039
9040
9041
9041
9042
9043
9043
9044
9045
9040
9041
9042
9041
9042
9043
9034
9035
9036
9035
9036
9037
9020
9021
9022
9021
9022
9023
9018
9019
9020
9020
9021
9022
9020
9021
9022
9022
9023
9024
9024
9025
9026
9025
9026
9027
9017
9018
9019
9016
9017
9018
9011
9012
9013
9011
9012
9013
9012
9013
9014
9014
9015
9016
9006
9007
9008
9006
9007
9008
9008
9009
9010
8996
8997
8998
8998
8999
9000
8999
9000
9001
9001
9002
9003
9003
9004
9005
9004
9005
9006
9006
9007
9008
9007
9008
9009
9006
9007
9008
9008
9009
9010
9003
9004
9005
8998
8999
9000
8996
8997
8998
8998
8999
9000
9000
9001
9002
9001
9002
9003
9003
9004
9005
9004
9005
9006
8999
9000
9001
9001
9002
9003
9001
9002
9003
8992
8993
8994
8994
8995
8996
8996
8997
8998
8997
8998
8999
8996
8997
8998
8997
8998
8999
8999
9000
9001
9001
9002
9003
9003
9004
9005
8984
8985
8986
8986
8987
8988
8988
8989
8990
8990
8991
8992
8991
8992
8993
8988
8989
8990
8990
8991
8992
8989
8990
8991
8990
8991
8992
8991
8992
8993
8993
8994
8995
8994
8995
8996
8996
8997
8998
8998
8999
9000
8998
8999
9000
8999
9000
9001
9001
9002
9003
8985
8986
8987
8987
8988
8989
8985
8986
8987
8987
8988
8989
8987
8988
8989
8988
8989
8990
8979
8980
8981
8981
8982
8983
8983
8984
8985
8985
8986
8987
8979
8980
8981
8981
8982
8983
8983
8984
8985
8979
8980
8981
8981
8982
8983
8983
8984
8985
8983
8984
8985
8985
8986
8987
8987
8988
8989
8989
8990
8991
8991
8992
8993
8993
8994
8995
8991
8992
8993
8992
8993
8994
8994
8995
8996
8990
8991
8992
8991
8992
8993
8993
8994
8995
8993
8994
8995
8995
8996
8997
8997
8998
8999
8997
8998
8999
8998
8999
9000
8993
8994
8995
8995
8996
8997
8997
8998
8999
8999
9000
9001
9001
9002
9003
9003
9004
9005
9005
9006
9007
9007
9008
9009
9009
9010
9011
9009
9010
9011
9007
9008
9009
9009
9010
9011
9008
9009
9010
9010
9011
9012
9012
9013
9014
9013
9014
9015
9015
9016
9017
9017
9018
9019
9018
9019
9020
9020
9021
9022
9022
9023
9024
9023
9024
9025
9025
9026
9027
9022
9023
9024
9024
9025
9026
9026
9027
9028
9028
9029
9030
9023
9024
9025
9024
9025
9026
9026
9027
9028
9028
9029
9030
9015
9016
9017
9016
9017
9018
9018
9019
9020
9012
9013
9014
9014
9015
9016
9009
9010
9011
9011
9012
9013
9012
9013
9014
9014
9015
9016
9012
9013
9014
9006
9007
9008
8998
8999
9000
9000
9001
9002
9001
9002
9003
9000
9001
9002
9000
9001
9002
8992
8993
8994
8994
8995
8996
8996
8997
8998
8996
8997
8998
8997
8998
8999
8999
9000
9001
8996
8997
8998
8996
8997
8998
8996
8997
8998
8998
8999
9000
9000
9001
9002
9002
9003
9004
8982
8983
8984
8984
8985
8986
8984
8985
8986
8980
8981
8982
8981
8982
8983
8983
8984
8985
8984
8985
8986
8986
8987
8988
8986
8987
8988
8987
8988
8989
8988
8989
8990
8989
8990
8991
8986
8987
8988
8988
8989
8990
8990
8991
8992
8978
8979
8980
8973
8974
8975
8974
8975
8976
8971
8972
8973
8971
8972
8973
8973
8974
8975
8970
8971
8972
8972
8973
8974
8974
8975
8976
8975
8976
8977
8969
8970
8971
8970
8971
8972
8972
8973
8974
8974
8975
8976
8976
8977
8978
8978
8979
8980
8979
8980
8981
8981
8982
8983
8983
8984
8985
8981
8982
8983
8979
8980
8981
8981
8982
8983
8983
8984
8985
8985
8986
8987
8987
8988
8989
8989
8990
8991
8990
8991
8992
8991
8992
8993
8985
8986
8987
8985
8986
8987
8975
8976
8977
8974
8975
8976
8976
8977
8978
8978
8979
8980
8977
8978
8979
8975
8976
8977
8977
8978
8979
8973
8974
8975
8954
8955
8956
8954
8955
8956
8956
8957
8958
8958
8959
8960
8960
8961
8962
8960
8961
8962
8962
8963
8964
8959
8960
8961
8961
8962
8963
8963
8964
8965
8964
8965
8966
8960
8961
8962
8962
8963
8964
8954
8955
8956
8955
8956
8957
8952
8953
8954
8954
8955
8956
8955
8956
8957
8953
8954
8955
8948
8949
8950
8946
8947
8948
8948
8949
8950
8950
8951
8952
8949
8950
8951
8949
8950
8951
8944
8945
8946
8946
8947
8948
8948
8949
8950
8949
8950
8951
8951
8952
8953
8952
8953
8954
8954
8955
8956
8956
8957
8958
8958
8959
8960
8956
8957
8958
8958
8959
8960
8960
8961
8962
8961
8962
8963
8957
8958
8959
8958
8959
8960
8960
8961
8962
8962
8963
8964
8949
8950
8951
8945
8946
8947
8947
8948
8949
8949
8950
8951
8951
8952
8953
8953
8954
8955
8954
8955
8956
8956
8957
8958
8957
8958
8959
8946
8947
8948
8947
8948
8949
8949
8950
8951
8951
8952
8953
8952
8953
8954
8953
8954
8955
8955
8956
8957
8949
8950
8951
8951
8952
8953
8953
8954
8955
8954
8955
8956
8956
8957
8958
8958
8959
8960
8960
8961
8962
8960
8961
8962
8961
8962
8963
8963
8964
8965
8962
8963
8964
8963
8964
8965
8962
8963
8964
8964
8965
8966
8965
8966
8967
8966
8967
8968
8962
8963
8964
8944
8945
8946
8946
8947
8948
8948
8949
8950
8944
8945
8946
8942
8943
8944
8944
8945
8946
8945
8946
8947
8944
8945
8946
8946
8947
8948
8939
8940
8941
8941
8942
8943
8943
8944
8945
8944
8945
8946
8945
8946
8947
8947
8948
8949
8948
8949
8950
8946
8947
8948
8948
8949
8950
8950
8951
8952
8946
8947
8948
8948
8949
8950
8950
8951
8952
8952
8953
8954
8954
8955
8956
8956
8957
8958
8958
8959
8960
8952
8953
8954
8954
8955
8956
8955
8956
8957
8955
8956
8957
8950
8951
8952
8950
8951
8952
8947
8948
8949
8949
8950
8951
8944
8945
8946
8946
8947
8948
8945
8946
8947
8945
8946
8947
8941
8942
8943
8942
8943
8944
8934
8935
8936
8933
8934
8935
8934
8935
8936
8936
8937
8938
8936
8937
8938
8937
8938
8939
8935
8936
8937
8937
8938
8939
8938
8939
8940
8937
8938
8939
8939
8940
8941
8939
8940
8941
8941
8942
8943
8943
8944
8945
8945
8946
8947
8945
8946
8947
8936
8937
8938
8937
8938
8939
8939
8940
8941
8938
8939
8940
8939
8940
8941
8941
8942
8943
8941
8942
8943
8943
8944
8945
8945
8946
8947
8947
8948
8949
8949
8950
8951
8950
8951
8952
8952
8953
8954
8954
8955
8956
8955
8956
8957
8954
8955
8956
8956
8957
8958
8952
8953
8954
8952
8953
8954
8952
8953
8954
8953
8954
8955
8949
8950
8951
8951
8952
8953
8930
8931
8932
8931
8932
8933
8930
8931
8932
8932
8933
8934
8934
8935
8936
8936
8937
8938
8937
8938
8939
8939
8940
8941
8941
8942
8943
8939
8940
8941
8937
8938
8939
8939
8940
8941
8939
8940
8941
8939
8940
8941
8940
8941
8942
8931
8932
8933
8929
8930
8931
8931
8932
8933
8933
8934
8935
8931
8932
8933
8932
8933
8934
8934
8935
8936
8933
8934
8935
8934
8935
8936
8935
8936
8937
8937
8938
8939
8939
8940
8941
8941
8942
8943
8941
8942
8943
8941
8942
8943
8941
8942
8943
8943
8944
8945
8943
8944
8945
8937
8938
8939
8938
8939
8940
8940
8941
8942
8942
8943
8944
8944
8945
8946
8942
8943
8944
8944
8945
8946
8946
8947
8948
8947
8948
8949
8947
8948
8949
8948
8949
8950
8950
8951
8952
8952
8953
8954
8954
8955
8956
8956
8957
8958
8957
8958
8959
8939
8940
8941
8941
8942
8943
8943
8944
8945
8945
8946
8947
8947
8948
8949
8949
8950
8951
8951
8952
8953
8952
8953
8954
8952
8953
8954
8954
8955
8956
8956
8957
8958
8958
8959
8960
8959
8960
8961
8961
8962
8963
8963
8964
8965
8963
8964
8965
8965
8966
8967
8964
8965
8966
8966
8967
8968
8963
8964
8965
8961
8962
8963
8960
8961
8962
8958
8959
8960
8958
8959
8960
8960
8961
8962
8961
8962
8963
8962
8963
8964
8963
8964
8965
8965
8966
8967
8967
8968
8969
8967
8968
8969
8969
8970
8971
8971
8972
8973
8972
8973
8974
8974
8975
8976
8965
8966
8967
8965
8966
8967
8967
8968
8969
8968
8969
8970
8970
8971
8972
8972
8973
8974
8974
8975
8976
8971
8972
8973
8973
8974
8975
8968
8969
8970
8967
8968
8969
8969
8970
8971
8970
8971
8972
8972
8973
8974
8974
8975
8976
8976
8977
8978
8978
8979
8980
8980
8981
8982
8969
8970
8971
8970
8971
8972
8972
8973
8974
8973
8974
8975
8975
8976
8977
8977
8978
8979
8977
8978
8979
8979
8980
8981
8981
8982
8983
8981
8982
8983
8977
8978
8979
8968
8969
8970
8970
8971
8972
8970
8971
8972
8971
8972
8973
8972
8973
8974
8973
8974
8975
8975
8976
8977
8976
8977
8978
8970
8971
8972
8968
8969
8970
8966
8967
8968
8968
8969
8970
8968
8969
8970
8970
8971
8972
8967
8968
8969
8969
8970
8971
8958
8959
8960
8958
8959
8960
8960
8961
8962
8957
8958
8959
8959
8960
8961
8961
8962
8963
8957
8958
8959
8949
8950
8951
8950
8951
8952
8949
8950
8951
8951
8952
8953
8949
8950
8951
8951
8952
8953
8953
8954
8955
8945
8946
8947
8947
8948
8949
8947
8948
8949
8947
8948
8949
8949
8950
8951
8948
8949
8950
8950
8951
8952
8952
8953
8954
8953
8954
8955
8955
8956
8957
8957
8958
8959
8959
8960
8961
8960
8961
8962
8956
8957
8958
8956
8957
8958
8958
8959
8960
8960
8961
8962
8962
8963
8964
8964
8965
8966
8962
8963
8964
8964
8965
8966
8962
8963
8964
8964
8965
8966
8959
8960
8961
8961
8962
8963
8963
8964
8965
8963
8964
8965
8965
8966
8967
8967
8968
8969
8966
8967
8968
8968
8969
8970
8969
8970
8971
8958
8959
8960
8955
8956
8957
8957
8958
8959
8959
8960
8961
8959
8960
8961
8958
8959
8960
8958
8959
8960
8960
8961
8962
8957
8958
8959
8958
8959
8960
8959
8960
8961
8960
8961
8962
8959
8960
8961
8957
8958
8959
8958
8959
8960
8955
8956
8957
8953
8954
8955
8952
8953
8954
8948
8949
8950
8950
8951
8952
8952
8953
8954
8952
8953
8954
8951
8952
8953
8953
8954
8955
8953
8954
8955
8955
8956
8957
8956
8957
8958
8957
8958
8959
8954
8955
8956
8956
8957
8958
8955
8956
8957
8957
8958
8959
8958
8959
8960
8958
8959
8960
8957
8958
8959
8947
8948
8949
8947
8948
8949
8949
8950
8951
8951
8952
8953
8953
8954
8955
8955
8956
8957
8957
8958
8959
8959
8960
8961
8950
8951
8952
8952
8953
8954
8954
8955
8956
8956
8957
8958
8957
8958
8959
8957
8958
8959
8955
8956
8957
8957
8958
8959
8959
8960
8961
8951
8952
8953
8953
8954
8955
8953
8954
8955
8951
8952
8953
8952
8953
8954
8946
8947
8948
8940
8941
8942
8942
8943
8944
8942
8943
8944
8943
8944
8945
8933
8934
8935
8935
8936
8937
8935
8936
8937
8937
8938
8939
8939
8940
8941
8941
8942
8943
8943
8944
8945
8945
8946
8947
8947
8948
8949
8944
8945
8946
8941
8942
8943
8941
8942
8943
8943
8944
8945
8943
8944
8945
8942
8943
8944
8944
8945
8946
8939
8940
8941
8940
8941
8942
8942
8943
8944
8936
8937
8938
8938
8939
8940
8936
8937
8938
8928
8929
8930
8930
8931
8932
8932
8933
8934
8930
8931
8932
8929
8930
8931
8931
8932
8933
8930
8931
8932
8932
8933
8934
8934
8935
8936
8931
8932
8933
8933
8934
8935
8935
8936
8937
8936
8937
8938
8938
8939
8940
8938
8939
8940
8935
8936
8937
8932
8933
8934
8929
8930
8931
8931
8932
8933
8933
8934
8935
8930
8931
8932
8927
8928
8929
8927
8928
8929
8929
8930
8931
8927
8928
8929
8929
8930
8931
8924
8925
8926
8926
8927
8928
8928
8929
8930
8929
8930
8931
8931
8932
8933
8932
8933
8934
8933
8934
8935
8934
8935
8936
8931
8932
8933
8926
8927
8928
8924
8925
8926
8926
8927
8928
8928
8929
8930
8930
8931
8932
8932
8933
8934
8933
8934
8935
8935
8936
8937
8936
8937
8938
8935
8936
8937
8937
8938
8939
8938
8939
8940
8940
8941
8942
8940
8941
8942
8938
8939
8940
8940
8941
8942
8935
8936
8937
8937
8938
8939
8939
8940
8941
8938
8939
8940
8940
8941
8942
8942
8943
8944
8943
8944
8945
8945
8946
8947
8947
8948
8949
8949
8950
8951
8949
8950
8951
8951
8952
8953
8951
8952
8953
8949
8950
8951
8950
8951
8952
8943
8944
8945
8945
8946
8947
8947
8948
8949
8949
8950
8951
8951
8952
8953
8949
8950
8951
8949
8950
8951
8949
8950
8951
8951
8952
8953
8953
8954
8955
8953
8954
8955
8955
8956
8957
8957
8958
8959
8959
8960
8961
8960
8961
8962
8959
8960
8961
8960
8961
8962
8962
8963
8964
8963
8964
8965
8964
8965
8966
8950
8951
8952
8950
8951
8952
8952
8953
8954
8953
8954
8955
8955
8956
8957
8951
8952
8953
8950
8951
8952
8947
8948
8949
8947
8948
8949
8944
8945
8946
8943
8944
8945
8941
8942
8943
8943
8944
8945
8944
8945
8946
8944
8945
8946
8938
8939
8940
8939
8940
8941
8941
8942
8943
8940
8941
8942
8942
8943
8944
8941
8942
8943
8935
8936
8937
8935
8936
8937
8937
8938
8939
8935
8936
8937
8937
8938
8939
8938
8939
8940
8925
8926
8927
8918
8919
8920
8920
8921
8922
8922
8923
8924
8924
8925
8926
8925
8926
8927
8923
8924
8925
8922
8923
8924
8923
8924
8925
8925
8926
8927
8927
8928
8929
8929
8930
8931
8931
8932
8933
8933
8934
8935
8934
8935
8936
8929
8930
8931
8929
8930
8931
8929
8930
8931
8931
8932
8933
8931
8932
8933
8933
8934
8935
8935
8936
8937
8937
8938
8939
8939
8940
8941
8940
8941
8942
8937
8938
8939
8939
8940
8941
8940
8941
8942
8942
8943
8944
8944
8945
8946
8945
8946
8947
8947
8948
8949
8945
8946
8947
8946
8947
8948
8945
8946
8947
8947
8948
8949
8949
8950
8951
8950
8951
8952
8951
8952
8953
8953
8954
8955
8955
8956
8957
8957
8958
8959
8956
8957
8958
8954
8955
8956
8952
8953
8954
8954
8955
8956
8953
8954
8955
8952
8953
8954
8954
8955
8956
8951
8952
8953
8953
8954
8955
8955
8956
8957
8957
8958
8959
8958
8959
8960
8960
8961
8962
8962
8963
8964
8964
8965
8966
8963
8964
8965
8965
8966
8967
8966
8967
8968
8965
8966
8967
8966
8967
8968
8968
8969
8970
8970
8971
8972
8972
8973
8974
8973
8974
8975
8973
8974
8975
8974
8975
8976
8974
8975
8976
8976
8977
8978
8978
8979
8980
8980
8981
8982
8982
8983
8984
8984
8985
8986
8985
8986
8987
8986
8987
8988
8988
8989
8990
8980
8981
8982
8981
8982
8983
8981
8982
8983
8976
8977
8978
8978
8979
8980
8980
8981
8982
8982
8983
8984
8979
8980
8981
8981
8982
8983
8982
8983
8984
8984
8985
8986
8982
8983
8984
8984
8985
8986
8986
8987
8988
8987
8988
8989
8989
8990
8991
8991
8992
8993
8987
8988
8989
8987
8988
8989
8989
8990
8991
8990
8991
8992
8992
8993
8994
8994
8995
8996
8996
8997
8998
8998
8999
9000
8999
9000
9001
9001
9002
9003
9002
9003
9004
9003
9004
9005
9003
9004
9005
9005
9006
9007
9005
9006
9007
9003
9004
9005
9003
9004
9005
9005
9006
9007
9007
9008
9009
9009
9010
9011
9010
9011
9012
9012
9013
9014
9011
9012
9013
9010
9011
9012
9012
9013
9014
9011
9012
9013
9011
9012
9013
9012
9013
9014
9013
9014
9015
9015
9016
9017
9017
9018
9019
9019
9020
9021
9021
9022
9023
9023
9024
9025
9025
9026
9027
9027
9028
9029
9029
9030
9031
9028
9029
9030
9029
9030
9031
9023
9024
9025
9022
9023
9024
9024
9025
9026
9025
9026
9027
9027
9028
9029
9029
9030
9031
9031
9032
9033
9033
9034
9035
9033
9034
9035
9034
9035
9036
9036
9037
9038
9036
9037
9038
9035
9036
9037
9036
9037
9038
9037
9038
9039
9039
9040
9041
9041
9042
9043
9042
9043
9044
9043
9044
9045
9041
9042
9043
9043
9044
9045
9033
9034
9035
9032
9033
9034
9032
9033
9034
9030
9031
9032
9029
9030
9031
9029
9030
9031
9031
9032
9033
9033
9034
9035
9035
9036
9037
9036
9037
9038
9038
9039
9040
9039
9040
9041
9038
9039
9040
9040
9041
9042
9039
9040
9041
9040
9041
9042
9040
9041
9042
9026
9027
9028
9027
9028
9029
9026
9027
9028
9028
9029
9030
9030
9031
9032
9025
9026
9027
9014
9015
9016
9008
9009
9010
9010
9011
9012
9010
9011
9012
8989
8990
8991
8991
8992
8993
8989
8990
8991
8991
8992
8993
8993
8994
8995
8995
8996
8997
8995
8996
8997
8995
8996
8997
8997
8998
8999
8999
9000
9001
9001
9002
9003
9003
9004
9005
9003
9004
9005
8990
8991
8992
8986
8987
8988
8969
8970
8971
8971
8972
8973
8973
8974
8975
8969
8970
8971
8970
8971
8972
8969
8970
8971
8964
8965
8966
8966
8967
8968
8968
8969
8970
8968
8969
8970
8970
8971
8972
8971
8972
8973
8973
8974
8975
8972
8973
8974
8974
8975
8976
8973
8974
8975
8974
8975
8976
8976
8977
8978
8966
8967
8968
8966
8967
8968
8966
8967
8968
8967
8968
8969
8968
8969
8970
8964
8965
8966
8960
8961
8962
8960
8961
8962
8962
8963
8964
8964
8965
8966
8966
8967
8968
8968
8969
8970
8970
8971
8972
8972
8973
8974
8974
8975
8976
8976
8977
8978
8967
8968
8969
8960
8961
8962
8955
8956
8957
8956
8957
8958
8955
8956
8957
8955
8956
8957
8956
8957
8958
8958
8959
8960
8956
8957
8958
8952
8953
8954
8953
8954
8955
8945
8946
8947
8946
8947
8948
8948
8949
8950
8949
8950
8951
8951
8952
8953
8952
8953
8954
8954
8955
8956
8956
8957
8958
8958
8959
8960
8960
8961
8962
8962
8963
8964
8962
8963
8964
8964
8965
8966
8965
8966
8967
8963
8964
8965
8965
8966
8967
8966
8967
8968
8968
8969
8970
8970
8971
8972
8960
8961
8962
8962
8963
8964
8964
8965
8966
8965
8966
8967
8967
8968
8969
8968
8969
8970
8968
8969
8970
8953
8954
8955
8955
8956
8957
8953
8954
8955
8954
8955
8956
8956
8957
8958
8957
8958
8959
8959
8960
8961
8960
8961
8962
8960
8961
8962
8962
8963
8964
8964
8965
8966
8952
8953
8954
8954
8955
8956
8950
8951
8952
8952
8953
8954
8952
8953
8954
8954
8955
8956
8953
8954
8955
8952
8953
8954
8952
8953
8954
8954
8955
8956
8954
8955
8956
8953
8954
8955
8953
8954
8955
8955
8956
8957
8955
8956
8957
8955
8956
8957
8957
8958
8959
8959
8960
8961
8956
8957
8958
8958
8959
8960
8958
8959
8960
8960
8961
8962
8960
8961
8962
8962
8963
8964
8961
8962
8963
8963
8964
8965
8965
8966
8967
8967
8968
8969
8967
8968
8969
8957
8958
8959
8956
8957
8958
8958
8959
8960
8957
8958
8959
8941
8942
8943
8940
8941
8942
8940
8941
8942
8937
8938
8939
8938
8939
8940
8939
8940
8941
8939
8940
8941
8941
8942
8943
8943
8944
8945
8945
8946
8947
8947
8948
8949
8949
8950
8951
8951
8952
8953
8953
8954
8955
8955
8956
8957
8956
8957
8958
8955
8956
8957
8955
8956
8957
8953
8954
8955
8955
8956
8957
8955
8956
8957
8952
8953
8954
8951
8952
8953
8953
8954
8955
8942
8943
8944
8944
8945
8946
8946
8947
8948
8941
8942
8943
8943
8944
8945
8944
8945
8946
8946
8947
8948
8946
8947
8948
8947
8948
8949
8948
8949
8950
8950
8951
8952
8942
8943
8944
8943
8944
8945
8936
8937
8938
8938
8939
8940
8940
8941
8942
8942
8943
8944
8932
8933
8934
8933
8934
8935
8935
8936
8937
8937
8938
8939
8938
8939
8940
8940
8941
8942
8941
8942
8943
8943
8944
8945
8945
8946
8947
8947
8948
8949
8949
8950
8951
8951
8952
8953
8953
8954
8955
8954
8955
8956
8956
8957
8958
8958
8959
8960
8942
8943
8944
8936
8937
8938
8938
8939
8940
8935
8936
8937
8937
8938
8939
8939
8940
8941
8940
8941
8942
8940
8941
8942
8942
8943
8944
8944
8945
8946
8946
8947
8948
8943
8944
8945
8944
8945
8946
8946
8947
8948
8940
8941
8942
8942
8943
8944
8944
8945
8946
8946
8947
8948
8945
8946
8947
8946
8947
8948
8946
8947
8948
8948
8949
8950
8950
8951
8952
8952
8953
8954
8952
8953
8954
8949
8950
8951
8950
8951
8952
8951
8952
8953
8953
8954
8955
8955
8956
8957
8957
8958
8959
8957
8958
8959
8955
8956
8957
8957
8958
8959
8959
8960
8961
8961
8962
8963
8963
8964
8965
8965
8966
8967
8966
8967
8968
8968
8969
8970
8965
8966
8967
8965
8966
8967
8967
8968
8969
8968
8969
8970
8965
8966
8967
8965
8966
8967
8961
8962
8963
8958
8959
8960
8957
8958
8959
8958
8959
8960
8958
8959
8960
8960
8961
8962
8961
8962
8963
8962
8963
8964
8957
8958
8959
8959
8960
8961
8961
8962
8963
8962
8963
8964
8964
8965
8966
8965
8966
8967
8965
8966
8967
8967
8968
8969
8969
8970
8971
8970
8971
8972
8971
8972
8973
8972
8973
8974
8974
8975
8976
8967
8968
8969
8964
8965
8966
8965
8966
8967
8967
8968
8969
8969
8970
8971
8964
8965
8966
8966
8967
8968
8959
8960
8961
8961
8962
8963
8961
8962
8963
8963
8964
8965
8965
8966
8967
8967
8968
8969
8964
8965
8966
8965
8966
8967
8955
8956
8957
8954
8955
8956
8956
8957
8958
8953
8954
8955
8953
8954
8955
8954
8955
8956
8955
8956
8957
8954
8955
8956
8955
8956
8957
8955
8956
8957
8957
8958
8959
8959
8960
8961
8957
8958
8959
8939
8940
8941
8939
8940
8941
8941
8942
8943
8942
8943
8944
8944
8945
8946
8946
8947
8948
8948
8949
8950
8944
8945
8946
8938
8939
8940
8940
8941
8942
8942
8943
8944
8944
8945
8946
8935
8936
8937
8937
8938
8939
8931
8932
8933
8931
8932
8933
8928
8929
8930
8930
8931
8932
8932
8933
8934
8929
8930
8931
8929
8930
8931
8931
8932
8933
8933
8934
8935
8934
8935
8936
8933
8934
8935
8935
8936
8937
8935
8936
8937
8937
8938
8939
8939
8940
8941
8940
8941
8942
8942
8943
8944
8944
8945
8946
8945
8946
8947
8947
8948
8949
8949
8950
8951
8941
8942
8943
8937
8938
8939
8937
8938
8939
8936
8937
8938
8931
8932
8933
8933
8934
8935
8935
8936
8937
8936
8937
8938
8937
8938
8939
8939
8940
8941
8941
8942
8943
8943
8944
8945
8943
8944
8945
8944
8945
8946
8930
8931
8932
8932
8933
8934
8934
8935
8936
8935
8936
8937
8928
8929
8930
8925
8926
8927
8925
8926
8927
8927
8928
8929
8926
8927
8928
8926
8927
8928
8928
8929
8930
8925
8926
8927
8927
8928
8929
8929
8930
8931
8931
8932
8933
8931
8932
8933
8932
8933
8934
8934
8935
8936
8936
8937
8938
8938
8939
8940
8936
8937
8938
8932
8933
8934
8934
8935
8936
8936
8937
8938
8938
8939
8940
8939
8940
8941
8941
8942
8943
8943
8944
8945
8944
8945
8946
8946
8947
8948
8946
8947
8948
8934
8935
8936
8936
8937
8938
8938
8939
8940
8940
8941
8942
8937
8938
8939
8938
8939
8940
8938
8939
8940
8932
8933
8934
8934
8935
8936
8936
8937
8938
8938
8939
8940
8940
8941
8942
8941
8942
8943
8943
8944
8945
8945
8946
8947
8947
8948
8949
8949
8950
8951
8951
8952
8953
8953
8954
8955
8955
8956
8957
8957
8958
8959
8959
8960
8961
8957
8958
8959
8958
8959
8960
8960
8961
8962
8962
8963
8964
8956
8957
8958
8956
8957
8958
8958
8959
8960
8955
8956
8957
8954
8955
8956
8954
8955
8956
8951
8952
8953
8953
8954
8955
8954
8955
8956
8956
8957
8958
8958
8959
8960
8957
8958
8959
8959
8960
8961
8955
8956
8957
8957
8958
8959
8952
8953
8954
8954
8955
8956
8954
8955
8956
8955
8956
8957
8953
8954
8955
8955
8956
8957
8955
8956
8957
8953
8954
8955
8949
8950
8951
8951
8952
8953
8953
8954
8955
8955
8956
8957
8952
8953
8954
8954
8955
8956
8949
8950
8951
8951
8952
8953
8953
8954
8955
8953
8954
8955
8950
8951
8952
8949
8950
8951
8951
8952
8953
8953
8954
8955
8955
8956
8957
8957
8958
8959
8958
8959
8960
8958
8959
8960
8956
8957
8958
8955
8956
8957
8953
8954
8955
8955
8956
8957
8957
8958
8959
8957
8958
8959
8959
8960
8961
8961
8962
8963
8963
8964
8965
8965
8966
8967
8964
8965
8966
8954
8955
8956
8956
8957
8958
8954
8955
8956
8953
8954
8955
8954
8955
8956
8954
8955
8956
8956
8957
8958
8958
8959
8960
8956
8957
8958
8956
8957
8958
8957
8958
8959
8959
8960
8961
8961
8962
8963
8956
8957
8958
8957
8958
8959
8951
8952
8953
8952
8953
8954
8954
8955
8956
8955
8956
8957
8955
8956
8957
8948
8949
8950
8946
8947
8948
8948
8949
8950
8949
8950
8951
8944
8945
8946
8946
8947
8948
8947
8948
8949
8949
8950
8951
8948
8949
8950
8949
8950
8951
8951
8952
8953
8953
8954
8955
8955
8956
8957
8956
8957
8958
8958
8959
8960
8960
8961
8962
8960
8961
8962
8962
8963
8964
8962
8963
8964
8964
8965
8966
8965
8966
8967
8965
8966
8967
8967
8968
8969
8969
8970
8971
8969
8970
8971
8971
8972
8973
8973
8974
8975
8975
8976
8977
8977
8978
8979
8978
8979
8980
8977
8978
8979
8979
8980
8981
8978
8979
8980
8974
8975
8976
8970
8971
8972
8972
8973
8974
8974
8975
8976
8974
8975
8976
8975
8976
8977
8977
8978
8979
8978
8979
8980
8980
8981
8982
8980
8981
8982
8982
8983
8984
8982
8983
8984
8971
8972
8973
8973
8974
8975
8975
8976
8977
8977
8978
8979
8979
8980
8981
8981
8982
8983
8981
8982
8983
8965
8966
8967
8965
8966
8967
8966
8967
8968
8968
8969
8970
8968
8969
8970
8969
8970
8971
8970
8971
8972
8969
8970
8971
8971
8972
8973
8973
8974
8975
8971
8972
8973
8966
8967
8968
8968
8969
8970
8970
8971
8972
8970
8971
8972
8972
8973
8974
8974
8975
8976
8976
8977
8978
8974
8975
8976
8973
8974
8975
8975
8976
8977
8977
8978
8979
8977
8978
8979
8971
8972
8973
8972
8973
8974
8971
8972
8973
8973
8974
8975
8975
8976
8977
8977
8978
8979
8978
8979
8980
8974
8975
8976
8976
8977
8978
8969
8970
8971
8965
8966
8967
8966
8967
8968
8968
8969
8970
8969
8970
8971
8970
8971
8972
8970
8971
8972
8972
8973
8974
8973
8974
8975
8974
8975
8976
8975
8976
8977
8970
8971
8972
8971
8972
8973
8973
8974
8975
8975
8976
8977
8976
8977
8978
8978
8979
8980
8974
8975
8976
8972
8973
8974
8972
8973
8974
8974
8975
8976
8976
8977
8978
8974
8975
8976
8973
8974
8975
8974
8975
8976
8975
8976
8977
8977
8978
8979
8979
8980
8981
8976
8977
8978
8973
8974
8975
8975
8976
8977
8977
8978
8979
8979
8980
8981
8980
8981
8982
8982
8983
8984
8984
8985
8986
8985
8986
8987
8987
8988
8989
8989
8990
8991
8991
8992
8993
8993
8994
8995
8995
8996
8997
8997
8998
8999
8998
8999
9000
8991
8992
8993
8993
8994
8995
8992
8993
8994
8993
8994
8995
8991
8992
8993
8993
8994
8995
8995
8996
8997
8997
8998
8999
8999
9000
9001
8996
8997
8998
8996
8997
8998
8998
8999
9000
8999
9000
9001
9001
9002
9003
9003
9004
9005
9003
9004
9005
9005
9006
9007
9007
9008
9009
9009
9010
9011
9010
9011
9012
9012
9013
9014
9011
9012
9013
9013
9014
9015
9009
9010
9011
9010
9011
9012
9006
9007
9008
9008
9009
9010
9007
9008
9009
9009
9010
9011
9011
9012
9013
9012
9013
9014
9013
9014
9015
9014
9015
9016
9009
9010
9011
9011
9012
9013
9012
9013
9014
9013
9014
9015
9014
9015
9016
9016
9017
9018
9018
9019
9020
9020
9021
9022
9018
9019
9020
9020
9021
9022
9014
9015
9016
9002
9003
9004
9003
9004
9005
9005
9006
9007
9006
9007
9008
9002
9003
9004
9003
9004
9005
9005
9006
9007
9007
9008
9009
9009
9010
9011
9011
9012
9013
9012
9013
9014
9007
9008
9009
9009
9010
9011
9008
9009
9010
9007
9008
9009
9009
9010
9011
9011
9012
9013
9013
9014
9015
9011
9012
9013
9013
9014
9015
9015
9016
9017
9017
9018
9019
9018
9019
9020
9020
9021
9022
9022
9023
9024
9023
9024
9025
9022
9023
9024
9023
9024
9025
9016
9017
9018
9018
9019
9020
9019
9020
9021
9021
9022
9023
9023
9024
9025
9021
9022
9023
9022
9023
9024
9024
9025
9026
9024
9025
9026
9026
9027
9028
9026
9027
9028
9027
9028
9029
9029
9030
9031
9031
9032
9033
9030
9031
9032
9030
9031
9032
9026
9027
9028
9028
9029
9030
9018
9019
9020
9020
9021
9022
9022
9023
9024
9023
9024
9025
9025
9026
9027
9025
9026
9027
9027
9028
9029
9027
9028
9029
9029
9030
9031
9028
9029
9030
9030
9031
9032
9032
9033
9034
9033
9034
9035
9035
9036
9037
9031
9032
9033
9033
9034
9035
9032
9033
9034
9028
9029
9030
9030
9031
9032
9032
9033
9034
9034
9035
9036
9036
9037
9038
9034
9035
9036
9036
9037
9038
9038
9039
9040
9038
9039
9040
9040
9041
9042
9042
9043
9044
9044
9045
9046
9046
9047
9048
9045
9046
9047
9041
9042
9043
9038
9039
9040
9033
9034
9035
9030
9031
9032
9015
9016
9017
9015
9016
9017
9017
9018
9019
9019
9020
9021
9019
9020
9021
9020
9021
9022
9022
9023
9024
9021
9022
9023
9023
9024
9025
9022
9023
9024
9024
9025
9026
9026
9027
9028
9027
9028
9029
9027
9028
9029
9029
9030
9031
9031
9032
9033
9028
9029
9030
9030
9031
9032
9028
9029
9030
9028
9029
9030
9020
9021
9022
9022
9023
9024
9022
9023
9024
9024
9025
9026
9025
9026
9027
9025
9026
9027
9026
9027
9028
9020
9021
9022
9022
9023
9024
9024
9025
9026
9023
9024
9025
9025
9026
9027
9027
9028
9029
9016
9017
9018
9018
9019
9020
9014
9015
9016
9013
9014
9015
9015
9016
9017
9017
9018
9019
9019
9020
9021
9020
9021
9022
9022
9023
9024
9024
9025
9026
9026
9027
9028
9022
9023
9024
9024
9025
9026
9021
9022
9023
9023
9024
9025
9024
9025
9026
9026
9027
9028
9028
9029
9030
9024
9025
9026
9025
9026
9027
9027
9028
9029
9029
9030
9031
9029
9030
9031
9029
9030
9031
9031
9032
9033
9032
9033
9034
9031
9032
9033
9030
9031
9032
9032
9033
9034
9034
9035
9036
9036
9037
9038
9037
9038
9039
9039
9040
9041
9041
9042
9043
9043
9044
9045
9040
9041
9042
9040
9041
9042
9042
9043
9044
9044
9045
9046
9046
9047
9048
9040
9041
9042
9040
9041
9042
9040
9041
9042
9042
9043
9044
9044
9045
9046
9043
9044
9045
9045
9046
9047
9046
9047
9048
9048
9049
9050
9050
9051
9052
9052
9053
9054
9054
9055
9056
9055
9056
9057
9057
9058
9059
9055
9056
9057
9054
9055
9056
9053
9054
9055
9055
9056
9057
9057
9058
9059
9041
9042
9043
9043
9044
9045
9044
9045
9046
9044
9045
9046
9044
9045
9046
9045
9046
9047
9047
9048
9049
9049
9050
9051
9045
9046
9047
9043
9044
9045
9045
9046
9047
9046
9047
9048
9048
9049
9050
9050
9051
9052
9052
9053
9054
9053
9054
9055
9053
9054
9055
9055
9056
9057
9054
9055
9056
9052
9053
9054
9054
9055
9056
9051
9052
9053
9053
9054
9055
9043
9044
9045
9045
9046
9047
9047
9048
9049
9049
9050
9051
9051
9052
9053
9029
9030
9031
9030
9031
9032
9032
9033
9034
9032
9033
9034
9025
9026
9027
9027
9028
9029
9025
9026
9027
9023
9024
9025
9025
9026
9027
9026
9027
9028
9025
9026
9027
9027
9028
9029
9029
9030
9031
9031
9032
9033
9033
9034
9035
9034
9035
9036
9036
9037
9038
9038
9039
9040
9039
9040
9041
9037
9038
9039
9039
9040
9041
9041
9042
9043
9034
9035
9036
9031
9032
9033
9030
9031
9032
9032
9033
9034
9034
9035
9036
9035
9036
9037
9037
9038
9039
9033
9034
9035
9035
9036
9037
9028
9029
9030
9027
9028
9029
9029
9030
9031
9029
9030
9031
9023
9024
9025
9025
9026
9027
9021
9022
9023
9022
9023
9024
9018
9019
9020
9010
9011
9012
9011
9012
9013
9012
9013
9014
9013
9014
9015
9013
9014
9015
9015
9016
9017
9006
9007
9008
9006
9007
9008
9008
9009
9010
9005
9006
9007
9007
9008
9009
9008
9009
9010
9001
9002
9003
8994
8995
8996
8988
8989
8990
8990
8991
8992
8990
8991
8992
8992
8993
8994
8994
8995
8996
8996
8997
8998
8997
8998
8999
8997
8998
8999
8999
9000
9001
9000
9001
9002
8999
9000
9001
8995
8996
8997
8995
8996
8997
8996
8997
8998
8997
8998
8999
8999
9000
9001
9000
9001
9002
8997
8998
8999
8985
8986
8987
8984
8985
8986
8986
8987
8988
8986
8987
8988
8988
8989
8990
8987
8988
8989
8987
8988
8989
8989
8990
8991
8987
8988
8989
8986
8987
8988
8988
8989
8990
8984
8985
8986
8985
8986
8987
8980
8981
8982
8982
8983
8984
8984
8985
8986
8984
8985
8986
8979
8980
8981
8977
8978
8979
8978
8979
8980
8980
8981
8982
8975
8976
8977
8977
8978
8979
8978
8979
8980
8980
8981
8982
8981
8982
8983
8983
8984
8985
8984
8985
8986
8980
8981
8982
8979
8980
8981
8981
8982
8983
8982
8983
8984
8983
8984
8985
8985
8986
8987
8986
8987
8988
8988
8989
8990
8990
8991
8992
8990
8991
8992
8990
8991
8992
8970
8971
8972
8972
8973
8974
8973
8974
8975
8975
8976
8977
8974
8975
8976
8976
8977
8978
8975
8976
8977
8977
8978
8979
8979
8980
8981
8981
8982
8983
8983
8984
8985
8982
8983
8984
8982
8983
8984
8984
8985
8986
8986
8987
8988
8986
8987
8988
8983
8984
8985
8978
8979
8980
8979
8980
8981
8979
8980
8981
8981
8982
8983
8983
8984
8985
8983
8984
8985
8984
8985
8986
8985
8986
8987
8981
8982
8983
8977
8978
8979
8979
8980
8981
8981
8982
8983
8982
8983
8984
8983
8984
8985
8985
8986
8987
8984
8985
8986
8984
8985
8986
8986
8987
8988
8988
8989
8990
8990
8991
8992
8991
8992
8993
8993
8994
8995
8993
8994
8995
8993
8994
8995
8994
8995
8996
8996
8997
8998
8998
8999
9000
9000
9001
9002
9002
9003
9004
8987
8988
8989
8988
8989
8990
8988
8989
8990
8990
8991
8992
8992
8993
8994
8994
8995
8996
8996
8997
8998
8996
8997
8998
8998
8999
9000
8988
8989
8990
8990
8991
8992
8991
8992
8993
8993
8994
8995
8980
8981
8982
8982
8983
8984
8983
8984
8985
8985
8986
8987
8987
8988
8989
8989
8990
8991
8991
8992
8993
8991
8992
8993
8991
8992
8993
8988
8989
8990
8989
8990
8991
8985
8986
8987
8987
8988
8989
8983
8984
8985
8985
8986
8987
8973
8974
8975
8975
8976
8977
8977
8978
8979
8979
8980
8981
8981
8982
8983
8982
8983
8984
8978
8979
8980
8980
8981
8982
8982
8983
8984
8984
8985
8986
8986
8987
8988
8986
8987
8988
8987
8988
8989
8980
8981
8982
8978
8979
8980
8980
8981
8982
8982
8983
8984
8982
8983
8984
8978
8979
8980
8980
8981
8982
8979
8980
8981
8976
8977
8978
8978
8979
8980
8980
8981
8982
8982
8983
8984
8983
8984
8985
8984
8985
8986
8985
8986
8987
8986
8987
8988
8982
8983
8984
8984
8985
8986
8984
8985
8986
8986
8987
8988
8986
8987
8988
8988
8989
8990
8990
8991
8992
8991
8992
8993
8992
8993
8994
8994
8995
8996
8995
8996
8997
8997
8998
8999
8998
8999
9000
9000
9001
9002
9001
9002
9003
9003
9004
9005
9005
9006
9007
9005
9006
9007
9007
9008
9009
9009
9010
9011
9011
9012
9013
9013
9014
9015
9014
9015
9016
9016
9017
9018
9018
9019
9020
9020
9021
9022
9007
9008
9009
9002
9003
9004
9001
9002
9003
9003
9004
9005
8996
8997
8998
8998
8999
9000
8998
8999
9000
9000
9001
9002
8999
9000
9001
8995
8996
8997
8995
8996
8997
8997
8998
8999
8992
8993
8994
8991
8992
8993
8993
8994
8995
8993
8994
8995
8995
8996
8997
8995
8996
8997
8989
8990
8991
8990
8991
8992
8992
8993
8994
8993
8994
8995
8995
8996
8997
8996
8997
8998
8998
8999
9000
8998
8999
9000
8988
8989
8990
8989
8990
8991
8990
8991
8992
8990
8991
8992
8992
8993
8994
8985
8986
8987
8985
8986
8987
8981
8982
8983
8983
8984
8985
8985
8986
8987
8979
8980
8981
8980
8981
8982
8982
8983
8984
8984
8985
8986
8981
8982
8983
8983
8984
8985
8977
8978
8979
8974
8975
8976
8973
8974
8975
8974
8975
8976
8976
8977
8978
8978
8979
8980
8967
8968
8969
8967
8968
8969
8967
8968
8969
8964
8965
8966
8966
8967
8968
8968
8969
8970
8969
8970
8971
8971
8972
8973
8971
8972
8973
8970
8971
8972
8972
8973
8974
8969
8970
8971
8971
8972
8973
8970
8971
8972
8970
8971
8972
8972
8973
8974
8973
8974
8975
8975
8976
8977
8974
8975
8976
8974
8975
8976
8976
8977
8978
8978
8979
8980
8980
8981
8982
8981
8982
8983
8983
8984
8985
8985
8986
8987
8986
8987
8988
8988
8989
8990
8989
8990
8991
8991
8992
8993
8992
8993
8994
8993
8994
8995
8995
8996
8997
8997
8998
8999
8999
9000
9001
9000
9001
9002
9001
9002
9003
9003
9004
9005
9000
9001
9002
8993
8994
8995
8991
8992
8993
8993
8994
8995
8983
8984
8985
8980
8981
8982
8982
8983
8984
8984
8985
8986
8986
8987
8988
8988
8989
8990
8988
8989
8990
8989
8990
8991
8991
8992
8993
8986
8987
8988
8988
8989
8990
8990
8991
8992
8991
8992
8993
8992
8993
8994
8993
8994
8995
8995
8996
8997
8992
8993
8994
8994
8995
8996
8995
8996
8997
8997
8998
8999
8999
9000
9001
9001
9002
9003
9002
9003
9004
9004
9005
9006
9006
9007
9008
9005
9006
9007
9007
9008
9009
9007
9008
9009
9009
9010
9011
9011
9012
9013
9011
9012
9013
9013
9014
9015
9012
9013
9014
9014
9015
9016
9016
9017
9018
9004
9005
9006
9005
9006
9007
9007
9008
9009
9009
9010
9011
9008
9009
9010
9009
9010
9011
9010
9011
9012
9012
9013
9014
9012
9013
9014
9014
9015
9016
9016
9017
9018
9018
9019
9020
9020
9021
9022
9022
9023
9024
9024
9025
9026
9026
9027
9028
9028
9029
9030
9030
9031
9032
9030
9031
9032
9028
9029
9030
9030
9031
9032
9032
9033
9034
9034
9035
9036
9036
9037
9038
9034
9035
9036
9036
9037
9038
9038
9039
9040
9040
9041
9042
9041
9042
9043
9040
9041
9042
9042
9043
9044
9043
9044
9045
9043
9044
9045
9045
9046
9047
9047
9048
9049
9049
9050
9051
9051
9052
9053
9053
9054
9055
9053
9054
9055
9050
9051
9052
9052
9053
9054
9053
9054
9055
9050
9051
9052
9051
9052
9053
9053
9054
9055
9055
9056
9057
9057
9058
9059
9058
9059
9060
9046
9047
9048
9046
9047
9048
9046
9047
9048
9048
9049
9050
9049
9050
9051
9051
9052
9053
9051
9052
9053
9052
9053
9054
9054
9055
9056
9056
9057
9058
9058
9059
9060
9059
9060
9061
9061
9062
9063
9063
9064
9065
9057
9058
9059
9054
9055
9056
9054
9055
9056
9055
9056
9057
9057
9058
9059
9059
9060
9061
9041
9042
9043
9038
9039
9040
9040
9041
9042
9039
9040
9041
9040
9041
9042
9042
9043
9044
9044
9045
9046
9045
9046
9047
9042
9043
9044
9041
9042
9043
9024
9025
9026
9015
9016
9017
9014
9015
9016
9016
9017
9018
9018
9019
9020
9020
9021
9022
9017
9018
9019
9019
9020
9021
9021
9022
9023
9023
9024
9025
9022
9023
9024
9011
9012
9013
9012
9013
9014
9012
9013
9014
9013
9014
9015
9014
9015
9016
9014
9015
9016
9016
9017
9018
9018
9019
9020
9020
9021
9022
9019
9020
9021
9020
9021
9022
9022
9023
9024
9024
9025
9026
9026
9027
9028
9028
9029
9030
9030
9031
9032
9031
9032
9033
9033
9034
9035
9035
9036
9037
9037
9038
9039
9034
9035
9036
9036
9037
9038
9038
9039
9040
9039
9040
9041
9034
9035
9036
9036
9037
9038
9037
9038
9039
9039
9040
9041
9040
9041
9042
9040
9041
9042
9039
9040
9041
9039
9040
9041
9040
9041
9042
9042
9043
9044
9037
9038
9039
9039
9040
9041
9040
9041
9042
9041
9042
9043
9040
9041
9042
9042
9043
9044
9043
9044
9045
9034
9035
9036
9034
9035
9036
9036
9037
9038
9038
9039
9040
9030
9031
9032
9030
9031
9032
9030
9031
9032
9032
9033
9034
9034
9035
9036
9036
9037
9038
9035
9036
9037
9036
9037
9038
9038
9039
9040
9038
9039
9040
9040
9041
9042
9042
9043
9044
9044
9045
9046
9046
9047
9048
9048
9049
9050
9050
9051
9052
9050
9051
9052
9047
9048
9049
9047
9048
9049
9049
9050
9051
9051
9052
9053
9048
9049
9050
9050
9051
9052
9048
9049
9050
9050
9051
9052
9050
9051
9052
9050
9051
9052
9052
9053
9054
9046
9047
9048
9048
9049
9050
9050
9051
9052
9051
9052
9053
9053
9054
9055
9052
9053
9054
9053
9054
9055
9055
9056
9057
9056
9057
9058
9057
9058
9059
9059
9060
9061
9061
9062
9063
9062
9063
9064
9064
9065
9066
9065
9066
9067
9067
9068
9069
9069
9070
9071
9070
9071
9072
9072
9073
9074
9073
9074
9075
9072
9073
9074
9073
9074
9075
9073
9074
9075
9075
9076
9077
9075
9076
9077
9076
9077
9078
9078
9079
9080
9079
9080
9081
9079
9080
9081
9074
9075
9076
9076
9077
9078
9078
9079
9080
9079
9080
9081
9075
9076
9077
9076
9077
9078
9078
9079
9080
9076
9077
9078
9078
9079
9080
9080
9081
9082
9080
9081
9082
9080
9081
9082
9082
9083
9084
9084
9085
9086
9085
9086
9087
9087
9088
9089
9087
9088
9089
9081
9082
9083
9083
9084
9085
9085
9086
9087
9080
9081
9082
9081
9082
9083
9082
9083
9084
9084
9085
9086
9085
9086
9087
9087
9088
9089
9088
9089
9090
9090
9091
9092
9090
9091
9092
9092
9093
9094
9092
9093
9094
9094
9095
9096
9092
9093
9094
9086
9087
9088
9087
9088
9089
9089
9090
9091
9086
9087
9088
9088
9089
9090
9087
9088
9089
9089
9090
9091
9091
9092
9093
9092
9093
9094
9092
9093
9094
9091
9092
9093
9093
9094
9095
9095
9096
9097
9097
9098
9099
9099
9100
9101
9096
9097
9098
9097
9098
9099
9099
9100
9101
9100
9101
9102
9102
9103
9104
9104
9105
9106
9106
9107
9108
9108
9109
9110
9105
9106
9107
9107
9108
9109
9108
9109
9110
9110
9111
9112
9111
9112
9113
9112
9113
9114
9114
9115
9116
9116
9117
9118
9116
9117
9118
9118
9119
9120
9113
9114
9115
9111
9112
9113
9112
9113
9114
9114
9115
9116
9114
9115
9116
9114
9115
9116
9116
9117
9118
9116
9117
9118
9117
9118
9119
9117
9118
9119
9118
9119
9120
9118
9119
9120
9119
9120
9121
9121
9122
9123
9122
9123
9124
9121
9122
9123
9116
9117
9118
9117
9118
9119
9115
9116
9117
9110
9111
9112
9109
9110
9111
9111
9112
9113
9111
9112
9113
9109
9110
9111
9111
9112
9113
9109
9110
9111
9111
9112
9113
9112
9113
9114
9111
9112
9113
9113
9114
9115
9115
9116
9117
9117
9118
9119
9115
9116
9117
9116
9117
9118
9118
9119
9120
9120
9121
9122
9122
9123
9124
9124
9125
9126
9121
9122
9123
9122
9123
9124
9122
9123
9124
9103
9104
9105
9105
9106
9107
9103
9104
9105
9105
9106
9107
9107
9108
9109
9109
9110
9111
9111
9112
9113
9113
9114
9115
9115
9116
9117
9116
9117
9118
9107
9108
9109
9109
9110
9111
9108
9109
9110
9109
9110
9111
9108
9109
9110
9110
9111
9112
9110
9111
9112
9112
9113
9114
9114
9115
9116
9116
9117
9118
9118
9119
9120
9116
9117
9118
9118
9119
9120
9120
9121
9122
9120
9121
9122
9122
9123
9124
9124
9125
9126
9124
9125
9126
9118
9119
9120
9119
9120
9121
9119
9120
9121
9119
9120
9121
9120
9121
9122
9115
9116
9117
9117
9118
9119
9119
9120
9121
9119
9120
9121
9121
9122
9123
9123
9124
9125
9124
9125
9126
9116
9117
9118
9118
9119
9120
9119
9120
9121
9121
9122
9123
9119
9120
9121
9121
9122
9123
9121
9122
9123
9122
9123
9124
9124
9125
9126
9118
9119
9120
9119
9120
9121
9120
9121
9122
9116
9117
9118
9118
9119
9120
9120
9121
9122
9121
9122
9123
9123
9124
9125
9125
9126
9127
9126
9127
9128
9128
9129
9130
9128
9129
9130
9130
9131
9132
9130
9131
9132
9132
9133
9134
9134
9135
9136
9129
9130
9131
9131
9132
9133
9133
9134
9135
9128
9129
9130
9130
9131
9132
9132
9133
9134
9133
9134
9135
9135
9136
9137
9137
9138
9139
9139
9140
9141
9139
9140
9141
9122
9123
9124
9124
9125
9126
9126
9127
9128
9127
9128
9129
9128
9129
9130
9124
9125
9126
9123
9124
9125
9121
9122
9123
9118
9119
9120
9120
9121
9122
9121
9122
9123
9121
9122
9123
9122
9123
9124
9124
9125
9126
9124
9125
9126
9125
9126
9127
9127
9128
9129
9109
9110
9111
9111
9112
9113
9112
9113
9114
9114
9115
9116
9116
9117
9118
9115
9116
9117
9099
9100
9101
9099
9100
9101
9101
9102
9103
9099
9100
9101
9099
9100
9101
9097
9098
9099
9093
9094
9095
9085
9086
9087
9085
9086
9087
9087
9088
9089
9089
9090
9091
9091
9092
9093
9093
9094
9095
9095
9096
9097
9096
9097
9098
9098
9099
9100
9097
9098
9099
9095
9096
9097
9095
9096
9097
9084
9085
9086
9086
9087
9088
9086
9087
9088
9088
9089
9090
9090
9091
9092
9088
9089
9090
9090
9091
9092
9092
9093
9094
9094
9095
9096
9093
9094
9095
9095
9096
9097
9097
9098
9099
9099
9100
9101
9100
9101
9102
9102
9103
9104
9104
9105
9106
9098
9099
9100
9100
9101
9102
9101
9102
9103
9103
9104
9105
9105
9106
9107
9107
9108
9109
9105
9106
9107
9107
9108
9109
9107
9108
9109
9105
9106
9107
9105
9106
9107
9103
9104
9105
9105
9106
9107
9107
9108
9109
9109
9110
9111
9109
9110
9111
9107
9108
9109
9108
9109
9110
9106
9107
9108
9107
9108
9109
9109
9110
9111
9110
9111
9112
9105
9106
9107
9107
9108
9109
9104
9105
9106
9104
9105
9106
9105
9106
9107
9107
9108
9109
9094
9095
9096
9096
9097
9098
9098
9099
9100
9100
9101
9102
9099
9100
9101
9101
9102
9103
9103
9104
9105
9103
9104
9105
9105
9106
9107
9107
9108
9109
9109
9110
9111
9103
9104
9105
9105
9106
9107
9104
9105
9106
9106
9107
9108
9105
9106
9107
9102
9103
9104
9102
9103
9104
9103
9104
9105
9098
9099
9100
9094
9095
9096
9096
9097
9098
9098
9099
9100
9094
9095
9096
9096
9097
9098
9097
9098
9099
9096
9097
9098
9098
9099
9100
9100
9101
9102
9102
9103
9104
9094
9095
9096
9096
9097
9098
9095
9096
9097
9097
9098
9099
9099
9100
9101
9101
9102
9103
9103
9104
9105
9105
9106
9107
9107
9108
9109
9104
9105
9106
9106
9107
9108
9108
9109
9110
9107
9108
9109
9107
9108
9109
9103
9104
9105
9105
9106
9107
9103
9104
9105
9105
9106
9107
9107
9108
9109
9108
9109
9110
9110
9111
9112
9106
9107
9108
9108
9109
9110
9096
9097
9098
9095
9096
9097
9097
9098
9099
9099
9100
9101
9099
9100
9101
9098
9099
9100
9073
9074
9075
9075
9076
9077
9077
9078
9079
9064
9065
9066
9066
9067
9068
9068
9069
9070
9069
9070
9071
9066
9067
9068
9061
9062
9063
9061
9062
9063
9061
9062
9063
9061
9062
9063
9063
9064
9065
9064
9065
9066
9064
9065
9066
9060
9061
9062
9062
9063
9064
9063
9064
9065
9065
9066
9067
9063
9064
9065
9062
9063
9064
9064
9065
9066
9066
9067
9068
9067
9068
9069
9069
9070
9071
9071
9072
9073
9073
9074
9075
9074
9075
9076
9073
9074
9075
9075
9076
9077
9077
9078
9079
9079
9080
9081
9080
9081
9082
9079
9080
9081
9081
9082
9083
9083
9084
9085
9085
9086
9087
9087
9088
9089
9086
9087
9088
9087
9088
9089
9089
9090
9091
9090
9091
9092
9092
9093
9094
9090
9091
9092
9092
9093
9094
9092
9093
9094
9093
9094
9095
9095
9096
9097
9096
9097
9098
9089
9090
9091
9088
9089
9090
9090
9091
9092
9091
9092
9093
9092
9093
9094
9094
9095
9096
9096
9097
9098
9098
9099
9100
9098
9099
9100
9095
9096
9097
9097
9098
9099
9099
9100
9101
9101
9102
9103
9092
9093
9094
9087
9088
9089
9089
9090
9091
9089
9090
9091
9091
9092
9093
9092
9093
9094
9079
9080
9081
9081
9082
9083
9083
9084
9085
9085
9086
9087
9084
9085
9086
9081
9082
9083
9083
9084
9085
9083
9084
9085
9084
9085
9086
9086
9087
9088
9088
9089
9090
9089
9090
9091
9091
9092
9093
9093
9094
9095
9094
9095
9096
9096
9097
9098
9096
9097
9098
9092
9093
9094
9094
9095
9096
9096
9097
9098
9098
9099
9100
9096
9097
9098
9094
9095
9096
9093
9094
9095
9092
9093
9094
9094
9095
9096
9096
9097
9098
9095
9096
9097
9085
9086
9087
9087
9088
9089
9088
9089
9090
9084
9085
9086
9085
9086
9087
9073
9074
9075
9075
9076
9077
9074
9075
9076
9071
9072
9073
9059
9060
9061
9059
9060
9061
9060
9061
9062
9047
9048
9049
9049
9050
9051
9048
9049
9050
9047
9048
9049
9046
9047
9048
9047
9048
9049
9049
9050
9051
9043
9044
9045
9044
9045
9046
9046
9047
9048
9045
9046
9047
9047
9048
9049
9042
9043
9044
9041
9042
9043
9043
9044
9045
9045
9046
9047
9042
9043
9044
9044
9045
9046
9045
9046
9047
9047
9048
9049
9044
9045
9046
9046
9047
9048
9045
9046
9047
9046
9047
9048
9046
9047
9048
9048
9049
9050
9050
9051
9052
9052
9053
9054
9052
9053
9054
9054
9055
9056
9056
9057
9058
9058
9059
9060
9057
9058
9059
9059
9060
9061
9061
9062
9063
9062
9063
9064
9059
9060
9061
9054
9055
9056
9053
9054
9055
9054
9055
9056
9056
9057
9058
9058
9059
9060
9051
9052
9053
9053
9054
9055
9053
9054
9055
9053
9054
9055
9055
9056
9057
9056
9057
9058
9056
9057
9058
9055
9056
9057
9057
9058
9059
9058
9059
9060
9060
9061
9062
9057
9058
9059
9056
9057
9058
9058
9059
9060
9059
9060
9061
9060
9061
9062
9052
9053
9054
9052
9053
9054
9054
9055
9056
9056
9057
9058
9045
9046
9047
9047
9048
9049
9049
9050
9051
9051
9052
9053
9053
9054
9055
9054
9055
9056
9054
9055
9056
9055
9056
9057
9056
9057
9058
9058
9059
9060
9057
9058
9059
9046
9047
9048
9047
9048
9049
9041
9042
9043
9034
9035
9036
9036
9037
9038
9038
9039
9040
9040
9041
9042
9042
9043
9044
9043
9044
9045
9045
9046
9047
9046
9047
9048
9044
9045
9046
9046
9047
9048
9048
9049
9050
9048
9049
9050
9050
9051
9052
9052
9053
9054
9047
9048
9049
9048
9049
9050
9050
9051
9052
9052
9053
9054
9050
9051
9052
9052
9053
9054
9054
9055
9056
9053
9054
9055
9042
9043
9044
9044
9045
9046
9043
9044
9045
9043
9044
9045
9032
9033
9034
9023
9024
9025
9025
9026
9027
9023
9024
9025
9025
9026
9027
9024
9025
9026
9025
9026
9027
9027
9028
9029
9028
9029
9030
9030
9031
9032
9031
9032
9033
9026
9027
9028
9028
9029
9030
9030
9031
9032
9031
9032
9033
9023
9024
9025
9022
9023
9024
9024
9025
9026
9019
9020
9021
9020
9021
9022
9022
9023
9024
9024
9025
9026
9026
9027
9028
9026
9027
9028
9028
9029
9030
9029
9030
9031
9030
9031
9032
9029
9030
9031
9029
9030
9031
9031
9032
9033
9033
9034
9035
9032
9033
9034
9030
9031
9032
9032
9033
9034
9032
9033
9034
9029
9030
9031
9031
9032
9033
9028
9029
9030
9030
9031
9032
9024
9025
9026
9026
9027
9028
9023
9024
9025
9025
9026
9027
9026
9027
9028
9028
9029
9030
9029
9030
9031
9031
9032
9033
9033
9034
9035
9030
9031
9032
9030
9031
9032
9032
9033
9034
9034
9035
9036
9026
9027
9028
9028
9029
9030
9030
9031
9032
9030
9031
9032
9032
9033
9034
9034
9035
9036
9033
9034
9035
9035
9036
9037
9033
9034
9035
9035
9036
9037
9036
9037
9038
9029
9030
9031
9026
9027
9028
9028
9029
9030
9030
9031
9032
9028
9029
9030
9027
9028
9029
9028
9029
9030
9029
9030
9031
9029
9030
9031
9030
9031
9032
9030
9031
9032
9032
9033
9034
9034
9035
9036
9036
9037
9038
9038
9039
9040
9040
9041
9042
9040
9041
9042
9040
9041
9042
9041
9042
9043
9042
9043
9044
9044
9045
9046
9044
9045
9046
9045
9046
9047
9042
9043
9044
9026
9027
9028
9027
9028
9029
9029
9030
9031
9031
9032
9033
9033
9034
9035
9034
9035
9036
9036
9037
9038
9035
9036
9037
9037
9038
9039
9039
9040
9041
9034
9035
9036
9031
9032
9033
9033
9034
9035
9035
9036
9037
9028
9029
9030
9025
9026
9027
9027
9028
9029
9029
9030
9031
9030
9031
9032
9025
9026
9027
9027
9028
9029
9029
9030
9031
9025
9026
9027
9027
9028
9029
9028
9029
9030
9023
9024
9025
9025
9026
9027
9023
9024
9025
9025
9026
9027
9027
9028
9029
9029
9030
9031
9030
9031
9032
9024
9025
9026
9026
9027
9028
9028
9029
9030
9030
9031
9032
9031
9032
9033
9033
9034
9035
9033
9034
9035
9029
9030
9031
9027
9028
9029
9029
9030
9031
9031
9032
9033
9033
9034
9035
9035
9036
9037
9033
9034
9035
9029
9030
9031
9030
9031
9032
9032
9033
9034
9025
9026
9027
9027
9028
9029
9023
9024
9025
9021
9022
9023
9023
9024
9025
9025
9026
9027
9027
9028
9029
9029
9030
9031
9030
9031
9032
9031
9032
9033
9033
9034
9035
9033
9034
9035
9030
9031
9032
9030
9031
9032
9025
9026
9027
9025
9026
9027
9021
9022
9023
9019
9020
9021
9020
9021
9022
9021
9022
9023
9023
9024
9025
9024
9025
9026
9026
9027
9028
9025
9026
9027
9022
9023
9024
9024
9025
9026
9025
9026
9027
9027
9028
9029
9029
9030
9031
9031
9032
9033
9033
9034
9035
9035
9036
9037
9037
9038
9039
9039
9040
9041
9041
9042
9043
9043
9044
9045
9045
9046
9047
9047
9048
9049
9049
9050
9051
9048
9049
9050
9043
9044
9045
9043
9044
9045
9045
9046
9047
9047
9048
9049
9049
9050
9051
9051
9052
9053
9045
9046
9047
9047
9048
9049
9049
9050
9051
9051
9052
9053
9053
9054
9055
9055
9056
9057
9046
9047
9048
9048
9049
9050
9049
9050
9051
9051
9052
9053
9053
9054
9055
9053
9054
9055
9055
9056
9057
9056
9057
9058
9056
9057
9058
9057
9058
9059
9059
9060
9061
9058
9059
9060
9060
9061
9062
9062
9063
9064
9064
9065
9066
9066
9067
9068
9068
9069
9070
9057
9058
9059
9057
9058
9059
9059
9060
9061
9060
9061
9062
9051
9052
9053
9052
9053
9054
9054
9055
9056
9055
9056
9057
9057
9058
9059
9059
9060
9061
9059
9060
9061
9058
9059
9060
9060
9061
9062
9062
9063
9064
9064
9065
9066
9066
9067
9068
9068
9069
9070
9064
9065
9066
9065
9066
9067
9067
9068
9069
9065
9066
9067
9061
9062
9063
9063
9064
9065
9056
9057
9058
9055
9056
9057
9054
9055
9056
9056
9057
9058
9058
9059
9060
9059
9060
9061
9060
9061
9062
9061
9062
9063
9063
9064
9065
9065
9066
9067
9063
9064
9065
9062
9063
9064
9062
9063
9064
9064
9065
9066
9065
9066
9067
9066
9067
9068
9068
9069
9070
9067
9068
9069
9068
9069
9070
9070
9071
9072
9072
9073
9074
9070
9071
9072
9072
9073
9074
9074
9075
9076
9064
9065
9066
9065
9066
9067
9066
9067
9068
9066
9067
9068
9068
9069
9070
9060
9061
9062
9061
9062
9063
9063
9064
9065
9058
9059
9060
9056
9057
9058
9052
9053
9054
9052
9053
9054
9036
9037
9038
9036
9037
9038
9036
9037
9038
9035
9036
9037
9036
9037
9038
9038
9039
9040
9040
9041
9042
9042
9043
9044
9043
9044
9045
9029
9030
9031
9031
9032
9033
9033
9034
9035
9034
9035
9036
9035
9036
9037
9037
9038
9039
9039
9040
9041
9041
9042
9043
9043
9044
9045
9044
9045
9046
9042
9043
9044
9044
9045
9046
9046
9047
9048
9046
9047
9048
9047
9048
9049
9049
9050
9051
9051
9052
9053
9053
9054
9055
9047
9048
9049
9048
9049
9050
9050
9051
9052
9043
9044
9045
9042
9043
9044
9041
9042
9043
9042
9043
9044
9042
9043
9044
9043
9044
9045
9030
9031
9032
9032
9033
9034
9034
9035
9036
9031
9032
9033
9032
9033
9034
9027
9028
9029
9018
9019
9020
9020
9021
9022
9020
9021
9022
9022
9023
9024
9017
9018
9019
9016
9017
9018
9018
9019
9020
9020
9021
9022
9021
9022
9023
9022
9023
9024
9020
9021
9022
9013
9014
9015
9015
9016
9017
9011
9012
9013
9011
9012
9013
9011
9012
9013
9013
9014
9015
9010
9011
9012
9012
9013
9014
9013
9014
9015
9008
9009
9010
9010
9011
9012
9012
9013
9014
9014
9015
9016
9010
9011
9012
9006
9007
9008
9002
9003
9004
8994
8995
8996
8991
8992
8993
8992
8993
8994
8992
8993
8994
8994
8995
8996
8994
8995
8996
8990
8991
8992
8987
8988
8989
8989
8990
8991
8991
8992
8993
8993
8994
8995
8995
8996
8997
8996
8997
8998
8998
8999
9000
9000
9001
9002
9002
9003
9004
9004
9005
9006
8999
9000
9001
8993
8994
8995
8995
8996
8997
8993
8994
8995
8995
8996
8997
8997
8998
8999
8999
9000
9001
8998
8999
9000
9000
9001
9002
9002
9003
9004
9002
9003
9004
9004
9005
9006
9006
9007
9008
9008
9009
9010
9008
9009
9010
9009
9010
9011
9010
9011
9012
9012
9013
9014
9013
9014
9015
9014
9015
9016
9009
9010
9011
9004
9005
9006
9006
9007
9008
9007
9008
9009
9009
9010
9011
9009
9010
9011
9011
9012
9013
9013
9014
9015
9015
9016
9017
9017
9018
9019
9017
9018
9019
9018
9019
9020
9020
9021
9022
9022
9023
9024
9023
9024
9025
9015
9016
9017
9014
9015
9016
9015
9016
9017
9016
9017
9018
9017
9018
9019
9018
9019
9020
9020
9021
9022
9022
9023
9024
9024
9025
9026
9025
9026
9027
9023
9024
9025
9025
9026
9027
9026
9027
9028
9028
9029
9030
9030
9031
9032
9032
9033
9034
9034
9035
9036
9036
9037
9038
9038
9039
9040
9029
9030
9031
9030
9031
9032
9032
9033
9034
9034
9035
9036
9034
9035
9036
9036
9037
9038
9038
9039
9040
9040
9041
9042
9039
9040
9041
9041
9042
9043
9042
9043
9044
9042
9043
9044
9043
9044
9045
9044
9045
9046
9046
9047
9048
9047
9048
9049
9047
9048
9049
9046
9047
9048
9048
9049
9050
9040
9041
9042
9042
9043
9044
9044
9045
9046
9046
9047
9048
9048
9049
9050
9050
9051
9052
9052
9053
9054
9053
9054
9055
9050
9051
9052
9052
9053
9054
9052
9053
9054
9054
9055
9056
9040
9041
9042
9040
9041
9042
9042
9043
9044
9044
9045
9046
9046
9047
9048
9037
9038
9039
9039
9040
9041
9041
9042
9043
9041
9042
9043
9043
9044
9045
9045
9046
9047
9047
9048
9049
9049
9050
9051
9050
9051
9052
9052
9053
9054
9050
9051
9052
9052
9053
9054
9054
9055
9056
9054
9055
9056
9055
9056
9057
9057
9058
9059
9054
9055
9056
9051
9052
9053
9052
9053
9054
9051
9052
9053
9053
9054
9055
9054
9055
9056
9056
9057
9058
9050
9051
9052
9050
9051
9052
9044
9045
9046
9040
9041
9042
9042
9043
9044
9043
9044
9045
9041
9042
9043
9027
9028
9029
9026
9027
9028
9028
9029
9030
9029
9030
9031
9030
9031
9032
9032
9033
9034
9027
9028
9029
9021
9022
9023
9023
9024
9025
9025
9026
9027
9022
9023
9024
9023
9024
9025
9019
9020
9021
9020
9021
9022
9022
9023
9024
9024
9025
9026
9021
9022
9023
9022
9023
9024
9020
9021
9022
9021
9022
9023
9023
9024
9025
9023
9024
9025
9025
9026
9027
9027
9028
9029
9022
9023
9024
9024
9025
9026
9025
9026
9027
9022
9023
9024
9023
9024
9025
9025
9026
9027
9027
9028
9029
9029
9030
9031
9022
9023
9024
9024
9025
9026
9025
9026
9027
9026
9027
9028
9028
9029
9030
9030
9031
9032
9031
9032
9033
9033
9034
9035
9031
9032
9033
9027
9028
9029
9023
9024
9025
9023
9024
9025
9025
9026
9027
9027
9028
9029
9029
9030
9031
9031
9032
9033
9033
9034
9035
9030
9031
9032
9032
9033
9034
9032
9033
9034
9032
9033
9034
9034
9035
9036
9035
9036
9037
9037
9038
9039
9039
9040
9041
9041
9042
9043
9037
9038
9039
9022
9023
9024
9021
9022
9023
9016
9017
9018
9018
9019
9020
9018
9019
9020
9015
9016
9017
9017
9018
9019
9018
9019
9020
9020
9021
9022
9009
9010
9011
9011
9012
9013
9013
9014
9015
9015
9016
9017
9010
9011
9012
9012
9013
9014
9013
9014
9015
9015
9016
9017
9016
9017
9018
9018
9019
9020
9020
9021
9022
9022
9023
9024
9024
9025
9026
9021
9022
9023
9023
9024
9025
9024
9025
9026
9020
9021
9022
9022
9023
9024
9024
9025
9026
9024
9025
9026
9024
9025
9026
9025
9026
9027
9026
9027
9028
9028
9029
9030
9030
9031
9032
9029
9030
9031
9030
9031
9032
9022
9023
9024
9024
9025
9026
9025
9026
9027
9026
9027
9028
9028
9029
9030
9029
9030
9031
9026
9027
9028
9028
9029
9030
9028
9029
9030
9030
9031
9032
9032
9033
9034
9029
9030
9031
9027
9028
9029
9027
9028
9029
9029
9030
9031
9030
9031
9032
9032
9033
9034
9006
9007
9008
9005
9006
9007
9006
9007
9008
9008
9009
9010
9007
9008
9009
8991
8992
8993
8993
8994
8995
8992
8993
8994
8992
8993
8994
8993
8994
8995
8994
8995
8996
8995
8996
8997
8994
8995
8996
8993
8994
8995
8995
8996
8997
8997
8998
8999
8999
9000
9001
9000
9001
9002
9002
9003
9004
8997
8998
8999
8996
8997
8998
8997
8998
8999
8998
8999
9000
8997
8998
8999
8998
8999
9000
8999
9000
9001
9001
9002
9003
9003
9004
9005
9002
9003
9004
9004
9005
9006
9003
9004
9005
9004
9005
9006
9001
9002
9003
9001
9002
9003
8999
9000
9001
9001
9002
9003
9000
9001
9002
8999
9000
9001
9000
9001
9002
9002
9003
9004
8999
9000
9001
8999
9000
9001
8999
9000
9001
8995
8996
8997
8995
8996
8997
8992
8993
8994
8993
8994
8995
8995
8996
8997
8993
8994
8995
8986
8987
8988
8982
8983
8984
8984
8985
8986
8985
8986
8987
8983
8984
8985
8985
8986
8987
8987
8988
8989
8988
8989
8990
8990
8991
8992
8992
8993
8994
8993
8994
8995
8994
8995
8996
8993
8994
8995
8993
8994
8995
8994
8995
8996
8991
8992
8993
8984
8985
8986
8986
8987
8988
8988
8989
8990
8990
8991
8992
8989
8990
8991
8989
8990
8991
8990
8991
8992
8992
8993
8994
8993
8994
8995
8993
8994
8995
8994
8995
8996
8996
8997
8998
8997
8998
8999
8998
8999
9000
9000
9001
9002
9000
9001
9002
9000
9001
9002
9001
9002
9003
9003
9004
9005
9005
9006
9007
9006
9007
9008
9008
9009
9010
9010
9011
9012
9010
9011
9012
9012
9013
9014
9014
9015
9016
9003
9004
9005
9005
9006
9007
9007
9008
9009
9006
9007
9008
9008
9009
9010
9010
9011
9012
9012
9013
9014
9013
9014
9015
9015
9016
9017
9013
9014
9015
9015
9016
9017
9016
9017
9018
9017
9018
9019
9016
9017
9018
9018
9019
9020
9020
9021
9022
9022
9023
9024
9023
9024
9025
9025
9026
9027
9023
9024
9025
9022
9023
9024
9022
9023
9024
9019
9020
9021
9021
9022
9023
9021
9022
9023
9012
9013
9014
9013
9014
9015
9014
9015
9016
9013
9014
9015
9015
9016
9017
9017
9018
9019
9017
9018
9019
9008
9009
9010
9010
9011
9012
9012
9013
9014
9014
9015
9016
9012
9013
9014
9013
9014
9015
9012
9013
9014
9014
9015
9016
9012
9013
9014
9009
9010
9011
9011
9012
9013
9012
9013
9014
9013
9014
9015
9010
9011
9012
9009
9010
9011
9011
9012
9013
9005
9006
9007
9007
9008
9009
9008
9009
9010
9010
9011
9012
9012
9013
9014
9014
9015
9016
9016
9017
9018
9016
9017
9018
9018
9019
9020
9020
9021
9022
9018
9019
9020
9014
9015
9016
9014
9015
9016
9016
9017
9018
9018
9019
9020
9020
9021
9022
9019
9020
9021
9021
9022
9023
9023
9024
9025
9025
9026
9027
9026
9027
9028
9028
9029
9030
9030
9031
9032
9027
9028
9029
9029
9030
9031
9028
9029
9030
9026
9027
9028
9026
9027
9028
9026
9027
9028
9025
9026
9027
9027
9028
9029
9025
9026
9027
9026
9027
9028
9027
9028
9029
9029
9030
9031
9029
9030
9031
9031
9032
9033
9032
9033
9034
9034
9035
9036
9033
9034
9035
9031
9032
9033
9033
9034
9035
9035
9036
9037
9037
9038
9039
9039
9040
9041
9041
9042
9043
9043
9044
9045
9044
9045
9046
9045
9046
9047
9047
9048
9049
9046
9047
9048
9048
9049
9050
9049
9050
9051
9050
9051
9052
9052
9053
9054
9054
9055
9056
9056
9057
9058
9056
9057
9058
9056
9057
9058
9058
9059
9060
9054
9055
9056
9051
9052
9053
9053
9054
9055
9055
9056
9057
9053
9054
9055
9055
9056
9057
9057
9058
9059
9059
9060
9061
9059
9060
9061
9061
9062
9063
9059
9060
9061
9058
9059
9060
9058
9059
9060
9058
9059
9060
9060
9061
9062
9061
9062
9063
9052
9053
9054
9049
9050
9051
9051
9052
9053
9051
9052
9053
9051
9052
9053
9042
9043
9044
9044
9045
9046
9045
9046
9047
9047
9048
9049
9049
9050
9051
9041
9042
9043
9042
9043
9044
9042
9043
9044
9041
9042
9043
9035
9036
9037
9037
9038
9039
9037
9038
9039
9039
9040
9041
9041
9042
9043
9042
9043
9044
9040
9041
9042
9042
9043
9044
9044
9045
9046
9045
9046
9047
9047
9048
9049
9046
9047
9048
9048
9049
9050
9050
9051
9052
9052
9053
9054
9054
9055
9056
9056
9057
9058
9058
9059
9060
9058
9059
9060
9057
9058
9059
9058
9059
9060
9060
9061
9062
9060
9061
9062
9062
9063
9064
9063
9064
9065
9064
9065
9066
9059
9060
9061
9060
9061
9062
9053
9054
9055
9055
9056
9057
9057
9058
9059
9059
9060
9061
9058
9059
9060
9054
9055
9056
9055
9056
9057
9055
9056
9057
9056
9057
9058
9057
9058
9059
9055
9056
9057
9056
9057
9058
9058
9059
9060
9060
9061
9062
9062
9063
9064
9064
9065
9066
9066
9067
9068
9049
9050
9051
9048
9049
9050
9046
9047
9048
9048
9049
9050
9049
9050
9051
9050
9051
9052
9052
9053
9054
9052
9053
9054
9044
9045
9046
9046
9047
9048
9048
9049
9050
9049
9050
9051
9049
9050
9051
9051
9052
9053
9053
9054
9055
9049
9050
9051
9047
9048
9049
9048
9049
9050
9043
9044
9045
9043
9044
9045
9045
9046
9047
9043
9044
9045
9042
9043
9044
9044
9045
9046
9046
9047
9048
9040
9041
9042
9035
9036
9037
9037
9038
9039
9037
9038
9039
9039
9040
9041
9041
9042
9043
9043
9044
9045
9044
9045
9046
9046
9047
9048
9048
9049
9050
9050
9051
9052
9051
9052
9053
9049
9050
9051
9048
9049
9050
9048
9049
9050
9049
9050
9051
9037
9038
9039
9034
9035
9036
9027
9028
9029
9012
9013
9014
9012
9013
9014
9011
9012
9013
9009
9010
9011
9011
9012
9013
9013
9014
9015
9015
9016
9017
9017
9018
9019
9017
9018
9019
9016
9017
9018
9018
9019
9020
9018
9019
9020
9020
9021
9022
9022
9023
9024
9024
9025
9026
9026
9027
9028
9028
9029
9030
9024
9025
9026
9026
9027
9028
9026
9027
9028
9027
9028
9029
9028
9029
9030
9028
9029
9030
9030
9031
9032
9031
9032
9033
9033
9034
9035
9032
9033
9034
9032
9033
9034
9033
9034
9035
9035
9036
9037
9036
9037
9038
9031
9032
9033
9033
9034
9035
9035
9036
9037
9037
9038
9039
9036
9037
9038
9035
9036
9037
9036
9037
9038
9037
9038
9039
9039
9040
9041
9041
9042
9043
9041
9042
9043
9041
9042
9043
9039
9040
9041
9041
9042
9043
9041
9042
9043
9042
9043
9044
9041
9042
9043
9042
9043
9044
9040
9041
9042
9042
9043
9044
9044
9045
9046
9045
9046
9047
9042
9043
9044
9044
9045
9046
9046
9047
9048
9048
9049
9050
9048
9049
9050
9047
9048
9049
9045
9046
9047
9046
9047
9048
9048
9049
9050
9049
9050
9051
9051
9052
9053
9053
9054
9055
9055
9056
9057
9056
9057
9058
9056
9057
9058
9057
9058
9059
9059
9060
9061
9061
9062
9063
9061
9062
9063
9063
9064
9065
9063
9064
9065
9063
9064
9065
9065
9066
9067
9067
9068
9069
9069
9070
9071
9070
9071
9072
9071
9072
9073
9073
9074
9075
9064
9065
9066
9066
9067
9068
9068
9069
9070
9068
9069
9070
9070
9071
9072
9072
9073
9074
9074
9075
9076
9072
9073
9074
9073
9074
9075
9075
9076
9077
9077
9078
9079
9078
9079
9080
9079
9080
9081
9079
9080
9081
9081
9082
9083
9083
9084
9085
9085
9086
9087
9087
9088
9089
9089
9090
9091
9090
9091
9092
9092
9093
9094
9090
9091
9092
9092
9093
9094
9094
9095
9096
9096
9097
9098
9098
9099
9100
9100
9101
9102
9102
9103
9104
9104
9105
9106
9086
9087
9088
9088
9089
9090
9089
9090
9091
9091
9092
9093
9090
9091
9092
9092
9093
9094
9092
9093
9094
9094
9095
9096
9096
9097
9098
9098
9099
9100
9098
9099
9100
9099
9100
9101
9099
9100
9101
9099
9100
9101
9100
9101
9102
9102
9103
9104
9104
9105
9106
9106
9107
9108
9108
9109
9110
9109
9110
9111
9110
9111
9112
9112
9113
9114
9114
9115
9116
9115
9116
9117
9117
9118
9119
9119
9120
9121
9108
9109
9110
9110
9111
9112
9110
9111
9112
9112
9113
9114
9114
9115
9116
9116
9117
9118
9108
9109
9110
9110
9111
9112
9110
9111
9112
9112
9113
9114
9114
9115
9116
9103
9104
9105
9105
9106
9107
9104
9105
9106
9092
9093
9094
9093
9094
9095
9095
9096
9097
9097
9098
9099
9098
9099
9100
9097
9098
9099
9099
9100
9101
9101
9102
9103
9103
9104
9105
9095
9096
9097
9093
9094
9095
9088
9089
9090
9089
9090
9091
9091
9092
9093
9093
9094
9095
9094
9095
9096
9096
9097
9098
9098
9099
9100
9100
9101
9102
9102
9103
9104
9104
9105
9106
9105
9106
9107
9107
9108
9109
9106
9107
9108
9107
9108
9109
9109
9110
9111
9109
9110
9111
9110
9111
9112
9106
9107
9108
9106
9107
9108
9108
9109
9110
9109
9110
9111
9111
9112
9113
9112
9113
9114
9106
9107
9108
9108
9109
9110
9082
9083
9084
9073
9074
9075
9075
9076
9077
9077
9078
9079
9079
9080
9081
9078
9079
9080
9075
9076
9077
9074
9075
9076
9071
9072
9073
9070
9071
9072
9072
9073
9074
9073
9074
9075
9073
9074
9075
9074
9075
9076
9076
9077
9078
9077
9078
9079
9079
9080
9081
9080
9081
9082
9082
9083
9084
9075
9076
9077
9076
9077
9078
9077
9078
9079
9078
9079
9080
9080
9081
9082
9073
9074
9075
9074
9075
9076
9073
9074
9075
9075
9076
9077
9070
9071
9072
9072
9073
9074
9074
9075
9076
9075
9076
9077
9077
9078
9079
9079
9080
9081
9075
9076
9077
9077
9078
9079
9078
9079
9080
9076
9077
9078
9078
9079
9080
9080
9081
9082
9082
9083
9084
9084
9085
9086
9086
9087
9088
9088
9089
9090
9090
9091
9092
9091
9092
9093
9089
9090
9091
9090
9091
9092
9079
9080
9081
9081
9082
9083
9082
9083
9084
9084
9085
9086
9086
9087
9088
9085
9086
9087
9087
9088
9089
9089
9090
9091
9091
9092
9093
9093
9094
9095
9095
9096
9097
9093
9094
9095
9090
9091
9092
9089
9090
9091
9089
9090
9091
9087
9088
9089
9088
9089
9090
9090
9091
9092
9076
9077
9078
9069
9070
9071
9067
9068
9069
9069
9070
9071
9071
9072
9073
9065
9066
9067
9062
9063
9064
9062
9063
9064
9064
9065
9066
9060
9061
9062
9059
9060
9061
9061
9062
9063
9056
9057
9058
9058
9059
9060
9059
9060
9061
9059
9060
9061
9054
9055
9056
9038
9039
9040
9039
9040
9041
9041
9042
9043
9040
9041
9042
9041
9042
9043
9043
9044
9045
9045
9046
9047
9046
9047
9048
9048
9049
9050
9049
9050
9051
9050
9051
9052
9049
9050
9051
9051
9052
9053
9053
9054
9055
9055
9056
9057
9056
9057
9058
9057
9058
9059
9059
9060
9061
9060
9061
9062
9062
9063
9064
9062
9063
9064
9060
9061
9062
9052
9053
9054
9050
9051
9052
9040
9041
9042
9041
9042
9043
9039
9040
9041
9041
9042
9043
9043
9044
9045
9041
9042
9043
9043
9044
9045
9040
9041
9042
9038
9039
9040
9031
9032
9033
9033
9034
9035
9035
9036
9037
9037
9038
9039
9038
9039
9040
9040
9041
9042
9042
9043
9044
9044
9045
9046
9046
9047
9048
9048
9049
9050
9047
9048
9049
9042
9043
9044
9037
9038
9039
9038
9039
9040
9040
9041
9042
9042
9043
9044
9043
9044
9045
9043
9044
9045
9045
9046
9047
9047
9048
9049
9049
9050
9051
9050
9051
9052
9040
9041
9042
9042
9043
9044
9044
9045
9046
9045
9046
9047
9047
9048
9049
9049
9050
9051
9051
9052
9053
9053
9054
9055
9053
9054
9055
9055
9056
9057
9053
9054
9055
9055
9056
9057
9049
9050
9051
9051
9052
9053
9053
9054
9055
9055
9056
9057
9057
9058
9059
9059
9060
9061
9061
9062
9063
9063
9064
9065
9064
9065
9066
9066
9067
9068
9068
9069
9070
9069
9070
9071
9071
9072
9073
9073
9074
9075
9069
9070
9071
9069
9070
9071
9071
9072
9073
9063
9064
9065
9063
9064
9065
9063
9064
9065
9064
9065
9066
9065
9066
9067
9067
9068
9069
9069
9070
9071
9067
9068
9069
9068
9069
9070
9070
9071
9072
9071
9072
9073
9073
9074
9075
9074
9075
9076
9075
9076
9077
9064
9065
9066
9066
9067
9068
9068
9069
9070
9070
9071
9072
9072
9073
9074
9072
9073
9074
9074
9075
9076
9076
9077
9078
9078
9079
9080
9075
9076
9077
9077
9078
9079
9075
9076
9077
9077
9078
9079
9079
9080
9081
9077
9078
9079
9074
9075
9076
9064
9065
9066
9066
9067
9068
9067
9068
9069
9064
9065
9066
9064
9065
9066
9066
9067
9068
9068
9069
9070
9066
9067
9068
9067
9068
9069
9069
9070
9071
9071
9072
9073
9073
9074
9075
9073
9074
9075
9075
9076
9077
9076
9077
9078
9077
9078
9079
9079
9080
9081
9071
9072
9073
9071
9072
9073
9073
9074
9075
9075
9076
9077
9076
9077
9078
9078
9079
9080
9079
9080
9081
9051
9052
9053
9052
9053
9054
9054
9055
9056
9056
9057
9058
9058
9059
9060
9060
9061
9062
9055
9056
9057
9056
9057
9058
9054
9055
9056
9053
9054
9055
9055
9056
9057
9057
9058
9059
9059
9060
9061
9060
9061
9062
9060
9061
9062
9062
9063
9064
9050
9051
9052
9048
9049
9050
9049
9050
9051
9051
9052
9053
9051
9052
9053
9053
9054
9055
9054
9055
9056
9055
9056
9057
9055
9056
9057
9057
9058
9059
9054
9055
9056
9056
9057
9058
9055
9056
9057
9057
9058
9059
9050
9051
9052
9046
9047
9048
9047
9048
9049
9047
9048
9049
9045
9046
9047
9046
9047
9048
9039
9040
9041
9025
9026
9027
9026
9027
9028
9028
9029
9030
9030
9031
9032
9032
9033
9034
9034
9035
9036
9034
9035
9036
9035
9036
9037
9037
9038
9039
9039
9040
9041
9041
9042
9043
9043
9044
9045
9041
9042
9043
9036
9037
9038
9038
9039
9040
9030
9031
9032
9031
9032
9033
9032
9033
9034
9033
9034
9035
9034
9035
9036
9033
9034
9035
9033
9034
9035
9033
9034
9035
9034
9035
9036
9036
9037
9038
9030
9031
9032
9028
9029
9030
9028
9029
9030
9027
9028
9029
9026
9027
9028
9028
9029
9030
9028
9029
9030
9018
9019
9020
9011
9012
9013
9006
9007
9008
9008
9009
9010
9008
9009
9010
9006
9007
9008
9008
9009
9010
9009
9010
9011
9008
9009
9010
9010
9011
9012
9012
9013
9014
9014
9015
9016
9010
9011
9012
9008
9009
9010
9010
9011
9012
9012
9013
9014
9012
9013
9014
9014
9015
9016
9016
9017
9018
9018
9019
9020
9016
9017
9018
8997
8998
8999
8997
8998
8999
8982
8983
8984
8981
8982
8983
8976
8977
8978
8978
8979
8980
8980
8981
8982
8982
8983
8984
8984
8985
8986
8982
8983
8984
8984
8985
8986
8983
8984
8985
8985
8986
8987
8987
8988
8989
8989
8990
8991
8988
8989
8990
8988
8989
8990
8990
8991
8992
8987
8988
8989
8989
8990
8991
8990
8991
8992
8992
8993
8994
8991
8992
8993
8993
8994
8995
8995
8996
8997
8983
8984
8985
8983
8984
8985
8985
8986
8987
8987
8988
8989
8989
8990
8991
8991
8992
8993
8988
8989
8990
8990
8991
8992
8992
8993
8994
8993
8994
8995
8990
8991
8992
8992
8993
8994
8993
8994
8995
8995
8996
8997
8997
8998
8999
8999
9000
9001
9001
9002
9003
9001
9002
9003
9003
9004
9005
9005
9006
9007
9006
9007
9008
9008
9009
9010
9010
9011
9012
9012
9013
9014
9014
9015
9016
9015
9016
9017
9013
9014
9015
9014
9015
9016
9016
9017
9018
9017
9018
9019
9019
9020
9021
9013
9014
9015
9015
9016
9017
9011
9012
9013
9013
9014
9015
9015
9016
9017
9013
9014
9015
9012
9013
9014
9014
9015
9016
9015
9016
9017
9017
9018
9019
9017
9018
9019
9019
9020
9021
9018
9019
9020
9019
9020
9021
9018
9019
9020
9004
9005
9006
9005
9006
9007
9007
9008
9009
8997
8998
8999
8998
8999
9000
9000
9001
9002
9002
9003
9004
9003
9004
9005
9005
9006
9007
9007
9008
9009
8994
8995
8996
8996
8997
8998
8997
8998
8999
8998
8999
9000
8998
8999
9000
8995
8996
8997
8995
8996
8997
8997
8998
8999
8996
8997
8998
8998
8999
9000
8998
8999
9000
8997
8998
8999
8999
9000
9001
8999
9000
9001
9001
9002
9003
9000
9001
9002
9000
9001
9002
9002
9003
9004
9003
9004
9005
9003
9004
9005
8999
9000
9001
9001
9002
9003
9003
9004
9005
8995
8996
8997
8994
8995
8996
8988
8989
8990
8990
8991
8992
8992
8993
8994
8993
8994
8995
8995
8996
8997
8997
8998
8999
8995
8996
8997
8996
8997
8998
8997
8998
8999
8999
9000
9001
9000
9001
9002
9002
9003
9004
9001
9002
9003
9003
9004
9005
9005
9006
9007
9006
9007
9008
9008
9009
9010
8998
8999
9000
9000
9001
9002
9002
9003
9004
9004
9005
9006
9006
9007
9008
9005
9006
9007
8995
8996
8997
8993
8994
8995
8995
8996
8997
8987
8988
8989
8985
8986
8987
8982
8983
8984
8984
8985
8986
8986
8987
8988
8988
8989
8990
8983
8984
8985
8985
8986
8987
8987
8988
8989
8988
8989
8990
8984
8985
8986
8986
8987
8988
8988
8989
8990
8990
8991
8992
8985
8986
8987
8987
8988
8989
8989
8990
8991
8991
8992
8993
8989
8990
8991
8990
8991
8992
8992
8993
8994
8988
8989
8990
8990
8991
8992
8988
8989
8990
8990
8991
8992
8981
8982
8983
8978
8979
8980
8976
8977
8978
8978
8979
8980
8980
8981
8982
8980
8981
8982
8982
8983
8984
8984
8985
8986
8984
8985
8986
8984
8985
8986
8985
8986
8987
8986
8987
8988
8988
8989
8990
8990
8991
8992
8992
8993
8994
8994
8995
8996
8996
8997
8998
8998
8999
9000
8999
9000
9001
9000
9001
9002
9001
9002
9003
9003
9004
9005
9005
9006
9007
9003
9004
9005
9004
9005
9006
9005
9006
9007
9007
9008
9009
9009
9010
9011
9009
9010
9011
9011
9012
9013
9012
9013
9014
9009
9010
9011
9011
9012
9013
9008
9009
9010
9010
9011
9012
9012
9013
9014
9012
9013
9014
9012
9013
9014
9013
9014
9015
9011
9012
9013
9012
9013
9014
9014
9015
9016
9013
9014
9015
9015
9016
9017
9017
9018
9019
9018
9019
9020
9018
9019
9020
9019
9020
9021
9020
9021
9022
9022
9023
9024
9023
9024
9025
9025
9026
9027
9027
9028
9029
9029
9030
9031
9030
9031
9032
9032
9033
9034
9032
9033
9034
9034
9035
9036
9033
9034
9035
9035
9036
9037
9037
9038
9039
9039
9040
9041
9041
9042
9043
9043
9044
9045
9041
9042
9043
9043
9044
9045
9042
9043
9044
9036
9037
9038
9038
9039
9040
9040
9041
9042
9036
9037
9038
9038
9039
9040
9037
9038
9039
9039
9040
9041
9035
9036
9037
9037
9038
9039
9039
9040
9041
9041
9042
9043
9041
9042
9043
9041
9042
9043
9043
9044
9045
9045
9046
9047
9047
9048
9049
9048
9049
9050
9049
9050
9051
9051
9052
9053
9051
9052
9053
9053
9054
9055
9050
9051
9052
9052
9053
9054
9054
9055
9056
9056
9057
9058
9057
9058
9059
9059
9060
9061
9061
9062
9063
9063
9064
9065
9063
9064
9065
9059
9060
9061
9057
9058
9059
9059
9060
9061
9054
9055
9056
9056
9057
9058
9056
9057
9058
9058
9059
9060
9058
9059
9060
9059
9060
9061
9061
9062
9063
9063
9064
9065
9063
9064
9065
9064
9065
9066
9061
9062
9063
9063
9064
9065
9064
9065
9066
9064
9065
9066
9065
9066
9067
9065
9066
9067
9067
9068
9069
9069
9070
9071
9071
9072
9073
9072
9073
9074
9066
9067
9068
9067
9068
9069
9069
9070
9071
9067
9068
9069
9069
9070
9071
9071
9072
9073
9069
9070
9071
9069
9070
9071
9070
9071
9072
9068
9069
9070
9070
9071
9072
9068
9069
9070
9064
9065
9066
9065
9066
9067
9062
9063
9064
9063
9064
9065
9065
9066
9067
9064
9065
9066
9063
9064
9065
9065
9066
9067
9063
9064
9065
9064
9065
9066
9066
9067
9068
9067
9068
9069
9068
9069
9070
9070
9071
9072
9070
9071
9072
9072
9073
9074
9072
9073
9074
9073
9074
9075
9065
9066
9067
9067
9068
9069
9067
9068
9069
9069
9070
9071
9071
9072
9073
9069
9070
9071
9061
9062
9063
9059
9060
9061
9046
9047
9048
9045
9046
9047
9047
9048
9049
9049
9050
9051
9051
9052
9053
9051
9052
9053
9053
9054
9055
9054
9055
9056
9056
9057
9058
9055
9056
9057
9054
9055
9056
9056
9057
9058
9058
9059
9060
9057
9058
9059
9058
9059
9060
9057
9058
9059
9058
9059
9060
9060
9061
9062
9059
9060
9061
9061
9062
9063
9063
9064
9065
9065
9066
9067
9067
9068
9069
9069
9070
9071
9071
9072
9073
9072
9073
9074
9074
9075
9076
9075
9076
9077
9074
9075
9076
9075
9076
9077
9077
9078
9079
9073
9074
9075
9067
9068
9069
9069
9070
9071
9069
9070
9071
9071
9072
9073
9073
9074
9075
9062
9063
9064
9062
9063
9064
9064
9065
9066
9066
9067
9068
9068
9069
9070
9069
9070
9071
9070
9071
9072
9072
9073
9074
9070
9071
9072
9072
9073
9074
9070
9071
9072
9072
9073
9074
9072
9073
9074
9074
9075
9076
9076
9077
9078
9075
9076
9077
9073
9074
9075
9075
9076
9077
9076
9077
9078
9077
9078
9079
9079
9080
9081
9080
9081
9082
9082
9083
9084
9084
9085
9086
9085
9086
9087
9087
9088
9089
9089
9090
9091
9087
9088
9089
9088
9089
9090
9090
9091
9092
9092
9093
9094
9094
9095
9096
9092
9093
9094
9094
9095
9096
9096
9097
9098
9098
9099
9100
9094
9095
9096
9094
9095
9096
9094
9095
9096
9096
9097
9098
9097
9098
9099
9096
9097
9098
9097
9098
9099
9098
9099
9100
9100
9101
9102
9102
9103
9104
9103
9104
9105
9097
9098
9099
9093
9094
9095
9094
9095
9096
9094
9095
9096
9096
9097
9098
9094
9095
9096
9086
9087
9088
9088
9089
9090
9088
9089
9090
9088
9089
9090
9090
9091
9092
9091
9092
9093
9088
9089
9090
9088
9089
9090
9088
9089
9090
9090
9091
9092
9074
9075
9076
9076
9077
9078
9077
9078
9079
9076
9077
9078
9078
9079
9080
9071
9072
9073
9068
9069
9070
9070
9071
9072
9072
9073
9074
9074
9075
9076
9076
9077
9078
9061
9062
9063
9063
9064
9065
9065
9066
9067
9067
9068
9069
9054
9055
9056
9056
9057
9058
9056
9057
9058
9058
9059
9060
9054
9055
9056
9056
9057
9058
9057
9058
9059
9058
9059
9060
9058
9059
9060
9060
9061
9062
9062
9063
9064
9064
9065
9066
9055
9056
9057
9057
9058
9059
9057
9058
9059
9053
9054
9055
9055
9056
9057
9039
9040
9041
9037
9038
9039
9039
9040
9041
9037
9038
9039
9037
9038
9039
9038
9039
9040
9040
9041
9042
9036
9037
9038
9035
9036
9037
9034
9035
9036
9032
9033
9034
9033
9034
9035
9033
9034
9035
9031
9032
9033
9032
9033
9034
9027
9028
9029
9029
9030
9031
9027
9028
9029
9028
9029
9030
9030
9031
9032
9031
9032
9033
9032
9033
9034
9034
9035
9036
9032
9033
9034
9027
9028
9029
9025
9026
9027
9027
9028
9029
9029
9030
9031
9028
9029
9030
9026
9027
9028
9028
9029
9030
9029
9030
9031
9027
9028
9029
9028
9029
9030
9030
9031
9032
9032
9033
9034
9034
9035
9036
9036
9037
9038
9037
9038
9039
9036
9037
9038
9036
9037
9038
9038
9039
9040
9022
9023
9024
9024
9025
9026
9026
9027
9028
9027
9028
9029
9028
9029
9030
9029
9030
9031
9031
9032
9033
9033
9034
9035
9035
9036
9037
9036
9037
9038
9035
9036
9037
9037
9038
9039
9038
9039
9040
9038
9039
9040
9039
9040
9041
9040
9041
9042
9042
9043
9044
9043
9044
9045
9043
9044
9045
9045
9046
9047
9047
9048
9049
9048
9049
9050
9050
9051
9052
9052
9053
9054
9054
9055
9056
9054
9055
9056
9056
9057
9058
9047
9048
9049
9048
9049
9050
9047
9048
9049
9048
9049
9050
9050
9051
9052
9047
9048
9049
9047
9048
9049
9047
9048
9049
9048
9049
9050
9049
9050
9051
9050
9051
9052
9030
9031
9032
9032
9033
9034
9033
9034
9035
9032
9033
9034
9034
9035
9036
9036
9037
9038
9038
9039
9040
9037
9038
9039
9039
9040
9041
9032
9033
9034
9034
9035
9036
9029
9030
9031
9031
9032
9033
9031
9032
9033
9033
9034
9035
9035
9036
9037
9037
9038
9039
9039
9040
9041
9041
9042
9043
9042
9043
9044
9044
9045
9046
9046
9047
9048
9048
9049
9050
9050
9051
9052
9052
9053
9054
9050
9051
9052
9052
9053
9054
9041
9042
9043
9041
9042
9043
9042
9043
9044
9044
9045
9046
9046
9047
9048
9048
9049
9050
9049
9050
9051
9049
9050
9051
9051
9052
9053
9051
9052
9053
9052
9053
9054
9054
9055
9056
9053
9054
9055
9055
9056
9057
9057
9058
9059
9036
9037
9038
9036
9037
9038
9036
9037
9038
9036
9037
9038
9038
9039
9040
9040
9041
9042
9041
9042
9043
9042
9043
9044
9043
9044
9045
9044
9045
9046
9045
9046
9047
9046
9047
9048
9047
9048
9049
9049
9050
9051
9040
9041
9042
9042
9043
9044
9044
9045
9046
9046
9047
9048
9046
9047
9048
9048
9049
9050
9050
9051
9052
9050
9051
9052
9051
9052
9053
9048
9049
9050
9050
9051
9052
9047
9048
9049
9045
9046
9047
9047
9048
9049
9049
9050
9051
9051
9052
9053
9053
9054
9055
9054
9055
9056
9053
9054
9055
9055
9056
9057
9053
9054
9055
9046
9047
9048
9043
9044
9045
9045
9046
9047
9043
9044
9045
9043
9044
9045
9044
9045
9046
9045
9046
9047
9047
9048
9049
9049
9050
9051
9051
9052
9053
9052
9053
9054
9054
9055
9056
9054
9055
9056
9056
9057
9058
9058
9059
9060
9054
9055
9056
9056
9057
9058
9058
9059
9060
9060
9061
9062
9060
9061
9062
9060
9061
9062
9061
9062
9063
9063
9064
9065
9059
9060
9061
9060
9061
9062
9062
9063
9064
9063
9064
9065
9065
9066
9067
9064
9065
9066
9066
9067
9068
9055
9056
9057
9055
9056
9057
9055
9056
9057
9055
9056
9057
9057
9058
9059
9059
9060
9061
9055
9056
9057
9056
9057
9058
9058
9059
9060
9060
9061
9062
9061
9062
9063
9063
9064
9065
9062
9063
9064
9064
9065
9066
9065
9066
9067
9067
9068
9069
9065
9066
9067
9066
9067
9068
9067
9068
9069
9067
9068
9069
9067
9068
9069
9067
9068
9069
9069
9070
9071
9069
9070
9071
9068
9069
9070
9070
9071
9072
9071
9072
9073
9072
9073
9074
9073
9074
9075
9075
9076
9077
9075
9076
9077
9076
9077
9078
9078
9079
9080
9080
9081
9082
9082
9083
9084
9084
9085
9086
9085
9086
9087
9085
9086
9087
9081
9082
9083
9072
9073
9074
9074
9075
9076
9072
9073
9074
9071
9072
9073
9071
9072
9073
9072
9073
9074
9074
9075
9076
9076
9077
9078
9078
9079
9080
9080
9081
9082
9082
9083
9084
9083
9084
9085
9070
9071
9072
9069
9070
9071
9071
9072
9073
9070
9071
9072
9072
9073
9074
9073
9074
9075
9075
9076
9077
9070
9071
9072
9072
9073
9074
9074
9075
9076
9076
9077
9078
9075
9076
9077
9077
9078
9079
9075
9076
9077
9077
9078
9079
9072
9073
9074
9067
9068
9069
9065
9066
9067
9067
9068
9069
9069
9070
9071
9064
9065
9066
9066
9067
9068
9068
9069
9070
9067
9068
9069
9060
9061
9062
9058
9059
9060
9060
9061
9062
9062
9063
9064
9063
9064
9065
9064
9065
9066
9066
9067
9068
9068
9069
9070
9070
9071
9072
9071
9072
9073
9073
9074
9075
9072
9073
9074
9067
9068
9069
9066
9067
9068
9065
9066
9067
9067
9068
9069
9069
9070
9071
9070
9071
9072
9067
9068
9069
9065
9066
9067
9064
9065
9066
9063
9064
9065
9044
9045
9046
9046
9047
9048
9043
9044
9045
9045
9046
9047
9043
9044
9045
9045
9046
9047
9047
9048
9049
9041
9042
9043
9034
9035
9036
9032
9033
9034
9034
9035
9036
9035
9036
9037
9037
9038
9039
9019
9020
9021
9021
9022
9023
9023
9024
9025
9025
9026
9027
9027
9028
9029
9024
9025
9026
9021
9022
9023
9023
9024
9025
9023
9024
9025
9025
9026
9027
9026
9027
9028
9028
9029
9030
9030
9031
9032
9032
9033
9034
9034
9035
9036
9036
9037
9038
9036
9037
9038
9037
9038
9039
9027
9028
9029
9027
9028
9029
9020
9021
9022
9022
9023
9024
9022
9023
9024
9024
9025
9026
9026
9027
9028
9028
9029
9030
9029
9030
9031
9031
9032
9033
9032
9033
9034
9025
9026
9027
9018
9019
9020
9018
9019
9020
9016
9017
9018
9018
9019
9020
9019
9020
9021
9021
9022
9023
9014
9015
9016
9008
9009
9010
9010
9011
9012
9011
9012
9013
9012
9013
9014
9014
9015
9016
9016
9017
9018
9016
9017
9018
9011
9012
9013
9013
9014
9015
9013
9014
9015
9014
9015
9016
9013
9014
9015
9015
9016
9017
9017
9018
9019
9017
9018
9019
9017
9018
9019
9019
9020
9021
9020
9021
9022
9022
9023
9024
9020
9021
9022
9021
9022
9023
9023
9024
9025
9025
9026
9027
9026
9027
9028
9028
9029
9030
9028
9029
9030
9029
9030
9031
9031
9032
9033
9032
9033
9034
9032
9033
9034
9028
9029
9030
9026
9027
9028
9023
9024
9025
9023
9024
9025
9025
9026
9027
9027
9028
9029
9028
9029
9030
9029
9030
9031
9030
9031
9032
9032
9033
9034
9033
9034
9035
9019
9020
9021
9008
9009
9010
9007
9008
9009
9001
9002
9003
9001
9002
9003
9003
9004
9005
9005
9006
9007
9007
9008
9009
9009
9010
9011
9007
9008
9009
9001
9002
9003
9003
9004
9005
9005
9006
9007
9007
9008
9009
8985
8986
8987
8980
8981
8982
8980
8981
8982
8982
8983
8984
8983
8984
8985
8985
8986
8987
8986
8987
8988
8987
8988
8989
8989
8990
8991
8991
8992
8993
8993
8994
8995
8994
8995
8996
8996
8997
8998
8993
8994
8995
8995
8996
8997
8989
8990
8991
8991
8992
8993
8993
8994
8995
8995
8996
8997
8997
8998
8999
8999
9000
9001
8998
8999
9000
9000
9001
9002
9002
9003
9004
9000
9001
9002
8996
8997
8998
8996
8997
8998
8995
8996
8997
8994
8995
8996
8994
8995
8996
8996
8997
8998
8995
8996
8997
8995
8996
8997
8996
8997
8998
8995
8996
8997
8997
8998
8999
8997
8998
8999
8999
9000
9001
9001
9002
9003
9003
9004
9005
9005
9006
9007
9001
9002
9003
9003
9004
9005
8995
8996
8997
8992
8993
8994
8993
8994
8995
8992
8993
8994
8994
8995
8996
8996
8997
8998
8998
8999
9000
9000
9001
9002
9002
9003
9004
9004
9005
9006
9004
9005
9006
9001
9002
9003
9002
9003
9004
9003
9004
9005
9002
9003
9004
9003
9004
9005
9002
9003
9004
9002
9003
9004
8998
8999
9000
8995
8996
8997
8996
8997
8998
8998
8999
9000
9000
9001
9002
8993
8994
8995
8994
8995
8996
8991
8992
8993
8993
8994
8995
8995
8996
8997
8989
8990
8991
8989
8990
8991
8990
8991
8992
8989
8990
8991
8991
8992
8993
8993
8994
8995
8990
8991
8992
8992
8993
8994
8992
8993
8994
8993
8994
8995
8991
8992
8993
8993
8994
8995
8995
8996
8997
8992
8993
8994
8992
8993
8994
8994
8995
8996
8996
8997
8998
8976
8977
8978
8977
8978
8979
8979
8980
8981
8979
8980
8981
8977
8978
8979
8979
8980
8981
8975
8976
8977
8976
8977
8978
8978
8979
8980
8978
8979
8980
8976
8977
8978
8978
8979
8980
8980
8981
8982
8982
8983
8984
8979
8980
8981
8969
8970
8971
8971
8972
8973
8973
8974
8975
8965
8966
8967
8963
8964
8965
8965
8966
8967
8967
8968
8969
8969
8970
8971
8969
8970
8971
8966
8967
8968
8968
8969
8970
8967
8968
8969
8969
8970
8971
8970
8971
8972
8969
8970
8971
8971
8972
8973
8973
8974
8975
8970
8971
8972
8966
8967
8968
8968
8969
8970
8969
8970
8971
8971
8972
8973
8973
8974
8975
8975
8976
8977
8977
8978
8979
8971
8972
8973
8971
8972
8973
8973
8974
8975
8972
8973
8974
8974
8975
8976
8974
8975
8976
8976
8977
8978
8978
8979
8980
8980
8981
8982
8982
8983
8984
8984
8985
8986
8985
8986
8987
8987
8988
8989
8989
8990
8991
8991
8992
8993
8993
8994
8995
8993
8994
8995
8977
8978
8979
8978
8979
8980
8978
8979
8980
8980
8981
8982
8981
8982
8983
8983
8984
8985
8984
8985
8986
8985
8986
8987
8987
8988
8989
8984
8985
8986
8986
8987
8988
8987
8988
8989
8986
8987
8988
8988
8989
8990
8989
8990
8991
8991
8992
8993
8986
8987
8988
8988
8989
8990
8990
8991
8992
8991
8992
8993
8991
8992
8993
8993
8994
8995
8992
8993
8994
8994
8995
8996
8995
8996
8997
8996
8997
8998
8997
8998
8999
8999
9000
9001
9001
9002
9003
9001
9002
9003
9003
9004
9005
9004
9005
9006
9005
9006
9007
9006
9007
9008
9008
9009
9010
9010
9011
9012
9012
9013
9014
9012
9013
9014
9014
9015
9016
9016
9017
9018
9017
9018
9019
9019
9020
9021
9021
9022
9023
9022
9023
9024
9023
9024
9025
9023
9024
9025
9025
9026
9027
9024
9025
9026
9026
9027
9028
9027
9028
9029
9018
9019
9020
9020
9021
9022
9012
9013
9014
9014
9015
9016
9014
9015
9016
9016
9017
9018
9018
9019
9020
9020
9021
9022
9022
9023
9024
9022
9023
9024
9018
9019
9020
9010
9011
9012
9012
9013
9014
9014
9015
9016
9014
9015
9016
9016
9017
9018
9018
9019
9020
9019
9020
9021
9021
9022
9023
9023
9024
9025
9021
9022
9023
9022
9023
9024
9024
9025
9026
9013
9014
9015
9014
9015
9016
9014
9015
9016
9016
9017
9018
9018
9019
9020
9018
9019
9020
9014
9015
9016
9013
9014
9015
9014
9015
9016
9014
9015
9016
9012
9013
9014
9014
9015
9016
9001
9002
9003
8999
9000
9001
9001
9002
9003
8997
8998
8999
8999
9000
9001
8998
8999
9000
9000
9001
9002
8998
8999
9000
8994
8995
8996
8996
8997
8998
8996
8997
8998
8995
8996
8997
8994
8995
8996
8995
8996
8997
8997
8998
8999
8998
8999
9000
8997
8998
8999
8999
9000
9001
9001
9002
9003
9003
9004
9005
9004
9005
9006
9006
9007
9008
8997
8998
8999
8992
8993
8994
8993
8994
8995
8995
8996
8997
8996
8997
8998
8998
8999
9000
8998
8999
9000
8996
8997
8998
8988
8989
8990
8990
8991
8992
8992
8993
8994
8994
8995
8996
8993
8994
8995
8994
8995
8996
8995
8996
8997
8997
8998
8999
8983
8984
8985
8985
8986
8987
8985
8986
8987
8986
8987
8988
8985
8986
8987
8968
8969
8970
8970
8971
8972
8971
8972
8973
8962
8963
8964
8961
8962
8963
8963
8964
8965
8965
8966
8967
8965
8966
8967
8966
8967
8968
8968
8969
8970
8970
8971
8972
8971
8972
8973
8969
8970
8971
8969
8970
8971
8964
8965
8966
8966
8967
8968
8968
8969
8970
8967
8968
8969
8964
8965
8966
8966
8967
8968
8967
8968
8969
8969
8970
8971
8970
8971
8972
8965
8966
8967
8962
8963
8964
8963
8964
8965
8965
8966
8967
8965
8966
8967
8955
8956
8957
8954
8955
8956
8956
8957
8958
8958
8959
8960
8959
8960
8961
8961
8962
8963
8950
8951
8952
8952
8953
8954
8954
8955
8956
8954
8955
8956
8953
8954
8955
8955
8956
8957
8956
8957
8958
8957
8958
8959
8959
8960
8961
8961
8962
8963
8963
8964
8965
8965
8966
8967
8967
8968
8969
8968
8969
8970
8964
8965
8966
8966
8967
8968
8968
8969
8970
8970
8971
8972
8972
8973
8974
8974
8975
8976
8976
8977
8978
8977
8978
8979
8977
8978
8979
8979
8980
8981
8979
8980
8981
8978
8979
8980
8978
8979
8980
8980
8981
8982
8976
8977
8978
8977
8978
8979
8979
8980
8981
8981
8982
8983
8983
8984
8985
8985
8986
8987
8987
8988
8989
8989
8990
8991
8989
8990
8991
8988
8989
8990
8990
8991
8992
8990
8991
8992
8978
8979
8980
8979
8980
8981
8981
8982
8983
8983
8984
8985
8984
8985
8986
8985
8986
8987
8984
8985
8986
8984
8985
8986
8986
8987
8988
8977
8978
8979
8979
8980
8981
8979
8980
8981
8980
8981
8982
8981
8982
8983
8982
8983
8984
8983
8984
8985
8984
8985
8986
8986
8987
8988
8988
8989
8990
8988
8989
8990
8977
8978
8979
8977
8978
8979
8978
8979
8980
8967
8968
8969
8967
8968
8969
8968
8969
8970
8970
8971
8972
8972
8973
8974
8970
8971
8972
8972
8973
8974
8971
8972
8973
8973
8974
8975
8975
8976
8977
8977
8978
8979
8973
8974
8975
8975
8976
8977
8969
8970
8971
8965
8966
8967
8967
8968
8969
8964
8965
8966
8966
8967
8968
8967
8968
8969
8969
8970
8971
8971
8972
8973
8973
8974
8975
8974
8975
8976
8974
8975
8976
8976
8977
8978
8978
8979
8980
8978
8979
8980
8980
8981
8982
8982
8983
8984
8984
8985
8986
8986
8987
8988
8987
8988
8989
8987
8988
8989
8989
8990
8991
8985
8986
8987
8986
8987
8988
8972
8973
8974
8973
8974
8975
8975
8976
8977
8974
8975
8976
8970
8971
8972
8971
8972
8973
8971
8972
8973
8973
8974
8975
8975
8976
8977
8977
8978
8979
8978
8979
8980
8978
8979
8980
8980
8981
8982
8979
8980
8981
8981
8982
8983
8983
8984
8985
8979
8980
8981
8981
8982
8983
8982
8983
8984
8984
8985
8986
8985
8986
8987
8977
8978
8979
8977
8978
8979
8973
8974
8975
8973
8974
8975
8975
8976
8977
8974
8975
8976
8975
8976
8977
8976
8977
8978
8975
8976
8977
8977
8978
8979
8979
8980
8981
8979
8980
8981
8979
8980
8981
8981
8982
8983
8981
8982
8983
8982
8983
8984
8983
8984
8985
8978
8979
8980
8980
8981
8982
8982
8983
8984
8984
8985
8986
8979
8980
8981
8981
8982
8983
8983
8984
8985
8985
8986
8987
8987
8988
8989
8984
8985
8986
8984
8985
8986
8986
8987
8988
8986
8987
8988
8988
8989
8990
8990
8991
8992
8992
8993
8994
8993
8994
8995
8994
8995
8996
8996
8997
8998
8998
8999
9000
8997
8998
8999
8999
9000
9001
9001
9002
9003
9003
9004
9005
9004
9005
9006
9006
9007
9008
9008
9009
9010
9009
9010
9011
9011
9012
9013
9013
9014
9015
9015
9016
9017
9013
9014
9015
9015
9016
9017
9017
9018
9019
9014
9015
9016
9011
9012
9013
9013
9014
9015
9015
9016
9017
9017
9018
9019
9016
9017
9018
9017
9018
9019
9018
9019
9020
9019
9020
9021
9021
9022
9023
9021
9022
9023
9018
9019
9020
9020
9021
9022
9022
9023
9024
9015
9016
9017
9015
9016
9017
9014
9015
9016
9010
9011
9012
9010
9011
9012
9006
9007
9008
9006
9007
9008
9008
9009
9010
9010
9011
9012
9012
9013
9014
9014
9015
9016
9016
9017
9018
9018
9019
9020
9018
9019
9020
9020
9021
9022
9022
9023
9024
9023
9024
9025
9025
9026
9027
9026
9027
9028
9026
9027
9028
9028
9029
9030
9027
9028
9029
9023
9024
9025
9021
9022
9023
9023
9024
9025
9025
9026
9027
9027
9028
9029
9028
9029
9030
9027
9028
9029
9028
9029
9030
9030
9031
9032
9017
9018
9019
9019
9020
9021
9021
9022
9023
9023
9024
9025
9025
9026
9027
9027
9028
9029
9029
9030
9031
9030
9031
9032
9025
9026
9027
9027
9028
9029
9023
9024
9025
9025
9026
9027
9025
9026
9027
9026
9027
9028
9017
9018
9019
9018
9019
9020
9019
9020
9021
9021
9022
9023
9023
9024
9025
9024
9025
9026
9025
9026
9027
9027
9028
9029
9029
9030
9031
9030
9031
9032
9029
9030
9031
9030
9031
9032
9031
9032
9033
9033
9034
9035
9035
9036
9037
9037
9038
9039
9033
9034
9035
9034
9035
9036
9032
9033
9034
9034
9035
9036
9034
9035
9036
9036
9037
9038
9038
9039
9040
9040
9041
9042
9042
9043
9044
9043
9044
9045
9044
9045
9046
9046
9047
9048
9048
9049
9050
9046
9047
9048
9048
9049
9050
9049
9050
9051
9051
9052
9053
9053
9054
9055
9053
9054
9055
9055
9056
9057
9057
9058
9059
9059
9060
9061
9052
9053
9054
9054
9055
9056
9056
9057
9058
9054
9055
9056
9054
9055
9056
9053
9054
9055
9054
9055
9056
9056
9057
9058
9056
9057
9058
9055
9056
9057
9055
9056
9057
9052
9053
9054
9054
9055
9056
9053
9054
9055
9055
9056
9057
9054
9055
9056
9049
9050
9051
9040
9041
9042
9040
9041
9042
9042
9043
9044
9044
9045
9046
9045
9046
9047
9047
9048
9049
9046
9047
9048
9048
9049
9050
9050
9051
9052
9052
9053
9054
9053
9054
9055
9055
9056
9057
9057
9058
9059
9059
9060
9061
9055
9056
9057
9057
9058
9059
9048
9049
9050
9050
9051
9052
9052
9053
9054
9053
9054
9055
9055
9056
9057
9057
9058
9059
9059
9060
9061
9056
9057
9058
9058
9059
9060
9054
9055
9056
9049
9050
9051
9043
9044
9045
9045
9046
9047
9047
9048
9049
9049
9050
9051
9049
9050
9051
9049
9050
9051
9051
9052
9053
9053
9054
9055
9055
9056
9057
9046
9047
9048
9048
9049
9050
9049
9050
9051
9046
9047
9048
9048
9049
9050
9047
9048
9049
9046
9047
9048
9048
9049
9050
9050
9051
9052
9051
9052
9053
9051
9052
9053
9052
9053
9054
9049
9050
9051
9051
9052
9053
9053
9054
9055
9055
9056
9057
9057
9058
9059
9058
9059
9060
9060
9061
9062
9062
9063
9064
9063
9064
9065
9062
9063
9064
9064
9065
9066
9060
9061
9062
9057
9058
9059
9059
9060
9061
9059
9060
9061
9058
9059
9060
9059
9060
9061
9061
9062
9063
9063
9064
9065
9064
9065
9066
9064
9065
9066
9066
9067
9068
9068
9069
9070
9069
9070
9071
9052
9053
9054
9054
9055
9056
9056
9057
9058
9057
9058
9059
9059
9060
9061
9059
9060
9061
9059
9060
9061
9057
9058
9059
9053
9054
9055
9049
9050
9051
9051
9052
9053
9053
9054
9055
9051
9052
9053
9053
9054
9055
9055
9056
9057
9056
9057
9058
9056
9057
9058
9054
9055
9056
9055
9056
9057
9049
9050
9051
9051
9052
9053
9053
9054
9055
9055
9056
9057
9057
9058
9059
9055
9056
9057
9053
9054
9055
9054
9055
9056
9055
9056
9057
9052
9053
9054
9054
9055
9056
9056
9057
9058
9058
9059
9060
9060
9061
9062
9062
9063
9064
9060
9061
9062
9062
9063
9064
9064
9065
9066
9066
9067
9068
9056
9057
9058
9054
9055
9056
9053
9054
9055
9055
9056
9057
9052
9053
9054
9052
9053
9054
9054
9055
9056
9052
9053
9054
9052
9053
9054
9053
9054
9055
9052
9053
9054
9050
9051
9052
9052
9053
9054
9043
9044
9045
9045
9046
9047
9046
9047
9048
9048
9049
9050
9049
9050
9051
9051
9052
9053
9050
9051
9052
9052
9053
9054
9037
9038
9039
9039
9040
9041
9041
9042
9043
9043
9044
9045
9045
9046
9047
9047
9048
9049
9049
9050
9051
9049
9050
9051
9046
9047
9048
9047
9048
9049
9048
9049
9050
9047
9048
9049
9049
9050
9051
9051
9052
9053
9033
9034
9035
9035
9036
9037
9037
9038
9039
9039
9040
9041
9041
9042
9043
9040
9041
9042
9042
9043
9044
9042
9043
9044
9039
9040
9041
9041
9042
9043
9043
9044
9045
9042
9043
9044
9043
9044
9045
9039
9040
9041
9041
9042
9043
9043
9044
9045
9045
9046
9047
9047
9048
9049
9048
9049
9050
9045
9046
9047
9047
9048
9049
9042
9043
9044
9044
9045
9046
9042
9043
9044
9044
9045
9046
9046
9047
9048
9042
9043
9044
9043
9044
9045
9045
9046
9047
9046
9047
9048
9047
9048
9049
9048
9049
9050
9046
9047
9048
9048
9049
9050
9047
9048
9049
9045
9046
9047
9047
9048
9049
9049
9050
9051
9040
9041
9042
9042
9043
9044
9040
9041
9042
9039
9040
9041
9036
9037
9038
9038
9039
9040
9040
9041
9042
9042
9043
9044
9038
9039
9040
9040
9041
9042
9041
9042
9043
9032
9033
9034
9034
9035
9036
9036
9037
9038
9034
9035
9036
9036
9037
9038
9019
9020
9021
9020
9021
9022
9021
9022
9023
9023
9024
9025
9022
9023
9024
9024
9025
9026
9025
9026
9027
9026
9027
9028
9028
9029
9030
9030
9031
9032
9032
9033
9034
9030
9031
9032
9020
9021
9022
9022
9023
9024
9024
9025
9026
9022
9023
9024
9024
9025
9026
9021
9022
9023
9021
9022
9023
9020
9021
9022
9022
9023
9024
9024
9025
9026
9022
9023
9024
9024
9025
9026
9026
9027
9028
9023
9024
9025
9025
9026
9027
9026
9027
9028
9026
9027
9028
9024
9025
9026
9026
9027
9028
9028
9029
9030
9012
9013
9014
9014
9015
9016
9015
9016
9017
9017
9018
9019
9014
9015
9016
9015
9016
9017
9017
9018
9019
9009
9010
9011
9011
9012
9013
9013
9014
9015
9015
9016
9017
9015
9016
9017
9017
9018
9019
9018
9019
9020
9018
9019
9020
9020
9021
9022
9022
9023
9024
9024
9025
9026
9026
9027
9028
9028
9029
9030
9025
9026
9027
9027
9028
9029
9029
9030
9031
9031
9032
9033
9026
9027
9028
9028
9029
9030
9029
9030
9031
9029
9030
9031
9031
9032
9033
9032
9033
9034
9034
9035
9036
9032
9033
9034
9028
9029
9030
9030
9031
9032
9032
9033
9034
9034
9035
9036
9036
9037
9038
9034
9035
9036
9035
9036
9037
9037
9038
9039
9039
9040
9041
9041
9042
9043
9041
9042
9043
9042
9043
9044
9044
9045
9046
9045
9046
9047
9042
9043
9044
9040
9041
9042
9041
9042
9043
9043
9044
9045
9045
9046
9047
9044
9045
9046
9039
9040
9041
9040
9041
9042
9041
9042
9043
9041
9042
9043
9033
9034
9035
9032
9033
9034
9024
9025
9026
9026
9027
9028
9028
9029
9030
9011
9012
9013
9013
9014
9015
9015
9016
9017
9017
9018
9019
9019
9020
9021
9021
9022
9023
9016
9017
9018
9018
9019
9020
9019
9020
9021
9021
9022
9023
9023
9024
9025
9025
9026
9027
9025
9026
9027
9027
9028
9029
9028
9029
9030
9019
9020
9021
9021
9022
9023
9020
9021
9022
9020
9021
9022
9022
9023
9024
9009
9010
9011
9011
9012
9013
9011
9012
9013
9013
9014
9015
9010
9011
9012
9012
9013
9014
9014
9015
9016
9016
9017
9018
9018
9019
9020
9020
9021
9022
9022
9023
9024
9024
9025
9026
9026
9027
9028
9026
9027
9028
9027
9028
9029
9029
9030
9031
9031
9032
9033
9033
9034
9035
9027
9028
9029
9029
9030
9031
9031
9032
9033
9029
9030
9031
9027
9028
9029
9029
9030
9031
9030
9031
9032
9031
9032
9033
9031
9032
9033
9033
9034
9035
9026
9027
9028
9027
9028
9029
9026
9027
9028
9024
9025
9026
9025
9026
9027
9022
9023
9024
9012
9013
9014
9014
9015
9016
9016
9017
9018
9017
9018
9019
9015
9016
9017
9017
9018
9019
9019
9020
9021
9021
9022
9023
9017
9018
9019
9019
9020
9021
9021
9022
9023
9020
9021
9022
9020
9021
9022
9022
9023
9024
9018
9019
9020
9019
9020
9021
9021
9022
9023
9023
9024
9025
9024
9025
9026
9014
9015
9016
9001
9002
9003
8991
8992
8993
8993
8994
8995
8992
8993
8994
8990
8991
8992
8992
8993
8994
8989
8990
8991
8991
8992
8993
8990
8991
8992
8992
8993
8994
8994
8995
8996
8996
8997
8998
8998
8999
9000
9000
9001
9002
8999
9000
9001
9001
9002
9003
8995
8996
8997
8997
8998
8999
8995
8996
8997
8976
8977
8978
8974
8975
8976
8976
8977
8978
8974
8975
8976
8975
8976
8977
8976
8977
8978
8974
8975
8976
8976
8977
8978
8978
8979
8980
8978
8979
8980
8978
8979
8980
8980
8981
8982
8973
8974
8975
8973
8974
8975
8973
8974
8975
8968
8969
8970
8967
8968
8969
8968
8969
8970
8963
8964
8965
8965
8966
8967
8965
8966
8967
8966
8967
8968
8965
8966
8967
8966
8967
8968
8966
8967
8968
8955
8956
8957
8957
8958
8959
8959
8960
8961
8961
8962
8963
8962
8963
8964
8964
8965
8966
8965
8966
8967
8967
8968
8969
8964
8965
8966
8966
8967
8968
8968
8969
8970
8958
8959
8960
8959
8960
8961
8949
8950
8951
8949
8950
8951
8951
8952
8953
8953
8954
8955
8955
8956
8957
8955
8956
8957
8957
8958
8959
8959
8960
8961
8960
8961
8962
8962
8963
8964
8949
8950
8951
8951
8952
8953
8953
8954
8955
8955
8956
8957
8955
8956
8957
8953
8954
8955
8955
8956
8957
8957
8958
8959
8959
8960
8961
8959
8960
8961
8961
8962
8963
8963
8964
8965
8965
8966
8967
8967
8968
8969
8969
8970
8971
8971
8972
8973
8973
8974
8975
8975
8976
8977
8974
8975
8976
8976
8977
8978
8963
8964
8965
8963
8964
8965
8964
8965
8966
8960
8961
8962
8961
8962
8963
8963
8964
8965
8963
8964
8965
8965
8966
8967
8958
8959
8960
8960
8961
8962
8962
8963
8964
8964
8965
8966
8963
8964
8965
8965
8966
8967
8962
8963
8964
8955
8956
8957
8957
8958
8959
8959
8960
8961
8953
8954
8955
8955
8956
8957
8948
8949
8950
8946
8947
8948
8948
8949
8950
8946
8947
8948
8948
8949
8950
8943
8944
8945
8944
8945
8946
8945
8946
8947
8938
8939
8940
8935
8936
8937
8929
8930
8931
8931
8932
8933
8906
8907
8908
8908
8909
8910
8908
8909
8910
8910
8911
8912
8912
8913
8914
8912
8913
8914
8908
8909
8910
8907
8908
8909
8905
8906
8907
8905
8906
8907
8907
8908
8909
8909
8910
8911
8911
8912
8913
8912
8913
8914
8912
8913
8914
8914
8915
8916
8915
8916
8917
8916
8917
8918
8916
8917
8918
8918
8919
8920
8918
8919
8920
8917
8918
8919
8919
8920
8921
8921
8922
8923
8923
8924
8925
8924
8925
8926
8920
8921
8922
8921
8922
8923
8921
8922
8923
8922
8923
8924
8924
8925
8926
8926
8927
8928
8916
8917
8918
8907
8908
8909
8908
8909
8910
8909
8910
8911
8909
8910
8911
8906
8907
8908
8907
8908
8909
8909
8910
8911
8909
8910
8911
8911
8912
8913
8911
8912
8913
8907
8908
8909
8907
8908
8909
8909
8910
8911
8910
8911
8912
8897
8898
8899
8890
8891
8892
8892
8893
8894
8893
8894
8895
8893
8894
8895
8895
8896
8897
8896
8897
8898
8897
8898
8899
8890
8891
8892
8890
8891
8892
8891
8892
8893
8893
8894
8895
8894
8895
8896
8892
8893
8894
8889
8890
8891
8879
8880
8881
8880
8881
8882
8879
8880
8881
8878
8879
8880
8877
8878
8879
8879
8880
8881
8881
8882
8883
8883
8884
8885
8885
8886
8887
8886
8887
8888
8888
8889
8890
8890
8891
8892
8891
8892
8893
8892
8893
8894
8893
8894
8895
8895
8896
8897
8897
8898
8899
8899
8900
8901
8900
8901
8902
8893
8894
8895
8893
8894
8895
8895
8896
8897
8893
8894
8895
8894
8895
8896
8895
8896
8897
8896
8897
8898
8893
8894
8895
8895
8896
8897
8894
8895
8896
8893
8894
8895
8893
8894
8895
8895
8896
8897
8897
8898
8899
8898
8899
8900
8896
8897
8898
8885
8886
8887
8887
8888
8889
8888
8889
8890
8880
8881
8882
8882
8883
8884
8883
8884
8885
8885
8886
8887
8885
8886
8887
8887
8888
8889
8889
8890
8891
8891
8892
8893
8892
8893
8894
8893
8894
8895
8895
8896
8897
8896
8897
8898
8898
8899
8900
8891
8892
8893
8893
8894
8895
8894
8895
8896
8894
8895
8896
8896
8897
8898
8898
8899
8900
8899
8900
8901
8900
8901
8902
8900
8901
8902
8899
8900
8901
8899
8900
8901
8900
8901
8902
8902
8903
8904
8903
8904
8905
8904
8905
8906
8905
8906
8907
8907
8908
8909
8909
8910
8911
8911
8912
8913
8913
8914
8915
8908
8909
8910
8902
8903
8904
8901
8902
8903
8899
8900
8901
8900
8901
8902
8899
8900
8901
8901
8902
8903
8903
8904
8905
8905
8906
8907
8905
8906
8907
8907
8908
8909
8909
8910
8911
8911
8912
8913
8910
8911
8912
8907
8908
8909
8907
8908
8909
8906
8907
8908
8908
8909
8910
8907
8908
8909
8909
8910
8911
8911
8912
8913
8909
8910
8911
8909
8910
8911
8911
8912
8913
8913
8914
8915
8913
8914
8915
8907
8908
8909
8909
8910
8911
8909
8910
8911
8906
8907
8908
8906
8907
8908
8907
8908
8909
8909
8910
8911
8911
8912
8913
8913
8914
8915
8915
8916
8917
8914
8915
8916
8916
8917
8918
8916
8917
8918
8916
8917
8918
8914
8915
8916
8905
8906
8907
8907
8908
8909
8906
8907
8908
8908
8909
8910
8910
8911
8912
8912
8913
8914
8911
8912
8913
8912
8913
8914
8910
8911
8912
8912
8913
8914
8914
8915
8916
8916
8917
8918
8916
8917
8918
8916
8917
8918
8918
8919
8920
8917
8918
8919
8919
8920
8921
8919
8920
8921
8920
8921
8922
8921
8922
8923
8919
8920
8921
8921
8922
8923
8923
8924
8925
8924
8925
8926
8925
8926
8927
8918
8919
8920
8919
8920
8921
8920
8921
8922
8922
8923
8924
8924
8925
8926
8923
8924
8925
8920
8921
8922
8904
8905
8906
8897
8898
8899
8895
8896
8897
8897
8898
8899
8899
8900
8901
8901
8902
8903
8899
8900
8901
8900
8901
8902
8902
8903
8904
8903
8904
8905
8905
8906
8907
8903
8904
8905
8904
8905
8906
8905
8906
8907
8906
8907
8908
8908
8909
8910
8910
8911
8912
8910
8911
8912
8912
8913
8914
8914
8915
8916
8912
8913
8914
8914
8915
8916
8914
8915
8916
8914
8915
8916
8913
8914
8915
8914
8915
8916
8914
8915
8916
8916
8917
8918
8915
8916
8917
8916
8917
8918
8918
8919
8920
8919
8920
8921
8921
8922
8923
8923
8924
8925
8923
8924
8925
8925
8926
8927
8927
8928
8929
8929
8930
8931
8929
8930
8931
8926
8927
8928
8923
8924
8925
8925
8926
8927
8927
8928
8929
8929
8930
8931
8928
8929
8930
8930
8931
8932
8927
8928
8929
8927
8928
8929
8922
8923
8924
8924
8925
8926
8922
8923
8924
8922
8923
8924
8923
8924
8925
8925
8926
8927
8927
8928
8929
8929
8930
8931
8928
8929
8930
8930
8931
8932
8932
8933
8934
8928
8929
8930
8925
8926
8927
8922
8923
8924
8924
8925
8926
8924
8925
8926
8926
8927
8928
8924
8925
8926
8920
8921
8922
8921
8922
8923
8923
8924
8925
8925
8926
8927
8924
8925
8926
8926
8927
8928
8928
8929
8930
8929
8930
8931
8915
8916
8917
8916
8917
8918
8918
8919
8920
8918
8919
8920
8920
8921
8922
8920
8921
8922
8922
8923
8924
8924
8925
8926
8926
8927
8928
8920
8921
8922
8922
8923
8924
8913
8914
8915
8915
8916
8917
8917
8918
8919
8919
8920
8921
8915
8916
8917
8917
8918
8919
8918
8919
8920
8918
8919
8920
8920
8921
8922
8922
8923
8924
8924
8925
8926
8926
8927
8928
8928
8929
8930
8930
8931
8932
8932
8933
8934
8932
8933
8934
8934
8935
8936
8936
8937
8938
8938
8939
8940
8936
8937
8938
8931
8932
8933
8928
8929
8930
8928
8929
8930
8926
8927
8928
8926
8927
8928
8928
8929
8930
8928
8929
8930
8930
8931
8932
8921
8922
8923
8923
8924
8925
8924
8925
8926
8926
8927
8928
8928
8929
8930
8929
8930
8931
8929
8930
8931
8930
8931
8932
8932
8933
8934
8930
8931
8932
8932
8933
8934
8932
8933
8934
8932
8933
8934
8934
8935
8936
8936
8937
8938
8937
8938
8939
8938
8939
8940
8932
8933
8934
8929
8930
8931
8926
8927
8928
8928
8929
8930
8921
8922
8923
8923
8924
8925
8924
8925
8926
8919
8920
8921
8921
8922
8923
8923
8924
8925
8925
8926
8927
8926
8927
8928
8928
8929
8930
8930
8931
8932
8932
8933
8934
8933
8934
8935
8935
8936
8937
8936
8937
8938
8937
8938
8939
8938
8939
8940
8939
8940
8941
8938
8939
8940
8936
8937
8938
8937
8938
8939
8939
8940
8941
8941
8942
8943
8943
8944
8945
8942
8943
8944
8935
8936
8937
8937
8938
8939
8937
8938
8939
8928
8929
8930
8927
8928
8929
8929
8930
8931
8921
8922
8923
8922
8923
8924
8923
8924
8925
8919
8920
8921
8908
8909
8910
8910
8911
8912
8908
8909
8910
8910
8911
8912
8904
8905
8906
8906
8907
8908
8907
8908
8909
8907
8908
8909
8909
8910
8911
8911
8912
8913
8913
8914
8915
8904
8905
8906
8903
8904
8905
8905
8906
8907
8905
8906
8907
8900
8901
8902
8902
8903
8904
8904
8905
8906
8906
8907
8908
8908
8909
8910
8909
8910
8911
8911
8912
8913
8909
8910
8911
8911
8912
8913
8912
8913
8914
8914
8915
8916
8913
8914
8915
8905
8906
8907
8907
8908
8909
8909
8910
8911
8911
8912
8913
8908
8909
8910
8909
8910
8911
8911
8912
8913
8911
8912
8913
8908
8909
8910
8897
8898
8899
8895
8896
8897
8896
8897
8898
8897
8898
8899
8899
8900
8901
8900
8901
8902
8893
8894
8895
8895
8896
8897
8897
8898
8899
8899
8900
8901
8898
8899
8900
8899
8900
8901
8901
8902
8903
8902
8903
8904
8903
8904
8905
8904
8905
8906
8901
8902
8903
8901
8902
8903
8902
8903
8904
8903
8904
8905
8894
8895
8896
8895
8896
8897
8878
8879
8880
8880
8881
8882
8876
8877
8878
8878
8879
8880
8880
8881
8882
8881
8882
8883
8883
8884
8885
8885
8886
8887
8883
8884
8885
8885
8886
8887
8887
8888
8889
8883
8884
8885
8885
8886
8887
8887
8888
8889
8885
8886
8887
8886
8887
8888
8888
8889
8890
8889
8890
8891
8891
8892
8893
8893
8894
8895
8895
8896
8897
8897
8898
8899
8897
8898
8899
8899
8900
8901
8901
8902
8903
8902
8903
8904
8903
8904
8905
8905
8906
8907
8903
8904
8905
8896
8897
8898
8877
8878
8879
8876
8877
8878
8878
8879
8880
8873
8874
8875
8875
8876
8877
8876
8877
8878
8878
8879
8880
8880
8881
8882
8882
8883
8884
8884
8885
8886
8882
8883
8884
8884
8885
8886
8886
8887
8888
8887
8888
8889
8887
8888
8889
8889
8890
8891
8891
8892
8893
8885
8886
8887
8865
8866
8867
8866
8867
8868
8867
8868
8869
8868
8869
8870
8870
8871
8872
8871
8872
8873
8871
8872
8873
8869
8870
8871
8867
8868
8869
8869
8870
8871
8869
8870
8871
8871
8872
8873
8860
8861
8862
8862
8863
8864
8864
8865
8866
8865
8866
8867
8867
8868
8869
8864
8865
8866
8865
8866
8867
8864
8865
8866
8864
8865
8866
8866
8867
8868
8868
8869
8870
8868
8869
8870
8867
8868
8869
8865
8866
8867
8867
8868
8869
8857
8858
8859
8858
8859
8860
8856
8857
8858
8857
8858
8859
8857
8858
8859
8859
8860
8861
8859
8860
8861
8854
8855
8856
8856
8857
8858
8854
8855
8856
8856
8857
8858
8857
8858
8859
8858
8859
8860
8860
8861
8862
8861
8862
8863
8863
8864
8865
8862
8863
8864
8863
8864
8865
8865
8866
8867
8859
8860
8861
8858
8859
8860
8857
8858
8859
8854
8855
8856
8851
8852
8853
8853
8854
8855
8851
8852
8853
8853
8854
8855
8853
8854
8855
8855
8856
8857
8856
8857
8858
8857
8858
8859
8858
8859
8860
8858
8859
8860
8853
8854
8855
8851
8852
8853
8853
8854
8855
8849
8850
8851
8851
8852
8853
8853
8854
8855
8854
8855
8856
8856
8857
8858
8858
8859
8860
8859
8860
8861
8859
8860
8861
8859
8860
8861
8861
8862
8863
8862
8863
8864
8863
8864
8865
8864
8865
8866
8866
8867
8868
8868
8869
8870
8858
8859
8860
8859
8860
8861
8861
8862
8863
8863
8864
8865
8865
8866
8867
8865
8866
8867
8865
8866
8867
8867
8868
8869
8868
8869
8870
8870
8871
8872
8870
8871
8872
8872
8873
8874
8872
8873
8874
8870
8871
8872
8872
8873
8874
8866
8867
8868
8868
8869
8870
8870
8871
8872
8872
8873
8874
8873
8874
8875
8867
8868
8869
8869
8870
8871
8868
8869
8870
8856
8857
8858
8856
8857
8858
8858
8859
8860
8860
8861
8862
8862
8863
8864
8863
8864
8865
8865
8866
8867
8861
8862
8863
8863
8864
8865
8865
8866
8867
8861
8862
8863
8861
8862
8863
8862
8863
8864
8852
8853
8854
8836
8837
8838
8838
8839
8840
8839
8840
8841
8840
8841
8842
8842
8843
8844
8830
8831
8832
8828
8829
8830
8830
8831
8832
8831
8832
8833
8832
8833
8834
8829
8830
8831
8830
8831
8832
8831
8832
8833
8833
8834
8835
8835
8836
8837
8833
8834
8835
8828
8829
8830
8827
8828
8829
8829
8830
8831
8829
8830
8831
8830
8831
8832
8832
8833
8834
8834
8835
8836
8832
8833
8834
8833
8834
8835
8833
8834
8835
8834
8835
8836
8835
8836
8837
8826
8827
8828
8825
8826
8827
8826
8827
8828
8824
8825
8826
8825
8826
8827
8827
8828
8829
8828
8829
8830
8823
8824
8825
8825
8826
8827
8820
8821
8822
8822
8823
8824
8824
8825
8826
8826
8827
8828
8828
8829
8830
8830
8831
8832
8832
8833
8834
8834
8835
8836
8835
8836
8837
8836
8837
8838
8837
8838
8839
8839
8840
8841
8840
8841
8842
8842
8843
8844
8838
8839
8840
8839
8840
8841
8840
8841
8842
8838
8839
8840
8836
8837
8838
8838
8839
8840
8839
8840
8841
8841
8842
8843
8843
8844
8845
8845
8846
8847
8847
8848
8849
8849
8850
8851
8846
8847
8848
8848
8849
8850
8846
8847
8848
8844
8845
8846
8846
8847
8848
8848
8849
8850
8848
8849
8850
8841
8842
8843
8843
8844
8845
8842
8843
8844
8844
8845
8846
8845
8846
8847
8847
8848
8849
8849
8850
8851
8850
8851
8852
8852
8853
8854
8854
8855
8856
8856
8857
8858
8857
8858
8859
8859
8860
8861
8860
8861
8862
8862
8863
8864
8858
8859
8860
8858
8859
8860
8853
8854
8855
8838
8839
8840
8840
8841
8842
8842
8843
8844
8839
8840
8841
8841
8842
8843
8837
8838
8839
8837
8838
8839
8837
8838
8839
8838
8839
8840
8838
8839
8840
8840
8841
8842
8842
8843
8844
8844
8845
8846
8846
8847
8848
8848
8849
8850
8850
8851
8852
8849
8850
8851
8846
8847
8848
8848
8849
8850
8849
8850
8851
8844
8845
8846
8845
8846
8847
8847
8848
8849
8849
8850
8851
8847
8848
8849
8849
8850
8851
8851
8852
8853
8853
8854
8855
8855
8856
8857
8851
8852
8853
8847
8848
8849
8849
8850
8851
8850
8851
8852
8852
8853
8854
8854
8855
8856
8856
8857
8858
8858
8859
8860
8858
8859
8860
8858
8859
8860
8859
8860
8861
8861
8862
8863
8863
8864
8865
8864
8865
8866
8866
8867
8868
8868
8869
8870
8870
8871
8872
8868
8869
8870
8869
8870
8871
8865
8866
8867
8866
8867
8868
8866
8867
8868
8867
8868
8869
8865
8866
8867
8855
8856
8857
8857
8858
8859
8859
8860
8861
8857
8858
8859
8859
8860
8861
8849
8850
8851
8850
8851
8852
8852
8853
8854
8854
8855
8856
8856
8857
8858
8857
8858
8859
8858
8859
8860
8856
8857
8858
8858
8859
8860
8857
8858
8859
8859
8860
8861
8859
8860
8861
8859
8860
8861
8861
8862
8863
8847
8848
8849
8849
8850
8851
8851
8852
8853
8851
8852
8853
8853
8854
8855
8855
8856
8857
8857
8858
8859
8858
8859
8860
8860
8861
8862
8854
8855
8856
8856
8857
8858
8858
8859
8860
8860
8861
8862
8860
8861
8862
8861
8862
8863
8862
8863
8864
8864
8865
8866
8854
8855
8856
8855
8856
8857
8854
8855
8856
8851
8852
8853
8842
8843
8844
8841
8842
8843
8840
8841
8842
8842
8843
8844
8842
8843
8844
8844
8845
8846
8846
8847
8848
8847
8848
8849
8848
8849
8850
8850
8851
8852
8850
8851
8852
8845
8846
8847
8846
8847
8848
8848
8849
8850
8850
8851
8852
8842
8843
8844
8843
8844
8845
8844
8845
8846
8835
8836
8837
8836
8837
8838
8836
8837
8838
8838
8839
8840
8826
8827
8828
8828
8829
8830
8830
8831
8832
8831
8832
8833
8833
8834
8835
8835
8836
8837
8837
8838
8839
8837
8838
8839
8838
8839
8840
8840
8841
8842
8841
8842
8843
8843
8844
8845
8843
8844
8845
8845
8846
8847
8845
8846
8847
8847
8848
8849
8849
8850
8851
8851
8852
8853
8853
8854
8855
8854
8855
8856
8852
8853
8854
8854
8855
8856
8856
8857
8858
8858
8859
8860
8860
8861
8862
8862
8863
8864
8859
8860
8861
8860
8861
8862
8861
8862
8863
8863
8864
8865
8865
8866
8867
8864
8865
8866
8860
8861
8862
8857
8858
8859
8859
8860
8861
8861
8862
8863
8862
8863
8864
8859
8860
8861
8852
8853
8854
8848
8849
8850
8850
8851
8852
8848
8849
8850
8837
8838
8839
8839
8840
8841
8840
8841
8842
8842
8843
8844
8843
8844
8845
8845
8846
8847
8846
8847
8848
8848
8849
8850
8850
8851
8852
8851
8852
8853
8852
8853
8854
8851
8852
8853
8848
8849
8850
8843
8844
8845
8842
8843
8844
8844
8845
8846
8831
8832
8833
8829
8830
8831
8831
8832
8833
8833
8834
8835
8835
8836
8837
8833
8834
8835
8830
8831
8832
8824
8825
8826
8825
8826
8827
8827
8828
8829
8826
8827
8828
8828
8829
8830
8825
8826
8827
8827
8828
8829
8825
8826
8827
8827
8828
8829
8828
8829
8830
8825
8826
8827
8825
8826
8827
8827
8828
8829
8821
8822
8823
8822
8823
8824
8824
8825
8826
8823
8824
8825
8824
8825
8826
8826
8827
8828
8828
8829
8830
8829
8830
8831
8830
8831
8832
8827
8828
8829
8821
8822
8823
8822
8823
8824
8823
8824
8825
8825
8826
8827
8825
8826
8827
8817
8818
8819
8819
8820
8821
8820
8821
8822
8817
8818
8819
8819
8820
8821
8815
8816
8817
8816
8817
8818
8812
8813
8814
8812
8813
8814
8814
8815
8816
8812
8813
8814
8812
8813
8814
8814
8815
8816
8815
8816
8817
8817
8818
8819
8817
8818
8819
8819
8820
8821
8815
8816
8817
8813
8814
8815
8815
8816
8817
8815
8816
8817
8817
8818
8819
8811
8812
8813
8813
8814
8815
8814
8815
8816
8815
8816
8817
8816
8817
8818
8816
8817
8818
8818
8819
8820
8818
8819
8820
8820
8821
8822
8822
8823
8824
8824
8825
8826
8817
8818
8819
8819
8820
8821
8819
8820
8821
8821
8822
8823
8823
8824
8825
8824
8825
8826
8825
8826
8827
8825
8826
8827
8827
8828
8829
8829
8830
8831
8829
8830
8831
8830
8831
8832
8832
8833
8834
8834
8835
8836
8836
8837
8838
8837
8838
8839
8839
8840
8841
8840
8841
8842
8842
8843
8844
8837
8838
8839
8839
8840
8841
8841
8842
8843
8843
8844
8845
8845
8846
8847
8846
8847
8848
8848
8849
8850
8850
8851
8852
8852
8853
8854
8852
8853
8854
8854
8855
8856
8828
8829
8830
8830
8831
8832
8826
8827
8828
8827
8828
8829
8828
8829
8830
8830
8831
8832
8821
8822
8823
8823
8824
8825
8823
8824
8825
8822
8823
8824
8823
8824
8825
8825
8826
8827
8827
8828
8829
8829
8830
8831
8829
8830
8831
8830
8831
8832
8832
8833
8834
8830
8831
8832
8815
8816
8817
8815
8816
8817
8817
8818
8819
8819
8820
8821
8821
8822
8823
8823
8824
8825
8825
8826
8827
8826
8827
8828
8828
8829
8830
8828
8829
8830
8826
8827
8828
8816
8817
8818
8815
8816
8817
8816
8817
8818
8809
8810
8811
8811
8812
8813
8813
8814
8815
8810
8811
8812
8812
8813
8814
8814
8815
8816
8816
8817
8818
8813
8814
8815
8811
8812
8813
8809
8810
8811
8811
8812
8813
8812
8813
8814
8811
8812
8813
8810
8811
8812
8812
8813
8814
8812
8813
8814
8811
8812
8813
8808
8809
8810
8810
8811
8812
8811
8812
8813
8813
8814
8815
8812
8813
8814
8812
8813
8814
8811
8812
8813
8813
8814
8815
8814
8815
8816
8814
8815
8816
8814
8815
8816
8815
8816
8817
8816
8817
8818
8817
8818
8819
8819
8820
8821
8819
8820
8821
8820
8821
8822
8821
8822
8823
8823
8824
8825
8824
8825
8826
8822
8823
8824
8821
8822
8823
8823
8824
8825
8824
8825
8826
8825
8826
8827
8825
8826
8827
8826
8827
8828
8828
8829
8830
8830
8831
8832
8830
8831
8832
8832
8833
8834
8823
8824
8825
8825
8826
8827
8826
8827
8828
8828
8829
8830
8825
8826
8827
8827
8828
8829
8826
8827
8828
8828
8829
8830
8827
8828
8829
8827
8828
8829
8829
8830
8831
8830
8831
8832
8831
8832
8833
8833
8834
8835
8825
8826
8827
8826
8827
8828
8827
8828
8829
8822
8823
8824
8824
8825
8826
8825
8826
8827
8827
8828
8829
8828
8829
8830
8829
8830
8831
8830
8831
8832
8829
8830
8831
8831
8832
8833
8829
8830
8831
8830
8831
8832
8830
8831
8832
8822
8823
8824
8822
8823
8824
8824
8825
8826
8826
8827
8828
8823
8824
8825
8822
8823
8824
8824
8825
8826
8823
8824
8825
8823
8824
8825
8824
8825
8826
8826
8827
8828
8819
8820
8821
8819
8820
8821
8813
8814
8815
8802
8803
8804
8800
8801
8802
8798
8799
8800
8800
8801
8802
8802
8803
8804
8794
8795
8796
8796
8797
8798
8795
8796
8797
8797
8798
8799
8798
8799
8800
8800
8801
8802
8802
8803
8804
8801
8802
8803
8798
8799
8800
8798
8799
8800
8800
8801
8802
8802
8803
8804
8797
8798
8799
8799
8800
8801
8801
8802
8803
8795
8796
8797
8797
8798
8799
8798
8799
8800
8798
8799
8800
8800
8801
8802
8799
8800
8801
8799
8800
8801
8801
8802
8803
8803
8804
8805
8781
8782
8783
8780
8781
8782
8782
8783
8784
8784
8785
8786
8786
8787
8788
8781
8782
8783
8783
8784
8785
8777
8778
8779
8778
8779
8780
8780
8781
8782
8782
8783
8784
8777
8778
8779
8777
8778
8779
8779
8780
8781
8781
8782
8783
8783
8784
8785
8784
8785
8786
8783
8784
8785
8785
8786
8787
8785
8786
8787
8787
8788
8789
8789
8790
8791
8791
8792
8793
8789
8790
8791
8790
8791
8792
8791
8792
8793
8792
8793
8794
8787
8788
8789
8786
8787
8788
8785
8786
8787
8785
8786
8787
8786
8787
8788
8788
8789
8790
8790
8791
8792
8789
8790
8791
8790
8791
8792
8791
8792
8793
8792
8793
8794
8794
8795
8796
8795
8796
8797
8797
8798
8799
8799
8800
8801
8800
8801
8802
8802
8803
8804
8804
8805
8806
8805
8806
8807
8804
8805
8806
8806
8807
8808
8808
8809
8810
8810
8811
8812
8805
8806
8807
8806
8807
8808
8808
8809
8810
8810
8811
8812
8801
8802
8803
8802
8803
8804
8801
8802
8803
8803
8804
8805
8805
8806
8807
8804
8805
8806
8805
8806
8807
8807
8808
8809
8799
8800
8801
8799
8800
8801
8801
8802
8803
8803
8804
8805
8803
8804
8805
8805
8806
8807
8807
8808
8809
8806
8807
8808
8808
8809
8810
8793
8794
8795
8795
8796
8797
8797
8798
8799
8797
8798
8799
8790
8791
8792
8790
8791
8792
8790
8791
8792
8791
8792
8793
8793
8794
8795
8795
8796
8797
8797
8798
8799
8798
8799
8800
8794
8795
8796
8796
8797
8798
8798
8799
8800
8800
8801
8802
8802
8803
8804
8804
8805
8806
8806
8807
8808
8807
8808
8809
8809
8810
8811
8810
8811
8812
8812
8813
8814
8803
8804
8805
8801
8802
8803
8803
8804
8805
8805
8806
8807
8804
8805
8806
8806
8807
8808
8808
8809
8810
8808
8809
8810
8808
8809
8810
8802
8803
8804
8804
8805
8806
8805
8806
8807
8807
8808
8809
8808
8809
8810
8802
8803
8804
8803
8804
8805
8805
8806
8807
8801
8802
8803
8803
8804
8805
8805
8806
8807
8806
8807
8808
8807
8808
8809
8807
8808
8809
8809
8810
8811
8810
8811
8812
8812
8813
8814
8814
8815
8816
8816
8817
8818
8818
8819
8820
8814
8815
8816
8814
8815
8816
8816
8817
8818
8817
8818
8819
8816
8817
8818
8817
8818
8819
8819
8820
8821
8821
8822
8823
8820
8821
8822
8822
8823
8824
8820
8821
8822
8816
8817
8818
8818
8819
8820
8817
8818
8819
8819
8820
8821
8818
8819
8820
8818
8819
8820
8820
8821
8822
8822
8823
8824
8824
8825
8826
8824
8825
8826
8825
8826
8827
8827
8828
8829
8825
8826
8827
8827
8828
8829
8826
8827
8828
8828
8829
8830
8828
8829
8830
8828
8829
8830
8817
8818
8819
8819
8820
8821
8821
8822
8823
8817
8818
8819
8817
8818
8819
8819
8820
8821
8820
8821
8822
8822
8823
8824
8821
8822
8823
8818
8819
8820
8820
8821
8822
8811
8812
8813
8809
8810
8811
8811
8812
8813
8813
8814
8815
8815
8816
8817
8817
8818
8819
8818
8819
8820
8818
8819
8820
8813
8814
8815
8815
8816
8817
8805
8806
8807
8806
8807
8808
8808
8809
8810
8807
8808
8809
8809
8810
8811
8811
8812
8813
8812
8813
8814
8805
8806
8807
8807
8808
8809
8805
8806
8807
8806
8807
8808
8794
8795
8796
8796
8797
8798
8797
8798
8799
8796
8797
8798
8797
8798
8799
8798
8799
8800
8800
8801
8802
8795
8796
8797
8793
8794
8795
8787
8788
8789
8788
8789
8790
8790
8791
8792
8792
8793
8794
8794
8795
8796
8794
8795
8796
8796
8797
8798
8797
8798
8799
8792
8793
8794
8793
8794
8795
8795
8796
8797
8796
8797
8798
8792
8793
8794
8792
8793
8794
8782
8783
8784
8784
8785
8786
8779
8780
8781
8781
8782
8783
8783
8784
8785
8777
8778
8779
8779
8780
8781
8779
8780
8781
8778
8779
8780
8780
8781
8782
8782
8783
8784
8784
8785
8786
8785
8786
8787
8785
8786
8787
8786
8787
8788
8787
8788
8789
8787
8788
8789
8787
8788
8789
8788
8789
8790
8790
8791
8792
8792
8793
8794
8794
8795
8796
8796
8797
8798
8797
8798
8799
8799
8800
8801
8801
8802
8803
8803
8804
8805
8805
8806
8807
8805
8806
8807
8806
8807
8808
8802
8803
8804
8804
8805
8806
8806
8807
8808
8807
8808
8809
8806
8807
8808
8805
8806
8807
8807
8808
8809
8805
8806
8807
8807
8808
8809
8809
8810
8811
8810
8811
8812
8812
8813
8814
8804
8805
8806
8806
8807
8808
8808
8809
8810
8810
8811
8812
8811
8812
8813
8813
8814
8815
8808
8809
8810
8809
8810
8811
8811
8812
8813
8813
8814
8815
8813
8814
8815
8814
8815
8816
8816
8817
8818
8807
8808
8809
8809
8810
8811
8811
8812
8813
8809
8810
8811
8811
8812
8813
8813
8814
8815
8815
8816
8817
8817
8818
8819
8817
8818
8819
8819
8820
8821
8821
8822
8823
8823
8824
8825
8825
8826
8827
8825
8826
8827
8814
8815
8816
8816
8817
8818
8816
8817
8818
8818
8819
8820
8817
8818
8819
8819
8820
8821
8817
8818
8819
8811
8812
8813
8811
8812
8813
8810
8811
8812
8811
8812
8813
8813
8814
8815
8815
8816
8817
8803
8804
8805
8801
8802
8803
8803
8804
8805
8804
8805
8806
8806
8807
8808
8806
8807
8808
8806
8807
8808
8808
8809
8810
8810
8811
8812
8807
8808
8809
8799
8800
8801
8791
8792
8793
8791
8792
8793
8791
8792
8793
8793
8794
8795
8795
8796
8797
8792
8793
8794
8794
8795
8796
8796
8797
8798
8796
8797
8798
8798
8799
8800
8800
8801
8802
8802
8803
8804
8804
8805
8806
8806
8807
8808
8805
8806
8807
8807
8808
8809
8809
8810
8811
8805
8806
8807
8804
8805
8806
8805
8806
8807
8807
8808
8809
8808
8809
8810
8809
8810
8811
8808
8809
8810
8808
8809
8810
8809
8810
8811
8811
8812
8813
8811
8812
8813
8811
8812
8813
8813
8814
8815
8815
8816
8817
8812
8813
8814
8814
8815
8816
8816
8817
8818
8811
8812
8813
8812
8813
8814
8813
8814
8815
8815
8816
8817
8816
8817
8818
8816
8817
8818
8815
8816
8817
8817
8818
8819
8819
8820
8821
8817
8818
8819
8817
8818
8819
8807
8808
8809
8809
8810
8811
8811
8812
8813
8813
8814
8815
8815
8816
8817
8817
8818
8819
8816
8817
8818
8811
8812
8813
8797
8798
8799
8799
8800
8801
8799
8800
8801
8797
8798
8799
8797
8798
8799
8796
8797
8798
8798
8799
8800
8797
8798
8799
8799
8800
8801
8801
8802
8803
8802
8803
8804
8801
8802
8803
8803
8804
8805
8805
8806
8807
8807
8808
8809
8808
8809
8810
8810
8811
8812
8812
8813
8814
8801
8802
8803
8803
8804
8805
8803
8804
8805
8803
8804
8805
8803
8804
8805
8805
8806
8807
8793
8794
8795
8795
8796
8797
8796
8797
8798
8796
8797
8798
8797
8798
8799
8799
8800
8801
8796
8797
8798
8796
8797
8798
8798
8799
8800
8797
8798
8799
8796
8797
8798
8791
8792
8793
8790
8791
8792
8792
8793
8794
8794
8795
8796
8796
8797
8798
8795
8796
8797
8797
8798
8799
8797
8798
8799
8799
8800
8801
8801
8802
8803
8801
8802
8803
8803
8804
8805
8805
8806
8807
8799
8800
8801
8798
8799
8800
8800
8801
8802
8802
8803
8804
8800
8801
8802
8802
8803
8804
8803
8804
8805
8805
8806
8807
8807
8808
8809
8806
8807
8808
8807
8808
8809
8802
8803
8804
8799
8800
8801
8800
8801
8802
8802
8803
8804
8803
8804
8805
8805
8806
8807
8807
8808
8809
8809
8810
8811
8808
8809
8810
8810
8811
8812
8808
8809
8810
8806
8807
8808
8803
8804
8805
8804
8805
8806
8806
8807
8808
8808
8809
8810
8810
8811
8812
8810
8811
8812
8812
8813
8814
8814
8815
8816
8816
8817
8818
8818
8819
8820
8820
8821
8822
8816
8817
8818
8818
8819
8820
8820
8821
8822
8821
8822
8823
8821
8822
8823
8823
8824
8825
8820
8821
8822
8818
8819
8820
8820
8821
8822
8818
8819
8820
8820
8821
8822
8818
8819
8820
8819
8820
8821
8811
8812
8813
8811
8812
8813
8813
8814
8815
8814
8815
8816
8814
8815
8816
8810
8811
8812
8812
8813
8814
8814
8815
8816
8809
8810
8811
8808
8809
8810
8810
8811
8812
8812
8813
8814
8814
8815
8816
8815
8816
8817
8808
8809
8810
8810
8811
8812
8809
8810
8811
8804
8805
8806
8806
8807
8808
8808
8809
8810
8810
8811
8812
8809
8810
8811
8808
8809
8810
8806
8807
8808
8808
8809
8810
8808
8809
8810
8809
8810
8811
8810
8811
8812
8810
8811
8812
8812
8813
8814
8814
8815
8816
8815
8816
8817
8817
8818
8819
8819
8820
8821
8821
8822
8823
8823
8824
8825
8825
8826
8827
8827
8828
8829
8827
8828
8829
8829
8830
8831
8831
8832
8833
8826
8827
8828
8826
8827
8828
8828
8829
8830
8830
8831
8832
8827
8828
8829
8820
8821
8822
8808
8809
8810
8810
8811
8812
8812
8813
8814
8814
8815
8816
8815
8816
8817
8817
8818
8819
8816
8817
8818
8817
8818
8819
8817
8818
8819
8819
8820
8821
8820
8821
8822
8822
8823
8824
8824
8825
8826
8826
8827
8828
8828
8829
8830
8830
8831
8832
8831
8832
8833
8833
8834
8835
8834
8835
8836
8836
8837
8838
8838
8839
8840
8838
8839
8840
8839
8840
8841
8839
8840
8841
8841
8842
8843
8841
8842
8843
8843
8844
8845
8845
8846
8847
8843
8844
8845
8845
8846
8847
8846
8847
8848
8843
8844
8845
8839
8840
8841
8839
8840
8841
8841
8842
8843
8843
8844
8845
8844
8845
8846
8846
8847
8848
8846
8847
8848
8845
8846
8847
8846
8847
8848
8847
8848
8849
8847
8848
8849
8849
8850
8851
8851
8852
8853
8849
8850
8851
8851
8852
8853
8851
8852
8853
8852
8853
8854
8853
8854
8855
8854
8855
8856
8856
8857
8858
8858
8859
8860
8860
8861
8862
8862
8863
8864
8864
8865
8866
8860
8861
8862
8862
8863
8864
8864
8865
8866
8866
8867
8868
8868
8869
8870
8853
8854
8855
8855
8856
8857
8848
8849
8850
8849
8850
8851
8851
8852
8853
8853
8854
8855
8855
8856
8857
8857
8858
8859
8859
8860
8861
8861
8862
8863
8863
8864
8865
8865
8866
8867
8867
8868
8869
8866
8867
8868
8867
8868
8869
8867
8868
8869
8869
8870
8871
8871
8872
8873
8872
8873
8874
8874
8875
8876
8866
8867
8868
8868
8869
8870
8869
8870
8871
8871
8872
8873
8873
8874
8875
8875
8876
8877
8869
8870
8871
8869
8870
8871
8871
8872
8873
8873
8874
8875
8874
8875
8876
8854
8855
8856
8856
8857
8858
8858
8859
8860
8860
8861
8862
8850
8851
8852
8852
8853
8854
8854
8855
8856
8848
8849
8850
8850
8851
8852
8852
8853
8854
8854
8855
8856
8856
8857
8858
8849
8850
8851
8851
8852
8853
8853
8854
8855
8848
8849
8850
8850
8851
8852
8846
8847
8848
8848
8849
8850
8847
8848
8849
8849
8850
8851
8849
8850
8851
8851
8852
8853
8851
8852
8853
8848
8849
8850
8848
8849
8850
8850
8851
8852
8843
8844
8845
8845
8846
8847
8844
8845
8846
8846
8847
8848
8844
8845
8846
8845
8846
8847
8847
8848
8849
8836
8837
8838
8838
8839
8840
8840
8841
8842
8842
8843
8844
8844
8845
8846
8840
8841
8842
8842
8843
8844
8844
8845
8846
8837
8838
8839
8839
8840
8841
8837
8838
8839
8839
8840
8841
8841
8842
8843
8841
8842
8843
8843
8844
8845
8840
8841
8842
8842
8843
8844
8839
8840
8841
8838
8839
8840
8839
8840
8841
8834
8835
8836
8835
8836
8837
8834
8835
8836
8836
8837
8838
8835
8836
8837
8834
8835
8836
8836
8837
8838
8833
8834
8835
8831
8832
8833
8833
8834
8835
8835
8836
8837
8834
8835
8836
8836
8837
8838
8836
8837
8838
8838
8839
8840
8840
8841
8842
8838
8839
8840
8840
8841
8842
8842
8843
8844
8842
8843
8844
8840
8841
8842
8842
8843
8844
8844
8845
8846
8846
8847
8848
8848
8849
8850
8848
8849
8850
8845
8846
8847
8846
8847
8848
8845
8846
8847
8846
8847
8848
8848
8849
8850
8850
8851
8852
8848
8849
8850
8850
8851
8852
8852
8853
8854
8854
8855
8856
8853
8854
8855
8855
8856
8857
8855
8856
8857
8857
8858
8859
8857
8858
8859
8854
8855
8856
8856
8857
8858
8845
8846
8847
8844
8845
8846
8845
8846
8847
8846
8847
8848
8844
8845
8846
8842
8843
8844
8844
8845
8846
8844
8845
8846
8846
8847
8848
8848
8849
8850
8847
8848
8849
8845
8846
8847
8847
8848
8849
8849
8850
8851
8847
8848
8849
8849
8850
8851
8849
8850
8851
8850
8851
8852
8849
8850
8851
8851
8852
8853
8851
8852
8853
8853
8854
8855
8855
8856
8857
8855
8856
8857
8857
8858
8859
8855
8856
8857
8856
8857
8858
8857
8858
8859
8857
8858
8859
8859
8860
8861
8858
8859
8860
8859
8860
8861
8860
8861
8862
8859
8860
8861
8857
8858
8859
8850
8851
8852
8852
8853
8854
8853
8854
8855
8854
8855
8856
8855
8856
8857
8856
8857
8858
8857
8858
8859
8856
8857
8858
8855
8856
8857
8857
8858
8859
8857
8858
8859
8859
8860
8861
8861
8862
8863
8862
8863
8864
8864
8865
8866
8852
8853
8854
8854
8855
8856
8856
8857
8858
8858
8859
8860
8858
8859
8860
8857
8858
8859
8855
8856
8857
8854
8855
8856
8854
8855
8856
8855
8856
8857
8857
8858
8859
8859
8860
8861
8861
8862
8863
8861
8862
8863
8863
8864
8865
8865
8866
8867
8867
8868
8869
8866
8867
8868
8860
8861
8862
8861
8862
8863
8863
8864
8865
8860
8861
8862
8862
8863
8864
8860
8861
8862
8860
8861
8862
8859
8860
8861
8847
8848
8849
8849
8850
8851
8851
8852
8853
8853
8854
8855
8852
8853
8854
8854
8855
8856
8854
8855
8856
8853
8854
8855
8855
8856
8857
8856
8857
8858
8853
8854
8855
8855
8856
8857
8852
8853
8854
8852
8853
8854
8852
8853
8854
8848
8849
8850
8848
8849
8850
8847
8848
8849
8849
8850
8851
8849
8850
8851
8850
8851
8852
8849
8850
8851
8851
8852
8853
8852
8853
8854
8853
8854
8855
8854
8855
8856
8856
8857
8858
8857
8858
8859
8858
8859
8860
8859
8860
8861
8854
8855
8856
8853
8854
8855
8854
8855
8856
8852
8853
8854
8851
8852
8853
8852
8853
8854
8854
8855
8856
8853
8854
8855
8855
8856
8857
8855
8856
8857
8853
8854
8855
8852
8853
8854
8854
8855
8856
8846
8847
8848
8847
8848
8849
8849
8850
8851
8851
8852
8853
8853
8854
8855
8855
8856
8857
8852
8853
8854
8854
8855
8856
8856
8857
8858
8854
8855
8856
8856
8857
8858
8856
8857
8858
8857
8858
8859
8855
8856
8857
8857
8858
8859
8858
8859
8860
8858
8859
8860
8853
8854
8855
8847
8848
8849
8835
8836
8837
8837
8838
8839
8839
8840
8841
8841
8842
8843
8838
8839
8840
8839
8840
8841
8837
8838
8839
8833
8834
8835
8835
8836
8837
8833
8834
8835
8831
8832
8833
8833
8834
8835
8835
8836
8837
8837
8838
8839
8839
8840
8841
8841
8842
8843
8843
8844
8845
8845
8846
8847
8847
8848
8849
8849
8850
8851
8851
8852
8853
8853
8854
8855
8855
8856
8857
8855
8856
8857
8857
8858
8859
8859
8860
8861
8860
8861
8862
8848
8849
8850
8850
8851
8852
8852
8853
8854
8853
8854
8855
8855
8856
8857
8854
8855
8856
8847
8848
8849
8849
8850
8851
8851
8852
8853
8853
8854
8855
8855
8856
8857
8857
8858
8859
8858
8859
8860
8859
8860
8861
8861
8862
8863
8863
8864
8865
8862
8863
8864
8863
8864
8865
8865
8866
8867
8867
8868
8869
8863
8864
8865
8863
8864
8865
8862
8863
8864
8864
8865
8866
8856
8857
8858
8858
8859
8860
8860
8861
8862
8856
8857
8858
8858
8859
8860
8848
8849
8850
8850
8851
8852
8852
8853
8854
8853
8854
8855
8854
8855
8856
8855
8856
8857
8857
8858
8859
8859
8860
8861
8854
8855
8856
8856
8857
8858
8843
8844
8845
8844
8845
8846
8838
8839
8840
8833
8834
8835
8828
8829
8830
8830
8831
8832
8828
8829
8830
8830
8831
8832
8828
8829
8830
8830
8831
8832
8824
8825
8826
8824
8825
8826
8825
8826
8827
8827
8828
8829
8829
8830
8831
8831
8832
8833
8828
8829
8830
8830
8831
8832
8832
8833
8834
8834
8835
8836
8831
8832
8833
8833
8834
8835
8835
8836
8837
8836
8837
8838
8837
8838
8839
8838
8839
8840
8836
8837
8838
8838
8839
8840
8840
8841
8842
8841
8842
8843
8841
8842
8843
8843
8844
8845
8845
8846
8847
8847
8848
8849
8849
8850
8851
8850
8851
8852
8850
8851
8852
8850
8851
8852
8849
8850
8851
8851
8852
8853
8853
8854
8855
8855
8856
8857
8855
8856
8857
8854
8855
8856
8847
8848
8849
8848
8849
8850
8849
8850
8851
8850
8851
8852
8841
8842
8843
8833
8834
8835
8832
8833
8834
8834
8835
8836
8834
8835
8836
8827
8828
8829
8829
8830
8831
8829
8830
8831
8831
8832
8833
8824
8825
8826
8815
8816
8817
8807
8808
8809
8809
8810
8811
8808
8809
8810
8809
8810
8811
8809
8810
8811
8811
8812
8813
8808
8809
8810
8810
8811
8812
8812
8813
8814
8813
8814
8815
8815
8816
8817
8813
8814
8815
8815
8816
8817
8816
8817
8818
8818
8819
8820
8817
8818
8819
8819
8820
8821
8821
8822
8823
8823
8824
8825
8823
8824
8825
8825
8826
8827
8827
8828
8829
8820
8821
8822
8818
8819
8820
8820
8821
8822
8821
8822
8823
8822
8823
8824
8821
8822
8823
8823
8824
8825
8824
8825
8826
8826
8827
8828
8828
8829
8830
8830
8831
8832
8831
8832
8833
8833
8834
8835
8835
8836
8837
8837
8838
8839
8839
8840
8841
8841
8842
8843
8842
8843
8844
8842
8843
8844
8843
8844
8845
8832
8833
8834
8834
8835
8836
8835
8836
8837
8836
8837
8838
8838
8839
8840
8840
8841
8842
8842
8843
8844
8842
8843
8844
8832
8833
8834
8834
8835
8836
8836
8837
8838
8837
8838
8839
8835
8836
8837
8836
8837
8838
8834
8835
8836
8834
8835
8836
8829
8830
8831
8831
8832
8833
8832
8833
8834
8834
8835
8836
8834
8835
8836
8836
8837
8838
8838
8839
8840
8840
8841
8842
8839
8840
8841
8841
8842
8843
8843
8844
8845
8838
8839
8840
8840
8841
8842
8834
8835
8836
8835
8836
8837
8837
8838
8839
8837
8838
8839
8833
8834
8835
8834
8835
8836
8836
8837
8838
8834
8835
8836
8834
8835
8836
8836
8837
8838
8836
8837
8838
8837
8838
8839
8839
8840
8841
8840
8841
8842
8841
8842
8843
8841
8842
8843
8843
8844
8845
8842
8843
8844
8843
8844
8845
8845
8846
8847
8846
8847
8848
8835
8836
8837
8833
8834
8835
8834
8835
8836
8836
8837
8838
8837
8838
8839
8839
8840
8841
8839
8840
8841
8841
8842
8843
8843
8844
8845
8844
8845
8846
8844
8845
8846
8841
8842
8843
8840
8841
8842
8842
8843
8844
8843
8844
8845
8844
8845
8846
8846
8847
8848
8847
8848
8849
8849
8850
8851
8848
8849
8850
8850
8851
8852
8851
8852
8853
8851
8852
8853
8850
8851
8852
8851
8852
8853
8850
8851
8852
8848
8849
8850
8850
8851
8852
8850
8851
8852
8852
8853
8854
8851
8852
8853
8853
8854
8855
8855
8856
8857
8854
8855
8856
8856
8857
8858
8856
8857
8858
8858
8859
8860
8859
8860
8861
8861
8862
8863
8863
8864
8865
8859
8860
8861
8857
8858
8859
8859
8860
8861
8860
8861
8862
8862
8863
8864
8864
8865
8866
8863
8864
8865
8865
8866
8867
8866
8867
8868
8863
8864
8865
8865
8866
8867
8867
8868
8869
8868
8869
8870
8860
8861
8862
8859
8860
8861
8861
8862
8863
8863
8864
8865
8865
8866
8867
8867
8868
8869
8869
8870
8871
8853
8854
8855
8855
8856
8857
8854
8855
8856
8851
8852
8853
8849
8850
8851
8851
8852
8853
8851
8852
8853
8853
8854
8855
8854
8855
8856
8852
8853
8854
8854
8855
8856
8845
8846
8847
8847
8848
8849
8849
8850
8851
8850
8851
8852
8852
8853
8854
8851
8852
8853
8847
8848
8849
8848
8849
8850
8833
8834
8835
8835
8836
8837
8837
8838
8839
8834
8835
8836
8836
8837
8838
8837
8838
8839
8838
8839
8840
8840
8841
8842
8833
8834
8835
8835
8836
8837
8837
8838
8839
8828
8829
8830
8824
8825
8826
8825
8826
8827
8826
8827
8828
8827
8828
8829
8829
8830
8831
8822
8823
8824
8823
8824
8825
8824
8825
8826
8825
8826
8827
8826
8827
8828
8827
8828
8829
8829
8830
8831
8831
8832
8833
8828
8829
8830
8830
8831
8832
8830
8831
8832
8828
8829
8830
8830
8831
8832
8831
8832
8833
8818
8819
8820
8819
8820
8821
8818
8819
8820
8817
8818
8819
8819
8820
8821
8820
