1051
1548
1813
1894
1756
1771
1941
1132
1614
2127
1859
1279
660
2074
1501
2196
1356
1906
778
1559
942
1156
1479
1346
2306
1453
894
1416
1810
1733
1881
1463
1909
1204
1478
2424
1594
1296
680
1653
1686
1645
1024
908
781
1213
1997
1312
1236
815
1167
2184
1543
1719
1936
1749
1457
1300
2185
1680
881
1130
1879
1438
1625
1318
938
906
1635
1314
1373
2417
1655
1805
1260
1403
1129
1076
1743
1731
1700
885
1308
671
635
2009
1191
1812
1935
1278
2170
1970
2092
839
1959
1476
2140
2353
958
1164
2148
1580
1550
1773
1195
1047
1219
2014
1303
646
1713
1197
1930
1504
1885
1844
1919
1765
1390
2324
1915
2200
735
1432
1576
2107
1413
814
1011
1857
747
1460
1884
2098
2167
1274
1115
1546
1836
2137
1561
2229
1101
722
1024
669
1354
1888
1909
1380
984
1975
1376
1564
2079
1494
1313
1319
731
713
1150
2281
1931
914
1019
1779
1714
1110
1161
1787
821
949
1981
1026
1573
1931
1165
1398
1557
1420
1767
1691
1492
1029
1309
2332
1552
1082
1851
2018
1403
1257
2243
778
1443
1529
1446
1857
1649
1307
928
1241
1516
1239
719
1474
1275
1849
2214
1868
1508
1674
758
1431
864
914
1539
754
1204
1914
1609
1336
1841
1996
1781
2114
767
2177
1269
1788
2290
1008
1709
1456
1821
1509
1182
1112
1389
1189
1870
1448
740
1603
1862
894
1912
1863
1546
1767
1350
1489
2078
1691
1141
1491
1799
1203
946
1502
1079
2273
1354
1672
1488
655
2406
1830
1337
998
1334
1847
1691
762
1578
934
2076
1260
1034
1159
1440
1216
994
2317
916
1384
1563
1930
1420
1885
860
693
1097
1246
2372
2162
1554
1269
1554
2220
824
647
690
863
1341
1585
726
854
1635
1441
1380
980
1435
1644
1723
1564
1370
1765
1850
2376
1669
942
1422
2191
2291
781
1897
2224
1329
614
1444
1001
2012
1892
1107
1407
1882
1011
2022
2418
2038
1613
1175
1435
2058
1702
2063
1687
744
964
1422
1597
1614
1739
1415
2257
1687
709
1432
664
1569
1126
1566
1854
1841
1969
1285
809
1513
1972
1318
1308
2150
1201
2114
1788
1818
1648
2415
1102
1643
2032
1909
1062
1508
1217
1729
1267
1680
1075
1679
2120
1712
1960
972
1257
2034
1230
2038
1869
635
1899
1018
1074
1579
1615
919
1582
1642
1759
798
1160
2200
1748
1365
1372
1951
1497
2033
1821
1233
1057
1048
1597
1491
1331
1771
1281
1375
1792
1227
1180
1741
1173
1452
690
1207
1460
948
737
1287
1284
1179
2231
1676
785
1601
1854
2360
2423
1102
1615
1467
595
1630
1480
1471
1400
1085
1662
1248
1578
1090
1520
1772
1465
1476
1985
970
777
1513
1518
2157
918
2122
1137
734
2139
1525
1338
1304
1154
712
1674
1126
1773
1412
817
1289
1886
1544
2181
1897
2035
2433
1146
1891
1259
1771
1154
1026
1425
1171
2384
1205
2353
1494
1536
1379
1973
1472
1414
1788
1436
1401
1597
1759
1552
1628
1160
875
1680
1553
1187
1565
1395
1878
2318
1521
1582
1563
1704
1519
1574
1889
1336
1556
1532
1238
507
1439
1158
1247
1723
967
1910
1497
1036
1515
1331
1419
1971
2068
682
1227
1914
1348
1410
1420
1539
1473
1326
869
1976
1131
2061
1830
977
1485
1254
665
1796
2030
1111
921
2141
1274
1158
1566
880
1276
2104
950
794
1796
1699
1872
2304
1798
1501
1626
1728
791
1633
1200
1471
1155
2271
2234
1924
2043
1450
1906
2308
2304
1545
1024
1373
1952
2051
1672
1336
864
1501
969
2182
1534
1495
1793
2184
1056
1640
581
1384
1666
1726
2024
780
1729
1677
1351
1530
1103
2122
2176
1201
1525
670
1622
2240
2180
1310
1016
1948
785
966
1995
1238
1447
1101
1692
2455
1369
1488
1216
885
1086
1378
1741
1139
1210
1533
1462
1531
1572
1456
1748
690
1881
1105
1472
1219
1606
1311
1925
1702
2017
2154
1512
2079
836
1971
1679
2344
2047
1757
1655
1838
1290
877
1621
863
1217
1413
2037
1626
1193
2207
1498
1928
1826
1263
1740
1441
1657
2293
1196
1517
1240
1324
1585
1524
2132
776
1611
1205
1145
2289
1827
1282
1658
2031
1312
1550
1701
1416
1939
1777
1779
2300
1622
2333
2094
744
2144
1853
1597
1314
1406
1514
1067
1138
1529
1236
1832
2281
1780
668
2192
1029
1116
1916
1537
1924
1826
1031
1164
1236
1752
1541
1562
1047
2085
1167
1796
1048
2097
1234
1492
2331
1669
959
1109
1919
1505
2060
935
1016
1500
1490
1448
1275
1544
738
1075
552
1821
2045
1491
1691
1415
1913
1274
1641
2104
2208
1370
2317
1816
1301
1882
1353
760
1465
1450
766
1124
1704
1621
1983
1919
1576
1117
1905
1873
1400
1512
1392
586
1165
1784
1417
1196
1778
1665
1597
2372
2065
1056
2030
2264
1207
1388
1861
1296
988
1479
879
811
1766
1107
2353
1596
888
1907
1520
1360
1765
2148
1830
1003
1356
2207
768
2170
756
1587
1815
1588
1639
1354
792
1061
1297
2107
1266
1809
924
2203
1515
987
683
1792
1056
1636
1324
1923
1937
2227
2108
1214
1189
1260
1870
2067
1043
919
1732
1672
1726
1594
1888
936
1196
1574
1582
2367
873
1472
1761
1861
1694
2031
1516
1252
889
1794
1664
2358
1218
1728
1100
1757
2089
1037
2011
2085
1603
869
1787
1449
1318
1336
1697
1918
1932
2101
2311
2140
1482
1636
1271
645
1824
1696
1293
1849
1029
1453
1348
1339
1820
2218
1339
2175
804
1673
969
1970
1375
1290
1271
1842
975
845
1335
1009
1057
1005
1922
1320
1538
1052
1549
1539
1608
1629
1018
1424
1186
1914
1986
2007
1888
1993
2167
1246
1229
1506
824
1026
2182
1519
1385
1765
1021
1562
658
1591
1037
1357
1988
1673
865
1316
646
1423
1054
1474
2208
1669
1824
1550
2302
1789
1695
1653
786
1636
2276
1297
1208
2207
2092
1275
1248
1164
1440
1091
1826
1157
1477
1518
1472
1373
1339
1742
638
1990
1681
1864
1473
809
1069
1379
1981
1592
1146
1737
1523
732
1698
1205
1910
1476
894
1514
1084
2007
1325
1138
1152
1137
1242
1486
1776
2212
1038
1031
1564
988
1472
2115
1539
1459
1031
1898
2145
915
1511
1796
1487
1602
2077
2076
1784
1146
2342
1430
1297
2110
1355
1848
922
1747
2075
1852
1403
1396
1605
1679
1187
1682
1570
1897
1670
1233
1754
1236
1952
1656
1597
1287
1613
1926
1603
1948
1255
1674
1939
1675
1833
1311
834
1965
1497
1241
1698
1097
2347
1453
1590
1703
1637
1517
1210
979
2081
1397
831
2199
1282
1474
1037
1822
1657
1021
1407
1455
1716
1697
1662
1552
1531
2332
1915
1219
976
1232
1994
2020
1254
1884
1430
1758
914
1212
1349
2218
1630
1024
1698
1291
1785
1649
1718
1708
1449
1499
858
2158
1394
1655
2165
1839
1490
1018
1603
741
1768
1459
1439
1517
1428
844
952
2081
1165
791
1977
1590
2027
1432
834
1442
1812
1093
1691
2080
966
700
1740
1627
1411
804
1486
1552
952
1243
1471
1376
1643
1874
1370
1644
1835
1506
688
1136
1910
1830
1256
1929
935
1235
803
1416
855
1374
1746
1602
1401
1147
1193
2297
1257
743
1481
1197
737
1435
2163
966
1127
1775
1796
1703
1128
989
1362
1698
1960
1075
1822
1454
1067
1548
2126
1994
1365
920
1045
2325
1389
1741
2162
749
1857
1184
1868
1331
982
740
1664
2126
1325
1013
1318
1206
1175
1535
2058
1781
2066
1126
1219
1246
1887
1747
1443
1301
942
1640
1908
1002
1322
1480
1819
2063
1733
1046
1665
949
1057
1272
1987
1828
1917
1433
2425
2162
2051
1817
1329
1090
1185
1155
1752
1379
1292
2148
1827
1836
1622
1185
1676
1435
1136
1422
1538
1849
1914
2339
1293
1813
1573
2352
1858
1580
1337
1071
1857
1669
1792
1194
1506
811
1818
1754
1282
1229
1311
996
1669
1198
1363
1313
2105
1338
2240
1365
1804
1584
723
1608
1595
1816
2163
2271
797
2307
1483
1155
1679
1605
1553
1041
1518
808
1744
1595
843
1901
1360
1582
1342
955
1532
1468
1522
1906
1465
1108
1140
1660
2230
593
1077
1159
1470
1689
1069
548
2019
1678
1242
2195
2161
1768
1498
895
1237
1168
1959
1475
1267
1742
1389
2026
1019
1109
776
1036
986
1558
942
1935
1421
1580
1407
1335
1020
2247
1660
1566
2002
1071
1331
1291
1636
1460
1367
1710
1431
1358
1569
1001
1603
1517
1439
1276
1014
1137
1289
1683
1496
1741
1025
1151
1544
2396
1330
2081
1852
832
1637
1590
1845
1698
2285
1998
798
1549
1085
1108
824
1439
1552
946
1104
1477
972
1495
1150
1741
1509
854
1654
2094
1462
1923
1965
2035
1607
1402
854
1291
1021
1859
802
1911
1087
1681
1507
2022
681
1700
1447
1466
1959
1190
1313
1458
1539
977
1684
1613
1685
2167
1997
1911
1887
1181
1708
798
1022
919
2029
2044
1559
1846
1556
1215
833
898
1664
1374
1337
1214
2138
2052
1675
1075
1718
1530
1815
1723
1011
1502
1636
1802
1357
694
1445
2137
958
1675
1706
881
1701
1747
1704
1461
1369
1975
2181
2065
626
973
1499
1607
1509
1242
1541
1181
960
1602
1804
906
1182
2110
1225
701
1045
1688
1457
2007
1244
1319
1095
1667
1634
2339
727
1408
1183
1429
997
1585
1112
1597
2026
1551
1406
1711
1627
2266
1449
1701
1755
1512
1339
913
986
1702
1064
2465
1456
1750
1258
1906
2292
932
2410
834
1675
1133
1828
2099
1809
2371
1583
2024
1329
1852
1503
908
1490
1526
1359
2096
1109
1723
1102
887
1442
1368
786
1775
2099
1569
1363
962
2059
1057
998
1732
1405
1804
1047
1198
996
1007
2232
1704
1415
1170
2070
1058
1906
1495
1659
1037
1210
1081
1309
1808
1626
1669
1301
1898
2216
1439
1716
1926
2050
952
1420
1404
1200
2273
1514
1552
581
1477
829
1042
1785
1501
1085
1129
1894
1652
1850
1789
1273
1981
1067
2161
1651
1101
786
1308
1610
1704
1602
1677
631
1065
866
2252
809
1810
1220
1577
1357
1763
2071
1457
897
1346
1652
1801
1529
1687
2130
1524
1976
1728
1747
959
1136
2121
895
829
1472
828
1432
1658
1114
2233
1570
968
2129
1392
822
1018
1708
1203
1626
853
1931
1894
981
1950
1530
1387
1615
1731
2109
1921
2195
1033
2001
2274
1101
1652
1597
2037
1128
1290
1185
1623
1499
2067
1205
1057
2043
959
1404
1802
1867
1406
1550
1310
1285
1141
1809
1780
1573
2017
1879
1747
1804
1442
1305
1001
2006
1731
1465
1463
856
1529
1475
1501
1754
996
1482
1767
1359
1421
757
1134
1641
1372
1301
1207
1460
2153
1872
1323
2132
1285
1633
1729
1683
2045
1258
1437
1819
2348
1193
2297
2001
1311
883
2132
2048
2040
1407
1973
1546
1190
1667
1029
1279
1089
1091
1324
1674
1661
1496
1179
2017
1415
1192
2031
1467
1150
1514
1353
1495
1204
1413
1010
1839
1847
852
2103
1393
1783
863
734
1447
1760
1715
1412
1301
1648
1536
916
1379
1380
1440
1603
1949
1403
2022
1823
1815
1304
1920
2151
1175
1650
1821
1845
1549
777
1108
1551
1209
663
1209
1761
1138
882
1196
1899
1388
2303
863
1576
1784
1188
711
2114
1832
842
1239
1718
1187
1958
2135
1448
659
2193
1531
1611
1531
1453
1345
1188
1350
1961
1291
1603
1162
1588
2105
1316
2008
1681
1692
971
2044
1255
1083
1589
2180
742
2066
1000
1674
1647
1573
997
1405
1237
1829
1137
1328
2166
1186
1271
1652
2195
1788
1982
1211
1434
1873
825
1543
1778
1245
836
2110
1604
1498
1891
862
1199
1386
1270
1383
1246
622
1645
1639
2042
869
788
1359
1595
1023
810
2004
2352
2281
559
1365
1051
1687
1646
1052
1563
1760
927
1200
1592
1601
1488
1503
1759
1321
2000
2051
2385
1371
1955
2143
1477
1984
2065
1375
1559
1402
1389
1406
582
1942
2186
1157
1114
1214
1436
1514
689
1276
1908
768
1196
2041
1425
1384
905
1955
1591
1620
2094
816
805
881
1478
1653
1832
2257
1437
1602
1922
800
1000
1392
1681
2066
846
1217
1363
1625
926
1620
993
1617
1614
963
1203
1125
1715
1814
1524
1160
1567
2219
1882
1694
1151
1893
1473
1646
824
1209
1805
1056
696
1277
2266
1557
1274
905
949
989
1191
1140
1064
1968
1200
2005
1343
1458
1181
1659
855
949
1976
1825
1651
1422
1420
2105
1811
1056
2020
1197
1600
1465
796
1144
1607
1581
732
1685
1433
708
1482
1642
1288
1737
1993
2074
800
849
1457
1350
1480
1933
1577
2243
1261
1148
1209
1086
1264
1234
1589
1987
1409
680
1295
1833
1570
863
1982
1712
959
1661
1254
924
919
1301
695
881
1191
1590
1631
1539
1324
1088
2115
2165
1753
1031
1703
2215
870
1515
1622
1568
2209
1476
2055
2152
1122
937
1851
1758
1729
2357
1807
2203
1870
1665
1343
881
1185
1162
2130
1673
1548
989
1085
1702
1494
1957
1419
756
1645
1402
1637
1172
899
1683
1928
669
1174
1623
2052
1272
1186
1744
884
1127
1414
667
1858
2186
1182
1205
1449
2168
1593
818
1855
707
1796
1830
2124
874
1791
1995
2127
1135
1514
1614
2048
1506
1741
614
871
1385
927
1198
1155
1221
1504
1466
1871
1901
1096
1072
1280
1077
1636
1046
1815
1232
871
1458
1419
1343
1494
1429
1602
1393
2328
1448
2238
2197
1055
558
1284
2196
1084
1504
1662
1823
1366
1431
926
1888
2344
1715
1298
2254
2329
1107
1997
1195
922
1227
1597
1578
1844
1902
1381
1091
996
1102
1841
1373
1215
1797
957
1682
2227
1597
1469
2186
1961
1228
1871
1671
1584
1312
2302
1078
1551
1343
1745
1673
1185
963
1326
1554
897
2288
1146
1338
1086
1097
1808
1996
879
1348
1655
1520
1714
1830
2101
1352
1141
1310
1590
1927
1507
1486
1199
2069
1691
1348
824
1369
909
1478
1462
1835
1111
1153
1412
1614
1459
1881
2022
1298
1339
1692
1496
1390
2174
1621
1579
1567
1797
1353
1854
1978
1705
1158
2128
1491
1283
1125
932
2144
2249
1847
1767
1858
2101
1428
1314
1445
1764
2221
1419
1008
1539
1488
1901
1618
843
1688
1105
997
1876
1066
1474
1432
1486
1415
2065
1757
2220
861
1081
1109
1605
934
1132
1295
1512
1724
1363
1262
2158
1710
1210
2099
1605
1799
1228
1708
1423
1949
2040
1040
1948
807
1003
1729
1657
2025
2259
1212
1794
1305
1618
2025
2332
1823
1266
1072
1304
810
1423
1416
1938
970
1072
1383
1460
1509
1519
1820
1462
1220
1462
1905
1095
2079
2001
1603
1645
1003
1934
1339
2447
1793
2342
1575
2276
991
1874
2180
737
1888
1574
1234
1093
2133
1740
952
1680
1473
1071
843
1613
1514
1546
1418
986
1753
1355
2029
1590
1260
1076
1331
1700
1017
1348
780
1150
1139
680
1227
978
1102
1816
1388
2029
1638
1535
1128
2251
1532
1243
1160
1378
1874
2045
1795
2389
1047
868
1668
1438
1165
1979
1518
1655
1641
1682
1924
2226
1973
1763
1428
1389
1353
2001
1874
2180
853
1702
1491
1796
965
1900
1978
852
1115
1119
1322
1269
1247
1133
1068
1412
1011
1469
1297
2337
1718
2392
1233
716
1569
1878
1460
2112
1659
707
1717
1421
727
1044
1044
1283
1570
1450
1462
1356
954
1602
1539
1359
1735
779
1229
1968
1844
844
789
1633
1546
1188
1712
1749
1032
1598
1049
1282
1749
1610
674
1786
1203
2202
2179
1042
1763
1017
1659
1899
1555
1320
1041
1080
2003
1537
845
1226
1637
1596
1748
1806
1464
985
1663
1559
1248
867
1046
1177
1210
1361
1543
1341
1355
1288
1228
1454
1670
993
1486
1499
1932
1407
1118
1504
1415
1466
1737
2240
1439
1068
2008
1483
1198
1241
2237
2050
1190
1879
1901
1702
2063
2046
1213
1201
1243
1388
2336
1996
1887
683
2271
854
1525
1191
1193
1898
1620
1612
2181
1253
1146
2247
1217
1824
1610
1166
1641
1099
1605
1111
1074
2108
1974
2053
1317
1654
1434
1215
1928
1624
1149
1462
1098
2203
744
1493
2033
1107
953
1976
1416
1134
1288
1150
1185
1394
1525
1438
2019
2125
1453
970
2361
1352
1855
1757
1965
1242
992
1991
703
1790
1269
1933
1095
1734
1900
1056
1451
1127
2245
1424
2219
1638
1543
1277
1370
847
1436
1682
1833
1067
1112
1089
1090
2109
1704
1900
1570
1617
1961
980
1853
1629
895
1821
1808
1362
1077
1492
881
1424
2012
1380
1761
1523
1544
1058
1969
1833
1366
1920
1414
1819
2209
1483
2085
2219
1137
1241
1317
1060
1824
1285
1717
1594
1579
1602
1985
1677
1725
645
1792
828
987
2150
1682
1484
2027
1052
1172
1446
2280
2268
1755
1651
1651
1568
1752
1623
889
1443
912
1559
1527
1827
1438
1463
1255
1570
2050
1669
1828
1397
1188
1915
1871
1379
1006
860
1720
1549
2010
1727
1627
1305
1195
794
1647
1716
1961
979
700
1915
1516
1712
2107
1150
1555
1149
1825
1073
1805
1592
1456
1395
1329
1368
730
2450
1391
1358
1715
1290
1310
1043
1725
1627
851
1602
2262
2173
1907
1139
1926
1581
1141
1135
1384
1739
1479
632
1709
2234
2004
888
1258
1926
2132
2246
1748
2225
1863
1598
2221
1625
1842
1402
1969
2084
1388
1106
1583
1485
2270
1950
1738
1326
915
1889
686
2092
2362
1325
2016
1881
1486
900
2031
1056
1518
1997
1456
1014
1529
1303
2212
1492
1118
1246
1672
847
2138
815
1806
2235
1409
1576
1758
2031
1775
1107
1794
1307
2231
1463
1097
824
727
2180
617
759
1278
2130
1822
1793
1602
1406
1433
2242
1843
1459
1183
2394
1119
1444
1859
1555
1039
1304
1521
769
1852
704
1814
2109
1938
1200
1910
1291
1719
2324
909
1494
1579
915
1975
1351
1456
1823
1926
1226
2185
1673
1609
936
1503
1471
1492
1993
1362
2263
1261
1821
1834
1165
1166
1020
1530
946
2346
1440
1596
1783
1887
1420
1143
2065
971
1890
1323
1552
1789
1394
1147
1322
2179
1259
1527
1731
818
1665
1447
1794
961
1887
864
1027
1297
1562
1827
2371
1362
2007
1921
1137
1368
1978
1308
1903
1327
1689
1278
1513
1776
1519
1083
1263
1342
1778
774
954
1524
1801
1834
929
1431
1658
1230
966
1671
1653
1566
1599
1381
1104
1633
1362
961
1009
1733
1863
1892
1496
1567
895
2050
1159
890
1179
2176
1589
1690
2441
1073
915
1787
953
1429
1454
1022
1276
1450
1272
1628
1728
855
1313
1689
785
1618
1590
1547
1635
1212
1637
1140
1203
1619
1743
1432
1405
1410
1559
1926
1763
1104
827
1415
1437
2147
1619
2243
1430
1712
1448
881
1020
1517
1293
1600
1673
1927
1687
2179
1579
1258
1995
1569
2287
1262
2017
1604
1839
1023
1414
2145
1528
1308
1193
1112
2137
1442
2024
1194
1035
1028
1669
1964
1860
1329
1884
1231
2163
1436
1943
1576
1700
1764
1575
1499
1543
1226
1649
1391
854
1372
868
1433
1675
1119
2099
969
1931
1294
1440
1400
1428
1634
1209
1551
1964
1188
1252
1266
1251
1079
1263
1749
1373
1466
2206
1217
1481
1157
1803
1355
1721
1880
1933
977
1413
1263
1505
1466
1590
878
1455
1424
606
1731
947
1301
1365
1516
1215
1210
1655
1531
1594
2130
1109
1394
1402
1540
2088
1386
1190
1366
1922
1865
1556
1938
1920
1692
1506
1691
1133
786
1155
1445
1562
1941
729
1939
2053
805
797
1195
1550
2051
1314
2322
1483
1392
1370
1667
1670
1864
1077
1961
1294
1415
1072
1629
1994
1545
1546
1556
1523
1381
1675
1254
1596
1291
879
1817
1223
1228
922
1042
2300
1416
989
1990
2246
1687
1242
1152
1152
2457
1409
1582
1542
849
1692
1009
1453
2024
1504
1558
1654
833
1654
1636
2192
840
935
1092
1715
2205
2024
849
1647
1786
2211
1469
1333
1288
1452
1329
1783
1348
938
934
2250
1860
1772
2013
1193
1086
1085
1949
2056
1489
937
1890
1311
2246
1404
909
1322
1697
670
1662
1618
1241
1913
1324
906
1740
1838
1315
2189
1296
1571
909
1267
584
1233
889
2091
1356
1652
947
980
1243
1797
1832
1076
1514
997
1680
1909
2217
1457
824
1690
861
1869
1984
1782
1112
1222
1536
1013
1071
723
1705
1813
1328
1608
1029
1070
1306
1776
729
2177
1922
1580
2005
1620
1579
1085
1614
1602
1625
1815
2383
1521
1921
1065
2197
1529
1753
1358
1935
1242
989
1756
2093
1004
1778
1663
2142
1097
1364
1591
1960
2002
952
1204
1142
1486
863
1271
2220
1389
1565
1064
1807
1271
1246
1476
710
1638
1627
1847
2159
1082
1806
657
2324
1629
1160
1198
1028
2119
1232
1251
2312
1450
1601
1401
1994
1178
1136
2250
1632
1902
1444
1955
1296
965
933
798
1500
798
1981
2012
1632
2011
1224
1881
1618
1149
1397
2185
1145
1511
1464
846
1047
770
850
2068
1922
1618
1942
1028
2439
1564
1749
1049
1529
2002
1955
1123
1724
2186
1819
1614
1542
2337
1504
1360
793
1751
1505
2184
2424
1362
1054
1780
1508
1109
839
1098
1634
1304
1124
1463
2101
784
1187
1671
2044
2327
1305
1389
1764
1744
1967
2206
1693
2017
1863
1918
1327
1562
1759
1434
2299
1652
1803
1265
2200
1092
1806
1448
1352
1793
1830
1219
1342
1561
1015
2104
1754
1064
1485
1845
1593
1310
1035
889
1303
1177
1277
871
1485
1174
2238
655
1632
2176
625
1383
1015
1374
2041
1565
1854
1643
1959
2033
1639
1016
1853
1328
995
1531
1217
1784
562
1645
1103
884
1544
1536
1339
696
1418
1490
1471
1463
2141
616
1069
1438
1051
1347
857
1122
926
1194
1216
1703
1268
1513
1161
1033
1549
1136
1701
1176
2205
1427
1894
2009
1791
1509
932
1312
1668
2211
2203
2361
2001
1250
2030
1514
1409
2008
1051
1705
786
1707
1387
1545
1323
1385
1433
1897
1469
1376
1300
2262
1684
1487
1810
1030
1955
1579
2028
1474
1714
895
681
1390
1375
1648
579
2088
1289
2315
1879
1579
1941
2159
759
940
1502
2109
2181
1558
1752
1850
1166
1081
1135
1015
2464
1383
1541
1023
984
2085
2222
557
1556
1078
711
1703
776
1871
1823
773
1513
1053
1501
1604
986
1283
1579
2304
2214
2198
2302
1034
786
1353
1492
1758
1441
1688
1070
1538
1939
1375
1043
1923
1523
1834
1534
2427
1910
1676
1471
601
1764
1174
1834
1495
1126
1196
1622
1324
1442
1880
1597
892
1454
1673
1809
795
2204
995
2091
1955
1204
1643
1889
1407
1085
1575
1038
1505
1103
1452
775
1727
1062
1011
838
1537
1133
1588
1572
1458
1107
1401
1065
1480
1663
1638
1569
2199
1762
1155
1065
1955
1449
1997
808
1628
1618
1777
1697
985
2171
1352
1653
1916
2272
1619
1329
1913
1030
2363
2302
1682
1224
1495
1667
1859
1520
1641
1056
1658
1957
2358
1529
1102
1071
1355
1705
1615
1313
1222
1196
1839
1682
1344
1377
1776
1725
2342
1842
820
1939
908
1568
1506
866
1455
2039
1611
782
1780
1105
1457
1064
1812
1256
1394
833
1533
2272
2001
2090
1303
2264
1513
1446
626
1753
587
1395
898
794
1528
962
1500
1380
1361
1214
1878
1680
2026
817
920
1595
1428
2374
1763
970
682
2007
1130
1672
1988
1736
1323
1090
1713
853
2006
2125
1605
2146
909
2231
1478
1639
1067
1319
1635
2119
1591
1540
1039
1250
1410
1536
1508
2002
941
1799
1919
1644
1125
2376
1463
2326
1567
1220
1403
1514
1231
1398
1734
1306
2306
1796
1749
2120
2128
1379
1892
710
1916
1838
857
1557
1823
2121
1518
1744
1323
2099
1176
1479
1272
1031
942
1263
1673
1899
1958
1809
1510
1758
1088
1437
1647
1883
545
1034
2127
1766
1970
1853
1809
773
2059
1304
1573
1847
1780
1867
1702
1505
1501
1561
2192
1177
1828
1817
1566
1086
2169
1392
1532
1048
1171
1219
989
1490
1268
1836
734
1640
1107
1579
875
1149
1978
1119
1410
993
1523
1066
1354
893
1143
1343
1698
1289
1309
1012
1335
851
1550
1398
1484
1312
1560
1661
1193
1650
2209
2032
887
1756
2116
1718
1772
2007
2036
1164
1067
1166
1553
817
1763
1189
1463
1002
852
1607
1457
1712
2148
1371
1321
639
2038
2207
2347
1295
2315
1492
1659
1109
668
1188
892
2035
1104
1627
1465
1468
1523
1398
1086
1672
1759
2176
2250
945
1553
1379
1590
1575
969
1147
1290
1543
1466
1902
1353
1254
1195
1154
1510
1327
1790
1516
1406
1426
1043
1706
1292
1352
1578
1244
1450
869
2037
1435
1438
1308
1152
1497
1672
1260
1580
1381
1985
1104
1036
1179
652
1798
1638
908
1231
1466
1433
1222
1396
1536
1034
2065
603
762
1307
1202
1688
902
1543
1325
1984
1651
1055
1107
1868
1519
1079
2292
1304
1347
649
2026
924
1780
1476
1855
1589
1501
1171
2107
948
2104
971
1583
1919
2137
1333
1367
2267
1221
1132
1038
1550
2013
1498
1608
1928
899
943
2392
1975
1644
2409
1635
1879
1810
1621
1369
2414
1470
1698
1381
1397
1896
1484
1638
1440
1061
1784
2202
1502
892
1987
1740
1670
1610
990
1222
1337
1787
2004
2228
1018
1750
1038
1414
2095
1439
2190
2085
2008
892
1327
1798
772
1990
1756
1715
1897
2320
876
1535
2075
2253
916
1579
1258
1603
1668
1703
644
2146
1082
927
1280
2029
1483
1788
1938
1218
1819
2204
1717
1821
2322
2144
2444
1293
1925
1445
1264
1987
938
1579
821
2073
790
1930
1325
2037
2170
1833
1493
1316
1025
1421
1884
1711
930
1144
988
2026
605
1737
938
1958
1979
1622
1490
1620
1071
1812
1555
1019
2143
1187
1552
1320
1600
2241
1722
1795
2301
2277
646
850
1654
1557
1338
1436
2195
1433
2039
1360
1542
1862
1372
1578
1195
1594
2139
2302
840
1044
1464
793
1435
1305
1847
1328
1727
1474
804
1164
1212
1300
2150
714
1515
2273
958
1434
531
2122
1382
784
1663
1246
1122
2029
1884
1451
1582
1668
2077
1779
1388
745
2081
1821
1104
1152
1854
2075
1711
1010
1499
1058
1859
1147
1928
1526
2036
2013
1050
1592
1478
1251
1749
2091
1416
2211
1183
1189
1577
751
1224
1588
1055
1577
1521
1548
1562
1720
1145
2061
2108
1938
2090
1091
897
1023
1274
1551
1030
1669
2016
1448
1324
1942
2103
1843
1619
1776
1595
1302
2137
2029
1788
1237
1788
1960
1382
809
2157
1269
1485
1646
1676
1112
1115
1361
920
1069
1302
1331
1389
1604
1394
1287
1451
884
1195
1958
2083
1590
1506
1706
2034
943
1533
1698
1505
1524
1604
637
2090
1937
1146
1169
1604
1987
1732
1351
2092
1087
1681
1417
1386
2028
1588
1180
1275
1765
908
1748
1557
970
1579
1627
1776
1440
1621
2114
1315
1727
1482
1260
1604
1649
2019
1659
1281
1721
2361
1527
856
1891
1875
1256
1519
1783
2235
1089
1811
2437
1970
1581
1626
1614
1903
1543
1196
1599
1469
1661
1861
1147
1450
957
1907
1539
1210
1668
1922
948
1929
2318
1341
1399
2416
1315
1905
1394
1877
1181
1623
1572
1456
1932
1708
788
1740
1297
1549
1010
1466
1990
1892
964
1818
1313
2070
1392
2349
1739
2166
1353
1511
1928
875
1430
1134
1501
1059
1726
1760
599
1685
1501
1204
2003
992
1548
887
889
2332
1730
1679
1336
846
1726
1667
698
970
1637
1833
1880
1228
870
1587
1813
1921
1900
1593
1191
1009
763
1822
1286
1386
1004
1876
939
1714
2289
2102
969
1580
1674
1561
995
1811
1390
2092
682
1752
1741
1133
1933
2049
1180
1772
1961
1703
1796
1803
781
1725
1522
1875
2261
2221
1018
1311
1514
1428
2030
1776
2041
1907
1388
1616
2005
1148
1174
1716
1905
2316
1695
1908
1632
1870
1656
1015
1368
1516
1589
1396
1526
721
1130
1666
1462
2133
1400
1273
2101
1198
1587
1766
966
1642
1725
1260
1267
1522
1268
1724
1353
1824
955
1275
1831
1536
1777
1197
2154
819
1682
1208
1271
1974
1151
1609
1572
1479
1070
2030
1051
1636
1124
1142
1436
1609
2096
914
2360
1942
1328
1118
2262
1112
1328
1669
1695
1873
1727
2207
1158
2333
1397
1902
1226
1755
1522
2020
1307
1416
1196
633
1378
1532
1244
1858
968
1090
1915
1955
1380
1856
1163
1174
1565
1189
1126
1423
1433
1532
1573
2044
2380
931
2064
1197
1472
1709
1017
1595
1411
1065
1190
2094
1483
1313
1444
1121
2099
1771
1751
1916
1348
2232
1098
1058
1603
1516
1565
1899
1448
1705
999
2108
1696
1753
1774
1623
1354
1981
1715
946
1989
1170
1797
1204
2174
1486
1175
1639
1748
1298
1828
1565
795
1629
1094
1447
1021
1652
1800
1512
1767
1840
1281
2408
1881
1975
2164
1705
1692
2077
1785
1572
925
829
1638
1676
1839
1293
1750
1496
1206
1429
847
1332
1210
1034
1185
1059
2086
947
1395
1997
1389
961
1276
1265
883
1165
1137
1702
903
1656
1921
1979
1435
1845
1464
1339
1765
1400
2030
1295
1975
2301
1815
976
1548
1251
954
1071
1223
1600
1643
1313
1530
1610
1735
1578
1450
1592
1743
1323
1357
1968
1826
871
1757
1795
1974
1635
2443
819
1989
623
2069
964
1527
1607
2166
1350
666
2104
1306
701
1083
1472
2170
1672
1587
1531
890
1000
1397
2000
1843
1740
1702
1637
986
825
1799
2180
1432
1894
1178
1042
1658
1692
1239
1943
1967
1070
967
1647
985
698
2258
1326
1750
1537
853
1486
1635
1070
2116
878
1578
2273
1963
1508
1091
980
1469
2178
1886
2372
1062
1126
1955
1249
1733
1625
1167
1704
2157
1234
1652
1719
2259
2360
745
1722
2408
1706
1423
1941
2040
1964
1117
1247
772
1634
1596
1148
1431
848
1039
2062
2203
1208
1104
1791
1090
2014
762
1623
2191
1239
1635
1663
743
1728
1432
1117
1321
1601
1579
1471
644
906
1371
1260
1834
2286
1496
1245
976
2063
1440
687
1448
1238
866
1897
1548
2004
1744
1352
1261
1627
1833
1160
967
1836
1597
1473
636
2116
1071
1882
1252
1401
2265
1597
1526
1638
1187
1589
792
862
1219
1410
1105
827
1651
893
1659
1103
1598
2098
1807
2086
1866
1256
700
1940
1163
1649
1311
1293
1851
881
1703
1649
1385
1743
1279
1884
2336
2433
758
1728
2116
1130
2096
1336
2024
1265
1573
2091
2292
1724
985
2179
915
2238
1520
2408
1130
1330
1828
968
818
1384
1757
2408
1340
725
1722
682
1486
830
2217
1369
1333
1295
1369
875
1320
1368
1711
1959
864
1426
944
1254
1045
1283
1694
1446
896
1812
1522
2133
1749
1734
1007
1194
2397
2150
930
2048
1681
1309
1050
1454
1538
1423
1254
1877
2239
1543
1272
1846
2145
1906
2072
874
1982
638
1959
1766
1167
1347
833
1511
977
2302
1117
1762
732
1805
1302
1187
1617
1576
1953
1522
944
1110
1956
1814
1739
1561
1016
2056
1793
1129
2233
1257
980
2386
1969
1997
1343
1962
1609
892
1545
1571
1547
1046
1281
2070
1603
2010
1992
946
594
1497
1092
1479
1695
1498
881
1980
1801
1589
1783
1597
1508
1332
1797
1131
2098
1181
2042
1537
840
1185
1602
1511
1235
1720
1617
2256
965
1465
2133
1276
1575
1237
1549
1648
1399
1202
1457
1409
984
1512
1885
637
1690
1547
1641
2361
1793
1443
1421
679
1731
1761
1874
1933
1696
1172
1137
1947
1193
1064
1071
1753
1492
1164
1346
1518
1241
1653
774
1288
1588
2022
1674
936
1799
2221
1468
1392
1325
2175
2180
1876
1422
1412
1759
2370
2046
1671
2475
731
1472
1306
1390
1784
1817
2206
2340
1322
1972
1904
1528
1318
2230
1913
974
1575
1387
1145
1411
2110
1874
2161
2038
1266
1661
1468
1406
1641
2060
1447
1678
1471
1748
1342
1625
1714
1759
1564
2124
1412
1366
2223
2109
1039
1743
1739
1602
1044
911
849
1972
2183
1694
938
1855
1054
1628
1266
1228
629
1926
2088
1533
1994
1360
2200
1493
1899
1810
1923
2050
1718
772
916
1434
718
1741
1541
1651
1185
2030
1885
1386
1392
1700
1546
2108
1044
949
2017
760
2219
1138
1931
1343
1113
2078
1683
1638
1618
1359
956
1277
1317
1251
1908
1218
1480
1333
1539
1305
1151
1264
1510
1282
1222
2183
1432
1046
958
1443
1862
1564
2227
882
1637
1565
965
1269
1670
1362
1618
1855
1794
1207
987
1193
2224
2072
1611
892
1329
1959
1095
1732
1516
1566
1974
1903
1604
1994
1530
1363
1390
1287
1953
1492
1379
2267
1850
1735
1174
1898
1365
1603
2052
1795
1646
1089
1493
2237
2127
1908
1498
2011
1194
1681
1234
2133
1528
1218
1411
918
1407
1231
2271
1390
2206
1328
1325
1361
1413
2233
1404
1909
1411
1096
1389
646
1816
1773
1566
1829
1763
1756
2000
2219
2024
1859
1380
2451
1869
899
1754
1385
1066
999
948
1349
857
1173
1465
1086
671
1241
1127
1627
921
1857
1580
1970
1777
1571
1512
1915
1226
1629
1595
1537
1307
1492
1306
1639
1155
1896
1503
1045
1782
1467
1450
1142
1253
2350
2143
1925
1804
1518
1121
1346
1599
1320
1275
1471
659
2127
1575
1031
1338
1349
898
875
1684
1022
1026
1871
1636
893
1655
1649
771
1533
1887
1069
974
1445
574
1150
1066
1330
1361
1560
1374
1892
1995
2163
734
1615
1472
1819
1399
868
1539
741
1953
1357
1927
1427
1633
1214
1694
1748
1420
978
2404
1221
1449
1216
1125
1756
1575
1107
2326
1384
1043
1606
1366
1414
1776
2045
2263
1018
982
1534
1511
1526
993
1557
1445
1793
2099
866
754
1655
1241
850
1700
2116
1401
1245
1933
1685
835
2136
1638
760
1768
2078
1882
1104
1697
1358
1229
1415
1723
1786
2049
1712
882
1245
997
2058
764
2307
1175
1413
1289
1147
1238
1916
1973
930
1110
920
2241
1707
1709
901
1797
1431
1862
1775
1349
1162
1453
1027
1277
1600
976
2438
2029
1954
1595
1420
1261
1264
1705
1648
937
2083
1617
1887
1709
1360
1245
616
1180
1981
2269
1985
1925
2286
1969
1057
1685
1309
839
1200
2206
2027
1045
993
2194
1760
1721
1108
1463
960
979
1835
1168
939
1025
1903
1926
2065
1572
1646
1861
1726
1512
2245
794
2023
669
1896
1485
1644
2187
2162
2289
2078
2316
1643
1994
1586
1788
1992
2408
1149
1633
1924
1823
1450
1081
1581
1679
821
1491
2276
986
551
2142
1460
1451
1024
1118
911
1231
1389
937
2051
1174
1493
1346
1446
664
1700
1169
900
1355
2194
1483
1864
1081
925
1841
930
1120
1320
1967
1684
2115
1900
1008
1655
1003
1354
1245
1400
1168
1244
741
813
1040
1627
866
1467
1738
2353
2164
1484
1902
1665
1528
1227
2150
1123
1230
800
1176
1197
1350
872
1607
1528
1750
1412
665
1331
1355
1017
716
1093
1608
1785
2170
1457
825
822
1238
1962
1678
2409
1622
1465
2010
1060
1950
1674
1875
1509
1334
1765
1750
1283
2157
2303
2468
627
1493
1142
1749
1581
932
1236
1908
1802
1380
632
1744
1911
1746
1456
1475
2034
1595
1182
2017
1943
1565
1607
1338
1780
2173
1324
1756
1248
2024
1246
1515
1891
909
2241
1673
1906
2174
2016
969
1350
726
1510
1517
1363
1346
1482
1572
738
1785
1132
1848
1372
1823
1335
1863
1486
1006
1430
2177
2073
2142
1890
1680
657
1680
2195
1959
656
1412
998
2259
1560
1526
1028
1368
1729
1623
1376
1441
1530
1848
1817
1540
1370
971
859
1777
1695
1751
2354
1152
1405
1865
1761
880
1542
1232
1016
1172
923
1427
1498
1314
1469
2077
1530
1267
952
1485
1103
1141
1238
1361
1659
1808
762
1381
671
1710
1674
1812
1633
692
1541
1560
1445
1795
2260
1614
1332
1397
1116
1571
2033
1467
1348
1452
1557
1960
1497
1591
1140
1038
1801
902
1770
641
1508
2007
1815
1940
2228
1659
1132
1770
2314
1208
1614
1516
1302
1272
704
2138
1843
2151
1216
1101
992
1714
1601
1518
1363
1711
1572
1517
1623
1818
1576
968
1442
1515
787
1584
2224
955
1495
1285
1262
1577
1409
1354
2374
1717
1382
2063
1762
1233
2313
1648
839
1651
1059
1465
1376
722
1457
1342
1081
1414
1610
1797
1436
1272
1708
1360
1533
1668
1160
1940
1215
1277
1738
2033
1796
1777
1629
997
1836
1490
1897
1243
1550
1519
1074
1744
1472
805
960
1720
1524
2013
1346
1888
1523
1862
703
1308
1846
854
1667
964
1530
1440
1369
829
1977
1537
2234
2091
1896
1779
1788
1564
1875
2143
1303
1395
1840
927
1880
1832
1642
1156
1312
2114
2007
1790
1698
1863
1232
1821
1623
1434
688
1663
1100
1285
1341
1060
902
1116
1899
2001
2176
2430
1599
1717
966
1379
1536
1162
1336
717
2082
1284
2222
1152
1067
1184
1982
1863
1126
1567
2118
1259
1939
1664
940
1851
1297
1941
2139
2090
1327
913
1485
1316
1415
1181
995
969
1319
1561
1882
1227
1387
1519
1682
1638
1682
1620
2404
1434
963
1449
1950
2103
1573
1102
1961
1797
1257
1361
936
1407
1711
1711
2301
899
1307
1466
897
1083
967
1007
1034
1067
2227
1410
1813
2157
1124
1270
2075
1424
1532
747
1295
1484
1994
2085
1505
1027
1507
712
1161
1673
1285
1301
2197
2337
1386
1675
1013
1435
1482
1760
2023
2171
1686
1927
955
1854
1390
1911
2001
2201
1931
1783
1063
1517
1053
1987
1840
1799
1353
2321
1405
2012
1928
733
1820
1353
1566
733
1406
1501
1296
1787
1898
2377
1370
1203
1849
1498
1267
1478
653
1575
741
1697
1633
799
1575
2069
761
2447
1789
1225
1505
2022
1677
1643
2255
1833
1124
1572
1095
1068
1065
1469
1985
1559
1519
1639
1386
1860
1020
2257
1580
1911
1075
1432
1429
976
1530
1748
1945
1176
2377
1503
759
1913
2120
1963
696
1901
1940
1599
1788
1607
1016
1713
1564
1296
1210
652
956
1809
1363
1036
710
1456
2020
988
1628
1578
1686
1083
1270
2109
1443
1791
788
2403
1806
1589
1998
1879
847
1558
1606
1912
2007
1173
1332
1206
952
1793
1875
1761
1732
2325
1670
1479
1811
2158
1557
1663
1193
1308
1732
1519
2149
1823
1519
821
1803
1355
2177
1169
1891
1743
1582
782
1685
1615
1571
1089
884
1994
1514
1741
995
1431
1518
1423
1495
1573
1613
1561
1571
907
1226
1070
883
1503
2164
1431
2402
1893
1639
1172
930
794
1807
1348
1143
1202
1377
1027
1207
1539
1289
1373
1511
2150
1570
1670
1367
1472
1491
1323
1787
1179
707
1064
1094
1566
1989
603
1394
1532
1679
737
2042
1250
1652
923
745
2227
2159
1179
1614
1460
1166
1482
1361
1634
1452
2266
1821
2316
1877
1749
1260
1423
986
1439
988
1521
1432
1006
1300
1253
1810
1510
2378
1464
2133
1222
2213
1636
1417
1106
1903
1024
1403
974
1975
912
1371
1870
1539
2163
2178
1581
1618
1545
1069
2475
1701
1950
1927
1486
1584
1714
1573
1436
1916
1237
1163
2293
2430
1625
994
1594
2129
2279
2477
752
1572
2160
1488
1397
1784
1285
1180
1819
1580
1061
1259
1004
1405
1989
876
1079
1251
1659
800
1849
1192
1241
1994
704
1696
1648
1510
2081
1263
1941
1250
1225
1617
836
2003
1375
1322
1913
2012
1136
1879
950
1946
1043
1710
1906
890
888
2074
1562
2042
1912
1787
1869
844
1027
2125
1996
1173
2168
688
1806
1609
1495
1477
1871
777
2103
720
1446
2016
1253
1534
1411
1540
2353
1446
975
1780
2120
1823
1563
1909
1313
1463
1207
725
1417
2117
1247
2099
1633
1495
637
1168
1626
1722
840
1855
2005
1714
1342
1115
931
1000
1912
1656
1046
1648
1144
1613
808
1775
1241
1738
835
826
898
937
1504
1234
1573
1448
1402
2184
905
1017
2434
1572
1503
1596
1940
917
1711
1340
1517
1803
1981
1075
1686
1433
1710
1238
1715
1547
1737
1712
790
1916
1578
1688
1497
2227
2197
1450
1494
1472
902
1931
1822
1649
1341
1619
2014
1556
1216
1457
1959
1300
1170
2084
1075
2150
1252
973
1013
960
1355
1605
1561
1459
1863
2183
836
2036
2184
2056
2198
1443
1316
2013
1200
1751
1384
1839
698
2371
1272
1341
2083
1245
1531
576
1055
1109
1877
1115
1550
1645
2091
1540
1752
1854
1862
1282
1867
1466
1976
2061
1998
2076
1880
1394
1606
833
1708
2043
1007
1962
1511
1105
1451
1117
1172
1627
2362
1589
2308
1254
1571
1993
1467
1174
1112
1251
1810
1817
1826
1637
1577
1506
923
2080
2061
1469
1788
1710
1432
2107
1053
1265
1671
1104
1210
1569
1882
1032
1119
791
2035
1072
1139
1378
2141
1564
1210
1592
924
1509
1653
1022
1841
1536
2302
1516
1950
1081
1678
1830
1754
1956
1533
1470
2235
1830
941
1479
791
1818
1010
1432
828
2152
807
1389
2000
1125
1527
809
1484
557
676
2416
2255
1606
2185
1421
1580
759
673
1915
1890
1100
1914
1534
995
882
1514
1704
1158
1950
1543
1736
2363
1803
1492
1278
1896
1411
1894
2342
1283
909
1106
2100
1218
888
1686
969
1318
1503
1359
1025
1845
2351
1644
1019
2119
2212
1832
1209
1486
1446
989
1380
1880
1801
1311
1537
1976
2113
1841
1962
1815
1600
1615
1530
1225
1904
1261
1411
2072
1449
1545
1191
1895
1686
1839
2012
953
1739
1432
1386
1896
1125
1168
1330
1203
1360
1801
1651
1283
1563
1676
2115
1812
1562
1676
2257
1784
1358
1968
873
1029
1377
1172
782
1006
1746
1394
1310
1458
1481
1524
1093
2115
1373
1735
2297
1648
1536
620
1282
1383
1304
1123
1958
972
2178
2109
1420
957
1333
1153
1944
1608
1979
1277
1843
1920
965
2009
1822
2034
1663
1107
2188
1575
2517
1698
1959
1489
1644
789
1058
1849
876
1811
1091
1339
2046
2123
2093
1737
2347
937
2264
1309
1534
1624
1443
1763
2111
2122
1242
2136
1252
2045
1494
1439
1293
979
1042
1748
1756
1813
1042
2239
2168
1307
1389
2137
1727
1165
998
979
1542
1454
1789
1481
1795
969
863
1790
1953
2362
1794
1622
965
1643
1114
1927
1964
1461
1276
1809
2261
2178
1357
1259
1394
1184
1292
1192
1561
1410
698
1704
2368
1705
1665
1421
1074
1597
1008
1157
1638
606
778
2329
1992
1546
1981
942
1095
981
1848
1466
1254
861
2288
1096
2089
1318
1527
1843
1522
1300
2158
1279
1567
1695
1525
1843
1275
1839
1593
2322
1120
1889
1575
1584
1478
1803
558
988
1194
1923
2116
1673
1094
989
1065
832
1983
2129
1275
1025
1635
1688
1249
1838
1541
2249
706
1577
1449
1725
2071
2304
1417
680
1714
1059
719
1372
1227
1082
1350
1697
1140
1152
1495
1373
1429
1456
1474
1168
1038
1262
1303
1840
1393
1158
1287
782
1220
1255
1281
1377
1755
1615
940
2114
1558
1527
1547
1039
2147
1408
1671
1160
1526
566
1657
2183
1907
2428
972
1718
2218
1462
1325
790
961
1697
1436
1173
1812
986
1446
1472
2096
1530
1159
1752
1659
1277
786
1081
1103
1035
1663
2052
1741
1683
2017
1499
1431
790
1234
1484
1666
802
2217
2234
1124
1515
1890
952
2203
1812
776
1227
1010
1825
1218
1736
1276
1635
1386
1822
1500
1398
1543
1440
1250
1105
1355
2279
2163
1607
760
963
1073
857
1525
1705
2005
1846
1723
1308
1449
1480
1784
1046
1895
1625
1561
1568
1819
1375
1810
1688
1231
1378
2326
2183
925
1017
1505
1909
1908
947
1412
1698
1797
1412
1092
1502
848
1893
1582
1241
991
1973
1774
1604
1422
2239
1074
1220
1463
1833
1183
1600
1344
2262
694
1391
1382
1044
1476
855
818
784
1825
1518
1036
1686
1754
2475
1885
1622
1203
1913
1180
1133
1339
2049
1560
1349
1620
1462
1278
1076
1445
2191
1886
1934
1640
1016
1416
2184
1458
644
747
1654
1309
1747
1119
1531
1594
1878
1487
1422
1566
2011
1039
1301
1607
1609
1469
1245
1506
1836
1495
1171
1911
1474
1209
2421
1685
2129
833
2399
1284
1443
2137
936
1555
2220
991
1808
2368
2099
1373
1279
1368
2066
1573
1330
2400
1308
1293
2302
1207
1319
1685
1507
1230
1819
1620
2265
1155
1023
853
1451
2413
1483
1798
1643
1247
824
1410
952
2191
1678
1543
909
1697
768
1618
1629
1037
1691
1296
1501
2265
1336
1486
928
1445
1744
1363
1238
1479
1978
2000
1410
801
1352
1198
1619
1606
1489
1621
1571
1020
1378
1563
1886
1785
1388
1966
2393
832
1792
1136
2091
1074
1140
1157
2216
1859
2346
1646
1703
1920
1580
1488
1446
1556
2302
759
1299
745
1135
1420
1921
2240
1603
1823
1100
1858
1551
846
1187
1062
1042
1377
886
1351
1576
1086
2336
1208
1912
1537
2361
1833
916
1548
1741
2017
2392
850
960
1787
1360
981
985
1638
1608
1964
2139
2395
1265
1558
1545
1302
1384
1431
2401
1701
1999
1399
1125
1433
2266
1569
1465
2017
2408
2286
2078
1835
1111
1453
1318
1291
1168
1441
1308
786
1420
1973
1259
975
1060
1496
1731
2130
2308
1604
1023
1725
1799
1797
1510
1534
1007
1067
1942
1128
994
2119
1275
1650
1348
1792
960
1419
714
2228
2006
896
1066
1750
801
1322
1259
1065
1082
1304
1407
1114
796
1895
1544
1247
1796
1165
1821
1581
1434
1076
1385
1808
1799
1693
931
1753
2114
2045
1995
1961
2191
1642
1056
1096
2316
1039
1596
1318
623
716
1025
1371
2482
1552
903
1029
1368
1969
2166
1532
1730
1720
1456
1776
991
2231
1792
1251
1137
1204
1714
2146
2016
2123
1904
1503
1534
1482
2454
1082
1139
2365
2021
1704
1633
952
1042
2148
907
972
1361
927
1506
2083
1822
1713
1011
895
751
1493
1238
2310
980
978
1879
1319
951
1519
1978
2129
1458
1207
1048
1196
1605
1348
1631
1252
652
1794
1448
1076
1438
1873
1045
770
1439
1311
1107
1868
1900
1864
1841
618
1856
1801
2172
872
1291
1908
2236
2075
1465
1409
1350
1471
1423
1812
1773
1014
890
1711
2024
1504
1511
1632
1769
1483
1673
2054
1424
1913
1901
1316
911
1103
713
1086
1060
1666
1743
716
1494
2063
944
2348
1314
1850
1929
2484
1881
2054
1624
816
1401
1267
2331
807
1722
1589
1713
1718
931
2050
1829
1224
1329
1672
898
2218
1334
946
1526
1481
1649
1696
1745
1220
1119
1863
1844
1234
1612
1177
590
1857
1896
1605
1221
1641
1223
1436
1430
1536
1448
1666
1727
2038
708
2028
1789
757
1878
1368
1559
1799
1193
1379
730
1647
1726
781
1416
1278
1823
1503
1942
2182
1071
1077
993
856
1588
1505
1890
1706
1559
1802
798
742
1939
1192
1047
1246
1871
964
1686
1082
1706
1487
993
940
1923
1355
1085
1553
1563
1150
993
1242
1558
1012
687
1879
1864
1248
1203
1748
1328
2051
1485
1284
2206
799
2178
2306
1835
726
671
2159
2077
985
1696
1234
2342
941
1967
2216
1226
2128
1065
1953
1373
1618
874
927
1962
615
1276
2177
2056
2179
1178
1299
1578
1194
1569
1897
952
1369
1449
1521
2028
1151
1412
1368
1627
1874
1845
710
1383
913
1422
1917
1294
1468
1886
1548
983
910
1171
1578
1566
1960
1145
1360
1072
2336
864
1189
2186
1700
1885
1360
662
1774
2014
1199
2030
2109
1202
1687
1296
996
1283
2279
1459
1918
997
1604
1611
1984
1380
943
1535
1023
1064
1759
1540
2212
1363
1696
1034
1410
1798
2297
2011
1911
1422
820
1721
1372
1769
1686
904
1471
1492
1664
1083
2177
2133
1119
2276
1312
1607
1604
1750
1475
889
1685
1324
1470
962
821
1843
991
1847
1560
881
1266
729
1386
1544
1249
1202
1753
1450
1138
2371
1303
827
2113
1497
866
1115
2125
1665
1415
1530
1804
1599
1446
1168
1846
2014
1926
1915
1404
2420
886
2017
1752
1784
754
1343
1637
1248
1548
1893
2079
1836
1496
1117
1172
1643
2037
1041
2238
2401
1348
2035
1219
1540
1807
1408
1452
1006
1735
1117
954
1542
1765
1837
1110
1486
1556
1101
1340
1896
1511
853
1119
1326
1310
1900
1303
1680
1203
1576
965
2006
1169
1390
1490
1708
1399
1648
1749
1887
1741
1048
939
1079
1663
1994
1024
1921
2261
2040
1628
1988
1338
2106
1182
1667
1814
1389
596
1021
2320
2096
1078
1141
1599
1575
1260
1948
1706
1028
1734
1982
2421
1646
2151
2380
1834
1754
1183
1615
1023
845
2388
1983
1246
1127
1431
1439
1198
722
2040
1763
1416
1666
1428
1577
1865
1772
1326
1309
1536
1009
1420
839
2174
1073
1668
915
1834
1403
1511
1279
1471
2071
1630
2436
912
1588
2288
980
1512
1548
1179
1558
2130
1280
2141
1734
1671
1181
1069
2471
1403
1978
2021
2079
1489
1340
1463
1773
1741
2325
1119
571
1809
2103
2010
1020
1438
1313
2347
843
1348
1345
1598
1376
1804
1544
1952
1147
1759
2141
1410
804
1358
1559
1461
884
1817
1501
1016
1409
883
1901
1678
1005
1661
1056
1932
925
2190
1788
2361
1451
2117
2153
1135
1343
1442
1284
1743
2054
1424
1530
1255
2118
2108
1347
1356
1766
1915
825
1180
1322
1202
2194
2050
1525
1551
1410
1335
1076
1351
1326
1930
1616
1475
1318
1866
1703
1604
712
1436
2199
780
794
2225
1562
1573
1292
1670
2045
947
1973
2123
2326
1750
1372
2251
1511
1062
1174
1689
1451
1640
1234
1715
2048
2271
943
2238
967
1693
1456
853
1233
1498
1926
1548
2256
2309
2310
1096
1727
1435
982
1189
1727
972
1652
1008
2038
2349
1419
1208
1602
1177
937
953
1110
1227
874
2184
1394
1233
1664
1231
1666
1139
1468
1542
2151
2041
2422
2208
1051
1225
1273
1086
1221
1155
1478
1769
1065
1667
1171
1098
1343
1451
1624
1414
1807
1840
1902
1445
2157
1691
1684
912
1994
2104
1284
1082
1197
1263
2496
1519
1436
1991
1374
1585
1437
2109
1990
1823
946
2030
1684
1387
2363
1244
1091
2388
984
1246
1701
980
1369
2240
1746
977
1033
1977
1634
1566
1110
1703
1589
2083
1552
1875
1705
841
919
1170
994
1861
1519
2152
1736
600
1443
2197
1589
1312
1831
1869
1212
1799
972
2316
1024
1175
1544
1192
1559
1662
1497
1295
1663
1680
1679
1014
1675
1416
2046
1741
1170
1147
626
1561
1832
1179
1717
2108
1754
1881
1774
1397
1810
1982
1436
1420
2367
1651
1803
1550
849
1327
1656
1211
1313
2160
1849
1520
961
1061
1237
1266
2247
1075
1632
1578
1371
1353
2167
976
1939
1586
1367
2156
1801
1785
1905
2160
1584
1447
1663
1534
1871
1849
1663
1455
1633
886
1491
1512
1130
983
2040
1942
1192
1275
1545
1821
2160
1052
2502
2132
1849
1146
1296
2222
1041
1256
2216
2489
1790
1249
2070
1166
2052
1426
1857
1314
2007
1544
1235
857
2011
529
1686
2182
1154
1686
1007
1456
1857
1834
1284
1019
2345
1889
717
1711
1291
1320
858
1243
1494
1441
1941
1448
1656
1559
729
822
1236
868
2275
1009
1338
1890
1086
1518
1543
1386
1646
1445
739
1526
2080
2138
1930
1144
652
2054
1402
1796
1880
1223
1501
1472
2136
1448
1920
1233
1560
1234
1463
1956
1624
1625
1559
1489
1772
1137
1634
1204
1598
1942
664
2141
1345
1780
1906
958
2010
1960
1471
2200
1413
2248
869
2368
1128
1564
987
1106
1761
1824
2251
2027
1466
1729
745
1674
2416
2305
1193
2255
1638
1445
1426
1077
2290
849
1893
2008
1582
1711
2039
2281
927
1200
1485
2197
1669
1207
1967
847
2454
1785
1725
1554
1525
1453
1043
1932
1461
1211
1201
1078
1971
1451
1401
1134
1945
1361
1616
968
1492
1720
1584
1715
954
970
1329
2057
1919
1732
1559
1824
1328
2096
909
1388
1134
1162
965
962
1563
1446
1565
1235
1606
1850
1343
1532
2160
1548
1305
1235
1409
2060
1219
1730
1663
1487
902
1828
579
1567
1213
2130
1462
588
1984
756
1488
1964
1439
1393
972
1767
1716
1339
1684
1478
1957
1332
1349
1603
2102
1578
1337
1427
1485
1565
1775
1629
2309
1875
1643
1978
848
1584
1354
1649
1063
1604
2123
2013
2343
1872
1023
1339
1575
1771
724
1514
1510
1502
878
801
1620
1651
2190
2023
1279
1002
1387
1504
2406
1350
2205
972
1965
2332
1256
1387
1044
2084
1401
2332
2239
1199
1050
1113
2332
778
729
1827
1674
1547
988
1769
1171
1770
1393
1150
1907
1137
2433
1251
1509
2461
1226
1958
1073
1363
1652
854
2025
2333
1283
2183
821
2329
1481
1260
1252
1953
1099
1607
1747
1555
963
2347
1704
1524
1796
1796
1422
1076
2115
1580
1888
1785
1882
1743
1138
2017
1769
1259
1583
2364
2144
1781
1078
1291
2264
1811
1429
1956
1345
1027
2494
1630
1001
1424
1332
1528
1973
1586
1768
980
1802
1437
1636
1593
762
1426
1649
1458
719
1709
1872
1402
726
1526
1772
1278
2257
1283
2079
1544
1522
923
1064
1200
1482
2318
1254
1774
1861
1875
1570
1491
1283
2067
1600
1758
1763
1468
1930
2068
1164
1626
1200
1875
1906
1246
1131
1532
1460
1494
1820
2381
1679
616
1829
1469
1874
2026
888
1822
2341
964
1267
2025
1779
2189
1541
1798
1676
1096
1245
1640
921
1391
2151
1497
1492
1289
1173
1295
1218
685
971
1814
716
1619
1142
1875
1592
1777
1619
1935
1031
1389
1509
1784
1173
917
1428
1689
1632
1657
1394
1554
1663
1759
1935
1606
2028
1149
1293
1678
1795
1290
1855
2151
729
1263
1605
989
1851
1789
1688
1251
2200
1589
2033
1241
1465
906
964
1339
2340
1377
1704
1288
1562
1014
2295
1054
1278
2097
1545
1884
1258
1538
2107
2143
1295
947
1496
1942
1504
1645
1289
1468
1284
1089
1444
1632
2057
1571
1777
660
1942
1396
1145
1483
587
1722
1610
1415
874
1557
1520
1445
2224
1525
1554
1068
1800
2183
962
1802
1032
1175
702
1534
1890
1822
1213
1098
1636
1398
1147
1384
1949
1971
1578
2018
1062
1577
1817
974
1815
1590
957
1324
1871
1552
2122
1844
1684
1777
1698
1225
2057
1285
913
1942
1570
1482
1728
1408
1754
1169
1897
1058
1322
851
950
1607
1448
1993
944
1463
819
1674
1222
1121
2077
1725
1153
1107
1646
1257
1106
1323
1361
1664
1823
1256
2296
1755
1994
1322
1928
727
1319
1835
538
1087
1536
864
1625
1484
632
2123
1442
1788
1700
1352
978
1704
1491
1819
1353
1461
1480
1469
879
1297
1296
1260
1504
777
799
752
1040
1861
1133
1966
1104
2049
1344
2231
2079
1224
952
1628
1055
1696
1461
1380
1646
1284
1978
798
2164
1102
1501
1355
1912
1892
833
2066
1432
2044
1613
1029
1391
1650
1091
1954
1612
1937
1290
1684
1725
1717
1320
1465
2066
1601
1595
668
1080
1547
2045
1169
893
1423
1873
1552
2238
1162
1206
1233
1337
1224
1579
1408
1831
2286
1509
1783
1195
1773
2192
1754
1193
1910
1231
1250
1066
2222
2245
2185
965
2340
1652
1479
1233
1420
1515
1130
1272
2360
1269
1301
1739
1888
969
1802
1180
852
1590
1262
2070
1264
2201
1311
1566
1167
1727
1839
1788
705
1162
1606
1138
1514
1998
1797
1073
2181
2416
1991
1165
1776
1487
2098
1762
1463
2020
1098
1210
713
1346
1706
1752
1748
1470
1667
1135
1824
1492
1771
1888
1498
959
1125
2306
2059
1681
1781
1867
1955
1606
1006
1614
1881
1562
763
1278
1689
1674
1191
1468
2000
1534
1469
1500
1369
1251
1084
1236
1680
2090
1882
1693
1787
1556
1954
907
856
1514
1550
1951
939
724
1820
1256
1076
1782
1478
1411
1586
1636
1083
2109
976
1824
1169
1256
1650
1501
1064
1050
827
2328
1904
1738
1550
1827
1127
642
1377
1679
1596
941
1707
1271
2183
2271
1616
1808
1437
1612
1476
1390
1426
1566
1374
1807
1449
1795
1804
1180
1284
1665
1461
2244
1102
1229
918
1012
1270
571
1388
1289
786
1949
835
1855
1303
1610
2284
791
645
1489
2467
1470
1817
1204
1427
1708
1176
1901
1602
1785
971
2192
1763
1286
1773
1733
1960
1020
1653
2011
2234
1085
1374
1718
1386
1822
1546
1343
1613
2371
1326
1440
1555
1874
886
1384
1763
1440
1134
2191
1521
615
1561
1131
1568
1272
1296
1160
1337
1092
743
848
1636
1779
1940
1573
2143
1736
1660
1215
1629
1693
739
1444
1971
1807
1577
1938
1462
1886
1191
1263
1972
2444
1476
1588
1219
2144
1433
1467
1250
1580
1700
831
1890
1833
1225
1882
1632
1252
786
1084
1492
1330
1211
1025
1465
1695
1384
1447
811
1967
771
1579
1843
1744
1120
1531
1884
1862
1530
2317
1725
1375
1360
962
1195
2003
2198
1520
984
1422
908
1079
1469
1639
1418
663
1353
1133
1759
2343
1249
1857
898
1977
1129
1467
712
1985
1997
2070
1547
1382
1183
1061
1380
1090
1300
1021
745
1604
1488
1719
1260
1189
1810
1409
857
2259
1545
1079
1554
1197
1359
956
1358
827
2057
1086
2206
1442
2237
1577
908
1110
1364
1664
1146
598
1398
1539
1370
1194
639
2499
1845
1604
1861
1926
1565
1672
1809
1545
1664
1315
1009
2228
1741
1113
1648
831
1657
910
1711
1305
999
1496
2345
2136
1558
663
1813
1488
1011
1865
968
983
1593
1431
1111
1708
1251
1115
1696
2159
1753
1614
1834
1273
1705
1140
1288
1609
2033
1965
1326
664
1777
1580
1961
1304
950
1478
1246
1258
1846
660
2061
1263
1306
1879
1243
1237
1892
1556
1130
1378
2195
1064
1870
1280
1967
1843
2092
1616
1609
1620
1730
2335
1217
1626
1378
1361
1104
1908
1260
1691
1650
1622
2101
1888
1262
2323
1848
653
2352
1177
1332
1497
1623
1821
1831
1580
1583
1612
1938
1339
1828
1727
1993
1275
1397
945
1440
1571
1599
931
1477
1346
1562
1710
1148
870
874
1427
944
1295
1651
1494
2246
1209
1908
1475
1196
1818
1768
2347
1037
1826
1462
1514
1352
1313
1740
1790
1547
1108
1039
895
2141
1597
1016
1752
1334
2056
1648
1217
1421
1683
1281
1169
1697
1314
1881
1027
1130
1555
1723
2118
954
1200
1993
1278
1322
1608
1954
1759
2220
1592
996
1747
1109
1198
1565
1464
2096
1757
1503
1016
1380
849
689
2074
1666
1587
1256
1948
1560
1351
931
1546
1305
1875
1800
1063
1349
1939
1801
1488
1183
1320
1507
1637
1612
1877
1863
1061
1978
1573
1174
1392
1940
1317
2075
1538
1510
1855
1329
1419
1545
1206
1392
1757
2250
1564
1536
1370
838
1337
2109
1973
1156
2116
1748
1484
1620
1704
1891
1604
2050
1561
1988
1879
1128
1545
1398
1137
1765
1244
2041
1969
1017
642
1514
1238
2019
2298
1594
1673
1891
2363
1852
1226
1112
1433
1583
1249
1746
1548
1958
1555
1622
1505
2017
1772
1207
1493
1410
1422
1915
1517
1586
1415
1903
2238
1445
923
2173
2375
1341
1746
2377
1847
1289
1061
1681
2031
1393
1438
2040
1947
2269
1700
1523
1058
1991
1134
1437
1651
1623
1500
1451
897
1215
1465
2085
1303
2245
1610
1532
1752
1686
1119
1658
1334
803
1570
1085
1548
2202
1822
1257
831
910
1836
961
1324
1197
1640
1873
1679
1414
1087
1204
1475
1724
1924
1959
807
1895
1317
1660
1768
1461
960
1903
1112
1934
1060
1564
2193
2006
1415
1741
1937
1822
2342
779
1117
1671
1677
1361
810
1563
1865
1252
2088
1146
1587
1646
940
1362
2070
1669
1486
1190
773
2049
1422
1315
1069
2067
1711
1924
627
1334
2330
970
1147
1145
1531
1668
1241
1025
1648
1258
1394
2345
1355
1341
664
1060
1224
1207
1970
993
1631
1790
2393
1234
1773
2300
1900
1174
1625
737
1447
1137
1598
1187
1730
1393
1211
1675
2113
2176
1696
1959
983
2261
1808
1766
1243
1255
1978
1174
1185
2186
1442
1700
1400
1294
1245
1127
2284
1730
1452
1011
655
1328
1514
1043
1296
844
1648
1710
1463
609
1624
1164
1558
1939
2021
979
976
1008
1392
2207
1901
1997
1797
1233
2394
1679
1804
1950
1295
946
2500
765
1738
1266
1523
1520
1856
1176
1435
1228
1844
1989
2007
2032
1695
1731
1333
1485
686
1132
926
793
1099
768
1647
2288
1835
1781
2419
1655
2334
1550
1053
1293
1960
1822
1765
1502
2131
740
1269
1693
2085
2412
842
1392
883
2248
1918
1470
1312
1612
1609
1257
2153
1884
1829
1626
1357
1958
1814
1498
1616
1668
1146
1163
1724
1648
2266
1631
2334
1522
1150
1603
1514
1550
1452
1259
1383
1167
1476
1602
2427
1097
1543
1520
1139
1222
1301
1297
1892
2010
1065
2219
767
1271
1521
2031
1405
1465
2216
2134
2186
1671
1411
2396
2341
2029
1769
1748
1515
572
2096
1826
1188
1492
2000
1643
1529
1151
1809
2057
986
1791
1357
1535
1420
1625
2267
1792
1432
1591
1239
1482
933
1101
916
1767
1588
1320
1642
1362
862
1818
1249
1544
2184
1387
1034
1927
1089
1230
1909
1237
1414
1868
1652
1281
1132
2208
1790
1555
1090
1751
1550
999
1354
1038
1112
1373
1531
1279
1392
2221
2061
1471
1657
1066
1555
1472
1258
987
1636
1895
2019
1446
1612
1932
2044
1419
1380
1966
1257
2229
2055
1430
1482
1957
1047
1694
1412
2183
1085
941
1645
1463
1398
1857
1700
2053
867
1405
1313
1305
1504
1295
1569
2285
2060
1295
1086
875
2004
1441
1723
2285
1207
1952
1843
1137
1350
1343
2041
807
1584
1017
800
1846
2026
1520
1387
1318
1856
1671
1893
1210
846
1691
1956
952
1724
1719
2266
1649
1158
1821
1357
1441
1265
2136
1823
1483
1380
1404
2429
1685
1687
1393
674
1475
1835
1411
2116
1079
1618
1890
1652
1046
1299
1997
1108
1852
1358
953
1340
1517
2151
2066
1194
1303
1046
1575
1528
1475
1090
1497
685
1509
1677
1515
542
1297
1822
1444
1997
1029
1085
1814
1786
1253
1819
1167
2287
970
1986
1867
1414
2089
1453
1688
2322
1800
1848
1140
1370
1438
1431
1770
2080
1558
1746
2028
856
1248
1369
2185
1115
1646
1566
2159
2206
1632
1409
1186
983
1830
988
1430
1413
1303
1746
1708
2271
2147
1435
1411
1349
858
1516
1370
1452
1242
1301
964
1611
1221
1419
1275
1860
1354
1324
1709
1043
801
2026
1500
1744
874
1441
1303
1179
1396
2072
1783
858
1279
1057
1048
1687
873
2134
2053
1172
2014
1872
1158
1373
1540
1463
1596
1402
1928
775
1509
1686
2052
1712
1581
843
1698
1770
1553
1503
1316
1716
833
1418
995
2155
1599
1364
1763
2047
1543
1347
1217
1515
973
1939
1858
1174
2057
2057
1598
825
1418
1804
2087
1700
1198
1368
1545
1158
776
2160
1024
1451
1547
1460
1430
1372
1845
1512
1908
2031
2028
2071
1609
1547
1843
1919
1535
1433
884
1701
2144
1497
1444
1719
1469
1827
1271
2097
1068
1544
1178
912
1835
1918
1296
1420
1857
2090
1702
1195
1714
1380
1463
2446
1616
1097
688
1569
1151
1671
1797
1014
1118
1403
552
1299
2172
1476
1477
1154
1998
1155
1915
1477
1353
1286
1829
1486
1554
1831
1686
1521
1387
1664
2043
770
1373
1878
1010
1792
1494
1491
1415
1730
933
1173
1080
1822
1201
1536
1334
1898
1155
1473
1838
1729
2177
1210
1031
2092
1338
1342
1559
1828
1732
1492
1502
1301
1239
1422
1720
924
1625
1899
1783
2106
2254
2107
2056
2447
1647
1431
1551
1608
1045
1381
1296
2038
1234
2328
1859
2125
803
1633
1972
1510
978
1165
1090
1602
1372
1303
2046
1438
2073
1560
1278
1841
1880
2311
1960
1750
1865
1501
1181
1146
1240
1454
1544
1332
792
1697
1541
1962
1549
2148
1176
1189
1498
2290
1782
1610
1600
2361
1480
1798
2037
1114
1499
1549
1529
2073
2097
2169
2168
2073
1996
1998
1282
1784
1571
1020
1119
1230
1272
1221
2181
2042
996
2162
2131
979
1878
2167
1271
919
1169
1771
1178
1022
1437
1051
1286
1767
1739
1958
1506
1256
1252
2201
1701
1505
1388
1517
831
2149
974
1755
2124
1222
1225
1879
1531
1626
2199
1468
959
2042
803
1483
2149
661
1353
1538
1940
1276
1368
1124
1421
1303
1615
2028
2099
1786
1664
603
1306
1467
1139
864
1650
2345
735
1424
923
1251
1782
2177
1767
1467
742
1130
1484
1659
1887
1825
1794
2083
1295
1307
1247
1594
1406
1962
1477
2267
972
1691
1724
2295
1600
1494
1505
970
1466
1943
2399
1696
1208
1554
1710
1026
2157
1814
1042
2182
1398
1711
1346
2086
1095
1726
1748
1167
1399
2054
1496
1586
1788
1499
886
1701
2046
1135
1837
1996
1769
697
1295
1265
1547
1428
1360
957
710
1162
1308
1698
1394
1785
1317
1968
2020
1625
1648
1059
978
1410
1470
1559
1477
1654
1717
1220
1629
1306
1557
1025
1216
1295
1963
1557
2002
1047
1784
1917
2306
1816
2261
759
587
1564
1203
1517
1602
1344
1510
903
1312
1227
1087
1722
1913
782
1281
1590
1710
1075
1232
1214
2344
1373
2133
1765
1331
1441
1815
1420
1477
1752
1542
1391
1158
2058
1202
1991
1280
1276
1025
1295
1198
2073
2523
1310
1933
1906
1462
1128
1758
1722
1251
1713
1126
1042
1499
1681
1183
993
1602
1254
1106
1659
1173
1177
2157
2401
733
1512
1371
1827
2261
2081
1584
1322
2186
1359
1585
1834
1512
1753
2238
1681
2009
1292
1514
2204
2357
2265
811
790
1099
1932
1203
808
1471
736
1664
2280
2183
2203
1582
1402
1677
1622
1759
1371
1090
1654
1903
1485
2354
1405
1389
1443
1734
1547
1858
1927
1903
1713
1386
1354
2010
1813
1412
1729
2183
1545
764
1171
1944
1481
1680
1825
1617
1741
1036
1427
668
1554
1912
1457
1334
1197
1084
1648
1740
1418
1777
1525
1619
2056
2256
1792
1680
1420
1023
725
1543
1270
1591
1320
1529
1351
1594
1815
2080
847
1951
1872
2047
1030
1748
1387
1385
1526
1571
1690
910
1333
2322
2136
1583
1501
1666
1623
2036
1352
1235
1316
2409
1583
1968
1491
1017
1424
2311
1441
1291
901
823
1637
851
1918
1159
1802
1384
1886
1521
1929
1567
2009
1897
1500
825
1779
1490
1774
1257
1497
1799
1824
1792
657
1249
1305
1455
1472
1193
1777
1641
1677
1744
1663
1721
1586
1792
1726
671
1032
1450
2106
1586
1460
1892
1435
1737
1644
1793
1217
2193
778
1001
1555
1571
1096
1297
1815
1622
1471
1527
1033
1724
1748
2070
1285
1357
1515
1993
1302
2396
1488
1181
1691
1424
1740
2107
1827
959
1792
1063
1866
992
2188
1779
2070
1587
2310
1026
1577
1282
2288
1883
1203
1692
2412
2122
935
1784
1700
891
1334
1852
1621
1477
1645
2036
990
982
899
572
1705
1332
2035
2189
1385
1555
1832
2032
1353
1865
1307
2135
1288
1446
1740
656
1414
1981
2445
1371
2011
1420
1534
1689
1152
1169
551
1279
1642
1649
2156
1581
1177
859
1031
921
1851
1859
2149
1286
1176
2420
774
1578
1159
1872
1117
1480
892
2148
1871
1568
1493
794
1503
1830
1998
1987
1479
1819
1922
1984
2102
943
1378
1711
1978
2098
1761
1456
1854
986
1894
1281
1690
1538
1840
848
2277
1094
1212
1562
1441
1624
788
1412
1720
1618
2177
1579
1742
1411
1230
2040
1808
1838
1066
1216
1969
1408
1860
1785
2083
1075
1885
1858
1988
978
1226
790
1141
1216
2043
1526
1843
1008
1586
2343
772
1329
1721
1030
1567
1933
2110
1824
1540
1451
2071
1537
2063
1199
1496
1607
1723
1509
724
1971
1770
955
1467
1404
1629
1868
1078
1980
1591
1902
1291
1588
2052
866
1364
2075
1696
1782
1738
526
2235
1603
1382
1456
1207
1590
1609
1430
2159
1811
1239
993
811
2017
1224
1955
1473
1799
1883
1544
1369
1541
1466
1785
1396
1731
1261
1601
1178
1047
2248
1738
1416
1105
1804
2088
989
1993
2350
1017
1830
1624
1094
1018
1038
1228
1296
2044
1218
1790
2192
1505
1971
1864
1520
2428
2021
1173
2074
2171
1330
1167
859
1611
1535
1042
945
1427
1172
1871
1814
2267
1564
1370
1507
1201
1120
2004
1128
1724
1005
1463
836
1466
1584
1522
1437
2133
1340
1440
1644
1318
1746
975
1500
1127
1194
1557
1864
1159
1517
1663
1225
1447
859
1554
1506
1578
889
1732
1145
1407
964
666
1138
1391
1314
1531
1370
1798
1785
1320
1776
1805
2135
1519
1569
1568
1313
2052
1427
1571
1962
1519
1329
1257
2032
1083
2062
1470
1890
2153
1166
2513
1785
1563
1920
788
1554
2100
2382
1588
1853
1754
1652
1475
2347
1834
1855
1292
1465
770
2349
1780
1586
1085
1664
1210
1317
916
2458
1702
1034
1691
678
894
1810
1156
2248
1454
1413
1815
1191
1532
1397
1533
1301
1775
1921
1706
971
1299
1731
1273
1749
2076
1982
1554
1446
1279
990
1839
1107
2371
2174
1410
1213
1782
1469
1529
1628
1965
2088
1273
1991
1280
2169
1833
2252
1264
1877
1533
717
1469
1743
2120
1593
1540
1199
1005
1380
1579
1980
1598
1026
1003
1669
1405
1298
1552
1109
1149
2185
1531
1898
2313
2086
2074
937
1542
2121
1517
1254
1511
1757
931
1283
1783
1137
2040
1708
923
1795
1208
1719
1779
1693
1586
2002
1449
1723
2049
1860
1848
1231
1337
1222
1720
1502
1673
1715
930
757
1271
2121
1896
823
1772
2177
1462
876
1450
1538
1034
971
1889
963
1143
2072
1419
1236
963
2098
1225
1827
1372
1080
2208
1109
2107
1293
1183
2103
2024
1527
1702
1483
1569
2023
701
2161
1248
1044
1833
1616
1049
1501
818
1851
1548
1504
1246
1576
1296
1998
1173
2081
1355
770
929
1494
1975
1320
1589
2340
1644
1622
982
2053
748
1447
1565
1361
1206
1642
1210
1333
2008
1919
1643
1450
1239
2522
1884
1006
679
1312
1301
1112
1266
701
1621
1362
1587
976
1416
1055
931
1714
1969
1196
1603
1247
1117
1539
1536
2033
1886
1682
1240
2075
1314
1131
875
1535
1900
1484
786
1969
1193
1137
1892
2063
2014
1065
1188
1809
1895
1770
1560
1914
2095
1737
1941
1143
1787
2005
752
1814
2241
1082
813
1547
1282
2186
1393
1014
766
2108
1464
2149
1538
1330
1088
1251
2116
1309
2499
2202
875
1339
1493
1681
1293
672
2288
2111
1199
1737
1551
1643
938
1628
1561
1624
1691
1672
1857
1075
1605
1534
1370
2071
648
1605
1523
1794
803
1612
1641
1678
804
831
989
1888
2483
1375
2017
1975
904
1681
2380
1641
1366
2290
1238
1830
2215
1438
1904
1575
1262
746
1172
1765
2275
1190
2134
1854
901
1469
570
2306
1989
2387
648
1568
1277
1998
1123
694
1301
1489
1516
1134
2021
1841
1584
1075
1437
1396
1393
1532
738
2274
1224
1867
1829
1356
2024
1715
2061
1421
1457
1736
1646
1739
1710
2234
1382
1567
1061
1037
856
1117
1549
2109
2235
2351
1118
1906
1525
1286
1992
1097
1320
2380
1492
1539
2203
1612
1939
2112
1457
1007
1853
1290
760
2280
1106
1306
1119
1452
2149
1681
1688
2395
874
2022
2012
1514
1240
2229
1889
1947
1004
1778
1311
1561
1345
1380
2399
1371
1157
1644
947
1201
1915
1662
1188
1834
1344
1649
1774
1519
859
1670
1771
1098
1445
1516
973
1508
1733
1970
1191
2085
1931
1192
1188
1711
933
1938
930
1609
1888
1788
1405
2106
1795
841
1431
1608
1275
988
1509
2076
1477
830
1164
1520
1186
1727
1264
2030
1857
770
1888
2529
1250
948
1542
2299
1337
1458
1333
1499
1108
1306
1416
1738
1732
2094
765
1621
783
1490
1562
1395
1309
1247
1418
1884
1807
1190
1152
1212
1584
850
1863
2151
1361
1522
1388
1932
1707
1445
1619
1222
1117
1705
1335
1270
1992
974
1958
796
1616
808
1404
1134
1774
1724
1699
1739
1552
1563
1519
1395
1540
637
1586
1333
1742
1812
1244
1241
1725
1038
1886
1611
1306
1835
1425
1681
968
1555
1289
1684
886
1048
1136
1937
1206
1282
575
969
2208
1289
1838
1915
1474
2034
1142
1695
1067
1533
1652
2278
2142
1386
1196
1139
745
2038
1820
947
987
1751
1522
1533
1213
1705
860
1886
1921
1646
1767
1779
1003
1660
1375
1605
1490
833
1225
1588
894
691
1414
1776
1862
1864
1738
1967
1900
1710
965
1749
2339
1900
1144
1576
1664
1008
1921
1737
1635
2329
1641
2104
1062
1833
2316
1985
1075
1308
1223
1957
1502
2330
1411
1699
1327
1296
885
2094
1257
1897
974
1160
1911
893
1836
1413
2270
1710
1504
2274
927
2519
1269
1582
2050
2423
1997
1566
788
1836
1791
1087
1382
1293
1785
2001
1454
1785
1009
1340
1278
1607
2124
1948
1086
1545
1514
1047
1556
1899
1228
1532
1985
2223
1537
1447
1685
1549
1626
1241
1226
1845
877
875
1107
1227
1189
692
1638
1141
1525
795
1165
1176
1594
1765
1941
1950
1505
990
1722
2209
1789
1123
1262
1642
1656
1859
1991
1496
1656
1934
1975
1435
1306
2243
1775
1344
2349
1115
1129
846
2032
1688
1537
1623
1514
1259
1325
1793
1667
1623
1479
1492
1632
1278
1245
1364
1853
1635
1455
2015
1628
1642
2006
1529
1488
2045
1885
1922
2013
1545
1836
1476
915
1136
1454
1498
703
1629
1300
2107
1400
1695
793
2139
1819
1537
1146
1606
2369
1545
1115
1539
1159
2007
1448
836
934
2071
1793
868
1290
1850
1452
1960
999
755
1019
1095
1908
1861
2232
1970
904
1230
1081
1456
1648
1097
1754
2327
2153
1903
2337
2147
1921
1420
1179
1787
1349
1670
1142
1743
1238
1133
1363
2193
713
1754
1697
1191
1667
1798
965
1457
1981
981
775
1737
2156
2003
1647
1612
1039
977
1064
1766
757
1010
1879
1913
1540
1888
1730
1482
2101
2122
1410
1228
1921
2297
1305
1144
2020
1445
1714
1161
1548
2374
2007
1980
726
1878
1261
1208
902
1885
1308
1845
1731
1305
894
1460
799
677
1302
1694
2072
1899
1165
1870
899
1448
1921
1118
1169
1436
1383
1412
1444
1480
1089
1687
1954
1615
1735
1465
1846
1630
2274
1303
1433
1669
1966
1053
767
1674
1740
1670
1409
2080
1519
1453
1484
1147
1279
1832
924
1768
1534
2079
1594
866
1069
1449
1418
2133
1667
1566
2130
1960
1437
1121
1503
1035
734
982
1595
2061
1615
1081
2142
1107
988
1083
1111
2138
1834
1525
894
2312
1202
1471
1750
1881
1954
1264
1497
1558
1431
1253
1434
2190
1523
1662
1923
1372
827
1450
1656
1516
1074
1698
1519
939
875
692
2045
1814
1427
2214
882
1460
1079
1103
1700
1541
1662
1524
1058
1737
1525
1517
1722
681
1640
1590
1592
1299
1741
1982
1134
1316
1157
862
1775
1497
1438
1440
1776
1649
1577
1600
1749
2110
907
1800
1772
1411
1084
1445
2242
1218
1392
1601
1115
1350
1743
1730
1416
2050
1496
2040
2017
1502
1209
2152
2323
1213
1060
1366
1822
1615
2033
769
1930
2226
1471
1452
2034
1216
2021
1751
2042
966
1553
1420
1267
1700
1181
996
1001
2222
1973
1302
2171
1829
799
1199
1085
1520
2219
1329
1638
1667
1157
1374
1608
2135
1065
1161
1856
2391
1484
1365
1346
1538
1983
2202
1486
1681
1082
975
1320
1330
1678
885
1088
1230
947
2026
1705
1983
1320
1229
2209
727
1860
2102
1910
1631
1546
913
1931
1279
1715
1181
1665
2219
1021
976
1548
2122
951
1656
783
2028
1998
1050
1684
1359
1581
2051
675
1550
1449
1102
1320
1752
1588
1541
1567
680
1722
1223
1339
1295
1573
679
1089
1447
1723
1923
1004
1972
2133
1968
1835
2191
2286
581
1964
1773
825
1951
1311
1778
940
1819
2146
1437
1128
651
1956
1909
2031
1641
2119
1388
2052
2358
1455
1078
1659
2280
870
1017
1972
1446
1323
759
1773
1440
1415
1615
1328
1639
1915
1785
1074
1348
1525
1706
1645
899
1986
1250
2105
1354
1095
1570
1452
1448
1652
2262
1012
2170
749
969
1466
1316
1545
1195
1285
1043
1587
1433
1706
1263
1396
2058
940
1196
1182
1121
1507
1376
1170
1432
1409
1058
1961
1542
1294
1750
743
2209
2259
1707
1457
1841
1316
2288
1252
1893
944
1172
1314
1396
1478
2049
1933
1394
1800
1705
2374
2089
1678
1007
1723
1574
2172
1561
1261
1839
629
1354
1363
1015
743
1589
2225
1136
1709
1607
1352
1934
1175
1897
1116
636
1787
1883
1368
1952
1062
952
1230
1678
1481
1667
1115
1426
1229
1660
1357
1457
1577
1499
2159
1160
1870
1207
1429
1262
2130
1813
2052
1684
1190
2423
1197
1376
1287
876
1408
1311
1332
1195
1639
1872
1850
1725
1665
1336
1169
844
1221
826
1823
1718
2281
1261
922
1657
1210
1509
2063
1547
1445
2292
1346
1147
2030
1335
1907
870
2274
1121
1594
2299
1519
1862
1433
1406
1472
1225
1039
1950
1468
1775
2087
1993
1448
1457
1647
1301
1942
2315
1607
2046
1065
1642
2041
1230
2052
807
1139
1224
1559
2341
903
1104
1319
1444
1448
1567
2136
1042
1896
961
1925
1762
1221
1752
1177
1367
805
1086
1820
1549
1325
2370
1925
1800
782
2393
558
1449
1693
1196
1093
954
1657
1198
1410
977
1894
1241
1860
1565
1007
1822
2264
2013
2122
1100
1741
1058
2054
1150
1811
2217
1615
1672
2076
1668
1562
1261
1295
1541
929
2037
1898
1533
1989
2014
1620
1244
1637
1233
1323
1602
1098
1886
1206
1360
1653
1337
1161
1650
1875
2150
1261
891
2272
1598
1627
859
1916
1473
1544
1601
1427
1030
1711
1524
923
1909
1828
1486
1699
1940
2383
1489
2451
785
2198
1685
2245
1804
1610
1416
1802
1352
1959
1480
1877
1607
597
1984
799
1462
2032
1363
2085
1294
2358
1063
1026
1824
1423
1325
656
1403
2298
817
2098
1243
1598
1967
1548
1715
1230
1101
1096
1915
1581
1733
1312
1758
1978
1470
2179
2049
1571
1147
1825
1646
1843
1035
1488
1380
1583
1696
1157
1730
2368
1874
1203
1848
2209
1895
1632
859
713
1525
1667
1742
2216
2010
1234
1220
1109
1135
1843
1459
2211
1023
811
981
2188
1418
1573
1894
1424
1957
1554
1761
2491
1188
1819
1804
1527
1774
1215
2476
2164
1856
1427
1326
1741
1822
1311
1887
1341
672
1390
1747
1905
1857
1635
1719
1376
1443
782
1550
1589
1270
1177
1277
1652
1372
2254
1402
2235
1550
844
1545
770
707
1165
1923
1043
1302
1624
1308
1930
1427
1203
1428
1000
1208
2077
1311
1663
1823
802
1453
1214
1370
1379
2014
663
1739
1501
850
1620
1416
1372
1316
1896
1202
1967
1579
1877
1499
1956
2225
1403
1928
1801
1681
1279
985
2212
2101
1678
1319
2127
851
1798
1020
1480
1611
747
951
1339
1110
1904
1278
1314
1673
1805
1295
1896
1824
2211
1674
1344
1565
663
1691
1600
1331
1221
1933
1291
1387
1097
1354
921
918
1469
943
1987
1584
2220
1156
1862
1019
880
886
1088
1212
1356
1331
1598
1528
1751
707
1634
1220
1483
1465
1061
1733
1295
1464
2189
1544
1438
1025
1477
1480
1866
1802
1602
1561
1376
1354
962
1782
1672
2231
1631
1630
1195
1311
1849
1282
2144
1236
1417
2352
2048
1260
1815
1075
2253
1749
1585
1485
1298
1073
1886
2093
1569
957
1055
1650
2346
638
1664
943
1484
1598
749
1318
1933
1714
700
1552
1631
2102
1865
1952
1053
1915
2464
1613
1714
1762
1536
1787
1265
1121
1271
911
1603
1311
1143
2119
1024
1131
1428
1501
1025
1516
1791
996
2005
1296
1144
1674
1089
1061
1912
2334
1608
1500
1364
1015
998
1802
915
1616
1373
1535
1370
1550
2117
762
2046
1977
2154
1378
1884
1561
1467
2036
996
983
2326
1399
2217
1342
1632
2075
2196
1944
2053
1165
1103
1906
1052
2317
1236
1961
1086
1434
1465
1342
1093
1591
1527
1509
1666
1035
1312
1817
728
1472
1558
1038
1777
1118
1547
770
792
1761
1462
1950
1350
1356
1440
2122
1659
793
1581
2352
1458
1261
1075
646
1849
1975
1910
1066
1985
1807
1303
1352
2237
1331
968
1562
1505
1879
1205
2137
1611
1868
1234
1463
1462
1801
1281
1115
2065
1087
755
950
1825
1513
1230
1256
1584
1258
1937
938
1929
2193
1494
1549
1182
1219
1496
2492
1208
1255
1719
1901
1421
996
2348
971
1634
1105
1429
1137
1318
1908
925
1352
1868
1351
1820
1491
2197
1304
1822
1339
1167
1285
1017
1700
1512
2031
2147
1283
1137
886
1716
1620
1772
1415
2407
1510
1311
2200
1545
1911
1447
1466
2520
2149
1464
2035
1566
1663
1775
1174
1213
784
1068
1452
1773
1538
1548
2082
1760
1617
769
1245
1831
1508
1878
1277
1327
2165
1306
1381
1327
1244
1329
1708
1898
1837
1260
1363
972
1539
1278
879
2179
741
1791
2323
895
1512
1963
1980
1697
1329
1196
1223
1779
1548
1480
1022
2133
2403
994
1997
2263
2027
1867
1045
1425
1826
942
1995
1483
907
1023
1095
2027
934
1542
1843
1733
1250
2066
1327
1731
1371
803
795
826
952
1907
1697
1127
745
1409
1190
1375
1356
2312
1532
763
1273
1885
1699
1310
1581
1378
917
2320
1761
1567
2130
1649
1223
2016
1486
1880
1843
1910
1297
1824
1016
2368
1922
1183
954
1742
1219
1497
803
1111
1888
1504
1699
1637
1547
866
1594
1418
1713
2118
1074
1700
2411
1204
1613
1541
2336
1304
1521
1041
1641
2189
898
1039
1963
1895
1012
2463
1174
1801
1083
1907
1777
1303
1267
1784
2269
1826
1672
1400
1640
2197
955
1081
1622
1653
1402
1672
1885
1525
669
1274
1198
1820
749
1357
1546
1082
1633
2273
1385
1800
1384
1803
1267
1757
1959
1688
1855
2002
882
1485
1553
1160
1594
1382
1205
1359
727
1637
1931
1110
1566
1758
2310
1308
1521
1153
1295
1497
1701
1663
1612
1002
1175
2143
872
759
1403
1477
1897
1790
1728
798
709
1444
1697
1125
1450
1969
1710
1958
1410
1704
2081
1125
967
1668
1602
1838
2168
1449
1584
1553
2060
2136
2340
1915
1828
1607
1516
1401
766
2374
1341
2064
1727
1560
2177
1556
1176
1542
2464
1496
1393
1369
1535
1292
1534
2201
1891
1466
2235
2492
1856
1851
1766
1755
1388
905
1109
1592
951
2201
1020
916
795
1393
1331
1779
1332
1213
1523
1957
1715
945
1683
1409
2175
1922
1875
1188
1904
1725
1795
706
1575
1524
2135
1832
953
721
1694
1768
1651
1957
1620
1289
1617
1779
1296
1484
1197
1971
1911
1986
1911
995
1753
1423
1893
2116
866
1620
862
1410
1098
1596
1866
2313
2113
2068
1972
1584
2394
1800
1366
678
1607
1689
1742
1433
1317
1353
2071
1549
676
2012
1971
1134
2072
2227
911
1459
1754
1192
1765
2297
1222
783
1800
1004
2285
1596
2130
1661
1753
1524
916
1416
1882
1797
1281
1290
1677
1659
639
1061
1594
1240
1317
1608
1529
1910
2139
1567
2265
1033
1780
1919
1662
1242
1911
1528
1647
2268
1836
1060
1504
1089
1629
1164
1205
1055
974
828
1357
1798
1232
2335
1550
2327
2328
2016
963
1319
1275
1460
844
1967
1081
1674
1909
2349
1449
1109
1160
1289
2151
1107
843
1534
1330
1873
2222
1596
1683
1209
1535
2088
1742
1303
1256
1266
1606
1786
687
644
1776
1470
1680
1604
1846
1184
1518
935
1893
1842
1440
1174
1586
826
1984
1572
1757
2120
1820
2235
1780
897
1727
1249
1062
2013
1547
1607
2044
1711
2212
803
1636
1497
1291
1357
2109
1346
1927
1740
1583
2253
787
1437
1329
774
1726
2175
1492
1622
1461
1521
1524
1498
591
1476
939
1481
1535
2052
1656
702
1183
2042
1246
1920
1746
1526
1446
1711
906
1546
1299
1856
1876
952
1848
863
1076
1409
1916
2009
2119
1615
1291
2303
2026
2008
828
1036
989
1862
994
1134
1943
865
2194
1290
1028
2179
733
1838
1764
1225
1380
1532
989
1362
1440
1808
1589
1987
756
1464
1749
1759
613
1891
1357
2044
1256
1799
2295
1204
1465
1232
1754
1495
2042
2049
1047
1225
1792
1435
1777
1970
1990
1983
1963
1892
1792
1402
1918
1416
1525
1036
973
1479
1105
1078
1489
1624
1916
2224
2305
1225
1863
1916
1587
1134
1791
2221
1623
1593
1566
2014
1649
1098
1088
1266
1233
1831
1595
1279
1283
1293
978
1370
1790
852
1812
995
1339
1291
1816
1569
1260
1747
708
1244
1131
1848
1026
1754
1674
1955
825
1692
953
1691
1572
1729
1737
1176
838
2115
1598
868
1290
2131
1246
1823
1857
1471
1386
1258
1227
1303
1827
1766
1475
1474
1729
2224
1181
1016
1623
805
1522
1657
1177
1562
1645
1510
1077
1562
1606
2155
1792
2228
1164
1559
1987
1058
1177
1308
857
1273
1874
1423
1323
1251
1227
1517
1531
1168
712
1671
2038
1316
898
1770
1735
1671
1633
1797
1940
2180
1311
1945
1877
1260
1821
2163
1676
1593
1327
2338
1631
885
1530
1796
2296
1222
1147
1926
1875
943
2299
1692
2030
2508
2000
1698
1909
1263
1375
1885
1321
1579
1714
1735
1582
1691
1694
1674
960
1696
1917
1751
1626
1816
766
1874
1899
573
1345
1156
801
978
782
1887
1359
1348
2222
1485
2337
1550
2244
1486
2178
1768
912
1903
1294
1763
1487
947
1656
2138
1252
1167
1570
1542
1020
1805
1574
1816
2198
1754
1719
1844
1653
1330
1747
1487
1530
2021
1844
2044
2097
940
1510
1536
681
1081
1622
1395
1628
1074
1524
1744
2258
874
1960
1392
835
817
1655
771
1240
992
1303
1900
1316
1801
1716
1345
1147
1916
1355
1621
1036
1155
1150
1101
2170
1706
1744
1668
1694
1554
1193
983
818
1585
1482
1302
903
842
1855
1807
2177
1458
2087
1020
1089
1411
632
1095
1872
2314
1951
671
1381
1205
1354
1029
2061
1723
1669
1880
2023
1819
1949
1933
1754
2278
1790
1318
1164
814
1290
1615
2041
1697
1312
889
1756
2202
1452
1366
1002
1472
1142
1086
1339
1863
2299
2096
1066
1092
721
791
2103
1292
1014
1915
1171
1398
1375
1051
989
1467
1954
2161
1780
2338
1853
891
2244
1662
1420
1580
1628
1351
1290
1390
1084
2283
1906
1284
1501
1059
1056
1695
1417
2220
1598
2101
1367
1945
1857
1925
1345
2159
1601
1675
949
1642
1935
1859
1289
2065
1148
1717
905
1113
2049
1684
1596
1855
1576
1862
2178
1397
1238
1186
1341
1640
1298
1077
2382
1628
824
1357
1183
2034
1523
1347
1199
1555
1698
1480
1434
978
1736
750
1691
1425
929
1415
1079
1499
1445
1881
1941
1470
2071
1122
1752
1414
1785
992
1631
1408
1024
2005
1740
1787
1309
1398
881
1997
1692
912
2030
1423
1494
2228
1475
1573
1822
1933
1330
713
1593
1516
2018
1395
1913
1745
1257
1754
1089
1820
2068
1111
969
1607
1992
1885
1055
1552
1736
1720
1128
1680
998
1540
921
2193
1672
2222
2055
2461
1105
2129
989
1264
1520
1703
1852
725
682
1717
2422
1924
2348
1041
1760
1895
1396
1372
1474
1980
1211
855
1354
1313
1798
1892
1325
1092
2530
2171
1494
2233
1755
1553
1242
2375
1472
1682
2039
1220
1217
1697
1632
826
1557
1737
1232
2306
952
1964
1625
1603
1960
1915
804
1270
1645
1220
1629
2513
1514
1092
1941
1464
1470
1283
2391
1876
2061
1275
1866
1289
1351
2085
1055
1305
1457
1744
1035
1422
1908
1337
1777
1763
876
1492
1259
1261
2099
677
1131
2387
1446
1844
1262
1498
1052
1727
1487
1705
2085
1736
1933
2027
2188
1472
1178
842
1247
1542
2122
2127
1309
1117
1002
939
2183
1719
1829
1098
2429
1583
1342
1218
1022
1238
1839
703
1306
1611
939
2142
1649
2205
1020
1643
2094
1842
1584
1935
835
1982
1271
1810
1709
1993
1438
998
1724
1553
1647
1157
1709
1955
1217
1334
1609
1657
1652
1153
1436
1748
1863
1147
1914
1396
1083
1501
1727
2008
1498
1300
2257
1712
1680
1153
2456
1671
816
1339
1806
2109
1663
1744
2321
1419
1785
1070
1454
2478
1145
1479
2332
1427
1166
1150
1632
1596
1584
1737
1506
1504
955
1464
959
2453
948
1224
1867
923
1475
1725
1689
1661
2092
1680
1071
1255
1175
1340
1173
1684
1265
1601
1598
1821
1500
1273
1077
1773
1214
1612
556
1526
909
1550
2125
1566
1324
1528
1629
950
1915
1777
2165
1350
2086
2384
1617
1229
1939
1543
1801
1082
2115
1535
1654
1498
1228
1414
1764
1655
2451
1060
1604
1694
939
1731
1816
1743
872
1261
2217
1410
1644
1348
601
1381
1477
1619
2138
837
1037
789
1139
1672
1239
2177
700
706
1596
1772
633
1348
2366
1825
1289
1692
1166
1774
2381
1905
1778
1101
1311
1937
1786
1912
939
1829
1876
1256
2392
1737
1630
1618
962
743
1680
2235
1592
875
1699
1585
1661
1119
742
1490
1660
1889
1085
1889
2255
1939
1747
1493
1964
1169
2034
1190
1962
1510
1796
631
1051
1326
1438
939
2019
1776
1643
1807
1737
1694
1701
1575
1331
1630
1151
1250
1091
1630
1512
1834
1824
1256
1417
1958
1848
1873
1682
2069
2103
1686
1694
2326
2073
1723
1517
593
1622
1195
1551
1568
2389
1701
1966
1393
1813
1015
1477
1759
1869
1731
1554
1811
2224
1549
2413
781
1340
1541
1553
1560
2184
777
1684
1599
1093
755
1262
1685
1363
1122
1694
1739
1750
1768
1287
1146
2028
1170
1146
1868
1171
697
1765
1905
1640
1039
1538
1944
1695
981
2172
2049
1383
1193
1872
1520
1193
2348
1154
1541
2117
2108
1379
1788
1347
859
1347
1517
873
1645
1636
838
1876
1676
1385
1231
1356
1129
1890
1694
1613
1563
1913
1124
1441
2082
938
1513
1577
1036
1648
1889
2373
1586
1102
1811
1037
2334
2010
709
719
2090
2252
1530
1663
1618
2182
2137
1678
1091
1406
2131
1759
1828
1600
1162
1749
1465
1359
1658
2305
1505
1899
985
1888
1079
1657
1100
948
1932
1695
1763
2223
1375
1173
1395
1855
935
1928
1042
1436
2077
1840
2176
1855
1670
1345
1989
1414
1972
1050
1592
1314
1383
1202
1731
895
1694
846
1204
1369
1679
1536
2182
858
2171
1815
1991
1924
1773
1724
1916
1540
1509
1523
1368
2343
1037
1417
1773
1461
1850
2403
2522
1121
1353
1185
1284
1050
787
1514
1814
1391
1493
944
1733
1072
1842
1329
1171
1441
1726
1434
1374
1004
1385
2085
1230
1275
1645
1479
1488
1520
1523
2197
1247
1550
1900
1629
1425
2097
1107
1272
1457
1351
1607
956
1567
1708
1023
1005
1306
1785
1415
1793
958
724
1800
1534
2153
1633
2294
1378
1200
1533
1478
1107
1486
1335
1548
1809
1356
1591
2374
2162
1191
1610
745
1888
931
1838
1552
591
2188
808
1044
1261
1043
1102
1539
1876
1090
1038
1889
1836
2109
1523
1079
1548
1073
1874
1494
1121
1435
1196
1387
1231
1558
1125
2017
1354
1061
931
1657
1379
1706
1526
1369
1343
1556
1398
1476
723
1610
879
1633
1015
1406
1166
2230
1732
1305
1003
1361
1676
1652
1395
1610
2272
1258
1682
1317
1350
1482
1419
1413
1875
1932
2256
1298
1138
1587
945
1849
1898
2230
1758
2072
1260
1743
928
1876
2508
1602
1988
1684
1594
1533
970
1273
1630
1379
708
2375
2541
1418
1522
1481
1718
1753
1483
1443
2534
1858
1299
1303
949
1472
1344
1284
1758
2075
2335
1788
1889
1908
1603
1823
1140
1947
646
697
1724
2024
1981
2323
1768
1597
1051
1619
869
1685
1410
1370
2404
1389
1579
2072
1684
1564
1390
1345
1866
1543
1196
1748
2296
2189
1034
1991
1878
1927
2483
2036
1931
1395
1580
817
1525
1839
1872
961
1311
1077
1780
1970
1529
1277
1822
1764
811
1158
2103
2303
1474
1324
898
963
694
1115
1139
728
2150
981
1943
848
1469
1926
1397
991
1481
1976
1806
1367
841
1068
1632
2053
1388
2396
1286
1936
908
1517
1469
1957
980
711
1713
1444
1534
1649
1879
1421
2139
1765
1486
1709
1713
2302
964
991
2383
1487
972
901
1398
1513
2174
1416
1751
973
2100
2016
691
1691
1592
2058
2333
1571
1392
756
885
1669
1509
1192
1428
1974
2301
1435
1746
1913
1564
1864
1619
1601
1674
1716
1593
538
1100
1985
1856
1515
858
1308
1989
1272
1466
1544
1477
843
1635
1684
2439
1686
1098
1428
1418
1669
1838
1616
1735
1452
2077
815
1487
2197
1275
1537
2330
1046
1810
1603
1185
1338
1755
2135
1174
2121
2480
1326
1461
1427
994
1009
1082
2445
2288
1449
1468
1531
1623
1361
1308
1637
1222
1512
1423
1651
1601
1654
1804
791
1830
1813
1595
1199
1583
711
1284
1354
1429
2514
1872
1989
1837
879
1368
1023
1388
1478
1888
2052
1722
1806
1337
1417
1056
968
1881
1706
1164
1429
2015
2126
1740
2276
1715
1345
1889
2064
1515
1005
1162
2508
1081
914
1976
1527
1174
1193
1980
1004
1627
1323
1897
1170
979
2194
1885
1381
2488
1608
1779
1487
1442
1214
2344
1359
1126
1871
1300
1429
1013
1713
1610
1066
1620
2416
2480
1836
979
1715
1732
940
2102
1079
1778
1181
1733
1914
1461
1408
2287
2049
1448
2043
1109
1813
1963
1592
1520
1123
2038
1526
1225
816
1029
1837
1428
1707
1303
1106
2381
1458
1621
1016
1644
1255
1550
1622
1971
1894
1622
1213
1772
1535
781
1094
1114
1606
1604
888
1926
2148
1077
1774
1045
1777
1191
1460
981
1643
2319
1092
1650
958
2130
1758
1684
1278
1619
1696
1000
1726
1776
739
1532
1455
1093
1317
2315
1781
1213
2020
1384
1184
1092
1897
850
1134
1030
1428
1659
1230
1694
1853
2476
1445
1565
859
911
2192
1442
1885
1622
1494
2188
1410
1043
1455
1455
1015
931
1319
1712
2523
1710
1484
1374
1369
1093
829
1113
1637
2205
1312
1355
887
1396
730
1477
1560
664
1414
1740
1462
1065
1422
1228
1959
1101
698
1078
1126
1182
2349
1548
1896
1828
1783
1845
1371
2195
1539
824
2177
1210
2180
1640
1245
804
1636
1902
1397
1288
1706
1993
1117
666
854
1260
1472
813
1285
776
1738
1744
1912
821
1210
1872
939
1190
1515
1972
1514
1900
1643
1584
1456
1270
1928
2069
2088
1802
1804
1543
658
1715
2160
2220
718
924
748
769
2151
1234
1303
1052
663
2087
2192
1348
1371
890
1618
1165
1697
1381
1445
2180
2195
1033
1500
1349
2355
2077
1269
1777
1533
1763
1493
1584
1663
2266
1941
865
2205
1255
2527
1278
1877
2030
795
1489
2264
1087
938
927
2141
2362
1475
1543
1835
1675
1644
2216
1958
1362
1540
1585
995
1140
1621
2064
1582
1931
1187
1567
1922
1594
1094
1802
1580
1565
1313
1213
1040
2114
1866
2042
1302
1411
1930
996
965
1253
1279
1335
1555
895
1553
1252
1441
1194
1524
1522
1345
1812
1964
1212
1154
1262
2129
1624
1836
1235
1960
1382
1877
1747
1402
1198
2023
1169
2222
2320
2166
2130
1264
701
1132
2254
2078
1952
1920
1260
1452
1440
1009
1551
1626
1536
1897
1621
1951
1758
1249
1172
1824
1494
1772
1664
952
1265
1485
1525
1106
2049
1657
1516
992
1377
1504
1888
1773
996
1523
1217
2080
923
1131
1328
1046
1727
2347
1285
1660
1450
1571
1189
1445
2067
1529
2301
1623
1571
1368
877
1836
1924
1754
1498
1644
1559
1610
1484
2185
2514
747
1433
1845
1556
2197
1770
1586
1071
1592
1212
1571
1582
1529
1763
1965
1536
2154
1270
2232
1519
1743
1457
1204
2018
1274
1964
764
2255
1371
860
1516
1025
1008
881
2127
1138
1674
830
1348
2054
1740
2375
2161
1686
2478
1284
1593
2312
825
1588
1452
952
973
685
1506
1696
2066
1275
2016
1519
822
1550
1712
1817
1538
1759
1360
1972
1852
1939
1812
1228
1868
1396
1387
2077
1818
821
1557
974
1031
1724
1658
1529
1241
1619
2313
1951
1375
1640
1699
2193
1650
1460
1187
1564
1098
1476
923
1622
1227
1126
2040
1265
1474
941
963
1669
1862
2044
1572
803
1915
2043
1687
2184
1106
1042
781
1583
1585
875
1481
1650
1448
1599
958
1417
2166
1724
1910
1446
732
1782
2089
1519
1661
1329
2119
1520
1580
1619
1669
1529
2154
1672
1727
1694
1242
1410
907
903
1240
1228
2155
1121
1387
1683
1666
2016
990
1514
1943
1256
1573
2041
862
931
892
1555
1356
1800
1342
2210
1826
1890
1655
851
1055
1251
1669
1009
2106
1319
2203
1868
1619
1465
703
1322
2156
1740
939
831
1691
1069
1803
1742
1549
1891
960
1724
2027
1950
1359
1697
1842
1666
2054
1600
2171
1064
1606
1493
1457
1153
1665
1744
1340
1805
1710
1845
1644
1370
1652
1962
1483
1892
1559
1989
1371
1477
1831
1218
1415
1744
830
1344
1593
1529
1376
862
1578
1897
1301
1952
1427
1495
1638
952
1110
1988
1335
1515
1501
1538
1961
1234
1856
1688
1521
1615
1909
1079
1974
869
956
1323
901
1365
2177
1053
1204
1184
1348
1681
1525
1724
1008
1591
1572
1812
1475
1648
1792
656
1116
1672
1159
994
1335
2311
2074
1262
1987
1316
1192
1624
2218
1902
941
1123
1323
2298
1988
1839
1168
2093
2250
939
1880
2222
1548
1230
2415
1182
2224
2192
2190
1305
1576
1991
1329
1629
2223
1537
2085
1661
1296
1855
1389
1752
1826
2222
1440
1170
1310
1596
1978
1611
2148
1054
1869
990
1683
1366
700
1793
1960
1234
2214
1599
1730
1332
1609
1625
1607
1783
1230
853
2165
1226
1161
1225
664
1432
1136
1265
2405
1650
916
1822
1735
1480
1349
1973
1800
1674
1118
1477
837
1999
1697
1525
1522
999
1704
1415
1793
1886
966
1308
1516
1413
1782
1733
1841
1669
1653
1761
1455
1444
857
2014
1714
1154
1830
887
1498
886
1895
1505
2124
1577
1286
1059
809
1148
2078
1782
2294
1857
2102
1541
1493
1083
1366
1777
1092
1677
856
1860
1383
1721
1335
1202
1674
958
1638
931
1777
1602
1994
2289
833
1905
1651
2032
1594
1641
1818
1457
1880
2007
1811
1096
1080
2082
1472
1938
2348
1514
1218
1284
1539
1256
2103
1725
1141
2284
1540
1269
1629
1561
1779
894
2068
645
1595
2345
1424
1293
1898
1718
1970
1322
2024
1338
869
1301
1273
882
2079
1997
1778
1700
1521
1543
1467
2018
623
1655
956
1614
1506
1924
1882
1506
1848
1744
1345
1771
2077
1695
1465
2108
1561
1282
1775
2258
1793
2397
2041
2482
1630
1946
1868
2102
1608
1013
1700
2467
1722
1179
1766
1512
1137
1083
1802
1351
2396
2141
1649
2338
1427
808
1115
1528
1569
1911
1679
1958
1019
1455
1128
1123
1792
1353
900
1776
1185
1504
1695
1906
1374
1363
1005
1394
1682
2479
1002
1648
1677
1714
1448
1586
1467
2101
2149
1366
1523
1335
1046
947
1316
2129
1046
2425
1971
1143
1561
1742
792
1109
1618
1029
1103
1305
1806
1296
1349
1221
1075
1755
1898
1594
2034
2407
1206
1170
1046
2496
1121
949
1196
2057
1546
1330
1435
834
1387
953
1381
1958
893
2380
2409
1650
1232
1370
1676
1900
1391
1779
1033
1127
1237
970
1975
691
1067
1262
1893
724
1947
1339
1386
1658
1501
1515
1541
782
1125
706
1439
1389
1621
1556
2291
1460
1157
2147
1336
724
1661
763
1128
1587
2023
1448
1189
1936
1550
1290
1246
1037
1078
1382
1407
1575
1088
1432
1564
1591
1503
1541
913
1482
2067
1133
1614
900
1320
2301
1627
1828
1342
1129
1787
2278
1738
1352
2294
1317
1815
1022
855
1590
1094
1618
1467
1389
2099
1435
893
1731
1690
2116
1031
2194
2475
1591
1571
738
1998
1334
1633
2003
1235
1638
651
1322
1579
1421
1108
1841
1732
2015
1564
880
1112
1900
1495
1924
1574
749
966
2331
2169
1343
1477
1904
2063
1446
1498
1039
1202
1310
1438
1551
1644
1336
1654
1284
1694
992
1256
1619
1322
1547
1556
1236
2302
1860
2147
1842
795
811
2056
1522
1448
912
1200
1320
1672
1091
1221
1531
592
1850
2175
1745
1248
1785
1240
1461
1771
783
1722
1400
1141
1146
1985
1172
1642
1266
1257
1702
1260
1058
1723
1876
1287
1853
1638
1146
1904
790
1959
2260
1481
1591
1235
1437
1361
1506
1453
2070
1650
1007
1973
1859
1356
1049
1270
2128
1272
1917
1384
1525
1585
1215
1257
1804
2367
1578
1672
1636
1600
599
1751
742
1650
2112
1098
1747
1386
1718
1866
1644
2056
1604
1719
2045
1475
1550
2276
1549
782
1642
1259
2046
891
1890
1455
828
975
1589
1764
1674
1537
1449
1290
1092
579
1721
2531
1956
1103
1547
1637
1386
1908
1384
1517
1862
1932
888
1275
1352
1550
1620
736
1362
1740
1592
1813
1392
1461
1875
1796
828
1404
2464
1265
1268
1550
936
2482
1369
1304
1291
2016
1953
1698
1974
1424
2333
1798
2083
1400
1290
1640
1490
1548
1576
1313
1155
1639
1057
1373
1442
1600
1501
2304
1870
972
1076
1433
1152
2007
1469
1462
1259
1410
1277
679
1277
1111
1529
1551
2044
1759
1275
2012
1792
1433
1995
1196
1636
1135
1794
2109
1566
1075
1110
1063
2276
1418
1856
1204
1426
1239
1167
961
1242
1240
1207
1095
1661
1725
1930
1436
2231
827
1564
1874
1527
1637
2349
1551
1634
1506
918
1518
1567
1873
1356
1972
1595
1830
1622
2168
1240
1268
1266
1655
1320
1178
889
2322
1630
1928
1151
2170
1489
1095
1929
747
2014
1040
2143
1780
1708
1796
1518
927
1727
1639
2091
1108
1917
2388
1527
1074
1024
1221
851
1753
848
1633
1125
1989
827
1409
1104
1685
911
1798
1867
1773
1173
678
1345
1261
761
1482
1334
2015
1728
1438
1486
1765
1036
1445
1956
1854
1852
1894
1457
1639
2014
1467
1832
1306
1534
1658
1532
1073
1012
1855
977
1793
1715
2276
651
2297
770
1799
1344
1532
1944
1464
1754
1965
1164
1065
1236
2004
1593
1015
1687
1919
1109
1210
1447
1477
1192
997
1717
757
1470
1806
1860
1449
1402
1916
2233
1341
1493
1429
1321
1326
1673
1494
539
1586
1696
2123
2265
1305
1174
1544
837
898
1379
1371
940
1639
1645
2277
1597
1182
1216
1259
1012
901
1985
1998
1643
942
1712
1567
1431
1309
2226
1613
1180
1459
1507
1506
1777
1058
1767
1349
1374
1650
1484
911
1288
962
1857
2209
1228
1597
791
1753
580
934
1043
604
1861
1457
1539
1979
1586
1501
1541
1628
1293
1298
1529
2116
1777
1623
2510
1859
1348
1475
1175
1593
1709
1754
2294
2372
1888
740
2167
1695
1907
1261
2129
540
1261
1434
1236
1591
2055
2091
2131
1423
1858
2310
952
1616
1699
1481
1690
1337
2137
1573
1591
1327
1293
1195
1301
1531
1718
1510
1145
1340
1437
1490
1743
1000
1210
863
925
1719
1019
1108
2082
830
2017
1303
2140
2157
1621
1877
1232
1761
1427
708
1122
2293
1823
2001
1768
1717
1209
686
1042
2086
2095
1264
1429
2286
1753
1759
1565
1974
1971
2048
1639
1835
1208
1827
1343
1857
1385
989
1857
1943
1858
1369
1301
1206
1634
1709
1610
1816
1583
768
2005
1411
2040
1788
2302
1267
1293
955
1220
1494
1224
1806
1765
1808
1196
762
2245
1715
2107
1073
1450
1763
849
636
2458
1610
1872
1550
1238
1300
2424
1005
1731
1456
1990
1102
2085
1402
894
894
1721
1398
766
1437
1675
1480
2188
1176
2207
1410
1936
1222
2355
915
2026
1634
929
1702
1822
1724
1503
1712
2270
1047
1743
1265
1940
1550
1132
1515
1865
2519
1859
1710
847
2442
1332
1247
1798
1310
1331
1183
1120
1728
2039
1637
1538
1812
1917
2325
1325
2087
2067
1575
1106
1877
665
831
949
1502
1366
1662
2011
1575
997
1974
1735
1629
1130
1023
1154
1532
1875
1906
938
1749
2174
1672
715
1548
1209
2159
1291
1318
2416
1402
1032
984
2182
1660
1662
2066
1482
1853
1948
1724
2549
2120
1261
1779
1640
1526
999
1622
1977
1022
2149
1817
1053
1544
1029
992
953
1818
1438
1267
1653
907
1930
1118
1845
1999
1850
1718
1451
1060
1769
1141
1378
1000
764
1331
1498
1679
956
2013
1463
1656
1010
1767
941
1744
1136
1840
1409
1560
900
1252
1304
1475
1746
1444
1744
1154
997
1258
899
2128
1105
1536
2262
1281
623
1263
905
1135
950
1812
1894
1268
2111
1407
1314
2371
1489
1562
959
1899
1415
1577
1194
805
1230
2023
1233
1392
1328
875
2106
1563
1661
2388
1074
1356
1033
764
1258
1548
960
1646
2192
1741
1068
1690
1761
1686
1417
1535
1096
1947
1948
919
1291
1357
1680
1688
1862
865
615
1556
876
2066
1834
1806
1672
1456
2054
1317
1437
2195
2090
1952
1891
1218
1838
1521
1689
1627
1838
1169
1326
1895
1370
1492
1591
1725
1159
1683
1622
1925
1854
2206
1550
985
1110
1644
910
1946
2002
1479
1767
1750
1398
2246
1602
2375
1105
1120
1614
1438
1300
673
850
2234
1713
1784
1960
1352
1433
2202
1225
1756
1775
1287
1803
2381
997
1877
1305
799
1472
1654
776
2248
1368
998
2166
1913
1535
1231
2018
1387
1120
2014
1275
1411
747
1729
1506
1033
937
957
1447
884
1853
2115
1599
1934
1033
2212
1351
1088
1530
2358
1555
1111
1926
1947
2151
2028
1815
1250
1179
1139
1476
1184
824
765
1419
1918
866
1001
1607
1369
1801
1023
1951
1251
1674
1756
1160
1889
1458
851
1672
937
1374
1500
1448
1803
2415
2330
1662
1486
1712
1374
1409
1374
1647
1376
1843
2001
1884
1618
1573
1126
1633
2437
1665
1344
1850
1483
1682
2232
839
1244
2142
1229
1570
1373
1535
1182
1532
1711
2254
1178
1648
1198
1970
1932
1228
1201
1008
2175
2129
1585
2247
1530
1456
1185
1295
2045
840
1726
1148
2214
1017
1818
1644
1352
1967
1269
1520
1083
1359
1604
2037
1639
1204
761
1992
2223
1707
1429
1565
1592
1458
2047
1395
1608
1035
1838
1095
2025
2013
1564
1943
961
1697
2020
1445
1492
1914
1311
1484
1503
1427
1308
1798
1652
798
1505
1441
1692
1922
2031
1146
1928
815
1582
1456
1311
2015
950
1343
1958
1303
1959
1141
1220
2219
1899
1258
1933
1803
1063
1178
2173
1096
2024
1027
922
1350
1427
1009
1112
2027
1704
1281
1727
1674
1194
1405
1361
1390
2356
1588
1797
1173
1552
1946
992
1551
1209
1354
1470
1766
1448
1841
2030
1360
690
1344
1214
1762
951
1265
1844
1685
1843
1601
2091
864
1987
2250
967
1686
1117
2253
1362
1791
1670
2548
1477
1614
1486
2081
1235
1185
1101
2233
1223
1538
2039
1437
1704
1527
1403
1399
985
1286
780
1979
1875
1311
1223
1185
1761
1284
1148
1196
1045
1717
1829
2090
612
2282
1189
1454
1833
2393
1352
1383
1966
1212
1960
1455
1410
1901
1731
1783
2366
2097
1254
1119
994
2112
1106
1947
1014
1372
1313
1879
1300
1894
762
2517
2162
1724
958
1153
2279
2027
1870
1617
1968
2242
1786
1173
1691
1607
949
1850
1687
1405
2246
2024
1987
664
1647
2322
1580
1402
1722
1277
1080
1479
1665
1269
1308
1460
1568
1925
1262
1512
1439
1865
1619
834
1778
1897
1502
1447
1154
1487
2233
2130
1874
902
1391
1612
1058
1833
983
1257
1611
1407
990
1534
1000
1742
1626
2079
1408
1614
2174
2066
1299
2111
1163
862
1379
1135
1124
1336
1854
1380
1785
1826
1615
1166
1309
867
780
1983
1403
1515
1017
1662
1355
2169
707
895
2372
1378
1433
1630
1147
2199
1760
1277
1187
2553
793
1887
1559
1852
1871
1475
964
1547
1841
1990
857
1411
767
1766
1883
1888
1577
1090
1218
2103
1739
1129
1624
977
1889
1038
1441
1666
1475
2172
1081
2188
1873
1248
1393
1665
1848
1209
1909
1846
927
1574
1885
1226
1610
1518
2006
926
2318
1704
1604
805
1587
1284
787
1536
1051
1754
1522
1330
1806
1429
1599
1586
2245
1704
1164
1252
1738
990
2213
1304
1148
1601
2434
1689
2079
938
1371
1394
1366
2044
1312
1589
1271
1125
1549
1398
2147
978
1104
1186
1097
1793
1917
1747
2028
1557
1432
1050
1393
2195
1709
1307
1560
1485
817
1901
2129
1489
906
1542
1817
748
1145
1414
1438
2324
966
1403
965
2084
2114
1094
1715
1389
1186
1417
1296
1632
1693
1414
1341
1325
1710
2213
1141
1258
1483
1423
1983
1150
1458
2454
2107
1167
1166
1457
1735
1061
1860
1824
711
1228
1602
1197
1621
923
684
1264
1782
1575
1310
1933
973
708
2229
1920
862
1107
1680
1107
1853
1661
1611
1467
831
1402
1474
614
1202
1700
1428
691
1629
952
1725
1093
1778
1492
2037
1270
1698
1561
1126
1535
1013
1661
1657
1216
1771
1761
1139
1345
1868
1253
1625
1827
931
1947
1460
1064
2091
1550
1629
1931
1787
1871
1530
1622
673
2372
1458
1017
2011
1897
2019
2363
1458
1743
1781
1988
2411
1711
944
1700
889
1772
1558
866
645
1735
1005
1320
2282
1541
1379
1280
1253
1799
1807
1232
1363
1909
1670
1215
2272
1447
1641
1581
1087
2035
1556
989
2076
2201
1196
1325
992
2013
1250
2260
2217
2019
1986
1383
615
1478
728
1627
2061
1831
2198
1484
1541
1208
1422
1659
1811
1653
1618
1960
1712
1574
1045
1902
1473
1410
2311
1719
1232
1390
1603
1719
1624
1458
1197
1365
1674
2081
2056
2162
1328
2295
1583
1276
1056
793
2240
770
2357
892
1981
1601
2024
2259
2012
1630
1833
1649
1782
1415
2435
1678
1237
1778
972
1175
1895
1649
2148
1838
1837
1628
1713
1063
1181
938
1381
2379
1433
1932
1842
822
841
1665
946
839
1884
1981
1532
953
1038
1702
1670
1797
1779
1639
2196
809
2495
1361
1004
1679
1112
1687
1056
670
952
1288
1722
1663
1484
1264
1838
1776
1828
2065
1756
1952
1910
1486
1743
1655
1614
1189
894
1599
1305
1456
1919
1892
2148
1568
2224
2180
844
1376
1718
1253
1535
1073
1233
1971
854
1507
1973
1248
895
1772
1395
1799
2067
1194
1754
2037
1491
2061
1589
1457
998
1065
1394
1380
1972
1626
2045
817
1848
1493
1890
1431
1611
2194
1380
1225
1100
1407
1918
2329
1785
1516
2075
1899
934
1575
1273
1516
2339
1519
1574
1285
1337
1419
1496
1522
1486
1084
1854
2090
1371
1252
1275
1973
1722
2424
1622
1220
1863
915
2315
1624
2375
1124
999
1988
972
1224
2105
1398
1374
2231
1018
1214
1134
1615
1533
1251
1442
1151
1100
1430
1855
1628
881
1224
1206
1473
1951
1605
1647
958
933
1396
1180
1285
1816
1000
743
796
1196
1736
968
1497
881
1478
1547
1843
2265
2171
2061
2056
1200
1638
2052
1786
1493
1240
1679
1516
1336
1498
1062
1101
2225
1502
1611
1501
821
1631
1810
1347
1941
968
867
1490
1745
1095
1782
1647
1874
1953
1360
2298
2266
1155
1660
1832
1122
1506
1673
1590
1384
917
1650
1287
2073
1864
1764
1354
2138
1433
1795
1320
1086
1473
963
1002
1270
1410
1721
1018
2154
1022
1679
1486
1032
2037
1041
1553
2382
1074
1694
759
1350
691
1103
2444
1980
2447
2040
2141
1958
2088
2303
2262
866
1492
1946
1712
1237
1414
1734
1161
1082
2020
1817
2259
1361
1402
985
842
2241
965
1304
1540
1926
1535
1943
1179
1554
2306
1037
1041
1284
1969
2128
1334
950
1623
1076
1503
1304
762
1805
1049
1526
2013
1794
1747
1823
965
1113
920
1112
2267
968
1268
1124
1864
2010
1496
1562
743
1651
2136
1367
760
890
1293
1583
1892
1444
672
2017
1076
1269
1359
1370
2155
1489
1895
1691
2310
1148
1301
1747
1748
1411
1148
1329
567
1334
1533
1931
2223
1506
1675
1295
1082
1584
2150
753
1659
1267
1937
1699
803
643
814
1947
1930
2051
1081
1847
2167
1741
1443
968
1223
1931
1523
1383
1683
1369
1650
1733
1473
1767
1883
1640
1395
2425
1812
2018
2203
1725
2328
1437
1922
1700
2134
1041
1806
1577
1811
1774
2114
1972
1517
1281
1337
1528
2214
1883
868
1128
1650
1864
1186
1110
1431
1216
1786
1774
2175
1727
1743
1176
865
1995
1188
1147
1959
2280
1215
1810
1657
2302
1191
1277
1126
1311
1555
1645
851
1407
1542
1979
1651
2385
749
1724
1726
1752
1164
1374
2025
1779
1103
2066
1649
1663
1727
1769
741
1279
2069
1832
1663
2357
1288
2338
1592
2057
1088
2227
1721
1024
1977
1532
2397
1686
2092
797
2047
2193
2016
770
1575
1259
666
1279
1048
1625
1377
1705
2476
2016
1997
1585
1421
1456
935
1265
1473
1591
1199
1803
1464
924
1557
1457
1651
1568
2301
1173
1217
1558
761
1885
1970
1432
2327
1189
1404
1456
1312
1713
1598
1815
1712
2055
1146
1958
1762
2168
1699
1283
1589
1442
1583
1117
886
2459
2367
2314
1720
1601
1491
1222
1076
1572
1653
937
1626
1770
1553
1329
2224
1341
1365
2450
1482
1632
932
1433
1663
1525
2395
1872
1189
1182
2279
834
1755
1109
1716
1415
1052
1472
1042
1802
1281
1973
1461
1236
851
1731
1619
937
1686
1620
891
1486
1179
1923
1938
2027
1481
1532
1227
2115
1439
1978
2028
1545
1901
1472
1568
1876
1770
1143
1505
1729
1294
1610
2056
956
1811
2003
1394
1179
1491
2224
2097
640
1651
885
1133
2288
2119
1117
2286
1438
1228
1464
1673
1388
2233
1870
1265
1764
1595
1796
775
1632
1394
2357
2236
2323
1409
1335
2103
1681
1851
1199
1629
2008
589
1269
2060
1792
1901
2277
1396
2209
1637
1395
2216
1773
2090
2385
1638
1797
2064
1483
1427
1208
2046
1629
1235
1477
1779
747
1556
1423
1299
1312
1051
1424
1605
1184
1473
967
867
2449
1587
1781
1312
1187
1997
1599
1703
1485
1604
1953
1641
1654
2158
1687
1401
1960
1858
1294
1018
1228
941
1515
1286
1958
1948
1572
1747
1249
1123
1850
1520
1953
1380
1914
1393
1190
1315
2023
1445
1158
983
1085
1271
1854
1561
975
1295
952
1435
924
1414
1302
1429
1751
1054
1943
1536
1941
1574
1316
893
1287
2129
936
2148
1256
1258
851
1469
1294
1479
996
1181
1847
1642
1731
1198
2187
1562
1480
2106
1534
1901
1584
1447
1557
1457
1370
1341
1362
2194
916
842
1652
1774
1430
2273
2152
2243
1490
1486
1893
1910
1155
2287
1452
1223
1265
1755
1727
2471
1338
2259
1484
1750
1265
1718
1267
1444
1449
1577
914
1565
1745
1230
1303
1858
1533
1460
1833
673
1644
832
1504
1581
1613
2120
866
1587
1355
855
917
1530
1785
1378
1651
2037
1873
974
1147
1520
1558
1995
1499
1411
1573
1855
1373
1294
1300
1836
2390
1898
2439
1001
1402
1000
993
1574
2068
1433
1394
1312
1462
1003
1429
1082
1931
1942
1403
1708
1861
805
1320
1039
1827
725
2239
984
1839
1523
1838
1987
1082
1135
2094
962
2477
1662
1497
707
1782
1308
1762
1500
1812
1556
1608
1436
2033
1602
1434
1078
1157
1314
1647
2001
1579
2326
1164
1558
1956
1200
971
1712
1629
2033
2249
1430
1285
1506
1018
1126
1733
2136
1521
1590
1106
1322
1990
1744
674
2313
1718
1837
1522
2173
1649
2348
1108
1639
1737
1777
784
1649
2082
2333
2341
1409
1591
2118
2113
1912
1978
1381
801
1802
1688
1825
911
2085
1174
1659
1290
1435
2166
1599
1761
1815
950
2198
1769
2012
1559
822
867
1105
2179
2411
1485
1653
1080
1641
2025
2001
2007
1293
1312
1849
1489
1763
2206
1116
1339
2120
1651
1341
1749
1088
1735
1180
2033
1252
1017
1306
1728
1300
1604
1918
2036
2165
1619
1238
1713
1067
2124
1663
1473
1928
1286
2032
1599
1590
2439
1422
1991
1522
1417
1551
1502
730
1837
1172
1680
1520
1554
1152
1806
1576
1446
2087
1588
1657
766
1763
1528
1090
842
1806
1627
2317
1084
2075
1636
1391
1474
1498
1151
2147
1356
908
1678
1059
1532
1653
1793
1350
1311
999
1551
1317
1893
1526
1893
1389
1518
2332
971
1664
1967
2046
1276
1295
1501
1115
1822
1784
1813
628
1209
2199
1450
1742
1495
1600
1612
1784
1971
970
1880
1614
1811
1545
2084
766
1480
1516
1047
1636
1643
2208
1705
1309
1232
1855
1721
1551
1009
1861
1498
1176
1523
1624
1989
1637
1814
1689
1569
1069
1126
1315
1322
1179
1149
1501
1991
1669
1706
1190
1379
1409
1692
1388
1955
1323
2395
1295
1487
1793
1468
1295
1675
1649
688
1631
2293
959
1248
1428
1423
1483
2185
1244
1730
1189
1862
1351
1384
714
1894
2127
1848
1961
1468
1947
1793
1764
1553
1556
1467
1472
1877
1077
1595
1729
1803
1334
1850
1955
1398
1452
1323
1241
2238
2128
1503
1846
1628
1210
2115
1630
1393
968
2198
661
1690
1974
1305
2072
1399
1049
1244
1001
1849
2029
2333
1897
1329
1170
1524
1658
1926
2136
2273
1947
982
1327
2347
2329
813
1720
2150
1952
1421
1467
1537
707
1794
1284
1421
1562
867
2267
1627
2130
1549
2066
2142
943
1193
1551
999
1662
1042
1030
1438
2038
1656
1458
1100
1814
1273
2311
1443
1309
1617
1509
1870
2297
631
1613
2092
1517
1428
2173
1991
1202
1539
1200
1191
1635
1137
1551
1899
1682
1486
707
1544
1658
1509
1871
1259
2105
1381
1867
1284
1191
2015
1565
1869
1489
699
1530
1862
1081
1080
2175
2044
2306
1907
1860
2247
1905
1233
1704
2082
1521
2025
1891
1009
1880
1986
1674
2055
1664
1482
1715
1090
1348
1600
1646
1919
1869
1253
2221
2153
1396
1632
1300
1416
1540
2277
1328
794
1519
1170
1058
1482
2181
1138
1616
1678
568
966
1690
1569
811
1436
1714
1580
1070
1705
1927
1130
898
1428
1074
2241
2181
1654
1028
2410
1673
995
1611
1389
1343
775
942
1287
1396
999
1862
1013
1396
1914
1743
1218
2218
1572
1535
693
1945
1685
1047
1720
1786
954
1754
1441
1463
1888
1405
1355
1433
1240
1472
810
1164
1401
985
802
1282
2221
1578
1391
2051
2337
1909
1098
1957
1127
2223
1154
1474
1085
2014
1591
1527
1174
1747
1015
1196
2095
1320
1721
1415
1894
1690
2439
1571
1397
1346
1562
2129
1205
1423
1293
1343
1105
2198
931
1672
1983
1585
1383
1724
1543
1582
1582
2241
2102
1062
2058
931
1708
1596
1307
1266
1284
2169
1057
2052
1309
1815
1431
685
1562
1701
1936
1949
1416
1928
1668
1497
1742
1161
1672
1126
1294
1545
1818
949
1555
1291
1772
1566
1125
1153
1861
2245
1275
2251
1870
1504
2208
1252
1049
1727
946
2041
1835
1504
1905
2456
1519
2440
2003
730
1939
1111
1955
1246
1714
1398
648
1816
1438
1704
1408
2134
2470
1779
1438
1724
1585
1868
1461
1846
1152
1552
2166
991
1244
914
1826
1897
1387
1574
1483
1573
1778
1900
938
1689
1487
1210
1501
1479
2051
1698
1842
2260
899
2444
1518
1193
2401
1205
1900
1591
1548
2563
1794
1881
1721
1134
1798
2193
1314
1686
2031
1878
1234
1734
1578
1673
593
1686
1076
800
599
2152
2039
973
1246
1219
1625
2418
827
2385
943
1391
1443
1670
1455
1672
1286
935
1602
1657
1793
1554
1179
1557
622
1669
1997
1451
1318
1092
1641
1674
2091
1964
2333
993
1519
1600
1860
1558
1039
1549
1629
2054
1401
1879
873
1596
1398
1545
1883
696
1346
1990
1084
1812
536
1788
1624
1816
2454
1924
869
1560
1242
1432
651
1417
1260
1468
1971
1217
1010
1641
2281
1747
1610
950
1665
1369
2408
1591
1785
1610
1729
2116
1829
1070
1087
1353
2486
1849
1952
1598
1661
742
1463
1536
2232
954
1555
1515
1171
1842
1145
915
2258
1297
1583
1655
2034
2006
705
1729
1893
1711
1914
1499
1287
2377
774
1427
1173
1572
1201
2039
1469
1591
979
1599
2107
2437
1059
1695
1391
782
1245
775
645
1500
1753
2285
1953
2017
906
2208
2216
1199
1756
2011
2060
2075
862
1860
2042
1358
1317
1959
2236
714
1333
1782
2276
1771
1093
1045
1023
1884
1208
889
1571
1771
2473
1034
1347
1217
1826
800
999
2213
1744
1745
1686
2284
2507
2479
1203
1754
1966
814
1501
1341
1290
2080
1530
1306
1019
1998
2247
1951
1337
1925
1784
1723
2106
2063
1786
1430
1472
1419
1113
1958
783
1374
1632
2105
1854
2151
1854
886
2400
1370
1650
1873
752
769
987
1276
1554
1396
1654
2162
2265
1572
2506
1635
1531
1859
2477
1638
1391
1623
1123
1686
2366
1327
1724
1515
967
786
1376
2234
2489
1726
1740
1865
1305
1395
1846
761
1167
1626
1557
1803
1714
1547
1826
2289
1205
914
1987
1163
1095
2056
787
1631
967
1403
729
1495
1384
1184
2054
1730
802
1710
1583
2252
1084
2191
1589
1434
1185
1001
1289
1753
1413
1403
2104
1669
2533
1746
1443
1653
626
1442
1025
1702
1783
1511
774
1620
1501
1429
1579
1890
2055
1543
2296
1685
1769
1461
2234
1546
914
1532
2121
1713
811
2074
1389
1395
1557
1290
1728
899
1715
1735
1486
1664
2051
2002
1679
2080
1151
1936
1420
1378
2013
1646
1227
2169
1056
1522
1670
1657
841
1020
1167
2252
1667
1627
1661
1821
1666
1131
1286
1402
1596
1154
1122
1631
843
1870
1831
1681
905
1765
1821
1641
750
1227
1298
1191
785
2175
912
1030
985
1318
1759
1991
1181
1457
1127
1013
1638
855
1327
1898
1618
1790
2114
1481
1854
1354
1928
908
1360
1299
1368
1507
1732
1066
1410
1557
929
1659
1381
1208
1975
1760
2192
916
2224
1708
1228
1298
2078
1979
702
1496
814
2221
1300
1566
2426
1432
1596
1529
2055
1138
1391
1597
1615
948
1910
1016
1766
1442
1535
2103
1451
1533
1409
1641
2502
1823
754
1971
2050
1428
2366
1006
1279
1211
1347
1623
1146
1648
1647
1452
2011
1950
2303
2029
1562
1222
1385
1727
910
1909
1218
1967
812
2007
1425
1608
1266
1129
1834
1715
1163
1987
1861
1275
870
1127
1669
1451
1205
1702
1367
1603
1104
1537
1727
1469
1461
1449
1088
1521
1420
1285
1164
1174
1393
1609
736
1036
1762
1907
1738
1382
1723
1548
1179
1270
1428
1542
1496
1382
2077
1553
1935
1711
1573
1794
1224
1116
1144
2129
1306
1377
1480
2188
1360
956
1677
2015
1837
1528
1567
1019
1328
1268
1743
862
813
2129
1373
1645
1110
1168
2312
2463
1038
1173
1272
1694
2442
1379
1490
1351
1455
1916
1302
1382
1270
1978
1184
1589
1605
1678
1838
1469
1509
1592
1296
1605
1983
1410
1113
1518
1458
1678
1630
2012
2252
1880
2053
1677
1006
1673
1152
1368
1879
1642
1534
1790
1887
914
1283
1877
2148
993
1668
1393
1940
1173
1141
2238
1548
1028
1115
2196
1747
956
1874
895
1924
1424
1514
912
840
945
664
1594
2519
2167
1457
1806
1913
1050
1408
1068
1538
1469
986
1587
1113
1324
1496
2399
908
1202
1391
1807
1782
2446
1479
2032
2052
1432
1259
1355
1937
1445
1904
1882
1531
1788
1635
1793
1062
839
2275
1529
2538
1684
1461
1840
1441
1066
1248
1827
801
1536
1468
1527
2096
1188
970
1857
1207
2082
1518
978
1917
1667
1614
1589
1470
821
1650
1604
661
1524
1740
1737
2401
1349
1153
1288
1714
1445
2483
2063
1667
1561
839
1399
1212
1968
2010
1717
1774
1444
1036
1241
1555
1473
1676
2032
1727
2431
1992
1915
1002
1190
1712
1478
1007
1339
1005
1377
1418
1869
949
1546
1451
2094
1132
1521
814
1924
1491
1916
1284
2408
945
1417
2153
2050
2024
1377
793
1389
1997
945
2115
1917
1076
1387
1754
1666
1751
1593
1243
2002
1136
1642
1644
1857
2088
1133
1404
1893
1462
2004
1975
1508
1149
1320
1239
1709
1312
2106
1724
806
773
1073
2118
1993
1729
1612
1863
1397
1810
1488
1545
2228
966
734
1623
654
2138
1567
1424
771
1583
1367
1664
816
1349
1383
1669
1712
658
1339
1614
2100
1610
1486
2564
1750
1298
1483
1533
2015
1741
852
1559
907
1551
1750
1658
1477
1619
1639
1693
1465
949
1531
1484
1242
1981
1103
1436
1545
1264
1406
2333
1745
858
1395
1408
991
1894
1204
1529
1801
1583
1293
2219
1206
1018
1978
1050
1460
1189
2122
1862
2331
2151
2229
1820
1676
907
1379
1244
2353
1418
1828
1661
1391
1234
1305
1471
1722
2357
955
1352
1970
1905
2531
1452
956
2383
1712
1105
1555
1883
1858
2109
1540
2448
2381
2163
1216
1451
1689
2242
1228
2166
1714
1303
1435
1456
2042
680
1938
1562
2565
1936
1404
1696
1537
1873
1791
1715
1829
1480
1259
1251
1161
2056
1522
1919
1468
859
1700
1711
786
1390
1079
1639
1216
1609
2408
2026
1580
2057
1486
1533
1371
1270
1782
1132
828
681
1612
1305
1779
1898
1864
1688
1869
1771
1631
2171
1264
921
1571
1466
1427
1746
1182
1922
1095
911
1971
1318
955
1139
1885
1088
2527
1835
2076
1615
1189
1189
2086
2200
2088
968
1544
1885
1981
1146
1460
1619
996
1748
1252
662
1683
1143
2192
1430
1673
586
1740
1206
1104
1986
2354
1325
1773
1311
1886
1400
877
655
1722
1251
2496
1781
1823
1595
1555
844
1517
1519
1117
2007
1648
1603
1854
2089
2168
1349
1815
2063
2043
1291
2176
1162
1844
2004
1422
2278
1903
2274
2038
1444
2066
1681
1481
2510
1658
1472
1143
1250
2233
1944
1801
1719
1828
1335
1984
1935
2077
1489
1735
1492
1484
859
2031
1068
1103
1298
1095
1747
1839
1535
1623
1146
1454
1910
1226
919
982
2315
956
973
2041
1107
2133
2065
1808
1870
1715
1878
2076
2371
2491
2069
943
1980
1846
1425
1665
1775
2314
2075
1112
787
716
1598
1900
1354
816
1848
1553
1340
1996
1097
2076
1867
1318
1120
1679
932
1078
1580
981
615
1508
1697
1216
1209
2095
1240
975
1932
1067
941
883
1790
2143
2431
1435
1802
1560
1365
1527
1525
1448
1253
1673
2062
2167
2310
1285
976
1343
1022
1690
1918
1886
1469
1560
1821
2142
909
1669
1663
1198
1318
1554
1648
1186
2034
1608
655
1541
1297
1981
960
2049
1407
1044
1986
1647
1745
1551
1293
2204
1497
1341
876
2392
1628
1359
1290
967
1389
1977
1051
2136
1567
1734
1289
1376
1453
1291
1312
1431
1410
2464
2407
1961
1252
1530
2126
1160
1253
2163
1734
1177
1940
1539
1418
1738
1755
1240
1243
1281
1805
1420
1824
1540
1983
1661
669
1892
1276
1207
1287
2164
2130
1615
1520
1019
1293
1191
1898
1800
1568
1888
1912
1845
1952
1712
1036
1500
753
1905
1089
2027
1905
1658
2099
1760
947
1745
1676
905
2227
682
1679
1873
1974
1780
1638
1475
1283
2030
1498
1264
2365
835
841
1898
1465
1035
1406
1440
1975
1467
668
2138
857
734
2266
1944
1580
2029
1207
1367
1808
2407
916
911
790
863
1754
1456
2194
1209
1724
1296
1267
1710
1149
1948
746
1847
1093
1005
1673
752
1739
1713
1535
2141
1364
1860
2191
1366
1836
2460
1272
1614
1790
903
2133
661
694
1992
961
1982
1795
1957
1870
2027
978
1672
1893
1625
913
735
995
1132
1563
576
1280
2059
1481
1199
1626
2265
1498
1862
1897
1381
1426
1405
2225
1298
1838
1343
1254
1848
1501
1845
663
2084
1362
1435
1064
1384
1314
1049
1695
969
735
1516
1697
2192
1833
976
1514
2138
2145
2054
1806
1763
1141
1721
2230
1090
1218
1965
1653
1475
1835
1290
1261
692
1877
1671
976
2051
1723
1267
1106
1257
1540
708
1867
2324
1371
1422
1458
1381
2064
1145
1091
1802
2481
1967
1277
1786
1485
1852
1764
1514
1638
1280
1746
1065
1376
873
1218
2105
1304
1326
1676
1256
1797
2069
1694
2160
889
1851
1907
2114
1694
2409
1327
1565
1485
1278
1469
1990
1320
2200
1670
746
795
996
1830
1425
2442
1924
1477
1564
731
1641
984
1234
1488
1867
1093
1124
1784
1488
1788
2492
2103
1535
1955
638
1544
2376
1387
2309
1436
2065
1774
2359
1807
1571
2258
1770
1482
1106
794
1805
1528
2217
879
1203
1217
1461
1663
1802
1955
1672
680
1903
1506
2015
1872
636
1433
1384
1597
832
1765
2089
2139
1564
1700
1136
1555
1074
1502
1426
1398
906
2158
1897
1588
2294
1366
2124
1158
1181
704
1897
1291
1425
2042
1562
2512
1562
2184
1282
1099
1842
1765
1907
1932
2228
1562
1681
1779
1228
1086
2414
1256
1355
1836
1702
1282
2317
659
1477
2185
1536
1905
1490
1290
2323
1311
1625
1446
1088
1271
1598
1756
994
1183
1628
1983
1075
2452
1230
2066
2213
935
1168
2078
2238
1789
1141
2140
1614
1767
2448
1243
1909
1058
1471
2365
1646
2128
1967
1869
2509
1373
2141
1153
1339
1662
2209
829
1552
1198
1670
1434
2053
995
2330
2174
1271
1990
775
1554
2346
2164
2062
1478
2276
1612
1736
1586
1168
2409
1211
1659
2273
1986
834
1803
788
2293
1786
1412
2342
2125
1607
1704
1890
963
1000
1569
1832
883
2182
1985
1771
1395
1463
1962
1590
1545
1289
1647
640
1610
1079
1793
1591
1272
1440
915
1465
1232
2089
2037
1071
1545
1603
1808
1588
1834
1493
1517
1806
1894
1434
1598
2483
1685
1322
1927
1872
1672
2137
2119
1858
953
2413
1629
1446
1408
1148
1624
1961
1906
1286
1500
1790
1782
1535
1647
1290
1343
1516
1789
1485
1762
1281
1420
1488
879
901
1285
1324
779
1693
1562
1219
2166
947
1233
1301
1488
1322
991
1234
2082
976
902
1121
1407
1348
634
2353
1991
888
1850
1310
1225
1538
1872
2224
535
1817
1654
1041
1865
1877
1748
861
1564
1873
1539
1819
1659
1478
1350
1296
1175
1437
2202
2016
2016
1099
2096
1469
2082
744
1530
1628
1028
1446
1606
2450
1905
2183
1749
2127
1322
1838
2194
1573
2179
1719
2029
1780
1351
1024
1573
1791
2289
1918
1163
1610
998
2053
1499
1073
1751
1473
1396
2009
1299
2439
1195
883
1323
1766
2032
1294
1659
2150
2305
1133
1746
881
1433
2103
1480
1513
1725
2354
1786
2021
1189
836
1350
2271
2026
2311
1668
1178
1124
874
944
2046
1701
2295
1751
1063
1233
1542
2056
967
2034
1134
1346
1165
1625
1887
1251
1456
1444
2231
2186
2095
1346
1117
1696
2112
1789
1797
1839
804
1823
1615
1032
759
1549
2181
2020
1408
880
1794
1413
2270
1827
1392
1126
2251
2301
1620
1251
1612
2151
1731
1131
1857
1193
1933
1194
1336
722
1789
2209
1892
1839
1974
2244
802
968
1718
1353
1273
2023
865
1505
1259
1714
1058
2167
815
711
2245
1682
1322
2243
2392
1190
1302
1664
1863
1757
1453
1327
1262
1596
974
2490
1862
1700
1710
1877
1184
1866
1535
1677
1771
2023
1698
2213
1526
1468
1526
2171
1981
1301
794
836
1557
1864
1171
2072
2357
938
2260
1774
1263
1200
2175
822
1330
1537
785
1366
993
1348
1083
2115
1199
926
1848
888
1581
1815
1940
1736
958
1221
2050
1426
1563
1431
2159
1471
1330
1405
2181
1990
1654
1477
1498
1573
1939
1398
1837
1490
1501
1364
1649
1806
1228
1497
832
1120
2499
925
1858
1594
1649
1705
1363
1767
1225
1208
1932
1935
1031
1355
976
1605
1527
1102
584
1623
1875
1682
1015
1522
1777
1225
1312
1248
689
1798
1524
1083
1205
1657
1605
1700
1297
1737
1526
1427
1382
1111
1719
1839
1192
1570
1447
1147
638
979
1712
1851
1626
1319
2267
1902
1585
1224
1157
2428
1569
1349
1152
2440
1979
2041
1825
1421
1994
2216
611
1285
2193
1039
1175
1424
1589
2141
805
2430
1107
1144
1588
1492
2003
2310
1631
1400
1618
1735
1253
2017
1696
2312
1414
2085
1879
951
2138
665
1806
1847
1352
1529
2252
1659
1555
2571
1137
687
1826
1964
1378
1886
1367
1492
976
1229
1676
1315
1855
1610
1603
916
1934
1507
2276
1910
2005
855
1143
1270
1244
1616
966
1409
1314
1410
1913
1816
1591
1263
1394
1656
2106
1520
1536
1676
1062
2010
1321
1924
1474
1360
1695
1830
1090
1531
2271
1676
1652
918
734
1607
1586
1196
1710
2288
1681
1108
1604
1551
1413
1209
1225
1965
1170
2032
2183
1211
745
764
2002
1167
1930
1742
1384
1366
1532
1463
1195
1701
1995
945
1191
758
1695
1832
1353
2541
1725
2265
1431
1117
1521
1812
1949
1221
2182
1453
1567
1549
1614
1443
1091
1595
2339
1226
1699
1412
1294
2278
1704
1130
1468
1848
1314
1881
1260
1642
1301
1510
1571
1912
1384
1891
1138
1194
1383
1697
1012
2269
2309
2136
1733
1422
1244
1217
1772
1857
1522
1217
1713
1432
1805
1048
1347
1158
1671
1644
1396
1085
1810
1696
1683
1786
1838
1735
1331
1725
1750
1572
1671
1777
1841
1687
2279
1409
1972
1498
1977
2299
1579
1382
1762
1741
2326
1689
2103
2112
1975
1379
1536
1797
1260
1205
912
1424
2074
1860
792
1500
912
1194
1526
1904
1082
2147
1771
1387
1856
1289
1291
1049
947
1743
1229
2277
1597
1276
1516
1926
1895
848
1996
1607
1169
865
1618
1847
1332
1375
1698
1923
1810
1954
1536
1073
696
800
715
1665
2330
2038
1148
1884
1832
1829
2284
1494
1941
1931
691
847
1296
1043
1298
1591
835
1687
1575
1940
1685
1104
1592
1454
1134
1194
1521
692
1655
1672
1600
1781
1352
2508
2284
1403
1402
1291
2255
1358
1143
982
1697
1468
1088
1477
1944
1227
1464
865
1665
1140
1963
1037
1735
1524
1148
730
1789
1098
1505
2504
922
1370
1416
1816
1261
1210
2262
1937
1829
1779
1804
1203
1231
925
2071
1330
1892
1563
1785
2429
1603
1513
1473
1246
1181
1903
1584
1570
2274
1785
1337
812
1417
1565
1340
1311
762
1634
1693
1255
1843
1657
1224
910
1574
1322
1773
2030
1485
1671
1402
1074
1127
2346
1972
1553
1157
1820
1725
1666
1903
1319
1699
1749
1229
1609
712
1069
743
1217
2013
1992
1920
1499
765
2458
1691
1570
1685
1910
2361
1821
1328
1663
2010
1499
1237
2021
1647
1643
968
1990
1258
1631
1516
1941
1601
1558
1451
1895
1453
1591
1618
1361
955
1201
1485
1309
1193
675
2009
813
1969
1522
2038
1517
1257
1819
1107
1499
1360
1417
766
1458
1177
2198
969
762
1273
2365
1911
1530
527
2213
994
2352
808
1952
890
1549
1615
649
1332
2049
2011
2321
2433
1139
1421
2080
1729
1855
1409
1951
1296
1287
1621
2453
1850
2440
1468
1449
1451
2073
1952
2084
2260
1653
2119
1988
816
1558
2147
1673
1300
1485
1363
765
1082
1981
873
2198
2237
1877
2322
1681
1884
2064
1272
1935
1465
1138
1622
1536
886
2171
1803
1298
1414
2304
1610
2101
1418
1945
1833
1892
2344
2470
1344
1400
1307
878
832
963
739
1644
1703
1874
1262
1555
1829
1913
2000
1990
1306
906
1553
1723
1344
1454
1348
831
1635
1469
1147
1185
1732
2014
1265
1026
1407
1883
1691
2433
1027
1330
1475
1367
1215
1053
1440
2040
1489
1805
842
2461
1311
1490
1543
2225
2154
2516
1260
2561
820
1695
1513
1829
1618
1806
1149
2432
799
1504
1672
1127
1096
1515
1932
1522
1188
1073
1383
1699
2257
1768
1577
1490
2079
2210
1301
948
933
1479
1889
2051
1571
1503
1699
1224
1020
1859
1591
1440
1153
2159
2325
2004
1300
1714
906
1545
2395
1038
1442
1905
2525
1806
1053
1641
2333
1136
1060
2417
1110
2144
1147
1644
1244
1495
1282
1842
1299
1651
1515
1396
1514
1464
986
1638
1408
944
1944
2104
1626
1258
1481
1360
1182
942
1936
1490
1741
1130
1551
1392
917
1710
1171
1998
1549
2289
1007
1170
1621
1779
1662
1469
1787
2259
1444
1344
2097
1719
1100
1188
1001
1932
1306
1214
1508
1613
1853
2198
1737
1847
1937
1141
2142
2022
2180
1856
1051
1836
1758
1626
1735
1459
814
1769
1786
1482
1371
984
1758
2405
1292
802
987
970
1922
682
1266
573
2300
2208
2321
1632
2129
1473
1445
1037
1546
1743
2238
1444
1488
994
1305
1613
1966
1507
1755
2182
719
1832
1468
1458
2406
1405
1941
1658
1305
1709
1958
677
1857
1233
1146
1246
1677
1101
1593
1596
1540
1424
1219
984
833
1838
2246
1861
1740
1629
1497
1390
1220
2068
2265
2044
1226
1545
1313
2328
1483
1681
2030
1881
1902
1318
926
1686
2119
2159
2106
2302
962
1921
1056
2063
1802
1650
2085
2462
1646
1165
1559
1563
1962
2029
2253
1797
1507
2011
1397
1154
1430
2207
1584
1844
1066
1124
1618
1813
1793
1424
1609
1781
2082
1729
2231
1135
1569
1252
1177
1375
1561
1204
1332
1246
1640
1917
1719
1508
1847
1200
1665
1151
1472
2218
1872
1413
2299
1339
1781
1818
1418
2078
1981
1940
1828
1874
1978
1037
896
1694
2104
1054
1599
1500
1393
1193
1654
2024
2085
2070
1181
2304
1868
1047
1688
1604
1500
1401
1187
1207
872
1943
1681
1116
1219
1000
2297
1728
2066
1496
1791
1857
1119
1424
2236
813
2455
1938
904
1444
1649
1665
1133
945
2305
2067
1304
1286
1920
756
1674
1540
691
1463
1150
1876
1739
2169
989
1814
924
961
1660
1820
882
1810
1170
802
672
1209
1564
1888
726
1784
1564
1852
1625
1694
1979
923
1522
1556
1846
1618
1936
1085
1710
1865
1851
1428
1992
2537
1991
2226
2132
1715
955
1075
1588
1363
1922
1542
2358
2001
2257
1649
2409
1108
1401
994
1405
2421
1772
1952
1307
2085
622
1143
1808
1316
1842
847
1175
1508
1991
1462
1148
1761
854
707
1397
911
1931
832
1724
1637
1144
1321
1343
1382
1531
637
1859
2066
1287
1445
1972
582
1797
1863
1851
1509
1734
2062
1510
1903
1498
1599
1475
1948
985
1261
1914
2172
1782
912
1428
967
2387
1883
1480
941
951
1677
1209
2310
959
1893
776
1764
2035
2162
1238
1062
2353
799
1286
1520
1961
1287
2132
1100
1554
1339
1738
2255
1100
1098
1481
890
1976
997
2162
1273
1523
1859
2211
2065
1612
1803
1336
1541
1583
1237
1866
2017
1702
1728
1355
1360
1381
1356
1006
1694
1986
1433
1995
1572
1300
2033
1668
1208
966
980
2119
1255
1563
1913
987
825
1968
1714
1579
1996
1937
1143
2180
1642
1514
1645
2414
2290
1213
1647
1980
1535
968
1872
1098
1277
1458
1706
2522
2035
1826
1122
1544
1202
1487
697
1139
1418
1982
1053
1195
1301
1446
2109
1691
2150
1171
742
1442
1636
1370
855
1636
1551
1844
1146
1716
1040
1610
1722
1855
1861
938
991
1553
1268
1627
1641
1827
2161
1544
1634
2322
1987
1260
1338
1002
1467
1840
903
1656
2052
661
1849
1645
1057
1654
1236
2144
2067
1510
1367
1713
878
1478
822
912
2024
2376
1743
1443
1972
1801
2295
1097
824
1814
1447
1911
1662
1955
2310
2177
2571
2400
1169
1304
986
1464
1499
758
780
1214
2546
1604
938
1883
1209
1070
1424
1382
1895
2314
2269
755
1763
2029
1791
1792
1035
1122
1429
1052
1218
2022
1551
1274
1607
1342
2010
1820
1904
763
1741
1413
1572
1651
1446
1141
1521
1457
1499
683
1269
1457
629
1818
2385
1517
1386
1621
1478
1098
1828
1321
1985
2527
1937
2150
1035
1215
1727
1502
1035
1494
1314
1491
2407
1110
1833
2103
1584
1464
1588
1507
1584
1442
1427
1124
1353
999
1717
1389
2091
1419
1368
1073
1699
1193
1156
2035
1157
1632
1559
1635
1101
1658
1121
1863
1207
1664
1998
1663
1519
1674
1680
1164
1104
1749
1482
1619
1313
1240
2197
2427
1641
1789
1548
1416
983
1513
2216
1113
858
1113
1509
1194
1536
2300
2262
1328
1463
1730
829
1951
1488
1993
939
962
1330
748
1406
2053
1096
956
2135
1137
749
2418
1262
1279
1233
1393
1361
1710
995
777
872
1298
913
1365
879
2149
1324
802
1359
955
1999
941
1970
2345
958
804
2073
1735
2234
873
2036
1094
1480
1613
2103
2198
1138
1377
1568
2001
1718
2089
1228
1856
1214
1179
1792
1529
2178
1239
1718
1946
1332
1050
1060
1393
1165
925
1189
1937
1219
1316
829
1696
1771
1545
1084
2052
1659
1841
963
1332
661
1399
1761
961
1984
1753
1725
1596
1762
1472
1744
1470
2168
1963
1482
1481
1758
1739
1518
1816
1353
643
1572
1462
1528
1915
1066
1160
1318
1416
1244
2204
2053
993
1873
1599
2224
1219
2305
1235
1175
1344
1452
1626
1369
1488
1073
1609
1556
2063
1561
1400
1918
1331
1744
2052
1095
1547
683
1043
1918
1318
1417
1224
1631
2378
1704
1421
1376
1045
1521
731
1853
864
1263
1797
1320
1627
1401
1404
1417
1310
1710
1147
2064
758
1531
1636
1308
1875
1867
1836
1055
1268
1881
1281
2293
2439
1759
1468
1005
863
1555
1031
937
2252
1618
1782
1774
1661
1644
1635
2133
1397
2122
2081
1719
1232
1585
1581
1897
1043
1886
1649
2412
1021
1320
1956
1533
1879
1116
1500
1487
1138
1075
1107
2105
1165
1388
1181
1009
1169
1331
1516
1705
1206
976
1352
1559
1370
1574
1907
2527
819
1197
2039
1608
652
1568
1692
749
1777
2477
2071
1740
1108
1728
893
1734
1958
2219
1444
1386
1430
1475
1610
2196
1666
1501
1173
1655
1148
1417
2112
1094
2260
2052
1170
1357
1728
1523
937
1257
1200
2179
1215
1031
1282
2033
1226
1511
844
1112
1359
1378
1795
1513
1282
2140
1147
1628
1879
1466
2269
637
1210
1749
1267
1079
1050
1815
1363
1782
2132
859
1099
1899
1744
1850
1531
1564
1975
1382
1023
2477
2292
1882
1523
1265
1654
1470
2221
1941
2192
1097
889
2439
1620
1157
1451
1034
1414
918
1042
1413
1464
805
1446
2121
1475
981
1138
1922
1217
1803
1923
1593
1736
1960
1918
1213
724
1390
1486
1375
1080
960
1063
1144
1335
1218
631
2069
1733
2217
1755
1878
1791
1934
1045
1565
2040
1390
2350
891
1940
2260
818
1128
1196
1138
1380
1958
1247
1356
2197
1374
1268
1044
1818
1539
1976
715
1738
1615
1747
1780
1700
578
1202
2275
1750
1833
1293
1462
1288
913
1006
1571
1252
958
1901
1502
1711
1539
1280
1350
1364
1735
1451
1787
1875
1445
1120
2151
1417
808
1340
1646
1550
2139
1239
1160
1621
1416
1462
1681
1137
988
1478
2364
1808
1841
2007
2403
1861
2013
782
2020
1303
1777
688
2094
1375
1827
2319
1862
2325
2272
1677
1537
872
1734
1764
769
2416
1339
1612
2046
722
1628
1693
1979
1413
1993
1459
1555
2236
1440
1723
910
1806
1496
1364
1613
1922
1332
667
1627
2258
1406
1490
1143
1842
1327
1565
1262
851
1704
2429
1412
1219
1052
1214
2248
1458
1685
1772
1213
2271
1644
2072
866
1337
1964
1687
1452
1693
1863
1263
1687
1927
2096
2486
2243
1528
1881
1487
751
1596
1605
1249
1035
1096
1258
2123
1996
1723
2499
946
1828
1096
1235
1524
1313
2181
1059
1069
1543
1466
2118
1460
1982
1261
1341
2029
2257
2089
1606
1562
1282
2040
1229
1716
2215
808
1367
1780
1822
2226
1197
1558
1447
1347
1662
2008
1517
1142
1135
1023
1580
1545
2110
1351
1904
1570
1699
2273
1531
1324
2224
781
1520
1225
1719
1680
1896
1937
1678
2240
1790
902
1099
1667
2008
1381
1426
1310
1629
1118
1832
1051
782
1331
1692
1421
1202
734
1106
1316
2241
1188
1697
1449
1583
1801
1543
2249
1009
1444
932
1180
2053
671
1183
1474
745
2385
2204
1395
1740
1784
2159
1704
1615
1424
1834
1700
2522
1578
1385
1720
1565
925
2110
1680
1704
1494
1558
1587
1970
1566
1892
2360
1022
1392
1505
1261
1878
1795
1165
1185
2140
1276
2039
1291
1678
643
1725
1587
1398
1227
1006
1458
1122
1602
1475
948
1742
903
2254
1695
1607
1314
933
920
1102
1967
1359
1372
1122
1445
1307
1356
1072
2228
876
1291
1230
2021
1567
1708
1958
1970
1863
2022
2043
1673
1424
1429
1061
2470
1555
1630
1193
1383
872
1971
602
969
2432
1870
1677
1551
1433
844
1499
2227
1246
2385
1854
819
1583
2244
1282
1472
1465
761
1558
881
1471
1182
1730
1788
1803
890
2286
2454
1496
2039
892
1931
1120
1585
776
1119
989
1873
1578
1622
1613
2059
1308
1382
1882
1196
1607
1314
1696
1744
1445
2402
1106
1926
1215
843
791
1059
1855
935
1450
805
1480
2015
1711
2158
1024
1239
1378
1327
734
1212
1288
2372
1992
1168
2257
1661
1925
1225
1728
1156
2051
2141
1591
857
1696
1469
1264
1598
1651
1203
2194
1815
1465
995
1605
2032
1187
1032
1465
1651
1346
1803
1628
1648
888
1309
1085
2062
1858
1623
839
1449
1950
1385
2010
2207
874
2017
2265
1837
1430
859
1551
1172
1560
1817
1483
1442
1614
1555
2529
1109
1409
1335
1371
1037
1466
1472
1538
1784
1963
1603
1259
1728
1019
1409
1632
1285
1535
1136
1632
1126
1842
1309
1558
1797
1418
1967
1659
835
2068
1565
1654
818
1964
1986
1440
2019
1947
2228
1256
692
977
1021
1642
2014
1634
1172
1301
1931
1944
1645
1651
1601
813
1803
1695
1362
1208
1448
1344
2381
2166
1619
1738
1264
1539
1720
1675
1905
1200
1458
1448
1665
2349
1428
979
1120
1249
1236
1712
1677
1265
1959
1278
1105
1387
728
1090
1407
2191
1903
752
1708
1255
1697
2449
1538
2227
2083
1374
1141
1068
1693
1241
1596
2115
1951
1788
2330
1144
1231
1567
1293
1682
1465
1404
1715
1718
1939
1453
1240
968
1565
1509
1370
1554
1761
1011
1839
2316
1204
1654
2105
704
1831
1631
1372
2106
1541
1157
1480
2045
1690
1706
818
1306
1478
1992
1648
1560
1140
1595
1397
1456
1037
1663
1338
1507
1409
1952
1225
928
1593
1434
2238
1702
960
619
1925
1705
1213
1999
1680
1112
1503
1660
1828
1130
2216
979
1247
2267
1433
1280
1781
1621
767
1740
1075
903
1088
1599
1236
1926
1416
1472
1242
823
1245
2280
923
2211
1150
1693
1395
1998
1683
1961
1001
1995
1559
1907
1740
1244
1689
1402
1916
772
1871
1419
1981
2225
1442
1191
1215
1172
719
2070
1854
956
1574
1566
649
1497
1288
1646
1894
2015
811
1274
1947
1576
1195
1656
1534
1862
1523
1492
877
2000
1219
1762
1122
1342
1775
1620
2370
2211
1849
1697
1287
1390
2026
2061
1715
636
1898
1232
1853
2162
820
2120
1778
1935
1435
1188
597
1138
2234
1272
1131
1722
1519
1899
2126
1700
1918
1834
1087
1743
1307
1654
1504
1830
1508
2343
607
1483
1023
1659
1826
1620
972
1269
1430
1653
1819
738
1690
2010
985
1633
2035
1976
2151
2406
1536
1657
657
1716
1343
1205
1560
1223
1626
1645
1738
827
1251
1729
1588
2099
1357
1518
2279
1610
1110
1744
733
1525
1386
1568
1785
1838
1605
1797
1449
1011
1000
1700
2241
1373
1744
1719
1684
1926
1746
1510
1386
2353
1022
1793
1376
1304
990
685
1448
1847
1797
1723
1116
2149
1323
2081
2160
1537
803
1723
1843
1207
2080
1425
839
686
1206
1626
1504
1743
1476
2276
1701
1866
1575
1826
1146
1528
1530
1882
1364
1528
1516
2119
1662
2162
1471
1535
1642
2312
1213
952
2155
1236
759
1495
1229
1249
1350
808
1541
1528
1682
2011
2172
1230
1753
2398
1697
1570
2588
1600
1573
1215
1772
772
1919
1608
1543
2324
1592
933
1545
2311
1269
1192
1932
1708
1860
2041
2121
2092
2030
1444
2114
1481
1761
1419
1217
1257
1966
699
2063
1380
1569
1678
1600
2141
1536
1553
1519
1930
2006
1770
939
793
2125
2303
1268
1948
1255
1728
2194
856
1857
1742
1299
850
1260
1942
1861
1434
2197
1335
1992
1149
853
1364
2025
2162
1210
1627
1187
1552
1702
1249
1569
2326
1646
1461
1507
2216
1494
1408
904
834
1665
1355
1691
1259
1183
1686
1598
1938
1928
1551
1426
1809
1272
2089
1247
964
1746
1971
1112
977
1487
1756
1232
1192
2121
1618
1182
1100
1873
1165
1674
1303
1284
1905
1108
1579
1806
1740
1920
1445
1488
1504
1319
1748
1980
1978
2247
1979
1228
2099
1526
1862
2043
1450
1328
1961
1860
1705
2047
888
1595
2261
1951
1588
1616
2112
1053
2212
2222
652
2282
1658
1371
2411
1766
2042
1802
1509
777
1492
1468
1961
1173
1729
1095
1886
1437
2065
1333
1405
2123
2019
2003
1792
2185
1462
2008
2420
1071
1510
1016
1412
1646
1576
1398
2092
2080
1171
1460
1787
2144
1618
886
1189
1317
1706
1981
1702
933
962
1659
1817
2114
1219
1836
1545
1711
2060
1517
1523
1032
1605
1358
1108
1294
1081
1480
1763
2397
1806
1491
2320
852
1658
1417
928
1166
1488
973
1501
2289
1374
1140
962
1555
2006
1769
1226
1438
2152
1079
1632
1056
1449
2385
1839
1750
1141
1867
986
1649
1633
1487
1386
706
2133
1856
1448
1971
1586
886
1832
1092
1106
1490
747
808
1332
1378
977
1486
2469
1276
1074
2400
983
1268
984
1567
1670
1460
1228
1180
1666
954
1585
897
1403
2101
1609
848
1500
1619
1764
1298
869
1404
2179
1535
1860
1985
584
2109
1422
875
1723
1623
1441
2004
1266
1815
1746
1756
1219
1573
2001
857
1644
1365
1389
1646
1598
1354
1056
1607
1408
1573
1555
2124
1495
1788
1768
1670
1469
1180
1336
2316
929
1848
1918
1983
1387
1435
1882
1559
1626
2121
1015
1639
1447
1256
1557
1006
1641
1404
1619
1766
2135
1381
1639
1662
999
1826
2024
2019
2235
1251
892
2422
651
1598
1111
1419
2447
2341
1048
1539
1837
1367
2158
1205
2450
2333
1092
1871
1814
1786
688
880
2330
1671
1914
2474
1533
2003
1199
1079
2128
1653
1530
988
967
1587
1955
2011
1364
1268
1437
2130
1356
1335
1038
1908
1635
1655
1781
1366
2270
1661
1134
1793
2085
1479
876
2199
1972
1483
869
1607
1903
2449
2414
2248
1090
1777
1538
1447
792
1951
1965
1839
1010
1889
1395
1757
848
1819
2009
2206
1617
1674
1174
1354
2198
1615
1897
1614
1208
1356
2054
906
1506
1447
1558
1704
1307
1964
2054
771
1514
1285
1519
1456
1295
1641
2113
2521
1570
1131
1787
1381
996
1371
2098
1785
2139
1424
1145
1827
1224
1518
1235
2381
1186
1614
1144
1180
1519
2028
1597
1020
1495
1907
2238
1135
1699
1674
593
646
1957
800
1867
1347
1318
1983
1384
1771
2109
2330
1319
1229
1624
2098
1134
1445
2144
2328
672
2239
1685
1458
2158
1533
1403
988
1782
1660
2245
1815
1245
1708
1938
1327
705
972
954
1109
1663
1961
1760
1629
1816
1659
1989
911
1831
1073
1374
1294
1176
2556
1808
1652
1842
1685
1352
1250
2153
1646
2124
2550
2178
1228
1041
1272
1543
1245
2357
1513
2540
1013
1991
1448
1465
2328
1123
1770
1270
1702
1158
2060
1546
1921
1973
2387
1164
2089
1627
1444
1532
1228
1355
1518
2027
1587
1646
1465
1870
1942
1039
1325
1952
2357
2316
2174
1801
846
1600
2048
949
2000
1465
1874
991
1037
1753
2226
2256
1126
1725
1476
1855
1811
1482
1512
1951
2165
1417
779
1550
1267
824
1814
651
2146
2353
1234
1455
2036
1758
1668
1536
605
1470
1295
1393
1840
1446
1360
690
1957
2251
1759
2227
2247
1341
1142
1482
1860
1392
1076
1940
1181
1323
997
980
1235
1202
2249
1201
1317
1516
1604
1876
1978
1445
1413
759
859
1118
1967
1668
1627
1547
849
2478
1377
1150
1405
1583
1630
1262
1923
2292
2001
1745
729
822
1239
1285
2297
1827
1878
1181
2177
1137
2074
1773
2028
1645
936
2129
1409
523
1183
854
1428
1890
1453
2148
1427
790
1656
2188
1459
1434
978
2176
1451
1140
1831
1952
1773
1529
2276
2428
1527
1055
2011
1145
1946
801
785
1225
1159
1851
739
1217
1526
1049
1346
2036
1914
2193
1473
1610
802
1867
1689
1737
1563
2028
1984
1348
2457
1133
2144
1231
2292
1646
1575
1537
1757
1116
2136
1717
1574
2315
1634
1911
1509
2417
1018
1309
1827
1589
1495
2242
1765
2015
1743
1652
1476
1556
2132
1843
1048
1368
1348
1603
1521
1059
1272
1193
1513
1637
1281
728
735
1318
1521
1095
1716
1424
1614
1289
1516
1654
926
1585
919
1054
2259
1651
1966
2379
1825
1421
1478
752
1204
1260
1149
2004
1869
1992
1654
1076
948
1528
1251
1850
1943
868
2165
1574
1765
1826
2162
2049
1444
889
1428
1129
1301
1163
1728
1575
2233
1556
1945
1838
1735
2284
1947
1965
2347
2345
1470
1757
1263
1549
1317
2136
1764
1254
1821
1404
2074
1605
2189
1466
1452
1699
1168
1784
1230
1228
1967
2153
1987
2370
1884
1704
1294
1422
1510
2447
1728
1224
1452
2481
1205
1126
2093
1272
2332
1980
985
1447
2401
1356
1888
2424
2297
1083
1702
1775
1885
1288
1461
1548
1360
2096
1793
1447
1072
1380
2001
1156
760
1512
1655
1429
2090
835
1170
1152
1857
1018
1957
1138
2208
1765
1337
1337
1336
2181
1975
2294
1388
1273
821
1682
2320
1387
1680
2107
1320
2118
1806
2142
1122
2217
1896
1142
2223
1632
987
1812
1434
1459
1287
1774
1496
805
1454
1213
1941
1289
998
781
2158
2085
2309
695
1701
1693
909
1621
1008
1298
2140
1026
928
1651
965
1696
2109
1346
760
1341
2094
1271
1777
1531
1756
1438
2186
1915
1877
1555
731
2140
1337
2080
752
1355
2490
1282
755
1210
697
2259
1599
2200
1794
1227
2226
1513
988
1842
893
893
1612
1638
2169
1945
1508
1819
809
1346
2289
1672
930
1517
1149
1516
1502
1779
1381
690
992
1241
1526
2277
935
1581
1302
1466
1814
2331
1737
1173
2009
771
1669
1637
1218
1687
2005
929
1271
2039
1536
1572
1984
1927
1534
1944
1403
656
1483
2072
910
729
1448
2163
1126
1231
1349
1134
1640
1542
1838
1439
1381
1495
2419
1159
1728
1494
1476
1561
1563
721
1493
1555
1652
1369
999
1905
1424
1429
1503
1920
1814
1651
1371
2382
1590
1870
1664
1896
1824
1717
612
1454
1425
1337
1645
1432
823
834
1692
1567
2357
976
2488
2246
1803
1087
1422
1225
2033
1946
1244
1659
2373
1775
1822
1134
2001
1972
1209
1200
1702
1685
839
1443
1128
1510
1368
1989
1389
888
1595
1249
1713
1089
2055
1698
1711
1404
1262
1746
1229
2111
1720
1306
2389
2262
1874
1502
2132
695
1198
1409
1103
1014
1142
1240
2056
1539
887
1069
1982
1899
1854
1964
1156
1467
1661
1433
1009
1218
1525
1936
1468
1427
1850
1367
1596
1417
1385
1272
1848
1659
2121
1383
1379
1462
2355
1629
1187
903
859
864
1807
1768
1195
1300
1596
1348
1802
560
1663
1100
1450
648
2033
758
1476
2117
1742
2199
2130
1564
1820
1580
1964
1940
1583
1376
2266
684
1538
1481
1029
2413
1965
1535
1871
832
1585
1625
1832
1216
1769
1411
2161
1851
1784
687
1688
1484
1692
965
1267
704
2424
1718
1590
932
1293
1545
1347
2300
1639
1644
1625
1661
1855
2074
1704
1487
791
1117
1014
1712
1536
1417
1664
1250
1031
1512
1919
2191
999
1934
1552
1666
2058
2222
1790
700
1491
990
2103
1851
846
1646
1445
1618
1190
1904
1411
648
1264
1592
2110
1490
1520
1069
2087
2214
1036
2026
1188
1802
1209
1484
1455
1060
1115
1700
1391
1635
1958
2018
2123
688
1937
2080
1103
1646
1247
1543
2113
1066
678
1455
663
973
1785
1849
1845
1694
2018
958
1900
2181
2187
1821
2361
1067
1702
1948
1354
1190
840
1444
1676
2252
1282
1180
1894
712
1211
1206
2390
1239
1449
1863
1612
2047
1361
2566
2264
1226
2398
1666
1786
1540
775
1188
1975
1868
2089
587
1515
2296
1014
788
1388
1268
2222
1426
1585
2011
753
1647
1928
2007
1199
2249
1579
1508
1794
2257
1170
1685
2172
1868
870
1352
1078
1595
1392
1610
1190
2521
1722
1909
1148
2060
687
1577
1920
1294
1884
2429
2128
1262
1191
1199
1634
1304
1884
1092
1451
1412
2037
797
1150
1488
2139
1268
856
1560
1484
1749
1292
2042
1090
1101
1191
1929
1208
1397
2102
1407
2079
1175
1668
1402
1678
1795
1256
919
1633
1480
1183
1557
1987
1000
1666
2315
1398
1704
1742
970
1724
1732
2019
1594
1837
1438
2326
1802
1521
1456
1292
1808
1497
781
1828
1401
1203
1652
1402
1749
1560
862
1676
1365
1033
1503
2082
1277
1001
1624
1973
1260
2109
2588
1790
2359
1549
1503
1372
1991
2417
1207
2353
1409
2417
794
1848
2244
2229
1656
970
1764
974
1821
1444
1395
1153
689
1377
1268
1191
1917
2152
1586
1590
1493
1806
1983
1593
1855
1059
2323
1147
1406
1291
1508
1539
1825
1692
1381
1128
1883
1189
2297
699
790
1991
1949
1755
1611
1722
1767
1780
1226
1396
1223
2162
852
2206
1320
604
1032
1809
616
1310
1170
2099
780
1017
812
1300
2105
1369
1677
1260
1466
1674
1241
1873
1535
1129
1459
1240
2161
2194
1427
811
1851
1552
2176
1704
1286
823
1669
1703
1038
1840
1092
1284
2455
2036
1541
1571
1468
1214
1101
1269
1747
1475
1753
972
2126
1336
1502
1175
990
1402
1510
1594
1789
1750
981
1013
1586
1843
1964
1209
1868
1869
1219
1511
1639
1206
1188
1471
1001
1733
1522
1563
698
1451
1645
1887
1974
1815
2311
1311
1719
1486
1314
1631
1618
2363
1357
1513
1326
1825
1057
1871
959
2115
1517
1331
1556
1353
1627
1267
1565
1801
1504
1139
2021
1969
1825
1303
1704
1804
1667
1839
1375
1003
1251
1977
2003
1422
1262
1972
2025
985
1254
1897
2121
2162
1606
1612
1211
1014
1055
1277
2397
1647
1292
1426
1031
1597
1575
1296
1567
1329
1661
1254
1663
1083
1411
1964
1625
1640
1584
1502
1335
1891
1745
1931
1673
2043
1228
1085
1368
1513
1945
2320
768
1810
1589
2117
2344
2118
1485
1957
1531
2004
1842
1701
2174
2049
1179
1744
1704
1148
1427
1652
2325
1573
1793
1480
917
1948
1503
1775
1965
1482
1895
1535
1891
1699
848
1277
1600
1673
1803
1802
1210
1537
1933
1015
740
1104
2357
1837
1001
2283
1128
1871
1560
1240
1970
1119
1983
2214
1514
1630
1119
1928
1152
2090
1587
1531
2006
1060
1733
1929
1808
1504
1821
1450
2024
1494
748
1012
1124
1544
2175
2097
2131
1399
1099
870
664
1642
2230
1255
1672
2021
2139
978
1762
1401
1084
2101
2571
2220
1509
1827
2068
543
1769
2123
1134
806
1793
1293
1756
1804
1287
1515
1181
1257
1349
1339
1729
902
1310
1193
1691
1506
1200
877
1078
1543
1107
1731
1534
1421
1230
2372
1933
1419
1572
1458
1174
1459
2101
1617
1778
1948
1320
1607
1641
1166
1816
1114
1847
983
695
2273
1656
1201
1349
1469
2240
2450
1607
936
2369
2030
2326
2282
1706
1467
2200
1099
1183
1802
970
1883
1777
1442
764
942
996
1316
1374
982
1278
1854
2069
1629
2083
1794
1089
941
1335
1744
783
2275
1486
1986
1104
2333
1779
1248
1914
2046
1279
1578
829
2280
1649
1578
1918
1434
2005
1346
1895
1656
2112
892
1493
2401
2087
911
1024
1614
1079
880
1989
1395
1661
1495
1535
2217
1243
1924
1175
702
1842
1373
1568
1681
1559
1729
2363
1656
1647
1918
1165
1575
1336
2074
1591
1518
1158
1506
2005
1171
1461
2010
1270
1219
849
1394
1175
1152
1593
1501
2300
1537
1267
1133
1077
1671
758
1537
1306
1368
888
1163
1101
1916
1575
775
1077
1605
1544
2587
1710
1290
1748
1088
1661
2009
1930
2009
2220
1506
1023
1685
1765
1025
1882
1827
1238
1049
989
1860
1793
1489
1992
1319
1466
2396
1461
1819
1162
1175
2470
741
1533
1722
1414
1092
1319
1760
2094
868
1143
1833
1708
1575
1739
1481
1452
1852
1913
1941
1519
720
725
1928
1724
2082
1829
1767
1368
865
1870
1663
2418
1854
1881
2026
1871
1850
1736
1225
1519
1749
1769
1416
1482
1412
1608
2331
2118
1184
1309
1476
1613
2077
1666
1415
794
1214
972
1315
2605
2440
795
1580
2149
1759
1466
1987
1808
839
958
1859
1180
1583
2444
1034
1554
1281
1981
1704
1296
2051
1107
930
1118
1649
840
2069
1775
2135
1573
1986
1266
1620
1973
933
1074
2076
1224
1175
918
1810
1133
1630
1751
1677
1675
1717
1066
1048
1998
1465
1778
1546
2117
2245
1987
1541
1298
1030
1755
980
1637
1118
1029
1538
784
1884
1823
1177
1101
1062
1499
1473
932
1377
1652
1416
1879
1435
1474
1922
1676
1645
1660
1618
1474
1482
1801
806
2240
1422
1116
1641
2088
1606
1781
2251
910
1343
1355
1360
1186
1322
1217
1057
1544
1859
1464
987
1063
1860
2261
1937
1998
1987
1530
1042
1507
1307
1485
868
1772
1922
2043
995
894
1290
1465
1120
1408
1514
1186
1591
1262
2200
1428
1330
2014
1447
1910
1719
1649
1295
817
970
929
1058
1408
1485
978
1510
1861
1253
838
1882
1734
1521
872
2176
1325
757
1389
1653
869
1479
1963
2173
1972
1629
814
1670
2373
1596
1203
752
1883
1362
1970
1552
1010
2120
1402
1245
1806
1064
1415
2297
1842
1022
2265
1950
1351
1536
2251
1873
1788
1575
1079
715
1551
1617
1179
757
1053
1005
1777
2002
1464
907
1465
868
2040
2050
1902
1612
1028
1795
1264
1547
1975
1683
2268
1049
1316
1542
1316
1737
1353
1326
1296
1526
1682
1406
873
940
912
1265
793
1500
2141
1822
1406
912
1558
1497
1074
1267
1434
1348
1487
1731
1564
1532
1265
2072
1575
1967
1470
725
1616
1052
1186
1229
2232
733
1920
2027
1729
1380
2101
1938
1399
1693
1085
954
2088
1352
592
957
1057
1533
2155
1801
2267
1042
1383
2161
1215
877
607
1505
1470
1216
1336
1063
1232
1583
845
1322
1954
1530
1660
1528
1754
1034
1652
1958
2325
1083
2336
1664
2351
1581
1546
2124
1017
565
1556
1018
1164
1691
1709
1195
1639
1634
1219
2202
1361
1684
1926
1278
1098
1682
1835
1549
1744
1392
1727
561
1938
1345
1221
1714
1938
1740
1312
1540
1958
2372
1118
2065
752
790
2122
2509
1044
2144
1055
2083
2153
825
1181
1282
1853
1086
662
1744
1510
1715
1047
1878
1399
1107
1268
1536
1731
2354
2072
2001
1869
1997
2231
1375
2299
1483
1654
1359
1274
1001
859
1988
2009
1389
2542
857
1709
2174
1705
1207
1351
1278
1723
1199
921
2202
1891
1146
1825
1653
2140
1535
1305
1560
1588
2272
1142
1116
1850
1550
1908
1594
2189
1900
1156
1693
1427
1292
1541
1293
1461
1222
1820
1974
1922
835
1863
1213
1916
1509
1371
1414
993
1833
818
1412
1895
1423
2017
1896
1353
1490
869
1285
2217
1244
1253
1290
1857
1714
2294
1284
770
1448
2322
1231
906
2120
1707
1458
1142
1167
1730
832
1750
1004
1067
1423
1628
832
1245
1655
1697
1682
1100
2200
1338
994
1647
1641
913
1528
1603
1573
1513
1061
1149
1636
1450
2447
932
1497
2235
1857
2242
1356
2069
1071
1198
1884
1775
1027
861
1482
2216
1043
1728
1336
1092
1628
1773
1523
1042
1980
2528
1175
2067
1807
1057
1980
2261
1762
1911
2200
958
1930
1478
1346
2319
1004
1440
1495
1927
966
1679
1327
939
1553
818
1352
1370
1650
1217
1934
1866
1745
1470
1910
1468
1372
703
2419
1458
1977
1713
1105
1761
1460
617
1049
1485
1391
2296
1530
1164
2235
1449
2032
739
1355
2056
1516
1788
785
2370
1277
1291
1775
979
1559
1561
1618
910
1626
1869
1940
1916
2036
1598
2007
1526
1117
530
1764
2110
1104
1003
1681
2412
861
1772
1283
1550
1678
1379
2110
1718
2155
2049
1131
1426
1613
2099
1413
1529
832
1530
1104
1703
1938
1509
1513
1383
2135
1460
2435
1444
1073
1748
1264
1552
1461
1326
1494
1232
1987
2059
1149
1493
1631
1161
1228
1287
1568
1609
1234
2007
999
1490
1567
735
1052
1764
2177
1094
1822
1223
1420
1758
2066
1537
1622
1597
1619
1594
1018
1737
2087
981
1546
1408
1588
1991
1522
1861
1780
1448
1295
2064
1858
1740
2184
1469
1387
2282
2276
1438
2179
2112
1542
2062
1144
996
2187
1946
2269
1480
1745
913
1006
1525
1057
1525
1786
1617
1307
2516
916
1349
1967
1345
2124
1202
1653
1030
2275
887
1390
1288
1867
1362
1412
1874
945
1513
1663
1925
1994
1191
1181
1465
867
1312
1938
1480
1962
2225
2062
1605
901
1128
2021
2260
1191
831
1519
1431
1352
991
2308
2090
2028
2307
1151
1822
820
1435
828
1541
1276
1515
776
661
2121
1337
1200
1538
1183
1442
1864
1753
2414
1875
981
993
1134
1261
2212
2428
1025
1886
1330
1738
1145
603
2018
2239
2061
1801
1363
602
1985
1782
1390
2156
790
1276
1595
1099
2195
1925
1546
1233
795
1236
967
1361
1716
1355
1806
2243
1478
901
1736
1641
1332
1355
1841
1010
1427
1027
1520
2222
768
1171
1225
1434
1573
1516
1941
1300
1505
1200
1968
1819
2091
2304
1650
1447
1900
854
2104
1322
1074
1277
1708
1782
1094
2159
1633
2542
1333
1615
1908
1204
1286
2499
2300
1231
1604
1902
1411
1630
655
641
1846
1068
1484
1377
1730
1775
1078
1585
2307
1673
1519
1509
1109
1868
1949
1560
1206
1674
1816
1497
1242
784
809
1486
1825
1805
1171
2164
1707
1136
1108
816
1722
1974
1975
946
1597
1556
2045
2492
2085
1975
1287
1473
1673
1221
739
1396
1137
1960
1081
1856
719
2148
906
1502
1664
1242
1408
1505
1510
1795
1083
1613
2388
1601
2359
1856
1312
1331
1136
1251
2460
2218
2005
1812
1904
2482
1964
1992
1700
1772
2048
1607
1297
1591
884
1700
2150
1901
1331
1112
1724
1627
1922
1046
2331
1575
1118
1398
1370
2096
1681
1114
1096
1582
1823
2064
1594
1543
1302
724
1704
1939
2168
1243
1706
1650
1380
2093
1259
1475
2102
2240
1251
1163
1183
1463
1999
2233
1602
1895
1814
1955
1489
567
850
672
1573
948
1417
1543
1360
1453
2017
2132
1900
1998
918
1220
1016
2238
1148
1440
1061
1173
2418
1625
978
863
2066
1972
2155
2175
769
1806
814
1846
2352
1372
2053
1140
2498
1318
1732
1333
1644
1888
1565
1707
2281
1544
1436
1110
1842
1560
1255
1092
1805
1330
1841
2205
641
1616
2013
1413
878
1099
1246
2272
1500
1419
1740
1436
1657
1359
1244
2130
2042
1952
1621
914
737
1762
1848
989
1057
1180
1279
1372
1802
1708
1724
1752
1335
1864
1165
1362
1155
1979
2023
1639
1785
1106
1493
1902
1649
1304
918
1488
1774
1667
2009
1650
2145
2363
2065
1955
929
1905
891
1749
1434
1888
1395
1388
1076
1341
1234
654
1019
1911
1484
1218
2160
1216
1479
1609
1605
776
1253
1208
839
1816
1547
1438
891
969
1826
1310
813
1226
1581
738
1922
1232
1614
1476
2396
1603
1262
2474
1415
1390
1407
1521
1093
892
1605
1843
2075
1111
2311
1981
558
919
1138
1606
1108
2302
1718
1626
1417
2015
2089
1907
1433
1453
2066
659
1277
1584
2248
1188
1488
1112
878
1421
1053
1385
1747
636
1668
1640
896
2238
967
1379
2297
1317
749
649
1172
1201
1771
1265
1760
2205
1259
1291
1848
2148
1723
1215
1473
1289
1329
1586
1677
1741
2198
1912
1386
1361
1723
1699
949
1817
1306
1688
1705
1606
2250
2024
1728
1568
1339
1541
2174
1336
804
1246
1391
1512
2235
954
2332
1485
1421
1102
1102
1383
1483
1848
1124
2199
1696
2171
1306
1295
1521
1875
1682
1749
1515
1626
1367
1882
1814
1668
2364
1545
1944
2179
1676
1625
1068
1650
1901
1715
938
849
1574
2110
1798
667
1820
1967
898
1824
1907
1859
1576
642
1667
1482
1755
1208
1007
1480
2181
1115
1489
998
714
1326
1634
1371
1071
1750
1380
823
1934
1631
1047
1699
2054
1552
1711
1446
1754
1951
1363
1153
1632
1722
1209
1790
1097
1611
2116
1601
2054
2170
856
995
1918
1719
2448
1251
1696
2032
1120
1225
1307
2109
1659
2271
1630
2184
1612
1394
1450
1995
1198
2280
1914
1399
856
1419
1593
1919
1696
1557
1206
1036
1317
1657
947
1781
1271
2200
1162
1210
1717
2045
1595
1227
1438
2113
1383
933
1542
1635
934
1676
1079
911
1708
2162
978
1649
1760
1163
848
1985
1585
1351
1267
1258
1946
1618
1655
2366
1094
2442
908
1577
2040
1300
2057
1583
1550
1460
1253
1013
2298
1296
1121
1486
1886
1799
1697
1484
1405
2306
2187
1536
1866
1270
2598
1255
1593
1148
1359
1544
1816
1067
1501
1147
1293
1686
1339
1064
1816
1098
1791
2012
1080
1882
850
1779
1680
624
1550
2095
1739
1254
1817
1935
2038
1341
881
1573
1320
1672
1595
2011
1077
2077
2083
1463
1673
2441
1861
2259
2205
1340
1413
1481
2133
1930
1917
1941
2003
901
1809
684
1608
1443
1092
1134
1720
1582
1524
1946
1167
1314
2136
1577
1907
1283
1614
1192
1321
1653
1523
1994
1586
2489
962
758
1893
1422
594
2176
761
1006
1694
810
966
2041
1508
1344
1998
1724
681
1488
1369
1709
1445
2286
895
1858
1866
1908
1736
1117
675
1943
1408
1051
2153
2250
1706
1060
2220
2048
1647
1304
998
1413
1619
1235
1997
756
986
2020
1699
1193
1675
812
1556
2086
785
1388
804
1690
2017
1138
1511
1277
952
1147
1411
1883
1276
1434
2036
2149
583
1713
1423
2075
1324
1230
2219
1427
1118
1878
1911
1330
1039
1360
2130
1410
1215
2138
1598
1407
1547
1283
1730
1124
1069
1880
998
1484
2131
2051
1035
2219
1358
1591
1569
1014
1861
1463
2286
2113
1510
1729
968
787
1575
1474
2265
1289
1361
1505
1206
1927
1503
2245
1470
2243
1547
1053
1603
1293
2226
921
1578
1165
1229
1752
909
1467
1597
1840
935
1906
1456
1485
2284
1721
1127
970
1664
1568
1614
783
2445
2108
1794
1953
2167
843
1077
1605
1772
1373
1651
1545
1569
1844
1590
1219
2179
1452
1568
1589
1486
904
1314
2229
1784
635
929
1294
1596
1668
869
2470
1905
2501
1858
1527
1505
1561
1112
1406
2036
895
1149
2485
1465
2287
655
2194
1329
1641
2219
1765
1246
1700
2175
1950
1332
1085
1784
1095
1508
1289
2568
2012
2033
1635
1270
2100
1973
2055
1283
1424
1187
1398
939
1331
1704
866
1893
1195
1106
1141
1123
1818
1999
1633
945
1853
1551
1178
1209
1531
1738
788
2100
883
1422
1806
969
1772
1114
2283
1801
1117
1176
1599
1689
2494
1627
2209
1459
1477
1724
1607
1546
1244
1694
1619
1839
1452
1894
1108
1247
1205
1498
1814
1490
1395
1733
1782
1237
1755
2003
1691
2290
1549
1408
1249
1808
1157
1855
1959
1575
1612
1365
2181
1235
1690
1885
1000
1858
1853
1750
1637
2238
1668
1875
2158
2127
1802
2404
1572
2356
1026
1178
2179
1418
1079
1515
1521
1858
1316
1454
965
2052
1297
1490
704
1106
1893
827
1052
871
1096
1642
1456
1203
1478
1324
1625
2113
2080
2516
1141
1717
1212
1677
1261
1686
1403
734
2096
1556
1898
868
1472
2250
885
1197
1122
1157
1059
2031
1000
1085
924
1114
1154
2429
1702
2426
1152
1495
1767
2435
2186
1773
1619
1570
1981
805
1485
1388
2482
2274
1553
2236
1203
1737
1633
1506
1606
1469
687
1711
1055
877
1355
1582
627
1495
2092
2115
1731
863
1588
1943
1400
1622
852
2030
1304
1883
1227
1822
1744
1557
769
1351
1831
1290
1950
1668
1705
1499
1748
1937
1522
2095
1862
1888
1329
1530
1622
1350
1590
1068
1567
1599
1701
924
2542
1584
1457
1584
1983
1657
1714
1983
1014
2027
1528
2153
1024
1759
1302
1579
1504
1211
1374
2085
2424
1159
1921
2508
2359
1658
1139
1784
960
2009
2116
1498
1564
1836
1838
2160
1087
1201
1566
1069
1934
2570
1159
1174
1060
2053
854
1338
1861
1543
1483
1733
1655
2011
1809
1594
2223
1863
1374
1175
2317
1721
1195
1802
1853
1560
1983
1860
1641
1439
1209
999
2450
1436
1647
1663
1727
1156
1337
2123
1479
1757
2163
924
1244
700
1373
1370
1419
754
1345
1954
1586
2151
1923
1294
864
1601
1793
1358
948
1508
1079
1081
2011
1587
1533
2137
2529
2022
1030
2399
1532
1344
620
604
1847
1312
1652
2029
1084
1155
1671
733
1552
2325
1806
2079
1419
1630
1386
2203
2090
1295
929
1877
2028
1144
2263
1442
2049
1750
1436
1326
1878
1507
2171
1719
1093
1903
949
2151
2076
2145
1349
1682
1518
1674
1153
1577
1574
1772
929
970
1568
1016
1373
1306
1792
1993
1962
1828
1733
1518
1901
1459
682
1388
2017
2101
1353
1119
1808
1312
1854
882
1449
1436
2028
1536
983
1247
1710
1577
1720
1063
1012
1808
1855
1175
1029
1213
1321
1726
2164
1399
1621
2136
1535
1528
2229
1294
878
1382
1602
1544
2061
1527
1260
1256
2391
1551
1238
1367
1513
1272
1356
1601
1589
2060
824
1283
2019
1597
1705
1646
1753
1651
603
1548
1368
1502
1459
1748
2082
1532
2147
2116
1781
1610
1275
1996
1774
1784
1306
2185
1151
1868
2053
1735
1103
780
1632
838
1329
1797
2089
1790
1813
1487
2238
1888
1596
1072
1077
1011
1292
1538
1949
1735
1635
2554
1660
1633
1046
1514
1537
1039
905
1634
827
1638
1550
1120
2198
1305
1236
1606
1673
1326
1157
1180
1287
629
1535
1016
2006
1006
1610
1355
1700
2022
2022
2228
1589
1522
920
1219
1385
1843
1572
1699
1275
1404
1086
2299
1974
2141
726
1872
1115
1232
2371
971
1231
1853
1256
1769
1471
1740
1414
2379
1300
979
2007
1339
1991
599
1262
1830
1473
1084
1970
1586
1265
1966
590
1691
2042
1347
1356
1380
2381
1938
873
1444
1805
1642
1905
2075
1801
2221
1498
2042
1010
1703
1863
2187
2050
1275
2241
1592
1226
1670
1943
1619
1088
1738
2089
2067
1613
1396
2037
1914
1731
1563
858
1977
2334
2248
1941
1744
591
2409
1579
806
1044
1775
1322
2075
2296
1991
1302
1404
1939
1487
1570
1243
2400
2225
1763
1990
1520
1752
1813
1266
1270
1556
1294
1305
2481
1699
1732
1843
1593
1548
1732
1743
1652
2458
1830
1903
851
1317
997
1420
680
555
1233
1710
2075
1259
931
1555
1766
1130
2189
1331
1983
2078
795
2251
1203
1644
1619
1181
1178
1484
1935
1595
1464
1971
1426
2052
880
2077
1205
891
1638
1569
1450
1644
1401
2095
2306
2249
748
1269
894
2474
1725
588
1895
1390
1413
1777
1382
1561
1628
1288
1534
1391
1612
1305
1164
1047
1337
1713
2357
1956
1968
947
1168
2446
1491
1929
916
2246
1869
1529
1268
2070
1654
1971
1467
1856
1709
1955
2445
1436
1835
1575
1716
1649
2015
1850
2075
2257
1166
1043
1906
1466
1845
1823
1541
1495
911
1565
2168
1857
1180
2340
1938
1154
690
1273
900
2413
1603
1723
2246
1043
2221
947
1571
2489
1522
1905
1572
1173
2009
1650
2023
2436
1263
1255
1190
1990
1203
2170
1210
1812
1487
1498
1656
1274
2362
1176
1415
1011
1608
1647
901
1942
1414
1274
1938
2139
1491
874
1590
974
1169
1259
1430
1270
1128
1969
736
1852
1185
1720
1391
1685
1873
1819
1583
1792
1694
2095
1577
2072
1373
1600
1539
1459
1751
1797
979
1451
1348
2198
1206
1840
2487
2085
1837
1941
1669
1113
2423
1910
1832
1409
1525
1610
2178
1563
1308
2038
1485
837
1413
1345
1744
1714
1909
2370
1634
1647
1059
796
1945
1190
1220
714
1413
1117
1761
2106
1797
1630
1570
1727
1392
2022
1823
1419
1267
2287
1604
1380
2224
1336
1800
1560
1989
1811
1379
1669
1387
1172
726
1130
1354
708
2112
1914
1251
969
1124
1921
1983
1635
1322
1659
1984
1726
1595
1563
1148
1937
1902
1522
2466
1542
1122
1617
1819
1924
1784
1866
1739
1261
1801
1710
1022
1061
1707
1333
1357
2390
738
1573
1336
1553
886
1591
1288
1792
911
1568
1479
1451
2315
1734
1471
1637
1860
1677
1055
924
878
2478
1465
961
1500
1086
1914
1653
1929
717
1441
1916
1563
1552
1916
1963
1427
1700
1661
1640
1530
940
1807
1471
1802
1345
994
1866
1888
1633
1770
1815
1651
1731
1127
1508
2463
1806
1890
1472
1429
1478
1341
1984
1134
1530
1200
1043
1522
1713
963
1820
1124
847
1871
1400
1740
2530
2231
1400
1088
1583
1618
1554
1274
1671
1677
823
1764
1069
1292
1756
1940
1598
1492
1281
1881
2371
1528
1111
1654
1495
1238
1454
1561
2058
2165
1165
1471
971
1172
2097
2237
1573
1923
1643
1626
2067
1784
1808
2205
1669
925
1751
1263
1242
1625
1406
1853
897
1892
1599
1624
1200
1233
1692
1871
1968
1944
1555
562
1363
2221
1480
1786
979
1013
1364
1432
1935
1386
1341
1790
765
2381
1333
1098
1513
1253
1006
1518
2142
1033
1751
1312
2014
1890
1749
1201
1375
1761
1488
1570
1274
1621
1279
1850
1581
2554
1791
1583
1540
712
2228
1692
1183
1875
855
1464
1658
1181
1678
1404
1341
1221
2369
1784
1137
1131
1505
965
1780
1217
2043
879
1617
1086
1466
1093
812
1563
1387
1153
1123
1362
2113
1739
698
1615
1599
1844
1705
1673
2143
1092
2050
1646
1475
1798
1021
1382
1646
938
1706
1451
1864
1512
1572
2446
2034
1389
2388
968
1420
1379
1825
1265
1425
2134
2111
1113
2091
1656
1454
1757
1298
1191
691
1066
1472
1636
1537
2099
1682
1185
1748
890
1438
1897
1548
1393
1456
1580
614
1637
717
1500
1229
1396
1156
1475
1660
1388
1507
827
674
1719
1561
598
643
1544
1700
1243
1626
854
1675
2301
2230
1461
799
1190
2174
1016
1535
1498
1666
1332
2338
1441
2442
1259
2314
1198
1184
1467
2040
1366
1479
1968
1507
1023
1489
1333
2051
1584
1611
1012
1265
1732
1161
1441
1423
1281
1632
2005
1929
1553
1649
1158
1435
1742
2363
742
1672
1548
1216
1938
1979
2355
1333
1513
1323
2090
726
2176
1630
1161
1695
2010
1580
1335
2165
2308
1399
1368
1432
1649
1089
1502
1910
1780
1167
2232
1876
1202
1522
1244
1243
1243
1672
1919
930
969
1140
932
1025
1454
807
808
1460
1600
2053
2294
2119
1023
849
1889
1354
1266
830
1089
1824
1556
1387
1702
1244
1364
2329
2051
2566
1970
1498
1912
2055
1375
655
1411
1559
1986
1133
1902
982
1809
1021
1163
2063
1489
1239
1416
2067
2093
846
1050
1786
990
1957
1247
1832
2196
1341
1189
1552
2386
1734
1906
1568
888
1306
2046
1845
1605
1265
1988
1076
1211
1557
810
1272
1987
1013
1398
1783
1863
2154
1594
1273
1108
2014
1697
1684
1239
1209
947
1921
1485
1317
1512
2123
2242
746
848
1756
1514
1270
809
1946
852
1025
1490
2153
1905
1745
1586
1771
2276
967
2180
1457
2370
1781
1601
907
1495
1505
1667
1500
1718
1313
1246
1200
2190
2363
2009
1153
2227
1834
1725
1696
1605
1174
1734
1908
1096
1547
2416
2290
1918
1465
1317
1900
1712
787
1719
804
688
1894
1037
1440
1116
1666
1344
1647
1362
1131
1698
2116
1236
1779
1261
1028
1758
940
1636
2013
1283
2000
2096
1334
1006
1711
1739
985
1032
2047
2507
1686
1968
1846
1883
1332
1312
824
2411
1402
1836
1980
1041
1439
1421
1666
2439
1202
1557
2188
1505
1495
1467
1883
972
1512
1643
1721
1300
1860
1447
1662
2128
1180
1783
968
1544
1758
1770
1719
1410
1414
1211
1101
1633
812
1259
962
982
2402
1550
2134
1991
951
746
1211
1150
2048
1173
1687
1908
894
1851
1833
1792
1661
1203
2427
1364
1458
969
1860
1301
748
1742
1084
669
1773
2422
1523
1994
2045
665
904
1365
2240
1449
776
1820
1387
1330
1787
2542
1331
2005
1724
1925
1300
904
1857
1790
1499
1444
777
2503
897
1338
1385
2287
1574
1657
1475
1273
1515
2048
1546
902
2222
1580
891
1213
1907
1642
559
1612
1484
1401
1443
1456
1544
1976
2111
986
1517
2062
1685
1499
1863
1760
837
1431
2133
1590
1863
1718
1385
1770
1353
2390
2069
1051
1882
1467
2450
1020
1719
1004
1642
1423
759
679
1150
1394
2119
2465
756
968
884
1387
1745
1344
1349
1915
1335
1554
1844
2219
1765
876
2004
1246
2121
1348
2506
1353
914
976
1972
1582
1774
1899
1113
1166
1722
1880
1940
1160
2177
1624
954
1694
1341
1099
2015
2000
1602
1853
1530
1053
1708
1024
1565
1942
2227
1260
1135
1135
1496
1995
771
1320
1149
2329
2020
1369
1961
1745
1603
1182
1302
1488
1299
1157
1031
2252
2043
1673
1330
1791
1313
1629
1880
1416
1248
1632
827
1626
2084
1468
2328
1618
973
1909
2081
767
1735
1130
1829
1420
1371
1248
1521
1830
1771
1671
1049
1521
1039
1393
1758
1111
1223
2187
945
1635
2143
1735
2165
1440
1578
1505
1177
1525
981
1473
1441
2403
1530
603
1448
1715
2452
1664
2369
1645
1316
1528
1019
1609
1242
1058
1599
956
828
841
1553
1533
759
1909
1809
1854
1082
1676
2538
1943
698
1853
1259
945
1623
1350
1855
1947
1762
1663
1177
1288
933
1803
1864
2161
1068
1959
770
1033
739
1353
1478
1459
1942
1475
1776
1563
1661
1607
2383
1956
2401
1894
2305
1199
2335
794
1605
1654
2296
1542
1552
2030
1878
1240
1402
2183
1673
1883
1901
1205
1675
552
1788
1858
2460
1533
1079
1290
1175
1754
1737
1599
2125
1299
1537
1020
910
1387
1418
1564
2251
2130
980
2295
1506
1570
2192
1196
1293
619
1204
1720
1884
1630
976
2342
1673
1099
1294
1930
1508
1690
1402
2392
1332
1879
2180
1008
1373
1248
1541
1750
1726
1295
1540
1862
1783
1484
1273
1259
1761
993
1851
976
1616
1713
1741
1551
1979
1180
1110
1887
2034
1744
1252
1478
575
1366
2063
2041
1044
1410
1861
1303
1264
1709
1243
1644
1357
1232
879
1417
1733
2265
2058
1750
1505
1831
591
2105
1320
664
1178
2247
1900
1877
1497
2154
1633
776
1373
2421
1794
1859
1528
2088
1443
1441
1134
1671
1998
1578
1999
1738
1663
2264
1846
1401
1689
1289
2021
1817
949
1030
1259
1521
975
1736
1356
1492
1965
1510
2343
1728
851
1927
1299
1558
629
1982
1833
724
1597
1745
697
1183
2227
1663
1444
2130
1586
1145
1321
1230
1267
841
2275
1557
1469
2251
2125
1689
1495
1842
1883
1315
2091
2114
946
794
1505
979
1904
2219
747
1599
1405
904
1582
1984
1316
1276
1018
1192
1401
1130
2079
2213
920
1330
1541
1595
1854
1856
1875
604
1061
1471
1559
1531
1645
1754
2101
1652
1904
1980
1620
1636
852
2066
1529
2601
1791
2023
1241
1748
1167
1848
2168
1706
1870
1821
1628
1889
1278
1560
1826
1627
972
1808
2237
1738
2107
2236
2042
1605
1753
2481
949
1766
1263
1783
960
1892
1493
1802
809
1468
2186
2365
2307
1542
825
1900
1372
1476
788
1270
1740
1510
1537
1495
1328
2349
928
2242
2324
1314
1172
937
1328
1908
2078
1479
1994
1325
1249
1118
1154
1056
2092
1758
1377
1335
1522
1311
1414
1522
2253
1236
1130
2383
1155
1496
2318
1495
2429
614
2269
1993
2074
1686
2048
1764
1421
1803
975
1175
1432
1619
1387
1056
962
2213
1740
1513
2011
2224
2196
1634
1714
1964
1541
1653
1687
1486
1106
2014
2066
990
2094
1309
1682
900
1822
1387
1965
1257
1768
1223
1163
1466
1442
1678
1354
1200
1242
1415
1326
2320
1554
2121
919
1471
1383
2349
1809
1586
1347
2189
1968
1238
1573
1114
1391
1726
2038
1448
2383
1073
1118
986
1194
2147
2501
1939
2182
2388
1288
1635
773
2243
1242
983
1171
1689
1066
1550
1340
1775
860
1648
1582
1225
1699
1535
1653
1484
1971
1715
972
1152
1019
1239
2150
2054
626
1181
1134
1948
2073
1059
1818
1031
700
1884
1325
788
2546
1470
2482
1867
1143
1209
1646
1748
2121
1650
1253
1782
2237
1504
1890
1562
2069
2450
1116
1144
1171
865
1445
1202
1501
1294
1403
1712
2375
1941
927
1144
1418
887
1380
1431
1707
1542
1581
1896
1953
979
2043
1975
2284
1054
718
1446
1211
2008
1753
1169
1876
926
1295
1190
1740
1323
1580
2085
1403
1863
1996
931
795
1478
1019
1109
1618
1626
1754
2160
2290
1950
1540
1196
1795
1320
1635
1575
2067
949
1240
2252
1837
1161
1714
1238
1747
981
1751
1311
1459
1598
978
1386
2263
1779
1891
1606
2055
1147
861
1693
2029
1356
2378
2367
2452
1355
981
1825
1489
1419
1442
1317
686
2377
2246
1848
1430
1906
2310
2052
2471
1292
933
2018
1366
1381
1149
1436
1694
839
1796
1419
892
2246
1527
2082
1854
1569
1582
1977
1544
2258
1946
1635
1438
2265
970
1630
1340
1371
1404
1430
1032
1279
2457
1537
646
1790
1719
1613
1819
1428
1675
1480
1435
1783
1679
1838
1561
1864
2090
1603
938
1806
1099
1247
2152
1765
2021
2203
1733
2186
1470
986
2341
1404
1255
1992
1136
1858
1431
2047
1026
1590
1460
1781
1158
785
1696
2397
1999
1381
1119
1161
1625
1937
1834
1779
1708
1289
1853
1530
1093
1412
953
1603
2077
1796
1210
1510
1559
1434
1983
1846
1632
2270
2016
1109
1737
1569
1898
1747
1385
2395
2067
1856
1687
1032
1454
1453
2083
1239
1692
1387
950
1748
1694
2359
1805
1946
1681
1982
2208
2225
1694
1187
1814
1717
2474
1184
1488
1906
2308
2449
2083
1651
1275
1820
2023
2083
1649
2190
1873
1633
2224
1645
863
1551
1645
1240
2061
1949
1922
1642
1525
1698
1843
2007
1846
2398
1347
1911
2063
1586
1559
2338
1555
1259
924
1750
1544
1241
1833
1586
2083
1366
1915
1567
2221
749
1850
1103
1471
1502
1500
2175
1605
2232
1787
1686
975
1378
1468
2052
1583
756
1656
1009
1743
1942
1222
1491
1505
1325
746
1854
1666
1457
1613
1499
1755
1018
1098
950
1607
1471
2119
2146
1751
1926
2048
1666
1274
1208
2056
2046
1872
2312
1938
1465
1599
1640
1836
1432
1328
1905
1195
1935
1561
1964
1302
1984
924
1799
1396
1379
790
1428
962
1333
986
2203
1106
1482
1449
1199
2256
728
1734
1013
999
1625
737
1213
1374
1304
2173
1421
1228
1600
578
1640
542
1546
1866
1610
1919
2353
1282
1292
1562
1360
1286
1061
1715
1267
1616
979
2352
2389
1318
1637
1323
1449
1980
1927
1793
1022
1698
1408
2288
1523
710
1313
1437
897
1785
2079
1654
833
2258
1279
1157
1137
1708
1614
1687
2278
1421
1429
1535
1850
1063
1951
1241
1214
1904
1574
1742
921
870
2017
2026
1977
702
1750
1944
1347
1249
2097
1891
1723
1583
1492
1544
2236
1644
1624
2338
1691
1694
1251
2307
1755
1712
1662
1830
2336
1715
1444
773
1159
2088
1340
2159
1377
1671
1729
1257
1032
1180
1573
1947
962
1888
1788
2352
1462
2317
1083
1258
840
1736
1949
2103
1773
1530
2177
1317
1003
1253
2123
1738
1754
1356
2136
1199
1538
1397
2333
1935
2090
2494
1046
1672
963
809
1160
1102
1444
1829
1423
2310
1162
2500
1353
1803
964
779
1482
1280
1773
1539
853
1656
1405
1028
2066
1947
1859
1655
1660
1498
1931
1443
2029
1745
1454
1603
627
641
1249
1723
952
1984
1421
2179
1606
1032
1778
1098
646
2164
1973
1554
2196
1887
1731
2340
1331
2253
1140
1039
1002
2111
1241
1446
1495
1468
1754
2032
1775
2012
2098
1601
1911
1651
1236
1374
1262
1655
2212
1491
1527
2218
980
2274
861
1835
1224
1809
1255
1058
1370
2171
2116
2500
1567
1366
1890
2406
975
1554
2236
1206
1951
1282
764
1121
1450
2327
1711
1400
1346
2000
1499
2015
1203
1497
1668
1186
2245
1271
1340
1680
1190
1358
1161
2329
1399
1285
1666
2019
1314
1823
1681
1383
1493
1664
1793
1607
1935
1715
1089
1173
1307
1269
1453
2158
1036
1936
1607
1211
1347
1576
1625
2040
2242
1967
1913
2328
1376
1387
1946
1339
2501
927
2292
1359
1839
1608
1393
1613
2165
1940
1207
1170
2127
2462
707
1496
815
2246
1748
1098
1321
1596
1110
1519
2295
2361
1612
1372
1150
2460
1792
1676
1290
2428
1785
1593
1162
1864
1561
1460
1667
2504
1491
1711
1891
1803
1891
2250
1805
768
1648
1861
1965
2149
1163
1330
841
896
1039
1672
2408
1567
1817
1446
1930
1512
2137
2030
1818
1729
1714
1555
1493
2239
1309
1623
1691
1658
1650
990
1510
973
1275
1497
1601
1601
1597
2488
1007
2149
1439
1024
1887
1560
1615
920
2022
2149
1442
1356
1004
1676
1680
1416
1976
1803
1308
2170
2526
1818
1844
1511
1373
2163
1515
2400
1282
1892
1908
1297
1893
2138
2304
2079
1242
1390
1838
1459
1630
1619
1169
1447
1874
1548
1002
1437
1231
2515
862
1554
2131
685
984
2374
968
1721
1777
1542
2270
1564
1358
2357
1844
1399
2133
1887
1648
1784
1359
1129
1642
2374
1138
1411
1120
1413
1291
1762
999
1310
1632
1729
2559
1766
1746
1195
1323
2059
1470
834
1163
772
1640
816
1558
1366
2180
1371
1590
1698
1803
2235
2159
1293
1791
1230
1432
1716
1644
1045
1274
1168
1003
1485
1381
1729
1707
1644
2222
1859
2269
2286
1853
1771
2250
1929
2037
1440
2481
1635
928
1277
1541
1872
1538
965
1467
1988
922
614
1148
1735
1635
1199
1017
1056
1373
2438
1787
1621
1669
1009
1744
1939
1688
1133
2126
1029
1357
1101
1073
1930
2197
953
1468
1404
1484
1692
2084
842
2047
1675
2102
2422
2061
1535
1667
1520
1118
1504
1944
1649
1046
1318
2308
1620
1020
1886
1567
1061
2129
1148
1424
1137
802
1060
1265
1075
1490
1754
1445
1870
1573
1808
1220
2158
1584
1469
1397
1204
1434
964
1537
1957
1959
2038
1105
2031
1516
1266
1363
896
2274
1518
983
1039
1653
1454
691
1749
2327
784
1133
1399
1049
1452
1957
1371
1708
1457
1361
1341
758
583
2389
1572
1294
1246
1129
2013
1563
1183
1410
1668
1714
1800
1781
1060
1301
1356
1519
964
2062
1429
1806
1454
2119
1464
1626
1815
1446
1254
1331
1552
1868
1495
1815
1396
2421
2086
1149
1647
1460
1334
2255
2408
1430
1996
1506
698
767
1811
653
1123
1350
1629
1429
1131
1406
2454
1189
2375
2232
1331
1646
1785
1538
1765
1158
1125
1563
1555
2271
2092
1646
1687
1744
1479
1948
1996
1434
1571
1377
1643
823
1427
1904
1846
1470
1445
1585
1304
1690
902
2057
1931
1303
1151
975
1658
1819
1184
1091
2028
1147
1597
1948
1303
1944
1775
974
1130
2115
1621
1358
1521
1587
1844
1639
1659
1241
2015
1439
1834
1323
1294
1381
792
1225
1921
1869
1569
1155
2165
2117
1898
1039
1757
2129
1632
1917
1551
1144
1800
2092
990
1234
1924
601
1355
1279
1741
2308
1163
1886
2201
1353
1486
1948
1717
2020
1993
1456
1663
1670
1973
2170
1883
1018
650
2098
1691
2184
1712
2366
2126
1657
1629
755
1582
2296
1270
2580
632
1753
1787
1284
1465
976
937
1886
1641
1923
1865
1481
1666
1668
2504
1190
1623
1459
873
2234
1036
1013
2109
1249
1750
1543
1871
921
1976
1116
1395
1269
1789
1217
1477
1087
1617
1230
1221
1279
1187
1574
1740
2314
1736
1700
1484
1448
1455
839
1956
1516
935
1631
1745
1886
1007
1173
1084
1020
2034
1670
2435
1346
1186
1699
1427
1158
1893
1062
1312
1716
2122
1670
1236
1211
1525
1314
1887
1867
1633
1299
2272
2432
1933
2199
1508
2274
1225
2444
1395
1153
1935
1868
1305
1354
1617
1692
1492
1891
2136
2096
1556
1983
1865
2242
2504
1108
762
2048
586
2121
1544
2400
1209
1287
2163
1150
711
1064
1297
1597
1290
2148
1547
1094
2241
2030
793
1734
1554
1288
640
1804
1651
1682
1475
2354
1706
1041
2044
1590
1593
1615
1588
1526
1585
1407
2545
1453
1303
1205
1598
1383
1263
1921
1751
1877
1528
2121
1496
1156
1176
1262
1427
1323
1525
1555
1400
1404
1621
1880
1838
1821
1881
1603
1867
1864
997
1486
1980
1420
813
1289
1629
1875
1089
1763
1555
1033
1453
1606
1406
1395
2093
1754
1908
1273
2119
1229
1475
2338
1160
1737
1189
1327
2259
1412
2402
658
678
2052
1543
1307
892
1670
1807
2134
1877
1370
1244
1196
1961
1399
1990
1390
2421
1319
1469
1222
1406
1559
1355
1604
2078
976
1672
1406
1466
1214
2305
1857
1445
1105
1309
1867
1798
1573
1564
1055
2207
1268
1810
1531
1752
2058
1911
1364
2027
1099
2170
1450
1833
944
1968
1721
2099
1540
1268
1868
1037
1509
1355
2404
1415
1897
1110
1920
1179
1865
1340
1439
1515
1558
1492
1677
1998
1510
2442
1721
2202
699
1503
868
838
2247
1473
1514
2274
2071
1380
1472
1513
1182
1094
1123
1248
1552
1944
1683
2014
2213
1540
2091
1497
1589
925
1733
1577
1770
1382
1664
1269
1396
1516
1476
1289
940
1770
1885
1471
1947
1386
1536
2042
1668
1536
1354
1617
1731
869
2056
1447
1502
1936
1388
692
580
2123
1308
1405
2008
1804
1899
1256
2029
1687
1356
1719
1891
1317
1852
1492
1105
2116
1549
816
1983
612
1678
1982
1188
1559
1636
1860
1187
1135
1050
2160
2501
725
985
1631
1354
1472
1566
924
909
1894
1893
1940
1467
592
1563
1520
1364
863
2435
2309
887
1327
1796
1805
1799
1571
1967
861
1382
2007
1393
1259
1850
2473
807
2478
1956
1946
1221
1460
1155
787
2013
1836
1605
1650
2086
2409
1183
1219
1505
1175
1840
1357
1234
1052
1487
1943
1348
1459
1403
2553
1789
2047
1182
1822
1096
2312
1256
1671
1878
1876
1233
1757
1310
2064
1447
1325
692
1624
2221
1081
1539
1890
1508
1657
902
1158
2162
1481
2089
1590
1979
1755
1307
2083
1262
1186
1537
2259
1231
1648
1803
1390
1861
1995
2009
1662
752
1742
1587
1265
1309
1154
1347
824
1786
859
1621
752
1782
1765
1729
1853
872
832
2424
2379
942
1610
2220
2205
1636
1736
711
1060
1046
846
2070
2341
1022
694
2484
1458
1434
750
1785
1476
1469
1505
1964
1536
1720
714
1931
1246
1282
1678
1076
1861
1589
974
1324
1902
1003
1322
2268
1268
1728
1342
1695
1350
1862
2047
1605
889
897
2082
1859
1476
1617
1175
1691
1575
1695
2336
2031
1131
2047
1994
631
2140
1671
1831
2201
1875
1143
2029
1051
748
2394
1478
1757
1401
2178
1627
2543
1037
1766
780
1522
738
1104
1794
2181
1226
1423
2191
945
1244
1017
1662
951
2053
1965
1798
1627
1888
1063
1697
1032
1548
1815
2315
2434
1168
1682
1667
1203
1848
1313
2124
2144
2186
1888
1206
1604
2063
1502
1077
1278
1777
1127
1708
1502
1764
718
2245
1797
2166
1994
1744
1411
2222
1633
1574
1318
1305
1936
1362
1564
2018
1681
1419
1557
2214
1728
741
2223
825
1494
833
1293
1178
1839
1767
2252
1704
1931
1374
1442
1737
760
2176
1555
864
913
1740
876
1732
1170
1253
1853
1300
1655
2114
2286
930
1457
815
2057
2247
2045
909
2183
1527
1989
2077
1860
1775
1835
1406
1381
2368
1389
1560
1913
2125
2337
768
1454
1974
1978
2283
798
1383
2355
1505
1565
1421
1280
1394
686
1398
1919
1511
1857
643
2305
1760
1383
931
1537
2031
1733
1191
1855
2000
1005
1402
1410
1421
1668
1872
2031
1244
1808
1951
1345
1093
2085
1181
1521
1091
1320
1422
2089
1219
1852
2079
1797
2081
1804
1318
1336
2019
2339
1456
1517
2350
1863
1501
1702
2189
1638
1246
1580
1136
1137
1129
1614
1902
1748
1025
1466
1922
1794
1429
1364
973
1950
1262
1288
1300
1123
1777
2024
1533
2281
2120
1603
1945
1695
1534
880
1524
849
1858
1781
888
2250
1630
1709
2134
1674
1569
1553
1529
1344
1384
1443
1497
1150
1906
1594
857
1795
1914
1336
1908
2230
1715
2242
1314
2502
1629
1857
2469
1407
1233
1819
1858
1513
1342
2300
1009
1329
1643
2138
1677
1916
876
1843
1905
1963
1927
1969
771
2036
1821
1257
1772
2099
2023
1333
1548
1889
1207
2294
2316
1508
1740
1656
1683
2200
712
1150
1265
1020
996
2335
1392
1689
2246
2025
2143
2011
1719
1475
691
1031
1501
1728
1848
1060
1411
1486
1576
1534
2254
1453
1928
1902
1772
1825
2123
2249
1793
1114
2101
1549
1454
2037
1471
616
1364
1523
1751
1213
1180
2457
1003
1026
828
1038
944
1738
1402
1813
1499
1147
1479
1803
1818
1628
2090
1609
1722
1550
1128
2430
1539
988
763
1583
1987
1869
1507
1592
2240
1257
2522
870
2044
1798
879
2105
1898
1808
2038
1333
1769
1566
1166
1215
1335
1632
1300
1289
895
2161
1406
1192
2562
1446
1686
2122
1682
1682
1660
2296
1538
2055
1581
2144
2012
920
2004
1641
1998
1406
1255
2353
1288
2089
2074
2034
2155
1450
1915
2618
1358
1394
1993
832
1378
709
868
1377
2209
1052
709
644
1755
1323
1664
1972
1285
1229
1649
1504
1380
1738
2150
1217
1571
1249
1476
2305
1036
1723
1902
1049
1866
1872
2071
1420
1481
764
1640
1734
1187
2154
2030
1749
1236
1398
1554
1218
1692
1413
1378
1064
2133
1118
1841
1527
1095
1651
1805
801
1271
1483
1298
1888
1662
1111
1690
1603
1880
1347
1481
1575
1727
970
970
1774
936
2135
1015
2441
1382
1578
996
2294
1409
1080
1323
1270
1759
1902
1232
1552
1982
1968
1163
1245
1383
1520
2130
1921
1511
914
1718
1337
1869
2467
1190
1378
1203
1764
1185
1815
1226
1320
1045
1682
1477
1905
1723
632
1563
1831
623
1373
1287
1717
1046
1175
1511
1886
1298
1563
1732
2027
1721
859
1671
1811
1156
1621
1900
2065
2198
1070
2219
1962
600
1171
1746
1561
1778
1801
2000
1990
997
1312
2080
1064
1629
1652
1700
1026
948
2161
1327
2331
790
1712
1650
1979
1394
2098
2066
1483
1843
1463
2141
938
1536
1831
1877
1791
1585
1005
880
1561
1859
1953
2072
1923
934
2003
1502
1098
1346
1106
1297
1888
995
1685
1824
1331
1191
1543
1530
1640
1433
935
1086
1387
1267
1083
1100
1145
1853
1701
888
1787
1261
1867
1184
848
1240
1950
2174
1787
2247
1295
2008
1065
1793
1180
1897
1379
2119
1334
1806
1860
934
2331
1918
2075
1587
1455
1533
1071
1942
2497
1940
1653
1447
716
1168
1875
750
1056
1036
1989
903
1292
1598
1899
1280
1610
724
1830
1930
1490
2531
1289
846
1366
2024
1559
1016
2384
612
758
1982
1575
2071
1643
1260
1282
1178
1750
1582
966
1984
1995
1093
1490
1353
1850
1770
947
1952
1682
1762
2066
1974
1386
794
1529
1094
1165
1286
1020
1510
1096
1601
1830
1055
2117
2169
1865
1321
1550
1350
1738
1573
852
1225
1369
712
2106
968
1556
2159
1780
1561
1972
1959
2498
1783
1077
1318
1814
1389
1449
1993
1312
1269
2232
1803
1728
1131
1262
1509
1777
1630
2233
1633
2332
1640
789
1937
1344
875
1726
646
894
853
1302
1384
1666
1538
972
1231
1507
2003
2027
1257
1385
1347
909
1592
964
2357
1023
2116
717
1413
1501
1360
1349
1800
816
706
1532
1839
901
1581
1228
1851
1806
924
1378
2211
1371
1770
1304
2281
1381
1283
1670
1004
1459
1754
1397
1858
1809
1572
943
1372
2112
1715
2145
674
1250
1512
887
1927
1727
1729
2072
1327
2240
1454
1564
1215
704
1354
1569
1738
2192
1275
2026
1459
848
1697
1981
1585
1689
1378
1667
2303
2014
1251
1869
1288
1603
1904
746
1581
661
1433
1328
2008
2212
1916
2279
1041
1525
1504
1025
1056
1302
1239
2323
1329
1485
841
791
1293
2160
1201
1768
2002
1284
1132
1018
2085
1385
1525
1759
1587
1577
1178
2420
1694
1963
1943
1387
1386
1122
1590
1095
1103
1130
1868
1630
1820
2079
2062
1647
1597
1429
1950
1470
1956
889
753
2057
2227
1840
2090
1269
877
1539
1462
1811
1508
1594
1097
1244
1463
2006
1161
1967
902
1655
1102
1444
1849
1251
1543
696
658
1026
1840
1469
1560
2444
1392
827
1940
1967
1453
2038
2034
1830
1661
1607
1764
2289
1877
1798
1982
2340
1709
1895
2104
2081
2278
951
1397
986
1406
1821
1356
1619
563
852
1653
958
1408
1545
1997
1916
1484
683
1388
1820
2399
1508
2121
876
1623
1211
1947
2099
2168
811
1030
941
1757
2527
1604
2082
1632
1576
2004
1723
941
2073
1799
1478
1318
2231
1475
1380
1331
1921
1739
2491
1404
1535
1361
1781
2495
1174
1549
1573
1104
1658
1352
1326
1061
1249
1270
1820
1357
1427
2141
1747
1809
1387
1841
1763
1154
1690
1784
1819
1543
1493
1560
1923
825
1667
1567
1433
1572
1232
1918
1017
1312
1168
2305
2539
2060
1625
1084
1202
1418
1528
1759
1062
2427
2119
1365
1199
1902
1446
1528
1316
1570
1186
2256
1847
2307
1575
2237
1018
1334
2111
884
932
1499
1668
1451
2058
2037
2068
1853
1322
1244
1802
970
1392
1092
1155
1802
1957
1054
1979
911
1385
934
2334
1718
1216
1571
1795
1418
1739
1089
1513
1665
1590
2173
1166
2136
1688
1824
1457
2441
1446
2374
783
1377
2116
1192
1919
2016
2232
1159
1567
2125
1446
2393
1039
1383
1016
1110
1211
1630
1086
903
2014
1596
1818
1713
2102
1154
1817
1749
1257
1661
1370
2070
1338
1383
1397
1975
1651
637
1158
2206
1867
2514
1217
1809
1257
2066
1726
634
1511
857
564
2054
1012
1487
1858
1593
1119
1723
1407
1428
1655
1485
1702
2056
1911
2239
1128
1895
2399
1733
1360
1647
1626
1352
2259
929
1819
1032
1462
1046
1831
2009
1730
861
1517
1064
1395
1603
1123
2089
1570
1275
1646
1985
1349
1926
1812
1314
1361
550
688
1468
1673
1316
1636
1415
1518
1456
1525
941
1471
860
1385
1376
611
2140
1718
1345
1848
1953
2417
1628
1094
1227
1435
636
1776
1915
1317
2053
1584
1677
1568
2045
1884
2178
1901
2223
2346
2342
1213
1175
1254
982
1078
1627
1241
1761
633
2318
1255
1242
1387
1389
1923
1687
1471
1153
1188
1496
950
2038
2002
2376
1861
1548
1537
1669
1241
1082
1388
1561
2271
822
1525
683
1437
1241
1813
1708
1736
2449
2104
1993
1222
1795
1836
1676
1133
1079
1718
1801
1743
2109
1436
1132
1293
1911
1902
1490
2007
754
2168
879
1234
648
1395
2281
1433
1980
1470
1201
1684
1197
1668
1441
2044
1674
1648
1327
2050
1697
1620
1344
1851
1268
2204
1307
1223
1163
1772
1226
1971
1920
1621
1664
2046
1014
1173
1284
1606
1799
1734
1283
1310
1735
1171
1115
2238
1856
1388
1541
908
885
2160
2496
2089
1548
1065
1445
1381
1701
695
1426
1699
1842
1562
1867
1013
1880
762
960
1744
1268
1616
1655
1733
1632
1999
912
1479
1608
1924
1557
2055
1673
1703
1644
1494
1377
1577
785
1069
1913
1644
1759
1125
1466
1683
1791
1207
1451
1598
1018
1610
1741
1934
1604
1843
1771
1646
1256
1424
1495
861
2332
961
1389
2033
1430
2353
1675
1214
1371
1825
1013
2108
1588
1026
1900
928
1410
1389
956
612
1912
2150
941
2158
1922
2083
1361
1507
2242
2310
1009
1561
897
1180
2027
1250
1848
1785
1461
1155
1460
1310
2237
1209
1925
1068
1691
1469
2254
2042
1915
1293
1950
1850
1295
1156
1185
1305
2091
951
1715
1884
1795
1195
2063
1067
1487
1951
1550
1305
1836
2175
1385
845
2576
1811
1523
2070
1113
2009
1982
2046
1722
1819
2062
1698
1148
2039
1447
2383
1828
1486
918
2071
1175
1302
1861
740
2392
1862
1600
1408
2187
1487
1648
1799
1048
1283
1152
1335
2326
989
1662
2351
1830
1619
1566
1977
1833
1517
1151
1396
2232
1513
856
1095
1827
1424
1997
2213
1709
1275
1448
1736
1381
1739
2266
2469
1681
2215
1352
1663
1959
1558
2003
1528
1966
2070
1005
1609
1813
2080
1626
2118
1616
1461
2131
698
1998
1937
1382
1284
1442
1614
1667
1594
1636
1421
1744
1419
1371
1306
1459
790
1180
2275
1976
996
1698
1076
1902
1652
2019
1021
717
1769
2497
1647
1519
2060
1567
960
1298
1849
1097
1739
1922
1096
903
1637
1593
1544
768
1710
1362
1420
1263
2119
1043
1951
2256
1510
1522
1531
627
1349
1439
1452
1614
943
1657
1086
2062
1845
1125
1752
2147
1856
1799
2298
1440
2179
980
1278
1664
1700
1645
1116
1441
1276
912
1384
1064
1460
1172
807
1897
1316
1907
2411
1304
1721
1296
2306
1793
1517
1846
1260
1841
2347
1381
1797
1115
2313
1070
1600
1899
1725
895
1189
1948
1449
2214
1123
1132
1579
803
1698
2305
1742
1815
1594
1066
1665
1710
1175
821
1424
1267
1443
1391
986
1923
1402
1916
1395
1095
2099
997
1965
2050
1815
1543
2021
1622
1968
943
1281
1329
1570
1618
1559
1378
1906
1947
1888
1310
1332
1408
1716
1024
1515
1569
2302
987
1832
2177
1164
953
1951
2087
1071
1310
1883
1712
1368
1712
925
1318
1761
2470
1789
1376
2003
2033
1647
1603
741
1332
2062
2011
2339
1433
822
1634
1212
762
2140
1580
1044
1645
2355
560
1470
2573
1331
1690
1708
1763
1050
2108
1851
1247
1415
1600
1126
1648
2349
651
1880
1579
1940
1565
1334
1731
859
1828
2168
1959
1877
1419
1251
1038
1166
1954
1626
1259
1483
1769
2113
1720
1669
1813
1079
2486
1210
1451
2333
1412
1038
2103
1385
2045
1258
1248
1639
1080
2213
2468
1698
1665
1978
1362
1246
1361
769
2083
2049
1871
2035
1511
1859
1734
1661
1318
1803
1041
1327
746
1441
2407
1502
974
1565
1074
1982
766
2232
2191
1912
1574
993
1479
899
1701
1396
2426
814
1392
1480
1457
1214
2387
1937
966
831
2330
1239
1653
1667
1307
1559
1577
1514
1623
1591
1909
1277
1140
1359
1648
1286
1437
1868
1170
1697
2466
1813
1564
1500
1040
969
1641
2273
1174
1838
1746
1706
2180
1663
2220
2136
1203
764
2118
1324
1701
1637
1746
1352
1466
1339
1028
1571
2217
1185
883
1671
2246
1266
2214
1348
901
1824
983
1122
1477
1549
1742
1690
2279
1243
1609
1248
898
1917
2382
2312
1303
2401
1010
959
1528
1878
2085
2267
1456
2271
1740
2157
1957
1519
1534
1533
2490
1327
2020
2103
1600
1796
957
1595
1444
2139
833
699
1587
1720
1696
2100
1268
1947
1163
2454
2044
910
1434
1465
1228
1942
2125
1079
2405
1640
1586
1740
1670
1537
1685
1513
718
1533
1976
1732
1984
1712
1755
2028
1202
1768
1475
2096
865
1999
1548
2471
1545
1816
1260
2274
1375
1677
890
2319
2263
1723
868
1084
1269
1454
1295
1667
1174
2509
1205
2280
1888
1922
1198
1882
1539
1269
1493
1808
1174
1791
2136
1636
950
2448
774
1898
2110
1547
1954
2200
1169
1460
1386
1120
1523
1242
1177
1281
1147
2145
2383
2240
1620
1913
1979
1744
1894
1681
1967
1502
1594
1028
1224
1301
1725
1724
1457
985
1915
1039
1471
1325
1538
1918
1554
1945
1671
1799
1503
1170
1388
1912
2301
1952
2333
1285
1234
2533
1078
1755
842
705
1744
1568
951
1678
730
936
1999
1349
1515
681
741
1728
1719
1314
1957
2000
1094
1858
1999
1941
1304
1974
688
2101
1371
1818
1915
2193
2295
785
1372
1589
1695
1610
1754
1608
1206
1824
1361
1665
1720
1609
1345
813
1599
1134
1933
1927
1141
1027
1813
1841
1031
976
1778
808
1792
1912
1009
2439
1454
909
1399
1659
1444
1092
1445
1511
1422
1717
1177
1154
1680
1436
1816
1565
1746
1484
1906
2066
1416
1809
1153
1516
1239
1779
913
902
2145
1250
1846
1275
1521
1495
1295
1117
1618
1301
1678
1838
1918
1643
1309
1376
1725
1422
1104
1056
1240
1531
1287
920
1122
1125
1588
697
2180
1838
1660
2220
938
1733
1253
1649
1964
2174
2052
1568
1452
1194
975
1522
1958
1424
1504
1431
1124
1822
1375
2124
1500
842
1701
1067
2113
1457
1489
1550
1596
1878
1379
1392
1703
1484
1430
1334
2229
848
1552
1384
2521
1682
980
1947
1872
1861
1555
2070
1626
1074
1917
1487
1482
1724
1766
1558
1182
1334
1820
2269
762
1528
1927
1545
775
2011
2280
2044
1887
1193
2137
940
2047
1647
884
825
1687
1948
2336
1789
2187
1311
888
2168
1421
1139
1890
751
1603
1912
2048
1379
1304
2368
2176
1338
1876
909
1093
1840
2529
1819
916
1386
1376
1386
1158
1400
1724
941
1422
1658
2018
1526
2249
1865
1417
2009
1189
1035
1701
1529
1816
1130
2227
1559
1629
2318
1248
944
802
1688
1177
1633
859
2066
1028
1338
1569
1372
1218
1297
748
1680
2346
2285
2081
1588
1986
1785
1734
1237
1816
1753
2208
1588
2317
2015
1250
930
1282
1926
2378
1749
1725
1174
2311
1845
934
1729
2148
750
1499
1545
1127
1336
1357
1695
1129
1122
1048
1022
1949
1384
1470
1442
1536
1198
1819
1429
1874
1951
1150
1310
738
1392
1789
1218
1142
866
1440
2017
2583
1731
1532
1123
1398
1930
1466
1986
1498
1395
1720
1221
1429
2125
1865
1579
1169
871
1765
1899
1218
1171
1225
676
1668
1653
1442
1018
1655
1778
1459
1201
1130
1022
1397
1721
1079
1273
1935
1878
1591
1987
2190
2546
1219
1871
1582
1634
2202
1091
1041
1639
1640
1389
2372
1687
1896
689
1984
2073
2391
1865
1040
1130
1733
1052
1422
2006
1580
1912
1399
1222
1088
1369
1889
910
1199
1619
1962
648
2313
1523
1919
2177
1851
1541
1542
1975
1049
1471
593
1506
1373
1758
2037
1724
2008
1373
828
2153
2419
1316
1701
1922
744
1036
2502
1697
907
2097
1148
1879
967
2469
1855
1132
1661
1487
1401
714
1576
1675
1802
1591
1620
2355
1531
1546
1163
1110
2057
1743
1325
1830
1161
1885
1224
1672
1355
1570
2337
2096
2224
1579
1970
1788
1743
1433
1878
1499
1071
1701
1509
1535
1038
1806
2088
889
1200
1554
2041
1127
2026
2093
2017
1718
1125
1744
1278
1201
1422
1095
1691
1701
1022
1282
1974
1636
2007
2040
1522
1151
1373
1742
709
1947
1325
1542
711
1666
2058
1745
1282
1516
1741
1689
914
1828
762
1852
2235
1452
2016
1887
1586
932
1315
2232
2095
1614
2396
1140
1204
2169
1353
2395
1538
1630
1465
1398
1042
1661
2070
2431
1980
1987
2210
2458
1364
2115
2153
1060
1834
1326
1613
2416
1852
1592
1935
993
1524
2078
1507
1587
1548
1966
2270
1314
1004
1766
1915
1792
2165
2227
1129
2252
1663
1202
1500
1280
1699
1152
1156
1143
1613
980
1687
1586
1130
1931
1319
2388
1703
2003
1563
1592
1553
1990
1309
1819
879
1549
1583
1679
917
1270
1028
1820
974
1885
1477
1976
1334
750
964
549
1111
2248
2188
1454
1402
657
1689
1500
1989
1213
1428
1595
1655
1343
1160
1693
1824
2037
2316
2162
1085
1783
1631
1242
1359
1457
1883
1817
1110
1691
971
1987
1512
1553
1282
829
1065
1991
1251
1784
1767
1892
1235
2074
1681
890
1656
2411
1843
1402
1654
1771
2385
2051
1591
2560
2218
2112
2172
1668
1418
1395
2253
1378
2237
1763
1172
1854
1917
1075
1779
2270
1934
1677
1692
1168
2412
1570
2253
1669
1558
720
2079
1633
1569
1543
1614
1733
1913
1059
1470
1905
1971
1832
1773
1700
2018
1943
1627
1711
1632
1219
1054
2160
1552
1270
1902
1528
1742
1750
1646
1752
1472
1861
1105
1863
873
1571
2174
1755
1171
944
1694
1733
1728
1474
1671
775
1993
1870
1292
1744
1368
1884
1651
1671
1366
1481
855
2542
1638
1155
1830
1297
683
1500
1548
1093
1147
1503
857
694
1996
1477
1379
1296
1891
1826
1155
1770
1019
1596
1543
1649
1942
1053
1340
1667
1310
1409
1244
1400
2199
1235
1452
1678
1738
1638
1725
834
1968
1216
2097
1435
1926
1823
1923
1454
1584
1250
1146
1800
1971
1450
2254
1118
1529
2399
1793
1272
2033
2099
1420
1372
1809
1078
1746
1584
2239
2046
773
1513
1654
1135
1697
2347
1681
1402
2305
884
1671
1941
922
1988
1320
1403
1603
1889
1464
1039
1958
2302
1261
1802
1169
1322
1296
1502
1821
1675
1603
1641
1343
1598
1142
1159
1326
2192
1431
1237
1850
1283
2102
2121
1584
1931
1750
1431
671
1538
1468
1396
1650
1234
2478
1905
886
1689
893
1848
981
1112
1577
2038
2428
1882
1554
1988
1557
1864
1134
1304
817
1350
1538
1117
946
2146
1698
753
1519
1500
2406
1919
1948
1787
1692
1162
1148
1818
868
1512
2261
1173
1280
1363
1961
960
1780
1348
678
761
652
1869
2050
1472
1251
1499
1892
1323
1370
1410
1163
1939
1120
1257
1088
1600
2316
1272
2269
1855
2041
1352
1405
1431
1525
1701
1527
768
1802
1316
2008
2181
1697
1909
1784
2101
766
1836
969
2029
1097
1808
1786
1479
1588
1377
1201
1526
1470
2448
1585
2339
736
1042
2406
2466
1545
1884
1988
1921
1067
996
2122
1813
1122
2429
1484
1163
1809
1220
2191
1826
1144
588
1298
1332
1816
996
1166
812
1993
1892
1872
1621
2484
2357
1411
2272
1123
1963
879
938
1805
1617
1617
1270
2272
1026
1475
1910
1492
2579
1532
1763
2237
1584
1831
1078
1553
1200
1126
1501
1712
1146
1263
1863
1747
1816
1714
1362
1418
702
1467
1408
2108
1398
1976
2530
1730
1149
833
1932
1830
994
1572
2498
1577
1030
1679
1887
1807
1393
746
2214
1426
1528
1685
1237
1580
960
1632
1868
1339
1987
1788
1044
1376
1409
1988
847
1122
1608
2127
1977
968
802
2235
1753
1464
1329
1500
1480
1797
1423
700
1868
2326
1077
1325
2102
1262
2164
1720
1930
1816
2298
579
1694
2014
1700
2188
1088
1040
1030
1851
1403
1654
1306
1838
2106
1774
687
1854
1378
1746
1829
2422
1555
1711
1656
1830
1212
2031
883
1687
2058
1585
1159
2441
1306
1035
2320
1583
951
1198
1290
1052
1384
1149
1434
1059
1182
1000
1990
1258
1672
1303
2186
1048
1949
1247
812
837
1429
1590
1311
1541
1309
1884
1440
2147
1104
1756
1766
1298
1540
957
1613
2309
2237
2121
2284
1752
1034
1660
1117
1787
1056
668
961
2120
1353
1210
1900
841
1922
2000
1633
1771
2061
1421
1976
1755
1346
2328
1349
1864
1443
1728
2361
1543
1741
1763
1153
1499
1727
1053
1478
2215
1372
2382
1833
1874
1731
1401
1709
1976
1604
1740
2498
1653
1546
1001
734
2184
995
868
2447
1603
1268
1946
1093
1490
1458
1562
767
1605
1579
1649
1503
1809
945
761
1965
1185
1757
2103
2231
1462
1308
2157
1867
1449
2299
964
1418
2022
2049
1599
2458
1211
702
1901
1153
1799
2130
1900
1562
1702
2157
2039
1550
1591
1754
1426
1298
2147
1824
1484
2138
1561
1346
1450
788
1582
1304
1611
1716
1645
1198
1506
2144
1344
573
1778
1673
1230
1673
2081
1611
1735
1179
1457
1014
1857
1056
1914
2230
1323
2097
1946
1320
2112
1218
2501
1532
1865
1343
1741
1724
1775
1630
776
2497
688
1085
1506
1361
1431
2246
661
1348
1271
1833
1248
1695
2138
1445
2015
2042
1624
1775
875
1485
1482
1422
2483
2257
946
1265
1194
1176
2305
1443
1223
1797
1651
1217
1648
1519
681
1879
1177
1442
1373
1836
1562
1443
1473
1856
1928
1046
1703
1463
1528
1226
865
1779
1399
1648
1454
1396
2238
1268
2277
1572
1156
936
811
2028
2019
1397
643
1724
2233
1231
2010
1906
1528
1396
949
1551
946
1920
2049
2020
963
1260
1544
1639
1588
1673
1005
1700
1426
2245
894
1425
1321
1527
1291
886
1950
1280
1364
1355
1783
829
1359
953
1049
1571
1769
1195
1450
2328
1865
1230
1160
2315
627
2153
1433
1565
2020
1726
1330
1240
1261
1349
1163
1363
2443
2120
1422
1498
1529
1903
2098
1912
1593
1941
1541
1004
1499
2208
1712
630
1982
772
1487
1485
1495
2140
1878
1771
1394
2221
1407
2356
1913
2056
1572
1772
1695
1023
2203
1364
2198
1205
2266
1682
1150
2303
2122
1694
1559
1975
1908
1473
2091
1697
2354
916
963
1598
2529
1006
2126
1950
1333
2185
1491
1641
1676
1096
1726
1271
1339
1605
594
1911
1734
1300
1569
2355
1216
2161
854
1095
1728
2145
1538
1417
1617
2046
1089
1753
1644
1979
1114
2531
1180
1601
1543
1372
2145
1112
1185
1277
1178
2134
2134
1614
623
2044
1843
1945
2105
2280
1534
1522
1787
1581
692
1341
981
1492
1693
1642
2182
2575
2216
956
2155
1899
1715
1826
2377
1705
1810
1877
1992
1772
1425
2117
1717
2492
1681
1814
988
1790
1114
2190
1655
1851
1447
1679
1002
1526
1580
1203
1215
1565
1239
1858
1216
1500
960
1618
1671
1558
2266
1039
1495
1585
2052
1324
2066
2008
2370
1365
605
1734
1560
1498
1445
1068
1466
1659
1622
1395
1668
1226
2091
1566
2618
1585
1842
1755
1644
1159
1524
2418
1096
1659
724
1068
1658
1953
1719
2262
1637
1924
1470
1493
1226
2215
1839
1525
858
2336
1955
1016
2069
1905
1839
1330
1458
1062
2050
2034
2148
1852
2009
696
1625
2377
684
1459
1606
1099
1354
1430
1664
905
1483
1172
982
964
1491
1508
2133
2105
819
1767
1075
1396
2019
1190
1936
1541
1627
1047
1242
2147
1122
1679
2008
1260
1818
2272
1824
1502
2153
2163
1576
1938
1198
1135
1121
1595
818
2158
1127
1774
1385
1348
1201
1947
1799
1949
1755
1784
1744
1325
1555
1879
1640
819
1892
1771
1135
1109
1786
1586
1568
1252
1442
1074
996
1331
775
891
1283
1437
1829
1110
1365
2355
1779
947
1406
1899
1387
1525
838
1578
1654
2120
1331
1127
1556
1888
644
2389
1347
1429
2046
2197
1541
1255
1796
1081
1843
1039
2212
1386
1676
1372
1509
890
900
1675
1752
2075
2142
1879
2446
1333
1832
1887
1863
1213
2249
649
1604
1865
2295
1910
1613
941
2395
1220
2524
1010
1795
807
2149
2117
1766
2174
1118
1710
1496
2063
1525
1844
2256
1414
1984
2044
2091
2207
1663
1893
1846
1933
1581
1692
2357
1477
2305
1548
1120
1348
735
836
1979
2207
2139
757
1438
1402
2085
2372
2171
946
1155
1122
1352
1096
2335
1854
1251
2095
1388
861
2006
1828
1180
1561
1400
1732
1949
1718
1685
1758
776
1904
1175
1504
1563
1704
1747
1879
2216
913
2340
1746
934
2153
772
921
1716
1722
1693
1554
1528
1274
1972
1599
691
2016
1568
1951
896
1310
1697
1770
1744
1528
1069
1420
1434
1358
1409
1643
2529
1595
2121
1295
1855
1588
1743
1196
1944
1713
2033
2386
2016
1223
1385
1106
1817
1878
1525
2322
1303
962
971
760
1628
2114
2271
1086
1326
2269
1556
1899
1847
1178
1892
1366
1613
1596
1658
2041
1791
1476
1351
1541
1787
1610
1085
1877
2474
1712
821
1171
2295
1699
1107
1428
1855
1915
1879
2456
1429
1885
860
1440
1262
1846
1689
2437
2173
1500
1637
568
1415
1355
2471
2328
1879
1173
1437
1356
1593
1391
2066
1166
1427
884
1524
1345
1486
1572
988
1976
914
1493
1335
1755
1892
871
1959
1096
1593
1556
1731
1799
2200
852
1316
1935
1629
2221
1022
2374
2140
2306
1526
1897
1611
2149
1361
948
1014
1906
1385
1107
1752
1149
1539
1476
2358
2153
2264
1605
1766
1057
1504
2328
864
948
1952
1367
1441
1598
1962
1862
1093
1188
2400
2403
1212
1371
1015
1624
1661
1244
1744
2075
1682
1703
2014
1373
1412
1752
2217
1659
1693
1454
1901
1343
1716
1614
1720
2043
1454
1215
1214
988
1019
1601
1454
1596
1230
2262
1230
1647
932
1461
2381
2386
1611
771
1266
1277
1855
1733
1902
2424
1716
1560
793
918
2440
2007
1191
1168
1771
869
1938
1010
1552
1267
1406
2017
1936
1334
982
1893
1955
1800
867
1097
2360
1434
1597
2117
1972
2115
2376
2104
1351
2513
1294
1155
1827
2116
2409
1827
1914
1413
1376
1175
833
1626
1332
1509
1492
1421
1752
1363
1936
1726
2412
1438
1447
1166
680
1514
974
1749
1593
922
2196
1930
1132
914
1840
2018
2189
1043
1106
1942
2155
2082
1716
1242
1743
1298
1195
2116
1243
630
580
1209
1860
2217
1661
1097
1717
1944
1539
875
1926
1375
1741
1976
1241
1398
1505
2260
1536
1352
939
1101
1754
1986
1479
1906
1457
2269
1086
1222
1424
1763
1313
2312
1754
1732
689
835
1697
1462
1901
1043
844
1615
2114
1188
1455
1458
1432
1148
2001
1417
1827
920
2104
1067
1696
2365
1639
1579
1681
1796
2307
1571
2294
1660
1721
1236
1470
1599
1459
1186
1495
2001
1750
1087
1520
2283
1044
947
790
1315
2107
1573
1426
1211
1647
1210
1681
1737
1073
1669
1471
2087
2187
1242
2307
1287
1396
1533
1623
1848
970
2141
1404
1894
1025
1989
856
834
1558
1715
2459
1358
1681
1002
1155
1184
1521
2311
1786
1805
1938
1908
1500
1243
1405
1565
1389
1244
1158
1807
2344
1407
1624
1131
1665
1465
1705
1252
2404
1173
1908
1962
1703
917
956
2147
2045
2280
774
1903
856
1301
1430
1318
1223
1935
1329
1254
1590
2333
1843
909
1911
883
1885
1775
1608
2375
1650
2251
1225
1120
1890
1617
1312
1214
1864
1714
1644
1632
1162
2160
1017
1833
2228
2264
1221
2388
1066
1651
1442
1742
958
1177
2183
1333
1660
2226
594
1370
791
1727
1991
1308
987
2175
908
1993
821
1433
2167
1628
1539
2030
1739
1585
798
1497
2314
1582
1024
1538
1897
2371
1617
1969
1526
1380
1400
2241
1428
1572
1533
2291
1515
1158
2151
974
1495
1873
1860
1951
716
1863
1778
1472
1925
1531
1327
751
2463
2202
1747
1398
1850
602
1155
1335
1762
1571
1205
1437
1228
1517
1301
1713
1064
1130
1493
2273
1956
1542
2460
1643
1415
1172
1329
1307
1005
1496
1156
946
1343
2487
1523
1611
854
2043
2000
883
1364
1409
1795
1827
1434
2050
1334
1521
2009
1543
767
1584
1220
2036
1554
1993
1321
1039
1190
1196
1392
771
1486
1187
1455
1516
1605
1801
1450
1186
1387
1279
1350
1064
1509
2012
942
800
2214
2320
2480
2421
1207
1984
2069
1490
1010
1602
1642
1610
2030
1887
1971
1486
1158
1618
980
1199
2025
1115
1756
1515
2009
1181
2080
1575
986
1302
1090
2208
1857
1741
1430
1745
1508
1702
1227
1283
1402
1554
1561
2101
1900
1443
1738
915
1056
1577
1757
1966
1337
2503
1821
1565
1665
1128
2086
1691
1547
1344
2325
777
1125
1846
1262
1709
1184
1823
1490
1829
2006
1909
701
1679
1929
1658
1356
1708
2201
1531
1395
1852
2154
1245
2201
1025
1416
1359
2613
1908
605
1223
1509
1136
889
1803
1721
2103
1708
2121
1679
1942
1671
2232
720
2140
1412
1544
1635
1557
1983
1389
1856
2001
1113
1486
1625
1435
1856
1953
1283
1107
1579
1200
1809
1118
1231
1769
998
1478
1411
1877
2295
1715
2013
2225
1354
1612
1976
1385
1065
803
1443
2303
1104
1908
1940
1850
1872
1162
2405
1785
1980
1474
2106
1874
1262
2521
1212
1039
1071
1493
2122
1965
1526
1795
956
867
1912
1535
1189
2204
1598
1692
1320
1141
1628
1081
1222
1459
1548
2056
1511
1051
1891
835
1292
1190
1310
1323
735
2420
1730
1829
1652
1007
935
1448
631
1608
1544
2335
1292
871
1467
2551
1377
1908
1381
1655
2576
2282
1713
1555
919
2305
2017
752
1388
1676
859
997
1681
1232
1264
2166
975
1131
1021
1107
2099
2082
2160
1550
1395
1500
1472
1328
1127
920
2057
1875
1565
1440
2335
1470
1156
1640
1735
921
1859
1772
1820
1676
1977
1717
1663
1718
1809
1183
1679
1315
1492
1745
1804
1497
1539
1240
1874
1103
1588
1307
1776
1664
1333
1568
2031
2019
1461
1061
899
1978
1883
1759
1450
2372
2097
2027
1332
1899
2273
1440
1559
1301
1162
2332
2201
1076
763
1087
1901
1668
1152
809
1553
2220
1331
1202
2049
1736
1518
1556
1344
1128
2011
689
1125
2028
2311
1857
2290
984
1631
2040
1098
1767
923
1513
1713
2120
1728
1533
2061
1297
2175
1240
1629
1984
1097
1612
1897
809
1175
903
1887
1482
1142
2030
1450
746
1877
1256
2173
1496
1750
2493
2176
1473
1308
1179
1948
1411
2317
732
1799
2211
1853
2187
1870
1274
2040
1511
2260
1765
739
2593
1659
1614
1114
1293
2357
1455
1404
577
2262
1270
2240
1545
905
2185
2410
1158
1378
1480
1265
1766
1500
1932
1549
1548
1894
1445
1140
1507
1589
1161
2278
1326
1029
1252
2419
1279
1871
1327
951
1240
950
1818
754
1168
1788
1917
1162
1224
2293
1307
1470
2179
1678
1709
2475
1467
1295
2070
2148
1701
1232
2156
820
1909
1515
1492
1561
2204
1473
1741
1999
1545
1921
1610
2022
671
849
852
1561
1430
1385
1795
1677
1529
1194
1508
1156
1037
997
1524
1992
1337
970
1423
1859
1519
2306
817
2153
2036
1753
1673
2116
1957
2078
1372
1468
1544
1216
2105
1192
1892
1533
1833
2263
1238
2180
1365
1521
1869
1503
2025
1463
1113
848
1536
2209
1703
1798
1258
1344
936
1248
2065
1400
1971
1322
1800
1877
1839
2226
1150
1329
1129
1602
1282
2095
2335
1874
1854
1421
1772
1306
1585
1359
1836
1583
1500
652
1474
1389
1511
1374
1623
816
1105
1305
746
978
2148
1241
1508
1303
1948
2142
2001
1681
1990
1364
1936
1503
1143
1994
1769
1156
729
1518
1903
1362
1975
1263
1488
1519
1922
1545
1382
1983
968
1101
1230
1004
1320
1542
1927
2414
1725
1564
786
1559
1266
1848
1531
1523
1558
1721
1513
986
1121
1189
2375
1784
1935
1502
1372
2183
1711
1232
1447
1416
1559
1256
2550
1438
1583
1574
1866
980
1884
2200
1540
1019
1226
674
1543
1482
2177
1857
1200
1661
1628
1486
2140
2046
1112
1505
1326
1722
1716
1424
925
1331
683
2098
1293
1679
2090
2531
1506
1648
971
1999
1399
1204
1629
1443
1427
1026
1928
1291
769
1258
1199
1808
1171
1540
1425
1450
1610
1835
1254
1509
1562
1314
1427
1954
1897
702
1164
1369
2149
907
1104
1568
1422
2108
1433
1365
2272
1419
1708
761
2422
1239
1796
2001
856
680
1047
1337
2491
1915
1923
1585
1556
2056
1951
1944
1759
971
1028
2344
1451
1495
1489
1094
1372
2157
1513
2085
2148
2054
1765
1715
1288
1231
1095
1321
1864
743
1763
1727
1117
1911
1706
1719
2077
1163
1653
923
1454
888
1710
1485
2580
1582
1576
1273
1289
1594
1118
1055
1270
1409
1473
2304
1319
2342
1611
1433
1841
878
2266
1843
2100
1022
1242
2114
672
2400
1472
1481
945
1600
1819
2407
971
1750
1213
1850
1210
1963
1433
1233
1147
1782
986
1107
2302
2344
1696
1057
1398
1715
1552
2171
1293
1298
1637
1101
1329
1817
2031
1803
881
1243
1103
1831
1974
1793
1035
1981
1658
1491
780
1932
1721
1771
1796
886
1013
1170
1969
1543
1584
2095
1494
1996
962
1937
1831
1380
2052
1391
1550
1638
1704
1300
857
1130
1096
1424
1518
922
1073
1587
1624
2098
1611
1551
1621
1116
1379
1633
958
1541
1039
2207
1072
1489
1846
1848
1709
2176
2108
655
1554
1882
2236
1032
2630
2252
1542
2609
2045
1728
1499
1296
1526
1627
1525
1773
2130
1911
1288
1898
1110
1280
2303
1096
2338
1823
1776
1746
2045
1299
1551
1416
1041
1477
1216
1665
2064
1176
1737
1632
1015
2404
2429
1707
1454
1599
1374
1241
2120
1815
1494
1028
895
2063
1936
1196
2203
720
649
859
690
919
2052
1635
1664
1422
2224
1386
1364
1860
1802
1812
2363
1896
1877
1706
2541
1470
2299
1741
2132
1419
1253
1881
887
1687
2385
2050
1852
2097
1771
2376
2262
1972
1079
2149
1400
2228
1579
1558
1963
1279
1579
1507
2042
1396
2031
1863
2479
730
781
2124
2091
1773
1815
1038
1963
1317
1573
2281
2091
1413
1679
1966
1685
1661
1853
1756
1443
1162
1002
1673
1576
1130
1624
2365
2134
944
1868
1219
2000
742
1758
1980
1956
1977
1287
2182
1342
1913
1672
1117
1840
1430
2497
599
929
1091
1231
2259
1821
1878
1575
667
1400
964
1534
929
1057
903
952
1909
1058
1109
1206
2245
1686
1474
985
1923
1753
2073
1576
2017
1434
1954
1190
763
1854
2457
1441
1581
2133
1775
1646
1163
1793
1066
1833
1435
2015
1031
1582
1665
1843
1819
1412
1103
2090
1915
902
1016
2467
1311
1766
1665
1376
892
2189
919
1232
1396
1822
1069
1612
1185
1725
1581
1150
1456
1903
1922
1734
892
925
2334
1271
1023
1434
1452
1619
1956
1135
1382
1291
1585
1301
946
2297
1220
1594
1882
1741
2012
1755
1881
1483
1617
842
1604
1594
1570
1970
1975
1855
1449
1818
1873
1795
1299
1971
1689
1717
1875
2239
1593
1689
2162
1587
1930
1976
2239
1370
1390
1719
1294
1239
1840
2222
2186
1292
1882
1258
994
1605
1296
1256
2050
1332
2079
1788
1101
1937
1658
1108
1649
1993
1520
1438
1746
1387
1461
1456
1450
923
964
1861
1671
2550
1212
1238
2258
1467
1459
1514
1746
1869
1871
1197
1488
1203
1486
2055
2208
1102
1560
2000
1969
927
1528
2110
992
1446
1760
1915
1382
1641
1332
1411
1310
1936
2024
1508
737
1946
2108
1257
1225
1317
1469
887
1878
2013
2048
1955
1723
1430
2110
2044
1740
976
1846
1290
2459
1255
861
1501
2227
1820
1689
1583
1756
1363
1393
1453
963
1616
1753
1594
1583
1387
2378
971
1429
1746
1630
1311
2182
1179
1326
952
2173
1327
1961
2036
970
1388
1517
1765
2001
1311
1911
1446
1359
1636
1934
1100
852
1642
2023
1448
1113
1496
1175
1652
1475
1147
1090
1514
1815
2352
1492
1098
1024
1588
832
1414
2343
1061
1923
1699
1990
1054
1439
2047
2026
1923
1611
562
2297
1743
2256
2027
1026
1352
1894
2204
1772
1167
2013
1526
1307
1766
983
1238
1846
942
1036
1298
907
1973
2138
1500
1035
803
1775
1297
961
1440
1100
1119
1966
1148
1714
1779
1366
1615
979
1458
1222
1055
733
2493
2395
969
1684
1765
1261
2448
1950
1200
1916
1222
1304
1684
1847
1431
1504
1838
1450
1193
752
1594
1533
1957
1764
1408
790
1319
1632
1620
1221
1634
1841
1486
1477
1430
831
1750
1477
1576
720
1388
808
1792
1717
1141
2142
2510
1860
1418
1804
1784
1433
921
1441
921
1090
2083
1471
2138
975
927
1197
1866
1214
1823
843
1491
1993
1589
2326
1827
1302
2080
1360
1593
1360
1126
851
1308
1314
894
1928
1671
1531
1611
2374
942
1545
2228
1150
2012
1870
1575
1700
1631
1869
1602
2003
2072
1693
1456
1405
1998
1368
1585
2266
1171
2105
1147
2606
1599
2458
1681
1290
2226
1003
1511
1586
973
1481
2270
1583
1927
1562
1804
2165
1344
1522
1587
966
1575
1488
2041
870
1894
1421
1568
1486
1309
1748
1331
1741
1537
1113
1546
1848
1484
2281
1325
1446
2040
2173
1737
2334
1602
938
1744
1879
877
1874
1769
2006
1123
1238
1797
1652
1808
1840
1701
1755
1567
1762
2171
1781
1635
1056
1709
1141
1656
1929
984
1491
2008
1916
1163
1757
2460
1520
1806
1503
1665
1867
1622
957
2110
1939
1784
1912
1474
1641
1578
2195
2022
1244
1561
1661
1349
1232
1395
981
1449
1693
1590
1443
1161
1271
1734
1345
1495
2490
1786
1986
2513
1933
1533
1397
2176
1845
1720
815
1146
1377
856
959
1679
1551
1280
1930
1837
721
2004
1639
2251
1902
994
1209
1972
1576
1254
1719
923
1097
1764
1384
1195
2063
1732
2132
894
2212
972
1280
1398
2196
1982
1816
1694
2123
1209
997
1664
1415
1406
2037
1440
1362
1724
1576
1483
1323
1385
1502
1568
1301
2484
2226
2062
878
2176
1211
1588
1668
1760
1194
2446
851
1839
1038
1925
1280
1510
814
2583
857
1673
1524
1466
1247
632
1257
1983
1303
1770
1443
1184
1336
2132
1866
1509
1855
2101
1600
1856
1633
1798
937
1865
1402
2130
1962
1430
1236
1513
1230
1667
1877
1137
1986
1104
1167
1443
1230
1039
1933
1336
1723
1548
888
1279
864
1052
1314
932
1369
1293
1024
1793
1466
1975
613
2010
896
870
1474
1702
1595
1096
2189
1995
1177
1305
1486
2415
1419
2023
2013
1944
1705
1479
1638
1281
1190
1102
1510
1099
1837
1920
1635
1369
1700
1489
2089
1369
2227
2182
1995
1219
1467
1533
2283
1356
1307
1423
1632
2080
1565
1344
2494
1474
1667
1995
1467
1710
1975
1541
1423
2050
1486
1634
1480
1019
1351
2218
2064
984
910
2321
1659
2055
1455
1275
2399
1802
1208
1593
1588
1119
2092
1850
907
2003
1764
1338
761
1277
2075
1249
1839
1674
1308
1386
1459
2121
1697
2138
1115
1157
1769
1262
1279
881
1443
1689
1776
1699
985
1848
1065
2062
2080
1351
2393
1337
969
1552
1610
2241
2094
1467
704
1182
1542
1574
857
2162
1173
1394
940
1050
1740
1659
1794
1381
1233
1069
1389
1521
1679
763
2091
1250
1679
1796
900
1671
1498
1962
2443
723
750
1376
1094
2188
1490
888
2016
1928
1495
1981
2086
1806
2284
1896
1857
1514
1512
2186
1623
1752
2500
1043
1261
1276
1559
2297
1323
872
1784
1622
1537
1362
1986
1857
1391
1156
1441
2169
2271
2208
1220
822
1042
1578
1680
1555
945
1238
1955
1248
1520
1033
2245
1473
1875
1289
1874
1059
1631
2515
2263
864
1020
1515
1835
1895
1549
2312
1996
1559
1480
1602
1426
2117
1075
1717
1721
1687
1375
1645
1571
2627
1405
1703
1228
1493
1394
1464
1774
2043
2297
2172
1851
1267
1808
1558
1504
964
1179
1374
1658
1582
2058
1817
1670
1709
2053
947
1912
1137
1111
2057
1903
1135
901
847
1919
1726
2401
2255
1891
1131
897
1466
2030
1449
1366
1252
1697
1775
2166
1722
1661
1823
1724
975
1981
1696
1943
2394
1707
2340
1319
1061
1937
2029
2382
1194
1616
1434
941
2215
2139
1591
841
935
1712
911
1558
1874
1423
2316
1985
1811
1181
1715
870
1844
653
1869
934
2012
2509
2153
1904
1501
1732
869
1264
1698
1164
1670
1725
1768
1699
1326
1926
1817
2334
2215
2026
1272
2182
1629
1193
1452
1337
1603
1984
686
1515
2546
1904
1231
1339
1455
1481
2283
1447
2156
2006
1320
1643
1725
1489
1786
1364
859
1248
2538
1054
1511
1474
794
1005
2046
2047
695
1294
1320
1420
919
2311
1945
1328
1609
1671
1650
1595
699
1855
1995
1643
2083
1783
2022
1097
1673
1870
1593
1240
1185
1688
1981
1710
1395
2057
2061
1258
1726
1795
1740
1543
1695
2155
1730
2194
2340
1518
1503
1575
1740
1118
1663
1972
1889
1526
1825
1758
1758
1501
1488
1706
2297
2279
1348
2325
1825
1574
1589
1246
1573
1608
1497
1661
1380
1482
1088
1456
1108
1587
1836
1984
1825
1910
1268
1546
1789
1171
2171
1130
1333
1872
1238
1538
885
727
1128
936
1272
1421
1454
1974
2089
1867
1498
2297
1846
909
1423
902
1422
1538
1728
2402
1771
1614
1823
1426
1820
1280
2507
1630
1620
1518
2435
1731
1468
1270
1571
1505
1134
1712
1542
2075
1641
2005
1509
1051
1417
1125
1257
1633
1886
980
1876
1367
2169
986
607
938
1133
1990
1239
990
1434
2006
2020
1018
1607
1727
1223
1437
2006
2087
1479
1765
1486
1641
2140
1139
2028
1591
1557
1449
1663
2096
1855
1812
2061
2310
1638
1446
1029
1164
1962
1931
1597
1225
1390
1544
1277
1941
845
1493
1361
959
1552
2124
1656
1360
789
967
1737
1051
1776
1411
1247
1345
2212
1524
2102
1361
1561
1324
1872
1191
2318
1547
1993
1980
916
1039
1069
1530
1365
1359
1201
1275
2238
911
1355
1500
1756
1456
1770
1766
2054
2214
2060
990
2387
922
1140
2186
1170
1517
1631
1320
1825
1679
1984
837
2233
1819
1773
1341
2003
1697
1973
1533
1477
1597
1555
2247
1780
1425
1259
2574
1829
1922
1925
1392
2089
2021
2299
1552
2150
1941
2563
1767
1598
1353
801
1102
1980
1166
1831
1531
1576
655
1815
1215
2085
1511
1748
969
1152
1321
984
957
861
1773
1696
1755
1460
1611
1774
1610
2006
779
1836
1690
1610
2241
1319
1556
1594
1785
1774
1086
1402
1543
2122
1613
1048
1261
1339
1822
1491
826
1830
1569
1314
1655
1101
2324
1048
2060
1016
2197
1502
1441
1072
1582
879
1611
2055
971
1011
1675
1268
2013
1908
1474
1631
1098
1563
1350
1346
1634
1401
1046
2184
1500
2112
743
1267
1901
955
1106
2129
1877
2344
2041
1330
1261
834
2032
1805
1445
2246
1814
1494
1464
1936
1866
1471
850
1079
765
1154
1972
1197
1619
1550
1827
2569
2513
1693
1953
962
1650
2106
1814
1982
1317
2018
1039
962
2013
1574
1544
1871
2517
1536
2619
742
860
2071
2396
2032
1772
1846
1467
1372
933
1637
1023
2559
2151
2126
2041
1859
1608
2028
1121
1426
1291
2357
1734
944
1408
1758
2016
856
1551
1893
1690
1684
1655
2237
1538
1895
2018
865
1948
1914
1506
2018
1657
883
1740
2101
1944
1901
1494
859
1426
2098
1054
717
1974
2603
1980
2111
895
1860
2021
2509
1713
1336
1749
1558
2214
1122
1226
1524
2313
1228
1609
1519
1685
1775
1712
1434
1129
1900
2386
1965
1792
2183
1619
778
1555
887
870
1859
1691
1762
1722
1927
1163
958
1913
1372
1249
1663
2047
1419
1297
1444
1633
1074
1703
1802
758
1356
1775
1449
1307
813
1616
987
2266
1279
1960
1565
1433
1608
2094
1627
1524
1062
1598
1382
1772
1662
1207
2507
1798
2321
813
2381
1157
2459
1140
2351
1059
1561
1256
2098
793
2208
1993
1660
1698
2477
1187
1297
1163
1573
1500
2120
2424
2053
1029
1142
1953
1134
1418
1214
1390
1458
1844
1830
1745
1965
1798
1376
1330
1891
902
1005
1463
1961
1448
2322
1249
1646
647
2400
2131
1820
2108
781
1266
1606
1370
1237
2595
2204
1943
1490
939
1480
1222
1598
1770
1325
1202
1730
1642
1272
1083
1539
2106
1815
1425
1875
1289
1303
1995
1553
2106
2082
1309
1491
2109
1162
1926
1954
1904
1525
1725
1632
1311
923
738
1934
1746
1576
2388
1056
1935
1739
1363
1736
994
1052
2019
1844
822
1867
1581
1284
1871
1378
1378
1758
1682
1592
1742
1256
2149
2053
1750
1667
1504
2329
1896
1608
1282
2002
1788
829
1036
1234
2241
1006
1290
977
2036
2290
1788
1085
1469
2100
839
1602
1326
1568
2542
1333
2308
1589
929
1276
1451
890
1629
1475
1816
1784
2128
1367
1857
1201
1669
1739
1701
1727
1312
1622
2296
1164
2235
1180
1111
1437
1813
1539
2179
2107
1857
1588
1845
1422
1397
1065
1891
1702
1390
1502
1315
1032
2167
1562
1493
1181
1750
2041
2493
1846
2057
720
929
1704
1070
2161
1816
1348
895
1874
1493
1519
770
669
1650
1324
924
1483
976
2128
1260
2179
1462
1149
1154
983
1457
1253
1837
1647
1831
877
1709
1413
1790
1180
1797
1484
1933
1482
1756
2549
1994
1760
724
1321
2098
2279
1892
1423
1338
1404
2124
2038
1773
1366
1538
807
1194
1627
1047
1255
2259
755
1448
1627
893
1591
1264
836
1251
1040
1034
1017
1251
945
1284
1912
1705
1467
2294
707
1615
1784
1327
958
1050
1526
602
691
1509
1870
1020
1324
1878
1920
1463
1770
1692
2051
1389
2177
1372
1129
2011
1705
2260
1089
1631
1855
1669
1883
1590
2070
1237
1686
1785
2033
2165
1758
1258
2192
1366
1982
1925
902
952
2032
2070
709
2183
2183
1163
581
1099
1592
1084
1757
1571
2299
1943
1666
746
1750
1698
784
1910
1711
1690
1831
957
1628
2096
1879
851
1942
1673
778
1896
2494
2397
1227
1606
1579
1621
1833
1948
1309
1958
1833
1246
1494
1104
1812
1462
2008
1886
727
1448
1536
1705
2457
2007
2425
1165
2029
1141
1052
893
2086
1643
1356
1361
1827
2268
761
2116
2134
1745
1430
1026
598
2045
1866
1743
754
596
1761
1815
2060
1106
1537
1116
2226
1733
1067
1710
1657
1687
1366
1870
1350
977
1182
1740
2045
1930
1614
1944
2291
1493
1441
895
2443
1608
2207
1291
1331
1167
2003
2361
1627
902
1480
1566
2268
1715
1650
2022
1871
1223
1007
2225
1257
885
1502
1707
1355
1629
2266
1554
1525
2126
1559
1073
1912
1634
1405
1515
2024
1468
1221
2150
2156
1299
871
1645
2028
1593
1633
2355
1351
1803
1491
1860
1009
1697
2492
1640
2105
2196
1302
1804
1515
822
2044
2056
1403
1442
1236
1510
1830
1518
1658
1480
2509
1073
1066
1543
1487
2313
2322
761
1768
1841
2317
1912
1441
2139
2001
1336
1530
1465
997
1787
1252
1561
1878
1856
1362
1705
1693
1883
1098
1652
974
786
1942
802
1014
1278
993
1329
1168
991
1759
1918
2153
1674
2065
1174
2043
1301
1974
757
993
1302
1393
1714
2438
1626
1658
2416
1592
2097
1606
2303
2172
1491
722
1214
1355
2032
1583
1513
2031
1221
1669
1147
1430
1067
1054
1107
720
1135
1032
1711
945
605
1801
2039
1546
1454
1964
1336
1469
1770
1803
1304
1783
1960
1216
1354
1399
1973
1036
1793
1814
1423
861
2011
2281
1536
1887
1965
1647
1082
1967
2034
1673
1393
1674
2138
2624
1805
1594
1253
2154
2166
1760
1381
1145
1270
615
977
1736
1069
1791
1053
1219
1485
1524
1943
1369
2298
1705
1582
1350
2190
1547
1307
1947
2505
673
1597
1411
1958
1727
2467
1978
2470
1479
1482
1438
551
2036
1406
1549
1554
1209
1984
1576
1587
1358
867
1494
2021
1448
1839
1231
1180
903
1302
1208
1558
1282
1873
1943
1479
1492
1097
1244
1892
1878
1835
872
1731
1718
776
917
978
1657
2609
1684
1752
1413
1260
1576
977
1209
2024
1970
1632
922
2304
1794
1739
1109
791
1113
1282
1782
1349
1902
1237
1344
1720
1126
1704
1495
1748
1774
1237
2506
1936
1713
2117
1126
2028
1357
1328
2464
1572
1571
1979
1581
2120
2071
1976
1592
2438
1937
2047
1047
1119
1235
2399
1776
1271
1321
2215
794
1741
1838
2249
1960
2122
1655
1361
1134
2116
2181
539
1379
1355
2396
847
2022
1519
1597
981
1449
1457
1650
1798
1801
886
1758
1815
1649
2240
1997
2016
1544
1387
1754
1451
1747
923
1529
1533
2323
2270
822
1849
1501
1930
2121
1473
2051
1715
1946
1281
1164
2486
1937
1583
1369
1085
1467
2111
622
1225
1229
1770
1492
1923
2004
1521
927
1430
1597
2445
1345
2292
1520
1966
1250
2116
1894
2147
1310
1493
652
1239
1205
1370
2223
1660
824
2382
1918
1838
1527
968
1127
1336
2202
1347
1494
1333
944
1613
1782
1630
1367
1491
1266
1931
1713
2064
987
1552
2029
1568
1932
1913
2006
1568
1442
2313
1664
1452
2055
1391
1989
2011
1549
1918
771
678
2380
1631
1872
1540
1609
1779
1455
1194
1444
1322
1805
1495
1298
1933
2440
953
2042
1800
1566
2351
1229
1293
1261
1916
1361
1469
1371
2225
1984
2029
1793
2046
1898
2016
1329
2271
1615
2163
1488
1987
1837
2196
2410
1456
1362
2079
1262
1533
2112
1336
1851
1382
1083
2081
969
2503
1009
1322
1373
1652
1607
1761
2034
1849
2452
1181
2451
1757
1831
1942
1915
1546
2119
1004
1010
1928
1513
1719
726
2265
2408
1348
1484
2455
1320
2256
1433
2014
1549
1131
1037
1737
1198
1408
1555
1393
1366
1418
1411
2302
1243
1384
1795
1502
1899
671
1877
2087
1925
2315
981
1469
1238
1085
1313
1047
2198
1511
1584
1540
1540
1648
1346
1717
1705
1025
1668
2519
1380
918
1512
1595
2175
1837
2027
2168
1802
1128
1778
1079
1432
1545
1209
1661
942
1853
1629
913
1147
808
2236
1653
2019
1943
2471
1603
2112
1143
1540
1778
1190
1764
1355
1194
1258
2185
2418
1913
1174
1682
2009
1534
902
1812
1692
1803
2117
902
1245
1531
1195
1846
1609
2478
2264
944
1870
1324
1423
1565
1526
654
1012
1343
2090
1682
1589
1878
2185
1663
1305
2319
1520
1486
1024
2050
1431
801
2428
1863
1098
1564
1125
1283
2230
764
1150
1306
889
1862
1647
984
1234
1221
1524
2384
675
1542
1317
1365
2202
1524
1297
2493
2041
1665
1625
2120
1692
2199
1924
1135
1243
1771
989
1601
1986
1792
1078
1593
1816
2481
2461
2489
2054
1671
1653
1743
1935
1400
1409
1198
1840
2112
1450
1829
2217
674
931
1665
2213
1671
1275
1365
1660
2047
1783
1876
833
851
1482
1498
1295
1652
1180
1227
1796
1613
1987
1691
1702
1870
1401
1183
1535
1636
1529
1509
1697
1985
1388
2154
969
1840
1637
1685
1175
1272
944
1757
1164
1912
1744
2230
1168
2274
2011
1726
2201
1235
1837
1246
2327
1581
1288
1448
1184
2041
1314
823
1446
1823
2554
2317
1856
1920
2007
1237
1459
1558
1869
1487
2461
1623
969
1557
1699
1822
1525
1060
1078
1326
1446
1304
2415
1692
1124
1033
1825
1565
825
2125
1919
2342
2342
1454
2032
1958
1897
1578
1308
1807
1774
1683
1339
1028
603
1037
1501
1336
1780
2423
2438
1491
1450
1518
2391
1668
1907
1233
1580
2316
1690
2589
1697
1456
1267
1743
2107
1049
1434
1572
1960
2275
1750
1173
2278
1359
1674
1834
1658
1392
2480
2182
2272
1654
1380
1082
779
1465
1481
2219
942
2448
1908
1200
1465
1873
1203
1924
1578
1329
1521
1598
1650
1101
1331
1368
1900
1961
1039
1990
1567
2062
1313
1985
1466
1075
1929
1587
1599
2390
2300
2220
1934
1777
2091
1570
1065
1098
1044
1876
1811
945
1581
2266
2592
1234
1531
1115
1366
1488
2149
2223
1400
2052
2200
1494
1918
1608
1026
1085
866
1588
1124
2084
1791
1823
2305
1070
1384
2090
1001
1480
2112
1566
1420
1166
1989
736
1700
1189
2104
1603
1528
1405
1975
1388
2174
1653
2054
1493
2050
2143
1057
1979
1880
2473
1904
2040
2186
2184
1512
2505
1679
1504
1838
1717
2388
610
1841
1680
1474
1626
2140
1172
2100
2019
1773
2103
2029
1798
1158
1424
1284
1776
1099
1709
2195
1167
2272
1842
1910
1772
2154
1613
928
1859
1438
1636
1094
1690
1190
696
1960
1648
1600
1550
2526
2471
1238
1343
1404
1549
1679
1164
1776
1689
927
1929
1114
1244
2096
1845
1495
2242
1290
1962
1974
1363
708
1551
2042
2044
2275
1772
1617
1005
1787
1535
1691
896
1327
1708
1663
1272
1879
1595
1135
803
1649
1931
1479
1973
2004
1889
1196
1694
983
1145
1217
1509
1169
1671
1006
1482
1275
1498
1614
2039
1567
824
1717
1032
1334
1656
1862
2555
1863
2231
1356
1300
1592
1471
1670
1989
1805
1846
1908
1830
2188
1090
1330
2225
2249
1491
1491
2024
2198
2484
1516
820
1494
1977
2084
1699
2420
2390
2264
1704
1223
2315
1962
1266
2259
1813
1852
2078
1614
1428
1820
2483
1627
653
1292
1954
1609
1022
1720
1243
2233
1562
1349
1091
1009
1511
1397
1813
1209
2117
1413
1720
1472
1438
1286
1548
1729
984
945
985
2564
2152
1891
1623
1798
1821
2252
1334
825
1863
973
1528
991
1762
1778
1677
2204
1529
925
2090
1472
1245
1633
1861
1793
1236
2275
1569
1510
1851
2296
1495
961
1821
2179
1077
1551
1528
2033
1878
1598
1330
1666
1327
1611
1534
1383
1499
1080
1530
1426
1063
1854
1337
1310
1412
1513
646
2541
1790
1863
2016
867
1988
1758
1455
984
1903
1505
869
1276
1078
1113
2149
1129
2045
1299
2273
2094
2096
1517
1574
1671
935
1148
892
2168
1928
2300
1226
1491
886
1806
1189
1628
1361
1166
1523
1548
1574
1666
2000
1677
1367
1951
1908
1699
1605
1673
1944
2252
1989
1301
1235
2082
1176
2223
1909
1394
1482
1378
1265
1782
1544
2013
1582
2523
1681
1310
2100
1214
772
2185
960
1430
1700
2167
2018
1532
1912
744
2263
1219
1677
897
1125
711
1703
1061
2220
2152
1549
1197
1879
1549
1691
2384
993
965
1637
2242
1888
1323
1521
1639
1475
2007
1586
1580
1968
1743
1878
1814
1929
879
2281
1512
2062
1416
1619
2446
1618
2151
1419
1708
1448
1410
1435
1341
1293
1300
1497
1293
2434
1857
2193
691
890
1121
1844
1069
1352
1280
661
1782
698
2207
1930
1678
1794
1520
1045
847
2333
1666
1977
1306
2190
2027
1626
1136
1446
1710
914
1950
1686
795
2134
1713
1276
1055
1439
1842
2281
1812
1272
1790
1945
1193
813
1368
1264
1026
2531
1952
1418
1479
1332
1981
2137
1822
1988
1350
2306
2377
1262
1890
2029
1150
1337
2136
1800
941
1790
1654
1329
2010
848
1331
1922
2215
763
686
1543
1547
1372
2114
1664
2150
1161
1905
1324
777
1827
801
1324
1879
1741
1273
773
2199
2034
2010
2030
2297
684
2023
1696
1075
1292
2082
1911
862
1320
938
1660
1437
1254
1075
1798
1352
2079
816
1521
1634
1187
2026
1514
1352
1667
1843
1111
1206
1680
1156
1024
2209
1283
1312
2511
1625
1565
1778
1090
2223
2122
1260
1041
1387
694
1228
1115
2031
1951
1097
953
812
2160
1927
1270
1415
1750
1322
1598
1702
1107
1983
1577
1442
1659
2058
1705
852
1460
763
1872
1378
1704
2215
1853
725
1165
1861
1883
1804
1922
1168
1280
2021
1354
2257
1144
2014
1476
938
1837
1212
1345
1955
1352
1315
1502
2286
2140
1977
1580
1340
1235
1480
1088
1189
1560
1635
2633
913
2036
2183
1343
2050
1347
1267
1412
1545
1556
1757
1092
965
1966
1229
1202
2069
1429
1276
1874
1918
1442
2381
809
1102
1930
1773
1116
1949
1553
785
1796
1351
1498
1654
1488
1743
1870
1810
1444
986
1077
817
1677
907
2228
2128
2447
1695
1804
2337
2366
1503
1575
2584
1871
1085
1457
1401
2166
1462
753
2185
1111
1472
1678
1738
1565
2103
1566
2007
2044
1267
1103
1513
1953
2129
1134
1656
1881
740
2096
2148
1755
1609
2053
1321
2240
1314
2161
1354
2237
1011
1844
2166
1468
993
1552
968
2105
1063
1673
2311
1389
1204
2463
1726
1385
1466
1575
1687
1872
1055
960
1129
1185
1903
1704
1716
2028
1924
1047
761
1478
1333
1726
1884
1254
1132
1162
884
1513
1872
1314
1497
1714
1513
1017
1252
912
984
1234
2221
1405
2270
1691
1623
2131
1869
1480
1388
1374
2028
2434
1443
1563
1151
1777
1287
1465
1349
2061
1027
1528
733
1629
1700
920
900
910
1813
2427
1406
932
1674
1662
2445
1675
1341
2044
1627
869
975
1082
2106
1598
1239
1792
1039
1052
2462
2067
1800
1097
1547
1009
695
1142
2313
2206
887
1748
1048
2041
2203
916
1222
927
1045
1696
1002
1770
1554
1185
2284
1909
2044
2410
1137
2222
1236
693
2243
1368
1760
1158
1551
1728
1915
2032
2184
2005
1873
1569
1675
2016
1131
1443
1539
2054
1796
2048
1465
816
2305
2457
1501
1232
2213
1603
2271
1612
1351
1559
1804
1272
1597
2050
2145
1483
1881
2049
1498
1473
2065
1133
1747
797
1920
2279
1565
802
1773
690
1795
1553
1128
2418
1340
1610
2255
1657
2091
2405
1922
1354
1811
688
1811
1437
2337
1957
1333
1608
1216
1894
2174
1101
2167
1124
1139
1627
2465
1040
812
1750
1964
1555
1624
2416
1632
1956
2379
1474
1032
2433
2019
2000
2068
1325
985
2485
1699
1440
2511
1523
1573
1661
1561
1692
1654
1705
1470
1934
1612
853
1987
1532
2141
2029
1668
1461
1719
1406
1880
1451
1104
1151
1680
2599
1630
1354
2186
770
1375
2627
2205
1580
1255
1491
1490
1996
1269
1809
2223
2381
1222
1815
1574
2083
2430
2502
1600
1584
1811
1505
831
1209
1165
1565
1329
1527
2570
1784
1771
1323
2340
1422
1680
1649
1739
1044
1371
1016
1174
1596
1780
806
1391
733
908
1896
1631
1262
2400
1279
1362
953
1721
1342
1737
1546
1873
1770
1592
1767
804
1660
1896
1097
1118
2095
1122
1815
1273
955
1367
1777
2037
1514
1792
1202
1166
2078
996
1063
1750
1751
2121
1731
932
2302
1240
2008
2137
722
1441
1594
1526
2185
1749
1185
1896
1596
1114
1291
1405
2015
2297
1355
1447
1646
1805
1311
1167
927
1911
2033
1771
1815
798
1200
1023
1823
1868
1341
2017
1138
1751
2377
1390
1676
1374
1693
2475
1999
1989
2261
895
2082
2462
2127
1594
2435
1375
1083
1012
1665
2028
2014
830
1605
2459
1334
755
2110
632
1599
1260
777
1704
645
1810
1790
1385
1855
1556
1281
1471
2098
2484
1293
1266
1416
2060
1413
1754
1459
1319
1962
2022
1282
2201
1311
757
2157
1258
1384
688
1770
2096
1223
1000
1481
2050
1584
1705
1988
1443
1900
1363
1113
1767
1302
1579
885
1492
1320
2385
1481
1251
1483
1684
787
1660
1485
972
985
2203
2417
1910
1304
1663
1674
1318
1213
1592
1539
2463
1595
1242
902
1899
1378
1744
1705
813
1575
1321
1525
1292
1031
2191
1576
1160
1582
1343
1144
1771
1256
1832
2032
1492
1856
1224
1083
1191
2140
700
1554
2125
2015
2246
721
2595
1522
2180
837
1171
1857
1491
1218
891
1259
1145
1773
1980
1161
1275
1305
2128
2466
646
2355
1060
1441
658
1013
1290
2042
1579
1680
1119
1800
919
1291
1423
1334
1767
1468
1351
1648
2289
1942
1410
1146
1239
1311
2133
1657
1069
1260
1745
1484
2300
744
1933
790
2330
1938
1474
1580
2132
647
1809
1504
1656
1390
1900
1639
2090
1942
1716
1360
1402
1741
1249
1651
1817
1105
1305
2037
1424
2098
792
2277
2233
1815
974
1505
1810
907
982
1710
1221
1609
1394
1630
1356
2054
2087
1192
1138
1515
1090
1396
1641
1679
1270
1715
1350
1511
1784
1664
1156
1577
1739
1656
1067
1460
2440
1145
1971
1897
1841
807
984
1623
2436
1713
1924
948
1687
1380
1154
845
2231
1598
2130
1123
1934
1245
907
1242
1689
1468
1145
1450
1627
1612
1323
1022
2085
1475
1474
2046
1654
1979
1158
1143
1340
1544
1857
1480
1810
1813
910
1579
1557
1637
1452
1799
1598
2445
1729
1762
2462
976
1315
1632
1898
1643
2565
1739
1249
2008
860
963
1275
1056
2306
909
631
1571
778
1408
1643
1377
2312
1763
2003
1594
1294
2525
1840
806
2203
1075
964
1418
1987
1100
2276
1071
1447
1896
1155
1591
1665
764
1238
1869
2011
1258
1578
2387
1605
1516
1557
1057
2207
1048
1371
954
1868
1646
2117
1711
1604
1198
923
2538
2249
957
2035
2036
1730
992
1470
1746
1583
2628
1559
1405
1387
1594
1931
2131
2113
1441
2210
1391
1652
1443
2517
2132
2028
1449
1314
1584
1400
1758
1972
1840
1447
1618
2462
1996
2432
1443
1474
1597
1783
2152
1233
1801
1111
1628
1536
1298
2356
1520
867
1791
1315
1966
1252
1857
1916
1332
1871
812
2401
720
2311
1590
1455
2414
1080
2141
967
1273
1669
2099
912
1647
1983
1792
2436
998
1374
1570
1833
2076
1922
1714
1336
2066
1082
1222
1085
644
669
1738
1450
1649
2025
1476
2311
1674
1539
2269
1315
1116
1341
2204
2345
1059
2081
1631
1060
1615
1360
1186
1021
2340
2268
1985
1669
1776
918
1958
1798
1164
629
1848
1649
1053
1810
1417
1663
1506
2329
1620
1538
1258
1693
1663
927
1597
1899
829
1631
2094
2188
2340
1555
889
1622
1429
1253
2443
1393
2159
2299
1618
2278
1948
1795
2302
1214
1999
1314
1581
1075
2146
1950
1696
1338
2507
1196
1509
2321
1339
1735
2161
1149
1836
1696
937
977
1925
1669
1338
1876
825
2200
1228
1592
1697
1814
1576
858
2079
2506
1954
2000
2000
1787
1162
1691
1568
2156
1423
1379
1867
2529
2388
1909
1149
2114
2176
1457
1294
941
2188
2580
1824
1376
2243
953
1871
1684
1316
2167
2089
892
1455
1621
1232
1715
2428
1739
1767
1222
766
1632
1722
1092
1154
776
1446
1399
1501
2168
1157
1510
1525
1718
1704
1364
1704
2109
1715
1698
1346
1500
1156
812
2542
1679
1914
1146
1581
1574
963
1703
1599
1526
2129
2171
1650
2104
1563
1643
1731
1223
1598
1917
1377
2261
1710
2528
2007
1527
1790
1183
1448
1312
1653
1612
1145
2414
1860
1572
1186
1414
1827
1100
2246
1076
1565
1633
1950
2090
2026
1529
2118
1942
1492
2289
1411
995
2126
1917
2121
1898
1435
794
1187
1621
981
1579
2310
888
1856
644
1667
1605
1655
1848
1488
930
1619
1705
2188
1679
1446
1148
1739
1615
1605
1634
1266
1831
1642
1454
2044
1940
1111
1184
1440
1068
1968
1110
1761
1795
1026
1852
1829
1970
820
783
1046
1496
2234
1718
1284
1178
1332
1156
2153
1102
2015
2086
1557
1882
964
1410
1568
1471
1660
1516
1710
1535
1528
1448
1769
1619
1225
1541
1984
1499
2122
1900
1973
814
1400
1389
2465
1196
1791
2039
1245
1473
1637
1282
1009
1604
1401
2106
1246
2261
883
1851
1264
715
2131
1594
1089
1567
1515
1602
2255
1450
695
1411
1154
1778
1696
1698
2626
915
1569
2349
2173
1561
1190
1523
1429
1923
1497
1273
1523
1639
1903
1460
1693
1361
2060
1632
2268
1273
1964
2252
1076
1946
813
1367
661
1177
1242
2319
1828
2051
802
1997
2164
1174
1498
1831
968
1708
1196
1539
1015
2004
1402
2040
1685
1782
2255
2461
1477
1491
1391
2350
2072
1051
2466
1769
1476
1135
1847
2233
767
1185
1477
1934
2117
1879
2149
1865
1159
1475
1048
1874
1647
1756
1792
1061
1768
1725
1475
2015
1425
1175
652
1330
1391
1715
2004
1777
973
1462
1852
1949
1396
2279
1703
1534
2383
953
1177
1249
1945
1668
1251
1246
1457
1210
1866
1231
1946
1545
1780
1773
1570
935
1358
2068
2096
908
810
1636
1150
1661
2260
1431
1076
1671
1797
1968
2248
1148
1383
1612
1592
1419
1524
1256
1260
1637
1415
1746
1587
1733
1760
976
2532
879
1199
2363
1866
1854
1826
1822
1471
1087
1682
1625
2533
1149
1000
2182
2295
1437
1869
2432
2037
1324
1172
1921
1021
1040
1249
2104
1236
1190
1651
1285
1334
1849
2261
1880
1045
1445
932
1624
1770
1767
1411
1960
1888
2277
1249
773
1120
2239
2364
1600
1835
1066
2142
1556
1514
932
843
1727
1705
1327
1849
2218
1916
1297
1421
1208
1565
1197
1662
1462
2170
2068
1690
1499
2067
1217
2297
1506
1273
1809
1364
1374
2159
1426
1528
2500
1375
1637
1795
1945
1751
1567
2064
2072
922
2168
1112
1167
2331
2280
605
1479
2052
1881
1493
2066
1363
1543
1309
1737
1143
1637
2528
1729
2367
2082
2008
699
1674
863
1304
1722
2014
1558
1766
1507
2231
2108
1737
1450
1981
1800
1196
1616
1732
1848
983
1943
1791
1840
2089
1662
2166
1358
2114
1628
1928
1068
1662
991
1358
1353
1007
2251
1004
2080
1964
588
2322
1986
1367
1957
2145
1310
2128
1577
1356
2391
1169
1689
1156
2498
1254
1382
1168
1730
1918
1546
1033
2289
1694
2052
1465
2006
1362
2006
1074
1687
935
1704
1703
1482
1742
1399
864
1849
2456
1335
1835
923
1904
985
870
1183
2153
1686
1238
1000
1039
1103
2011
2061
800
1153
1768
1619
1379
1418
1366
1778
1647
691
1036
2014
1658
1777
1366
1337
1705
1918
2063
1683
1886
1739
2048
2029
1829
1831
2142
808
2252
2167
891
2271
1903
611
980
1687
1955
1587
1969
1397
2560
1494
2207
2354
1704
2538
1970
1070
1613
1714
782
1807
1788
1726
1397
1370
1702
1366
1276
1695
1380
1676
1459
1608
2324
2089
1170
1657
2024
1437
2403
775
1438
1627
1603
759
956
1265
866
1767
1137
1803
1209
1665
1824
2230
1737
1754
1580
2101
1707
2162
1180
1535
1365
1398
2047
1507
1482
1558
1985
2200
1020
1337
1454
1791
1848
1186
2161
1590
1926
1506
1104
1505
2569
1378
1701
1286
1707
1555
1297
2375
743
1521
916
1907
1752
1236
1406
2013
1353
1986
838
1719
2178
1481
1607
2394
1926
1444
1965
1596
1371
1242
1588
1713
1198
1930
1295
2282
1353
2335
1875
1650
1082
1566
1363
2131
2468
1429
1573
1730
1975
1137
1779
1959
2039
2061
1900
2379
1748
1287
2035
1142
2192
2176
1699
1688
1165
901
658
1565
1577
2278
1819
2281
1457
1527
1426
1110
1660
1643
1367
1619
1377
1524
1931
1602
1550
1236
1551
1745
1819
1104
2065
1283
1818
1913
1683
1852
1150
1721
2010
1243
2175
2017
1822
1576
1463
973
1507
2252
2151
2284
1415
1928
2271
1874
1137
1802
2508
1393
2132
1563
1218
1145
1588
978
1145
2263
1391
1783
2403
1580
1315
1329
1275
1278
661
1637
1835
1019
1678
1905
1814
1252
1445
1617
1104
1205
1347
889
2011
981
1755
1503
2023
1118
2180
1358
1455
1223
828
1588
1450
1857
1419
1810
1068
1885
1227
1469
1797
1760
2442
1349
1112
1158
2302
1330
1819
1299
2223
2048
816
1433
1740
1035
941
2385
2206
951
1687
1105
1382
2106
1849
1325
900
1206
1491
1432
1982
1797
1760
2358
983
1385
2114
1876
1540
1894
1348
1556
1171
1257
1717
1342
1580
1499
1852
1356
2424
1205
1572
2206
1406
1670
1993
1232
1808
1743
2021
1779
1414
1903
2360
2285
2516
1537
2064
1907
1033
1406
1997
1076
1293
2028
1584
2142
1450
1930
1810
2409
1135
1735
1693
1746
1830
2308
1835
1358
1408
2381
1406
1912
1679
1742
1740
1604
2373
1109
1919
2043
1818
1302
1402
1929
2021
1375
2372
1855
1516
1357
1907
1266
1242
1617
1605
1539
2005
2474
2491
1722
997
2160
1438
1664
1984
1306
1385
1898
1789
1587
1849
2055
2158
1042
1015
2103
1775
1901
2438
718
1907
1815
616
1997
1670
2297
1092
2062
1407
2401
1840
2194
878
2125
2356
2033
1830
1176
1347
1381
1477
1942
1828
909
1760
1626
2479
1848
1534
1212
1180
1484
1623
1447
1892
1819
1033
1054
1233
1976
831
2191
1822
1122
2251
2106
2490
1001
1921
1350
1487
1561
1974
1724
2025
1334
1679
1776
1570
1459
1865
1906
1916
1705
1380
1746
1483
1392
1452
606
1853
1841
1361
995
1307
2051
1609
1203
1306
1853
2210
1120
1653
2104
1604
2253
1544
1120
1560
1508
1206
892
1758
914
2516
1464
1531
1594
1198
1401
1945
1987
1557
1027
1052
1527
2074
1267
2262
940
1255
1799
1395
1518
1594
2091
1496
1834
1048
2116
1603
976
1495
923
1644
1179
1699
2334
2168
1617
1188
1083
916
807
1882
1151
1746
990
1339
1774
1440
1734
1310
1175
2169
1436
1917
1342
998
1472
937
1626
1966
1112
1310
2121
1469
1931
1262
975
1549
1497
1695
2025
1496
1741
2421
1857
1561
1558
779
2581
839
942
1698
1227
2027
1523
1701
1819
1412
2063
2010
1456
1295
1090
1985
1327
1404
2217
1773
1881
1613
1393
2309
1868
1349
1542
1561
1624
1551
657
2266
1374
768
1487
1753
1672
1791
1702
1911
1706
1518
873
861
1963
1595
2032
1661
855
1499
1755
2443
1779
1465
1312
1098
1914
1037
986
1295
765
1869
1764
2492
1676
1216
1145
769
1612
1568
853
1667
1375
1446
1546
1033
951
1784
1392
1613
967
1665
1681
1348
881
1858
1762
1767
1777
1377
1754
1810
1651
1432
1563
1224
1307
2524
828
1312
1371
2048
2070
1660
2224
866
2069
1484
1768
1828
1687
1913
2442
1268
1961
1631
1553
1729
1706
2038
1922
1631
2437
1327
1730
1120
1160
2038
1267
1720
1176
2046
1322
1563
2385
1084
1686
1707
1831
2196
2507
1148
1303
1684
1313
2445
1777
926
1556
883
1207
1981
2333
1167
1599
1029
1867
2104
865
1850
1822
2250
1490
902
2614
1267
1771
1023
2217
909
1386
1448
1459
2264
1583
1807
1996
1613
1391
1752
1239
1551
1587
1106
1430
2113
1061
1733
1121
1768
1442
1402
1195
1502
1889
2237
939
1229
776
876
1843
2064
1744
1355
1516
1442
1055
1724
1453
1386
1232
1512
2394
1751
1666
1086
678
2131
2181
1428
1997
1729
760
1593
1041
1486
987
1422
1215
1032
890
1538
1221
1480
2218
1999
1783
2011
2234
2016
2059
1082
1603
1602
784
1180
1761
1069
1534
2341
1087
2307
2139
1481
1656
962
1044
1407
1293
2012
2025
1699
1501
1283
1325
2072
1524
1689
1617
2139
2240
2178
1672
1822
1696
1082
1592
1319
2258
1561
2235
1918
1473
1300
1758
818
2430
1664
1376
1824
1559
1639
2182
2212
1771
764
1430
1488
1728
1866
1410
1838
971
1955
722
1370
943
1684
1735
1863
1379
1462
1436
1709
1022
601
1400
1734
1295
2428
1025
1503
1403
1620
998
1872
2099
1329
1508
1819
1046
1418
1829
982
1381
1806
1600
1909
1459
1937
1955
1419
1296
1746
1678
903
1785
1602
1127
1254
1393
1296
1166
1734
1530
1447
1239
1703
2072
2030
1591
2229
1982
2365
1927
1503
1905
841
1739
1053
1863
1650
2293
1733
1680
2060
811
1222
1789
1815
1203
1326
1068
1768
1505
859
1265
1897
1904
1144
2406
745
1755
729
2608
1194
1422
1491
765
1812
1714
1576
1540
870
1787
2123
1081
2057
1861
1148
1327
1483
1105
749
1832
1588
1389
815
1150
569
1278
1033
2080
1785
2172
1456
1629
985
1901
2499
1649
2059
2054
1750
1834
1426
2155
1226
1410
2243
2499
1430
1297
1496
1925
2017
1995
1863
1082
1462
1816
2189
2027
2301
876
1102
1146
1616
1216
1207
1478
1180
2035
2195
2059
695
1391
1383
1595
1872
1313
1412
1751
1901
2052
964
1686
1743
1493
1628
1537
1924
892
910
922
1920
1089
1997
1549
988
1541
1139
2253
2034
1315
1536
1046
1196
1961
1799
2221
686
1262
1628
2131
1704
1273
2226
1459
2188
1545
2338
1686
1671
1308
1761
1406
2037
2120
1941
1064
2189
1002
1274
990
1444
1075
1418
1286
1479
2583
2424
2085
1772
993
1737
2020
2450
1078
1467
1134
1565
2063
1283
1246
2128
2110
1474
2135
1845
1979
1516
623
906
1782
891
1462
1885
1498
1691
901
2236
1830
1622
1787
1790
2146
1595
1532
1610
1385
2084
1324
1635
1444
1759
984
1834
2197
1252
928
2102
1824
2425
907
2262
1776
1510
1661
1819
2032
1231
1594
2151
1116
1327
1513
1660
1340
1465
1439
2300
1860
1935
2190
916
1537
1640
1646
1776
1794
1602
1768
1086
1549
1381
1248
1565
730
887
1827
1352
2274
1242
1727
1508
795
1071
1879
1492
1293
1927
2223
1434
872
746
1792
1557
1303
1091
2401
2435
1675
1044
1580
2017
1909
1806
1020
1464
1415
1053
1449
1564
2165
1565
1493
2403
1792
1976
1119
2444
1536
1673
1721
2135
1293
1887
1647
1326
2133
2201
2409
1506
1260
2082
1088
1539
1245
1477
2183
1629
2143
1302
729
1626
1656
1537
2114
677
1552
1403
1577
1742
1351
1141
1395
1784
2165
1785
1423
1720
1426
1147
2172
1541
1224
1948
1502
1519
780
1083
1154
1062
1683
2126
1812
1345
1596
1645
1304
1670
1522
1297
1976
1753
1059
1603
2210
1642
1241
1126
1727
702
1326
2114
1515
1812
2310
1430
1640
2142
2380
1305
1182
1579
2011
1782
1735
1701
1627
1764
982
718
1424
2311
1524
2247
1372
771
1448
1580
1865
1333
1724
2362
2321
1295
2047
966
1230
2180
1053
1449
803
960
1878
1219
1622
1098
1253
1234
1089
1436
1041
1578
1800
1768
2520
2111
1740
1868
1755
1872
1410
1779
876
967
1427
863
2106
1714
1215
1972
1032
1708
1639
757
1175
2143
1350
1204
1282
2215
1507
1482
1862
2114
656
929
2181
1451
2144
1531
1998
2154
1757
1800
1385
1533
1135
1117
1936
2060
1022
1104
1478
1175
1272
1817
1180
1063
1389
1097
1806
758
2214
2222
1840
2158
1140
1832
1639
1654
1960
1400
1114
1667
1260
1377
2037
1777
1316
1354
2421
1475
1169
1317
1065
1961
1621
1464
1137
1755
1547
2296
2002
1764
1262
1526
1425
1086
1422
1278
808
897
2118
2115
854
1481
1250
1074
1745
1967
2382
2374
1684
2379
1161
1600
1430
2245
883
1818
1785
1842
1635
1906
1444
1701
856
1145
1404
2100
1638
1560
1202
1523
2038
1956
1966
1632
1226
1014
2290
682
858
1073
1116
1830
1661
1212
1897
1838
1565
744
1554
1235
1669
1906
1490
1221
2050
1126
2130
2562
1168
1645
1471
1285
1187
1176
1858
1982
1623
777
1473
1945
1204
1703
1772
1740
1193
1520
1602
1517
1606
2323
2262
1213
1590
1424
1031
1388
1928
1336
1888
1284
2021
1714
1293
1887
1597
1947
1744
1809
1794
2346
1546
991
2013
1786
1197
1083
1912
725
1092
1748
1112
2436
1950
1965
1769
1799
1854
653
2005
1589
2098
1305
2364
1630
1652
1597
1738
2094
1124
1467
1791
1016
1739
2202
2392
1939
1421
1528
2150
2099
1083
1898
2198
1459
2099
1227
2103
1226
1881
1427
1632
597
867
1831
2142
2655
1642
1739
833
1527
1377
771
1424
1726
1581
1072
2047
1473
1566
839
2234
1956
1248
1483
1064
1117
1313
787
2069
824
885
2321
1080
2030
1223
1537
1018
1248
1335
1151
1771
1266
961
1680
1638
1376
1671
1545
1517
1412
1394
1314
1097
1058
961
1055
1660
2370
1677
1658
1380
2067
1663
2111
1381
1818
1987
1579
1942
1206
927
857
1581
1892
2062
1022
1862
2118
2482
1551
1446
1559
1229
1242
1772
1966
1244
835
1395
1237
1439
2022
2615
2120
2040
1904
2277
799
1727
2468
1815
1443
1558
1748
1302
2109
1447
1399
931
1007
1775
1637
1996
884
911
1733
1362
2269
1470
1346
2212
1793
1053
978
1210
1758
1314
1716
1489
1805
1261
885
1565
765
2518
1766
1066
1262
1508
1299
892
1179
2143
1770
1727
1076
1207
1177
1682
1304
1215
1535
2065
1078
1726
1865
1588
2115
913
1804
1531
1464
1332
803
1870
1479
1637
1487
1627
1429
1243
2599
1081
1078
2407
1603
1956
1784
733
1578
1950
1702
1812
786
1528
834
822
1946
2042
2543
2256
2000
683
1815
1336
1994
1559
715
964
1866
1335
1150
1424
1227
1763
1331
2308
2207
1324
2161
810
1189
1769
1234
1584
1501
2407
914
1581
804
1693
1557
936
1500
1925
1226
1623
1574
1936
2496
1518
2288
1742
1731
2150
1483
1491
2017
1751
1191
1478
1592
1271
787
1047
2093
2454
1471
1515
1876
2201
2329
1099
1605
1562
1745
2321
1874
1541
831
1882
1335
1283
1998
1132
1856
1275
1461
1733
1441
1664
1579
1697
1636
1574
1806
1183
2181
1724
774
1351
1544
2056
1723
1808
1514
1683
1074
1430
1457
1694
897
1562
1497
891
1547
2258
1591
1100
2068
2225
1294
1898
1754
1465
1265
1507
1958
1663
1330
800
1153
2083
1532
1677
1520
1994
1271
984
1684
2027
2293
1261
1100
1365
2423
1751
1963
1521
2218
1475
1843
1918
1830
1872
1196
1633
1735
2150
1098
1870
2015
1975
2135
1820
1448
970
2649
1693
1916
691
1371
2570
1708
952
1397
1554
1408
1302
1533
1175
2412
1455
2267
2528
1652
1617
1564
1581
1133
1187
1289
1128
947
976
1050
2194
2028
1422
1519
1637
1871
2284
1927
1588
1867
1348
1532
1040
1230
1924
2118
1151
1278
2092
1766
2346
1558
1835
1671
1318
1750
1332
1531
2059
1183
1222
1787
1425
1341
2163
1551
1816
1206
1909
1085
1517
1446
1383
2131
1705
1541
1677
1067
2041
2131
682
1407
1827
1876
1378
1459
1694
1080
1679
1098
997
1803
2277
1869
1510
1371
1749
1943
1511
1248
2515
805
1432
2066
1902
2084
2418
1144
2040
1039
2222
1195
1403
1820
1533
1175
1616
2400
1504
1178
2049
970
1754
1282
1600
705
833
1662
1607
1782
2015
1957
943
1021
1411
1899
728
1781
2287
1808
1608
1281
1563
1808
2486
2084
2459
1854
1769
1727
1417
947
1743
1759
1111
2306
2042
1673
1574
2113
976
1684
1685
2336
1766
1475
1352
2226
1632
1191
1657
1630
845
1670
1596
2058
1843
1236
1431
846
1438
1012
1472
1146
1240
1733
2550
1713
1633
1300
2173
1996
929
1419
2001
980
1521
2112
1563
1573
1851
930
2007
1564
1672
1969
2058
1543
1366
782
1962
1582
1328
1134
1429
1717
956
1676
1250
1095
1562
2102
688
1755
1972
1344
1599
1686
1868
1612
2140
1235
1500
1265
1602
1471
1548
1667
1470
1353
1863
2121
1793
1532
1202
2108
1567
1715
1513
2246
1618
915
2175
1740
1756
2189
1551
2347
820
2396
2141
1443
1914
931
1334
1763
2420
1749
1552
1626
2110
2236
2207
1660
2001
1608
1709
1360
1504
1562
955
1393
1551
924
1264
1084
1371
1062
1611
1431
1586
2196
1473
995
1324
2455
1642
1237
1156
934
1745
2159
2308
623
1595
1421
955
1299
969
1821
1443
1502
1590
1267
2308
2099
1608
1003
1446
1646
1550
1996
2390
1696
1788
1775
1097
2017
1960
1289
1649
2371
1425
2530
1688
1521
2052
1045
1568
1063
1849
2332
1456
1451
1416
2004
2015
1885
867
2398
1579
1909
1443
1726
1828
1450
1354
1309
1079
1182
1774
1589
1516
1999
1752
953
1224
2103
2371
1376
1330
1519
1279
2499
1909
1198
2300
868
1966
1456
1867
1583
1078
2048
2395
2264
2553
1823
2047
1878
2376
1538
1565
1451
1347
1749
1235
1418
1528
1241
1024
1613
1369
1083
2451
1120
1671
1633
1246
1908
1652
1525
1483
1472
1793
1719
954
914
1640
1389
1868
1903
2475
1337
1907
1231
1501
1465
2119
1420
1659
1075
1707
1870
1736
1724
1532
1918
1743
1143
1571
2276
1653
1141
1479
1599
1097
2126
2515
1693
991
1115
1507
1690
1383
1574
2463
1540
1608
911
2265
2017
1679
1496
1681
1680
2101
1983
1676
1908
2003
1812
2114
1350
2107
943
2196
1589
1340
1135
1878
1761
1125
990
1460
1211
1322
2167
1576
1106
752
2260
1404
1469
1690
2148
1545
1856
2436
1863
1057
890
1482
807
641
1532
1608
1162
2472
1304
1797
1527
1309
1058
1237
1676
2003
1058
1573
1281
1614
786
1507
913
1958
1914
1329
1256
2017
1428
1664
1603
1708
1137
1716
1778
1733
1454
1860
1896
2461
1855
1447
1309
1081
1642
1001
1556
1781
842
1913
1443
2206
1860
1223
1182
1581
1243
1708
1427
2081
1368
665
1054
1898
879
1465
745
1782
1784
728
1676
1797
1164
719
1843
1562
2134
1662
1981
1631
1866
675
2246
1768
738
1454
1534
1610
1948
1484
1986
1093
932
1854
1942
1549
2269
1593
1438
1302
1648
1192
2183
1617
1137
2009
1580
1346
1938
1579
2043
1504
1827
1982
886
1025
1064
1893
1460
2063
1838
1782
1799
1357
2437
1227
1932
1635
1883
1380
1379
1699
711
1470
942
596
2436
1477
1451
2152
1724
1828
1554
2302
1408
2421
2180
2272
774
1096
2205
1124
1430
1370
1601
1038
1585
2079
1633
1420
1511
1166
888
1728
1692
1276
1591
2120
786
1941
1924
1793
1949
2036
1189
1471
2413
1990
1692
1851
1085
1416
1576
1457
1804
1436
1714
1945
1486
1231
1512
1542
1226
1679
2542
1916
1705
1198
2040
2329
2060
1353
1349
1384
1076
2227
1567
2190
1842
2446
1831
752
2224
2029
2189
1741
1442
875
1878
2071
2028
932
848
1281
1401
1970
1922
1091
1094
1960
1106
1917
1822
1399
2458
1133
1620
1067
1845
2072
1308
2098
1433
963
1463
2161
845
2277
1419
2299
603
1468
2270
1231
670
1587
726
1893
824
1931
932
2121
1639
1705
1173
1396
1231
1410
1941
2344
1182
1123
626
1403
1489
2325
1469
1497
1867
896
1606
1439
1144
1951
1624
2176
1594
1195
1398
1534
1318
1172
1844
1637
1550
871
1490
1520
1683
1951
2054
637
1583
1623
1884
1404
1462
1567
1315
765
1744
1184
1105
2431
1627
1660
1701
2145
1601
2273
1072
1586
1351
1201
1312
1492
1603
1276
1642
1394
1825
1121
2174
880
1321
2156
1255
1940
1867
1605
2271
2228
1192
1550
1123
1573
1359
1565
1698
1400
2326
1376
1448
1630
666
892
1777
1305
1197
1847
1539
1491
1476
1364
1495
1612
1321
1552
1489
2316
1717
1392
1927
697
763
1734
2254
1621
2069
2256
1484
1917
1372
1315
1432
2565
1580
1642
2006
2068
1421
1989
2558
936
1590
1545
2422
1317
2517
1575
2099
1394
2262
1218
2388
1708
1956
1644
995
1119
1228
1450
1538
1319
1343
1720
1714
1875
1370
2336
1855
1447
1937
903
1859
1624
1377
930
1494
1701
1340
1593
759
1062
1870
2213
2016
1953
1034
1370
2132
801
1696
1406
1476
1469
1622
1964
1355
1283
2291
1582
1689
1757
2455
1521
940
1728
2086
1641
1251
2123
2048
1990
2200
2078
998
874
1860
1179
1153
1543
1392
1388
1455
1588
1672
1292
2324
1993
1354
1066
1559
1867
1419
1626
947
1444
1722
899
1660
1230
1004
782
1346
1814
2256
1617
2366
2039
1646
1759
2202
1348
1333
2351
2143
1866
1887
1534
1775
1545
1443
1491
1193
1697
1378
1883
1621
2079
1624
1409
1367
1564
595
1802
1415
1062
2105
1304
1451
1669
2440
1715
1513
1754
1985
2189
1346
2216
1654
837
1242
1677
1940
1591
807
1231
950
796
1526
1011
1463
1497
2011
2008
1405
697
1632
2186
1826
2056
1451
1149
1568
1025
1432
1516
1978
2567
2219
1311
1377
772
1506
821
989
1353
939
1191
1579
1085
1117
1642
1235
1521
1246
636
1287
1197
1512
1465
1573
2500
1438
2136
1244
1485
1585
1784
891
2126
1369
861
2052
1175
1070
1571
2295
1958
969
1309
2496
1310
2112
921
1343
1684
1640
1564
2314
1523
2206
1718
1342
1339
1426
1640
2051
1690
1278
1848
2181
1203
1667
2165
1908
2063
1878
1692
2059
1573
1805
935
1986
1906
1781
2111
1617
880
1572
1924
2095
2158
1472
1229
1332
1101
2367
2400
2296
1705
1209
1267
1008
2225
1607
1779
968
1422
1864
1924
1252
1636
2092
1871
1716
2087
1256
1782
1619
1596
1492
1123
1606
1108
882
1870
1972
1660
2160
1128
1116
1599
1534
1816
1569
2068
2477
1342
906
2028
1019
2010
1946
1511
1516
1065
1346
1326
1959
1035
1834
1394
1918
1207
1111
2086
1665
2069
1191
1644
1909
1529
1639
2251
1876
1576
1233
1619
1425
1584
2226
1165
1650
2325
2534
1919
1928
2183
1553
1931
1198
1985
1271
1233
1299
1945
1755
2005
1315
1036
909
1396
1243
1609
2072
1220
1915
1573
1603
1174
873
2099
2553
1332
1385
2185
1777
1800
2070
1283
1172
673
1644
1945
2430
2233
1276
1571
2233
1494
1467
1812
2391
2484
874
1408
1732
977
2262
2181
1504
1586
1798
1077
1818
1742
1582
1344
2283
1309
931
1395
1630
1109
1677
1811
1808
1649
1870
2337
1409
1737
1808
1202
997
1808
1829
2013
1816
1311
1416
1381
1499
1015
2039
1532
1594
1707
934
1739
976
851
2097
2439
1889
1807
1686
2101
1238
1006
2328
1259
1481
1755
1014
2453
835
1367
1554
1872
795
1787
1857
820
1033
1493
1623
2554
1730
2326
789
1799
2183
1644
1607
1408
2444
2245
2324
1428
1415
1233
2138
1252
1765
1992
1077
758
1906
2008
882
1714
2070
1251
2238
1398
1609
1661
1540
1921
1973
882
1333
1504
1373
2260
1576
1672
1415
974
1062
1848
1432
1353
1792
1982
1697
1770
1442
1726
1449
1217
1333
990
1181
1606
1441
881
2083
837
1478
2126
1490
1648
1297
2465
1335
802
1043
1399
2370
1557
2195
2051
1618
1232
1884
1470
1713
1993
1620
1841
1648
2031
2162
2492
2437
1758
1164
1574
1398
1423
2346
1006
1693
1077
1982
1749
1793
1148
1004
1184
1008
1278
1677
1809
1853
1193
2388
1412
844
1055
1470
2008
1929
1149
1336
1396
1253
2187
2103
2085
1636
1139
609
1049
670
2012
2201
2238
2024
836
1322
1277
1127
1255
1682
1136
1601
1793
980
2116
2048
825
2172
1394
2254
1135
1276
1851
962
1531
1470
2154
1780
1277
1190
1139
1839
1371
724
1017
1377
1692
2393
1410
1597
1135
1786
1717
1677
730
1071
1715
1625
984
2424
2040
2176
2042
959
2140
911
1891
992
767
1351
1731
935
2110
1725
1528
2149
1147
2346
1510
1171
1619
1017
1118
1995
1167
1626
1340
2425
1292
1317
1973
1976
2145
2172
1773
1385
2187
2136
1560
1093
1874
2088
897
1543
713
1623
846
1925
1896
1472
1023
2182
2225
2191
1646
1314
1703
1019
1872
1947
2016
2100
1151
2073
1095
1222
2302
2024
1140
1399
1087
1697
1984
2083
1611
2255
1604
1695
1980
1734
2101
1112
1199
1591
1210
1823
1797
1472
1715
1620
1319
1685
1126
1627
1586
1222
2026
896
2222
1631
1397
1671
1393
2192
718
1942
2434
1640
1169
687
1074
1471
2073
1418
1794
1134
1546
1317
835
2042
1446
1620
1873
1576
2311
1148
2180
2549
1659
2511
2075
1940
2095
604
1632
2610
1112
1483
1573
1784
803
1166
1313
1514
935
1220
1869
1145
1711
1348
2493
864
1532
1028
1913
1343
1162
1575
2141
1727
1964
1114
1075
1944
1359
836
2267
925
1697
1575
1419
1788
2030
1492
1767
1857
1617
863
2323
1381
1959
1662
2273
998
1945
1708
1867
1653
1714
1029
1980
1639
1770
1981
1679
2442
1613
933
951
1141
1924
1736
1887
1202
1119
1212
1036
1591
1582
1108
2076
1171
1510
836
1710
2282
2135
1872
2091
1545
1656
1095
2234
1509
2393
1639
2406
1817
1888
918
1338
1852
1731
1627
1563
1903
1797
669
1854
2099
1122
2133
1691
1324
2365
1226
1761
1484
1552
1497
1105
1186
1625
1972
1378
1832
1259
1317
1026
1948
924
1040
1786
1663
1161
2095
2359
1576
1134
1381
1295
1383
1344
1849
1766
1099
1348
1912
2020
965
1704
2184
1965
1373
2235
1344
2016
2588
1766
1904
1675
2612
1599
1525
2219
1022
1349
2020
1621
1268
1357
1854
1616
1166
1645
1733
975
1927
1272
1241
1657
1481
968
1586
1741
2044
2103
1681
2218
1566
565
1871
1817
2410
1799
1793
2239
1993
1354
1124
1100
1563
1555
1431
1654
994
1939
1796
1488
1337
2403
1789
1686
2036
2061
1092
1662
980
1866
1766
1283
1836
1925
1594
1294
1636
1392
1536
1320
2064
1629
1406
783
760
1175
1407
1422
1357
1794
554
899
1745
1574
1752
1951
1199
1623
1614
1798
2079
1678
1767
1419
1843
1075
1970
2351
1709
669
1486
1388
1669
1815
2515
2312
877
2130
1811
2416
2212
2112
1975
1450
1755
1790
2000
2249
1850
931
1470
1418
2108
1269
2066
2257
1414
1814
1116
1475
1717
1059
1633
1795
1388
1094
1454
1680
2157
2114
1521
1787
1837
2244
1549
2221
1108
2192
984
1875
1863
1295
1953
2002
1388
2282
1968
1170
1603
1941
1853
2304
2458
1013
1625
1251
881
1562
1340
1099
825
1260
1768
1799
878
1865
1749
1333
2074
1766
1706
839
1400
725
1973
1881
1311
2294
1603
1201
1671
953
2000
1407
1914
1007
1767
1579
1152
1179
1900
772
1649
1828
1656
1636
942
2041
1844
1891
1896
1482
1836
1926
2415
1684
2150
1552
2070
1703
2320
1340
1299
1347
1785
1933
1411
1781
1363
2187
971
1141
1860
1638
1322
876
1559
2031
1717
2056
994
1490
1372
2360
1646
2130
683
749
1796
2075
996
2029
1725
693
1220
1606
1396
1978
1160
1348
1248
1644
1661
1431
2527
1897
1554
1953
1603
1055
1130
1262
1574
1234
1082
1972
2013
1570
1550
1465
1025
1845
1160
1683
943
2050
845
2394
1888
1397
2403
1561
2099
2033
1706
1864
1743
2123
2063
1825
757
1047
1884
1538
2069
1397
2401
1456
1566
2017
1276
1167
858
2264
865
1992
1068
1392
2469
1609
1251
1829
1286
1191
1500
1313
1407
2312
2214
2037
2153
1801
2167
1607
2289
1320
795
1530
1432
1776
1444
2024
982
1554
1923
1352
1469
949
1565
2190
1653
1935
1603
1338
1530
2220
962
1558
1645
864
1876
1964
1164
1835
1220
1382
1700
1279
1239
1257
1003
1452
1427
1475
1530
950
1228
824
2104
1724
2233
2258
1640
1467
2003
1540
1683
1221
1835
1615
1876
1127
1408
1267
2117
2107
1572
1882
1552
2210
699
2422
1619
1754
1450
2136
1184
1348
1392
1855
1844
1352
1566
2352
2119
1335
1901
1900
1971
590
1960
1800
2101
2126
1086
615
1890
2171
2191
1822
1811
1592
2372
1208
2027
2394
1051
1404
2358
1691
1751
994
852
683
1526
2056
1426
1687
1904
2193
1970
1460
1400
1254
1980
1761
1588
1862
1675
1183
2121
1810
1501
2313
1658
1794
1716
1779
1219
1901
2189
1550
1699
1522
2068
1486
1291
2436
1522
2175
1813
1571
1771
1613
1559
1269
1953
2076
1685
1425
1664
1945
1865
1463
1398
1746
1261
1258
1637
1645
1771
1394
1134
1565
1038
1685
1963
776
1386
1494
1607
1224
1325
1607
1639
1453
1482
1100
1831
1124
1900
2082
1738
2338
1663
1117
2409
1473
1714
1718
1698
2428
839
1973
1664
2383
1362
1077
2292
1728
1989
2309
1472
1711
1594
1182
2067
2161
2541
1942
1746
1340
1624
1931
1401
1758
1542
2346
2009
866
1493
1542
916
1470
847
1655
1965
1612
1323
1901
1173
1586
1587
1903
2382
793
1954
1798
1680
1115
1639
851
1394
1467
1705
2198
2233
1040
1709
766
2309
1880
2067
2578
1411
1157
1880
1685
2303
1866
967
1424
1412
1103
960
1552
2070
1183
1355
1451
1698
1969
2354
1686
1735
2103
1690
2117
1557
934
1701
1917
1508
1757
1779
1713
921
1303
1477
2253
1561
1503
1400
1406
1906
1687
1937
1103
2190
1712
1286
1694
1614
2083
1845
1109
1768
1381
1215
1519
1356
1823
1725
1688
1672
1649
1849
2174
1079
1309
888
1471
1576
1811
2398
2559
1466
1887
1191
2136
2463
1725
2135
1987
1528
1600
1339
2120
2129
2170
910
1004
1646
1308
1496
1339
1727
1478
2120
1948
1343
1591
1491
1056
1751
1583
1110
1648
1445
2559
2449
1840
2161
846
1631
1702
631
1019
935
2133
744
1793
1584
1997
1548
1878
1682
894
1947
1534
1369
1027
1820
1696
1597
1477
2062
1889
1548
1594
898
1702
2257
1986
1865
2093
1216
1398
716
1924
1684
1412
1129
1140
2098
2140
1629
2415
2113
2025
1570
1538
1674
935
1063
1242
1369
1618
1425
1354
1396
1569
1818
2369
1597
1634
910
1911
2258
1125
1290
1544
1708
2218
1305
1934
1407
1590
1182
1234
2250
1572
1665
1001
1419
2295
2607
1031
2133
1507
2010
1536
1464
1747
1323
1351
1851
1587
1810
1470
2187
704
2222
1486
1946
1348
1861
1641
948
628
1466
1442
1954
1944
1591
1856
1711
1343
1137
2233
1849
1134
1450
840
1720
1819
1503
1218
1741
2278
1259
704
1105
1344
1156
2374
1595
719
1703
1990
1963
1641
1969
1969
889
2343
1217
774
1825
2251
1056
1911
1704
2353
1778
1163
1751
1782
1843
1516
845
1191
1549
1640
1043
1879
1927
1038
895
811
1968
1338
1806
1331
1989
2015
751
1818
1315
1928
1156
1757
956
1859
1482
2064
1910
1770
1050
1711
1236
860
1109
1412
1681
1921
1422
1870
2174
1457
1854
2209
2134
1584
2567
2252
1471
1461
2109
1534
1801
1341
1759
1055
2613
1720
1538
1885
1361
1811
919
1637
1683
1830
1259
865
1496
930
2321
1698
1027
1592
1802
2004
1700
1665
2128
1861
644
1300
1189
1917
2406
1449
1119
1413
1078
1386
1984
1891
1970
1279
1543
1724
979
2151
1283
2187
1768
1067
1212
1434
1307
598
2054
1945
976
2455
2319
1799
965
2290
1607
2067
2299
2087
759
2284
2200
1312
1831
1666
2120
1316
1663
831
1926
1219
1202
2459
2156
1514
2235
2055
1299
972
1661
2050
1829
2540
1734
1014
892
1546
1497
2069
1309
999
2285
1632
1861
1705
1240
1543
1404
1861
1278
1188
1759
1950
1257
2383
1596
1191
2092
1679
1595
1616
2001
1238
1929
1659
1328
2049
1017
1684
2188
1612
2280
720
2396
1711
1428
1893
1941
1743
807
2106
2047
2097
1754
1795
1835
2631
1859
1245
1109
2312
1513
1782
1818
1599
1651
1372
1736
992
1614
1486
2147
2190
1576
1139
1836
1254
1127
1664
1693
1994
2127
1608
1472
1260
1031
1606
1685
2180
752
1404
1830
1902
2036
2338
1692
1445
2159
2229
1461
1583
2360
1148
1241
2344
1681
1976
1598
1491
1750
2235
676
1204
1671
1543
940
1860
1326
2097
981
1540
1192
1010
1281
2294
1728
689
920
1686
1168
1562
1518
867
1747
2012
2136
2038
1536
918
1408
1427
1727
1833
1437
2087
2214
1788
1076
2062
1816
1091
2595
1367
1208
1430
1629
1575
2146
1889
1446
1183
1256
1668
1329
671
1176
1192
1228
1546
1974
1523
1396
1376
817
1759
1162
860
2186
1663
1391
933
2055
1139
1685
1508
1531
1005
2090
1680
1576
1161
1729
1471
1256
1336
2072
1474
1594
2170
1383
1406
1235
2287
1864
2349
2417
2117
867
1878
1715
1837
1051
1115
2264
1853
1836
1487
1416
2253
2415
1483
1947
1255
2205
996
2336
1615
1735
2451
1954
2185
1409
997
1155
1416
2401
568
1529
1354
1970
1111
1189
950
869
2493
1614
902
1188
1962
1718
2359
762
1304
875
1425
1431
1252
1761
1842
1322
1879
1424
1638
2042
613
1439
2188
1217
2377
1447
1398
1653
2335
2597
1415
2205
1564
1538
1643
1654
2000
1396
1588
1719
1098
660
1607
1950
969
924
770
640
1906
2595
1531
1344
2285
1620
877
1693
1191
1878
1276
1128
1298
1201
1358
1437
1373
1763
1562
1686
2298
2628
1249
1171
1250
1781
1043
877
1740
1270
632
1519
1572
1858
1469
965
1785
1994
1251
1134
1928
1142
1522
2602
2439
930
917
2159
1659
1759
1723
2035
1164
1516
1590
1364
1693
1728
1882
2109
986
2003
1157
829
1567
1648
1910
1218
1594
2118
1445
1724
1546
1185
1819
1720
1431
1668
938
1670
1191
1323
1766
1646
1714
700
1071
1644
1359
1677
1629
2049
1387
1695
2035
1177
2139
2074
953
945
824
2034
868
1366
2346
2294
1527
1688
2149
2296
1651
1730
2113
2256
1439
1579
2308
1638
1966
2142
1706
1464
1145
1667
1267
2039
1448
1165
680
1708
1251
1900
1973
1790
1329
1133
1712
1437
1867
2138
1185
1098
892
2194
2129
1998
1641
1714
1981
1428
1080
1838
2473
1030
936
1613
1609
2082
2018
1458
1152
2084
895
1101
1530
1303
1895
854
1826
1555
2056
792
1641
2482
1526
853
765
1823
2425
1372
1983
2175
1256
1126
2218
2514
1202
1716
824
2125
1400
1949
2037
2121
2073
1826
1186
1504
893
1117
1602
2011
2016
1184
2402
2538
1310
1448
1908
1590
2372
1454
1768
1217
815
1516
1777
1126
1550
1939
1796
1404
2172
1410
1732
965
1941
1698
2406
2476
2091
1636
1668
1845
1828
1933
1200
1358
1722
2018
2172
1556
2123
2546
871
1763
1495
1103
1863
1621
2109
998
2066
1557
927
1000
1021
748
1323
1539
1453
2199
2344
1804
1609
777
1426
1649
2102
2247
1050
1545
1560
868
1981
1459
1514
1733
1887
1805
1773
1640
671
938
1040
842
1130
1595
2019
1510
1586
1646
2217
778
1714
1684
1664
1504
1624
1524
685
1713
985
1401
1916
1744
1392
879
2290
1664
1540
1584
1589
1774
2332
1906
2120
1630
1264
1463
1711
1138
1251
1856
1014
1656
1880
2414
1732
854
1578
2021
2250
1541
1673
891
2461
1219
1090
1607
1930
1486
1570
1927
2172
1937
1351
2482
841
1876
1576
1494
2346
1960
1143
2002
1444
1454
2108
1619
1427
1960
1644
1150
2217
1208
619
2211
1592
1242
1641
1468
903
2404
1471
1625
1223
772
1123
1442
1974
1204
1541
1536
1824
1164
1480
2064
1089
1471
1567
2246
1950
1399
2213
2543
1421
1883
1425
1930
1539
1938
1168
1601
1529
1525
1785
1699
1812
1743
1878
1744
2333
1604
1837
1362
2100
2011
1148
1949
2199
1582
1626
956
2012
1545
1074
1789
1700
1591
1831
1369
1635
1463
1054
1364
2046
1503
914
1983
759
1178
2273
619
2302
1260
1107
1265
1573
1869
1546
1542
1307
1868
1421
2125
1195
2073
1310
2563
820
1534
1177
1918
871
2495
1295
1780
1241
1552
1551
1294
2238
1793
1283
955
595
1632
1251
2115
1924
2055
1287
1881
2391
1530
1444
1453
1571
1682
1992
1504
1975
1239
1959
1571
1767
2224
2110
1261
2402
1533
1675
1133
1981
1096
1299
872
865
1157
1337
2211
1516
2304
2009
997
1298
1303
1801
1710
1672
1781
2522
1914
1658
1322
1029
1547
2447
2257
1860
1796
1338
2209
1912
1875
1437
1636
1301
2187
1523
767
1911
1636
1582
1401
1564
884
1280
853
1447
1418
1540
1034
1580
784
1241
878
1477
1009
1005
1186
2144
953
2045
1421
2007
1529
1972
1206
2345
2115
1821
941
2320
1680
1179
1135
1390
1110
1645
1306
715
1202
1666
1504
2485
2154
1214
1993
1623
1868
1565
1540
1486
873
1264
1733
1955
1319
1744
1277
1793
1690
2324
1187
817
1460
1488
1148
1161
1456
1768
1974
1721
2132
1753
1618
1988
2189
1768
1479
1217
1488
1439
1494
1221
992
1333
1785
1058
950
937
1654
1619
697
1707
1677
1707
2597
1584
1269
1325
1163
1431
1301
1065
1027
1922
2058
2024
1845
2169
1293
1969
1834
1894
1580
1663
2068
1357
1220
1461
1298
1378
1832
1362
1437
2000
1741
1447
2564
2227
1327
1762
1339
1826
2215
2194
2083
1960
1465
1965
1332
1854
1284
1708
1829
1650
2318
1483
1937
1632
1808
2356
1505
2212
1744
921
1214
1116
1956
1541
1032
1766
2177
1696
965
1053
1854
1191
1541
1503
1476
760
2045
967
1229
1948
1821
2293
2266
2010
1974
1995
995
827
2500
1700
1141
971
1581
2546
2301
2164
2446
1326
1716
1577
986
2223
1404
1969
2323
2082
1088
1000
1731
1373
1174
1599
2421
2518
2482
1311
894
1655
1412
1443
2286
1774
2014
992
1697
1416
1578
1635
1227
1114
1027
2548
758
1554
848
2241
1299
1762
1595
2142
1922
962
1313
1937
1540
1320
1048
1704
1302
1586
1287
1614
1673
1338
1602
1764
1380
1776
1424
1855
1705
2195
1573
1472
1719
1628
924
1436
1707
831
1648
1027
1530
2346
1608
2101
1721
1562
1292
1426
1987
1509
1585
1311
1262
1437
2074
1888
1888
1511
712
2053
2469
2610
1417
1944
1798
1662
1727
1568
989
1859
1932
1831
950
1919
2258
1932
995
1839
2361
1044
1737
1132
1039
2423
1419
1591
1621
1005
2082
2179
1916
2482
1291
757
2506
1912
1470
1697
1467
1448
1888
1099
1398
1404
1608
1476
1578
1818
964
2111
2042
2021
2469
2069
1083
1873
1649
1679
1319
1665
856
1634
1283
1672
1409
2164
1700
1514
1318
1355
1899
1335
1079
1518
1462
1993
2067
1647
1234
2072
992
1851
1278
1224
1171
1983
1275
1468
1683
1815
2169
1134
1353
2150
1835
1844
1922
590
1964
1033
731
1604
2136
1876
1353
909
1703
2553
2117
2641
2479
2427
1608
1736
2091
2348
1996
2103
1424
2521
2478
1584
1037
789
1447
1337
1142
2154
901
1380
2410
1152
2041
2048
1409
1421
1301
1322
2439
2213
1935
1857
1805
1855
2332
1676
1638
1858
878
1572
1779
1290
1187
1286
1613
1875
585
818
1114
1926
1285
1238
830
1611
1606
1245
1512
1825
868
1387
2109
788
2239
2261
2117
2023
1793
1954
2023
1488
1494
975
1416
1635
1580
1001
1577
2125
1323
2031
1579
775
1570
2274
1376
1271
672
1254
2408
1118
2204
2520
1620
1729
1330
2427
1158
1720
1340
1818
1040
958
1572
1579
842
1886
2649
1754
1279
1679
1342
1015
1559
1000
900
2219
911
634
1381
1943
930
1194
2025
1163
750
1795
1347
1705
1741
1975
1401
1111
1947
763
1471
1093
1593
1878
2419
2539
2415
1896
1614
1861
1045
2154
2433
1910
2473
1299
1361
1465
1987
1691
1884
2515
1632
1476
1902
2053
2262
2080
2382
1924
1402
1668
1779
1891
2242
2060
1940
1734
1776
2070
1153
764
2202
1971
1758
1704
1836
2480
1448
1017
1587
947
916
1467
1545
1369
2307
1422
1761
1450
1549
1477
1705
1615
1899
2069
705
1553
1750
1824
1109
1356
1146
2301
1677
1497
1758
2324
1560
1684
1316
1441
1325
2116
1627
2227
1609
1185
2600
2062
768
921
1344
1604
1388
974
984
1276
1870
999
1538
1818
1686
1536
2320
1744
1809
2096
2129
1544
1525
1911
1184
1598
1414
1645
840
2482
1451
2096
1590
726
1286
1351
2029
1709
1580
1394
2261
1371
1148
2117
1728
2071
1652
1468
1324
2194
882
1198
1748
2107
2360
1787
1321
1950
2177
2000
1223
2087
1778
1460
1574
1403
1039
1413
2261
1344
900
1529
1609
885
1001
1878
868
2136
2191
1923
1666
2084
1546
1877
1072
1439
2292
2143
1495
1516
1922
782
2326
1652
1443
2557
1087
1211
1010
1745
1941
2155
2056
663
1559
1344
2446
1773
1409
1580
1385
1547
1166
1647
1766
1195
643
1621
2214
1699
1712
1428
1653
992
1679
1978
1934
1389
970
2494
2101
2111
1619
814
1936
2161
1900
1515
1805
1001
833
1159
1184
1567
1957
1629
870
1801
1679
1092
1495
651
1035
1978
1783
1917
1529
891
1596
2132
1456
1554
2175
1260
1535
1383
1186
1228
1678
1151
1880
1099
1662
1003
1540
1812
2484
1473
1233
1600
2473
2086
2210
1437
1003
1381
1587
1621
1656
1526
1402
2143
2316
1769
1236
1496
1615
2082
1240
1578
1608
1161
1235
2141
1527
2279
1974
1962
1405
2027
1681
874
1416
1663
1722
1790
1624
1152
1440
1944
2078
2299
1694
2209
1314
1926
2025
832
1692
1764
1637
1912
1166
1333
1855
1899
1519
1403
1389
1874
1743
1798
1646
1518
1778
1515
1451
1271
1744
745
2476
2182
2048
1633
2318
1978
2217
2332
1896
1988
827
1487
2287
2235
1717
2224
1833
2260
1711
1630
1313
2257
895
970
1590
1406
2026
1319
1869
1355
1719
1558
1804
1199
1972
2040
1591
1136
1273
2241
1121
1798
1827
1467
1086
926
775
1753
1744
2463
2208
1857
1960
1002
1359
1238
1713
1479
1613
1097
1189
2129
561
1809
1099
1792
1603
1875
1833
1313
958
1024
1151
2163
1295
1510
1589
2461
1857
869
1751
1347
1463
1776
1640
1217
1817
1433
1217
1947
1152
1376
1731
725
1276
1763
2217
2386
1595
1390
1017
1489
2261
1095
2531
1923
1206
1030
1081
1078
1861
1548
1050
1943
1168
1927
1568
1359
1278
1363
1538
1936
2400
772
1790
1247
1268
1259
1509
1290
1735
1371
1169
990
1673
2000
2019
1900
1057
1896
1449
2069
2421
2559
1867
2299
1630
1150
690
1021
796
2093
1086
1462
1988
1453
1915
1158
581
1873
2289
1618
1898
1850
699
1151
1818
2214
2129
1547
839
1943
1885
1831
1965
1840
607
1269
2055
1447
1740
1856
1295
1171
1622
1557
2124
1477
1000
1615
1011
1379
2279
2279
597
1907
2008
1192
885
1384
1752
2068
1987
1494
1974
2304
1827
849
1435
1672
1063
1844
1742
1775
2139
1755
1325
2438
1768
1793
1784
1671
2095
2218
1683
1062
2031
883
1021
1115
1380
1940
1228
1787
1663
1876
1731
1784
1952
1750
2268
1673
1761
2058
1325
1653
1333
1869
1493
1880
1522
1394
1372
1323
869
1605
2189
1581
1959
1638
1664
1364
2240
1602
2214
1098
2177
1636
1743
1540
1583
1948
1240
1378
2142
996
1491
1620
911
1278
1701
2313
1489
1452
2490
2451
1541
1238
1572
1982
866
1364
1118
1473
2388
2070
1350
1611
1619
1410
1131
1311
1430
1780
2217
1248
1546
1602
1621
1787
725
2239
1481
1457
2054
2176
1464
1921
1331
820
2122
905
1734
1994
1045
2240
2061
1023
1659
2425
1215
1226
2394
1204
2011
1650
1963
1122
2209
1382
1283
1075
1489
1712
1381
1192
1531
1401
1145
1558
1934
1887
1816
2246
2122
1010
847
798
1397
1525
1308
1790
1311
1584
863
1642
1752
1123
1196
2309
1979
1689
2288
1725
884
1403
1932
786
1543
1508
1257
1822
1607
1408
2292
898
620
1900
941
1576
1291
1062
973
1471
1395
1606
1201
1043
1372
773
1170
1556
1631
1369
2137
952
2335
2109
604
1402
1486
2223
1516
1088
1906
1358
1277
2281
2065
1595
2252
1515
860
833
1779
1050
2296
1231
1668
2312
1051
2162
1555
1546
1519
1457
1734
1338
1264
1232
836
1538
1381
1065
1028
2251
1208
2286
1621
743
1578
1892
1759
958
1786
1999
2130
1420
1550
1667
1411
2123
2148
1540
1104
1505
1816
1921
725
1813
1474
1621
917
1580
1611
1596
1843
1707
2164
1685
1695
1787
1858
1660
1418
1135
1282
2277
2287
1650
2102
1531
2082
1328
2114
1502
1777
1979
1390
1356
1416
2278
1712
1345
1809
1609
2092
1816
1816
1054
2548
863
1421
1614
1486
1172
2046
1776
1321
2198
1626
1756
1286
2242
1802
660
2024
2115
1516
1859
1550
1628
2320
1596
1175
2323
1514
1474
718
1455
1654
1054
1254
766
1424
1692
1714
2059
1700
1981
1451
1620
975
1520
1695
2161
2535
1957
2343
2106
1338
1434
2225
1228
1629
2164
1747
1611
1419
1169
1411
2256
2025
1672
1901
1442
902
1860
2209
957
2113
1226
1625
1279
1471
1618
2419
1098
1552
2030
1699
1890
906
1008
2019
1750
1664
1810
1666
2225
1241
1039
1881
1254
1173
1539
887
1259
1772
1781
1714
1435
961
1916
1489
1679
1407
961
1086
1461
2198
2178
2049
1968
1895
1771
1879
1404
2224
1699
1114
1234
1930
1872
2602
1208
1446
1421
1939
1534
1580
1437
1397
1814
1847
1350
1384
1379
910
1443
789
1622
1833
1701
1440
2450
1643
1753
1415
1602
1761
1700
1974
1380
1302
1258
1076
1454
1230
755
1118
1128
884
1205
1898
2292
1284
1919
1767
1348
915
2120
2000
839
1792
2359
1717
1495
2078
2297
1136
2336
1380
1755
1315
599
1460
1588
2240
2583
1822
2076
1715
1687
2326
926
2047
1978
2355
2261
1116
956
1466
2247
1622
1017
1596
1574
1971
2385
1879
1839
1977
1696
1352
862
1137
2043
2302
1800
1132
1881
1727
1745
2434
1212
1096
1514
1943
1407
1358
1149
1844
1123
2010
1144
1257
2151
1010
2089
1248
1904
1569
2161
1606
1647
1716
1987
1510
1967
2031
1272
1314
1882
1088
1500
2138
2526
1351
1528
1352
744
2049
1705
1148
1803
1851
1567
1981
858
1508
1433
2358
1975
1353
1618
1969
629
1326
670
1183
1405
1815
1530
772
1537
1131
2277
1421
1413
1369
1976
1486
1795
1101
1675
1753
1181
1085
1694
1710
2578
1746
1465
1102
1936
1021
940
1554
2087
1707
2345
894
1366
1502
1045
1982
2146
1051
1826
1800
1595
1285
963
937
1330
1397
1749
1579
1310
2040
2089
1750
2269
661
1754
1252
1332
1045
1394
1966
1595
1283
1704
1875
1834
897
1963
1398
719
1435
1953
1821
1525
1317
1614
1438
954
1496
910
2395
1628
1326
1938
1691
993
2540
2043
1744
1048
1265
1879
1096
1377
2084
1289
1320
1669
1665
2052
1554
1221
2471
1417
706
1765
1279
1906
613
1929
1482
2167
1570
1628
1944
1218
1434
2331
2046
1575
1478
1659
1789
1566
1688
1361
827
2035
874
837
1318
1260
1626
1007
1731
862
1638
945
904
1409
1031
1181
1141
1975
2204
1795
1608
1968
1901
1478
708
1401
1676
1201
1865
1166
2031
2466
848
1952
2388
2211
1979
1588
1966
1422
1545
1426
1417
1571
1749
2364
1010
1861
2198
763
2012
2216
641
2140
1368
1920
1249
1882
1184
1739
1853
1214
2678
1638
1011
1421
1188
1061
1022
1976
2419
1543
2089
1721
1738
1189
2477
1756
1546
1498
1261
1005
1236
1945
2288
1935
1901
2144
1371
1287
2011
1386
1269
2128
1938
1777
1016
939
1923
1353
1325
2292
1458
2173
1916
1405
1602
1884
2005
1957
2198
2387
1650
1630
1586
1813
1323
1671
1820
1553
1509
2216
1131
1641
1088
2014
1650
1462
1883
1928
2058
1173
1621
1431
2368
2248
1006
1559
1976
2118
1311
1859
1586
1548
1291
1651
1733
1605
1297
1593
1290
1148
549
1103
1529
1893
1711
1454
2068
1181
1559
1173
774
1350
1689
1727
872
2027
1881
1209
2041
1395
2292
1266
1409
1548
1547
1561
1985
1621
1339
1119
2419
1972
2194
1888
2155
1949
939
2484
2014
1926
1507
1217
1549
1932
1838
1510
1994
1553
836
1449
1349
719
1676
1138
1680
1189
1238
1409
1294
1860
2245
724
1583
1576
968
881
1471
1468
2252
626
1342
2196
1787
2012
2045
1875
1661
1892
1877
1636
1742
2140
814
1399
2312
1581
2197
1951
2224
863
784
1885
2031
1804
1269
614
974
1528
1706
1710
1487
1100
1934
2177
1748
1449
1261
1347
1813
1284
1165
1654
1081
1767
1667
2064
2494
872
2019
1477
1947
2026
1132
1159
1923
1433
965
1288
1639
1128
1673
2594
1602
1397
2179
1051
1771
1937
1636
1595
2306
2522
1856
2506
1610
1828
1944
887
2029
1588
1577
1969
1863
1665
1605
1869
1450
1702
1660
1408
1818
2139
1694
1241
1068
1631
1269
1968
1411
1469
761
1330
1214
1920
740
1842
1691
1726
2159
1057
1215
841
2480
1822
1688
1239
2106
1462
1052
1007
1523
1899
1437
1912
1561
1674
1303
1686
1323
1348
1034
1167
2382
1165
1474
1790
1937
1835
820
1200
1811
1117
1363
1290
1699
1303
1735
802
1354
1302
1392
2232
1858
1632
2478
782
1877
1223
1270
2073
1263
1404
1169
1640
990
1957
2212
1689
1349
1876
1954
1032
1564
1600
1239
1080
1987
1338
1546
1365
950
2164
2599
1353
2021
1859
1029
1013
1440
1437
1991
1395
1925
2016
1014
1720
2571
1838
1566
1641
2097
2187
1314
785
1805
1534
885
1739
1604
2044
1739
2134
1584
2349
2104
1615
925
1254
2045
965
2251
1658
1711
855
1650
1564
2583
2558
1485
2359
1439
1863
1753
1999
1778
2000
2285
1634
1447
1657
1315
1818
1276
1377
1633
670
2289
1290
815
2326
1839
1924
1316
1792
1264
1673
1763
1027
1458
2320
1952
1420
1702
1841
2234
2390
1655
1644
2038
1363
2047
1043
1676
1587
1670
2191
1883
1783
1799
2342
1550
2053
1324
1729
2172
1344
1093
2318
2540
1302
1584
2060
1402
2328
1393
1566
951
2010
2078
2134
996
1195
1281
2449
2462
1760
2493
1682
1272
1150
1102
1726
2316
1773
2002
1963
1804
1319
1266
1554
2065
2004
806
1820
2344
1376
2144
1975
1078
2043
1649
2225
1391
913
1994
1780
1058
1693
1662
1655
2310
1916
1623
2103
2016
1399
1650
1692
1085
1285
1068
1869
991
1927
1099
1664
1502
2015
1980
1616
986
1301
1602
1404
1995
1909
2241
2353
1822
1906
1485
1078
1655
2294
1238
1338
2319
1043
1854
1087
795
1325
2111
1568
963
1521
2307
1554
1980
1362
1475
1274
1591
1482
1011
2468
1080
2132
1531
2195
2364
2169
1260
1692
1999
1720
2033
1443
2456
2073
1302
1731
1059
1993
2298
1937
865
2356
1716
1585
1498
741
2384
1151
1677
1584
1117
1629
1786
786
1122
1323
1526
1084
1404
1161
1125
2109
1851
1306
748
1827
1757
1279
1655
1865
1662
1636
2051
2289
1135
2494
1857
1563
2249
945
1421
1605
1823
1703
1243
1414
1885
2386
1434
1587
1773
1425
888
1559
814
851
1163
1159
1036
1698
2277
1385
1355
2020
2031
1715
712
1443
2402
1738
1992
1168
1638
1777
1556
2026
1464
1393
1460
2250
1111
1907
823
1143
2108
1674
2130
2049
1878
2055
1560
2034
2238
2101
1155
1819
1592
1142
2206
1912
1678
1363
2531
1906
1455
903
1085
1527
1575
1563
1577
1656
1487
2254
987
1546
1505
1427
1304
1408
2176
1428
1312
1028
818
950
1753
1177
1403
1759
1259
1541
2167
2153
1540
1013
2050
994
1634
1783
1537
2359
1824
1571
1291
2078
2297
1031
949
1875
1820
1831
2263
1579
1110
774
1492
1638
1330
1582
1405
1367
1465
773
1675
917
1786
1955
1400
1803
1311
2046
1598
1718
1380
1299
1206
1757
1137
1341
1438
1042
2210
1567
623
1419
1706
1788
1330
1662
2180
1516
1139
2556
1089
2137
1334
686
1839
1398
1613
1674
1932
2171
1012
2202
1615
1501
1850
1860
1909
1621
2208
1322
1347
1381
1200
1010
1843
1811
738
1735
1743
987
1545
1650
1992
2106
1153
1823
1949
1070
1725
1355
1181
1658
1367
2220
2093
1726
1569
731
2200
989
1897
1292
2352
2071
1531
633
2399
1411
1599
1637
1543
1242
1461
1271
2478
1551
924
1751
1882
2539
2130
1127
1836
876
1517
1433
992
1365
1675
1053
1536
2460
1492
1503
1009
929
1726
1022
1062
1483
1439
970
1091
1570
1605
1437
2126
2302
2135
1656
1550
1363
2256
2001
2002
1478
1687
2203
1808
888
1593
1097
982
825
1995
1254
1376
1093
1031
1680
881
1372
2011
2044
1570
1983
1781
1763
2295
986
1566
1641
2493
1411
1335
1991
1255
1947
1580
1621
1633
1083
1839
1490
1969
1611
1799
1717
2090
1586
1030
1731
1405
1644
1318
1763
983
2029
1748
1301
1784
1578
1079
1350
1157
1597
1106
2298
1474
1818
2049
1473
1188
1505
1202
1433
1788
1253
1800
858
1428
1889
1261
1811
1576
1117
819
982
2230
700
1428
1565
1139
1801
1461
1216
1739
2331
1789
1761
1167
1700
1275
1836
1973
1993
2048
2004
754
970
1715
1976
1615
1476
1361
1604
1421
1169
1406
1515
2113
2004
1962
1616
807
2056
1732
939
1158
2010
1156
976
1360
1090
1585
1252
2068
1897
1484
1761
1596
1720
1866
1741
1707
1125
685
1344
1143
947
1044
2469
2164
1926
934
1288
2164
1633
683
1736
2108
1579
1997
849
2333
2239
1506
1413
2149
1512
885
1760
1703
1962
1265
1823
1358
923
2017
1470
660
2062
2379
1527
1529
598
2541
1244
1012
1611
1408
1669
2052
1462
1362
2067
1457
1596
2197
1516
2241
2182
1252
2119
1720
2056
1702
2284
1258
1741
2423
1172
1282
1353
2132
2139
1763
953
1988
2176
1799
1010
1314
2150
1650
2261
1444
2159
664
1587
1729
1963
1417
1390
1407
738
1513
1859
2524
1943
1841
2104
1754
839
1664
2338
1860
1579
1251
739
1736
1713
2086
1311
771
1818
1598
2285
2276
1801
1120
1833
1934
1979
1384
2269
2377
1377
2222
2250
2325
2015
1696
1976
1827
1677
1416
1829
1705
1516
1774
2501
2056
2000
1794
2232
1631
1655
2176
1877
1227
1337
1568
638
1963
2001
1389
1220
2488
1209
1448
2134
2292
2059
1429
1998
2119
1824
2310
1574
2016
933
1084
1026
1413
1144
977
2382
1719
900
1191
1627
1081
767
2114
2332
1344
1631
1057
1889
942
2486
1644
1719
904
2529
1667
1585
1373
1115
1430
1061
1846
1499
1868
1219
1035
1585
1743
1845
1632
2067
1551
584
1419
2087
1760
1979
1923
2633
803
881
2198
1757
1519
2221
1687
1422
1747
1570
1955
2437
649
1179
1783
1331
1651
2587
2474
908
1624
1080
2207
976
1515
2141
2427
931
1943
1792
2070
1085
2334
1877
2111
1252
2158
1481
1640
2144
823
1511
1264
1687
1018
2006
1764
2215
1825
2406
1242
1680
1403
2155
2058
1955
1840
1558
1781
1347
1180
1845
984
1452
2096
908
1527
1534
1819
915
1705
1452
2422
1354
1024
1690
1533
848
2058
1454
1113
1488
1898
1784
2173
1748
1591
2117
1419
1528
1510
1333
1729
2005
1925
2076
1266
1748
1711
2499
975
2088
1126
1154
1401
1117
2285
1579
943
1931
1783
2050
2163
1553
1571
1268
1972
1777
1967
1318
1635
1795
1633
1510
1840
2026
2515
1607
2167
2204
1547
1525
2208
1993
1194
1237
1968
1620
2118
2394
2533
1356
2404
1276
2402
1987
1367
2115
2391
1973
1432
1907
1436
2277
1043
1716
1500
2164
1217
910
1928
1696
1129
1863
1384
1693
1389
1825
1238
1943
1855
946
1651
2299
1268
976
2134
1556
2033
2055
1753
2339
2007
1359
1098
1598
1653
971
1727
1698
888
1454
1580
942
1445
1641
1832
1216
1818
2025
1995
2179
1259
2551
1287
1755
1227
1772
723
771
992
2094
1813
1498
2503
1074
1627
1531
1045
2348
1570
1596
1531
1921
1500
1790
1356
1716
1669
1562
1687
2160
1641
2075
2408
2205
1429
2164
1408
1761
1581
954
2293
1472
2514
1243
1533
1280
1538
2526
1376
1885
1453
1598
768
1719
1640
1265
1318
2338
2178
876
2336
1815
777
983
1593
2161
989
1735
1901
1090
1456
1668
2473
2288
2226
1421
1579
1097
1239
1945
1724
2219
1318
1557
2098
1995
1205
1293
1237
1786
2278
1694
1448
682
2231
1179
1701
2378
1229
1621
2022
1244
904
1516
1871
988
1742
1630
1575
2544
1330
1889
1373
1755
1786
2077
1368
1490
1260
1341
1586
1448
1228
2334
1323
2057
1084
1394
1798
866
2182
1045
1377
1767
1424
1469
2369
1393
1801
2065
2473
2004
1649
1434
1463
980
2286
948
1197
1986
1527
2055
1005
2292
1968
1724
1818
881
1802
1582
1326
2040
2082
2255
1484
1127
1840
1410
1544
1550
1955
1097
2080
1682
1987
1986
1666
1298
1586
1529
1990
1666
912
1355
1592
1143
1169
1597
1664
1823
1681
1794
1545
2061
1279
1715
2598
1847
1201
1353
1677
2054
1259
1039
1357
1016
1629
2250
2283
2189
2412
2091
2350
1110
1864
828
1887
1734
2039
1354
1555
1343
1377
2272
1375
1985
2475
1365
2062
1992
1719
1456
1267
1159
1199
1041
1685
1757
1549
2036
639
2328
1291
1893
1225
1940
922
1067
1115
1391
2528
1913
2115
1026
1245
2093
1280
1811
1825
1265
2047
1466
671
1247
1371
2201
1902
883
2346
884
1950
1558
2053
2365
848
2174
1662
1495
848
2333
1753
1295
1710
1665
974
1636
1575
1840
1020
2284
1783
1407
1354
643
1383
2533
956
1279
2171
926
1868
1383
1182
1702
632
1659
1264
1772
1810
1652
1287
1376
1920
1025
1219
1302
1056
2146
1887
1794
2021
967
1285
1001
1541
2470
2499
2586
1497
2040
1939
1574
1375
1493
1532
2500
1201
1328
1684
1293
1207
1411
1648
1724
856
1277
1503
2410
1073
2157
1377
1587
1406
1041
1120
1689
1712
1672
1187
2135
1247
2276
1156
1048
1512
1136
2472
2131
1596
2148
1934
1487
1926
1541
1516
2213
1286
1707
1239
2335
2235
1761
1439
1625
1731
1161
1467
902
1580
1665
1719
1915
1591
1836
1406
1994
1076
1661
1417
1197
1063
1656
1348
2289
1433
1909
1580
1300
1109
1426
1327
1611
2000
1937
2675
1288
1503
1482
1015
1633
1790
2128
1401
1482
908
1350
1279
1788
1341
1769
2489
1956
1317
1347
2208
915
1695
1521
881
1715
1986
1226
2073
1176
931
1502
1872
1205
1255
1435
913
1331
1938
1196
1599
1289
2170
987
1835
1070
2046
625
1807
1738
1641
2143
1235
1249
1550
1503
1933
1529
1493
1383
1541
1505
1384
1408
718
1701
1405
1780
1936
2534
1886
974
1971
1438
1379
1470
1114
1989
1173
1621
1716
2121
1745
880
2194
1310
980
881
2082
1587
1533
2374
2312
2111
1443
1998
1343
2327
1040
1131
1765
1758
1590
1160
880
1939
1929
1701
1670
2248
1175
1622
1881
1427
1086
1524
1640
1470
1524
1277
1897
2377
1561
1944
1577
1949
1870
1548
2109
946
644
2032
1966
2055
601
1959
2410
1674
1747
1809
1683
1579
2097
779
1013
2060
1892
1094
1650
958
2405
1263
2466
1407
2016
1734
1527
1231
1000
901
1972
2162
1310
1748
2479
1057
1923
1848
1826
2170
1612
1007
1650
2083
1685
1415
1519
1704
1547
1364
2528
1681
2381
1006
791
1703
1704
1701
1480
1903
1415
1130
2429
2175
2460
1538
1608
1651
1656
1661
1976
1642
943
674
1651
1270
884
1909
1227
2428
1881
2496
2221
2023
1326
1840
1530
1567
2586
2397
2143
939
1194
1265
1988
1054
1863
1675
2096
1423
1967
811
1468
1023
2025
1218
1612
950
1090
1440
1354
1896
1492
1649
1759
2166
1733
1299
1460
1452
1935
773
1220
2123
1682
1700
1386
1471
1253
1638
1011
1923
2060
1408
1716
1797
1477
1708
1396
1506
1336
1706
1416
600
2303
1885
1884
1076
2129
1599
1975
2299
1648
2234
1494
1279
1609
2063
1947
1894
2249
1685
717
1103
792
1111
2237
2407
1173
1576
1324
1288
2178
698
1627
1232
1148
1234
1645
2331
2040
2008
1433
1050
2159
951
1464
2033
1536
1990
1879
1173
1918
1054
1630
1880
2125
1709
957
995
1538
1652
1321
2116
1811
1950
1728
1866
1018
1639
1001
2254
2398
804
1449
2162
1563
1705
1014
2133
940
2208
1278
1681
1662
1954
1202
1733
2396
1138
1325
812
991
1532
1735
624
1929
874
811
1088
1638
2646
1844
1733
1831
758
1539
1416
1080
2217
1987
1473
1610
1765
1465
2229
2136
2546
1630
1303
2353
2279
2088
1430
1993
1238
1436
2562
731
688
1876
1664
2120
1131
1714
1649
787
1716
1722
1577
1745
821
1994
1747
2398
1939
1775
1297
1181
913
2258
1333
1597
1796
2328
1746
1405
1556
1196
2204
1624
1177
1081
834
2105
1277
1730
1374
1652
2235
1167
1236
1714
1506
1732
1071
1802
1602
1718
1018
1784
1751
2191
2232
1179
1580
1654
1724
1654
1037
2265
1489
1003
1272
1306
1594
1791
1231
2095
2543
888
1887
1573
2079
1667
2411
949
2111
1777
1428
2539
1446
1647
1914
2368
1300
855
1619
995
980
1591
2084
2283
1641
1349
1625
1790
1520
963
2039
2241
1215
1517
1649
875
1380
1633
1526
2153
1030
1857
1892
1392
1691
747
1890
1624
2322
2481
1547
1769
1192
1141
2417
2178
2132
1884
1808
1539
1698
1361
2415
1839
1244
2182
1847
1510
1774
1367
1511
1668
1685
1996
2240
2311
1161
2103
2065
1416
1222
1592
2241
1868
1217
1610
1221
2123
1132
1023
1223
1230
2114
1727
1107
1555
1512
1851
2113
1676
1568
1975
1865
1192
1177
1883
591
2100
1251
1040
1625
2213
738
1468
2149
1051
1372
1691
1487
1082
1264
1772
1733
1766
931
1438
2034
2037
1166
1401
2319
2026
1478
1321
1888
1634
809
1684
1552
1439
1443
1159
1187
1427
1267
1254
2086
830
1517
1867
752
1489
1543
1293
1846
1734
1284
1621
1049
1240
1084
988
1742
1646
1274
1832
1709
2067
1304
1687
1611
2282
1889
2178
1668
1620
1068
1414
1543
2013
759
1603
1882
1419
1882
981
1553
1274
1382
1947
1331
1554
1507
1113
1657
1705
1717
1227
1562
2167
1890
967
1662
1427
2143
1378
1484
1605
1458
1624
2110
1947
1087
1920
1365
1679
1118
1624
1073
1620
844
1193
2318
1729
2312
1802
2209
1539
1236
1792
1746
1703
1595
1848
2229
943
1623
1603
1750
1354
2196
1964
1425
1521
2172
897
1816
1392
1902
1038
2346
1870
921
1239
1462
709
2235
1308
1488
879
2411
2090
1761
1485
1417
1714
903
2165
1575
1598
1652
1194
1607
2380
1917
1513
1826
2327
2114
1665
1481
1922
1277
2098
1777
1073
2245
1283
2130
811
2016
1363
1234
2171
1775
1191
2272
1874
1014
2393
1969
1951
1912
2093
2126
1199
880
2357
1789
1916
1811
1770
1767
825
1504
1191
1412
1452
1437
1608
1271
1989
1999
1754
837
2123
1637
1508
1930
875
1177
1788
1702
1694
1157
1660
2429
1453
2298
1777
1904
1444
2321
1709
1840
2148
1031
881
2410
1664
1978
2154
1922
1176
1280
1392
1564
2318
2081
2145
2288
1386
1562
1524
1557
1011
994
1066
997
2275
754
2097
1429
2192
1940
2437
1365
1281
1648
1633
2078
1862
1656
925
2164
1524
1632
2291
1333
1507
1405
1434
2220
930
1717
1818
1160
1123
1560
2054
981
1394
1699
718
1832
1502
1941
1651
943
758
1610
1987
2087
1844
1963
1857
1414
829
1783
1721
1907
1563
2026
835
1949
1631
2208
2092
1472
1823
869
995
1804
1816
1443
1102
1853
2421
1359
744
1529
2166
2093
1676
1118
1572
2165
1007
2056
1426
825
2348
2343
1537
2253
1966
1241
1198
1281
1491
2092
1142
1979
1420
1405
1170
1570
1303
1949
2048
1848
1622
1321
1554
1383
1831
1212
1685
1701
1899
1594
1899
1170
1859
1622
1970
1338
2306
1202
1842
1502
1909
1908
1625
2253
1664
1465
1741
1035
1497
2070
782
1267
1025
2035
1854
2357
2593
1099
1158
1634
1358
2420
1897
1813
2193
1023
1623
2379
1650
2289
938
812
1832
1917
900
898
1707
1603
2309
1893
1585
1696
1785
2504
1442
1619
1987
1395
2233
1882
878
1405
1009
1922
1498
1469
1574
2158
2073
1582
935
1327
2316
1271
2178
1349
1347
1220
1125
2171
1356
2188
1837
1635
1873
978
1552
2655
2555
2188
608
1784
1808
2106
1237
1636
2109
1364
2222
980
858
1241
1255
1578
1742
931
1161
2089
1841
1367
1605
2026
2415
1145
1169
1533
862
2120
1849
1211
1546
784
1746
2170
979
1001
764
1833
1997
1287
890
844
1003
1362
2311
1252
1259
813
2373
1893
1923
2179
1494
1557
1847
906
1211
1658
1772
2232
1580
1623
2228
2046
2123
819
1783
1675
1348
1674
1348
1628
1707
1423
1336
1826
1838
1399
1551
1484
1285
1756
1039
2350
2467
1921
1247
604
1786
2291
2056
1717
1157
1659
2090
1712
2209
1733
1798
2392
1657
2495
791
1547
1500
1232
1999
1826
1339
1661
1078
1373
1623
1632
2398
1235
1735
2147
1350
2282
1427
1622
2212
943
1244
1693
2432
831
1308
1997
1163
1705
2204
1249
789
1687
2152
1249
1985
1340
2118
1070
1777
1656
1650
2612
1972
1361
1253
1767
2393
1385
1553
1280
848
1649
1708
1649
841
1855
2251
1426
1708
1484
1983
1168
2407
2145
1398
1199
1944
1386
1558
1795
1283
2079
2455
1858
1724
1485
1995
1993
975
1512
2009
1642
1607
1269
1772
1563
1424
1446
2428
1646
1682
1826
989
2213
1293
1321
1010
1056
921
1462
1260
1925
1926
1037
1428
1360
1872
1469
994
762
956
971
1370
1988
1152
1934
1830
2264
1219
1786
2221
1123
1725
1922
1601
1824
1300
1765
1084
1654
1529
1535
1477
1580
1424
2019
1683
1926
1426
1728
1252
1864
1970
2058
1733
1160
2129
2221
1887
1950
2567
1323
1476
1479
994
1135
2402
1229
910
1371
2315
2087
1551
1868
2308
709
1411
1817
2610
1745
1089
1509
1504
758
1754
1694
1539
1021
1706
1009
1151
1730
1496
939
1757
1539
1249
1035
1930
2181
2102
2010
1159
680
1675
1658
1624
2467
811
1424
2263
1598
1916
1672
2322
1498
1628
1895
1421
1067
1853
1653
1612
805
1056
1815
958
1627
2297
2434
1755
2146
1424
1904
1510
1471
2497
1312
1437
2022
1474
1605
1414
1194
1168
2366
1093
2057
2096
1789
1578
2057
1856
2200
2168
1286
1663
1647
2275
1659
2118
1592
1869
1583
1538
1679
1489
1046
2050
1013
2070
1698
1400
652
1846
1062
843
2044
1528
1485
1578
1393
2206
2387
2332
738
1861
844
1869
1473
876
1500
2503
1861
1590
1484
1343
2407
2428
1284
2335
1083
1111
1271
1589
1498
1889
2314
1908
2319
919
1521
1423
1814
2010
2341
2334
2631
1486
1659
875
1620
1802
970
1184
1289
2415
2262
1885
1231
1591
1107
2304
1638
1351
2246
1498
1656
875
916
1886
2433
1892
2335
703
2088
2291
1612
2108
2137
1160
1550
1044
906
1484
1575
939
1978
1801
2026
2068
1372
1443
1501
1576
2018
2235
1216
1777
2045
2168
1480
1279
1588
1431
2083
1907
1778
1202
1149
1634
1387
816
1894
2079
1882
1919
2635
1577
1829
1009
1367
1819
2110
1808
1923
2146
1080
2324
1633
1960
1686
2001
2296
2290
1505
1720
1458
1063
824
1650
1453
1454
1727
2064
1725
876
2345
1605
1589
720
1397
1871
1595
1603
1317
2060
2020
1589
938
1387
1120
1231
958
1909
1565
1555
2229
2080
1141
2156
1474
1526
1194
1688
1575
1209
1756
905
1406
1760
2536
1563
1697
954
833
2141
894
1839
1818
1400
1886
1320
2155
2452
2033
1767
816
1979
2134
1575
1750
1179
1359
1229
1494
977
1869
1607
2008
1522
967
1008
787
1579
1307
1634
2185
1228
727
2446
2000
1315
1043
1839
2165
1749
1313
1342
1723
1110
1009
2264
1801
1167
2264
699
2207
1695
1280
1756
1647
932
1915
1304
1950
1832
1203
1523
1040
1848
2445
2337
2178
1411
697
852
2359
1566
934
1623
2163
2154
972
805
2271
2100
2559
2147
1425
1801
1262
2310
1932
1109
1166
877
1228
1287
1351
1463
863
1886
1936
759
1514
1210
943
1079
1833
1040
1917
2565
2173
1660
1246
1709
1698
1538
1375
1845
2436
1565
1858
2580
1409
1439
1690
1970
1445
1230
1688
2318
976
696
2051
1602
1898
1200
1288
1474
2150
1577
1591
1996
1337
1854
1878
2105
1406
1973
1457
1424
1552
1965
1552
2089
1206
1057
1786
2525
1758
1691
2104
2291
2376
1481
941
1418
2008
1809
1722
1529
1655
1697
1553
1723
2205
1925
893
1469
1773
1425
2522
831
1456
1020
1211
1743
1531
1576
2272
1756
1654
1160
1584
690
1212
1988
2324
1555
1235
1191
928
1661
1450
1527
2199
1847
1884
2458
1154
1955
1497
1976
1627
1071
1355
1240
1119
1019
1573
1713
1557
1925
2338
1744
1858
1973
1930
1481
1482
1524
2030
2128
1902
1580
863
1980
1891
1785
1018
1154
1805
1079
2035
1628
920
1412
624
2098
656
771
1997
1314
1022
2597
1380
1625
1770
1198
1743
1476
1752
1904
1359
2225
1240
885
1651
1545
1608
1494
1989
2444
1160
1298
1750
1874
1874
2018
1022
1807
1758
1693
1467
2145
1299
1136
2519
1882
2132
934
1944
1718
2262
908
1320
2340
1555
1217
1746
871
1411
1216
1342
2247
1182
2400
1497
1488
1334
1978
892
1996
1105
2485
1305
1527
1132
1619
2126
2128
1368
1620
1082
1784
1060
2058
1494
1293
1464
1757
2203
1361
1803
2150
2356
2028
1601
2109
2469
1524
1685
1278
1879
1460
1709
1959
2189
1200
1695
2260
2244
925
1647
1365
1733
1303
2427
2501
1243
2240
1437
1314
910
2093
2161
2094
1657
2233
1804
1584
1602
2486
1452
2349
1573
1775
869
1435
1371
1239
1370
2522
1189
1150
1967
1727
975
2078
942
1633
1795
1177
1023
1068
1332
1740
1684
1655
1650
938
1536
1378
1621
1163
1435
1571
1715
1756
2149
1636
1528
2312
1069
1778
1086
1621
2246
2338
1682
1910
1721
1116
575
1799
1497
1400
1230
1673
1065
1116
1859
1120
1961
1285
1525
994
2368
2480
1870
1623
2490
794
2630
1036
1871
1666
957
1972
1959
1108
1243
866
1555
1836
1303
1152
2360
2168
2593
1670
1380
2194
1444
1359
1958
2416
2117
1477
1537
2432
1215
2067
1302
1321
693
1258
2090
1740
2192
951
1593
1382
744
2347
1245
1488
2351
712
1393
1736
1358
843
1737
1507
1427
2034
1708
1021
2235
1395
1737
1772
1914
1761
2248
1832
1653
1645
2174
1067
2358
1482
1178
1387
1664
1833
2038
1189
1110
2000
1121
1958
2011
1723
1120
1118
891
1340
1634
2203
1448
1992
1242
1081
862
2058
1552
1996
1758
1352
2675
2263
1459
1392
2153
1584
1516
2267
1643
1258
1309
1940
1292
1558
2317
1833
1737
1492
1918
1833
1373
1823
1789
1778
1751
1145
2089
1723
1359
1776
1938
1864
2194
2060
1958
1889
2057
1812
1919
2074
1461
1630
878
1652
1612
1349
1423
1414
1446
893
1563
950
982
1524
2323
1253
1807
1047
1502
1980
2003
840
1477
1832
1509
1266
763
1384
1743
1559
1814
1817
1501
2149
2149
2019
2346
2016
1848
840
2428
1232
1730
810
1959
1647
1111
2103
1434
2041
1721
1008
1676
1576
1519
1488
915
1357
1239
1491
1486
1757
1588
1044
872
2304
2057
1293
1411
1797
1476
1943
1359
1594
2003
1512
1231
858
1763
2388
1389
1964
1222
1716
1965
1854
1889
2537
1374
2245
2071
1584
1200
2331
1867
1978
1812
2143
1963
1912
2333
1027
1287
1519
1712
1787
1405
2136
2303
2395
2295
2571
1949
2055
608
909
1868
966
1514
1793
1269
1041
2272
810
1854
1579
1566
2313
1500
1577
1409
2025
1925
1370
1168
2269
2006
1169
1750
1887
1284
1285
1496
1937
1057
1605
2583
2376
1744
1722
1709
1601
1891
1144
2093
1336
2102
1733
2642
1127
1107
1059
1604
1484
1620
1890
1488
2332
2407
1595
1482
1056
1066
1647
1741
2335
1615
2061
1587
1765
1064
1374
759
1699
876
2116
2044
2074
1350
1863
1699
2256
1581
2536
1490
1543
1886
1996
2250
1608
1682
1097
826
1685
2053
2138
1493
1686
1905
2247
1583
1246
1101
1734
1371
1687
2037
1654
2182
2329
1980
1859
1665
1977
1499
1192
1729
1364
2240
1779
2288
1871
1530
1365
1410
1864
2199
1151
1206
2064
1111
1467
1042
1568
872
1566
1311
741
1272
1636
1901
1786
1986
2270
823
1544
1884
1295
1547
1441
1662
1931
617
1251
1454
1178
1889
1065
1130
932
1139
2230
1591
991
1568
1476
638
2038
1207
1085
1223
1324
1788
1333
1779
1146
756
1029
1295
1223
1352
2057
1412
943
1718
2230
659
1518
2254
1093
2015
1405
1515
1545
1825
1364
1945
2055
1532
1810
1287
2001
735
1074
1643
1240
1401
2153
1752
1995
797
2553
1230
875
2222
2389
1931
2378
2549
1152
2080
1947
1531
1601
2273
2072
1325
1546
1406
1574
1184
1829
1549
2289
1163
1372
1738
1314
1292
1198
2428
1943
1292
1656
1485
1186
1799
1880
2235
1063
1910
1968
2253
1614
2044
951
1664
1282
1606
1009
1104
1387
1186
1394
1626
1472
1725
1337
1423
1540
1803
2124
1288
1825
1269
2084
2147
1049
2402
843
1105
1307
1773
1836
1225
1657
1914
1309
1115
2103
1993
1322
1371
1264
2064
2261
1311
2149
1692
1650
1687
1790
1202
1626
2145
1546
1733
1313
1130
1451
1690
1631
1641
2058
1557
2521
2196
1502
1734
1154
1235
1387
2369
1301
1303
2160
1479
2019
2069
2503
729
2333
2071
1835
1643
1391
1415
2075
1588
1841
1398
1868
1826
2288
1617
2386
2412
1534
1690
1627
2017
976
2139
1522
636
2487
1249
1884
1178
1664
977
2024
2230
1837
1823
2354
1053
1778
1262
2549
1812
1303
1247
1214
1559
1498
1856
931
1825
1576
1767
1425
1645
1894
1724
1116
1837
2585
1849
1256
2018
1101
1612
2365
1142
1782
1971
1868
1545
684
1708
2039
1795
1701
2200
2094
1275
1493
1996
1155
2012
2171
1538
1208
1773
2097
2061
1421
2358
1900
910
1242
1712
1679
1799
2140
833
1333
2056
1524
1589
1366
2349
1431
1843
1960
1706
2037
1057
884
1746
954
1258
1797
1349
1662
1611
1659
1964
2152
2075
1827
1337
1395
1163
2509
2602
1187
1799
1054
1866
2176
1620
1246
1567
1837
1495
1768
1300
1525
1293
1187
1362
1638
2457
791
1345
1105
1112
1272
1861
2119
2270
1992
1047
1351
1299
1605
1986
2204
1637
1381
2101
2384
972
1981
2127
1218
1427
2294
1308
1573
1560
2151
1667
1460
1692
1139
1814
1555
1622
1560
1659
1782
829
1084
2045
1725
1812
973
1756
2413
1641
1693
2105
811
2409
1978
1296
2573
1872
1969
2502
1545
1250
2007
2219
1574
2143
1071
1360
1002
2305
2333
964
1215
1084
1239
1849
1912
1492
1400
2351
1801
1373
1077
2338
2374
1543
2103
1621
1244
2018
1080
1575
2078
1794
1598
1667
1462
1571
2139
1982
687
1462
2155
1211
2098
1599
1060
1470
1642
1270
1846
1947
1796
1589
1161
1327
2122
757
775
1807
1732
1855
906
1236
620
1284
1763
1882
1705
747
1912
1444
689
1027
1199
1830
2143
1560
844
1429
2192
1521
2074
1482
1218
2473
1685
2347
1274
766
2163
1686
1077
2251
2114
1430
1166
1262
1765
1330
1184
1477
1048
1494
1368
1989
1323
2003
1781
1036
1053
1710
1881
1982
1691
1713
916
2516
2443
2180
1787
1360
806
1584
2438
1628
1477
2398
1173
1498
1833
1608
1613
1463
958
1664
1282
1132
2469
1332
1261
1384
1494
1539
2010
1016
1189
1794
969
1698
1481
1601
1895
1211
2627
2378
1497
1056
1835
1636
1168
1694
2433
1892
1565
2001
1271
917
1413
1550
2188
1427
996
1277
1673
2166
2385
1655
1310
1024
1556
1428
2077
1584
2718
1872
1123
1470
1754
2062
1729
1374
1770
1582
1607
1309
2272
2318
1579
2486
1635
1299
1719
2192
1784
1609
1916
1279
1756
2041
1505
2282
2282
1266
1475
1773
1901
2037
1062
1280
1079
1458
1735
2163
1751
2350
1281
2154
1378
1603
1182
1014
1933
1446
1851
2482
1580
1349
1906
2230
1726
1540
2082
1951
1736
893
1410
1024
1689
1794
2232
1561
1664
2360
1416
2283
1613
1879
1439
958
1468
1720
1781
2312
1024
1445
1711
1725
1653
630
1350
1774
723
1997
1368
1002
1660
1616
2155
1401
1560
1690
1666
1941
1733
1850
1086
1526
2009
2083
2189
2095
1961
905
1034
2318
1651
1230
1138
2090
1424
2111
1995
825
1432
1644
2023
1728
1912
860
713
1060
2473
2470
1622
2118
813
1487
734
1427
1824
1722
2080
2105
2123
912
1873
2203
1051
1250
1017
1843
1118
826
2236
1973
1133
2362
1750
2007
2248
935
1099
1167
2025
1794
1055
1544
1584
1449
1833
1834
2245
2443
1733
1777
1721
1504
903
1927
2510
1738
1052
1476
2567
1351
1055
1056
1758
2382
1665
1843
1919
2082
1506
1780
772
1834
1704
1896
2600
1650
1827
1077
1378
1773
1519
1714
1256
1987
1328
604
2255
2126
1899
1227
2067
1847
1653
1612
767
1737
1780
2114
1848
1485
1402
1370
1713
1009
1841
1379
1349
1574
1034
1493
2214
2309
2102
1433
1180
1490
1388
1742
2002
921
2412
1443
1503
2093
1633
2073
1191
1286
1700
1850
981
2294
1566
2033
1874
1472
1758
1789
1292
1787
1815
1434
1714
1386
815
1599
2302
1581
2021
1223
1431
2125
1263
1215
1280
1314
1867
1357
2525
1372
2330
634
1717
1420
1936
1349
1351
616
1622
1996
1720
1799
1516
801
1926
1699
1292
1667
1932
1788
1306
2069
1568
1854
1612
1726
753
1681
1629
2116
1303
1184
1502
1987
1613
2284
2042
1506
2297
1313
1217
1083
1646
1814
1052
1009
1681
1071
2375
1939
2393
2022
1109
1424
1218
1361
1224
1292
1717
1394
1531
1761
1666
1885
2205
1224
1390
785
1950
1238
1572
1455
1909
1364
1568
1663
1631
1770
1374
2447
1048
1936
1675
1713
1620
1135
2333
1490
1529
1940
1500
1790
2091
2418
1500
1566
790
1471
1090
2038
1267
1497
1914
1476
2329
1298
1236
1264
1489
1243
1772
2422
1728
2053
2094
1392
1431
1347
1010
2367
1673
1273
1127
1285
1743
2171
1726
1671
2433
1097
2020
1401
1955
2305
1475
1449
1080
720
2275
2320
898
1359
1587
2319
1030
2255
2522
2142
1285
1296
1626
2489
1772
1468
1433
2322
2590
1160
1623
1282
1160
2089
1857
708
2026
1341
1662
1197
1791
1868
2115
2372
1245
1499
1717
2109
1494
2149
1747
1881
1646
1100
1583
1623
1939
1505
1107
1343
1350
995
1583
1890
1020
1682
1868
913
1553
1639
1819
1770
1951
1594
1458
1408
1108
2248
959
1200
917
1722
810
1613
847
1642
1428
1510
1363
1542
2117
2309
1717
2138
1708
1366
1466
1947
1282
1050
1829
2523
1888
2571
1890
1890
1519
2041
1238
2187
1489
1461
2277
1414
1724
1815
1773
1136
1741
1404
2471
755
1731
1682
1982
900
1082
1907
2050
2343
1930
1060
1500
1372
1006
1228
1174
882
1731
2336
1645
812
1613
1167
1353
1263
1592
2090
864
1811
1522
1793
1813
2296
2023
972
1818
1526
1242
1798
1728
1293
1404
1290
1137
1356
1705
2162
1545
2146
1329
2058
2242
1508
1280
2365
1999
1764
1598
1712
2218
1661
1501
2004
892
1446
981
1584
1381
877
1343
1520
1561
1042
1883
1545
1799
1409
1701
2279
2094
1815
1944
1874
1663
2375
986
1704
982
1196
1117
1512
1629
1805
1840
1431
1255
1721
1989
1797
977
1649
1226
2512
1618
1547
1615
1967
1593
1233
919
1629
1913
1569
1855
1967
1612
1920
1905
1588
1711
2595
1208
1168
704
1127
1532
988
2098
1948
733
811
1653
1393
1210
2297
2010
1402
1093
1389
1380
1582
927
1105
1065
2023
2222
997
1867
1258
1399
893
1994
950
1944
1133
2008
2354
2576
1538
1903
2673
1625
1394
1378
1665
1049
2002
1516
1509
1435
1753
773
722
1293
1313
1918
2036
1154
1242
1551
1436
1626
629
1766
1307
1081
1605
2022
1757
1477
801
1534
2229
1991
1605
1593
1537
1323
1108
2258
1565
1024
1611
1714
1647
2360
1784
1408
1659
1267
1213
1524
2204
1276
2005
1700
1063
1804
1280
2391
1733
1695
1527
1695
1879
1350
2040
1917
1501
1512
2160
1685
1070
1478
1649
1084
1755
1598
1415
837
2329
1015
1388
2465
2293
1490
1792
1341
2697
1783
1367
1847
1405
1037
1994
2160
2004
1778
1286
1382
1564
1002
1951
1241
1747
2300
1721
2144
1670
2235
2070
1392
2403
1285
1312
1783
1598
1375
1959
1016
1341
1356
1469
1429
1817
1488
1594
1854
1633
2208
855
1531
963
1356
1841
1371
1330
1665
1334
2131
1555
1690
1209
1711
1775
1693
1186
1478
2113
1615
968
1686
1603
1752
992
1289
2499
2154
1368
1640
1612
1542
1502
1433
2018
947
2359
1585
1340
957
907
1137
1423
1533
1730
963
1891
1437
1564
1243
2191
1070
2286
1033
1168
1476
1182
1721
1416
1447
1796
1268
1557
2222
1521
1104
1447
1612
2175
790
1276
1545
1332
1759
2129
1031
2348
1244
1954
1216
2547
967
1368
1593
2219
2393
1798
1084
1330
1494
1064
2313
2619
1654
1913
735
1371
1475
1597
1497
1874
1262
2019
965
1479
1900
1732
2243
1963
1972
2114
1977
1304
804
1940
2049
1620
1618
1714
2158
953
817
1437
1842
1609
1185
1706
1146
2409
1203
824
1753
687
1259
1747
1802
1654
1403
1670
1543
1458
1624
2375
1142
1952
1524
1756
750
2109
1697
957
1661
2303
2382
2328
1652
981
1804
1191
1702
1543
1517
1140
2035
1220
1705
1087
1132
2363
1334
1327
1709
1096
1636
1625
1385
1071
1796
839
2529
1562
1017
2049
1253
1668
1668
1695
1106
1370
1909
1151
1582
1595
1460
2007
1290
1622
1755
2367
2381
2278
1663
1162
2100
1944
1396
2466
1382
1937
1337
2166
1316
2271
1567
1877
1869
1570
2348
1016
1874
2302
2111
2212
1886
1568
857
1295
1522
2381
1886
2214
1556
1388
2123
2494
1929
1409
1075
2356
1393
1144
1686
2403
1997
1059
1616
1804
957
1313
1860
1600
1215
2021
1236
1912
1336
1674
1606
2569
1294
976
1025
1704
1854
1884
1479
1765
2349
773
1600
1553
1777
1051
2184
1273
1239
1707
1132
1490
1491
2034
1802
1381
2087
1927
1787
2081
698
1467
1799
1961
1884
1694
2338
2464
1299
1341
795
2074
1381
2042
1574
2274
1779
1452
2021
2371
2165
2286
1410
1008
1141
1145
1914
1310
846
1278
1951
1532
2138
2305
1323
1640
1738
1010
2650
2511
2104
1451
2284
1130
1673
912
1487
1774
1159
1063
784
1546
1187
2061
1249
1263
1691
1589
1794
1938
1207
2054
1453
669
1852
2105
1982
939
2379
2420
1177
1243
2064
2474
1543
1251
1958
1213
1769
2168
1028
812
2007
1883
2313
1617
2545
1989
2401
1109
1493
2613
2061
1356
1822
1844
1375
1885
1155
1635
1674
1601
1837
1612
2252
1965
1218
2612
2049
1229
2296
1362
1496
1979
2141
2094
1805
2026
2051
877
1302
1965
2607
1995
1651
1288
1667
875
661
1096
1888
719
1916
1595
1329
1610
1440
1487
1781
2472
1452
2107
1337
1543
1513
778
1390
1840
1630
1009
1100
847
1365
586
1374
2187
611
1215
1685
1635
1051
2700
2126
1706
1520
1546
1511
2414
1624
889
1920
1514
1802
2164
1913
1900
1805
1219
2665
1455
1519
1857
2077
1433
1717
1804
1734
1354
1753
2543
1041
1331
914
1205
2215
1708
1936
1043
1386
1978
1851
923
1031
1830
1584
1469
1263
1446
1783
1608
2476
1105
923
1886
1727
1918
1194
1503
1783
751
1590
1529
1400
1234
1393
2217
1277
1686
1176
1917
1531
913
597
1383
1958
1438
1978
2106
1534
1801
1179
1595
1925
2156
1742
2050
637
1525
1353
1867
661
2039
1475
1483
771
1156
1210
1768
1443
2320
2286
1367
1298
2271
2000
2239
1476
1553
1106
1891
2329
1857
890
1251
1641
2371
1427
1622
1742
1429
1260
1003
887
1549
1823
1695
1911
1964
2325
1357
1209
1322
2234
1490
2141
1865
1412
2494
1182
1638
1345
1472
1017
1386
1600
2053
1503
956
1632
1715
2157
1747
1484
1502
1826
1957
1614
1023
1312
1288
1359
1901
1764
1411
877
2088
1390
1885
883
1596
1281
2049
1172
2243
1505
1723
2336
1667
2326
1584
2359
1391
2499
949
1188
2051
1781
1905
1689
1182
1246
1100
1490
1527
1797
1422
1580
1630
1730
2144
1714
1656
1067
1598
1133
1809
1933
1735
1685
2124
983
1344
1516
1251
2091
2274
1005
2105
1681
1380
1535
1511
1331
1173
1594
2077
2158
1208
1465
2203
2292
1305
1264
1783
1491
2148
1701
2063
1012
1914
2210
2021
2045
641
1899
1700
1350
1087
2250
965
1782
1261
1136
1796
1258
1611
1798
1156
1690
1637
1356
781
1465
1707
1692
1440
1807
1032
1073
1489
2506
1423
1766
819
2047
1644
1283
2077
1576
1152
1393
1497
1483
1681
1233
1817
2178
2054
1924
2391
1761
1996
917
2204
1914
2652
1405
1570
2014
1295
1300
1576
1454
2035
1203
1905
1568
730
1886
2109
706
1690
1052
1256
1736
1467
1670
1777
1747
1040
1898
1928
1660
2428
1456
1866
2101
1323
2323
1775
1540
1442
1366
1819
1823
2067
1489
1081
1499
2430
1484
900
2404
961
1816
2534
2689
1624
1445
1744
1753
1780
1745
1843
1082
2277
818
1298
2274
1082
1482
2153
2049
1449
1799
1453
1166
974
1119
2116
2174
1244
1578
1426
1656
1173
689
1415
1913
1399
703
1475
1752
943
1215
837
776
594
827
951
1991
1950
2097
1505
1210
1964
1507
1571
2339
1398
1469
1805
2122
2001
988
1997
1930
2039
2004
2197
1177
1959
1540
1727
1219
2011
1805
1157
876
1413
2202
2477
1433
963
1850
2252
1607
1311
1546
822
1699
962
2001
1971
1843
1164
1368
1023
807
1427
2215
1051
2424
1555
2220
1742
1277
1448
1704
1590
1898
2038
2257
1072
1770
1393
1292
1681
2109
1685
2131
2101
2186
1597
974
1278
2166
1162
2359
962
1684
1482
1997
1381
1539
1635
1467
1276
1587
1245
1736
1719
1851
670
1645
1631
1040
753
1224
969
676
2030
1583
1042
2191
1619
1574
1640
1944
1218
1400
1275
1624
976
1616
1476
1585
1180
2113
2109
2226
1408
1477
2082
1752
1674
1240
1800
1334
1234
1242
1265
1510
1792
1116
1932
1776
763
1822
1807
1157
2053
1397
1740
1234
1528
2375
2269
2091
1822
985
959
1557
1881
2241
1727
1367
1668
2277
1991
1940
2117
1899
1659
1235
1432
1413
1904
1919
1878
1438
1024
1892
1530
1481
1774
1839
2427
666
1908
1874
1625
2501
1317
1222
2533
1351
1462
1981
2547
1595
928
1056
1985
1578
669
1358
2037
1729
891
1765
1401
1990
1474
2462
1394
995
2196
1818
1499
1333
1324
1077
2126
1319
1664
1575
1584
1756
1358
1777
1606
2509
1623
921
718
1016
1348
924
1289
1070
1830
2352
1739
1648
2072
1504
1508
1846
1564
1557
1757
2366
2036
1844
1995
1555
1543
1529
1966
1363
948
1858
1198
1370
1299
1831
1253
2161
1845
1337
1585
1940
1866
1289
1353
2060
1527
934
2013
1343
1467
2545
1285
2312
2013
1577
1554
2460
1959
1595
1681
1160
2023
1244
2261
2220
1050
1443
2218
2063
1933
1948
1734
1403
1012
1646
1827
1689
1629
1040
1163
1499
786
1708
1954
1830
1672
1583
2527
1937
2039
1701
1910
1070
1576
1894
1620
1187
2576
1256
2248
1551
1319
2313
1574
1593
1317
2341
1779
857
2643
1428
1936
1355
1078
1908
1972
1191
2550
1436
1839
726
2473
1254
1698
1312
743
1858
2016
889
1419
1568
1612
1426
2400
1851
794
1776
968
2109
2150
1855
1770
1592
1715
1151
1635
1683
990
1183
1220
1211
1576
1212
922
1843
1308
1684
1321
1500
2168
2258
1925
1377
2593
1426
1520
668
1032
1870
1739
1439
1927
2504
1058
2375
1890
1939
1131
1646
2131
2261
2260
1468
1116
2086
1530
1051
1824
1541
1310
1710
1190
1305
1330
1211
1900
1260
1695
772
1737
1834
2305
1580
1786
1277
2559
1516
1722
884
1394
1226
2049
1342
1320
1886
1422
1525
1043
997
2118
1542
1282
2455
1475
889
1344
2526
1691
2182
1707
2116
2033
2225
875
1522
1305
1582
1379
1964
2226
1704
1577
1805
1462
1188
1626
1237
1888
2255
2280
1280
1539
2266
1143
1293
1287
2455
1682
1214
1269
1959
809
610
1661
1754
2149
986
2485
1692
1756
1962
734
1606
2396
1808
1432
1356
1309
1711
1511
1666
1882
1513
2320
1359
1479
945
1746
997
1165
1759
1333
2093
1947
1003
1478
2156
1774
2037
1894
1895
1331
2187
1213
730
1292
1767
1341
1131
1283
1972
2186
2101
1193
881
1463
2411
1899
2554
1047
1758
1548
1211
1291
1640
2409
1430
2203
1739
1389
1438
2091
1560
1646
1646
1450
1737
2151
2240
2291
1963
921
1798
1825
1167
1019
2430
1284
1758
1329
1191
1414
1451
1731
1087
1833
850
1068
1642
1769
1323
1371
1381
1533
2236
1741
2278
2349
1802
1989
1866
1777
1897
1426
1480
830
1642
1413
2185
1240
1894
1300
1742
2263
1589
1256
2559
1069
1191
2260
2024
1428
1346
1306
2235
2106
2131
1940
1738
2158
2027
1482
1719
1217
1101
932
675
704
1448
792
1511
1858
1434
1653
949
1953
1545
830
1296
2091
1016
1597
1429
1531
2000
1766
1334
1206
1533
1707
1173
1292
1654
1753
778
1776
2040
2113
1141
1492
1200
1621
1422
1154
2023
1409
1141
1591
2201
1867
1437
2253
1622
2343
1562
1558
2264
1515
1902
1539
938
1888
2533
960
1472
851
2222
2280
1409
1546
1848
1997
1805
1106
2687
2266
2165
1312
1457
1488
1760
1369
1488
1300
970
2023
2440
2628
603
1106
1193
1683
2376
1271
1653
1539
2108
1571
1091
1540
1440
682
699
1869
1911
1408
1215
1295
656
1314
801
1546
1925
1425
1685
1192
2117
1750
1058
1893
1701
1922
1541
1791
1783
2651
1703
1839
835
1801
2116
2590
1396
1900
1602
1225
1338
1636
1315
1859
993
1666
2496
1011
2352
1727
1562
1903
1577
1901
1644
1160
1288
1795
1814
1204
2297
1258
2002
1674
1510
1153
2194
2270
1712
717
1963
1917
1840
1434
1938
1466
942
831
1907
2367
1875
1368
1137
1014
1537
1505
1661
1975
897
1874
1591
1358
2310
1014
1297
1919
2348
1741
1218
2471
666
2452
1297
2178
2264
2017
1563
1614
2045
1747
2026
1560
1035
1352
1167
1682
1634
1523
1473
1322
1392
1832
2019
1591
2060
1345
1116
1216
1071
2260
1397
1722
1530
1900
1773
2012
1815
1379
2293
1737
1902
2711
1763
1186
2606
1505
1912
1444
1131
1956
1415
1158
1294
785
894
1861
1330
1226
2059
1395
1151
1263
2509
767
1699
2595
1927
1506
1963
1510
1323
1988
2387
1529
839
1632
1352
2314
820
1696
2142
1820
1611
1445
1282
1786
1866
2051
1238
1312
1888
2471
1076
2637
1935
1697
1911
1512
1050
1850
2094
1918
1935
1693
2271
1628
2282
1595
1913
1022
1535
1846
1180
1901
1915
1535
1432
2431
688
1528
2437
1961
1545
2215
1495
1073
1121
2011
1814
1845
1022
2038
959
917
963
1378
1497
1986
2144
2182
1223
1422
1154
1287
554
1956
1071
2478
1335
909
1337
1601
1377
791
1580
1400
1864
1707
2061
2555
1825
2066
1587
2185
1627
1674
1925
2242
1595
1439
845
1789
1325
1941
1627
1029
1406
2065
1643
1326
2125
1550
2443
1400
620
786
1360
2085
2285
1823
2233
1057
2366
2204
1501
820
1464
1806
1474
2292
1330
1531
1181
1792
1229
1616
1764
1497
911
1361
1435
855
1491
1030
1556
1443
1377
1690
2145
953
2229
1278
577
1289
1098
1891
1328
1169
1689
2109
1387
998
2053
1891
1941
1055
1609
1974
2152
2086
1413
925
1732
1552
2266
1797
1076
1920
1689
1528
1867
1424
1648
1762
2002
2139
1179
1181
1802
1674
2111
1523
1090
676
1117
2290
1515
2107
1505
1794
2314
823
2335
2186
1555
1060
1124
983
2037
1654
1287
2072
1150
1785
1596
1192
893
1837
1367
1917
1094
1554
1433
1952
1623
2467
1847
925
1110
1627
1389
2536
687
1543
1388
2440
1577
1850
2067
1455
1418
2069
1835
1487
1450
1971
1493
1445
1688
1647
1305
2279
1816
2000
1469
1176
2207
1850
1035
1474
1375
1825
1848
1146
2054
1968
1598
870
1436
1337
1510
703
1554
1524
1294
2135
1212
2062
1725
1526
1912
2722
1569
1390
1400
1855
1873
2332
1115
1227
1884
2628
1532
2020
1775
1082
1418
896
2222
2532
1383
2468
1567
1423
2113
2347
1761
2088
2549
1810
1595
1545
1591
1626
921
1526
1076
1407
775
1668
2005
1674
1057
792
1992
1003
1239
1564
642
920
1818
1813
2252
723
1253
1621
1507
1080
2040
2053
1733
2119
1975
1450
1874
2250
2421
798
1921
2050
2318
1208
2147
2324
2045
1497
1154
2031
1973
702
869
2323
1782
1976
762
2349
1448
1867
978
1913
1954
2118
994
1666
1368
1444
2027
1470
1737
2230
1093
2043
1567
1567
2277
1710
1749
1153
1708
1740
1858
1615
2095
1843
761
1604
2011
2130
1764
1995
1754
2086
1653
1410
1222
1229
1990
1918
1881
2632
1887
735
1754
1199
2384
1138
1978
1343
2198
1997
1735
1779
1716
1022
1722
2157
2310
1180
1915
1217
2545
1459
1324
2068
1389
1404
1971
1408
1439
1740
1437
1022
1379
2017
1141
1250
604
1217
1687
1400
1416
795
1858
1423
1401
1415
1520
1783
1160
855
1803
1410
1658
2227
1335
1583
1311
1901
2427
2171
998
1559
1839
2197
1101
2358
1781
1093
2016
1554
1599
1677
1506
1933
1670
1428
1772
1407
1270
1318
1060
1086
2664
1535
1001
1592
1607
2518
1531
861
1687
1820
1071
2117
2355
1396
2215
991
2668
1420
1650
1141
2112
2392
1130
1745
2137
1518
1275
1007
2490
1881
1472
1771
1723
1023
1695
855
1486
1790
1799
1625
847
2012
1136
1679
2010
1281
1988
2204
2138
1198
1918
1589
1413
1654
2161
2350
1349
1550
1020
1143
1804
1329
1748
674
1690
1860
1521
1192
1438
1642
1655
1832
782
1993
1690
2477
2183
1469
1104
2463
1545
1331
1191
2184
1746
2262
1593
1375
689
2340
1683
1159
2030
1548
1569
1863
1396
1642
983
1617
2292
2187
1614
1187
1785
1207
2203
1338
1697
1093
2120
1727
1673
1874
1734
1155
1984
1287
1736
2208
1311
1276
1379
1528
1220
1502
2036
1448
1158
2089
2550
664
2071
1624
2479
1973
941
2008
701
1513
2255
1168
1136
897
1029
2654
1583
1158
1581
1927
914
1653
1050
1455
1015
1336
971
2507
969
1792
1158
2201
1852
1089
2179
1937
1752
1025
1864
1689
2055
1851
1249
2303
1419
2355
1924
815
1571
1130
1991
1985
1172
1948
1561
1688
1217
1761
1534
917
1534
2028
1789
1745
1315
1200
1625
1488
2445
1454
2371
1153
1517
889
1905
1541
1270
1786
2161
1397
1120
1241
1693
2405
2563
1314
1413
1797
958
2465
1907
2184
2095
695
1042
1468
1913
2039
2446
2139
1826
1463
1370
1473
1606
1986
2333
1500
1856
1738
2324
1015
2059
1507
1322
1782
1724
1192
1490
2121
1598
1192
1852
1627
789
1931
2019
1101
994
1356
1850
1089
1203
2483
1094
2336
1298
1988
1038
1545
1668
2064
1769
936
2091
2042
2518
1518
2349
1423
1618
1771
1503
1376
1711
1248
1802
1104
1619
1448
1776
1527
1352
2536
1485
1666
1743
2274
1763
1803
2623
1592
1776
1617
1404
1840
1269
1051
1680
1977
1677
1490
1638
967
1829
1801
1691
2034
2141
1270
1685
1725
1556
2000
1666
2109
2438
2115
1311
694
1561
1518
1575
1077
1892
2488
1441
2094
1340
1735
1663
1111
1145
1122
1236
1854
2121
2002
1626
1731
1238
1935
1143
1801
2333
1310
1562
1132
2297
2174
1471
1673
2162
2095
1749
2066
1381
1637
1910
726
1109
1381
1324
1867
943
1885
1669
1386
963
2206
1093
1761
1429
1549
1304
2098
1500
2095
2126
1432
958
1555
1570
2162
2322
1298
1072
2077
1583
1348
2037
1351
1881
1429
1245
1949
1433
2394
2214
1890
2230
766
1972
2520
1174
2416
1654
1682
1905
948
734
2402
2071
2241
1069
870
1096
2434
765
2468
2221
1553
1991
2255
1651
1263
2287
1555
2347
981
1668
2113
704
1385
1730
887
1783
1680
1389
2162
1148
1619
673
1542
1617
2054
1681
1404
1073
1720
1645
1322
1850
2054
1090
988
1428
2452
938
1548
1959
1655
1326
1232
2269
1526
1535
1200
1178
1437
2271
2033
2240
1593
2128
1242
1953
937
1507
1098
1152
1686
1687
1625
1299
1915
982
1329
904
1055
1018
1116
1461
927
2363
1957
1544
1349
1616
2234
1713
1401
1356
1083
2153
1470
2138
884
1245
904
1432
2059
1317
1967
1801
819
1041
1024
2348
1460
1736
2207
1565
1428
1113
1284
1461
1058
1735
1637
1849
1931
2514
1497
1071
1656
1168
1737
1812
1157
787
1820
1339
1170
969
1777
2231
1911
1752
1817
1700
1710
2389
1498
1978
1062
1634
2489
1918
2401
1565
2128
2412
1439
966
1494
1133
1968
915
919
2098
1456
2091
2084
2163
2110
1285
1583
1477
1211
2065
711
2174
2378
1129
2218
2249
986
1982
1603
885
1667
1431
1567
1240
1827
929
2185
1811
1804
941
1327
1705
1773
1637
1863
2013
1208
970
1969
965
1953
2626
2200
1812
1456
2288
1818
1161
1554
1293
1826
2122
1890
1566
2149
1455
1542
1958
1461
2052
1787
797
1621
944
1162
1414
1969
2335
2248
2323
1850
2442
1910
1612
2019
1253
1605
2160
1895
2230
2257
928
1722
1850
824
1720
1305
2219
1319
2322
1285
1831
2545
996
1787
1748
1634
1754
2139
1659
1594
2201
1171
1570
1832
1459
1844
1654
1709
1640
1236
1530
2239
1291
1416
1544
1023
1740
2011
1437
2015
919
2414
1780
1835
1084
1591
1945
1593
1823
1315
1604
1428
1497
1343
1494
788
2549
2134
912
1765
1263
1561
2489
1867
1011
979
1460
1777
1422
1359
2371
1344
1520
1666
1846
666
1707
2394
2291
1217
800
1442
1783
1972
1183
2207
2171
2399
1618
790
2115
1297
771
1129
1912
1629
1243
1132
1503
2199
1185
2158
2285
1821
1356
2017
892
2211
1724
763
1823
2028
972
1428
1064
1761
1462
1254
1579
2132
1601
1096
573
2458
1675
2321
778
2466
1096
1246
1696
2052
683
1376
1515
1615
809
1683
1365
1317
648
1926
2624
909
1529
1365
1223
1542
1615
1681
1292
1677
1528
1644
1035
1749
1650
1213
2017
1879
1722
1092
1085
1975
1866
2053
1321
1113
982
1289
1390
1707
1905
1559
1581
1613
824
1768
2337
1054
1887
1536
2372
1153
2006
1377
1191
1953
627
1197
849
1190
1524
1430
1745
1850
1953
1386
997
2138
1953
1185
1107
2287
1395
1599
2132
1155
1676
2228
1745
2147
818
1931
1323
1487
1072
1124
1629
867
1490
1699
1238
1303
914
1479
1783
1792
1945
997
1571
2659
1304
2092
1322
2065
1542
1328
1693
930
1917
1003
1432
2506
1632
1947
1070
2024
2288
1531
748
1208
2462
1261
1457
1412
1871
2024
1983
950
2306
1015
664
1349
1720
775
2526
2063
1769
1113
1752
1778
693
1619
2448
2066
2111
2676
1353
1961
2356
1209
1490
748
1366
1505
1386
861
2092
2355
2161
1760
1259
1709
1102
1044
2445
1764
1351
1847
1517
1786
2599
1857
2312
1648
2384
1797
1009
1755
1790
1699
1970
747
1447
1174
1972
2086
2444
1914
1280
2237
1751
1208
2305
1882
1667
2201
1768
1388
1176
1619
2317
1669
1785
1913
1778
1764
2273
2369
2087
2273
1671
1678
1744
1260
2398
2354
1529
1677
2047
1282
2340
1721
2174
2120
1829
1786
1599
1688
901
1283
1653
1870
1200
1909
1785
1935
2155
1856
926
1010
1103
1841
1477
1467
2279
1927
1619
1018
2080
2149
1042
1673
1105
1907
1948
1087
1734
1421
1319
1774
1136
1689
2682
1457
1851
1545
1514
2056
1168
1750
1815
1359
2359
2482
1375
1863
1434
1832
1918
1880
1966
1205
1452
1296
885
1877
2239
1558
2222
1726
1371
2137
1979
1104
855
1075
1379
2070
1520
2078
1549
1832
1361
1479
1738
1740
1659
1673
1601
1613
2008
2297
2680
1889
1595
2586
1646
873
2053
947
2405
827
2129
1617
2243
1779
2094
875
2364
1732
1794
902
1186
1602
2145
1820
2371
2221
1626
1699
1503
2426
2154
1192
1382
1509
1663
781
2403
834
1895
1221
1717
1316
661
1291
1325
2441
1864
1242
2510
1340
1381
1650
1128
2554
1327
2313
1948
1783
2432
1366
1639
1825
2133
2088
2023
1638
2473
1178
2122
1116
1971
2197
1927
1298
1449
2078
2244
2013
1574
1555
2095
1297
648
2224
2457
822
1335
1866
1851
1550
1546
1788
1075
2108
1640
1722
2090
1903
1344
1845
1966
1811
1447
1640
1532
1413
1580
1433
1653
1258
1594
2325
1758
1440
1611
2377
2281
1822
1737
1638
1726
1711
1047
1780
1816
1703
1569
2217
2229
2188
1769
2447
1905
1136
1738
981
1774
1414
1001
1886
1677
1225
1628
1918
1574
1135
1020
2134
1916
2089
1061
1231
2257
947
1471
1709
2568
1889
1147
1366
1824
758
875
1201
2003
781
1437
1397
1983
973
1918
1838
1158
878
1652
1275
1573
1070
1883
1730
600
1781
2047
2380
2233
2422
1987
1968
1850
1083
2025
2174
1187
1383
2019
2080
2326
772
2440
1875
2390
1108
1501
1898
1358
1970
2605
1712
1328
1592
967
2435
2108
1682
1795
1046
792
1026
1304
1669
1956
1899
1851
1455
1011
1956
1981
1582
1679
1132
1815
1970
1523
2402
1828
1707
627
2491
2349
1880
916
1423
1901
1599
1158
2112
2262
1642
1540
1644
1282
1622
1875
1816
1203
2178
2474
2054
667
1306
892
2418
1921
1602
1573
1753
1853
1608
1844
2400
1774
1339
1490
855
2009
1824
2176
1695
2021
1683
2247
2514
1747
1176
1893
2598
1295
1156
1398
2214
1722
1486
1023
1213
1884
846
1067
1865
988
774
1885
2633
1484
1276
2511
800
2251
2238
1676
1817
1508
1838
1548
1805
874
2123
2204
1214
1077
2659
1587
1672
1441
1665
1245
1459
1641
1512
2342
1007
2318
1117
1451
1761
2074
1467
1900
1002
2311
1541
1243
1834
1614
2129
1674
2100
1129
1488
2082
1767
1603
2070
960
1267
1128
1558
1789
1399
1563
2371
1951
1886
2260
1446
1338
1705
1240
2581
1882
1371
1804
1458
2373
1086
2199
1203
1423
1585
1639
2043
1634
1533
1907
2141
2185
1488
1952
1533
1330
1076
2024
1604
1907
1766
1770
1851
1615
1327
1062
1711
1795
2035
989
1736
1896
1396
868
851
2073
2497
932
1064
2376
2310
2099
1864
1634
2317
1613
1732
1963
1929
1884
1918
1750
1299
1374
1986
1213
1774
893
1711
1947
1331
2010
1899
1806
1896
2380
1585
1621
1089
2278
910
1948
1009
1978
1493
2018
1355
1754
1667
1532
2184
756
2112
1080
2163
2274
1692
2001
987
1747
2183
1332
1492
1393
1664
2011
2205
1983
1098
1283
1887
2079
1839
2109
1088
2480
586
1382
1251
1607
1539
1602
1902
1437
1680
2020
2303
2216
962
1568
2043
2399
1331
1368
1128
1370
2701
1094
2023
762
1796
1757
2376
2026
1386
2127
1086
1447
1551
1936
1562
1297
1142
2000
1750
1709
1212
1275
1590
2392
1512
1516
1509
2006
1491
2290
1432
967
1667
1397
1204
1430
1456
1934
1812
1401
1861
2210
1301
1516
1051
1788
1360
1617
2258
982
1815
1124
1897
1201
1898
1745
872
1685
1432
1391
1747
1662
884
2020
2200
1441
1669
1859
1757
1297
2008
2039
1438
1623
1222
1358
1565
1136
751
2598
1324
2156
1092
762
2009
1913
740
2012
860
2533
1745
642
1933
1964
1372
1196
1431
1380
1119
1092
2617
1145
2363
2541
1233
2133
1801
1163
1690
2141
1292
1870
1843
1700
1250
2433
722
1473
1323
2026
1842
1617
1300
1689
1559
1808
1999
1176
1453
1418
1231
1799
1727
1291
1344
772
2097
2345
2067
1097
1156
1828
2110
1049
1043
1829
1151
1716
2419
1488
1794
1860
1662
830
2119
955
2059
1139
1478
1965
1777
1654
2001
1846
2036
1784
2161
1254
1488
1630
1690
1019
1367
1865
1466
1294
1624
1930
2135
1501
1687
1513
1651
1445
1410
1919
1964
1840
1885
1488
2137
1875
1743
2498
1400
1671
664
1412
1856
1612
2029
1557
2061
952
2156
1637
2290
1669
751
1440
1572
1828
1640
807
1755
1359
1486
1706
1824
1181
1762
1666
1033
1269
866
1226
1200
2580
1530
1489
1211
1434
1891
1115
1954
1402
1723
1871
2357
994
1804
960
1284
1620
2003
2240
1674
1700
2520
1872
1865
1193
1247
1717
1773
1364
1902
1649
2232
2352
2212
1576
669
1065
1794
1199
1092
1889
1372
1737
1962
2426
1208
1064
2341
1346
843
1973
2326
1270
1826
1394
1992
1374
2060
1824
1361
675
2538
1660
2110
886
1941
1562
1713
1086
1722
1744
1307
1894
1436
1102
1404
2074
1299
1052
1530
1657
960
1260
704
1414
751
1268
987
2680
1856
772
1191
1642
1591
1203
2566
1972
1389
1888
1474
1526
1781
1628
1670
2116
1926
2181
1553
1547
2093
1029
1434
1911
1246
2426
2612
2043
879
1721
1248
1356
2202
1835
1812
1777
1285
1681
1578
1186
2575
1187
1663
1510
2091
1366
2050
1166
1083
951
2418
1694
1132
1611
865
851
2023
1087
2611
1769
1428
1490
1617
1949
1892
2041
1734
1814
2270
2039
1090
2138
1055
1625
1259
1544
1224
1368
2169
1743
1598
1837
2287
1576
1462
1492
1697
1413
1987
1952
1121
1857
1836
1567
1411
1394
1836
1644
2388
1596
1516
1706
1049
1550
1629
2188
1267
2094
1134
1522
1727
1183
1587
1809
757
1046
895
2396
1820
1277
1930
1285
1343
1919
2167
2254
1150
2537
1170
1151
2020
2126
1909
1781
1873
1757
1820
1642
1582
1360
2422
1880
2104
2199
1595
2068
1163
986
1361
2459
1713
1681
1773
2166
1879
1321
949
2069
1942
1658
2210
1951
1999
1444
1872
1693
2614
1216
2382
1098
1858
1409
1567
1384
740
1440
1983
2155
1883
1216
843
1922
1334
2058
2143
1793
1865
1661
1706
2098
1707
1639
1838
1685
1746
1237
1673
798
1635
1884
1206
1911
1547
2552
2226
2086
1548
1756
2322
1166
1840
1261
1144
2356
2027
1662
1160
1066
2270
1450
1966
1655
1376
1416
1533
1563
1875
1456
1746
1702
1668
2074
1094
2629
1695
1491
1730
1725
1434
1138
1484
1425
1805
1787
2416
952
953
2188
789
2014
2344
853
1490
2361
1420
1216
1622
2038
2452
1609
2042
1414
1415
2022
1262
1595
1383
1630
1646
2073
967
1624
1468
1908
1524
2373
1252
2196
2084
1412
1426
1652
1518
1797
1479
1746
2131
1380
1229
1549
1696
2102
1287
1020
1279
1545
1932
1990
1493
1976
976
1194
1133
1546
1203
1531
1122
923
1401
2152
1388
2348
1045
878
1481
2222
2483
701
1477
1679
891
2319
665
1844
1580
1772
2287
1145
2320
1920
1898
1008
1002
1634
822
1275
1556
1665
1658
1488
1357
2357
1966
1606
1316
1852
996
848
1522
1760
1477
1651
1666
1554
1276
1366
1294
2404
1342
2376
1829
1870
1703
2131
1817
1798
1360
2233
1404
1913
1996
1309
1936
1763
1808
2472
1189
1876
1010
1650
1028
1542
1023
1966
1449
2057
936
1741
1762
1268
1696
1099
1005
1718
1698
2334
2055
2122
1543
1238
1419
1178
1771
1816
1638
2143
1707
2145
2086
1287
916
1292
2117
1392
753
1892
2498
1794
1639
2275
1395
2190
1957
1677
1508
1673
1814
2014
1184
2462
1352
1884
816
1316
681
1398
1190
1596
1883
1729
1334
1766
1832
1563
1830
1344
1761
1836
2522
1204
1687
1259
1617
1540
1014
1740
1173
1297
1521
1554
1812
1431
800
1683
1114
1549
822
1809
974
1861
1515
2304
2261
1928
2012
1887
1696
1269
1472
1724
1300
2242
1928
1050
1480
1185
1839
1992
1897
942
1058
1233
1598
1049
944
1448
2045
1122
2329
1540
2309
1688
1468
780
1434
1656
1468
1553
1294
1530
2383
945
1857
1251
1452
1012
986
1497
1176
1620
1734
1299
836
1205
727
1014
1694
1954
1851
1739
1443
2175
1625
1865
1968
1267
1156
1994
2116
1480
1848
1962
1114
1360
2096
1619
1761
1730
2417
2106
1849
1665
1918
1982
1139
1343
1158
881
1200
1997
1162
1580
1613
1822
1386
1820
1314
2060
1102
2301
1973
2342
1177
1137
1297
1140
1644
1093
1822
1933
929
1264
1433
1660
1286
1395
2017
1846
2431
2516
1762
771
1434
1895
1107
1541
2523
1008
1134
1410
1729
1869
1939
1559
2226
2018
1826
2465
1766
1776
1746
1771
2562
841
1602
1876
1767
1584
1142
1178
1505
1499
1602
1400
1950
2452
985
1500
1846
1173
1878
1212
1986
1463
821
1868
2622
1882
1314
2231
1488
1087
1842
2129
2222
1785
2222
1290
967
1825
2187
817
1874
2351
2486
2185
2262
1921
1549
2489
1275
1446
1558
2325
1414
1955
673
1286
2464
1942
1319
929
1085
691
2247
1470
1607
1769
1891
2041
1371
1665
2138
2090
1236
2028
1019
1293
791
1404
707
1117
1138
1765
2135
1365
1939
1267
1303
1492
2326
678
1339
1218
2602
1475
1699
1880
1968
1324
1002
1399
2342
2087
990
912
1346
1366
1201
1760
1797
671
1557
2174
1802
1595
1257
1541
1723
1224
821
1820
1875
1085
1709
974
1614
1535
2106
1420
1307
1495
839
2243
1374
1318
1096
1115
1854
766
2296
1545
2636
2490
2008
1909
1039
1252
1024
2377
1463
2350
2584
1737
1072
1279
2351
2386
1119
1399
1418
2538
1774
2422
1187
1678
1466
2641
1930
1064
1865
689
1106
1941
1668
1639
1440
1684
2087
1431
652
2356
2025
2232
1734
1273
1618
1580
1056
1590
2368
2357
1676
1777
1582
1862
1633
1646
973
1667
2674
717
2090
1715
1509
958
1898
2162
1783
1957
1421
1794
1259
823
2332
1209
1590
1881
1675
695
1992
2323
2190
1548
2618
2043
1801
891
1665
1144
1477
1802
1211
2020
1670
2017
1505
682
1035
1156
1454
2628
1300
972
1243
2128
2315
665
1373
2319
1277
1575
1799
1221
1212
1282
1852
2330
2409
611
1736
1983
1441
1592
2008
1866
1367
1489
1233
1656
1523
1073
1917
1543
1187
1615
1666
1321
1734
973
1643
764
1472
1880
1617
880
1837
1666
1564
1047
2038
2024
1605
1472
2372
2157
1621
1119
964
1705
1840
833
1152
1568
2079
1843
1754
1584
1613
2411
1836
1182
1516
1339
1314
1605
1785
1767
898
1742
2165
1228
1152
1342
1976
1570
1377
2046
1534
2074
1697
1225
1454
1179
1253
1562
1079
2171
1475
1395
2368
1840
1883
1989
1677
2414
1904
919
2586
2032
1822
1249
1826
1036
1503
1277
1114
923
1392
785
1919
1400
2143
1141
2248
1324
1834
701
1646
1462
2176
1651
2039
1697
2233
2420
1895
1510
1806
1732
1754
1569
1552
869
2442
1337
1196
1551
1791
1741
1733
998
1416
1075
1868
2070
1164
2100
1918
733
857
2257
1749
917
1705
1714
1843
1505
1982
2572
1862
1253
2124
1433
1261
659
1250
2302
1391
2067
702
2348
1637
1484
1150
917
1856
1837
1786
1389
1303
2013
2514
1302
1530
2495
1271
1954
1702
2387
2422
1338
2022
1822
1818
1348
1455
1080
769
1716
1899
2016
878
1425
1325
1347
1885
1954
1433
1487
1286
1387
1084
970
1621
1330
1280
2416
2114
1786
1438
2100
1092
2345
2285
1073
1731
1528
1754
1956
2020
1841
1225
1339
1909
1909
2426
1754
998
2108
2019
1172
2247
1725
1800
1929
1316
1247
721
2178
2332
1024
1589
1588
2504
1266
1372
2057
1243
1062
2062
2048
1892
1352
1973
2313
2122
1899
2340
1653
1469
1471
2218
784
1253
1074
1911
1667
1895
1059
1355
1069
1236
1092
1177
1181
1964
2336
1576
1354
2373
1407
1764
1190
2418
1028
2253
1872
1985
2057
1829
1931
1426
1245
1627
688
2066
1545
771
2143
1478
1351
1377
1715
1239
2071
1774
2176
1962
1575
1703
2200
1492
1458
1025
1989
829
1405
1838
2129
1660
2340
690
1301
1888
921
1831
1727
916
1099
1356
1667
1059
2116
1639
1052
1847
655
1295
1652
1305
2154
1350
2011
1371
1508
1644
1533
1135
1459
1740
1519
1780
1109
2445
876
2198
1186
1021
772
1773
670
1956
1331
1719
2058
1101
873
1458
1996
1753
2362
1907
1729
1423
1911
1765
1923
1277
2248
1667
1624
1113
1948
2264
1791
1883
2062
1211
1029
1883
1828
2294
1344
2494
1402
1989
2433
1227
1519
1789
1346
1886
1146
2577
1165
1865
1369
1292
2041
1393
1643
1538
1741
758
1563
1328
872
1953
2125
1696
2538
1560
1505
1656
1199
1380
1398
1512
1880
2182
1631
1117
1170
2164
2436
1940
1093
651
2461
1159
1782
1201
1659
2159
1194
2511
1632
1220
1237
1576
2220
2339
1952
1744
1579
1136
762
2560
1983
2083
1400
1206
2093
1450
802
824
1699
1733
663
2124
2489
1471
1840
1276
971
1924
1270
1148
1982
808
1471
1872
720
1679
1454
1744
2207
1563
1710
1943
984
1730
1816
1827
1546
1358
1770
2113
1707
2628
2344
2542
1184
1412
1043
1152
2365
1703
2197
1874
2229
1408
1631
1268
2219
1408
1046
1485
1884
1099
1356
1849
1336
1549
1155
1173
1942
1627
1814
2065
1797
2232
2161
926
1416
2235
1632
1619
2044
1183
2025
1802
1262
2022
1513
1911
1976
1388
1682
1480
1411
1636
1420
1962
1542
1563
1429
1809
1867
1613
1013
1844
2152
1582
1699
1079
1637
1278
1268
2088
2437
1403
1284
1591
2267
1264
1856
1253
1534
689
1713
1661
2051
1960
1840
1089
1387
1788
1481
1590
777
1738
2169
1677
1468
2300
2250
1785
1678
907
1444
1147
1497
1617
1624
1806
1340
1375
2533
2605
1169
977
1647
1592
2003
1951
2400
1495
1035
2248
1919
1185
1650
1214
1299
882
1688
2023
2417
1888
1319
859
1546
1572
1601
920
1653
2142
1865
1320
2143
1728
1821
1720
1972
778
850
1515
1174
1928
1462
1426
1829
1104
1116
814
1016
1913
1422
1570
1047
1332
1627
1400
1391
1399
944
1650
1567
1299
1632
1903
2369
1575
1029
2183
1568
1311
1008
1512
1412
1320
1139
1475
1059
1785
918
751
1121
1896
1336
1638
1680
2279
972
1471
2614
1598
1463
1382
2235
1542
2423
1989
645
2091
2240
2105
822
2128
2026
1497
908
2440
1757
1253
1370
1265
1260
2143
1600
1439
1210
1832
1695
860
983
1286
1884
2453
2085
1254
1494
900
1176
1467
1486
1731
2153
1166
2386
667
1596
1146
1765
651
1424
768
1518
1222
1984
846
1412
602
2433
1139
2061
1882
1753
1276
1214
791
2008
1953
725
1503
1188
1216
2377
1730
1722
2114
1816
1282
1811
2277
2058
901
2166
1406
1660
2091
1572
1424
1263
1297
1761
2288
1091
2058
1911
1684
1450
1028
1264
1199
1932
1352
1858
943
2202
2024
2349
2126
1456
2197
2379
724
645
664
1290
1796
2128
1308
1173
781
2272
1726
1146
1291
1449
1238
1072
2306
2527
2357
1635
1249
1435
1801
1094
1619
1463
1028
1380
1793
825
891
942
1390
1347
1617
961
2202
819
1763
2327
1949
1648
1115
1366
955
1508
1197
1425
1521
1576
1766
2234
1807
1284
1769
1850
1454
2299
1717
1924
1726
2479
1779
797
1501
1952
1053
826
2406
1635
1598
1855
1801
2002
1898
1856
1002
1428
1901
2106
1545
1311
1657
1659
2226
1904
1824
1452
1193
2114
1056
1575
980
1922
917
646
1697
1708
2097
1150
1719
993
1363
677
1005
1945
1876
1201
2492
2343
1614
1549
1645
2675
1987
1484
2366
676
1970
1784
842
2088
1799
1799
1750
1037
1464
762
2331
1880
1583
829
2523
2246
1397
972
1478
2168
2522
1608
977
1333
1565
1978
1571
1879
1887
1070
2352
1562
986
2387
957
1878
1599
1873
1973
1692
1066
1483
1727
2275
1508
1429
2189
1524
2388
2042
2250
1281
1668
2564
1034
1015
2069
1983
2707
1420
1133
1609
2060
1749
1539
2353
914
981
1181
1197
2290
1730
1862
1275
1542
1891
1681
1320
2130
643
1504
1489
1431
1260
2338
949
1469
2511
1445
1186
2437
1509
1565
1428
1756
1976
1505
2191
1905
2141
1731
1475
2000
2189
1760
892
1230
1381
1970
588
957
1095
1976
1785
1116
1388
1793
1711
1645
2487
884
1488
1683
1721
1906
2191
1054
2044
2310
1644
1639
2309
1802
1729
2565
1598
2665
812
1573
2121
2280
2209
1710
1068
917
1302
1556
1664
1743
1258
906
815
2504
1456
1478
1797
2230
1946
1451
1918
1883
1442
984
996
1805
1845
1734
1925
1868
2627
1786
1849
1602
1818
1400
2111
1799
1390
1801
1303
2342
986
2351
1353
1191
2531
2081
2289
1239
2580
2318
2041
1854
1553
1665
875
708
2450
2418
1404
915
1814
1658
966
1557
1534
1231
1415
1246
1990
1340
2298
2288
1253
1375
1471
1926
1617
2445
1787
1525
1279
2433
1782
1579
1145
1948
1665
1384
1996
1716
1764
782
2158
1546
1506
1707
1005
2140
800
637
1348
1715
1262
1183
1862
1680
1359
1388
1180
1758
1434
1943
692
2015
1356
1221
1758
2061
945
1615
1189
2536
1388
1825
1298
1424
1888
933
1540
1933
1508
1657
1211
1357
1743
1647
1119
923
1901
1519
1907
2241
825
928
2508
1549
1155
2111
1559
1449
770
1137
2003
1729
1832
2410
2254
1513
1692
1701
1591
1826
2011
1657
2405
1227
1713
757
1986
1527
1434
1116
1657
1458
695
1803
1288
1725
1291
1403
887
2407
2432
2138
2113
1594
998
1519
1577
1692
1886
1976
1977
748
1841
2442
1775
2436
1834
1333
1209
995
769
1832
1651
2258
1445
1455
1667
1657
1544
1333
920
2155
1314
1114
2084
2091
1644
1521
1256
1971
2132
1937
1492
1584
1781
1480
1786
1039
1280
1721
1472
1318
2144
1913
2164
1567
2467
930
1313
2344
1564
2548
2165
1697
981
1578
1312
1241
1989
1223
1444
1086
2333
1798
1686
1251
1205
913
1445
2649
1180
930
1458
1631
1218
1665
1797
2308
1736
1045
2125
1298
1185
1186
1794
2360
1241
1364
1023
1152
1557
1491
1532
1728
1883
1372
1329
2168
2108
1349
1496
1088
2648
1250
2132
1709
2028
1366
1597
1611
1408
1364
1688
2312
2245
1638
1565
1841
1277
2101
1838
1764
2338
1921
1540
1388
1749
1205
1399
829
1614
859
1552
1992
1559
1114
1119
2033
2177
2657
2061
1728
1668
981
2285
2245
1935
2241
1418
2240
1629
1505
860
1296
1157
1914
1239
1092
1480
1910
745
657
1344
649
854
1689
2091
1463
1440
1504
1884
1665
1579
1110
2237
1148
1457
2308
2213
1975
1479
934
1996
1430
851
853
1287
1867
1477
1533
1016
1000
2367
2581
2403
2049
1371
1452
1116
1748
1846
1175
1150
1996
1964
1789
2634
1489
1772
1521
2182
1694
1278
1790
1875
1765
1571
1989
1396
845
1454
2327
2255
1865
1180
1201
2429
1602
1040
1782
2519
1468
2066
2032
1802
1507
1528
1845
1365
888
1728
1411
1258
2685
1760
1601
859
1283
1206
2167
1012
1376
1464
1229
1689
1205
1546
1479
1198
1821
2153
2076
1584
2386
1545
1682
1577
1785
1402
1692
1326
2195
1801
1472
2075
1509
2177
2043
2253
1596
2218
1603
1632
2130
1463
1159
1762
1250
2132
1039
1661
1649
993
2195
2377
1369
1398
1838
1447
2189
1784
1412
2094
1776
2116
1702
994
2158
1507
1852
853
1814
1383
2370
768
1706
799
1865
1159
1412
2269
1298
1193
1602
1834
1579
1905
1130
1723
1813
693
1709
1593
1394
1206
1097
2111
1617
1521
1743
1054
1937
2375
1229
1533
893
1549
1533
2120
2213
2451
1300
1994
2093
1298
1466
2182
1317
1726
1853
2214
1089
2423
1867
1479
1573
744
1355
805
860
1683
1605
1223
1935
1558
1072
1504
1183
1094
1875
1713
1844
2358
1594
2127
1868
1689
1789
1043
2028
1383
2025
1651
1218
1265
1451
1778
1842
2485
646
2327
1532
1224
1692
1936
1122
2316
1626
1974
1566
1363
1909
1803
1885
2033
1483
1981
1700
2052
2348
1257
1806
1296
1644
975
2159
2219
2690
1526
2325
1858
1080
1231
1128
2069
1502
1852
993
2155
1677
1215
1824
1509
1818
1475
2321
1290
1820
1221
1975
1802
1374
2256
1091
1056
1067
1547
1311
1725
1660
1763
1867
1605
1480
2111
1420
2537
1640
1195
1417
1827
951
1521
934
1580
1550
1889
2706
1642
2063
1332
1922
1800
1532
2234
1392
1585
1903
2542
629
2084
1275
2158
1960
1287
876
2528
2347
1312
2436
1217
1081
1450
1212
649
1450
1162
1717
1664
1399
1016
2029
1295
963
742
1284
1715
1370
1935
1671
1669
1217
1707
1080
814
1270
1642
1051
1153
1889
1580
1280
940
1536
2356
1432
1279
1476
2355
1918
1622
1240
2129
1573
1351
2456
2514
1676
2136
1569
1141
1850
2048
1385
2342
2402
1692
2454
1689
849
1813
1520
2154
1654
1112
855
2187
1865
2263
1121
1467
1989
1568
1809
1082
1876
1140
1504
1509
1350
1462
1741
1108
1586
2257
1190
2023
1542
1425
2240
1422
1920
2137
1513
1633
1610
2073
2030
1485
1463
1976
1436
1419
1163
963
1198
1638
2362
1087
1724
2059
2173
1903
937
1429
1692
1189
2220
2421
1534
2288
2077
1665
1656
697
1497
768
950
1594
1251
2183
1260
1722
1568
1542
2103
1993
1311
1217
857
1724
2139
1529
2010
1442
1231
1567
1463
2155
1377
1851
1362
1004
1909
2241
1937
1287
2070
1341
1015
1714
942
2077
1446
1702
1297
1979
1962
2042
1858
1358
1171
1769
2012
2220
1281
2462
1679
2016
1548
1739
1445
1589
2165
1741
1101
2223
1665
1583
1766
1257
1265
2331
1487
1484
1293
1087
1810
1221
1894
2440
969
1207
1380
1646
1960
1319
2292
1432
1867
998
1515
1701
1688
1711
1349
1922
1301
2398
2492
1805
2167
1376
936
1538
1315
1852
1400
1782
1249
2423
1724
1994
2061
1624
2135
1689
1113
1576
1060
1043
974
1683
2156
2017
801
2185
1277
1513
1470
1877
1298
1605
775
722
1715
1681
1621
2197
1009
1201
940
1911
1949
1889
2503
1495
2209
1590
740
1522
1286
2140
1364
1801
1812
1527
2022
1922
1771
1405
1647
1959
1620
1768
2303
969
1229
1002
1498
1955
1597
1172
1505
1341
2228
2477
1824
1452
962
1078
1448
1998
2059
2243
1072
1884
1738
1540
1796
1552
2074
1225
1115
1480
1667
1551
1403
710
1797
2400
1286
938
1922
2323
1398
1473
1913
1813
1217
1565
1816
2406
1652
921
1581
761
2053
1765
978
1121
1743
2191
1174
2378
1781
1131
2104
1683
1825
1533
1765
1106
1854
2205
2350
981
1155
1282
1139
1712
1582
1677
857
1701
1859
1035
1888
1565
2212
1300
1189
1812
1894
1541
1086
1756
2422
1529
1930
1836
1621
1343
1050
2034
1236
1824
1173
1692
1179
832
2302
1386
1693
1622
1904
2073
1924
1497
801
1422
1541
1451
1613
1097
1776
1218
1200
1734
1897
1390
2025
1411
653
1628
1204
1547
1833
1340
973
694
1541
1988
2019
1387
1845
1859
2319
1273
1252
1093
957
2236
2355
2099
2236
2087
1181
2151
1599
725
760
1868
1737
880
2239
1544
2518
2016
2589
1571
1695
2244
2050
1408
1891
1248
1564
1242
2106
1958
769
1608
2371
2546
2034
2325
1448
2640
1651
1056
2279
1722
1496
1839
1234
1743
1250
1484
1389
1570
1664
1556
1051
1586
1525
1503
2006
1308
1761
972
2287
2415
2605
1957
1802
1609
1146
1067
2163
1107
871
1602
1212
1454
2151
1333
1933
2182
1734
1826
1737
1558
638
2147
681
768
1322
833
1808
2121
2320
1366
1962
1474
1762
1288
1348
1725
2262
2532
2195
2056
1582
1145
1234
1683
1402
1679
1632
1275
1952
1599
2084
1550
2291
1669
897
1453
1673
1398
1520
953
1465
1164
1682
1911
1546
1024
937
1566
1347
1630
1537
1809
1748
1577
2422
589
1613
694
1732
1144
1791
2053
1909
1921
1217
1670
1147
1085
2339
1553
1713
1632
1412
1779
1920
1689
840
2139
1454
1594
966
2343
1340
1217
1034
1619
1889
1457
1765
1978
1509
1982
2296
1750
2081
1444
799
2384
940
1444
2231
2337
1696
1618
2106
2329
1312
1416
2604
2133
660
1882
1810
919
2074
1153
1498
1693
1853
1484
1918
1128
1134
832
1014
2153
1118
1469
1619
1017
1586
800
1485
1054
1815
1796
1904
2360
2350
1765
2483
1815
1423
1106
2020
937
1654
1987
2360
2528
1593
989
1109
1184
1855
1604
1029
1892
962
1589
1248
1953
2189
2448
2004
2234
1097
2318
2064
1042
1473
1605
2388
1454
1278
1568
1749
1436
1129
2361
1961
1918
1780
1620
1708
1716
767
1814
1251
2145
1698
1834
2100
2677
1553
2457
1593
1024
1902
1883
2426
1347
1449
1706
1655
1330
1535
1759
2324
2223
1748
1975
2110
1710
938
1427
934
1024
2208
1857
1866
2023
2228
1261
1617
2329
888
1164
987
948
2146
1141
1750
1725
927
1013
1488
1893
1420
1499
2292
2065
2142
2574
2104
962
1666
1450
2157
1635
1823
1537
1027
1148
1443
1655
1832
1178
1299
1679
1731
1077
926
1632
1757
2208
1898
1071
816
2156
1623
1130
931
1600
2566
1579
1156
2069
1265
2550
1374
2411
1689
918
1110
1090
2206
1439
1500
2400
1621
1170
2518
1056
2380
1590
1759
2148
1945
2259
2317
2063
1291
950
2236
1567
1667
1471
1523
1338
1741
1318
1206
1515
1416
1379
1616
1544
1848
1476
1548
1811
2022
2077
962
1536
1865
1768
1941
1794
1359
938
2137
924
2042
1486
1665
2582
1512
1859
2069
1657
1041
1459
1885
1557
1524
1640
1448
2066
1491
1011
1943
1283
1667
1196
812
1895
1143
1753
1228
930
2385
1760
1996
1587
2149
1700
2151
1056
1020
2124
1860
2306
1746
1481
2493
1477
1813
1815
1418
2412
1710
1729
1915
1651
1716
2239
1785
2152
1499
623
1745
1012
1849
1874
1512
1464
1762
2192
2372
1622
2163
1771
1414
1297
1341
2147
2114
1581
2338
972
2564
1632
1464
1736
2500
1888
2132
2145
1307
850
2046
1942
1780
1175
2438
1946
1529
2079
2106
1422
2020
1886
1884
1675
1704
1585
1472
1392
2240
986
1542
1390
2406
1732
1251
1606
2042
2226
1380
1926
1042
1993
1556
2024
1539
1438
1849
1958
2013
1482
1230
1267
1588
1422
774
2184
1305
1866
1037
2171
2005
742
1865
1808
1566
1932
1693
1433
2120
727
2003
2356
1791
725
757
1809
1448
1295
1865
1086
1279
2526
1678
1496
1383
1836
1406
827
1844
1642
1447
1721
1091
1316
1714
1597
1706
1106
2358
941
899
1841
1658
2427
2125
2029
1578
1848
1144
2386
1842
1529
1966
1680
2020
1838
1006
862
1173
2592
2375
1203
1374
2284
2453
852
2124
1601
1662
1602
1556
1689
2017
2022
865
2466
1359
2338
1700
1702
1441
1801
1874
1160
1687
2241
2709
1408
1129
1531
1579
1263
920
2258
1492
1686
1816
2120
2425
1966
2223
1054
1205
1771
1332
1600
1487
1539
1438
1842
1172
2402
1162
1034
1517
1143
1862
1943
1423
2061
1777
1799
1480
2297
1269
1193
1812
1564
2048
1133
1520
2084
1185
2270
2062
1216
1662
1909
1823
747
813
860
1806
1515
1932
2481
2484
1992
1224
657
1887
1176
2016
2222
2028
2493
1604
1671
722
1611
1854
1767
2587
1185
1370
2392
1043
1635
1727
1507
1621
1755
1702
1466
1666
1168
2188
2099
1644
1965
2026
1430
1390
1529
1274
1036
937
1328
1872
1632
2386
1523
1930
1517
1999
1850
1569
1899
2207
2218
1564
1971
1277
1691
715
660
2063
1127
1926
1212
1125
2016
1340
1722
1849
1614
2687
1844
1300
980
2531
1484
2547
1516
1819
1574
800
1731
1397
1644
2046
1589
1606
1643
2262
1201
1936
1432
1899
1842
1037
1779
1650
735
2359
2640
1395
1769
2314
1750
1691
1970
1325
1916
1733
868
1953
2128
1767
1494
1288
1395
1579
1762
1157
1643
1969
2222
1680
1964
2558
1567
1335
961
1847
1929
1523
1607
2533
845
2339
1190
1614
1597
2133
907
2062
1114
1776
1453
1648
1105
1297
2213
2093
1198
1511
1867
1702
1542
1337
1257
1367
1770
2136
1458
1610
2026
2104
1147
1366
2087
1795
1485
2224
1283
2096
1773
1905
1218
1590
2007
899
1441
1530
1209
1457
1682
1110
1338
1074
1560
1086
1059
2330
2274
1758
2076
921
752
1774
2184
1763
1289
1361
1925
1001
1109
1732
1875
1591
1965
1553
1716
1568
2107
2160
1766
1756
947
1041
1913
1259
969
1708
1108
1598
1708
966
2054
1059
1324
1802
2316
1440
1805
1353
1759
1941
1960
1353
1050
1608
1232
1115
1067
1071
1862
1102
1392
1355
2131
2159
1528
1750
1966
1266
1056
2241
1136
1585
1651
1548
1883
2193
1437
733
1215
2271
1525
1459
1138
2039
1199
1835
1493
2602
1796
778
984
1406
2146
1761
1035
949
2295
1009
2177
1455
1764
1993
1438
2481
1688
1225
2129
1719
1461
2500
758
1467
1427
1498
1333
1468
1764
2163
2122
1168
1301
1239
2190
1412
959
1470
1875
963
1898
1488
2116
1713
1788
2167
1256
1311
1194
1551
1548
1624
2645
1555
2312
1613
1588
2650
1022
1207
611
1286
1787
1998
1408
2020
1350
1738
1851
2131
2460
2197
2159
923
1682
953
2486
1090
2582
1195
1447
1135
1456
1376
1866
1662
851
1612
1722
1990
2035
1188
1094
2124
1707
1880
2184
2172
2499
2194
1888
1828
1395
824
1361
1826
1305
1843
1693
1980
1239
1286
971
928
1532
985
1138
894
1259
1364
1707
1542
1739
1804
1629
1384
1402
1662
1371
1431
1517
1804
1688
1377
2203
824
2067
1559
1201
1298
2091
1930
1624
712
1409
2277
1525
1165
2209
758
1512
998
2489
973
1335
2255
2318
1807
1426
1736
1410
1936
2043
1901
1438
1547
2476
2091
1553
1626
1493
2082
1493
1516
1281
1716
2544
2032
1978
2167
1723
1824
983
1195
2206
1819
1386
1651
1166
1066
1598
1418
1302
2029
1813
2132
1088
1112
1558
1980
2155
2387
1854
1762
1024
1658
911
1239
2132
1411
2098
2519
2007
2396
1459
1647
917
1371
1368
1805
1643
1373
1837
2550
1242
1795
2327
1726
1651
1943
1305
938
1802
1610
1807
1297
940
1855
1590
2084
1476
1769
994
1780
2423
1293
1988
1729
1009
793
2403
1520
1694
1442
1577
1641
1077
1939
1440
1827
2002
1754
1919
2516
1286
2059
1843
1185
1060
1094
1754
1737
1808
1993
1620
2202
2180
1913
1606
1944
1322
831
1542
739
1795
691
1554
1480
1672
713
1667
1245
1993
2238
2422
2190
1487
2415
2412
2489
2075
1305
1607
1174
1575
1080
1729
1670
2158
1259
2229
1578
1294
1889
2167
2579
1713
2605
1300
887
1262
1904
922
1378
1853
1770
2158
1261
2093
1009
1661
2099
1127
2124
2252
2080
2287
1478
1633
2238
2578
2102
1744
1697
2112
932
2388
1499
982
2130
2143
1663
2265
1676
2462
1620
1399
1650
1179
2276
1065
1167
1461
1647
2267
1071
2031
1716
718
2128
1409
2502
1912
2047
956
1669
2061
1138
1692
1653
1545
2432
2122
2244
2257
1175
1608
1400
1648
1025
1037
1485
1490
1666
1030
1454
1387
1433
1597
1774
2088
1629
2002
2280
1539
1458
965
1860
1174
1835
2280
1578
1021
1437
1499
1870
1183
1017
1580
2408
2130
1458
1210
1583
1908
2268
1777
890
1229
1122
1778
1565
1176
1920
1106
2255
1055
1618
1272
1897
1921
1428
2012
1167
1839
1488
1021
1165
1768
1422
1580
1831
1714
1213
2357
2218
1209
1257
2309
1248
2284
963
1043
2460
1606
2167
2477
2001
2209
1508
1855
2050
2233
1406
2271
1769
1877
1403
1437
2469
1804
1758
1543
2640
1764
1541
1046
1104
1887
2023
1315
1634
1792
1721
2286
1364
1489
1765
777
1888
1824
1574
1536
1760
1496
1828
1130
2398
1540
2001
1295
2156
2119
1768
1392
1670
1329
1677
1866
1617
1165
1815
1610
1999
1686
1947
1555
1544
1981
1271
1587
1349
1533
2049
1973
1594
1490
1117
1348
1263
2152
1911
1483
1347
949
625
1733
882
1653
1920
2153
1547
1903
1484
1852
1677
1407
909
1901
1290
1828
1981
1296
820
621
705
1856
1272
1261
1821
2456
1737
1679
1627
1152
2024
2218
2267
1375
1566
1261
1251
1066
2547
2440
2037
1167
1312
1520
2144
1643
919
1407
2352
1741
1943
1585
1744
2398
1755
938
854
1848
2139
1507
1867
2285
1002
1876
1703
1550
2230
1700
1085
1361
2436
1947
2005
2235
1229
693
1491
1171
1707
1749
1752
1229
1582
985
1795
2164
1561
2453
1355
1518
2051
2498
1270
1379
1460
2296
2496
1661
1674
1582
875
1609
2081
1288
1979
1774
2081
1625
917
1507
1190
2344
1495
1211
1443
1733
1155
1551
1705
1221
1043
1601
2082
2037
1393
2070
1342
1517
1054
2165
2621
2361
993
1348
852
2363
1566
1047
2237
1844
1458
1671
1347
2154
1689
1831
1118
1703
1764
1674
2085
1390
642
2176
2033
2356
2162
1809
1993
1217
801
2223
1944
1868
1495
1164
2423
1769
1149
1848
1733
1921
1643
2305
1694
2213
1432
1451
1766
2220
1065
1839
1694
1803
857
1832
1905
2040
2241
1192
1223
1511
2122
781
2248
2153
2367
2104
999
2180
1393
1823
2448
1773
1777
1616
1642
734
1418
1033
929
1762
1244
2512
1219
1490
2259
963
2309
1724
970
782
1411
2368
1754
1510
1748
2572
1311
1639
2578
1699
1236
2417
2456
1087
1008
1958
1290
1794
1645
1313
2270
983
1355
1118
1894
1251
2407
2014
1875
1722
1955
1462
1491
900
2442
1146
917
2206
1405
1713
2282
1412
2188
1500
1567
1809
670
1469
1275
2257
972
1632
2095
810
2195
2052
1415
1959
1702
2069
1484
1878
1795
2291
958
1739
2207
1750
1715
1363
1087
2240
1494
967
2324
2262
1624
1806
1556
1466
1517
1589
1449
1887
1045
1390
960
1106
2291
1482
1407
2025
2259
1747
1908
1487
2427
1392
1490
2232
2380
1199
1040
2009
1671
713
1362
2118
2203
1547
1416
1525
2513
1728
1684
1184
1425
1465
924
1509
1276
1737
2011
2101
2284
1924
2128
1066
920
1919
1340
2132
1521
1769
2029
1738
2499
1327
1062
907
1676
2516
1437
1907
765
1470
1641
1740
2271
1350
1933
1321
1361
1600
1420
1599
2088
1161
1997
1430
2071
1724
1978
1044
1322
1007
795
1630
1759
1009
1613
1664
1974
1045
606
1163
1186
2271
2428
1753
1491
1787
2007
2070
1040
2255
1608
2208
1202
2137
1756
1337
1700
1306
1290
1679
1466
1611
1998
2010
871
1794
733
1415
1851
1410
1477
1517
1535
2416
1903
1588
1135
1436
1172
1606
1178
1172
2195
1185
838
1533
1506
2193
2206
1660
2031
967
1406
1605
2229
1109
1111
1040
1696
1720
2340
710
1667
1436
1390
1241
1028
1867
1543
1657
801
900
2071
1082
1035
1575
1689
1206
1434
2396
1065
1700
1555
2119
1947
1971
1685
1784
2014
1901
1556
1672
2218
1288
1779
1742
1900
2323
1180
1370
2182
2294
1534
1659
1268
2245
669
1511
1974
1151
1460
718
1449
1744
1573
2017
1994
1504
1092
2393
1683
1224
1207
1733
2111
1283
1825
1780
2316
1564
2110
2254
1173
1383
1449
1266
837
947
1514
1579
1052
2328
1723
2033
1600
1861
1975
2399
1483
1263
1592
1422
1724
1087
1533
1425
2477
1348
1579
686
2198
2099
1526
1437
2304
2201
2199
1504
1277
1568
1750
1989
1684
2377
1664
1937
1302
1736
1504
1791
1347
1320
1587
1464
1175
1416
1407
1884
1105
1974
609
2057
1908
1254
1659
916
2015
1708
1646
2426
1061
1793
1113
1175
1840
1893
1975
1220
2222
1114
1402
2327
1329
1876
1637
1746
1602
1913
1357
1938
795
1873
2275
1285
1693
1876
1941
1869
1361
1471
1691
1294
860
1816
1365
1950
2165
1823
2251
984
2234
2212
1897
2085
1146
1664
1779
1181
2238
2015
1592
1840
1397
1313
1108
1561
1207
1665
868
909
2624
1943
1219
1934
1357
1285
2090
1219
1539
1904
2395
2213
2062
2524
1730
1585
1811
1328
2157
1160
1131
1142
2206
1731
1750
1939
2038
1343
1674
2678
1453
1729
1203
1342
1192
1613
1205
1880
1658
2179
1599
1770
1680
1785
1558
1837
1252
1398
2105
1526
1163
1497
2158
1342
1597
871
1771
1733
1900
1011
2129
1882
1458
1937
2678
1381
2114
1351
1681
1723
1223
2269
2506
1375
2100
791
1906
1948
823
1661
2238
1728
1310
1560
1337
1570
1531
1625
1415
1859
2081
1572
2278
1846
1375
1390
1212
1172
1388
1186
1847
1020
1151
1990
977
1480
2137
2242
1904
1326
1820
2133
2296
1152
1637
1095
1753
2120
1236
1955
1340
2120
1688
1006
874
1489
2013
1386
1571
2236
2230
1285
1501
939
1196
1908
1542
1320
1852
1695
1870
1156
1626
1326
1796
1802
1082
2430
806
1250
1908
1586
1789
1383
643
1593
1061
1330
1184
2159
2191
2012
1430
2401
1134
2256
1127
1727
1363
1306
1556
2225
1504
1015
909
1248
1857
1387
1950
1961
977
1288
1458
1634
2161
2219
641
1999
1815
1519
2225
1515
2342
1515
2081
1773
1009
1108
1683
2250
1411
1878
1258
1637
1180
1727
2464
1685
1317
1751
1449
1600
1597
909
1427
1863
1466
1125
1361
1909
1252
1769
1627
1640
1591
1393
1488
1765
1961
1877
1633
2062
1696
1002
1752
1724
1174
2066
1079
1759
1649
1100
2490
782
1662
1672
2067
1650
1713
1801
2352
1603
2312
2382
1669
1267
1036
1756
1459
1562
1625
1070
1826
1410
2271
2021
2020
1247
1846
2009
1336
1191
1301
1950
1862
1676
1066
1111
1342
1590
1180
2153
1674
1504
2010
2314
1390
1063
1743
1989
2441
1615
1827
2121
1772
1337
1175
1509
1231
816
2457
1815
1181
996
1536
1622
1953
1795
2141
1613
2335
2576
1708
1444
688
1697
1574
1936
2357
2209
1767
1858
1262
2043
1518
1672
2406
1430
1922
1697
1727
1419
1031
1561
2533
597
2229
1343
1138
2359
1223
1657
2653
736
2097
1741
1922
1459
1668
1236
1725
978
2326
1402
2021
1625
952
1737
1833
1005
2471
2009
960
1714
1560
1959
935
1320
812
1974
1677
1198
1496
747
2225
1648
2175
2184
1567
1073
1084
1323
1756
1776
1748
2453
1946
2166
1800
1605
1800
799
767
2457
2283
1760
1902
781
1174
1617
1507
1633
1886
1757
1355
915
1465
1283
786
2265
1344
1757
1615
1216
2235
1397
1671
1774
2176
1929
1631
1198
1429
739
1353
1068
1584
2341
1783
1568
1503
2411
2105
2009
2373
1983
1167
2187
2167
1244
1462
2116
2248
1358
2360
881
825
2259
1670
1685
804
1654
1737
1706
866
1437
1301
1207
2342
1312
1398
1761
1227
1794
1576
1183
1540
1504
1711
2191
1767
2469
2108
1849
1537
1692
1963
2194
1525
944
2056
1508
2031
1738
2182
1884
993
1687
2295
1791
2558
1315
1756
2242
894
1271
1072
1818
1273
1918
679
2012
1102
627
1450
1467
1825
1405
1534
1177
779
2004
1159
1365
1141
1950
2379
1202
2627
1301
1467
1618
2367
2129
1967
1747
2372
1662
728
784
1318
1399
1954
1216
1950
1123
2059
996
1412
2384
1959
2050
1590
1885
2187
1029
1465
2129
1425
2318
933
1395
1018
1704
1708
1629
709
2157
1683
2291
1682
911
1190
1285
1421
862
2017
1364
1313
1661
765
2177
1287
1239
825
1084
1420
1392
1894
1934
1672
1622
1680
1411
828
1352
1897
1129
1312
1943
957
1789
1319
1555
1397
1270
1462
1701
1900
960
1520
2012
1459
1049
1701
817
1489
1509
1027
1950
2247
1399
2216
740
1755
1645
1871
1898
1055
2237
1210
1732
1814
1647
1090
1113
2103
1996
2007
1072
2351
1808
1595
1579
1978
2384
1784
2067
2370
1398
1365
2059
1733
1766
2197
1635
1464
854
1769
1947
1158
1860
2155
752
1402
1165
2050
1611
2019
2058
1871
1540
1581
1992
1977
1979
1460
2154
1751
2151
1643
1296
1817
1126
2228
818
984
1630
1436
1604
1632
1921
1872
2502
1090
2628
1091
1451
1844
2042
1095
2053
1334
2391
2340
2272
760
1046
886
2292
1960
1289
2138
1589
1414
2075
1799
1519
2066
1892
1051
1641
1283
1697
2023
1644
1298
1688
2175
1453
1937
1968
2510
2291
1095
1075
1921
1573
1195
2548
2137
1623
1450
1268
1324
1229
1974
1087
2302
1707
1645
876
1684
1356
1401
2076
2270
737
1721
776
1817
847
1431
1794
2506
1708
2023
1441
1270
977
2055
1311
1536
1417
1745
1772
1419
2331
1607
1570
1424
2539
2205
1431
2410
1064
1092
1361
2438
1203
2170
1709
2414
1784
1606
1611
1225
990
1199
964
958
1689
1830
1703
1867
2066
963
1685
1752
1244
1357
1243
1760
1804
1620
1316
2416
2118
1442
1207
1698
2171
1363
1626
1432
2133
2131
1900
2411
2603
1967
1560
1748
1613
1600
1812
2020
1561
2500
1487
1779
2213
942
1627
2583
2293
1187
1176
1122
1919
1556
2142
2099
1889
1757
2244
1498
1395
1203
1565
2003
1666
1474
2279
1816
1478
1925
1644
1582
1335
747
1723
1305
1501
1886
1944
2009
1988
2274
1423
2227
1136
1180
1555
1263
1522
1120
1621
1000
1948
2067
1684
1341
1755
1148
1368
1537
2514
1439
1853
675
1772
1650
1860
1155
1399
2434
2073
1725
1308
1615
1463
1650
1441
840
1844
1229
2064
1620
2489
1725
1206
1716
1397
2185
1652
728
1857
1509
1844
1720
2077
1989
2143
1220
1522
1645
1651
1786
1402
1184
1719
1475
1284
1952
2227
1917
742
1807
1665
1812
1270
1314
1427
1498
1399
966
1641
1688
1481
2519
1809
2350
2035
1783
1934
1214
1933
1201
2250
1336
1936
938
647
1006
1175
1808
1757
1909
2136
1838
1607
993
1332
1577
2184
2301
1353
1375
1869
2207
1568
1482
1244
2385
1514
1746
1178
2058
1232
1681
1592
1330
700
2340
1229
1867
1444
2138
2490
902
1345
2004
1718
1601
793
2006
1837
1361
1091
1273
1611
1519
2201
1767
2462
2152
2344
1715
957
879
2308
1080
1346
2313
944
1714
2446
1397
1639
1302
1190
894
1421
1961
1714
2112
1765
1445
770
1824
965
1730
2247
834
1492
1374
1581
1946
2348
1254
1590
1264
1919
1985
2423
1893
2131
898
1780
1493
1089
1544
2325
1979
1299
1472
2279
1067
1059
1767
2272
1639
1004
1652
1639
1862
1976
1641
1442
1809
1281
1609
1638
711
1761
2394
1079
1639
1823
2327
1590
2091
1736
1877
2343
1890
2172
1812
2072
1921
1022
1822
1943
1658
1371
999
1048
1474
2267
702
2692
856
759
2002
2064
2158
1195
1846
2083
2271
923
1947
1496
1057
2279
1429
1582
1825
1897
2394
1704
1539
1983
1050
2435
2159
894
1494
1159
1404
1876
1128
1373
1436
1186
1083
1866
1611
2128
1021
1556
2508
1151
2448
2290
1848
2227
1678
1961
1258
1352
1666
1674
1030
1954
1714
1103
1970
1787
877
2584
1790
2206
1538
952
1966
2017
1117
1586
2059
2294
922
2134
1069
1538
1037
1269
1298
1810
2000
1171
2023
1690
826
2313
1162
2418
1444
1521
2581
1459
2128
2131
1202
2008
2105
1736
1007
2045
1462
861
1478
1171
1647
2052
1514
1444
1453
1635
1679
2542
1111
714
1212
1076
991
2455
1128
1732
1985
1118
1691
1643
2011
1534
1074
962
1159
1263
1833
1914
1513
832
1615
2244
1395
1856
1578
1264
1628
2091
2465
1442
2262
1400
2020
1996
1620
1671
1150
1787
873
2214
1533
1634
2081
2511
2045
1129
1639
2085
2456
971
1770
1484
1862
1552
1904
1987
1718
1619
1648
1657
1765
2268
1347
1173
2057
1301
2481
1606
2000
1182
1091
964
1709
1567
1383
2178
1658
1104
1854
1877
725
925
878
1562
1371
1874
757
1094
1515
1906
1587
1093
1285
1593
2574
1581
1363
1055
737
1295
1663
1260
2442
1734
1402
1205
2076
1693
1656
1211
1697
1524
836
2048
2299
1757
2047
1582
1635
1618
1943
1320
2422
2281
1482
1796
1739
1711
2309
2255
2236
734
1266
2664
1149
2030
1703
1613
1491
1088
1197
1663
1521
1190
1725
1161
2005
1857
1770
1708
1467
2245
1280
1745
1874
1667
907
1709
1858
1422
1813
1261
1507
2180
1400
886
1602
1876
1905
2069
653
2324
1465
1953
2168
2387
1960
2040
1140
1585
1555
1633
1607
713
2224
1711
1373
2478
1016
1484
1633
1964
1511
1941
2545
1836
1849
739
1157
1674
1783
914
1903
1557
1203
1547
2070
1974
852
1152
2209
2008
1897
1732
2219
1256
2069
2183
936
2163
1144
2039
1057
1929
1610
2295
1669
1273
2067
1403
1099
2331
2003
1552
1560
2321
2101
1133
761
1173
965
1932
1657
1802
1880
2004
2528
1581
1781
2258
1536
1873
1845
1603
1817
2079
2581
2513
1901
1672
1573
2396
2484
886
2093
1865
1880
1886
1708
2626
2076
1650
1311
1109
881
1455
1349
1617
854
997
2044
2144
1765
1373
876
1279
2144
2019
1489
1402
1140
1328
2172
1776
1463
1582
1828
702
2106
1508
1778
1309
1207
2301
1536
1910
1746
1047
952
2023
2029
2096
1381
2050
1382
2013
1566
2274
1929
1425
1965
1842
2060
1583
798
2184
1740
1088
2329
1730
2233
1908
1802
1695
2283
1786
1485
1435
1481
1188
1693
2149
1916
2393
1710
1472
1115
1792
2400
2437
2578
2374
2145
2013
1635
1419
659
2335
2129
1395
2344
2359
1154
1332
1322
1680
747
1883
2037
2263
740
1221
1908
1749
1531
1017
2476
1791
1095
2269
843
1938
1242
2579
1896
755
1402
1047
1800
1820
1583
1418
2255
1440
790
1078
1661
1647
2165
1113
1714
2218
983
1695
2190
1698
1593
1325
1351
1644
2636
2274
2241
926
2199
1657
1603
1388
1315
2159
2559
1685
2176
1790
1360
2143
1217
1366
1786
1738
1767
1406
893
1172
1171
2478
1536
2250
1749
2001
2009
1665
2352
1083
1871
1901
1517
2115
2077
882
1190
2088
2583
1934
1501
1160
1617
1473
769
1432
1990
1508
1492
2258
2405
1540
1760
1315
2222
2338
1877
1923
1797
840
2114
1777
1183
1578
1206
1267
1941
1048
1830
1868
1374
2330
1780
2407
1053
2097
1618
734
2260
2003
1828
1712
2458
2060
1591
1812
1749
1383
1896
1866
1427
1561
1680
1657
927
1220
1890
1600
945
1031
830
1783
1370
1124
1238
1552
850
2339
2044
2353
1086
1584
1270
1946
1986
759
1404
2106
1467
1392
1863
1744
1514
1116
1563
1230
2379
1415
2062
2318
1824
1923
1646
1653
1769
1268
1595
2042
822
2140
1956
1749
738
1547
1966
1630
1178
988
1211
1562
1610
1173
2028
1292
2541
2466
1337
1820
1590
1485
1870
1455
1506
1498
2057
1483
790
1232
1467
1668
1822
2528
1542
1484
2117
1239
1244
1886
1966
2385
1791
2445
1470
2210
1438
2290
1061
2078
1351
1602
856
2012
1136
1647
991
2279
1506
1391
1410
1537
1903
1986
1360
1197
1256
1812
1732
2323
1689
1953
2073
2173
933
1438
1304
2573
757
1523
1433
1326
2006
1112
2042
2004
2439
1569
1791
1572
1865
1873
1208
2402
2088
1765
2262
1255
744
2181
1150
2110
1021
2282
1088
1179
2193
2052
690
847
1676
911
1232
1993
1411
2207
1524
1499
1897
1959
615
867
1989
1150
1026
1814
1220
2041
1811
1744
1756
736
2178
1423
643
1270
1494
1392
706
1777
1248
1587
1727
1401
883
2221
1730
1150
982
1695
1549
2195
1918
2125
1929
1376
1075
2154
826
1605
1754
1669
1769
1522
1991
1803
2043
1092
2152
1688
734
2016
1421
1238
1237
1410
2345
1000
1188
1328
1386
1057
1495
1049
1602
1366
1368
1404
1690
675
2452
2229
2463
2050
1313
1581
1753
1420
1802
1297
1539
1564
1573
2341
2167
1344
1499
1478
1612
1758
2227
1957
1485
1759
2085
2060
1500
1981
1700
1414
1300
1205
1127
2021
1945
1185
2478
2541
1805
1952
1808
1157
1843
1663
2027
1143
1590
1558
1542
1819
1262
1826
759
2337
1707
1432
1594
1231
2227
2009
2347
1910
1429
1997
2106
1216
1952
1426
1444
1746
1489
776
1475
1796
1209
1526
1851
1093
1158
830
1968
1204
1415
2446
1646
2586
2231
1187
988
1033
1653
1389
1434
1592
2604
624
1528
1914
1254
1579
2172
1863
1598
1522
1392
2069
1812
1913
2251
924
2337
2071
1517
1710
1922
1494
1180
1657
2273
2053
1314
2518
2334
1805
1757
964
918
977
1620
1307
1786
2133
1037
2009
1623
2487
1882
2091
1994
1867
2301
1153
1215
2514
1784
1687
1773
1393
1477
1630
1793
1140
1485
2340
1700
651
2407
914
1443
1959
1052
1628
1400
1143
1499
2477
1791
2000
1390
2336
2369
2107
1469
1285
2442
2075
1790
1559
1727
1916
1672
1704
1300
1975
1900
1064
1340
1495
1304
1628
1809
2434
1032
2099
1426
1742
2472
1811
2394
1778
1616
1923
1774
1924
1866
1130
1389
2270
1906
1961
2105
2022
1479
1888
2162
1916
2004
1952
1657
1313
2048
1982
1203
1951
2285
2020
774
1636
1309
2475
1275
1185
1341
1208
1081
1668
609
1336
1952
2280
2045
1811
1169
1896
2023
1504
1747
1640
1517
1318
1582
841
2015
1239
1490
1993
2515
2417
1547
1635
991
2181
2197
1790
1198
1850
2012
1868
1843
1746
2114
1721
1369
2140
1197
1701
2103
1443
1145
2156
1633
1385
1478
1600
1875
1529
976
1536
1522
1191
1133
2474
2139
1078
2143
2430
1588
1747
1649
1695
1720
1184
1434
1991
2134
2082
1607
1827
861
1852
2154
1774
1810
1505
1522
1928
1905
1233
2143
1729
1904
2015
1620
1769
1053
1512
1709
1711
1490
1434
1492
1341
1577
1486
1301
1615
1252
1627
2581
906
1689
1446
1715
1865
1812
822
2425
2252
1035
1748
846
2004
1856
1490
2638
1382
1234
1552
1990
1678
1960
1877
1786
1292
1434
1696
1378
1695
1002
2021
2067
925
2344
2356
2020
1633
647
1619
836
991
2408
2333
2155
1924
1079
981
1792
2296
1440
1571
2136
1627
2051
1723
1229
1674
1778
1709
2343
1559
1536
2072
2428
1376
1931
1954
1549
1652
1542
1772
2537
1804
1480
1484
910
1339
1859
1450
1621
2115
1572
1956
1755
1691
1581
2009
1677
1633
1636
2247
1482
2221
1462
1395
1286
1407
2071
1558
1600
1756
2368
1732
1462
2496
1209
1048
2460
2003
1652
1734
2246
754
1203
2365
1945
2484
1613
2484
1447
1043
1616
1671
1537
1757
2400
1825
2118
1444
2240
1718
2242
1710
2324
1206
1675
1722
1401
1838
867
2462
1457
1152
1004
2020
1738
2066
862
2057
1953
1817
1977
1823
1573
1697
1670
1711
1920
782
1674
1632
2624
1948
2026
1320
1033
1303
916
1434
2050
1880
1762
1825
2135
1901
1938
1335
2377
2306
2133
1918
1586
1494
1410
2275
2180
1797
1658
2066
1498
1942
2202
1767
1531
2111
1619
2072
2369
1031
1075
1221
1012
1788
2047
2659
1827
2052
2421
1956
1169
1551
1433
1821
1209
1756
1504
900
2326
1716
1768
1080
1725
1279
2424
2216
1622
1396
1133
1624
2537
1153
1754
1548
1541
2045
1920
1732
1724
2361
960
2348
891
876
1217
2540
1029
1404
1845
1932
1393
1331
1693
1013
762
1478
1291
2039
2077
1828
1153
2314
2296
1755
1464
2292
1640
1543
2212
1824
1530
1778
986
1443
2091
1433
1096
1861
2024
1896
1611
1585
1826
839
958
737
1873
2311
1870
2208
2172
1986
1775
1363
2056
2000
1482
917
1832
1581
1228
2331
942
1439
1910
1776
2382
2164
1916
2455
1427
2294
931
1236
2377
1957
1309
2106
1682
1312
1154
1402
2675
1931
2326
1561
967
1540
1692
1961
999
959
2006
1928
1441
1155
1653
1501
946
1721
1196
1700
1202
1607
1895
868
1432
1725
1885
1873
1453
1576
1382
1838
1227
1253
2385
2462
968
1642
1678
1419
1596
814
1448
2140
2000
1937
1851
2423
1233
1274
729
2602
1669
1127
1574
1194
877
1813
1964
1588
1546
742
2252
1258
1231
791
1869
2486
1148
1170
2547
1771
918
1499
1444
1197
1527
1525
1375
1445
699
1487
1391
1717
1924
1973
2081
941
1616
1595
1644
1557
1992
847
1116
2199
1670
2234
2039
1481
2061
1206
1354
2074
1901
2131
732
1534
1614
1974
1406
2556
1980
946
613
1939
1629
1979
2109
2487
1303
1857
1969
1662
1670
1897
1387
1088
2166
2111
1278
1459
1326
1036
1354
1697
1826
1587
2241
2024
1869
1060
1584
1301
1545
1786
1146
1754
2667
2687
1871
1649
1673
2480
2191
2299
2058
2174
1505
1431
2583
1825
1239
2086
1784
769
2017
1794
2340
1279
2426
1987
1995
1655
1512
1494
1116
1696
2030
1037
1821
2171
1303
1923
1636
2538
2046
1967
1973
2160
1890
941
2079
1573
990
2300
589
1882
1794
1267
1259
1773
1298
1092
2118
2662
2612
1208
848
1880
1489
2053
1608
1810
1208
2282
2457
1817
2296
869
2000
1991
1380
1280
980
1707
1102
2269
854
2471
1169
1762
2156
1688
2441
1174
1733
1704
2121
1913
2209
1481
1705
2135
1621
1564
1802
2418
1240
2293
1858
1520
1409
2305
1576
1274
1683
914
822
1547
1986
1543
1769
2248
771
1704
1520
769
1810
1243
639
1265
1608
922
1935
730
1741
1730
2140
1504
1537
1544
1715
1132
1627
2250
1031
1641
1204
2397
1360
1307
1880
1662
1429
1724
1295
1633
2354
2226
1457
863
1864
1215
1479
1808
998
1574
2405
1843
1966
1680
1211
1720
1586
1981
1420
1338
773
1152
1896
1214
1750
1395
1633
2246
1639
1911
2469
1395
2428
1663
667
990
1990
1217
2412
1254
993
1067
1868
1646
1552
1584
1559
1463
1503
1525
1913
1365
1199
1067
913
1679
1881
1054
1946
1390
1411
1769
1969
979
1847
1624
1418
2522
2165
1426
1152
1958
1587
1791
1921
767
2021
1691
1286
1133
2050
1568
1620
1649
1509
2652
2434
1636
967
799
1101
1683
1725
1344
1999
1386
932
1943
1957
1355
1703
882
2086
923
1946
1077
1441
1881
2422
2077
1694
1023
1648
1009
1762
1192
1466
2081
1907
1364
2006
1284
1693
889
1972
1757
918
1089
1173
2129
2125
1225
2130
1064
1392
962
2479
1561
1684
1668
1643
1827
1662
1530
1097
1780
885
1003
1792
2168
1286
1987
1435
1521
1430
1059
1263
2309
1539
2428
2059
1781
2049
1487
1095
1888
1357
2247
1227
1704
2060
1711
2578
1277
2377
1022
1938
1729
1378
2332
1324
1671
926
1999
2058
2418
1604
1914
1580
1952
2249
1929
1631
787
1384
2363
842
2114
1185
1695
1018
1326
1306
1148
1489
832
2146
1431
1683
1893
1724
707
1252
1629
2039
1739
2115
1804
844
957
1824
1933
1722
1041
1962
762
1537
1590
2135
2167
1078
1486
2221
2015
1690
818
1384
1273
2035
1629
982
1681
1698
1202
1114
2045
1571
1457
1250
2446
1222
1719
1418
1513
2552
1826
1633
2083
1333
2304
1629
1529
2254
1192
1853
1326
1249
1573
1673
1325
976
1391
1900
1926
2222
2095
1382
935
1009
2182
1006
1299
2265
1027
1796
1480
1116
1530
1624
1606
1489
1359
1343
769
1283
983
1383
2388
1489
1334
1625
1469
1779
852
2465
851
1534
1681
1827
1071
1915
1194
1400
1905
2139
2407
1441
1775
1124
1424
1701
2024
1911
2244
1311
741
2303
1697
2415
1572
1755
1809
1520
1729
1759
1222
995
2046
1767
1275
639
1579
2554
1909
1648
1548
1385
1247
2431
1399
1817
1448
1512
1344
1631
1611
1198
1109
1354
1558
1321
1002
1605
2275
2047
2182
1286
1327
756
1656
2104
1967
2146
1787
1988
1716
906
2378
1153
2152
1874
2262
1852
2113
1465
2393
2093
2407
2344
1352
1401
1695
2228
885
1408
1145
1282
1352
1210
2073
1500
1376
1880
1747
2000
1987
1824
2175
1216
1281
1853
1651
2191
1590
2218
1207
2695
1755
2045
2360
1773
2274
1080
1027
1776
2027
2137
1020
2030
1538
1824
2036
2505
1576
1378
867
835
962
1685
1105
1677
1275
1872
1339
1671
1111
1652
1112
1757
1784
949
1796
1323
1709
1409
1876
1833
1855
2159
1095
1585
1558
1088
1758
1478
1406
1753
893
1991
1570
2604
1412
1438
1174
1826
2296
2144
1774
1725
1567
1281
2037
924
1335
1797
1882
1645
943
1801
1422
2379
1346
2031
2162
1318
1191
1819
2322
1803
1830
1847
1544
1904
888
1590
1330
1589
1387
1776
1109
1875
1753
1884
2009
1410
1631
1376
2471
2188
2102
794
1520
814
1735
2247
1342
893
1240
1529
1126
1176
1422
2437
1163
1214
1174
1894
1484
1270
1265
2076
1569
1889
1597
2435
1805
1852
1743
1295
1352
1992
2506
1726
1986
1852
2442
2283
874
1561
2050
1180
1279
1567
755
1888
1264
1254
1736
1622
1054
1618
1505
1675
589
1601
1885
1930
1530
1665
1354
1314
1991
1880
1915
1649
2070
1695
1348
1865
1088
1795
829
2085
1496
1047
1648
1483
1550
1786
1618
1541
2218
701
1808
2574
1147
1503
2057
1398
1093
2194
764
1891
2050
1976
1290
2216
1260
1875
838
2621
1350
1548
2176
1439
911
2015
1134
1807
1248
1110
2266
1160
1386
1881
1854
1513
2142
2144
1699
2481
836
1610
1362
2212
1805
1505
1763
2233
1596
1592
1186
1125
1899
2053
1307
1645
1301
962
1796
1311
1878
1694
2405
2126
2650
1627
913
1670
1786
1595
2522
1837
1850
2425
1592
1248
1815
2180
1605
1029
1962
732
1948
2177
1643
1437
905
1500
1387
1602
1903
1671
1410
1102
1876
1685
1628
1759
1347
1873
1804
677
1586
1570
2529
1051
1932
1516
2087
929
1642
1589
1503
1579
903
1441
1311
1676
1557
2431
1993
1842
1904
1482
2154
1604
1959
1809
1949
1876
1542
1486
2127
1412
754
1665
1702
1489
1161
1313
1111
1552
1752
2066
2529
845
829
2020
1979
1418
1147
1971
1841
1999
2002
1663
1351
1442
1573
2343
1451
2081
1575
2503
2367
1543
1906
1703
2379
1747
1590
2390
1948
1561
1744
1912
1398
1421
2441
1684
2241
1375
851
1466
1556
2107
784
2310
1298
1351
2198
1624
850
1600
1669
1475
1740
2194
941
1873
859
1247
1210
919
1806
1668
1639
1738
890
1821
2022
1679
930
1690
1437
1228
1855
1382
1595
2006
1709
994
1719
1669
945
2083
1777
2421
1734
1603
2103
1021
1539
2245
2387
1867
1927
1878
1508
1785
1312
2474
1894
885
1837
2332
1303
1201
1202
1361
714
2155
1658
1893
1586
1831
776
1650
1615
1881
1430
1290
2364
1725
2483
1800
1423
1220
1314
2064
2128
1197
1996
1171
1469
1715
1286
1166
2386
1264
1586
1699
899
1719
1373
1661
1577
1670
1564
2513
2059
1650
1894
1487
1110
2086
1768
1372
1409
1720
1080
1932
1838
1006
1914
1653
1656
1533
1666
1231
1106
1896
1348
2045
1993
1276
2331
1729
2271
763
1779
1701
1274
606
1550
1847
2500
1796
1921
1167
1630
1882
1968
1743
1237
1226
1869
1384
1161
2558
1732
1205
1252
1293
1675
1839
1390
1427
2121
1416
740
2214
2490
1317
1319
2088
1636
1222
1257
1807
1155
1244
2051
1409
2415
1703
1567
1267
2066
2478
1528
1004
2072
1578
2232
1752
2293
740
1531
1878
2346
803
2298
1564
1311
1461
1081
2032
2048
1926
1862
1521
1605
895
1462
1799
752
1449
1961
1688
1491
1250
2081
1310
1223
1298
1555
1596
1276
1215
1028
1430
1140
1986
1699
1909
1143
949
1661
1380
1633
1232
2067
1731
1417
1592
1886
991
1463
1453
1832
1713
2231
1778
1812
883
2073
1509
1534
1199
1781
839
1725
1462
1589
1644
2004
1813
1137
1707
2105
2070
1398
2413
1439
1651
1527
1540
2152
1481
2114
1910
1502
1183
1811
1926
2282
1429
1889
1134
875
1665
1269
1219
2059
1473
1401
1557
1429
1506
1863
2088
1571
1688
2315
1646
2445
2017
2579
765
2262
1960
755
794
1731
2289
1916
1824
1040
2154
2414
1268
2567
1087
1731
808
2395
1354
1386
2200
1424
1686
2076
1213
2060
635
1673
1720
784
1075
1563
1857
1525
1571
1999
1465
2537
1944
1724
1416
993
2555
2099
1647
1920
1107
1359
2338
1278
1574
1448
1582
1005
2150
1615
977
2020
1791
2419
1945
1868
2001
2043
1324
1753
1206
1567
1509
1120
1106
1181
1577
1504
768
1686
2249
1766
1558
1729
2326
1426
2576
1337
1022
2591
1440
1411
1573
2190
2113
1168
1983
1282
1902
1995
845
1215
1193
2090
2108
652
651
1188
1471
2400
2168
1347
1580
1772
892
1929
1827
1655
2077
1310
1427
1321
1317
1035
1640
2215
1175
2016
1811
1453
1619
1057
2201
1815
2209
2288
1381
1052
1291
1653
1919
2121
1127
1839
1327
1289
1944
1188
1649
2437
911
2014
1286
2121
2135
2326
979
2267
1193
1729
1687
1845
2148
1009
2398
1824
2094
1220
1557
1229
1010
1071
1417
1104
1128
1746
2108
656
1186
2068
1129
1636
1718
904
963
1776
2226
1559
2058
2462
1630
1625
2017
1321
2580
2074
2190
1749
2060
2150
897
1860
1059
977
1118
1479
785
776
1658
1944
925
2005
1524
2189
2441
2128
1871
2062
2080
1708
2281
2022
1743
1401
1719
720
1460
1544
1381
1296
1623
1193
2391
1901
2290
1209
1918
2002
1597
1925
1591
1288
1537
1219
1115
1502
2364
1676
2042
2435
2182
1112
1985
1118
1066
1638
986
1876
1059
1724
2200
2408
830
1570
1372
1265
2157
2267
1654
1773
1504
2399
1894
1121
2106
1330
1708
2223
959
666
862
1075
1596
1231
1585
2372
1363
925
1451
1435
2126
2507
1372
924
1759
1692
1515
1862
2101
1664
1550
2389
1098
1883
1114
1703
1217
2463
1161
1505
1917
1522
1910
1023
2547
1078
1027
1839
2046
1344
984
1295
1112
1566
975
2076
2288
1326
2114
1006
1520
1948
1316
1113
1246
1736
1910
1417
1527
2586
2269
2527
2327
647
906
1349
1560
1243
1893
1094
1952
2023
1409
1857
1992
1004
1871
1130
1321
695
2071
1228
2197
2514
1820
1924
2221
1759
1638
1381
2082
2236
1582
2617
1730
1403
1091
2317
915
1698
1607
1282
1468
1300
1804
1570
1586
2628
2409
1364
1362
2213
1245
1430
1883
1769
2342
1712
2071
1945
1836
1574
792
1396
1974
1548
2021
1749
1721
1421
733
2292
1649
1325
1057
1103
1067
955
2170
2217
2050
2716
2232
1352
1616
1262
2056
1504
1877
745
1504
2487
1881
2434
2017
1794
2075
2062
1403
1942
1495
1826
1748
1590
1908
2404
1590
1490
1810
1103
1049
2178
1361
2195
1763
1208
1500
805
1672
1342
1561
1768
2119
1382
1937
1578
2120
1742
2406
1740
1618
1799
928
1974
1421
1846
1487
837
1881
1871
1098
1866
1993
2132
1165
1007
1840
1405
2042
677
1492
1784
1949
1109
1741
2085
1753
1137
1981
2124
1799
1610
1295
1615
1734
1523
1443
2010
2432
1785
1556
2319
2438
1081
1851
1015
1867
824
2414
2141
1405
2174
1795
1478
1882
1903
1427
1972
1813
1704
1899
1768
1341
1837
1584
1733
1948
2520
1512
1814
1551
1642
1933
1125
1444
1801
872
1940
1502
1960
1162
1691
2353
2159
1099
1308
1537
1413
1124
1623
2040
2262
1650
2165
1501
1415
1376
2459
1963
1740
1811
1483
2260
2281
1725
1420
1923
2107
2364
1515
1589
1523
972
2533
2479
1400
1417
2354
1988
2454
1003
1034
1105
2201
1064
1912
1159
1873
1904
1236
1583
1983
728
1420
975
1398
1353
2008
936
1219
1581
2313
804
1151
1685
1760
1403
1580
1410
588
2330
1837
1955
1134
1639
2210
1037
1539
1727
1314
1763
1039
1829
2118
1824
1211
1959
2368
1830
1614
1583
1242
2078
952
2632
1743
2136
1165
1151
935
1773
925
1560
1978
1231
1771
1568
1458
2503
1164
1565
629
1925
2077
2190
1788
2017
1357
1739
1975
902
2147
2527
1795
1585
1495
1962
1533
1488
1944
2366
1063
1186
773
1411
1521
1485
1782
1383
1274
2062
1192
1799
1028
992
1857
1468
1141
2286
1726
1740
1857
1251
1148
2186
2153
1117
963
1855
1518
1096
1801
2706
2405
1489
1521
1255
2241
2085
1562
1348
2225
2094
2498
1394
2197
1299
1399
1557
1873
1440
988
1740
1768
1278
869
1662
2211
2051
2166
1927
1310
1339
1956
1989
1096
1106
1610
1816
1821
1499
1914
1293
1702
1119
741
1753
1622
2395
2545
818
947
1732
1503
1691
2275
1899
1836
1764
1968
1607
2274
1789
1946
1840
1561
2346
1283
1145
1684
2020
2240
2153
1332
1061
1345
842
1285
1272
1352
1557
1420
1818
1365
2313
2165
1548
2317
1608
1869
1798
1246
1146
1362
1711
1558
1999
1912
1691
1803
2616
2479
2569
1326
1491
2261
1256
2094
1640
1707
1741
1379
1128
2528
1882
1868
2044
1869
1057
1257
1426
641
2069
1044
2437
1563
1594
1312
2619
1214
1958
1830
1392
2150
1704
1182
642
688
1569
1562
1809
2314
2157
1914
1823
1103
1847
2600
1567
1468
1775
1707
1190
2355
2229
1573
1011
1747
1182
910
1162
1295
2499
1387
757
1586
1669
2086
1230
1604
674
2073
1513
755
2069
1342
1211
2000
1863
1091
2618
1916
2248
2127
1463
2053
1718
1828
1254
1886
1376
1935
919
2437
2223
1350
2322
2264
1996
1446
1544
2149
2002
978
1855
1562
1744
1754
750
1408
1152
2423
2359
1397
1571
1423
971
1613
2463
2114
2662
2232
2169
1132
933
905
2143
1690
1641
1621
1428
1517
942
1883
1415
2016
2367
1091
2049
2470
2106
1114
1706
1234
1975
1167
1707
1495
1874
1217
1599
1415
894
1352
750
2478
1590
1642
1676
1980
1715
1554
1766
909
798
1357
1820
1855
1705
1350
1434
1898
2254
2307
1968
1294
1282
1985
1250
2039
1649
1508
2018
1586
1568
1455
1184
1356
1817
2611
1789
816
921
1512
1637
2360
1602
1554
1573
1713
2058
2036
1864
2206
1900
1288
1808
1877
1421
1957
2129
1195
1535
1881
1815
1289
2314
1861
1287
1696
1124
2419
2145
2373
1272
1741
2056
1703
1325
2251
2440
1251
1858
1644
1672
882
1096
1626
2143
1329
1372
2688
1609
1499
1498
1553
1733
2117
2230
1030
906
1645
1547
1752
1326
1567
1319
1767
2028
2195
1284
2035
1674
2434
1653
1273
1454
1915
2284
872
1035
1658
1601
1231
1356
2066
1371
946
2280
1898
2439
2420
960
951
1644
1778
1457
895
2346
1740
2297
1061
1127
2058
1750
1217
1134
2276
1756
1762
1384
2094
1856
1594
2487
1803
2012
1316
1973
984
1725
2107
1560
2066
1490
2074
1683
1751
1398
795
1904
2290
2442
1548
1608
2065
1572
2093
1500
630
1589
721
1633
1298
1386
1103
1426
1938
1976
1593
1000
1161
1459
1380
1132
1845
1708
1959
2040
1717
1778
2345
1283
1270
1681
1430
1353
1246
1820
1858
1516
892
1043
1119
915
1448
1540
1338
1568
1502
1775
1752
1194
1336
1812
2374
1196
2167
1627
903
1583
1345
1565
2152
1732
1124
1735
2365
1998
1585
1948
2459
1766
1219
2646
1528
1497
1404
1272
1396
1208
2156
2486
1779
2113
2035
1265
2100
1693
1253
1562
1622
1672
1207
1303
1101
1761
1382
1174
2324
1658
2275
1491
1674
1671
2453
1597
1865
1169
875
1583
1869
1815
999
782
1939
1570
1971
1916
1713
907
1656
1914
1767
1270
1217
1356
1055
1079
1423
1230
1812
1696
1682
1932
2181
2312
1592
927
1438
2221
1437
1620
1137
1338
1637
1951
1505
2442
1705
1908
983
1389
980
1887
1494
862
1695
1282
1636
1954
2220
2175
1618
1757
1185
1696
1606
1187
1811
2317
1731
1286
1797
2086
1252
1885
2676
1647
1180
2370
2218
2298
1019
1685
1346
1743
1630
1930
1496
1908
1788
1173
1632
2404
2193
1549
1447
1437
1685
1151
1046
2109
944
818
1995
2441
1337
1632
1110
1616
1160
2435
1870
2401
1552
1220
1845
1214
2144
1357
1709
2014
1562
878
1025
1412
1700
938
1481
834
1770
1135
2340
2594
1594
1647
1667
1196
1158
1090
1459
1048
1213
1594
2116
1943
2033
2311
1617
1350
1342
1696
2160
1383
1995
2140
1873
2310
2057
1232
1972
2072
1685
1841
2145
1620
2010
2033
1565
1667
1918
2271
1795
1941
2413
1328
2172
1975
2146
1466
1018
2102
1094
2025
1107
1195
2022
2124
1652
1246
1506
1837
1268
1836
1670
699
1703
714
1092
1660
1917
1678
1753
1679
1327
2204
1758
1370
1116
1942
1409
1046
1637
2526
2129
1662
1575
1584
1287
1961
1371
1455
1529
1913
1724
1743
2375
1198
1467
1642
1230
2346
1304
2462
1436
1715
1865
1690
2240
1438
2500
1758
2573
661
1979
1365
1909
1757
2028
1799
1162
807
2508
1613
1602
2558
968
1188
2016
2201
1728
1509
1312
2346
1238
1699
2130
1385
1808
2198
1978
1373
1720
1739
1497
2123
922
2064
1251
2162
791
1721
1579
1753
1301
1353
1095
1329
2307
2224
1497
1262
2687
2060
2384
1115
1038
1333
1865
1774
1228
709
1889
1455
2262
1171
636
1061
1804
1208
1276
1784
1470
2252
1344
1076
1397
1549
1412
987
1364
2649
2323
1131
2007
1171
849
1422
1624
1346
1631
1633
1382
2169
1216
1679
1551
1034
1472
2054
1679
2086
1942
1950
1293
895
1815
1440
1735
1371
1908
1255
1228
1318
2191
2440
2078
2352
678
963
1987
2302
2451
1942
2665
1037
823
1116
2475
1353
1863
1716
1697
1961
2074
2061
1618
1616
1271
1805
1534
2108
1981
1859
601
1660
1963
1671
1986
1643
2494
1320
1448
1977
1331
977
1254
2266
1556
1864
1515
2490
1417
992
936
1596
1098
825
1272
1315
1643
2205
1730
2290
1744
1044
1351
981
1852
2214
1852
1235
1026
1545
1172
1513
1900
1073
1604
1636
1668
1390
2162
2334
1365
1156
1736
1140
1866
1887
976
2009
1310
2567
1675
1616
932
1735
1032
1579
1663
1141
1743
1695
1305
1598
1584
1421
1632
2069
2589
1992
2494
2360
2187
1457
1718
1923
1587
1095
1340
1293
1267
2049
2043
1517
2200
1030
1278
1197
1397
1765
1937
880
2163
2208
1494
1443
974
1323
1503
1003
1032
1965
1246
971
2366
1476
926
1488
1323
1234
1951
1678
1891
1934
1542
1495
1976
833
1445
2437
1193
1200
1702
1243
934
1055
1721
1805
2015
1627
1545
1286
1884
1747
1513
1987
2090
1365
775
1242
1362
1338
1264
1046
1221
1907
1492
1028
1650
1662
1439
1255
1791
2003
1831
1541
1983
987
967
2533
1576
1518
1205
1630
1785
968
903
1704
2290
1022
1123
2242
1928
1900
897
1392
1047
1367
1368
947
975
1641
1867
686
1221
872
1874
1161
1342
1734
1087
899
1221
1514
1728
2168
2432
983
1521
1871
1900
978
2005
2134
2718
1309
1720
1919
1500
1899
1612
1563
2250
2400
1477
2070
1340
1420
1635
1225
1688
2137
1449
1317
1783
1825
837
2060
1592
741
2641
1125
1477
1633
1723
1911
2142
1781
1605
2170
1986
1420
800
1970
2179
724
681
1397
1485
1533
1879
2526
1142
2251
900
1648
1603
1082
1567
1668
1627
1471
1831
1529
1139
1701
1809
895
1838
2115
1627
2074
2279
2108
1312
2203
1246
1958
2190
1819
2164
2206
2106
1624
1115
1448
1607
1444
1586
1164
1405
1551
2120
1517
1020
1069
2192
2539
2205
2604
1262
1817
1648
1310
1803
1734
1731
1637
1840
1832
1419
2484
2247
1666
1701
1533
1097
2174
1073
1177
1662
2053
1930
1784
2216
2409
1847
1557
1028
1232
1732
2066
1165
1926
2001
1411
1671
1466
1854
1676
2129
808
1455
1343
915
984
1700
2405
1372
2105
1113
1956
1784
1956
1656
1408
1662
1691
2097
1562
1746
1616
1676
1297
2338
1450
1501
1985
1622
1188
1278
2272
2261
2264
1483
958
940
1753
746
2148
825
1611
2710
2146
2135
739
1093
2162
1952
2152
2032
1139
1686
1496
2372
1286
1581
2164
1732
2280
1680
1157
1539
2111
1585
2187
2675
1358
1783
2094
2523
1348
1931
2045
1761
1614
2636
1677
1113
1805
2373
1142
1489
913
1213
2104
755
1059
1994
2542
1449
1830
748
1654
1944
2242
2473
1234
1985
2201
1350
1513
1424
1289
1644
1057
1113
1261
1457
1368
2441
1983
1471
1754
2268
1282
1978
1317
1782
1331
1209
1196
2362
2361
1225
1845
1486
2237
1787
1584
1446
2284
1455
2440
2647
1667
1695
1087
1122
930
1610
2139
1948
1445
1903
1761
2738
1541
1486
1328
2143
1993
919
1300
2547
2370
2005
1158
1319
824
1216
1651
1215
1136
1041
2049
2014
2115
2342
1390
1416
1443
1307
1753
1395
1349
1794
1306
847
1263
1835
991
808
1487
1686
1331
2165
1606
1485
809
1231
2012
847
1659
1707
1409
711
2260
1274
2107
1971
2447
2069
1634
2207
1579
1569
1408
2157
849
1080
1420
888
1720
1205
2210
932
1290
1736
996
1559
1452
1568
1512
1023
2183
1276
1312
1645
1730
1143
1460
1392
1658
2116
1192
1787
1336
1447
2099
787
1873
2179
2027
2038
1254
957
1122
1399
2147
1407
2524
2392
953
2087
1451
2278
1380
1838
1403
1816
2186
2429
923
1947
1988
1341
1003
899
2556
2155
1378
1031
2043
1126
1697
2681
747
2103
1957
915
2025
756
2181
1778
1484
2136
1555
1293
1513
1140
1904
1503
1322
2116
1035
1024
2234
1245
1583
1788
1633
2552
1871
839
1732
1588
1619
1477
1680
1786
1733
1767
1893
1548
1365
1536
1140
1564
1752
1051
1614
1931
1620
649
1470
2082
867
1736
1870
1705
2144
1326
1436
1892
759
1847
2693
1225
2062
761
1894
1460
870
1814
1166
2284
1911
1366
1850
2102
1699
1447
1106
1141
1850
2228
1638
1771
880
969
1732
714
1846
1535
1806
1655
1137
2224
2305
918
1654
1311
2242
1050
1518
2079
1390
1830
1258
1303
2494
1317
1559
1224
1538
1010
1723
1618
1739
771
1786
2128
1282
2199
1404
1173
1520
2008
1515
944
2326
2022
1272
1494
1416
1823
1942
989
2284
877
1008
2150
2051
1048
1109
2193
2605
1263
1275
1909
2285
1878
1316
1489
1057
1659
1598
1218
1842
2147
1644
1383
1867
2095
747
1859
1801
1466
1120
1698
1821
2126
1463
1980
1053
1745
2137
1238
2589
1585
2041
1588
2222
1654
1397
868
1421
2504
1552
981
2265
1627
1663
1301
2127
1578
1608
1491
2059
1465
1109
1492
1052
2172
929
1308
1360
1869
2426
2219
1813
1155
1654
1671
972
2345
966
2059
1833
2460
2239
1700
1057
1404
1561
1382
1536
2027
2320
1271
1261
1250
1246
1076
2222
1151
1101
1891
2220
1206
2154
1461
1523
2254
1647
1385
1570
1910
1382
2285
2638
1498
2358
1487
2632
2635
756
973
1652
1717
1582
1884
1900
1558
1997
1649
795
1364
2103
1592
2117
914
1288
1642
1577
2096
1800
1701
1939
1641
1338
1679
2385
1865
2163
1539
1634
1393
1135
1754
1934
1664
1774
1227
1522
1724
1251
758
1322
2246
1086
1110
1900
1375
1578
1684
2396
2316
1676
2468
723
1129
1550
1322
1518
852
2088
1145
1864
1865
1141
2143
2561
1934
1799
1169
2018
2002
926
1454
1756
1323
2461
1182
1252
1038
1549
1020
2072
2212
2616
2570
1868
787
1897
1938
906
1298
1409
2213
1524
1574
1871
1456
2058
2435
2383
1953
1786
1987
2470
1643
2024
1901
809
1658
1130
783
2194
1877
1278
1438
1917
999
1206
1161
978
1268
1689
1084
1881
1616
1614
1149
1619
2533
755
1968
1711
1298
2017
950
1842
981
1100
2545
1724
2326
1364
1665
1565
1318
1496
1590
1414
1089
1518
1125
1509
1269
1584
812
1489
1483
849
956
1695
1330
1957
2136
797
1529
1025
1586
1926
2351
2286
870
1927
1681
1697
591
1779
600
1786
1588
2335
2510
1681
1147
2391
1627
2122
1724
860
1166
2515
1220
1243
2380
1561
2059
2475
1674
1474
2304
1449
1859
1435
1529
2043
1844
1962
1457
1744
1067
1748
2397
1171
1020
1931
2120
1303
1980
2548
1692
1585
1258
1844
1635
1319
1856
1694
1301
1685
1563
1287
2006
2446
2363
1783
856
1706
2447
1705
1284
1312
1269
1698
1452
1391
2538
1926
2430
1085
1874
1834
1692
1540
1574
1692
1158
842
1470
1619
1171
1504
1970
732
1123
1746
1671
1090
1899
1000
1441
1400
1300
2502
2435
2183
1769
1194
876
1435
1683
1488
2174
977
1780
2083
2079
1718
1764
1465
1227
1536
2117
2380
1340
2535
2018
1952
1221
615
2299
768
1553
1816
1205
1803
1852
1622
1653
1398
757
2062
1545
1634
1570
1448
1568
1438
1372
1437
1099
1040
1257
1310
1504
1602
2030
1913
2190
2248
2432
2039
2013
1226
1524
853
1573
792
1054
2196
1676
849
1439
871
1687
1571
1470
1164
2277
1509
2317
1525
1328
1031
1399
2167
798
2058
1593
1509
1079
2166
1478
1780
1430
2359
1991
1178
2241
2213
984
1774
1794
1781
1690
1781
1130
1060
1323
2121
563
1176
2024
1257
1276
1849
1472
1459
2043
2562
993
2085
1583
1907
1647
918
1905
1489
1397
1509
1329
1608
1472
900
1633
1494
1962
1335
1174
1517
886
1741
1039
964
1610
1785
1506
1450
1448
1944
1764
1410
1471
1702
2480
1195
2477
1691
1759
1065
2171
1178
1035
2066
1406
980
2060
1124
2123
1673
1854
1613
1391
1667
1371
1664
1534
1758
1288
2589
1720
1551
1802
2024
2000
1274
2435
1473
1320
1317
1491
2398
2356
1450
2065
1781
2251
866
2229
2046
785
1711
1688
1992
802
1598
1158
1724
1684
1786
1282
1534
1460
1480
2136
1753
1602
1155
1348
1140
1674
2044
2008
1135
660
1489
2240
1475
1622
1604
780
1578
2268
2323
1316
2223
1515
2294
1777
1534
813
2077
935
1307
2056
1431
1178
1551
1247
1592
1419
2737
2051
1530
1096
1712
924
1984
641
1508
2618
1312
1986
1320
1321
1836
1357
1787
1231
1216
1653
1252
1175
1607
900
2071
2327
1174
1130
2444
1222
2344
2020
1732
1699
1812
1636
2669
1521
2151
1405
1819
2213
2070
2508
1322
2610
2012
1189
2394
2096
1958
1297
1868
1372
2481
2180
1785
1928
762
883
1903
2493
1695
1318
803
2006
1607
1058
1364
2105
1240
1785
2281
2262
1561
1543
1257
1138
1458
1157
1351
1570
1888
2212
1534
1706
1339
2126
1908
1794
2192
1985
2326
1987
2581
2632
1661
1931
1958
2196
1210
1149
1937
1666
1918
1714
1769
2297
1725
995
2025
1413
1341
2435
1303
1189
1446
874
2158
2031
2117
1507
940
1362
1941
1658
1231
1838
1993
2059
1313
1735
808
1530
1462
1577
1151
1421
1413
1258
1703
821
1699
1472
2070
1475
1452
1676
1847
1145
1550
1541
1697
2162
1575
1417
1374
1968
2036
1818
1724
1708
2094
1474
2285
2190
1517
2344
959
1877
745
1384
1345
1081
2221
2045
1152
1757
852
1360
1917
2413
1275
1512
1141
2305
1839
1659
1689
1949
1366
1680
1968
1105
1837
2345
1698
1439
1141
2017
789
1256
1961
869
1248
1880
1897
1809
1219
1523
1888
1968
1333
1969
1652
1127
1312
2028
1081
1900
980
1562
1579
648
1661
1346
1508
1582
2300
1252
2308
1396
1261
1507
2139
694
1560
1243
1210
1744
1787
1656
1568
1337
1079
2344
2047
1619
1453
826
2456
1924
2150
1184
2223
1642
2080
2303
1068
1304
1637
2585
2358
2087
2449
1254
1714
911
1068
1368
1659
689
1830
1846
1887
1398
1899
1957
2050
926
1298
959
1376
1308
703
1334
1766
831
986
1644
2537
1892
1784
2525
1287
811
2203
2047
841
1234
1568
1950
1354
2418
1368
1509
1835
2432
942
1557
1663
1765
1940
1440
1713
1477
2416
2261
1951
1389
1368
1641
823
1682
1669
1859
2252
1483
2015
1194
1028
1648
2344
2146
1584
1347
1028
1277
1651
1617
1331
1671
1315
1869
2002
2060
1240
1379
2637
2298
2137
1343
1940
1284
2543
1532
1695
1709
1380
843
1590
1243
994
1916
1558
1184
934
1469
2171
1859
1075
1225
2163
1436
1552
2226
1643
2272
1797
1461
1882
1329
1596
767
950
1058
2146
1806
1754
1356
1739
2424
1762
1467
1823
2100
2020
1214
1386
1024
1321
1475
1714
752
2280
1604
1230
1875
1913
2327
2238
1511
1767
2174
1582
1844
1676
1988
2100
1697
2311
1022
1393
2503
1563
1864
2389
2016
2142
1329
1790
2065
1817
1502
782
690
1616
2493
1874
1253
1913
848
1593
1603
2146
1900
1978
1790
2669
1627
2461
1821
1396
2237
1649
863
796
1771
1337
1202
1985
769
1150
2004
1240
1139
1810
2124
2197
1430
1088
1697
2032
819
2546
1045
1500
1817
1746
1162
1510
1799
1217
1527
1306
1376
1649
2577
1221
1409
1441
1111
654
2204
1769
1118
942
1761
1404
1902
1281
1294
1097
1961
2102
2273
1356
2170
2028
1932
1909
2299
2095
1733
1475
2135
1755
1684
1433
1447
1659
1705
1557
1919
1584
1693
1922
2323
2568
1606
934
1500
1608
1997
1394
1411
1859
2319
1878
1566
1016
1069
1151
2329
1814
2413
1976
1404
1785
2002
1831
2428
764
941
857
1100
1150
1642
1404
1243
1448
785
1650
1489
1807
638
1088
1692
1827
1437
1041
2423
1522
2483
2240
1400
1806
1575
1587
1389
1476
1574
1678
2435
1370
1316
999
1522
1764
1386
1705
2248
1770
2328
1767
1535
2419
1194
2254
1427
1528
2381
1315
1307
1006
1285
1599
2283
933
1358
1404
1192
2235
674
1935
836
1693
1720
2432
1936
1774
1278
1599
1495
1588
1440
1600
1769
1145
922
1578
1612
1488
1498
651
1594
2053
1910
2068
1898
1323
1851
917
2703
1126
1788
2406
1924
1610
1430
1761
1756
2241
1482
2189
2258
1673
2185
2365
2648
1585
1405
1111
935
1410
962
2224
1954
1376
596
1098
836
1060
1670
1311
591
2107
1755
1858
1721
1775
1541
1651
2062
1393
1669
1695
613
1631
1353
1490
1910
1681
904
1221
1238
1635
2089
1206
712
1876
1329
1499
1277
1578
2010
1335
1853
630
1752
2077
2324
1945
1816
744
1487
1231
1248
1259
2468
1940
1848
1743
2199
2461
1061
1284
829
2165
1280
1177
2186
2544
2062
2155
1548
1831
2676
2274
2215
2227
1990
1136
1461
1536
2254
1459
1475
1194
1829
1936
1073
1297
1219
1952
1092
1168
1027
1360
1746
1623
2084
1808
1623
1026
1821
1327
868
1649
1014
1877
2620
734
1397
1730
757
1891
2238
722
974
1605
1213
1093
1177
1428
1785
1468
793
2404
2066
1454
1587
1965
1939
2584
1394
1652
1524
1307
1285
873
1257
1646
1151
1753
2233
2216
2153
1284
1738
1802
1535
1829
2261
1332
1372
1594
1974
2393
1764
1545
2102
2242
1482
1956
1692
2078
1913
1225
1324
1400
1365
2370
2083
943
1088
1797
1411
1710
877
2198
1994
2622
1592
1797
2027
1937
2191
1863
1151
2010
1824
1847
1271
2093
1708
1477
2020
1075
2128
1808
1521
2116
1814
751
2406
2247
1791
1631
1804
1116
2050
1844
1619
743
1690
2277
1098
1597
2288
1443
2506
1113
2072
886
1606
2276
2626
1598
1727
1869
1899
1154
1305
2082
1607
1333
1678
2235
2235
750
1185
909
2175
1772
1040
2154
1790
1743
2021
910
1935
1661
1651
1780
1682
1531
1783
1521
1495
2393
1555
1668
1874
1391
1744
1562
1724
2028
2266
2526
1624
1766
1830
1247
1327
1388
2542
1202
1572
1357
793
1757
2422
2064
1485
1774
1649
1135
2026
651
1705
2558
2148
2024
1910
872
1889
2041
1176
1559
989
1158
1591
2078
1464
1352
1437
1653
1720
1084
1639
1300
1740
2229
1680
1568
1937
1777
1665
865
1424
1174
1852
1460
874
1378
1159
760
1464
1904
1467
1260
1556
2291
1386
2234
757
2192
1663
1464
1697
696
867
1585
1910
1650
1631
1156
1443
1017
2030
2064
1926
1101
2121
903
2022
1289
1950
1845
807
1365
1533
2369
978
2582
1887
1892
1857
1105
998
1745
1909
1570
1482
1967
2157
1947
1562
2354
1807
1676
1279
1931
1094
1688
1242
1428
1330
1547
2124
1419
1398
1654
1693
1062
1132
1953
1999
2238
2471
2270
1205
1973
1471
813
2231
1916
1381
1938
1726
1804
1218
1748
1657
1559
1451
979
1787
2282
1690
1648
1667
1838
1169
1810
1271
1556
1509
2111
1719
1738
1572
1602
2036
1221
1956
2249
1599
1807
1869
1818
1796
1829
1479
1422
887
1629
2432
1534
1658
920
1794
1834
1712
2299
2657
1973
1125
2020
1647
2452
2379
1825
860
1321
867
1367
2109
876
2555
2657
2026
1737
2147
1109
1372
1839
1871
1647
1783
1759
2106
1428
1938
1545
1634
1572
2314
1568
894
1409
1853
693
1685
567
649
1880
2111
872
1604
1626
1243
1437
2467
1886
1186
1808
2065
2126
1876
1748
2606
1691
692
1539
1379
2291
1510
1978
1966
1341
1966
1502
2521
1578
623
2136
1505
963
1247
1446
926
1755
1959
2080
1900
1624
1263
1588
1894
1030
2604
1895
1375
1609
1080
2090
1618
1271
1296
1647
1570
1634
1510
1199
2454
1801
1658
2469
1644
1396
1357
1860
1467
1451
2221
1875
2466
1805
1058
1249
2016
2621
1726
970
2189
2169
1084
1116
1513
1794
2466
1763
1451
1482
1763
1743
827
2473
1858
2180
1309
1965
1375
1706
1288
1178
1185
1093
2575
2167
1149
1164
2401
1825
1050
954
1872
2446
1458
1644
1567
2105
2005
2012
1207
1962
2260
2573
2381
1398
1714
1266
1532
924
2260
2206
1473
1201
1062
1289
1788
1862
1896
635
1990
2168
1505
1635
1679
1826
2562
2561
2442
2090
1680
1964
2007
1854
1991
1304
601
1549
1689
1514
2365
1070
2011
1625
1728
1107
1282
850
1455
1593
2026
1586
2430
1519
2200
964
1625
2547
1157
1750
1191
1304
1650
1498
2044
2342
1117
1612
1099
1931
1687
1703
1742
1873
1080
1843
2442
1812
1947
1417
1034
1683
1570
2306
1385
2163
2349
1996
1527
1666
1932
1575
2242
977
878
1916
1231
1992
980
2342
2086
855
1139
1233
1511
1783
990
1091
1574
1932
929
1388
1278
1955
908
817
1742
1286
1390
1543
1385
1972
1059
2029
1602
1124
2201
2241
1961
1355
1659
1030
1182
828
2540
935
1393
2180
1448
1824
1979
1628
999
1487
1353
1128
1697
963
1040
1517
1201
1635
1992
1955
1244
2006
1001
1899
1312
1560
1583
897
1424
1480
1400
1181
2193
2419
1122
1777
1397
1783
2204
1290
1208
1419
1010
1196
1279
1844
2293
1653
1962
1185
1215
1264
2197
1492
1750
1535
1583
1864
1189
2342
1851
2272
1574
1173
1186
1988
1336
2500
1301
1201
1308
651
1445
1234
1314
1879
1580
1528
2188
1418
2071
1085
1277
1360
2051
2656
1451
1422
1199
1003
1770
2754
918
2121
2448
2010
1758
1665
2132
1810
1837
2158
1004
2365
2218
2121
1920
1774
1636
1210
1985
1800
2026
1532
1665
2502
1831
1096
2562
1234
1712
1299
1828
1470
1905
1970
1459
2253
2133
2036
1360
1852
1840
1389
1096
2316
2344
1722
2327
2398
2484
969
2086
1960
1735
1904
1301
1576
648
1083
1158
1539
1889
1515
767
2272
1607
1291
1808
1662
2036
1089
1300
1888
1620
1815
1779
1512
1741
1810
2215
1792
1996
1625
1403
1774
1001
1554
2053
2341
1610
1559
1549
1824
2334
2477
689
1687
1038
2018
1368
1268
2370
2234
1352
1164
1197
1829
1573
1743
1062
1589
1380
1423
1099
1677
1185
1782
1368
1695
2047
985
1819
1599
1334
1208
1426
810
1983
1445
1896
1861
1554
1629
1668
727
2234
1415
1472
1276
2069
1730
1465
2158
1822
1815
1397
1907
1553
969
1389
2227
1259
1101
1388
1974
1875
1601
1418
999
1404
1372
2571
800
1048
1782
1097
1327
1262
1431
1906
1110
2230
1911
1876
1709
1455
1824
1789
1523
1058
921
720
1683
1129
1918
1714
1681
1173
1165
1323
1662
1518
1615
1681
1261
1329
789
1529
1334
928
2094
1726
1819
924
1744
1498
1765
2107
1913
2340
1789
1369
1596
2164
1739
1724
1750
1981
1396
663
1607
1461
1365
1147
1514
1081
2065
839
919
1267
1618
2536
1559
2586
1987
1990
1049
1487
1124
1767
1722
1635
1332
1346
1522
946
1509
1234
2142
842
2106
1085
981
1277
1758
700
1110
1094
2184
872
1536
1479
1853
1413
2578
1697
2199
1183
2076
1412
2444
1919
2582
1695
950
1581
1669
1302
1255
2587
2468
1864
2150
1779
1646
2242
2518
1743
1907
2229
1455
1278
1751
1321
1839
1405
1591
1479
2384
1280
2255
1756
1435
1508
1339
1693
1189
1688
709
1656
1299
1648
1739
1444
2086
2041
1825
852
1187
1962
1463
2128
2183
1934
1457
1063
1420
994
2084
1838
1439
1549
2059
744
1667
1205
2284
1233
1165
787
1606
1440
1842
1678
939
1399
1504
1937
995
1885
1558
1171
1527
2247
1021
1811
1187
1250
1075
1605
1225
1711
1533
1116
1733
919
2332
1445
737
1669
1875
1758
2522
593
1412
1363
1921
2352
2253
1626
1946
1513
1374
733
1221
1132
2455
1717
1886
1696
1990
1199
1034
1976
1559
1975
2319
2313
2451
1365
1275
1797
1809
1936
2039
2309
2209
1298
1577
2369
2428
2271
1704
1285
874
1770
1787
1610
1889
1472
2006
1690
1982
921
2532
1766
2246
1976
1615
2418
1809
1787
1975
1850
2008
1707
1734
2244
1666
1089
2223
2187
976
875
881
684
1240
1450
1998
2305
1558
1647
1420
1261
1631
1232
1404
1306
1649
2481
2121
1394
2392
1489
1815
1806
802
1937
822
1582
1652
1404
906
2208
1501
1442
1995
2473
1519
1398
916
1734
1502
1993
1837
1992
1354
1883
1686
1733
1595
1631
1501
1262
2136
1426
1654
1787
2051
1784
1270
1266
1445
2185
1936
2528
1693
835
1702
1464
2472
1990
2200
2244
1351
1446
1690
927
2308
1927
946
1802
1786
1842
1375
2306
2141
1095
2283
2048
1595
1221
1749
1652
1214
2061
1363
1820
2223
2549
2315
1729
1194
795
2273
1553
1789
1574
1457
1422
2297
1029
1378
1275
2101
1451
1288
1607
1040
1327
2514
2088
1295
1622
703
1934
1752
2099
1820
1714
1104
1711
643
1184
1423
1901
1492
1404
1719
2063
1564
928
1358
846
972
1642
1876
1991
2197
1786
1789
2117
1527
1381
1213
1489
662
1622
2018
1488
1874
1858
1262
1957
1018
1844
1781
1758
1207
2417
1640
2018
2321
1655
2141
2590
745
1852
2377
1614
1281
1347
2089
2012
1955
1309
1312
1738
1219
879
1837
1655
2266
1637
1817
1893
1561
2006
1098
1731
945
2068
1614
1063
1555
1367
2077
1394
2236
1642
1869
2366
1275
996
1441
1641
2203
1269
2346
1853
1635
1974
1186
1963
1893
1920
1733
2422
1929
2552
1653
2526
1454
2090
1494
1052
1123
2412
1853
2162
1461
2054
1544
1698
1834
715
1734
1107
2101
1859
657
1876
1612
1359
1036
777
1698
1398
1652
2063
1761
2163
1713
1499
591
2002
1758
1891
1674
2594
1456
2071
1431
2380
1400
1347
2157
1944
1423
1837
1497
1815
1031
1936
1922
1708
1514
1621
1540
1604
1292
904
2060
1241
2367
1427
1861
2041
1844
1252
1918
1213
1530
1654
1049
1735
1583
1425
1634
1440
1449
1589
1739
874
1572
2195
2454
1422
2044
1374
1452
1193
946
1641
1334
2317
2151
1422
2214
1140
2005
1176
2461
2210
1044
2302
949
2460
1577
1231
1075
884
1938
1240
1299
1971
1703
938
1520
2166
1546
1755
2351
1546
1850
2085
1485
1591
1554
2056
2532
1741
2515
1787
1552
1584
835
1192
2100
1770
1898
1934
1211
2087
1611
1914
1107
1544
1977
1342
667
1782
1463
689
1488
1283
2031
762
1159
1373
1017
1433
1158
1781
2467
1222
750
2054
935
919
840
1915
623
1745
1727
2300
2151
1515
2206
1424
2066
1772
801
1724
1232
1571
1885
2140
1577
1860
1385
1799
911
869
698
881
1361
1188
1667
1356
2399
2074
1869
1015
1812
1848
969
2342
2028
1141
1076
1351
1079
1124
1478
2227
884
1947
1239
1804
1104
2068
2051
1665
1449
1729
844
1894
1854
1623
2107
691
1220
1223
1949
1841
1775
1683
1805
2421
1703
1083
2389
1793
1621
1768
1645
1901
2125
1298
1575
1413
2024
2057
2328
764
1446
1641
1748
2021
1701
1493
2549
1134
2499
1333
1680
1585
1723
2188
1632
1153
1560
1727
1366
2129
1573
2474
1760
1909
1447
1621
656
1342
2244
1069
1131
2260
2221
1913
1971
1750
1624
2297
1331
1314
1075
1330
2133
1214
1721
2392
2248
1682
1836
1914
2367
713
1387
1435
1513
1570
1219
1071
1174
1543
1826
1027
1366
1527
2183
1664
1858
1708
1578
1961
1677
2440
1595
2410
1435
2203
2110
832
1645
939
1264
936
1913
1930
1534
1544
1806
2576
1058
1759
2378
1865
1677
1644
1583
2300
1090
1824
2153
2269
2058
1459
2266
1079
1626
1160
1353
1616
1897
1223
1764
2174
2252
1851
2005
1750
1596
1567
2167
1207
1595
2005
845
1645
1398
1561
1752
1616
1505
1550
1204
952
889
1427
1522
1377
1424
1967
2003
1991
755
1305
1818
1315
2244
1874
1665
1357
1167
1842
1242
1829
1380
1787
2422
1766
1576
2254
1808
1605
2131
2035
1248
976
740
1619
1455
1791
964
1766
1948
2604
2068
1517
1703
1052
1354
2311
2401
2184
1392
1930
1053
1477
1160
1575
1461
2107
1886
1731
1499
2231
2417
1897
1726
946
1033
1737
1794
1965
1831
1665
1765
740
2129
1168
1573
2414
1278
881
1739
1840
2006
2467
2333
1937
1385
1625
1991
2158
1086
1686
2161
1134
754
820
1157
1517
1094
2349
757
1580
1981
1527
2143
2089
1601
1424
1222
952
1577
2335
2035
1138
1559
1758
1612
1539
845
930
1199
1655
1688
1699
2207
1475
927
1188
1333
2245
2107
1135
1070
1721
2101
1023
1259
1304
2309
2320
1258
1360
1693
1760
1244
2001
1329
1130
1885
808
1804
1214
1942
1899
1641
1376
1342
1311
1734
1896
1698
657
1546
2032
1079
1599
1992
2049
2142
1164
1955
1906
1383
1557
1985
1789
1647
1548
1863
1820
1566
1326
1440
2049
1817
1097
1929
1045
2196
1714
2396
1343
1610
1589
1789
1054
1081
2206
1793
1720
1047
2204
975
1288
2493
1501
1487
1868
1691
1410
721
1437
1313
1643
1106
1670
1030
1129
2393
1983
1227
1936
2250
701
1966
2188
1740
1188
1336
1569
994
1601
1552
1017
1208
1212
1924
1131
1283
2092
1318
1826
1508
1788
2160
2413
1746
1566
2438
1441
1512
2020
1738
1537
1635
1523
1770
1947
1529
1876
1696
1957
1536
1747
2033
1612
1396
1664
1326
1877
680
2361
1147
1379
1433
1548
2029
1568
1423
1052
1409
888
1962
1788
933
2224
1794
1141
1546
1194
2371
1643
2381
2606
2445
1531
1446
1594
1116
1471
951
1716
2163
1585
1100
2015
1463
1388
908
2010
1976
1164
1330
1834
880
1700
924
2151
1579
2477
2090
805
2161
1795
2377
1146
1346
1167
1738
1103
1066
2138
781
2687
1433
1425
2496
1174
1601
1826
1710
1190
2417
1982
767
1144
1455
1656
1769
1896
1026
2155
1754
1455
1751
1680
2529
2409
2005
1806
2296
2317
2283
1483
2094
1624
1230
2239
1421
1106
1483
1092
1035
2023
1572
2105
2171
1808
1875
1691
1184
1836
1575
1220
1655
1994
1471
1058
1351
1228
1130
1860
2593
1723
1368
1043
2191
1559
1651
1565
1902
1777
1076
1244
2254
2116
1682
1640
1560
1288
1210
1239
1471
889
2488
1567
2117
1477
1555
1375
1967
1707
1725
1577
1136
1052
1457
1720
2194
768
1271
2062
1954
1141
1860
1512
1911
1652
1806
1738
696
1505
1889
1732
1975
1724
1318
1526
2020
1300
786
1044
1822
1272
1931
1749
2152
2091
1316
1267
2051
2166
1585
953
1954
2411
1827
2151
1744
1098
1469
2193
1792
2248
1593
1951
1359
1748
1290
1597
983
1718
1576
1409
1659
2360
1652
1595
854
1651
1758
1498
1438
1252
985
743
1677
1527
1824
2056
1541
1095
1592
2148
1142
1031
2253
1608
1460
2532
791
1652
800
905
1750
2023
1727
2649
1509
1842
2441
1596
1365
2205
1178
1876
2115
1448
2309
1496
1170
2137
1390
1500
2393
1338
2397
1368
2262
1696
1505
2036
794
1434
2363
1316
616
1774
1715
1338
1511
773
1670
1133
1897
2365
1671
1464
1224
1500
2055
1142
1645
1976
1593
2336
1859
957
1492
1442
1601
1656
1449
881
1372
1754
2200
1879
2395
2346
776
1657
1690
1956
1038
1656
1393
1929
2079
1573
1998
1766
1244
933
1705
1925
1414
1265
1805
1447
1585
1611
1386
1764
1084
1818
2502
1316
1596
1286
1378
1180
2311
2171
1643
1417
1636
2251
813
2440
1331
1056
1717
1068
1342
1818
886
2159
1355
1498
2221
1188
1977
1263
1924
1595
2079
1759
1318
1430
1362
1280
1414
1721
1163
2459
1119
1484
776
1605
2242
1908
1205
1581
1794
1789
2275
2360
1078
1679
1407
1539
2344
1390
1480
2108
2091
776
2680
2271
1731
1712
2087
1804
1658
2200
1964
1689
2017
1090
1578
1919
812
1286
1800
2112
1704
641
993
1839
1626
2150
1011
2174
2176
2132
1989
1488
1837
1261
1222
1650
1748
1572
2231
1194
1890
1923
1353
1086
1401
1647
1062
1437
1757
1599
695
1726
1076
1741
1355
2116
2409
1426
1723
2037
808
1838
2381
1731
1819
1679
1114
1472
1446
2146
1609
1725
946
2306
1362
2031
2017
2594
2700
1220
1485
1443
744
2161
1879
1395
1985
1869
1174
2348
2519
1324
1777
1017
1682
1600
1418
2257
1496
1596
1615
1241
1855
908
1098
1597
1219
1533
1738
1748
1383
818
1205
2268
1598
1998
2239
2303
2248
1124
1152
2253
1666
2141
812
1029
887
1050
691
1440
1731
1669
1852
1071
1624
1209
2144
2192
2088
1663
946
1615
2094
1962
2222
1466
1912
922
2210
1581
1394
1904
2586
2399
1343
1253
1415
867
2186
2364
1459
1587
2171
1105
652
1895
1839
1968
1213
1211
1616
2362
925
1619
1758
1651
1677
1817
1734
829
1484
1673
2465
1324
1287
2231
1387
816
2591
765
1551
1669
2424
869
1562
1581
1359
2029
1886
1911
1254
1033
1015
1878
1522
1211
2537
2676
1541
1225
2143
2321
1838
1131
1804
1820
1217
1849
1931
1014
2365
2019
698
1929
823
2172
1773
2131
2704
1708
1755
1322
1585
1749
1384
1090
1779
1777
1793
2029
696
1766
1249
1227
671
1099
2375
1325
1068
1500
1706
2311
1075
1825
1405
1810
1919
1609
1157
1888
1755
2430
2286
1639
936
1361
1184
716
1523
1650
1856
1856
2240
1804
2299
2063
1630
2178
1814
1820
1060
990
924
2272
2346
1708
1125
1723
1822
888
1182
1978
2180
1183
2266
2334
1119
1975
1343
1754
2127
1132
2161
1374
1504
944
1272
1431
1681
1767
1994
1107
1373
1112
2095
1620
1332
2485
1460
1043
1090
2043
1256
1425
1719
679
2026
2109
1328
1227
1158
1891
2151
2339
1876
1065
1680
1032
1914
1433
1655
1226
2203
1867
1614
716
1669
1504
1193
2110
1725
2361
1592
1960
1197
1396
1049
1492
2215
1302
1868
1251
1563
1113
1059
1636
1977
1862
1155
803
1487
1882
1947
2508
2136
2043
2705
902
1646
1526
1161
1317
1065
1412
1395
1950
1534
1832
1649
873
1583
1378
2049
1101
1710
1235
2210
1681
1544
1222
1839
1195
1906
989
1627
1831
1006
1867
1705
1210
1812
2008
1517
1849
1133
1194
1884
1739
1121
2124
1214
1709
1552
1489
2059
1687
2137
2012
1744
1699
2487
2386
1010
2231
1576
2441
1678
2437
1335
1122
1194
2423
1939
1465
1503
2331
1293
1871
1835
901
868
592
1528
1747
1665
1554
977
1440
742
2369
2572
1461
2140
1195
2382
1177
2539
1543
1360
1665
2451
2254
1539
1758
916
1213
1482
1296
2195
1231
2063
2433
1716
1414
2371
1981
1461
2004
2397
2162
892
1808
1136
1096
2366
1806
1437
1548
1564
2515
1103
2461
1612
1549
1785
1553
1581
2054
1272
1976
1927
1327
1850
2256
620
1332
1676
1814
2177
1452
1532
2036
1247
1892
2074
1241
1238
853
1134
1939
1805
1544
1747
1560
1634
1557
1786
1126
1530
1610
953
2066
1563
1111
2401
1166
2629
2034
723
2091
1171
1177
1806
1807
1985
2015
1974
1724
1459
2212
2084
1649
1657
1999
942
1951
1784
1871
1481
2327
1922
1219
1746
980
1511
1844
2036
1064
2229
1583
1702
1932
2601
2401
1406
1704
2093
1970
1867
1860
2177
1381
1719
1205
1212
1558
2063
2251
2444
972
2090
1689
1003
2010
1201
1279
1388
2237
1058
1813
1958
1463
1196
1749
2063
2088
2051
2296
1833
1652
1818
1995
2243
1853
1216
1700
1435
863
2247
1449
2253
1404
1522
1227
1659
1825
1729
1845
1893
1479
2231
1852
1683
1145
2045
1956
1837
1568
1276
1531
1742
2212
1647
834
1316
2034
1173
1832
656
2417
1353
1372
1292
1503
1946
1762
1926
1969
1382
947
1558
1228
755
1305
934
1719
1673
1614
1389
2010
1532
1337
2049
1578
1776
1013
914
2289
1522
1648
847
1782
1465
2290
2437
1347
1424
1715
1674
1760
1679
815
2478
1998
1523
1714
1725
1612
2423
722
1780
1003
972
2406
1455
1620
721
1192
1427
1222
1523
1208
1226
2520
1385
1600
2421
1638
1975
1576
1546
1478
2232
1925
1573
1546
2349
1501
1933
1451
909
2208
2334
1337
2188
1919
734
1201
1084
1494
1368
2555
1818
1544
1616
1600
1037
1862
2598
946
840
1538
971
1502
1884
980
1280
848
1521
1630
1572
1690
1252
2179
2032
2142
2035
2048
2010
1116
1709
1853
1585
2263
893
1562
1656
1866
1633
1423
2097
2604
919
1095
1443
1564
1497
874
1814
2218
1612
1682
1779
1168
1743
1311
1013
1848
1028
1843
1488
2228
1821
2231
2227
2108
1864
1793
1069
1387
1950
2171
1431
1778
1579
1510
1785
1094
911
2414
1737
1364
1616
1843
858
1795
1651
1825
1467
1011
814
1894
1319
1718
2005
1928
1862
896
2664
2429
1107
846
1218
1162
906
1193
1829
1859
1164
1203
2069
1504
2063
1131
1764
1045
1356
2145
1634
1503
878
1441
1839
1595
1640
1534
1673
1228
2409
2033
1901
1699
1123
1455
968
1975
1464
2266
1781
1700
1153
1661
841
1542
2281
1638
2137
2462
1741
878
1922
1394
1819
980
1384
2154
1617
1302
2164
1276
1331
1452
1918
1902
2446
2071
1066
1791
1438
2051
2105
1764
1060
1592
1625
889
1819
1600
1595
1273
1669
1274
1228
2125
1640
1448
1886
1615
2478
1813
1927
1733
1297
1279
1876
2096
1290
1586
2447
1773
1530
1087
2078
1423
2487
2334
776
2107
1371
1839
1915
2252
1891
2166
1808
1599
1605
844
805
1086
1215
1509
2053
1826
1345
2066
1783
1508
1324
2186
1895
1155
2277
1080
1620
652
1079
1283
2126
1454
1376
2187
1657
1615
1385
2428
1538
1741
1491
1797
1954
1701
1515
1250
1528
2052
1810
1545
1225
2054
994
1176
1466
1736
1736
1108
2129
2202
2023
903
892
1329
1825
1483
1704
2023
1645
2049
2569
1280
1466
974
1622
1947
1985
946
1705
1813
782
2092
1908
1847
1026
1369
1458
1341
1907
2294
2009
897
2200
1941
1212
1290
2182
1987
1536
1747
1705
2347
1969
1009
1609
1767
1505
2263
1598
1349
1535
1777
915
1302
1096
1184
2266
2123
1196
817
1878
1890
1340
1810
2071
1922
629
2207
1846
1297
2259
1871
1927
1527
2396
1575
2181
1654
1750
1758
833
1728
1113
1648
2011
1647
2422
1007
920
968
2429
1811
1743
1769
2029
2121
2223
1644
2182
1466
1289
2325
1623
770
1648
1486
2212
1970
1223
2144
1314
1933
787
1689
1338
1472
1429
1478
1059
1766
1633
1157
1891
1388
1730
2045
1654
1589
1523
2431
597
956
1832
1819
1268
2198
926
1975
1377
772
2381
941
938
2231
1008
1617
1562
1652
1167
1306
1191
1787
1989
1916
2215
1022
1411
1415
1440
1789
802
2211
1518
2068
2106
1411
1844
1012
1009
1371
2366
1504
1273
1957
1801
1300
1747
1199
1309
1521
1668
1374
1807
1627
2125
1013
1620
1573
1768
1325
1885
1981
1687
1687
925
1578
1398
1403
1938
1501
2332
1174
1515
1165
1399
942
2363
1631
1335
1382
1680
1956
1856
2610
1673
1224
1573
1594
695
1513
2116
1059
1931
737
876
2452
2547
1830
1739
1713
2375
1713
830
1507
2050
2123
2036
906
1783
1270
2500
1687
1260
1182
855
2332
2170
2165
1639
1619
1279
1430
1704
1707
1656
2233
2041
1870
1665
2027
1609
1369
1359
1625
2180
1476
1793
1866
1535
719
588
1679
2595
2004
2205
1063
1475
1285
1679
1579
1216
1077
2091
898
1693
1427
1622
1430
1303
1347
1465
1623
1789
1943
2077
793
1969
1625
1385
1632
2428
2022
1480
1626
813
1981
613
1365
2434
2430
972
1643
1407
1537
1367
1305
1918
1855
2278
2170
1893
1721
1418
1825
2612
2393
1792
2188
1081
1387
1426
1262
1138
1854
2222
1886
1100
1768
844
1943
2152
1637
1749
2406
1638
1814
2169
1346
1141
1327
1806
1933
1464
1426
1047
1774
980
1641
1377
1566
2663
2011
2126
2150
1738
1592
1485
1410
2118
1735
2235
1533
886
1398
2012
2157
2147
1411
1346
1975
1307
1126
1878
1448
1945
926
1719
2090
2076
1033
2168
1018
1111
1574
1943
1528
1423
1664
1892
2681
1487
1160
1327
1941
1347
1051
1905
925
838
1404
1484
1419
1964
1714
2299
1026
1796
1251
2299
2323
1861
2154
1277
1668
1382
1133
1862
1728
1036
1713
1492
1833
1571
1333
2572
1315
1870
1864
1437
1872
2380
1635
1504
1372
1738
951
1778
1917
961
1433
2224
871
1749
1690
1167
2092
1769
1158
2057
2013
2028
1340
1960
1726
2359
958
1945
1987
885
1362
1755
954
1927
1628
1396
1275
1599
1955
2190
781
1596
1610
1738
2356
2040
2407
1133
1625
1336
2438
1466
1773
2182
1737
1085
1416
1600
2207
851
2061
1349
2406
2033
1361
1105
2363
2186
1680
1252
1059
1439
1481
1483
1139
1910
2108
1168
1546
2048
2312
2450
2111
1653
1389
2086
1950
1872
927
2103
1859
2004
1088
1750
1536
1196
2317
1536
2403
1406
1589
2184
2087
2138
1939
1284
2327
1241
1716
1708
1379
2039
1784
2179
879
1879
2408
1867
1584
2095
2039
1689
1635
2180
1023
1910
1400
2107
2176
1801
2428
1377
1151
1575
1491
2278
2130
1376
1265
2266
1334
1736
1770
1666
1430
1934
1504
1114
2646
1555
1748
1748
2532
1728
2343
1090
1050
1912
2048
1254
1103
1055
1728
831
1274
1546
1735
1009
1381
1837
2233
1626
640
1644
2033
746
2247
1279
1249
1517
1055
1349
2269
2103
2428
1134
1719
1196
1173
1285
1783
1671
1772
1529
1393
2001
1068
2170
1117
815
2228
2434
2139
2136
1670
1080
1586
2074
1643
1879
2165
2202
1620
1621
924
1330
1694
1486
2098
1722
1123
1808
1546
1691
1564
1574
1516
1816
1496
1683
1034
2072
1595
2289
2271
1685
1283
1756
2406
1268
1797
1383
1290
1543
2065
1752
2037
810
1802
2322
1952
1262
1728
2231
2238
1729
1282
1804
2441
1786
1074
1069
1908
2098
2522
1720
1691
1223
1632
1826
1615
1554
2216
1743
2332
1457
1540
1494
2060
2027
2217
1909
2288
1940
1107
2001
2072
1890
2192
2092
1934
696
814
1790
1636
1761
1339
888
2439
2179
1447
1883
1619
1865
1252
1869
1559
1750
1568
1160
1401
1209
1550
796
2227
1407
2617
1183
1791
2296
1330
1188
2107
1778
1610
1002
1856
1994
1423
1332
2725
1574
1513
1665
1511
1890
1326
1097
1554
1912
2203
1215
1975
2428
1872
1258
897
1610
2056
1309
1524
1632
1822
2030
1135
998
1765
2311
1023
2500
1714
1480
1328
1459
1643
1571
2059
1722
1596
1114
2185
2158
1429
1565
1785
1663
1767
1320
2437
1875
1378
1796
1387
1946
2574
2065
1937
1523
1923
1346
1051
2677
1491
1099
878
1689
1527
1655
1242
1946
2513
2035
1438
1998
1500
1863
1317
1593
2471
2487
1870
1820
1347
1102
2235
1227
1632
1721
2131
1054
1196
1593
1355
1693
1975
1341
1616
2590
1469
1665
2450
1310
1873
982
2118
794
1917
1054
1035
1841
2123
1252
1059
1236
2204
1478
1012
2046
1352
1765
2279
2256
2254
1047
1527
1833
2192
1117
2157
1623
1616
1356
2018
1390
1256
763
1802
2552
1703
1529
1816
2401
1245
1913
2160
1632
1742
1775
1531
1096
2296
1285
791
1406
2230
1381
1277
929
1879
1789
1262
2375
1753
1602
1357
1909
2416
1566
1445
2105
851
1144
1724
899
1429
1776
1803
1245
1326
924
1805
837
1190
1294
1799
2239
2529
1621
2078
1279
2066
1415
1202
1493
2174
1388
1876
2099
1988
2103
1806
1977
883
740
2223
1978
1846
2585
2328
1482
1710
929
1330
2453
928
2291
2341
1283
764
2037
1971
2138
1452
1616
1908
1354
1937
2042
1649
2603
1723
1942
1640
2071
1332
1645
1837
1271
2643
1652
1582
781
1417
1930
1156
1550
1818
1627
1014
1086
1275
2357
1375
1548
1416
1684
1894
2265
769
1528
1207
1355
1250
2290
1393
976
1651
1947
653
1473
2511
1615
1544
1018
1312
1601
1670
2105
1804
1100
2176
1254
1894
762
1670
1837
1828
1298
1758
1809
1188
820
1019
1134
1727
1900
1539
983
1786
1542
1165
736
2760
1374
1171
1892
1231
1780
2063
2163
1418
2188
2120
1481
1638
1536
1434
1305
1330
1647
1295
1666
1126
1457
1636
2298
1563
1625
1458
2474
2300
2076
1449
1531
1893
1661
779
1967
2198
1358
2048
1771
1681
1602
2047
2091
973
1327
1532
1523
1940
2573
1673
2015
608
1959
1311
1891
1327
1779
1624
1279
1227
1975
2263
1813
1432
1920
2189
1957
1573
820
2405
2256
1277
1405
1572
1487
1863
2494
1732
2084
1920
1124
1308
1580
1115
2380
1684
1834
1096
802
1295
1575
1194
1154
1064
2189
1913
1803
1907
1857
2192
1411
1453
1763
1828
1674
1784
1280
1363
1124
1249
1482
2293
1720
1647
1932
1940
1516
1823
2003
2530
1848
1729
1010
1191
1772
875
2501
1599
1550
866
2119
1787
1801
1150
2004
1600
1370
2535
1383
2080
2402
1243
1251
1127
2140
1529
1789
1749
2407
1902
1917
1267
2329
1830
1700
1992
2530
1926
1216
1943
1227
1261
2355
1170
2009
1878
2136
1747
1926
1591
1811
1583
1396
2413
1056
1299
1149
2500
2326
2068
1872
1635
1943
1601
1450
1512
2419
2293
2044
1177
1424
1264
2495
717
2150
2043
1402
2118
1866
1203
1601
1098
1408
1040
1960
909
1149
1649
2679
1594
1752
1586
2246
1427
2310
2443
1429
1154
2727
1822
1336
1749
1935
2123
1382
1978
2113
2013
1526
1580
2145
1252
895
1740
711
1332
1027
845
1002
1082
1394
1983
1408
856
2125
2173
614
788
2271
1512
2326
2038
1390
2000
1009
1160
1208
1819
1335
2437
1268
1262
1528
1534
1313
1573
1516
1553
1282
2084
1777
1764
1151
877
1783
795
2158
1326
2341
1910
1564
1529
1181
1807
1255
1777
2420
2185
2412
1071
2136
1513
2019
1920
940
2030
1479
2114
1634
834
1804
2016
1014
1306
2334
1111
1522
2103
1894
1970
1005
1647
2087
1315
1538
2461
1801
1159
1466
1201
2164
1536
1624
1533
1746
1905
2093
2451
2377
1492
1575
1833
1907
1794
1112
1470
1082
1537
936
1299
1315
1485
2003
1480
2189
2026
1613
1627
1194
1556
1135
1665
1228
1361
831
1743
1084
1464
2136
1840
1938
2142
1646
1524
817
1985
1702
1752
1761
1231
1900
1590
847
1215
1793
1531
2067
1174
1631
928
957
1420
1341
1331
1897
1492
2129
2033
1671
2279
2092
1271
1817
1327
1092
1142
1277
1630
1432
1396
886
2088
1971
1320
1682
1431
2285
2212
953
1334
1562
1672
1288
1904
1517
2478
2105
1886
943
2538
2103
923
1287
1342
1852
2324
1770
1611
2519
1834
2200
1555
1211
1616
815
2310
1694
2392
2267
929
1527
2033
2265
1509
1508
1420
1934
1508
1512
1800
1623
1927
1521
2040
1453
1737
1503
2239
2417
897
1786
1009
1355
1432
1736
2001
1469
1820
1655
1561
1124
1232
1532
1170
2487
1490
1598
1984
787
1170
1912
1235
2317
2118
1300
1813
1480
984
1447
1388
697
1840
2185
1080
1612
2294
1760
1747
1584
1043
1721
1655
1619
1940
1170
1801
2128
1840
1398
1729
1590
968
1193
1939
2350
1530
2048
1834
1336
1677
813
2583
1647
1881
1358
1086
1608
1238
2134
1040
2017
2282
725
1647
2118
1382
2205
1333
1775
2267
1637
2436
1157
1102
2332
1895
2049
1281
1681
2413
959
1121
1575
1355
1567
1720
793
1272
2693
1058
1182
2469
1409
1374
1014
968
2096
1868
2221
1386
902
2251
1556
1448
1922
2182
1009
1755
1636
1512
2364
837
2121
1757
1090
1328
1466
1567
1196
1716
1806
1903
1672
1393
1386
2373
1897
2653
1847
1849
1911
1771
1581
2405
2338
2305
1378
1416
1018
1613
1383
1413
1289
2097
1190
1999
1804
1624
1714
1783
1567
1075
1656
1999
1888
949
1537
1647
2093
2061
1567
1549
1258
907
1971
1530
1846
1452
1843
923
1551
2288
1118
1209
2011
1607
1590
1804
1020
1307
1874
2021
1293
1979
1619
2314
2101
1197
945
1399
966
1827
1652
1543
2576
2040
2224
1595
1940
1653
940
1593
1118
1542
2470
1709
2420
1988
1239
2180
1550
1387
1882
1643
1215
1672
1276
813
2446
1825
1530
1571
2391
1730
1457
1300
1714
1873
2315
2277
2014
804
1278
1285
1229
2135
1561
2425
1828
1142
1729
1245
1383
1193
1691
2523
1730
830
1834
1718
1540
2103
1304
1288
1167
1724
1447
1975
875
1122
1068
1048
1284
2007
2389
1148
1518
2167
1833
1742
1487
1569
2277
966
1667
1999
1346
2150
1685
1538
1566
1183
2285
2206
2147
1300
1759
1896
1574
1378
836
1342
929
1913
1539
1334
2069
1869
1935
1458
1216
2112
1081
1545
2201
1025
797
1385
1218
1186
1955
1885
776
1938
1149
1918
745
1423
1714
1988
991
1811
1364
1624
998
1074
1093
1876
1576
1212
1520
1389
1970
1994
1702
2098
1516
1945
1872
1752
1470
935
1217
1719
830
1401
1633
2096
1745
1864
1937
1656
1538
1331
1954
1607
652
1542
1616
1884
1839
1014
1670
1970
1452
1098
1177
1510
2100
1776
2185
1433
1803
994
1047
1274
1559
1815
1385
2347
1423
1328
1611
1677
2326
1747
1714
1765
2245
2069
1830
2034
1558
2003
1239
927
2162
1886
1953
1901
2332
1584
2090
2369
1487
2068
2453
1795
1207
1632
1527
1405
1431
1332
1554
976
1902
1464
2194
1393
1478
1190
1188
1806
1424
2425
1814
1462
800
1875
1101
1143
1501
886
2273
1222
1572
1543
1777
940
1015
1403
1257
1819
1544
1695
999
1871
773
1567
1763
1662
1770
1219
1469
1812
2268
745
2316
2056
1340
2221
1735
683
1627
1280
774
1621
2082
1264
1204
2056
1665
1137
1593
2069
2085
1550
1955
925
1139
1076
955
2588
1657
1739
1672
2164
1180
1265
2131
1039
2437
1679
1402
1043
1427
2016
1553
1745
1834
1717
2239
1977
1687
1103
1228
1494
1598
1739
2355
1149
1227
1107
2073
1756
2140
1373
841
788
1144
2305
1238
1422
1312
1635
2434
1361
2272
1382
2325
1609
1225
613
1011
2467
895
2302
961
1519
1892
1860
1194
1610
2331
1024
1284
1803
2152
1836
1244
1069
1489
2128
1621
1920
1713
2145
2057
1875
1789
1021
1333
1709
1681
1692
1619
2291
1480
1552
1171
1730
1976
1399
940
2145
2019
1537
1971
1562
1370
1393
1887
1652
2022
1945
1256
1593
2416
1930
1875
1994
1747
1875
1719
1147
1949
1755
1648
1988
1341
2077
1427
1211
1444
1457
1710
1602
874
2463
2256
2283
1432
1767
1644
1503
1923
1826
2329
1453
711
1589
1623
1529
1444
990
2117
1789
777
1541
2220
1333
1512
