50000 1
8401 11774
8401 40904
8401 44726
8401 14540
8401 47172
8401 7586
8401 5041
8401 23626
8401 44985
8401 33978
8401 2384
8401 13903
8401 29202
8401 4396
8401 19549
8401 36672
8401 42631
8401 21009
8401 31053
8401 1904
8401 28266
8401 14406
8401 48211
8401 36258
8401 2365
8401 17105
8401 35532
8401 15170
8401 26110
8401 28563
8401 41825
8401 31903
8401 36406
8401 44703
8401 42537
8401 29861
8401 47674
8401 22284
8401 19894
8401 33874
8401 16158
8401 47055
8401 43962
8401 28856
8401 11313
8401 32
8401 11490
8401 31742
8401 39530
8401 3046
8401 20087
8401 15165
8401 23777
8401 29127
8401 24242
8401 37650
8401 19603
8401 39357
8401 22776
8401 19941
8401 38248
8401 46654
8401 49912
8401 27743
8401 23914
8401 24498
8401 28628
8401 38719
8401 15378
8401 21788
8401 20272
8401 25587
8401 41787
8401 19027
8401 25727
8401 40189
8401 9551
8401 20023
8401 44332
8401 20967
8401 6843
8401 27789
8401 8105
8401 47317
8401 35605
8401 21697
8401 19844
8401 5784
8401 21312
8401 7985
8401 826
8401 838
8401 6640
8401 29259
8401 37441
8401 4514
8401 37669
8401 44574
8401 5443
8401 14836
8401 11255
8401 15513
8401 21008
8401 32572
8401 44814
8401 18098
8401 30918
8401 13790
8401 20250
8401 37143
8401 28130
8401 22891
8401 7458
8401 3868
8401 6620
8401 14181
8401 45772
8401 39340
8401 45682
8401 15669
8401 24216
8401 16501
8401 25188
8401 49515
8401 528
8401 4946
8401 24897
8401 1242
8401 6702
8401 36991
8401 11132
8401 25895
8401 27505
8401 33541
8401 32374
8401 44197
8401 8537
8401 31652
8401 43400
8401 39562
8401 14019
8401 47295
8401 39504
8401 32876
8401 37444
8401 32005
8401 31532
8401 39448
8401 24771
8401 19064
8401 18750
8401 43399
8401 16845
8401 6931
8401 37137
8401 34459
8401 33600
8401 21283
8401 40241
8401 8420
8401 40299
8401 46936
8401 24170
8401 29109
8401 45717
8401 28597
8401 22001
8401 28540
8401 1097
8401 46493
8401 10740
8401 48653
8401 18776
8401 4361
8401 45091
8401 25165
8401 47663
8401 46300
8401 43948
8401 46428
8401 31228
8401 13427
8401 26833
8401 13636
8401 32158
8401 32488
8401 761
8401 19389
8401 25917
8401 49173
8401 36410
8401 35241
8401 49263
8401 38883
8401 18181
8401 42915
8401 29368
8401 25496
8401 37481
8401 37589
8401 29025
8401 27944
8401 27625
8401 40075
8401 2123
8401 2454
8401 48948
8401 28933
8401 47251
8401 16536
8401 2033
8401 26614
8401 39136
8401 16332
8401 24463
8401 14246
8401 4063
8401 42830
8401 34482
8401 33902
8401 35758
8401 17435
8401 33077
8401 45960
8401 41566
8401 42969
8401 18001
8401 48065
8401 10842
8401 33674
8401 23784
8401 38258
8401 3950
8401 5806
8401 47648
8401 3035
8401 38528
8401 31578
8401 23385
8401 28248
8401 33479
8401 37959
8401 23699
8401 36720
8401 41089
8401 37115
8401 44784
8401 30344
8401 17002
8401 4554
8401 42137
8401 772
8401 510
8401 44742
8401 12915
8401 14106
8401 2822
8401 23602
8401 27979
8401 19738
8401 5710
8401 31001
8401 36963
8401 9769
8401 11571
8401 27990
8401 30318
8401 1564
8401 11484
8401 42417
8401 8315
8401 47530
8401 17869
8401 13131
8401 11647
8401 43347
8401 24634
8401 12373
8401 23329
8401 44044
8401 19038
8401 25760
8401 8969
8401 44131
8401 33281
8401 28420
8401 44923
8401 2463
8401 28383
8401 17752
8401 28195
8401 10165
8401 33329
8401 19675
8401 5585
8401 33871
8401 15695
8401 28689
8401 14164
8401 10427
8401 14659
8401 16507
8401 40847
8401 13597
8401 8934
8401 29719
8401 33206
8401 31347
8401 12095
8401 42070
8401 36815
8401 26426
8401 14602
8401 46306
8401 27445
8401 46531
8401 37836
8401 41614
8401 44482
8401 2939
8401 13444
8401 49792
8401 24521
8401 40808
8401 45278
8401 14187
8401 21288
8401 25579
8401 23246
8401 21531
8401 21723
8401 27102
8401 12604
8401 44702
8401 11142
8401 46783
8401 12209
8401 28865
8401 26510
8401 46713
8401 25364
8401 31323
8401 14145
8401 6092
8401 36276
8401 3980
8401 49610
8401 47668
8401 39858
8401 14448
8401 15125
8401 49011
8401 48711
8401 35194
8401 20555
8401 15579
8401 47005
8401 22939
8401 30030
8401 1114
8401 34121
8401 23284
8401 6892
8401 16035
8401 39120
8401 43071
8401 31543
8401 583
8401 10083
8401 29888
8401 6672
8401 17631
8401 44013
8401 36540
8401 25777
8401 32577
8401 20784
8401 22428
8401 15196
8401 38523
8401 42129
8401 6595
8401 13385
8401 35213
8401 41365
8401 19949
8401 42736
8401 7858
8401 15004
8401 27928
8401 32096
8401 24787
8401 49132
8401 15182
8401 41774
8401 21305
8401 39146
8401 7207
8401 1561
8401 2568
8401 8207
8401 41481
8401 7454
8401 4820
8401 36378
8401 8517
8401 26787
8401 28917
8401 38029
8401 43097
8401 4460
8401 11166
8401 26596
8401 26662
8401 2083
8401 33607
8401 44624
8401 43541
8401 24153
8401 19028
8401 31382
8401 7772
8401 32831
8401 1072
8401 6109
8401 41718
8401 4576
8401 24748
8401 36620
8401 39572
8401 22997
8401 46960
8401 11606
8401 45206
8401 2379
8401 34878
8401 38648
8401 1244
8401 16691
8401 1942
8401 12838
8401 28252
8401 42304
8401 10122
8401 30082
8401 24415
8401 16216
8401 44349
8401 15832
8401 28160
8401 39626
8401 36044
8401 28595
8401 46871
8401 2217
8401 45282
8401 27136
8401 12178
8401 48060
8401 32378
8401 4810
8401 33982
8401 25243
8401 35172
8401 30958
8401 24570
8401 32663
8401 9004
8401 15294
8401 38100
8401 20905
8401 31011
8401 34310
8401 47755
8401 43848
8401 43292
8401 25004
8401 21925
8401 14910
8401 38273
8401 1202
8401 29641
8401 34352
8401 24122
8401 29369
8401 21801
8401 41877
8401 41438
8401 31061
8401 42615
8401 34732
8401 31177
8401 14080
8401 20604
8401 5544
8401 24423
8401 31208
8401 21819
8401 13575
8401 2829
8401 18673
8401 45152
8401 16896
8401 3213
8401 15494
8401 15309
8401 29246
8401 16817
8401 8103
8401 1505
8401 8157
8401 30264
8401 32819
8401 28729
8401 12174
8401 855
8401 44995
8401 14764
8401 26087
8401 34494
8401 36467
8401 13593
8401 23725
8401 36160
8401 10506
8401 1887
8401 47785
8401 13475
8401 45123
8401 21773
8401 15916
8401 23922
8401 29524
8401 40079
8401 7606
8401 18178
8401 9515
8401 9541
8401 19770
8401 17359
8401 11281
8401 16968
8401 5079
8401 38415
8401 13587
8401 10722
8401 21275
8401 41221
8401 5834
8401 28020
8401 42574
8401 38483
8401 20258
8401 7995
8401 5040
8401 49394
8401 7862
8401 45652
8401 15595
8401 12483
8401 9803
8401 33036
8401 27741
8401 28320
8401 18280
8401 49676
8401 9902
8401 38323
8401 28493
8401 20635
8401 27629
8401 34179
8401 36649
8401 12504
8401 21665
8401 1884
8401 916
8401 24783
8401 46822
8401 30274
8401 7966
8401 47339
8401 45632
8401 25011
8401 44858
8401 17217
8401 21887
8401 11688
8401 41948
8401 34486
8401 43115
8401 25221
8401 14739
8401 14660
8401 35620
8401 24211
8401 37747
8401 25808
8401 49680
8401 40177
8401 39219
8401 42653
8401 26993
8401 37515
8401 36711
8401 42647
8401 42778
8401 3798
8401 36191
8401 20257
8401 1274
8401 24209
8401 35094
8401 31789
8401 47719
8401 4423
8401 1899
8401 42248
8401 29743
8401 19436
8401 19678
8401 41331
8401 19749
8401 44387
8401 47260
8401 23378
8401 21467
8401 45999
8401 11539
8401 10035
8401 38764
8401 41784
8401 27960
8401 40537
8401 20169
8401 13220
8401 22211
8401 30462
8401 3580
8401 19920
8401 19536
8401 14051
8401 10766
8401 40117
8401 2590
8401 11972
8401 41120
8401 30450
8401 3115
8401 8608
8401 46528
8401 41986
8401 25372
8401 1562
8401 23131
8401 18045
8401 35694
8401 32815
8401 29973
8401 27530
8401 12863
8401 5130
8401 5257
8401 29468
8401 7265
8401 18310
8401 5082
8401 27739
8401 5460
8401 17952
8401 41423
8401 7260
8401 26293
8401 21641
8401 5398
8401 38054
8401 23366
8401 32333
8401 17888
8401 45029
8401 33256
8401 5146
8401 1032
8401 27053
8401 14762
8401 6223
8401 46680
8401 8232
8401 2192
8401 6748
8401 49672
8401 27714
8401 11089
8401 16739
8401 15859
8401 29604
8401 24018
8401 5255
8401 37823
8401 2986
8401 35097
8401 12296
8401 36189
8401 38758
8401 33803
8401 45118
8401 12976
8401 36811
8401 24951
8401 4285
8401 21000
8401 20249
8401 8492
8401 47669
8401 21458
8401 38625
8401 4352
8401 20499
8401 33115
8401 30891
8401 3871
8401 31951
8401 17694
8401 46367
8401 46416
8401 41217
8401 2702
8401 48273
8401 41021
8401 34619
8401 49326
8401 45368
8401 4091
8401 20938
8401 32642
8401 47860
8401 20716
8401 4372
8401 4629
8401 12264
8401 17432
8401 11827
8401 21676
8401 42994
8401 42772
8401 35402
8401 8463
8401 40751
8401 42878
8401 23876
8401 42127
8401 9519
8401 7505
8401 35040
8401 19718
8401 26125
8401 7212
8401 28120
8401 36917
8401 34746
8401 29333
8401 11737
8401 10287
8401 2435
8401 32521
8401 40743
8401 40715
8401 31358
8401 40131
8401 34050
8401 13
8401 46401
8401 21032
8401 42019
8401 41030
8401 36787
8401 30453
8401 34783
8401 9848
8401 48209
8401 12777
8401 16526
8401 43300
8401 11236
8401 17987
8401 3954
8401 31972
8401 26997
8401 2616
8401 5832
8401 40553
8401 174
8401 40498
8401 199
8401 10353
8401 32155
8401 3505
8401 2732
8401 5768
8401 14185
8401 21999
8401 37179
8401 34707
8401 30367
8401 5611
8401 49141
8401 16657
8401 39429
8401 19397
8401 45920
8401 34211
8401 26387
8401 23429
8401 36030
8401 33931
8401 19806
8401 26640
8401 33406
8401 6303
8401 6315
8401 11305
8401 33323
8401 9948
8401 5746
8401 21703
8401 36157
8401 9504
8401 38460
8401 17284
8401 21485
8401 38277
8401 33435
8401 24958
8401 6396
8401 42486
8401 41712
8401 748
8401 38578
8401 6560
8401 20286
8401 35664
8401 20171
8401 21918
8401 9168
8401 39791
8401 20293
8401 3268
8401 41158
8401 27921
8401 20518
8401 12969
8401 5440
8401 40436
8401 48073
8401 30053
8401 35547
8401 21034
8401 36349
8401 27560
8401 48360
8401 39912
8401 22905
8401 48233
8401 18625
8401 7310
8401 15344
8401 30538
8401 10980
8401 20018
8401 9911
8401 5438
8401 46898
8401 16897
8401 26587
8401 32736
8401 47951
8401 38205
8401 5162
8401 16719
8401 34221
8401 12541
8401 49061
8401 33527
8401 39534
8401 5159
8401 22474
8401 44483
8401 6309
8401 28769
8401 37849
8401 8544
8401 35969
8401 42031
8401 5481
8401 25270
8401 45670
8401 17448
8401 15036
8401 49616
8401 33438
8401 17746
8401 8453
8401 46427
8401 46006
8401 37384
8401 14356
8401 92
8401 47350
8401 8567
8401 19134
8401 39098
8401 26138
8401 11858
8401 828
8401 27802
8401 23372
8401 32444
8401 30511
8401 45395
8401 49763
8401 27399
8401 1079
8401 47077
8401 27298
8401 26465
8401 115
8401 23399
8401 48997
8401 2758
8401 4937
8401 33274
8401 47601
8401 24302
8401 14018
8401 49574
8401 46036
8401 44586
8401 22579
8401 46282
8401 43809
8401 23316
8401 40338
8401 32993
8401 12716
8401 2778
8401 5455
8401 9092
8401 36121
8401 9159
8401 36402
8401 778
8401 8088
8401 14290
8401 49646
8401 37916
8401 43246
8401 35807
8401 45083
8401 4968
8401 12873
8401 45848
8401 33232
8401 23267
8401 28117
8401 26659
8401 35572
8401 36332
8401 35475
8401 4524
8401 36742
8401 20175
8401 2937
8401 2194
8401 42289
8401 33025
8401 32553
8401 26678
8401 25007
8401 44421
8401 49902
8401 38584
8401 41500
8401 5771
8401 15489
8401 15629
8401 27187
8401 20192
8401 7725
8401 8925
8401 49647
8401 30750
8401 16177
8401 4196
8401 39812
8401 23168
8401 21813
8401 4373
8401 23897
8401 11049
8401 10890
8401 15249
8401 695
8401 19353
8401 1673
8401 22148
8401 12166
8401 36194
8401 18733
8401 7413
8401 23440
8401 5790
8401 15893
8401 34545
8401 6952
8401 19580
8401 14447
8401 36080
8401 29844
8401 24371
8401 12540
8401 2763
8401 27122
8401 6232
8401 14370
8401 18149
8401 6550
8401 15585
8401 36880
8401 15312
8401 15410
8401 31736
8401 3165
8401 35177
8401 27062
8401 34605
8401 4837
8401 46123
8401 47844
8401 43688
8401 5563
8401 1520
8401 8181
8401 2664
8401 39356
8401 39250
8401 19395
8401 31260
8401 22957
8401 31664
8401 30250
8401 23653
8401 44216
8401 21940
8401 28893
8401 11491
8401 4567
8401 47843
8401 48831
8401 3364
8401 34952
8401 5001
8401 42800
8401 28058
8401 4852
8401 22550
8401 29751
8401 40038
8401 15116
8401 5531
8401 32951
8401 33132
8401 14390
8401 3028
8401 19192
8401 25013
8401 44036
8401 37524
8401 34516
8401 15425
8401 21042
8401 29168
8401 6155
8401 42909
8401 27155
8401 8801
8401 16690
8401 33636
8401 28593
8401 23678
8401 27954
8401 49357
8401 18251
8401 21455
8401 33594
8401 21587
8401 16077
8401 30436
8401 23509
8401 35149
8401 20664
8401 6633
8401 24262
8401 11999
8401 7701
8401 47715
8401 12381
8401 8524
8401 49606
8401 39994
8401 40956
8401 29197
8401 36049
8401 42632
8401 38727
8401 13489
8401 23747
8401 18839
8401 19886
8401 12021
8401 31791
8401 6177
8401 15359
8401 28279
8401 42241
8401 41010
8401 48520
8401 26953
8401 4974
8401 13502
8401 37166
8401 29416
8401 13662
8401 29999
8401 8060
8401 20730
8401 41144
8401 25387
8401 42702
8401 18226
8401 33034
8401 33372
8401 5394
8401 11213
8401 2917
8401 44573
8401 44269
8401 19282
8401 39390
8401 22133
8401 46216
8401 43346
8401 7197
8401 7886
8401 19500
8401 49798
8401 27240
8401 45487
8401 16878
8401 31979
8401 29482
8401 5535
8401 46299
8401 39895
8401 1284
8401 36930
8401 3127
8401 13746
8401 24444
8401 47652
8401 17215
8401 49501
8401 23819
8401 27912
8401 25685
8401 33150
8401 23449
8401 8411
8401 48037
8401 49724
8401 32325
8401 1554
8401 24583
8401 1872
8401 3312
8401 15846
8401 33947
8401 31838
8401 35269
8401 43786
8401 645
8401 7878
8401 11717
8401 39586
8401 29925
8401 47842
8401 3673
8401 48788
8401 36154
8401 35874
8401 38738
8401 36235
8401 31175
8401 21468
8401 46691
8401 43643
8401 18509
8401 20208
8401 40164
8401 22556
8401 21774
8401 4216
8401 49126
8401 45243
8401 2889
8401 34603
8401 4824
8401 18220
8401 35138
8401 24860
8401 2768
8401 17742
8401 32520
8401 5841
8401 18570
8401 21361
8401 888
8401 40658
8401 25284
8401 24530
8401 43033
8401 34488
8401 32909
8401 20133
8401 8808
8401 8683
8401 47297
8401 39538
8401 45865
8401 42505
8401 24187
8401 31879
8401 8551
8401 40989
8401 7270
8401 12534
8401 1688
8401 41493
8401 44431
8401 31914
8401 34749
8401 796
8401 27449
8401 17224
8401 15279
8401 24174
8401 39987
8401 27823
8401 22081
8401 40511
8401 19147
8401 9703
8401 45514
8401 17865
8401 23993
8401 42192
8401 23677
8401 19443
8401 7563
8401 48048
8401 1534
8401 20946
8401 6831
8401 6270
8401 454
8401 2530
8401 26956
8401 6476
8401 36929
8401 20557
8401 20320
8401 29401
8401 2161
8401 26990
8401 39924
8401 34189
8401 32447
8401 34696
8401 25478
8401 20309
8401 23051
8401 17097
8401 1553
8401 22458
8401 20279
8401 43001
8401 14149
8401 18022
8401 47336
8401 33305
8401 15204
8401 11505
8401 41807
8401 7245
8401 22141
8401 1964
8401 6091
8401 9335
8401 29101
8401 25085
8401 723
8401 27443
8401 22812
8401 9646
8401 13192
8401 41621
8401 44439
8401 269
8401 19123
8401 3783
8401 15911
8401 22254
8401 32370
8401 37449
8401 9869
8401 14275
8401 43780
8401 39348
8401 14208
8401 17552
8401 16384
8401 18530
8401 9258
8401 44258
8401 41977
8401 44789
8401 31437
8401 46218
8401 40770
8401 42707
8401 1342
8401 30955
8401 49254
8401 37345
8401 33775
8401 47803
8401 8788
8401 37093
8401 6306
8401 5902
8401 11117
8401 48937
8401 46711
8401 38711
8401 1613
8401 42164
8401 33242
8401 38813
8401 8823
8401 39036
8401 40939
8401 33980
8401 119
8401 38777
8401 23975
8401 14141
8401 35238
8401 36501
8401 45877
8401 39773
8401 26014
8401 21912
8401 23520
8401 32191
8401 1456
8401 35851
8401 34044
8401 18546
8401 7329
8401 10744
8401 23403
8401 15338
8401 48099
8401 3099
8401 38923
8401 2855
8401 40287
8401 27385
8401 15509
8401 32166
8401 14186
8401 43682
8401 15056
8401 37525
8401 48852
8401 35689
8401 42728
8401 2321
8401 29452
8401 22040
8401 24335
8401 16227
8401 45335
8401 1351
8401 8496
8401 16843
8401 25146
8401 32057
8401 31073
8401 20310
8401 28655
8401 46171
8401 9905
8401 6923
8401 44673
8401 30791
8401 45747
8401 918
8401 48884
8401 31846
8401 11852
8401 38257
8401 44590
8401 35660
8401 16775
8401 16417
8401 8126
8401 31317
8401 4013
8401 34421
8401 8881
8401 23435
8401 41618
8401 6607
8401 2647
8401 11906
8401 21812
8401 46147
8401 31982
8401 22794
8401 8434
8401 3641
8401 9700
8401 20063
8401 42346
8401 46190
8401 10313
8401 37103
8401 18791
8401 41772
8401 44177
8401 49480
8401 30950
8401 1385
8401 7272
8401 3395
8401 25976
8401 41514
8401 7714
8401 30321
8401 34477
8401 8961
8401 38042
8401 1722
8401 30747
8401 9973
8401 11368
8401 7095
8401 6482
8401 17449
8401 2779
8401 6087
8401 46738
8401 34159
8401 11497
8401 26712
8401 19727
8401 1015
8401 22521
8401 44397
8401 17091
8401 27200
8401 32641
8401 590
8401 38014
8401 18979
8401 18345
8401 38780
8401 377
8401 20540
8401 37339
8401 10185
8401 21137
8401 37041
8401 41220
8401 7445
8401 31770
8401 8466
8401 3172
8401 45211
8401 48355
8401 40323
8401 22610
8401 35938
8401 27809
8401 39094
8401 45351
8401 49857
8401 31311
8401 13842
8401 44196
8401 13030
8401 30395
8401 32390
8401 16270
8401 6935
8401 31439
8401 13418
8401 19567
8401 13066
8401 14523
8401 28133
8401 5467
8401 46271
8401 1148
8401 26556
8401 4434
8401 957
8401 22487
8401 1012
8401 25271
8401 48666
8401 4773
8401 802
8401 12584
8401 19632
8401 42377
8401 18043
8401 38568
8401 46468
8401 3009
8401 32718
8401 44610
8401 12120
8401 28416
8401 1074
8401 5795
8401 47438
8401 49735
8401 6293
8401 11383
8401 33146
8401 13998
8401 31519
8401 22926
8401 5865
8401 17957
8401 7950
8401 16180
8401 33840
8401 48675
8401 5286
8401 11663
8401 2607
8401 27655
8401 36587
8401 27243
8401 3328
8401 16262
8401 43828
8401 41547
8401 43167
8401 3074
8401 2892
8401 13124
8401 41795
8401 30888
8401 3968
8401 40494
8401 18223
8401 32351
8401 35635
8401 48518
8401 38936
8401 35351
8401 8493
8401 30396
8401 41042
8401 41913
8401 40542
8401 31197
8401 14225
8401 29441
8401 32568
8401 26148
8401 45175
8401 37629
8401 27076
8401 4475
8401 19824
8401 8522
8401 15511
8401 35925
8401 5949
8401 44295
8401 38242
8401 41683
8401 35079
8401 30737
8401 47632
8401 42593
8401 14126
8401 47729
8401 8101
8401 31558
8401 40111
8401 36905
8401 32802
8401 26512
8401 32755
8401 39346
8401 39470
8401 17596
8401 48860
8401 37298
8401 4086
8401 8235
8401 27875
8401 27528
8401 22348
8401 12011
8401 8305
8401 28048
8401 20892
8401 21517
8401 9613
8401 49865
8401 6557
8401 24968
8401 33445
8401 40288
8401 1070
8401 48470
8401 15697
8401 44411
8401 41578
8401 17437
8401 36082
8401 28114
8401 33484
8401 46747
8401 47032
8401 5745
8401 30399
8401 38469
8401 35619
8401 39444
8401 16846
8401 28545
8401 15244
8401 3535
8401 32393
8401 5070
8401 34233
8401 19462
8401 44221
8401 27398
8401 17419
8401 19693
8401 11449
8401 4082
8401 35186
8401 48927
8401 21989
8401 41230
8401 31122
8401 4965
8401 39434
8401 6404
8401 30334
8401 31712
8401 36459
8401 31310
8401 35525
8401 27134
8401 33351
8401 30282
8401 903
8401 23027
8401 4618
8401 16562
8401 46264
8401 26227
8401 31600
8401 42876
8401 24022
8401 22423
8401 42887
8401 8225
8401 37431
8401 44276
8401 34576
8401 12765
8401 3904
8401 19488
8401 9775
8401 47149
8401 46333
8401 35933
8401 2044
8401 37574
8401 6627
8401 8204
8401 15149
8401 3233
8401 37721
8401 24880
8401 20662
8401 19829
8401 14097
8401 31076
8401 11847
8401 22924
8401 15412
8401 45771
8401 22528
8401 42293
8401 14616
8401 23105
8401 30252
8401 33439
8401 27815
8401 28718
8401 3143
8401 22295
8401 17725
8401 44255
8401 43975
8401 12545
8401 28070
8401 46690
8401 49445
8401 17519
8401 6796
8401 5898
8401 9023
8401 22980
8401 49330
8401 8876
8401 12206
8401 43938
8401 26224
8401 48603
8401 17808
8401 6033
8401 35957
8401 17968
8401 7384
8401 10243
8401 30887
8401 24239
8401 26296
8401 46101
8401 9326
8401 10269
8401 35482
8401 6217
8401 32131
8401 5221
8401 21718
8401 33969
8401 31730
8401 41178
8401 5943
8401 24101
8401 4446
8401 5926
8401 38956
8401 33599
8401 47214
8401 45248
8401 33237
8401 19561
8401 29936
8401 43799
8401 32368
8401 48945
8401 44851
8401 31566
8401 31675
8401 49508
8401 11677
8401 40677
8401 40145
8401 41279
8401 7067
8401 11534
8401 40066
8401 49496
8401 23855
8401 33991
8401 31196
8401 33905
8401 46194
8401 30230
8401 11211
8401 33066
8401 40561
8401 44353
8401 46753
8401 32824
8401 39796
8401 26994
8401 32402
8401 5663
8401 27197
8401 49731
8401 19102
8401 34861
8401 28527
8401 41390
8401 24586
8401 34205
8401 40118
8401 21044
8401 41542
8401 29702
8401 32073
8401 30072
8401 225
8401 6522
8401 34246
8401 28896
8401 34136
8401 25647
8401 24889
8401 49131
8401 35797
8401 235
8401 13132
8401 4486
8401 20457
8401 23739
8401 40852
8401 33391
8401 19285
8401 7271
8401 41871
8401 37556
8401 38852
8401 39347
8401 17909
8401 45586
8401 15892
8401 22959
8401 45575
8401 3759
8401 23557
8401 6800
8401 21447
8401 10938
8401 20092
8401 8698
8401 24487
8401 6201
8401 2061
8401 39354
8401 32925
8401 10593
8401 36780
8401 28108
8401 36317
8401 13078
8401 46162
8401 17141
8401 44632
8401 25274
8401 48533
8401 2236
8401 45085
8401 23155
8401 40547
8401 13059
8401 20866
8401 48746
8401 8370
8401 47373
8401 29023
8401 28983
8401 42410
8401 5328
8401 19491
8401 37841
8401 26835
8401 9037
8401 28063
8401 15431
8401 45891
8401 5381
8401 27623
8401 25084
8401 6648
8401 29051
8401 7719
8401 20206
8401 15408
8401 12942
8401 2943
8401 27121
8401 43287
8401 45518
8401 11013
8401 4118
8401 19542
8401 23090
8401 38572
8401 18197
8401 35476
8401 527
8401 41562
8401 46447
8401 28916
8401 44896
8401 35762
8401 25377
8401 17338
8401 45930
8401 25679
8401 6356
8401 37448
8401 30563
8401 40843
8401 26391
8401 5295
8401 40903
8401 24186
8401 36798
8401 36254
8401 3284
8401 8700
8401 36247
8401 17298
8401 33048
8401 11120
8401 6967
8401 18850
8401 8735
8401 9263
8401 15175
8401 10924
8401 48495
8401 33364
8401 49593
8401 31913
8401 39128
8401 31607
8401 30163
8401 14077
8401 19560
8401 44312
8401 48775
8401 17120
8401 7479
8401 48710
8401 3816
8401 15736
8401 20917
8401 6988
8401 15025
8401 7947
8401 31595
8401 46915
8401 20199
8401 38966
8401 31937
8401 18424
8401 28757
8401 23488
8401 5534
8401 40949
8401 23672
8401 29866
8401 26468
8401 48317
8401 27127
8401 23666
8401 34859
8401 22737
8401 13978
8401 47716
8401 27272
8401 40490
8401 1047
8401 37513
8401 18095
8401 16986
8401 27989
8401 20678
8401 46877
8401 41496
8401 33302
8401 23475
8401 49312
8401 24584
8401 38942
8401 19697
8401 10783
8401 5230
8401 4878
8401 35552
8401 32697
8401 13864
8401 15827
8401 3671
8401 43926
8401 42075
8401 469
8401 14587
8401 29449
8401 46932
8401 46506
8401 14086
8401 48725
8401 29765
8401 35993
8401 33637
8401 4712
8401 39770
8401 40574
8401 3662
8401 48264
8401 395
8401 15367
8401 18004
8401 1808
8401 39582
8401 2172
8401 37261
8401 28412
8401 24506
8401 24346
8401 29195
8401 1429
8401 29295
8401 29280
8401 500
8401 13766
8401 15003
8401 1046
8401 48845
8401 46379
8401 33811
8401 24938
8401 38391
8401 25627
8401 11338
8401 16212
8401 8972
8401 2431
8401 36749
8401 34907
8401 9794
8401 21988
8401 11160
8401 30259
8401 25
8401 2614
8401 24166
8401 11594
8401 6168
8401 47200
8401 42380
8401 41073
8401 12112
8401 27219
8401 20478
8401 40310
8401 45269
8401 30670
8401 12756
8401 9793
8401 39861
8401 26772
8401 15185
8401 5461
8401 48132
8401 29002
8401 8247
8401 650
8401 750
8401 276
8401 1061
8401 24955
8401 44130
8401 39536
8401 35315
8401 20897
8401 1524
8401 35267
8401 15241
8401 16865
8401 33665
8401 36644
8401 33269
8401 30659
8401 34487
8401 7649
8401 23282
8401 24161
8401 38954
8401 20334
8401 678
8401 10588
8401 18667
8401 47413
8401 49704
8401 39404
8401 45119
8401 28613
8401 22042
8401 25472
8401 48270
8401 21338
8401 45941
8401 41400
8401 21109
8401 37443
8401 19982
8401 43700
8401 33015
8401 49084
8401 12820
8401 30356
8401 45473
8401 24937
8401 13679
8401 20117
8401 1083
8401 4331
8401 34963
8401 23053
8401 553
8401 933
8401 29545
8401 32473
8401 45757
8401 37192
8401 28043
8401 30867
8401 49075
8401 44912
8401 16867
8401 39249
8401 4406
8401 21234
8401 1257
8401 11427
8401 37600
8401 10573
8401 28176
8401 4768
8401 14752
8401 4544
8401 21562
8401 16572
8401 28089
8401 9430
8401 18727
8401 14524
8401 14118
8401 9616
8401 11432
8401 5612
8401 14830
8401 14845
8401 28253
8401 23528
8401 31184
8401 10436
8401 43692
8401 36714
8401 35390
8401 25272
8401 26536
8401 13249
8401 30609
8401 18522
8401 44184
8401 18461
8401 2788
8401 25697
8401 24567
8401 17083
8401 18088
8401 7199
8401 21250
8401 14776
8401 44902
8401 38495
8401 8954
8401 38264
8401 44973
8401 30401
8401 25597
8401 9799
8401 424
8401 26080
8401 34153
8401 19111
8401 5362
8401 11500
8401 31656
8401 24169
8401 12059
8401 38274
8401 37818
8401 23644
8401 27676
8401 44976
8401 37356
8401 625
8401 21396
8401 14579
8401 3411
8401 46100
8401 22681
8401 42099
8401 388
8401 38370
8401 27945
8401 37947
8401 3764
8401 46345
8401 41290
8401 15190
8401 46172
8401 42101
8401 27707
8401 33857
8401 13585
8401 30843
8401 36942
8401 37410
8401 22438
8401 27402
8401 34247
8401 46452
8401 46939
8401 32549
8401 19623
8401 41383
8401 26132
8401 48683
8401 4301
8401 9355
8401 29742
8401 21615
8401 43583
8401 47749
8401 27286
8401 10355
8401 4103
8401 9917
8401 792
8401 47417
8401 39915
8401 23580
8401 27410
8401 3698
8401 7976
8401 21538
8401 7696
8401 5858
8401 25599
8401 19131
8401 39833
8401 41344
8401 14384
8401 10871
8401 11913
8401 16327
8401 1677
8401 32092
8401 25916
8401 35443
8401 15134
8401 24378
8401 22666
8401 37007
8401 27719
8401 25713
8401 40319
8401 20775
8401 13236
8401 456
8401 33589
8401 39147
8401 40954
8401 37295
8401 48260
8401 42625
8401 20903
8401 16048
8401 13876
8401 27262
8401 46027
8401 13525
8401 33565
8401 25690
8401 46356
8401 13137
8401 49713
8401 22275
8401 27289
8401 45197
8401 17162
8401 33322
8401 42931
8401 32871
8401 17459
8401 12904
8401 23083
8401 20329
8401 27610
8401 44582
8401 38600
8401 21473
8401 44023
8401 41104
8401 16505
8401 40104
8401 6103
8401 31658
8401 2671
8401 9751
8401 21168
8401 44519
8401 27137
8401 19760
8401 29964
8401 2872
8401 16214
8401 6920
8401 7281
8401 27188
8401 43388
8401 36012
8401 44978
8401 14876
8401 25786
8401 44275
8401 24290
8401 39547
8401 20255
8401 26016
8401 17205
8401 6917
8401 8965
8401 28068
8401 43555
8401 12693
8401 31089
8401 8727
8401 9506
8401 32699
8401 43236
8401 8124
8401 41985
8401 48445
8401 28674
8401 15258
8401 20051
8401 20704
8401 15898
8401 18961
8401 20256
8401 40217
8401 29151
8401 13053
8401 35048
8401 44083
8401 2698
8401 17229
8401 32004
8401 16116
8401 15208
8401 7134
8401 15348
8401 25154
8401 26852
8401 6147
8401 25094
8401 38828
8401 26816
8401 10349
8401 30913
8401 48001
8401 47864
8401 22035
8401 12318
8401 42014
8401 49556
8401 10013
8401 36784
8401 26863
8401 252
8401 35013
8401 14942
8401 112
8401 20717
8401 22460
8401 24736
8401 14999
8401 41322
8401 48161
8401 10038
8401 45023
8401 2075
8401 2099
8401 36492
8401 15794
8401 28283
8401 26645
8401 29869
8401 15313
8401 8487
8401 20981
8401 30314
8401 9233
8401 3760
8401 49815
8401 32032
8401 36032
8401 44206
8401 20099
8401 28064
8401 47053
8401 3407
8401 36126
8401 37324
8401 39682
8401 19699
8401 14594
8401 20732
8401 27300
8401 18519
8401 11998
8401 45134
8401 34847
8401 17096
8401 38809
8401 42003
8401 39235
8401 37199
8401 38060
8401 29588
8401 10293
8401 21796
8401 39862
8401 49494
8401 46973
8401 41576
8401 31815
8401 6480
8401 16067
8401 48727
8401 17079
8401 48904
8401 3555
8401 8294
8401 34042
8401 28143
8401 17383
8401 24793
8401 26090
8401 589
8401 35224
8401 1928
8401 21192
8401 41403
8401 32665
8401 15890
8401 37705
8401 14114
8401 29460
8401 27658
8401 41613
8401 38176
8401 6016
8401 27746
8401 41330
8401 11397
8401 20038
8401 42934
8401 7699
8401 15235
8401 3506
8401 33844
8401 46362
8401 29103
8401 19628
8401 6100
8401 23502
8401 29450
8401 25835
8401 30305
8401 9637
8401 11787
8401 19238
8401 49692
8401 46168
8401 7177
8401 39532
8401 42285
8401 49913
8401 2613
8401 32671
8401 1882
8401 48672
8401 44898
8401 1628
8401 14269
8401 7363
8401 35895
8401 11764
8401 40741
8401 22378
8401 21662
8401 6015
8401 18966
8401 18402
8401 41513
8401 46430
8401 46775
8401 18288
8401 38518
8401 44451
8401 18046
8401 42570
8401 4527
8401 26126
8401 47544
8401 34597
8401 22471
8401 41093
8401 19652
8401 49366
8401 43078
8401 23867
8401 18495
8401 16689
8401 12458
8401 23723
8401 30385
8401 42727
8401 33360
8401 48405
8401 20950
8401 26066
8401 9254
8401 32002
8401 28735
8401 32770
8401 34740
8401 9988
8401 15146
8401 29200
8401 17409
8401 19156
8401 41002
8401 1766
8401 18643
8401 7717
8401 28850
8401 36640
8401 3110
8401 2201
8401 11005
8401 2081
8401 20733
8401 21222
8401 12172
8401 11139
8401 22727
8401 42245
8401 39052
8401 13942
8401 20300
8401 15908
8401 16398
8401 41600
8401 22151
8401 36907
8401 21368
8401 39672
8401 1399
8401 28644
8401 30726
8401 44089
8401 27517
8401 11349
8401 6827
8401 11749
8401 15323
8401 45254
8401 15903
8401 20427
8401 1785
8401 7631
8401 26573
8401 23717
8401 28100
8401 19745
8401 31836
8401 35015
8401 30249
8401 36289
8401 46900
8401 26065
8401 30578
8401 11350
8401 31733
8401 45237
8401 12821
8401 30456
8401 65
8401 30332
8401 23043
8401 18445
8401 9965
8401 33420
8401 27383
8401 4733
8401 34199
8401 17737
8401 34020
8401 36240
8401 28750
8401 2649
8401 30560
8401 48305
8401 33892
8401 31075
8401 38808
8401 35637
8401 37630
8401 31004
8401 19403
8401 49828
8401 34409
8401 45361
8401 14912
8401 44921
8401 16593
8401 46969
8401 27933
8401 35579
8401 5691
8401 24237
8401 43280
8401 11114
8401 34923
8401 4363
8401 44365
8401 42462
8401 45989
8401 11896
8401 13338
8401 16187
8401 20496
8401 15322
8401 29345
8401 7254
8401 41806
8401 21823
8401 32913
8401 45169
8401 46746
8401 6043
8401 28132
8401 2648
8401 46618
8401 8691
8401 32856
8401 4324
8401 28907
8401 14630
8401 24845
8401 26910
8401 3843
8401 27646
8401 41646
8401 17791
8401 44494
8401 7943
8401 5006
8401 33866
8401 41456
8401 16494
8401 37625
8401 27785
8401 44983
8401 47791
8401 30942
8401 22520
8401 18210
8401 31086
8401 19788
8401 2004
8401 12056
8401 45538
8401 41476
8401 28358
8401 8595
8401 31461
8401 44683
8401 36626
8401 36097
8401 35841
8401 35676
8401 36575
8401 6747
8401 8272
8401 44903
8401 1616
8401 34734
8401 28023
8401 43607
8401 41671
8401 28746
8401 48862
8401 11308
8401 12630
8401 16875
8401 22874
8401 24006
8401 41851
8401 32497
8401 4671
8401 26925
8401 38818
8401 12344
8401 1585
8401 25782
8401 14498
8401 27826
8401 811
8401 30593
8401 47730
8401 30193
8401 49421
8401 6980
8401 35007
8401 18957
8401 30254
8401 29045
8401 15774
8401 18996
8401 14863
8401 1033
8401 10478
8401 25481
8401 9279
8401 40730
8401 47740
8401 31672
8401 24515
8401 27888
8401 32787
8401 38660
8401 27532
8401 46793
8401 27466
8401 43208
8401 25613
8401 18751
8401 12222
8401 37458
8401 35444
8401 20918
8401 13708
8401 22910
8401 14548
8401 16215
8401 40154
8401 24305
8401 7122
8401 22800
8401 44855
8401 35450
8401 35336
8401 34928
8401 6466
8401 3625
8401 35599
8401 8744
8401 49306
8401 11428
8401 4781
8401 33299
8401 9376
8401 37981
8401 33202
8401 19138
8401 22773
8401 26799
8401 4448
8401 36986
8401 3480
8401 34438
8401 46563
8401 4959
8401 9643
8401 33082
8401 4015
8401 8073
8401 38099
8401 4818
8401 33053
8401 35425
8401 25129
8401 17052
8401 1657
8401 6549
8401 6345
8401 14955
8401 21967
8401 2266
8401 9097
8401 12959
8401 24261
8401 40588
8401 38712
8401 12447
8401 12639
8401 5849
8401 28429
8401 1086
8401 19465
8401 11250
8401 17598
8401 1322
8401 11585
8401 27917
8401 13884
8401 20547
8401 26829
8401 47863
8401 18598
8401 24725
8401 42951
8401 25250
8401 27965
8401 22115
8401 25216
8401 48092
8401 25337
8401 35481
8401 25423
8401 31783
8401 7905
8401 47574
8401 4389
8401 36504
8401 8415
8401 16642
8401 4616
8401 5422
8401 20209
8401 2564
8401 45946
8401 49872
8401 41202
8401 32106
8401 30972
8401 27010
8401 49264
8401 33852
8401 6637
8401 19827
8401 9094
8401 23344
8401 18453
8401 20006
8401 42775
8401 12000
8401 15771
8401 33567
8401 24790
8401 44449
8401 41013
8401 738
8401 11385
8401 48072
8401 49303
8401 34816
8401 24569
8401 41902
8401 32542
8401 35560
8401 25989
8401 18668
8401 8940
8401 15617
8401 34151
8401 40458
8401 2255
8401 32068
8401 2370
8401 42579
8401 23708
8401 3889
8401 40720
8401 37710
8401 17038
8401 6929
8401 35139
8401 37892
8401 40065
8401 10665
8401 40702
8401 13380
8401 49265
8401 37991
8401 10232
8401 16945
8401 16841
8401 7686
8401 47168
8401 38759
8401 8807
8401 7670
8401 20764
8401 47333
8401 36794
8401 25045
8401 23308
8401 43614
8401 47871
8401 46858
8401 41121
8401 36256
8401 11458
8401 34424
8401 24543
8401 36975
8401 3737
8401 34916
8401 26591
8401 30980
8401 42063
8401 2884
8401 15038
8401 768
8401 41320
8401 8780
8401 14571
8401 30621
8401 10646
8401 23905
8401 44433
8401 5383
8401 9287
8401 21362
8401 15034
8401 407
8401 14997
8401 47961
8401 3003
8401 42279
8401 10209
8401 27747
8401 20859
8401 14647
8401 3117
8401 2898
8401 28355
8401 41166
8401 45409
8401 10204
8401 7209
8401 10199
8401 42072
8401 17406
8401 26646
8401 25343
8401 5134
8401 29512
8401 30185
8401 13000
8401 22382
8401 21354
8401 42977
8401 34242
8401 4609
8401 2897
8401 32839
8401 19592
8401 31052
8401 47689
8401 42121
8401 47385
8401 29237
8401 28741
8401 46929
8401 11932
8401 48516
8401 10992
8401 40239
8401 28197
8401 41102
8401 36893
8401 28828
8401 8238
8401 3344
8401 37627
8401 801
8401 26091
8401 8941
8401 2932
8401 20233
8401 18930
8401 26612
8401 30293
8401 38893
8401 9824
8401 6656
8401 2589
8401 38666
8401 16510
8401 15934
8401 21132
8401 38728
8401 19377
8401 30371
8401 480
8401 30402
8401 31593
8401 8684
8401 16718
8401 2630
8401 15819
8401 8153
8401 16422
8401 16980
8401 17887
8401 47752
8401 26252
8401 41719
8401 34390
8401 21790
8401 22244
8401 37480
8401 23857
8401 11358
8401 8665
8401 32292
8401 23807
8401 14716
8401 24046
8401 44626
8401 21279
8401 48925
8401 24923
8401 17731
8401 8514
8401 22292
8401 1126
8401 5525
8401 19157
8401 41844
8401 21955
8401 7863
8401 32916
8401 14680
8401 40389
8401 13738
8401 28634
8401 24041
8401 13472
8401 41484
8401 3078
8401 34647
8401 44296
8401 43159
8401 47613
8401 28637
8401 36801
8401 40056
8401 35582
8401 5824
8401 23219
8401 13123
8401 32432
8401 42220
8401 11249
8401 27900
8401 18638
8401 40564
8401 3360
8401 43390
8401 38426
8401 41488
8401 11504
8401 35960
8401 46284
8401 36453
8401 33692
8401 40520
8401 9940
8401 28868
8401 47545
8401 22436
8401 39081
8401 40391
8401 9414
8401 19103
8401 3439
8401 10361
8401 30587
8401 2368
8401 23481
8401 18732
8401 1784
8401 34111
8401 20355
8401 41883
8401 20832
8401 4257
8401 22897
8401 42662
8401 21638
8401 38220
8401 25098
8401 28359
8401 1098
8401 1686
8401 14061
8401 29077
8401 35174
8401 18891
8401 30097
8401 26455
8401 4333
8401 34617
8401 3136
8401 7543
8401 32946
8401 44244
8401 13275
8401 1565
8401 37428
8401 33037
8401 29327
8401 23749
8401 4913
8401 22285
8401 9374
8401 2994
8401 15537
8401 46617
8401 15073
8401 42219
8401 3869
8401 12841
8401 48053
8401 39486
8401 20586
8401 8488
8401 40582
8401 21731
8401 22310
8401 27261
8401 4520
8401 30217
8401 16879
8401 24162
8401 46059
8401 26985
8401 19315
8401 5605
8401 35811
8401 8688
8401 43811
8401 44606
8401 44088
8401 21367
8401 13367
8401 30370
8401 27853
8401 19017
8401 25730
8401 32177
8401 29763
8401 49648
8401 33220
8401 11967
8401 22288
8401 14896
8401 28276
8401 46072
8401 15234
8401 38342
8401 46119
8401 17633
8401 43126
8401 35306
8401 37746
8401 15661
8401 12651
8401 23139
8401 27688
8401 15216
8401 32109
8401 36544
8401 22653
8401 955
8401 34289
8401 30751
8401 38978
8401 35036
8401 9039
8401 31679
8401 28442
8401 11151
8401 19099
8401 18400
8401 2958
8401 28073
8401 23766
8401 17851
8401 40248
8401 14374
8401 19054
8401 46810
8401 4479
8401 1751
8401 6962
8401 42889
8401 48186
8401 31035
8401 4178
8401 18831
8401 22628
8401 35561
8401 13436
8401 2224
8401 37898
8401 35001
8401 37099
8401 48921
8401 22110
8401 34824
8401 29587
8401 6543
8401 42
8401 29287
8401 45106
8401 6910
8401 34040
8401 15252
8401 11437
8401 6031
8401 15453
8401 2767
8401 2465
8401 22270
8401 10499
8401 26726
8401 21184
8401 30343
8401 46703
8401 3412
8401 27776
8401 6996
8401 35812
8401 38877
8401 3419
8401 12840
8401 978
8401 44398
8401 25500
8401 19543
8401 5037
8401 47199
8401 29206
8401 14031
8401 18177
8401 16287
8401 42945
8401 21942
8401 13112
8401 7869
8401 22875
8401 26983
8401 32963
8401 1135
8401 43610
8401 713
8401 36628
8401 31564
8401 33284
8401 36342
8401 415
8401 45564
8401 2003
8401 41379
8401 2030
8401 31402
8401 42896
8401 16833
8401 6089
8401 9466
8401 29931
8401 30155
8401 43443
8401 27876
8401 10999
8401 758
8401 1863
8401 12980
8401 26474
8401 47299
8401 38801
8401 12688
8401 28430
8401 23254
8401 35372
8401 45767
8401 15397
8401 37257
8401 30753
8401 41318
8401 34039
8401 28374
8401 24459
8401 27787
8401 17609
8401 43657
8401 12143
8401 33310
8401 42553
8401 9530
8401 43604
8401 31322
8401 42000
8401 27803
8401 5004
8401 34680
8401 41865
8401 47967
8401 23552
8401 43464
8401 17040
8401 9238
8401 19485
8401 27958
8401 19506
8401 44075
8401 45660
8401 26336
8401 37181
8401 47377
8401 21011
8401 5475
8401 41858
8401 36022
8401 18842
8401 15257
8401 10958
8401 47774
8401 39723
8401 40404
8401 35734
8401 49304
8401 30437
8401 29281
8401 25489
8401 25163
8401 27375
8401 22588
8401 7507
8401 32788
8401 38008
8401 11883
8401 36579
8401 9533
8401 8565
8401 24621
8401 48282
8401 20398
8401 17414
8401 29732
8401 32727
8401 7525
8401 32975
8401 33258
8401 17007
8401 33325
8401 26477
8401 35831
8401 43919
8401 13869
8401 28842
8401 20589
8401 33543
8401 16891
8401 3897
8401 38151
8401 5511
8401 22563
8401 20333
8401 18351
8401 22753
8401 42623
8401 45714
8401 33550
8401 29326
8401 31143
8401 24356
8401 45695
8401 29823
8401 34372
8401 8503
8401 19296
8401 37992
8401 9423
8401 2965
8401 21826
8401 24315
8401 23865
8401 29979
8401 9489
8401 37265
8401 42588
8401 42525
8401 6662
8401 17762
8401 10898
8401 28024
8401 21408
8401 36245
8401 26237
8401 26609
8401 33731
8401 31552
8401 38267
8401 3240
8401 6001
8401 41233
8401 8699
8401 41498
8401 47542
8401 20139
8401 2373
8401 4997
8401 6899
8401 36136
8401 2950
8401 21156
8401 47993
8401 6066
8401 9699
8401 9344
8401 100
8401 26846
8401 11861
8401 9269
8401 31391
8401 15072
8401 29227
8401 35528
8401 26491
8401 44309
8401 8673
8401 35429
8401 49754
8401 46511
8401 9630
8401 8123
8401 42488
8401 15869
8401 24331
8401 27316
8401 4735
8401 5835
8401 5995
8401 8997
8401 40495
8401 21016
8401 3232
8401 34613
8401 40512
8401 17304
8401 12130
8401 5296
8401 40651
8401 13855
8401 23312
8401 39859
8401 27913
8401 22485
8401 18450
8401 8248
8401 26760
8401 19001
8401 13204
8401 45059
8401 22129
8401 478
8401 23154
8401 50
8401 15745
8401 24062
8401 13886
8401 41266
8401 48014
8401 20335
8401 13927
8401 27738
8401 24660
8401 26958
8401 49670
8401 37694
8401 18018
8401 39422
8401 28205
8401 10765
8401 29434
8401 14317
8401 1305
8401 1691
8401 14068
8401 49940
8401 14677
8401 31329
8401 26680
8401 49015
8401 14905
8401 40044
8401 46289
8401 11393
8401 9934
8401 14017
8401 14688
8401 38406
8401 42357
8401 12083
8401 12480
8401 17914
8401 5840
8401 24828
8401 27840
8401 2494
8401 24268
8401 19431
8401 11059
8401 23825
8401 37966
8401 38933
8401 34305
8401 31050
8401 42353
8401 29054
8401 34284
8401 8779
8401 45209
8401 24868
8401 17711
8401 37985
8401 17207
8401 7681
8401 23473
8401 43104
8401 37550
8401 11865
8401 45147
8401 22515
8401 22981
8401 19256
8401 36836
8401 755
8401 38385
8401 45344
8401 42652
8401 36518
8401 45618
8401 34280
8401 8216
8401 44529
8401 8616
8401 4201
8401 21914
8401 33081
8401 28180
8401 26534
8401 45156
8401 39854
8401 5874
8401 23037
8401 35602
8401 31255
8401 17949
8401 46389
8401 14342
8401 5937
8401 45258
8401 29698
8401 42523
8401 19325
8401 42719
8401 20299
8401 24319
8401 36295
8401 20253
8401 12890
8401 26585
8401 43490
8401 10321
8401 22440
8401 29572
8401 5792
8401 25750
8401 10012
8401 1918
8401 37332
8401 46143
8401 13951
8401 37004
8401 25195
8401 31126
8401 43142
8401 22475
8401 39683
8401 36565
8401 32149
8401 30273
8401 19036
8401 48636
8401 19179
8401 16293
8401 6501
8401 12014
8401 11578
8401 9008
8401 9547
8401 33183
8401 13159
8401 46897
8401 25890
8401 40469
8401 29799
8401 38237
8401 3995
8401 9296
8401 16151
8401 42349
8401 9275
8401 46542
8401 33595
8401 35004
8401 11876
8401 39003
8401 37927
8401 10879
8401 35691
8401 25209
8401 48929
8401 39163
8401 25582
8401 16579
8401 7478
8401 6163
8401 33945
8401 26610
8401 6137
8401 19967
8401 7827
8401 29857
8401 5702
8401 35825
8401 6540
8401 40628
8401 43099
8401 26739
8401 15952
8401 29070
8401 44434
8401 21754
8401 21606
8401 7641
8401 31810
8401 46057
8401 42514
8401 7462
8401 14337
8401 15405
8401 40829
8401 36758
8401 8341
8401 30432
8401 22218
8401 8437
8401 4005
8401 23059
8401 45212
8401 35305
8401 1579
8401 49044
8401 4096
8401 21751
8401 24988
8401 33260
8401 7236
8401 49230
8401 34806
8401 13196
8401 42008
8401 26898
8401 2586
8401 49846
8401 37189
8401 26600
8401 27046
8401 5080
8401 41236
8401 45357
8401 14076
8401 13755
8401 32186
8401 46008
8401 7106
8401 46610
8401 37322
8401 6772
8401 46524
8401 30506
8401 20458
8401 16157
8401 9111
8401 13732
8401 24996
8401 38927
8401 21577
8401 17313
8401 38288
8401 36912
8401 44806
8401 9963
8401 9145
8401 1703
8401 26481
8401 31965
8401 16046
8401 35479
8401 39138
8401 39065
8401 5209
8401 30989
8401 40452
8401 24827
8401 10721
8401 45864
8401 48269
8401 15543
8401 41127
8401 38280
8401 44136
8401 18710
8401 41216
8401 16565
8401 2547
8401 14725
8401 48448
8401 28057
8401 35401
8401 23946
8401 14267
8401 19396
8401 10830
8401 29531
8401 11638
8401 20231
8401 13285
8401 32277
8401 37539
8401 43727
8401 47152
8401 26071
8401 14870
8401 33431
8401 49492
8401 40342
8401 29726
8401 25260
8401 40938
8401 26860
8401 33753
8401 9885
8401 23713
8401 23873
8401 10262
8401 11128
8401 23983
8401 45649
8401 5690
8401 12442
8401 16643
8401 13574
8401 18017
8401 45136
8401 7706
8401 29483
8401 13868
8401 46709
8401 25625
8401 20413
8401 39142
8401 29747
8401 6461
8401 37088
8401 17351
8401 4835
8401 35718
8401 45546
8401 41497
8401 49242
8401 32989
8401 9
8401 8717
8401 13606
8401 19170
8401 23041
8401 35337
8401 5223
8401 9104
8401 32654
8401 37857
8401 19154
8401 33088
8401 33309
8401 47858
8401 9495
8401 49726
8401 7749
8401 37870
8401 23256
8401 14794
8401 258
8401 47970
8401 3033
8401 44442
8401 35657
8401 20657
8401 32675
8401 26523
8401 38736
8401 15014
8401 18846
8401 33312
8401 46967
8401 34786
8401 20396
8401 29947
8401 48285
8401 13426
8401 5571
8401 33847
8401 4004
8401 31691
8401 26607
8401 49098
8401 11882
8401 364
8401 37769
8401 13378
8401 44889
8401 33577
8401 18365
8401 20945
8401 27296
8401 42987
8401 1901
8401 25972
8401 12769
8401 23138
8401 5312
8401 32877
8401 43194
8401 28007
8401 10749
8401 1936
8401 27151
8401 20362
8401 15009
8401 14362
8401 27892
8401 17291
8401 26901
8401 46308
8401 45417
8401 11848
8401 35002
8401 11067
8401 31414
8401 8081
8401 19477
8401 48622
8401 7450
8401 17211
8401 32668
8401 4254
8401 19828
8401 22920
8401 13188
8401 12131
8401 9436
8401 34472
8401 49464
8401 11403
8401 716
8401 3899
8401 10952
8401 21931
8401 43479
8401 18011
8401 18133
8401 23861
8401 25815
8401 3199
8401 20528
8401 8194
8401 21407
8401 37734
8401 48224
8401 48650
8401 34269
8401 41567
8401 49390
8401 30529
8401 14357
8401 44218
8401 47831
8401 763
8401 27948
8401 29309
8401 46215
8401 213
8401 37017
8401 8920
8401 26605
8401 420
8401 48155
8401 38315
8401 16842
8401 7247
8401 3266
8401 40453
8401 41124
8401 4752
8401 44042
8401 46791
8401 46846
8401 12451
8401 6571
8401 32273
8401 5938
8401 42345
8401 44215
8401 49802
8401 44691
8401 5934
8401 42586
8401 39826
8401 37435
8401 806
8401 21424
8401 28466
8401 9154
8401 33619
8401 3486
8401 32592
8401 3628
8401 42159
8401 4145
8401 45981
8401 36592
8401 31207
8401 44045
8401 43635
8401 47553
8401 28756
8401 3436
8401 4905
8401 22711
8401 38390
8401 28332
8401 11703
8401 45629
8401 45902
8401 22831
8401 22274
8401 47233
8401 40500
8401 15539
8401 18679
8401 36284
8401 34833
8401 21994
8401 48893
8401 28728
8401 28456
8401 3592
8401 37404
8401 24950
8401 49736
8401 20543
8401 39976
8401 45256
8401 12926
8401 38806
8401 9486
8401 41269
8401 25789
8401 4901
8401 46630
8401 23331
8401 1929
8401 15882
8401 8448
8401 32796
8401 24379
8401 13226
8401 3440
8401 4766
8401 18236
8401 40711
8401 4481
8401 44687
8401 29745
8401 35239
8401 31267
8401 27100
8401 2296
8401 6344
8401 39125
8401 43224
8401 45179
8401 34394
8401 9974
8401 15477
8401 4160
8401 7956
8401 29076
8401 13770
8401 33213
8401 44599
8401 38416
8401 29439
8401 28046
8401 7253
8401 47949
8401 5282
8401 13487
8401 39150
8401 36182
8401 40016
8401 8693
8401 4844
8401 8417
8401 24230
8401 7066
8401 49688
8401 33602
8401 29179
8401 35520
8401 12940
8401 5631
8401 22005
8401 25266
8401 2886
8401 49444
8401 1799
8401 46041
8401 18116
8401 5681
8401 18770
8401 10491
8401 44597
8401 20902
8401 13697
8401 26005
8401 38536
8401 34728
8401 21230
8401 28859
8401 45837
8401 11863
8401 39108
8401 49523
8401 6570
8401 11396
8401 15199
8401 2314
8401 16416
8401 34537
8401 38842
8401 39969
8401 15311
8401 7760
8401 26000
8401 14644
8401 12703
8401 36363
8401 4857
8401 42306
8401 46090
8401 10411
8401 31744
8401 35725
8401 4235
8401 19739
8401 31385
8401 30179
8401 1793
8401 8236
8401 26964
8401 30749
8401 36433
8401 13234
8401 16512
8401 31731
8401 3154
8401 25366
8401 22402
8401 38862
8401 49069
8401 13526
8401 33176
8401 616
8401 19793
8401 27407
8401 37351
8401 48476
8401 41661
8401 39132
8401 9976
8401 46381
8401 47125
8401 2751
8401 44635
8401 37529
8401 18028
8401 17636
8401 36752
8401 48625
8401 35082
8401 29532
8401 43337
8401 47334
8401 10689
8401 28162
8401 15855
8401 19032
8401 24126
8401 47773
8401 14637
8401 18798
8401 23998
8401 32580
8401 22903
8401 5904
8401 27974
8401 45600
8401 26848
8401 9998
8401 34594
8401 10278
8401 6339
8401 18331
8401 43083
8401 12431
8401 36431
8401 36122
8401 16938
8401 1780
8401 4192
8401 6347
8401 25876
8401 25177
8401 47310
8401 15256
8401 43492
8401 22176
8401 30868
8401 5584
8401 3088
8401 9719
8401 9741
8401 21481
8401 18368
8401 41555
8401 40558
8401 31870
8401 34299
8401 49687
8401 21268
8401 43663
8401 46136
8401 35927
8401 45687
8401 3527
8401 24686
8401 44674
8401 8977
8401 30672
8401 25633
8401 24763
8401 46038
8401 21127
8401 47820
8401 8277
8401 35603
8401 48565
8401 40480
8401 36593
8401 29954
8401 22694
8401 38082
8401 25285
8401 19517
8401 44226
8401 22592
8401 21532
8401 40483
8401 32217
8401 2129
8401 17670
8401 27981
8401 13983
8401 43437
8401 22489
8401 36786
8401 49359
8401 6490
8401 22327
8401 1379
8401 34366
8401 30892
8401 6825
8401 21671
8401 19765
8401 47557
8401 24774
8401 10307
8401 47899
8401 47039
8401 19284
8401 36581
8401 30204
8401 4232
8401 28619
8401 26056
8401 37414
8401 2856
8401 36106
8401 32022
8401 1623
8401 28866
8401 14556
8401 756
8401 25069
8401 49369
8401 8820
8401 8042
8401 31948
8401 14161
8401 25914
8401 24853
8401 26286
8401 6817
8401 43849
8401 31611
8401 20176
8401 2475
8401 32637
8401 15971
8401 13671
8401 8591
8401 11110
8401 48886
8401 2546
8401 9451
8401 20216
8401 14732
8401 32117
8401 31308
8401 18838
8401 21650
8401 29445
8401 9422
8401 18085
8401 11222
8401 23639
8401 32207
8401 29034
8401 31178
8401 10611
8401 15266
8401 13143
8401 8731
8401 37509
8401 31790
8401 23849
8401 2092
8401 11740
8401 26665
8401 12637
8401 34649
8401 12221
8401 49227
8401 18765
8401 16283
8401 4625
8401 27233
8401 18119
8401 16386
8401 42970
8401 30306
8401 22089
8401 28848
8401 2895
8401 12171
8401 40270
8401 32601
8401 43602
8401 37420
8401 40165
8401 39806
8401 35882
8401 31504
8401 46017
8401 47813
8401 33070
8401 22923
8401 21216
8401 37029
8401 843
8401 34979
8401 28022
8401 28431
8401 6307
8401 48890
8401 14996
8401 19358
8401 49941
8401 34973
8401 4848
8401 29409
8401 13235
8401 36597
8401 16429
8401 5582
8401 18616
8401 24391
8401 11252
8401 15520
8401 13924
8401 14335
8401 43220
8401 18551
8401 17826
8401 39071
8401 29231
8401 14040
8401 33520
8401 45646
8401 27879
8401 43991
8401 13106
8401 44652
8401 36670
8401 15114
8401 48722
8401 44227
8401 27477
8401 10236
8401 5709
8401 10998
8401 47973
8401 34405
8401 8936
8401 10515
8401 9170
8401 2346
8401 25932
8401 38170
8401 21351
8401 20477
8401 45497
8401 154
8401 8564
8401 47969
8401 5796
8401 37631
8401 5073
8401 35540
8401 7327
8401 13763
8401 34150
8401 4383
8401 9452
8401 16567
8401 44897
8401 38149
8401 40057
8401 36045
8401 27884
8401 7336
8401 48493
8401 36643
8401 18394
8401 38159
8401 3729
8401 47166
8401 49404
8401 44489
8401 35918
8401 44313
8401 14332
8401 1400
8401 43580
8401 13740
8401 15704
8401 4569
8401 10187
8401 4737
8401 25588
8401 17894
8401 42960
8401 27008
8401 15277
8401 16810
8401 26535
8401 11061
8401 44513
8401 45107
8401 30650
8401 21659
8401 25158
8401 7184
8401 4193
8401 47238
8401 43589
8401 40696
8401 43180
8401 34712
8401 1794
8401 41060
8401 33108
8401 15974
8401 11185
8401 12917
8401 33304
8401 9649
8401 8509
8401 11929
8401 9426
8401 38785
8401 24926
8401 48791
8401 31877
8401 23466
8401 30094
8401 36845
8401 13628
8401 14580
8401 19470
8401 6178
8401 166
8401 42872
8401 45295
8401 32914
8401 38086
8401 45775
8401 19484
8401 25057
8401 15616
8401 24697
8401 47474
8401 34850
8401 19050
8401 24408
8401 2272
8401 10311
8401 12165
8401 37038
8401 11464
8401 33643
8401 15001
8401 40212
8401 16528
8401 37944
8401 586
8401 25381
8401 46696
8401 23845
8401 32213
8401 43221
8401 10518
8401 20901
8401 12330
8401 47759
8401 22823
8401 46492
8401 2993
8401 46592
8401 47361
8401 30387
8401 32740
8401 44163
8401 21203
8401 23542
8401 41008
8401 20607
8401 33549
8401 30799
8401 19490
8401 23743
8401 25376
8401 45927
8401 43168
8401 26267
8401 49864
8401 38394
8401 46382
8401 49839
8401 19859
8401 30145
8401 14150
8401 33839
8401 26452
8401 34015
8401 26251
8401 19779
8401 31159
8401 25774
8401 37583
8401 31125
8401 15792
8401 31512
8401 46500
8401 27895
8401 47692
8401 17377
8401 28441
8401 30677
8401 2859
8401 8863
8401 33008
8401 37027
8401 38489
8401 41815
8401 3952
8401 4415
8401 33013
8401 39523
8401 21406
8401 26023
8401 4104
8401 38214
8401 45797
8401 45947
8401 33545
8401 24098
8401 8245
8401 22917
8401 47861
8401 20240
8401 13812
8401 8067
8401 19732
8401 21821
8401 47624
8401 33401
8401 22145
8401 43704
8401 3984
8401 13589
8401 12751
8401 7233
8401 31194
8401 13140
8401 36038
8401 6736
8401 31685
8401 19997
8401 49514
8401 19224
8401 41655
8401 16523
8401 20603
8401 32151
8401 39932
8401 4791
8401 20005
8401 41915
8401 22645
8401 38968
8401 26978
8401 15490
8401 33574
8401 18773
8401 34826
8401 25176
8401 28722
8401 6572
8401 48732
8401 19627
8401 49168
8401 27461
8401 4420
8401 46145
8401 7150
8401 48315
8401 40304
8401 39517
8401 20763
8401 32703
8401 38072
8401 31071
8401 17132
8401 41467
8401 20284
8401 14765
8401 41809
8401 21036
8401 45017
8401 44763
8401 24224
8401 22652
8401 23806
8401 8901
8401 25675
8401 16295
8401 13034
8401 10762
8401 21840
8401 40312
8401 46750
8401 2395
8401 5970
8401 29753
8401 26973
8401 20553
8401 14123
8401 36862
8401 32616
8401 9014
8401 46788
8401 49466
8401 16083
8401 10707
8401 20406
8401 34909
8401 31674
8401 5559
8401 4376
8401 6989
8401 1931
8401 21945
8401 37357
8401 35570
8401 32836
8401 2657
8401 27985
8401 246
8401 5201
8401 8792
8401 16346
8401 21290
8401 18423
8401 12858
8401 25870
8401 10668
8401 10591
8401 10016
8401 34155
8401 23047
8401 23687
8401 17740
8401 48195
8401 17316
8401 46164
8401 32405
8401 2293
8401 19444
8401 798
8401 1324
8401 44420
8401 26684
8401 5263
8401 28446
8401 49368
8401 7118
8401 25420
8401 29019
8401 523
8401 40765
8401 29965
8401 46181
8401 7548
8401 10417
8401 37348
8401 27597
8401 5214
8401 15943
8401 4642
8401 49832
8401 28183
8401 15049
8401 41641
8401 5110
8401 13880
8401 35491
8401 48028
8401 44164
8401 49024
8401 11525
8401 17864
8401 5564
8401 33371
8401 9152
8401 33467
8401 36360
8401 33069
8401 8681
8401 34663
8401 43874
8401 27460
8401 2234
8401 7135
8401 39864
8401 47929
8401 36932
8401 49134
8401 26457
8401 34493
8401 2457
8401 43744
8401 44793
8401 576
8401 37185
8401 12867
8401 10565
8401 23851
8401 48755
8401 44933
8401 20278
8401 31300
8401 16881
8401 15763
8401 49793
8401 17347
8401 21160
8401 11714
8401 34419
8401 21554
8401 16994
8401 35024
8401 33999
8401 25096
8401 43306
8401 44497
8401 14913
8401 18663
8401 6235
8401 4756
8401 3938
8401 11616
8401 6183
8401 40171
8401 19265
8401 2204
8401 42971
8401 46591
8401 47750
8401 44267
8401 38779
8401 30923
8401 40272
8401 38355
8401 4615
8401 36155
8401 14397
8401 14920
8401 13981
8401 21302
8401 5102
8401 35467
8401 24901
8401 38912
8401 13675
8401 37301
8401 20513
8401 33249
8401 35327
8401 39028
8401 26277
8401 32235
8401 37069
8401 4888
8401 44401
8401 15562
8401 38745
8401 40815
8401 3634
8401 35490
8401 20925
8401 19492
8401 32720
8401 23472
8401 37060
8401 3163
8401 46391
8401 42903
8401 12102
8401 36514
8401 36285
8401 9153
8401 13125
8401 34144
8401 12348
8401 17512
8401 27605
8401 24327
8401 11782
8401 47477
8401 41606
8401 18407
8401 40195
8401 20248
8401 2432
8401 42749
8401 29405
8401 35225
8401 40644
8401 45754
8401 49887
8401 8397
8401 3614
8401 25722
8401 41511
8401 5864
8401 43108
8401 48097
8401 24449
8401 6412
8401 42663
8401 11353
8401 48942
8401 11375
8401 28167
8401 38155
8401 24178
8401 18981
8401 21691
8401 3511
8401 32507
8401 14455
8401 40985
8401 1592
8401 36926
8401 27854
8401 20799
8401 42840
8401 9861
8401 21710
8401 42250
8401 27522
8401 4121
8401 43031
8401 30652
8401 12595
8401 42016
8401 43314
8401 28271
8401 30474
8401 8978
8401 27941
8401 13272
8401 35942
8401 1490
8401 40887
8401 43351
8401 13926
8401 40102
8401 33343
8401 48605
8401 49267
8401 24113
8401 11324
8401 22303
8401 25211
8401 10660
8401 30228
8401 41635
8401 16261
8401 30199
8401 30102
8401 45591
8401 20655
8401 20883
8401 1150
8401 7085
8401 10626
8401 5884
8401 19162
8401 2406
8401 15002
8401 157
8401 21493
8401 29413
8401 44563
8401 15662
8401 15238
8401 16628
8401 46469
8401 6370
8401 15342
8401 17755
8401 13544
8401 32202
8401 36621
8401 45926
8401 38675
8401 21749
8401 45972
8401 19031
8401 28805
8401 3594
8401 18118
8401 42963
8401 5533
8401 13050
8401 6596
8401 39863
8401 49138
8401 10420
8401 12761
8401 21567
8401 22687
8401 39860
8401 45143
8401 48342
8401 14065
8401 29956
8401 42722
8401 44616
8401 36229
8401 40273
8401 2846
8401 1132
8401 31096
8401 17076
8401 47852
8401 9656
8401 16095
8401 14485
8401 15777
8401 47609
8401 29175
8401 7707
8401 5169
8401 28086
8401 38169
8401 27642
8401 22413
8401 4772
8401 44813
8401 21012
8401 22514
8401 16078
8401 13200
8401 49135
8401 13190
8401 48180
8401 24454
8401 9538
8401 44030
8401 19223
8401 25229
8401 17209
8401 2492
8401 706
8401 25998
8401 7996
8401 24150
8401 10373
8401 39704
8401 36130
8401 34936
8401 5553
8401 33483
8401 40638
8401 31116
8401 29721
8401 24164
8401 4558
8401 15463
8401 41931
8401 16457
8401 38275
8401 46999
8401 1588
8401 34769
8401 48254
8401 24519
8401 7680
8401 7157
8401 13315
8401 16037
8401 35544
8401 4153
8401 4323
8401 15584
8401 21861
8401 6654
8401 7415
8401 42986
8401 34550
8401 2541
8401 47565
8401 30374
8401 149
8401 12068
8401 23742
8401 15123
8401 47363
8401 33235
8401 47987
8401 17582
8401 76
8401 12633
8401 30324
8401 43950
8401 49287
8401 39384
8401 45265
8401 29456
8401 29601
8401 46204
8401 2064
8401 32320
8401 38
8401 31926
8401 3469
8401 40710
8401 2945
8401 19596
8401 45647
8401 48031
8401 7819
8401 12314
8401 46234
8401 16325
8401 1659
8401 3875
8401 8366
8401 33282
8401 44967
8401 30183
8401 34910
8401 35333
8401 36634
8401 35805
8401 44538
8401 34767
8401 27889
8401 105
8401 17300
8401 19244
8401 11533
8401 11384
8401 33023
8401 33335
8401 5121
8401 34885
8401 45582
8401 36800
8401 38752
8401 406
8401 20296
8401 49847
8401 44033
8401 26681
8401 43549
8401 43375
8401 27021
8401 37547
8401 48166
8401 17942
8401 18675
8401 12263
8401 24905
8401 34185
8401 45625
8401 46221
8401 23296
8401 32912
8401 34355
8401 2149
8401 212
8401 32449
8401 47165
8401 24946
8401 6882
8401 21158
8401 16291
8401 12586
8401 22536
8401 4606
8401 4573
8401 12517
8401 9498
8401 13547
8401 39900
8401 45581
8401 12967
8401 3699
8401 6385
8401 33011
8401 9017
8401 24256
8401 10833
8401 13492
8401 19932
8401 30565
8401 22107
8401 11807
8401 8955
8401 32257
8401 7804
8401 40612
8401 26250
8401 33172
8401 562
8401 38254
8401 30705
8401 21213
8401 41285
8401 21617
8401 16481
8401 36638
8401 36546
8401 12438
8401 8174
8401 25961
8401 3834
8401 4948
8401 26847
8401 11399
8401 44547
8401 16515
8401 47620
8401 43352
8401 7952
8401 11528
8401 8063
8401 23523
8401 48449
8401 10162
8401 7417
8401 13986
8401 11683
8401 25701
8401 49047
8401 18681
8401 26486
8401 45741
8401 44116
8401 41485
8401 11024
8401 25791
8401 46454
8401 34249
8401 13956
8401 4025
8401 22552
8401 22404
8401 34414
8401 25970
8401 26048
8401 14802
8401 39232
8401 18619
8401 8122
8401 36419
8401 37884
8401 38565
8401 43029
8401 15721
8401 31511
8401 18955
8401 10100
8401 29542
8401 23833
8401 3376
8401 23795
8401 14604
8401 16027
8401 23890
8401 26723
8401 39129
8401 18262
8401 15730
8401 49234
8401 770
8401 34105
8401 5794
8401 1162
8401 9076
8401 13940
8401 14283
8401 41693
8401 48067
8401 20838
8401 44956
8401 23270
8401 8715
8401 45382
8401 31958
8401 25676
8401 24685
8401 45893
8401 26382
8401 94
8401 1832
8401 31026
8401 15758
8401 42038
8401 45015
8401 594
8401 42480
8401 23112
8401 43773
8401 24665
8401 13689
8401 24350
8401 7574
8401 23703
8401 26121
8401 15659
8401 24425
8401 33761
8401 295
8401 28984
8401 32309
8401 5857
8401 4325
8401 39315
8401 47342
8401 40595
8401 17039
8401 39300
8401 19707
8401 30681
8401 37285
8401 35446
8401 4864
8401 45859
8401 44400
8401 9322
8401 45427
8401 11919
8401 34138
8401 41012
8401 12827
8401 14798
8401 23113
8401 2301
8401 35137
8401 9062
8401 39099
8401 17084
8401 30896
8401 31777
8401 47675
8401 24428
8401 48133
8401 1693
8401 5161
8401 1876
8401 821
8401 14887
8401 28093
8401 40291
8401 40603
8401 9384
8401 26120
8401 2417
8401 27164
8401 6467
8401 2261
8401 24651
8401 37122
8401 44331
8401 33143
8401 20963
8401 8234
8401 24970
8401 49213
8401 35288
8401 27440
8401 4450
8401 32957
8401 3844
8401 15696
8401 11572
8401 28489
8401 4953
8401 12958
8401 46186
8401 28857
8401 15207
8401 11463
8401 34699
8401 39478
8401 26385
8401 11387
8401 7174
8401 24684
8401 5688
8401 5717
8401 44575
8401 17070
8401 49218
8401 32066
8401 6562
8401 46149
8401 26867
8401 4157
8401 46305
8401 1566
8401 33086
8401 14538
8401 35888
8401 42034
8401 39695
8401 47405
8401 20796
8401 31078
8401 2151
8401 34556
8401 25952
8401 6453
8401 12134
8401 44975
8401 17027
8401 1068
8401 22541
8401 32780
8401 1482
8401 1939
8401 40109
8401 20075
8401 25524
8401 23665
8401 32397
8401 20113
8401 31339
8401 38782
8401 21040
8401 47757
8401 32147
8401 46968
8401 16047
8401 49360
8401 42789
8401 6169
8401 34476
8401 28242
8401 36995
8401 37153
8401 45373
8401 43569
8401 39204
8401 10273
8401 20498
8401 1786
8401 1206
8401 22041
8401 17955
8401 36534
8401 18705
8401 48971
8401 37359
8401 44660
8401 49752
8401 32476
8401 41800
8401 40254
8401 42978
8401 22294
8401 26954
8401 7939
8401 7846
8401 19984
8401 1340
8401 38499
8401 20077
8401 18904
8401 45667
8401 17727
8401 17074
8401 21865
8401 12487
8401 34742
8401 16683
8401 28261
8401 8270
8401 43738
8401 23976
8401 11194
8401 24612
8401 9801
8401 39059
8401 31806
8401 41215
8401 18752
8401 11123
8401 31763
8401 23964
8401 49129
8401 17817
8401 44096
8401 5024
8401 41591
8401 8266
8401 47049
8401 44257
8401 39471
8401 12082
8401 47443
8401 27014
8401 10631
8401 25960
8401 23080
8401 20618
8401 25032
8401 36812
8401 30662
8401 1604
8401 13339
8401 22943
8401 27851
8401 42442
8401 29344
8401 3483
8401 48673
8401 5178
8401 3922
8401 2411
8401 42874
8401 44071
8401 35959
8401 18448
8401 48453
8401 989
8401 8395
8401 25230
8401 4220
8401 40227
8401 4371
8401 23935
8401 37218
8401 21070
8401 17695
8401 49625
8401 48753
8401 21775
8401 9918
8401 2853
8401 12337
8401 18204
8401 36442
8401 37016
8401 25781
8401 3786
8401 21524
8401 2796
8401 14486
8401 31179
8401 24311
8401 19446
8401 35067
8401 46998
8401 910
8401 34208
8401 41577
8401 22185
8401 39306
8401 48140
8401 11098
8401 30368
8401 27800
8401 4839
8401 8458
8401 43019
8401 1642
8401 38425
8401 36388
8401 35257
8401 9342
8401 41140
8401 4281
8401 17978
8401 30566
8401 19868
8401 36517
8401 38471
8401 45201
8401 45268
8401 43018
8401 31562
8401 6152
8401 22214
8401 3586
8401 23382
8401 25664
8401 4771
8401 17902
8401 33584
8401 12939
8401 49644
8401 24839
8401 12883
8401 45296
8401 23426
8401 13789
8401 2223
8401 6291
8401 25328
8401 5876
8401 19825
8401 36759
8401 15804
8401 6916
8401 40894
8401 15609
8401 42583
8401 25688
8401 91
8401 22004
8401 32948
8401 12233
8401 24038
8401 48199
8401 3339
8401 33609
8401 48780
8401 8719
8401 43197
8401 31168
8401 40781
8401 16546
8401 12259
8401 12048
8401 46192
8401 49340
8401 31518
8401 16814
8401 8842
8401 8196
8401 24671
8401 33384
8401 43359
8401 9150
8401 13922
8401 4116
8401 36070
8401 1729
8401 45081
8401 41136
8401 35276
8401 42831
8401 30564
8401 29340
8401 46675
8401 31046
8401 20836
8401 36450
8401 8410
8401 358
8401 21884
8401 31251
8401 18130
8401 47266
8401 1424
8401 20193
8401 19293
8401 9500
8401 35369
8401 9915
8401 28751
8401 26444
8401 15200
8401 43094
8401 24524
8401 10494
8401 28501
8401 17467
8401 2772
8401 43038
8401 23532
8401 6517
8401 18105
8401 1859
8401 26109
8401 31796
8401 1122
8401 40643
8401 1312
8401 17024
8401 10585
8401 49601
8401 2688
8401 29599
8401 22430
8401 22744
8401 4359
8401 41517
8401 17287
8401 32078
8401 30824
8401 10713
8401 48075
8401 13665
8401 20191
8401 33732
8401 27469
8401 19348
8401 28297
8401 25246
8401 13627
8401 18465
8401 29234
8401 21060
8401 29065
8401 7397
8401 49512
8401 21844
8401 16568
8401 17450
8401 4581
8401 11837
8401 27488
8401 35019
8401 28968
8401 29095
8401 23923
8401 7042
8401 12884
8401 34985
8401 36371
8401 16251
8401 10389
8401 20693
8401 49686
8401 48378
8401 9947
8401 15918
8401 42925
8401 45544
8401 34287
8401 15904
8401 25117
8401 238
8401 4339
8401 24814
8401 45510
8401 43200
8401 14131
8401 12433
8401 12406
8401 26279
8401 2420
8401 5083
8401 19817
8401 37685
8401 33065
8401 11866
8401 37037
8401 879
8401 28496
8401 45857
8401 6880
8401 18632
8401 45923
8401 22782
8401 14797
8401 7169
8401 26643
8401 47945
8401 3138
8401 13286
8401 9197
8401 29404
8401 40676
8401 21500
8401 641
8401 35771
8401 21265
8401 7830
8401 29371
8401 31247
8401 29584
8401 8900
8401 23576
8401 7907
8401 21163
8401 46849
8401 37046
8401 17376
8401 3519
8401 18760
8401 47958
8401 39592
8401 18100
8401 17534
8401 38349
8401 18150
8401 1363
8401 2527
8401 14416
8401 16228
8401 4238
8401 5116
8401 7112
8401 15360
8401 14241
8401 31989
8401 36322
8401 44037
8401 24318
8401 39908
8401 35786
8401 38177
8401 49476
8401 14856
8401 39935
8401 3570
8401 2878
8401 19873
8401 31433
8401 16806
8401 16908
8401 10453
8401 37376
8401 23299
8401 29838
8401 22890
8401 31977
8401 31354
8401 36992
8401 40732
8401 45303
8401 42231
8401 42358
8401 21934
8401 46777
8401 24284
8401 33501
8401 32280
8401 43481
8401 13624
8401 32239
8401 33680
8401 22479
8401 9629
8401 30692
8401 42365
8401 46338
8401 25611
8401 34298
8401 3792
8401 14204
8401 47186
8401 13517
8401 39638
8401 7311
8401 36278
8401 17845
8401 47965
8401 29606
8401 1188
8401 37508
8401 4675
8401 13364
8401 5044
8401 37791
8401 25880
8401 48733
8401 17533
8401 43833
8401 49150
8401 20483
8401 35759
8401 11102
8401 14557
8401 17199
8401 35301
8401 41792
8401 38744
8401 47027
8401 12223
8401 18837
8401 20437
8401 36367
8401 47407
8401 19624
8401 41250
8401 4093
8401 11390
8401 10709
8401 1615
8401 476
8401 45168
8401 29050
8401 19276
8401 44120
8401 16952
8401 14508
8401 48772
8401 32296
8401 46407
8401 14928
8401 8300
8401 12807
8401 23107
8401 13736
8401 10956
8401 16960
8401 18254
8401 36606
8401 42835
8401 6994
8401 3095
8401 42953
8401 630
8401 4533
8401 31452
8401 30335
8401 42089
8401 39950
8401 19992
8401 43996
8401 12767
8401 22354
8401 25442
8401 10202
8401 23958
8401 18664
8401 783
8401 23465
8401 10069
8401 30027
8401 47862
8401 11219
8401 17659
8401 31999
8401 7831
8401 29311
8401 31690
8401 13031
8401 31132
8401 14956
8401 47914
8401 28304
8401 26063
8401 25812
8401 22742
8401 18462
8401 23710
8401 30333
8401 2851
8401 39217
8401 11245
8401 41841
8401 15895
8401 40085
8401 12947
8401 22457
8401 16685
8401 20123
8401 44325
8401 3255
8401 2055
8401 6692
8401 11467
8401 32313
8401 1130
8401 30173
8401 23258
8401 25218
8401 38670
8401 18784
8401 6448
8401 45272
8401 3215
8401 2375
8401 8379
8401 9095
8401 22376
8401 22886
8401 20203
8401 22933
8401 29851
8401 37455
8401 10684
8401 47580
8401 17926
8401 49425
8401 33188
8401 48664
8401 17476
8401 15681
8401 39660
8401 47271
8401 28804
8401 37437
8401 18871
8401 20067
8401 18250
8401 16584
8401 48778
8401 48208
8401 34994
8401 797
8401 35316
8401 29022
8401 40629
8401 22704
8401 42383
8401 2704
8401 28389
8401 2918
8401 26104
8401 49102
8401 35769
8401 495
8401 46966
8401 49108
8401 146
8401 41408
8401 8106
8401 17847
8401 47966
8401 48015
8401 22054
8401 38052
8401 49358
8401 22825
8401 39653
8401 32477
8401 19150
8401 37996
8401 39579
8401 46562
8401 29400
8401 46453
8401 17034
8401 23271
8401 28734
8401 34498
8401 47010
8401 34960
8401 37258
8401 26369
8401 27176
8401 29810
8401 17227
8401 31113
8401 2540
8401 9417
8401 37407
8401 22858
8401 43035
8401 43331
8401 21402
8401 6744
8401 5276
8401 17252
8401 40931
8401 23200
8401 9129
8401 8211
8401 42282
8401 20940
8401 32487
8401 5216
8401 14057
8401 5675
8401 16294
8401 34430
8401 29081
8401 32868
8401 16066
8401 40979
8401 46088
8401 38445
8401 7419
8401 46895
8401 8265
8401 31660
8401 34196
8401 43974
8401 3261
8401 32420
8401 37326
8401 48149
8401 35355
8401 41878
8401 15524
8401 34444
8401 39693
8401 40783
8401 14946
8401 3282
8401 29459
8401 339
8401 14015
8401 31700
8401 36412
8401 25601
8401 6226
8401 35290
8401 31818
8401 1838
8401 44526
8401 2968
8401 49770
8401 9373
8401 20402
8401 39083
8401 29695
8401 48599
8401 35840
8401 16389
8401 46383
8401 35622
8401 11712
8401 24480
8401 36686
8401 2168
8401 49502
8401 47678
8401 8640
8401 32124
8401 13392
8401 43229
8401 48462
8401 35937
8401 21130
8401 49027
8401 34451
8401 20170
8401 41532
8401 10025
8401 6393
8401 3723
8401 23345
8401 45574
8401 26263
8401 19616
8401 40962
8401 25652
8401 21382
8401 7113
8401 32830
8401 787
8401 37584
8401 12045
8401 15136
8401 15475
8401 28565
8401 21963
8401 16456
8401 19658
8401 33252
8401 34951
8401 40835
8401 37682
8401 40650
8401 19548
8401 16317
8401 13095
8401 37021
8401 31555
8401 12372
8401 18131
8401 8592
8401 49867
8401 44869
8401 31689
8401 12441
8401 41932
8401 42062
8401 6395
8401 20828
8401 21669
8401 11418
8401 8854
8401 8570
8401 23654
8401 33555
8401 5915
8401 10451
8401 11339
8401 14199
8401 30001
8401 6442
8401 27128
8401 35566
8401 38878
8401 27476
8401 49803
8401 17871
8401 39941
8401 37231
8401 2689
8401 42010
8401 42107
8401 18299
8401 29808
8401 47348
8401 33402
8401 9313
8401 40492
8401 16059
8401 14760
8401 10601
8401 13210
8401 27482
8401 30308
8401 47589
8401 22717
8401 43113
8401 1104
8401 24175
8401 22152
8401 45589
8401 12589
8401 5127
8401 49162
8401 45742
8401 23884
8401 6605
8401 46037
8401 45774
8401 47888
8401 47857
8401 6849
8401 4694
8401 12531
8401 26601
8401 23022
8401 38895
8401 48338
8401 8187
8401 23280
8401 39616
8401 10121
8401 44376
8401 24801
8401 36335
8401 34526
8401 13480
8401 37845
8401 39124
8401 32058
8401 4684
8401 10972
8401 7538
8401 2200
8401 11097
8401 45491
8401 7249
8401 38395
8401 12700
8401 8857
8401 5704
8401 35311
8401 27379
8401 6380
8401 18208
8401 6304
8401 22740
8401 42307
8401 45449
8401 4028
8401 38553
8401 45826
8401 45689
8401 46961
8401 7273
8401 25102
8401 21551
8401 15650
8401 22313
8401 8169
8401 21740
8401 5602
8401 9921
8401 7533
8401 44568
8401 38424
8401 670
8401 44174
8401 25721
8401 28155
8401 7194
8401 1091
8401 18541
8401 46550
8401 35328
8401 45104
8401 26506
8401 15495
8401 47440
8401 21068
8401 37984
8401 41037
8401 23110
8401 10738
8401 24601
8401 30418
8401 49621
8401 49308
8401 34275
8401 1973
8401 3465
8401 34531
8401 1318
8401 31022
8401 22229
8401 3832
8401 45748
8401 13563
8401 26344
8401 5703
8401 46698
8401 10944
8401 21343
8401 3516
8401 5621
8401 8579
8401 40773
8401 35273
8401 11190
8401 43953
8401 35041
8401 24716
8401 33429
8401 9906
8401 1316
8401 32141
8401 2320
8401 13941
8401 35709
8401 26563
8401 6529
8401 47108
8401 27767
8401 20943
8401 1334
8401 48196
8401 151
8401 31444
8401 36223
8401 22377
8401 422
8401 27325
8401 41810
8401 47209
8401 13408
8401 42073
8401 2821
8401 47153
8401 45386
8401 31637
8401 44212
8401 17026
8401 28053
8401 17033
8401 24490
8401 16922
8401 4402
8401 20853
8401 4041
8401 49215
8401 32040
8401 40809
8401 44830
8401 18084
8401 15969
8401 5591
8401 13630
8401 23040
8401 9148
8401 43516
8401 46148
8401 16147
8401 25832
8401 43735
8401 1629
8401 41626
8401 40375
8401 47912
8401 41967
8401 31191
8401 6630
8401 45736
8401 3685
8401 40006
8401 42148
8401 49343
8401 22193
8401 9187
8401 21854
8401 36110
8401 32840
8401 13672
8401 48960
8401 27867
8401 26472
8401 2299
8401 42296
8401 21699
8401 38414
8401 40155
8401 40220
8401 27834
8401 36102
8401 29711
8401 27146
8401 21564
8401 10743
8401 13292
8401 31546
8401 13047
8401 8904
8401 3880
8401 31292
8401 3072
8401 47560
8401 14484
8401 27177
8401 33395
8401 26149
8401 29948
8401 5092
8401 34528
8401 20889
8401 5058
8401 38615
8401 22976
8401 33824
8401 48076
8401 1552
8401 4993
8401 28691
8401 18631
8401 34661
8401 5407
8401 47908
8401 4691
8401 23057
8401 22817
8401 46541
8401 24058
8401 25238
8401 47867
8401 4457
8401 48740
8401 9662
8401 25382
8401 20579
8401 22841
8401 48649
8401 26838
8401 32640
8401 46832
8401 41146
8401 49335
8401 47147
8401 1930
8401 14505
8401 44179
8401 840
8401 21533
8401 42626
8401 19471
8401 11946
8401 30065
8401 33725
8401 35030
8401 6561
8401 38010
8401 36869
8401 21713
8401 17641
8401 40599
8401 24708
8401 34862
8401 4466
8401 47211
8401 42230
8401 15790
8401 2795
8401 34745
8401 37487
8401 399
8401 30068
8401 2587
8401 24679
8401 19917
8401 9321
8401 24689
8401 19236
8401 2445
8401 11720
8401 11106
8401 18967
8401 20848
8401 20285
8401 43206
8401 11054
8401 32713
8401 857
8401 49732
8401 40930
8401 10564
8401 24032
8401 18708
8401 12682
8401 3879
8401 34848
8401 39445
8401 33295
8401 9393
8401 6301
8401 39841
8401 12607
8401 20131
8401 32250
8401 46521
8401 38653
8401 24597
8401 1816
8401 33930
8401 31137
8401 5830
8401 15888
8401 17266
8401 9005
8401 34768
8401 35699
8401 473
8401 2673
8401 12195
8401 23496
8401 4750
8401 38721
8401 27786
8401 32006
8401 32419
8401 27124
8401 13326
8401 34930
8401 30073
8401 34202
8401 32987
8401 38221
8401 42145
8401 30723
8401 36091
8401 24271
8401 24225
8401 23023
8401 22796
8401 4309
8401 18635
8401 3684
8401 13781
8401 13193
8401 15590
8401 7848
8401 28202
8401 44706
8401 26884
8401 22484
8401 31376
8401 16121
8401 14207
8401 15692
8401 38369
8401 16026
8401 25527
8401 41563
8401 27254
8401 5805
8401 36806
8401 15886
8401 33138
8401 12064
8401 35626
8401 47146
8401 32942
8401 22136
8401 48671
8401 3281
8401 39311
8401 5936
8401 30421
8401 42665
8401 46736
8401 44831
8401 41540
8401 36488
8401 45567
8401 30508
8401 29033
8401 30270
8401 23050
8401 29809
8401 4050
8401 31187
8401 2605
8401 39420
8401 48356
8401 15544
8401 37421
8401 1919
8401 10299
8401 38843
8401 27205
8401 27252
8401 39428
8401 4651
8401 14360
8401 127
8401 4950
8401 46022
8401 18071
8401 22688
8401 4789
8401 13325
8401 20090
8401 7511
8401 41886
8401 46517
8401 28250
8401 41392
8401 6757
8401 16053
8401 46298
8401 36701
8401 8976
8401 41642
8401 22039
8401 37717
8401 10896
8401 6463
8401 15478
8401 45978
8401 5987
8401 11893
8401 31960
8401 34295
8401 4048
8401 28387
8401 3885
8401 2919
8401 44239
8401 38295
8401 16231
8401 5797
8401 19836
8401 45604
8401 39640
8401 43010
8401 26152
8401 44291
8401 7092
8401 29082
8401 47110
8401 29204
8401 25525
8401 31198
8401 20215
8401 43668
8401 42041
8401 4899
8401 57
8401 15927
8401 44388
8401 49513
8401 49869
8401 39001
8401 12179
8401 7005
8401 49505
8401 41538
8401 42419
8401 9222
8401 37683
8401 6180
8401 13156
8401 14696
8401 39016
8401 19266
8401 33469
8401 319
8401 40336
8401 31916
8401 46764
8401 8345
8401 31493
8401 14970
8401 17054
8401 45653
8401 3080
8401 16799
8401 49322
8401 19272
8401 45067
8401 29605
8401 37577
8401 21477
8401 3934
8401 45019
8401 41132
8401 17577
8401 10456
8401 32470
8401 28321
8401 21342
8401 30174
8401 7320
8401 20423
8401 36841
8401 3853
8401 8050
8401 48798
8401 29596
8401 31644
8401 1001
8401 1107
8401 9510
8401 23842
8401 32262
8401 39615
8401 13945
8401 17355
8401 36902
8401 41705
8401 550
8401 31306
8401 37715
8401 3085
8401 35529
8401 29040
8401 19262
8401 20817
8401 9835
8401 8197
8401 4186
8401 10265
8401 25406
8401 7693
8401 17365
8401 34873
8401 28340
8401 40610
8401 15834
8401 13148
8401 9568
8401 33553
8401 2104
8401 32760
8401 14620
8401 9195
8401 22982
8401 36178
8401 41764
8401 29096
8401 44146
8401 44745
8401 34560
8401 19
8401 9140
8401 22674
8401 24373
8401 46509
8401 48956
8401 4006
8401 14950
8401 15923
8401 20631
8401 11015
8401 33491
8401 3650
8401 22644
8401 39351
8401 39380
8401 45979
8401 34541
8401 32148
8401 10080
8401 42160
8401 14183
8401 10329
8401 18433
8401 23515
8401 49240
8401 34014
8401 8627
8401 10105
8401 24613
8401 24711
8401 27614
8401 47980
8401 48595
8401 40015
8401 41733
8401 28937
8401 3204
8401 22871
8401 49696
8401 9588
8401 2543
8401 27094
8401 33638
8401 19401
8401 22932
8401 14563
8401 37101
8401 4150
8401 30977
8401 8574
8401 42767
8401 49674
8401 45752
8401 33457
8401 39568
8401 45726
8401 22103
8401 43016
8401 4274
8401 36903
8401 49652
8401 20727
8401 26245
8401 48656
8401 45182
8401 21120
8401 32793
8401 31560
8401 8001
8401 25616
8401 15535
8401 33148
8401 46237
8401 7064
8401 32902
8401 19945
8401 13139
8401 18666
8401 9234
8401 41227
8401 33334
8401 8793
8401 37422
8401 28840
8401 12728
8401 29018
8401 32227
8401 21609
8401 12979
8401 15319
8401 24892
8401 25205
8401 44301
8401 48613
8401 35929
8401 42561
8401 23038
8401 41025
8401 18340
8401 43934
8401 48836
8401 14971
8401 47645
8401 47906
8401 8645
8401 1868
8401 8380
8401 12475
8401 45758
8401 34652
8401 45527
8401 21190
8401 18615
8401 17455
8401 29903
8401 9485
8401 25518
8401 29339
8401 10374
8401 24422
8401 49537
8401 8287
8401 42406
8401 2908
8401 24236
8401 37952
8401 26653
8401 4247
8401 44576
8401 22106
8401 2811
8401 23491
8401 6424
8401 836
8401 36562
8401 21778
8401 36609
8401 28826
8401 28278
8401 11752
8401 14480
8401 11044
8401 33225
8401 3454
8401 12242
8401 47374
8401 6197
8401 15286
8401 32872
8401 12552
8401 3911
8401 36196
8401 565
8401 46431
8401 13446
8401 12091
8401 2488
8401 19289
8401 11645
8401 48039
8401 16560
8401 24289
8401 43169
8401 40468
8401 28834
8401 35152
8401 27942
8401 10226
8401 6913
8401 11392
8401 4122
8401 6017
8401 10276
8401 19450
8401 31134
8401 36014
8401 882
8401 4358
8401 1352
8401 29716
8401 27531
8401 23945
8401 26107
8401 2794
8401 13448
8401 35374
8401 34811
8401 19279
8401 8562
8401 3031
8401 45275
8401 8269
8401 17327
8401 42527
8401 39834
8401 31514
8401 9088
8401 31594
8401 21941
8401 40918
8401 29196
8401 31849
8401 31609
8401 732
8401 10131
8401 21186
8401 35251
8401 16054
8401 28308
8401 7704
8401 1663
8401 35588
8401 38218
8401 2848
8401 46884
8401 18460
8401 42440
8401 11362
8401 38300
8401 25842
8401 28003
8401 15406
8401 49483
8401 16044
8401 47129
8401 14194
8401 15582
8401 9579
8401 22209
8401 48468
8401 19649
8401 12643
8401 14994
8401 39023
8401 3852
8401 22240
8401 19547
8401 43476
8401 3276
8401 14698
8401 33579
8401 2140
8401 27975
8401 2249
8401 35326
8401 2909
8401 354
8401 23779
8401 5361
8401 10128
8401 13282
8401 38892
8401 34959
8401 40891
8401 4234
8401 40064
8401 30755
8401 41138
8401 37036
8401 28920
8401 5788
8401 19418
8401 32528
8401 24991
8401 32939
8401 33268
8401 34072
8401 40414
8401 43055
8401 4076
8401 26698
8401 17855
8401 1669
8401 30059
8401 48443
8401 40579
8401 3022
8401 37664
8401 49849
8401 33717
8401 23584
8401 24215
8401 34645
8401 10448
8401 32304
8401 48840
8401 5807
8401 20863
8401 34418
8401 31614
8401 6039
8401 41573
8401 33165
8401 25959
8401 35692
8401 1932
8401 16253
8401 18108
8401 19962
8401 30440
8401 11502
8401 16574
8401 5094
8401 21114
8401 32992
8401 10092
8401 30881
8401 40358
8401 16334
8401 29310
8401 30550
8401 20726
8401 16940
8401 10117
8401 31635
8401 31908
8401 8868
8401 714
8401 22093
8401 20939
8401 43683
8401 18342
8401 12684
8401 28995
8401 40443
8401 37636
8401 5627
8401 35157
8401 25879
8401 12806
8401 18607
8401 40562
8401 23436
8401 22861
8401 42443
8401 33357
8401 33970
8401 18019
8401 21726
8401 33540
8401 32892
8401 25457
8401 22523
8401 21825
8401 37863
8401 26827
8401 3928
8401 10678
8401 22591
8401 49909
8401 6958
8401 40157
8401 36298
8401 3718
8401 40244
8401 26500
8401 37091
8401 14897
8401 3643
8401 12497
8401 1184
8401 11757
8401 30906
8401 9169
8401 7451
8401 22551
8401 48966
8401 1518
8401 39792
8401 37008
8401 144
8401 36500
8401 2297
8401 4711
8401 22165
8401 5368
8401 20932
8401 48568
8401 41048
8401 7573
8401 21827
8401 48335
8401 42244
8401 11671
8401 42619
8401 28978
8401 6770
8401 10875
8401 2448
8401 29974
8401 41473
8401 49028
8401 37812
8401 33685
8401 46859
8401 31077
8401 45328
8401 31557
8401 4624
8401 25859
8401 45624
8401 2750
8401 14098
8401 17850
8401 658
8401 42194
8401 32362
8401 17302
8401 43344
8401 17608
8401 5678
8401 48515
8401 16277
8401 4124
8401 28322
8401 39214
8401 37505
8401 45355
8401 1776
8401 48118
8401 40594
8401 41978
8401 19144
8401 13947
8401 37881
8401 23752
8401 42396
8401 34800
8401 49858
8401 30515
8401 24761
8401 47212
8401 20439
8401 42549
8401 28650
8401 34549
8401 14729
8401 31692
8401 16302
8401 16467
8401 4861
8401 47575
8401 45070
8401 43862
8401 32768
8401 25509
8401 19085
8401 4933
8401 29612
8401 36931
8401 11404
8401 37313
8401 1519
8401 17103
8401 38795
8401 3321
8401 16517
8401 26171
8401 24446
8401 30941
8401 49478
8401 42879
8401 20463
8401 14381
8401 23234
8401 35595
8401 29322
8401 963
8401 7542
8401 23631
8401 37879
8401 41218
8401 25401
8401 21944
8401 26428
8401 24314
8401 14761
8401 20595
8401 17401
8401 46957
8401 15799
8401 42277
8401 6314
8401 6559
8401 27022
8401 35230
8401 35493
8401 47185
8401 23389
8401 13946
8401 22584
8401 16766
8401 10441
8401 39983
8401 46340
8401 38715
8401 25665
8401 47942
8401 2712
8401 42914
8401 603
8401 13438
8401 33924
8401 23813
8401 16675
8401 47020
8401 23191
8401 23240
8401 3572
8401 44053
8401 32680
8401 22853
8401 19951
8401 18720
8401 49049
8401 14811
8401 29341
8401 36528
8401 39079
8401 24672
8401 11637
8401 8130
8401 33475
8401 34854
8401 18437
8401 13414
8401 42774
8401 40825
8401 14643
8401 10570
8401 6187
8401 31862
8401 46924
8401 43367
8401 7901
8401 25299
8401 42097
8401 47466
8401 41271
8401 10049
8401 26872
8401 19900
8401 48728
8401 47775
8401 4988
8401 8586
8401 30588
8401 39127
8401 37960
8401 18062
8401 40926
8401 7994
8401 23148
8401 47712
8401 16265
8401 30586
8401 14177
8401 10793
8401 3497
8401 42991
8401 35558
8401 28677
8401 31969
8401 2233
8401 27832
8401 11167
8401 46672
8401 13648
8401 42222
8401 23122
8401 34065
8401 22326
8401 18923
8401 36821
8401 25836
8401 46537
8401 40865
8401 16586
8401 12282
8401 9056
8401 48020
8401 27430
8401 17624
8401 3377
8401 1099
8401 14773
8401 26025
8401 6206
8401 7244
8401 46970
8401 944
8401 32753
8401 24500
8401 959
8401 38303
8401 27838
8401 10495
8401 12218
8401 26124
8401 12188
8401 49319
8401 44161
8401 12738
8401 37667
8401 14438
8401 32561
8401 7528
8401 20755
8401 29530
8401 9443
8401 1700
8401 8832
8401 11570
8401 49272
8401 33478
8401 14767
8401 1145
8401 1356
8401 36878
8401 35274
8401 17479
8401 41996
8401 14034
8401 46601
8401 15510
8401 15920
8401 23163
8401 24365
8401 22174
8401 13178
8401 9080
8401 29513
8401 40543
8401 44685
8401 8208
8401 1492
8401 42538
8401 15707
8401 12956
8401 24296
8401 848
8401 15197
8401 30129
8401 29415
8401 37067
8401 9292
8401 49288
8401 23727
8401 40004
8401 2956
8401 25523
8401 46501
8401 6254
8401 13649
8401 24678
8401 23014
8401 33869
8401 895
8401 33348
8401 23936
8401 47510
8401 5664
8401 28711
8401 42344
8401 37649
8401 31892
8401 499
8401 37270
8401 14346
8401 18129
8401 42815
8401 33734
8401 3697
8401 13413
8401 10976
8401 49249
8401 28342
8401 4364
8401 20782
8401 16156
8401 14338
8401 12133
8401 18714
8401 26246
8401 49022
8401 15560
8401 39909
8401 47818
8401 4702
8401 25101
8401 44319
8401 39018
8401 13616
8401 32464
8401 2891
8401 33448
8401 34396
8401 44428
8401 47491
8401 8557
8401 22483
8401 30994
8401 20397
8401 4628
8401 31055
8401 39103
8401 44019
8401 19100
8401 5918
8401 30443
8401 12084
8401 23492
8401 25609
8401 20247
8401 39419
8401 4665
8401 10413
8401 5819
8401 6174
8401 4183
8401 1744
8401 15966
8401 47244
8401 39689
8401 26062
8401 43131
8401 25166
8401 12148
8401 38707
8401 49050
8401 4822
8401 5287
8401 18393
8401 33888
8401 2865
8401 22743
8401 42451
8401 41647
8401 45531
8401 5669
8401 25915
8401 43205
8401 3100
8401 4151
8401 39157
8401 30607
8401 16440
8401 26262
8401 49535
8401 7740
8401 37855
8401 39447
8401 3141
8401 19380
8401 18271
8401 21052
8401 14792
8401 21795
8401 2690
8401 19670
8401 37913
8401 13543
8401 375
8401 14819
8401 40306
8401 131
8401 49499
8401 20829
8401 20440
8401 24945
8401 6551
8401 26802
8401 48908
8401 2471
8401 21029
8401 39521
8401 26940
8401 13019
8401 3252
8401 14585
8401 26445
8401 16705
8401 41845
8401 8644
8401 18528
8401 37050
8401 7616
8401 49871
8401 19696
8401 20774
8401 39917
8401 8355
8401 13096
8401 25534
8401 18078
8401 25475
8401 30725
8401 45846
8401 43196
8401 3600
8401 40058
8401 31008
8401 48082
8401 29992
8401 21359
8401 46206
8401 19075
8401 48354
8401 10613
8401 38922
8401 30435
8401 3517
8401 40315
8401 5708
8401 22075
8401 35575
8401 39102
8401 43940
8401 3846
8401 1310
8401 19626
8401 25426
8401 449
8401 34808
8401 19609
8401 751
8401 15801
8401 28331
8401 28700
8401 35819
8401 6788
8401 13173
8401 9250
8401 13473
8401 834
8401 22789
8401 49146
8401 17557
8401 37690
8401 35101
8401 6338
8401 49260
8401 4887
8401 21420
8401 13256
8401 47783
8401 43103
8401 28803
8401 24627
8401 47116
8401 12006
8401 22734
8401 7988
8401 30218
8401 7887
8401 36271
8401 6129
8401 32377
8401 24493
8401 33735
8401 4011
8401 46507
8401 48628
8401 26154
8401 27914
8401 27093
8401 48478
8401 12737
8401 20319
8401 17248
8401 36004
8401 27173
8401 32622
8401 32565
8401 38708
8401 26174
8401 44864
8401 3847
8401 44929
8401 33314
8401 35954
8401 2876
8401 18326
8401 49063
8401 45481
8401 14437
8401 30243
8401 24557
8401 46706
8401 10333
8401 42508
8401 6527
8401 22237
8401 46988
8401 12747
8401 49962
8401 21254
8401 10589
8401 20815
8401 37401
8401 27511
8401 31381
8401 31388
8401 42729
8401 32776
8401 13629
8401 40597
8401 2904
8401 767
8401 24664
8401 45053
8401 13404
8401 9664
8401 31531
8401 14831
8401 1067
8401 49048
8401 22928
8401 13999
8401 41417
8401 36006
8401 34752
8401 33382
8401 4681
8401 31902
8401 29427
8401 6181
8401 43728
8401 25942
8401 28704
8401 15635
8401 13308
8401 38482
8401 8896
8401 24693
8401 1470
8401 48332
8401 21776
8401 40864
8401 12671
8401 49378
8401 28900
8401 31451
8401 16172
8401 22467
8401 33547
8401 22380
8401 380
8401 20389
8401 6516
8401 32353
8401 27980
8401 39223
8401 23033
8401 12389
8401 44294
8401 47651
8401 21117
8401 671
8401 16487
8401 29388
8401 24815
8401 254
8401 17127
8401 5982
8401 6284
8401 27198
8401 26421
8401 47891
8401 18151
8401 32630
8401 35065
8401 9927
8401 1843
8401 47948
8401 23960
8401 40113
8401 41856
8401 27983
8401 20264
8401 13099
8401 3319
8401 35466
8401 22014
8401 42469
8401 20151
8401 19725
8401 17793
8401 25311
8401 991
8401 21317
8401 23614
8401 8372
8401 42027
8401 5956
8401 44498
8401 13516
8401 42197
8401 46083
8401 24782
8401 22410
8401 17380
8401 24854
8401 39782
8401 40392
8401 28938
8401 21908
8401 42278
8401 16856
8401 547
8401 23843
8401 12897
8401 41831
8401 6489
8401 4464
8401 38090
8401 5008
8401 6914
8401 27051
8401 43270
8401 19639
8401 48670
8401 20958
8401 44447
8401 3745
8401 30478
8401 13428
8401 14519
8401 37512
8401 33773
8401 20130
8401 26269
8401 37807
8401 27317
8401 46914
8401 20470
8401 15225
8401 19242
8401 32880
8401 9477
8401 31974
8401 27077
8401 8742
8401 29261
8401 32982
8401 45504
8401 36785
8401 34228
8401 10340
8401 22074
8401 49107
8401 28823
8401 14657
8401 7023
8401 32811
8401 41040
8401 16686
8401 23875
8401 23994
8401 48136
8401 11413
8401 7241
8401 12122
8401 34439
8401 17061
8401 1852
8401 32944
8401 37938
8401 6937
8401 49658
8401 20536
8401 40433
8401 20164
8401 19654
8401 40704
8401 14463
8401 19927
8401 2308
8401 7900
8401 2244
8401 10602
8401 22007
8401 6492
8401 20956
8401 13530
8401 9759
8401 5505
8401 24796
8401 37516
8401 12611
8401 42388
8401 3540
8401 31586
8401 41489
8401 6373
8401 341
8401 21972
8401 31620
8401 11673
8401 36676
8401 24998
8401 27797
8401 32319
8401 43584
8401 34029
8401 37745
8401 23398
8401 37120
8401 45654
8401 26058
8401 23192
8401 31725
8401 32020
8401 6552
8401 21432
8401 1591
8401 39160
8401 12909
8401 8342
8401 29338
8401 39955
8401 25860
8401 20933
8401 33812
8401 43693
8401 15939
8401 20593
8401 12404
8401 41052
8401 20767
8401 19778
8401 49829
8401 24341
8401 42068
8401 27096
8401 23893
8401 24103
8401 43535
8401 39728
8401 43455
8401 30011
8401 39392
8401 32484
8401 32626
8401 39667
8401 39526
8401 9215
8401 11376
8401 4164
8401 24624
8401 23328
8401 10710
8401 18054
8401 47885
8401 36859
8401 33754
8401 44993
8401 32956
8401 45965
8401 27002
8401 3903
8401 2681
8401 43845
8401 26094
8401 49619
8401 28034
8401 26797
8401 9213
8401 30919
8401 16740
8401 40026
8401 31922
8401 38995
8401 11317
8401 40623
8401 302
8401 29252
8401 9041
8401 16012
8401 22349
8401 31571
8401 15574
8401 35913
8401 27393
8401 8752
8401 6660
8401 16989
8401 7531
8401 41537
8401 4496
8401 25978
8401 21394
8401 29438
8401 24456
8401 48452
8401 13759
8401 35755
8401 43468
8401 35855
8401 20108
8401 35740
8401 45718
8401 5479
8401 6221
8401 35647
8401 11206
8401 2387
8401 7441
8401 39496
8401 25347
8401 37447
8401 74
8401 40062
8401 22739
8401 33106
8401 939
8401 46386
8401 33432
8401 46535
8401 45878
8401 757
8401 18597
8401 5546
8401 23424
8401 48720
8401 44919
8401 33168
8401 22197
8401 16174
8401 35250
8401 18258
8401 29749
8401 27877
8401 11981
8401 38076
8401 23028
8401 47554
8401 16639
8401 13310
8401 2762
8401 39525
8401 2701
8401 31032
8401 11459
8401 10837
8401 32869
8401 21584
8401 49096
8401 23166
8401 45124
8401 31248
8401 19938
8401 7232
8401 40159
8401 20348
8401 39228
8401 13618
8401 12505
8401 36024
8401 20556
8401 21217
8401 9311
8401 35424
8401 7888
8401 14140
8401 14569
8401 29551
8401 17685
8401 17997
8401 2376
8401 47383
8401 18171
8401 11974
8401 2964
8401 22596
8401 3941
8401 12663
8401 43418
8401 40766
8401 22651
8401 19475
8401 3462
8401 1972
8401 2419
8401 12672
8401 42228
8401 49003
8401 18552
8401 46349
8401 1860
8401 35597
8401 41069
8401 20535
8401 36876
8401 28720
8401 23045
8401 43009
8401 31819
8401 3433
8401 20973
8401 3802
8401 32469
8401 20947
8401 39320
8401 38299
8401 37929
8401 45888
8401 44308
8401 14190
8401 47428
8401 13700
8401 46920
8401 13171
8401 45789
8401 11812
8401 25482
8401 43796
8401 22469
8401 11934
8401 6040
8401 12952
8401 37220
8401 10892
8401 39684
8401 43237
8401 12543
8401 19638
8401 10821
8401 5800
8401 49943
8401 26247
8401 34838
8401 8841
8401 15668
8401 18069
8401 7159
8401 35465
8401 17180
8401 41466
8401 23730
8401 16707
8401 29451
8401 21741
8401 21471
8401 18476
8401 5424
8401 47566
8401 19993
8401 34772
8401 38160
8401 34132
8401 28512
8401 10929
8401 24735
8401 33660
8401 21935
8401 38890
8401 14039
8401 3835
8401 19419
8401 17280
8401 16831
8401 33939
8401 25883
8401 14947
8401 7013
8401 31485
8401 45022
8401 7221
8401 11246
8401 789
8401 16492
8401 3191
8401 14022
8401 9369
8401 35914
8401 30666
8401 37990
8401 43137
8401 33649
8401 10485
8401 14242
8401 18896
8401 24398
8401 15587
8401 38351
8401 3012
8401 44670
8401 15644
8401 36209
8401 41398
8401 42433
8401 21370
8401 19073
8401 43091
8401 28934
8401 16306
8401 10620
8401 6731
8401 8694
8401 6290
8401 1354
8401 38428
8401 30804
8401 7187
8401 21185
8401 9482
8401 37383
8401 4478
8401 39548
8401 26668
8401 36618
8401 8433
8401 42735
8401 41557
8401 28586
8401 23858
8401 1977
8401 3262
8401 31148
8401 12740
8401 26394
8401 42348
8401 48554
8401 26495
8401 6535
8401 10500
8401 34203
8401 1590
8401 25823
8401 30653
8401 14495
8401 10599
8401 26320
8401 46780
8401 6272
8401 49318
8401 7400
8401 21318
8401 42898
8401 30544
8401 18439
8401 25103
8401 28463
8401 31400
8401 23302
8401 40084
8401 14880
8401 43250
8401 41769
8401 35952
8401 31466
8401 49247
8401 48705
8401 1119
8401 7747
8401 35006
8401 37828
8401 31665
8401 26639
8401 13510
8401 49936
8401 49787
8401 8095
8401 37419
8401 20665
8401 556
8401 46949
8401 47640
8401 38909
8401 3724
8401 10106
8401 46882
8401 17753
8401 25204
8401 30375
8401 35468
8401 38875
8401 29365
8401 37121
8401 18662
8401 43564
8401 15447
8401 9522
8401 7664
8401 47364
8401 19142
8401 272
8401 28487
8401 35020
8401 35542
8401 28407
8401 18694
8401 7275
8401 36629
8401 3285
8401 44304
8401 26987
8401 19918
8401 19391
8401 48704
8401 37426
8401 41685
8401 49545
8401 16266
8401 24338
8401 41087
8401 15064
8401 22394
8401 1105
8401 2144
8401 30057
8401 29920
8401 10326
8401 27881
8401 41564
8401 34894
8401 47694
8401 34934
8401 42848
8401 49645
8401 40093
8401 48042
8401 33769
8401 35009
8401 11536
8401 5541
8401 2325
8401 36236
8401 11454
8401 44149
8401 22819
8401 49088
8401 25908
8401 948
8401 15766
8401 23247
8401 42885
8401 40366
8401 10466
8401 47419
8401 38124
8401 15059
8401 17719
8401 31797
8401 35802
8401 48000
8401 20514
8401 30192
8401 46904
8401 26649
8401 32587
8401 5803
8401 30864
8401 43267
8401 9805
8401 49362
8401 15805
8401 43218
8401 28150
8401 40228
8401 21705
8401 35324
8401 2013
8401 35304
8401 47760
8401 8165
8401 26918
8401 14132
8401 33887
8401 25340
8401 41077
8401 39607
8401 46879
8401 43661
8401 40052
8401 25762
8401 24701
8401 29433
8401 18622
8401 10357
8401 2710
8401 29654
8401 41994
8401 19122
8401 10835
8401 48206
8401 30461
8401 34762
8401 9418
8401 2817
8401 33893
8401 10578
8401 27025
8401 3523
8401 42540
8401 15748
8401 33613
8401 26758
8401 33922
8401 31748
8401 49278
8401 6362
8401 32380
8401 21586
8401 1699
8401 38773
8401 9997
8401 29017
8401 317
8401 41992
8401 46133
8401 1485
8401 849
8401 33718
8401 42271
8401 34060
8401 1949
8401 25499
8401 32098
8401 15945
8401 8457
8401 6554
8401 34575
8401 15532
8401 29647
8401 35986
8401 45100
8401 46408
8401 11590
8401 31424
8401 23577
8401 2043
8401 33937
8401 36267
8401 45352
8401 11982
8401 33626
8401 8734
8401 8299
8401 7859
8401 19811
8401 8521
8401 47425
8401 2770
8401 27592
8401 26280
8401 2239
8401 39080
8401 40463
8401 16113
8401 31332
8401 44209
8401 20027
8401 15937
8401 19773
8401 13233
8401 12566
8401 16478
8401 14235
8401 33356
8401 4260
8401 23790
8401 3194
8401 37698
8401 46587
8401 49901
8401 30504
8401 39882
8401 20116
8401 33349
8401 410
8401 14430
8401 28600
8401 3040
8401 10701
8401 46502
8401 32062
8401 16464
8401 16476
8401 39164
8401 44723
8401 11256
8401 10855
8401 5983
8401 49244
8401 2627
8401 15700
8401 35277
8401 37453
8401 42739
8401 3166
8401 22140
8401 2983
8401 15245
8401 2839
8401 48416
8401 14423
8401 8154
8401 46139
8401 20098
8401 44407
8401 29158
8401 4328
8401 43963
8401 4909
8401 9694
8401 45288
8401 14168
8401 29521
8401 30840
8401 21147
8401 36165
8401 13875
8401 3907
8401 2642
8401 4805
8401 13039
8401 32282
8401 49530
8401 45520
8401 26548
8401 27982
8401 4209
8401 23737
8401 6786
8401 28432
8401 35789
8401 46009
8401 21879
8401 5967
8401 3258
8401 27112
8401 28286
8401 25281
8401 36026
8401 27484
8401 41165
8401 8302
8401 30902
8401 46880
8401 44310
8401 45917
8401 3876
8401 17483
8401 22306
8401 45031
8401 3620
8401 22830
8401 6047
8401 27357
8401 14048
8401 3026
8401 28215
8401 26714
8401 18266
8401 26960
8401 8730
8401 30446
8401 35350
8401 39966
8401 16853
8401 25141
8401 23942
8401 28090
8401 44347
8401 11901
8401 35749
8401 45048
8401 28989
8401 34889
8401 40578
8401 30012
8401 42501
8401 36887
8401 24009
8401 7535
8401 30680
8401 17109
8401 31470
8401 21415
8401 17575
8401 27668
8401 24813
8401 19346
8401 7238
8401 13828
8401 27994
8401 45884
8401 6951
8401 45399
8401 18918
8401 18410
8401 42704
8401 27437
8401 42238
8401 30561
8401 32702
8401 24217
8401 9297
8401 21503
8401 33393
8401 41316
8401 1396
8401 44008
8401 34761
8401 38105
8401 49160
8401 32339
8401 30638
8401 43275
8401 43090
8401 7619
8401 34364
8401 33187
8401 3426
8401 2507
8401 26348
8401 38386
8401 13098
8401 37476
8401 5107
8401 46573
8401 31980
8401 9125
8401 6904
8401 11135
8401 17953
8401 12930
8401 31204
8401 39499
8401 48736
8401 23249
8401 6780
8401 11262
8401 42511
8401 32604
8401 17895
8401 3563
8401 48111
8401 23565
8401 12405
8401 39577
8401 36413
8401 17245
8401 22389
8401 17678
8401 24210
8401 48263
8401 29785
8401 7148
8401 33306
8401 2059
8401 36966
8401 44438
8401 4868
8401 12555
8401 40417
8401 27869
8401 25591
8401 8074
8401 45692
8401 46836
8401 15626
8401 29995
8401 19550
8401 12274
8401 19399
8401 4398
8401 46609
8401 35921
8401 22761
8401 32233
8401 15013
8401 44875
8401 44658
8401 17187
8401 35117
8401 2805
8401 9595
8401 8783
8401 13720
8401 47915
8401 46422
8401 34719
8401 13709
8401 40509
8401 8576
8401 33105
8401 18161
8401 9729
8401 16981
8401 31582
8401 13135
8401 927
8401 44217
8401 38983
8401 25148
8401 43791
8401 5514
8401 48874
8401 29540
8401 11295
8401 49819
8401 10734
8401 7351
8401 38887
8401 21303
8401 21229
8401 9523
8401 31489
8401 26542
8401 24848
8401 10966
8401 24156
8401 9382
8401 38658
8401 17208
8401 49854
8401 41527
8401 48866
8401 28088
8401 24011
8401 9813
8401 20669
8401 40388
8401 6742
8401 12885
8401 33259
8401 3692
8401 34432
8401 33845
8401 46263
8401 46316
8401 34735
8401 24750
8401 47907
8401 44820
8401 12421
8401 39879
8401 13511
8401 47529
8401 20904
8401 28326
8401 31234
8401 48162
8401 34940
8401 40082
8401 38788
8401 21948
8401 17947
8401 33211
8401 33117
8401 34805
8401 4667
8401 44395
8401 20004
8401 17893
8401 30812
8401 39105
8401 44195
8401 25982
8401 4644
8401 34210
8401 2920
8401 12533
8401 1894
8401 7925
8401 9445
8401 47323
8401 8435
8401 6794
8401 29430
8401 18259
8401 35827
8401 12420
8401 29289
8401 38886
8401 44598
8401 18545
8401 867
8401 11401
8401 43116
8401 133
8401 49393
8401 23650
8401 30482
8401 20044
8401 12164
8401 34265
8401 33123
8401 39461
8401 5104
8401 19766
8401 13177
8401 19521
8401 45042
8401 26473
8401 28288
8401 17204
8401 13464
8401 3343
8401 16544
8401 31280
8401 3270
8401 27765
8401 34656
8401 38407
8401 1229
8401 6228
8401 17086
8401 20791
8401 26231
8401 25668
8401 43174
8401 33473
8401 37974
8401 18949
8401 17653
8401 4417
8401 16903
8401 19469
8401 31386
8401 10138
8401 39799
8401 3703
8401 15150
8401 1021
8401 42459
8401 3726
8401 26747
8401 28829
8401 40757
8401 22963
8401 35859
8401 6454
8401 26511
8401 9454
8401 47591
8401 4748
8401 27427
8401 12086
8401 41608
8401 23144
8401 496
8401 11177
8401 19964
8401 33477
8401 21547
8401 4600
8401 36365
8401 42554
8401 14169
8401 42999
8401 16542
8401 16573
8401 15211
8401 17530
8401 49806
8401 13245
8401 24345
8401 26134
8401 29807
8401 16489
8401 11409
8401 36312
8401 22991
8401 3005
8401 69
8401 7039
8401 27782
8401 7475
8401 29667
8401 1022
8401 43048
8401 18429
8401 8970
8401 41531
8401 18853
8401 31307
8401 48103
8401 33112
8401 23218
8401 4559
8401 35580
8401 46519
8401 25421
8401 12787
8401 5594
8401 38668
8401 48019
8401 21540
8401 3842
8401 5380
8401 5043
8401 34983
8401 35751
8401 16430
8401 17135
8401 16901
8401 3556
8401 37819
8401 40346
8401 15858
8401 18073
8401 27988
8401 39808
8401 3260
8401 14252
8401 44051
8401 33611
8401 19665
8401 37403
8401 12234
8401 13323
8401 18473
8401 48352
8401 10426
8401 39836
8401 29503
8401 46180
8401 30712
8401 40297
8401 248
8401 13115
8401 48976
8401 34828
8401 19294
8401 2863
8401 4111
8401 32340
8401 34410
8401 45482
8401 46205
8401 26658
8401 31360
8401 32361
8401 49979
8401 13735
8401 35220
8401 21843
8401 4132
8401 8432
8401 23907
8401 44569
8401 15450
8401 44416
8401 49642
8401 38717
8401 9854
8401 3303
8401 44781
8401 49693
8401 113
8401 15782
8401 32417
8401 10768
8401 47881
8401 11263
8401 12966
8401 35974
8401 29945
8401 46063
8401 44925
8401 15061
8401 8364
8401 3482
8401 6526
8401 37810
8401 2910
8401 38259
8401 40963
8401 42644
8401 20183
8401 114
8401 7744
8401 43037
8401 24060
8401 42795
8401 20541
8401 16915
8401 214
8401 31632
8401 39529
8401 44787
8401 42185
8401 42520
8401 9605
8401 26050
8401 15634
8401 29240
8401 19402
8401 33162
8401 1950
8401 32426
8401 29372
8401 10271
8401 31454
8401 34281
8401 28747
8401 40957
8401 34345
8401 21623
8401 10200
8401 37323
8401 45573
8401 38337
8401 41808
8401 21456
8401 37276
8401 27450
8401 34522
8401 10055
8401 16535
8401 23358
8401 27678
8401 14007
8401 19999
8401 34713
8401 1113
8401 13805
8401 15796
8401 19329
8401 34899
8401 46724
8401 552
8401 23992
8401 41893
8401 31072
8401 14016
8401 38935
8401 4422
8401 4458
8401 47436
8401 1459
8401 45043
8401 34726
8401 20056
8401 12520
8401 47277
8401 45375
8401 19121
8401 18713
8401 46372
8401 20343
8401 9992
8401 41225
8401 30041
8401 24226
8401 44525
8401 18926
8401 26710
8401 29104
8401 17618
8401 41936
8401 40846
8401 9055
8401 8651
8401 9924
8401 4397
8401 14555
8401 30411
8401 48160
8401 31081
8401 30268
8401 49918
8401 23422
8401 24326
8401 2719
8401 47362
8401 17346
8401 42295
8401 8649
8401 17339
8401 8469
8401 43681
8401 28672
8401 25306
8401 14699
8401 19277
8401 240
8401 14915
8401 46445
8401 11348
8401 15181
8401 36042
8401 34035
8401 36167
8401 49364
8401 36675
8401 41771
8401 37211
8401 32175
8401 19532
8401 9349
8401 26933
8401 2820
8401 10370
8401 48153
8401 37943
8401 15860
8401 41
8401 26458
8401 11257
8401 37078
8401 38035
8401 34504
8401 698
8401 9762
8401 14960
8401 21438
8401 28670
8401 41148
8401 25577
8401 21214
8401 20611
8401 4299
8401 21142
8401 25287
8401 15131
8401 47830
8401 14724
8401 47461
8401 16894
8401 24720
8401 17903
8401 46933
8401 44961
8401 38532
8401 32007
8401 3079
8401 4780
8401 12941
8401 4294
8401 38174
8401 19118
8401 12161
8401 24177
8401 3175
8401 11697
8401 48721
8401 34067
8401 12795
8401 24878
8401 32714
8401 37354
8401 4029
8401 37097
8401 48784
8401 6300
8401 9908
8401 10785
8401 923
8401 5957
8401 15474
8401 39737
8401 49418
8401 35458
8401 11207
8401 47900
8401 10143
8401 41949
8401 2391
8401 11692
8401 34362
8401 42564
8401 20011
8401 38539
8401 46129
8401 8724
8401 4947
8401 30639
8401 26274
8401 18324
8401 35998
8401 43943
8401 26201
8401 1826
8401 38906
8401 5923
8401 8360
8401 35631
8401 21487
8401 17991
8401 31617
8401 33227
8401 8849
8401 42172
8401 23396
8401 37319
8401 15603
8401 27712
8401 47753
8401 37662
8401 6907
8401 48044
8401 9419
8401 41208
8401 39126
8401 34770
8401 8630
8401 34406
8401 23408
8401 36913
8401 12141
8401 43088
8401 42427
8401 46872
8401 29422
8401 41905
8401 18730
8401 12268
8401 39803
8401 1893
8401 36669
8401 21599
8401 45494
8401 19366
8401 14839
8401 33288
8401 10645
8401 46229
8401 16646
8401 48961
8401 46825
8401 12601
8401 21257
8401 1359
8401 28234
8401 5003
8401 32086
8401 30066
8401 201
8401 5963
8401 33076
8401 41352
8401 34620
8401 43508
8401 11344
8401 38231
8401 39515
8401 9196
8401 14232
8401 22362
8401 34347
8401 28945
8401 41672
8401 21519
8401 5900
8401 20916
8401 890
8401 31941
8401 10482
8401 25787
8401 48220
8401 39449
8401 31842
8401 6096
8401 39246
8401 448
8401 46295
8401 28460
8401 25035
8401 36668
8401 9796
8401 9050
8401 20561
8401 48363
8401 1465
8401 41378
8401 24372
8401 43911
8401 13900
8401 18039
8401 49167
8401 17778
8401 49008
8401 46353
8401 15272
8401 26086
8401 4786
8401 1678
8401 48783
8401 8914
8401 34301
8401 23508
8401 34975
8401 39443
8401 3812
8401 10154
8401 31844
8401 93
8401 10724
8401 45970
8401 20218
8401 26447
8401 13651
8401 24395
8401 14527
8401 30657
8401 7216
8401 26765
8401 27218
8401 43806
8401 48910
8401 48501
8401 23549
8401 42575
8401 8536
8401 25640
8401 18225
8401 21440
8401 19313
8401 2873
8401 14902
8401 45359
8401 45383
8401 30729
8401 41722
8401 7620
8401 22334
8401 23657
8401 22480
8401 14375
8401 156
8401 49830
8401 1909
8401 5052
8401 37226
8401 22208
8401 11208
8401 36277
8401 32543
8401 30354
8401 12600
8401 33656
8401 10827
8401 20065
8401 32156
8401 36027
8401 11215
8401 44018
8401 15240
8401 40912
8401 23134
8401 8409
8401 46196
8401 8082
8401 2771
8401 4928
8401 17726
8401 37594
8401 3648
8401 43234
8401 3747
8401 16114
8401 49212
8401 27967
8401 29697
8401 39297
8401 6842
8401 10579
8401 15953
8401 29681
8401 3075
8401 6855
8401 45897
8401 42178
8401 5757
8401 32065
8401 21161
8401 16557
8401 38921
8401 46304
8401 44499
8401 5306
8401 38585
8401 47195
8401 14063
8401 43839
8401 28476
8401 2276
8401 13833
8401 44537
8401 47319
8401 4990
8401 28368
8401 12398
8401 40465
8401 12360
8401 42376
8401 12526
8401 40250
8401 46853
8401 13344
8401 32283
8401 38198
8401 35577
8401 48555
8401 29120
8401 47414
8401 47578
8401 21716
8401 8515
8401 13440
8401 45117
8401 22707
8401 14756
8401 16620
8401 28219
8401 49575
8401 45024
8401 13611
8401 14931
8401 22163
8401 29927
8401 15484
8401 29263
8401 5403
8401 31336
8401 6872
8401 26638
8401 25431
8401 49294
8401 34071
8401 43052
8401 25492
8401 37757
8401 29170
8401 40614
8401 28844
8401 45969
8401 48394
8401 45562
8401 12139
8401 45040
8401 9487
8401 35646
8401 31764
8401 28018
8401 44559
8401 49300
8401 49984
8401 32981
8401 41288
8401 4550
8401 40485
8401 35335
8401 39691
8401 42510
8401 48457
8401 9501
8401 27144
8401 13962
8401 43291
8401 15999
8401 38197
8401 49800
8401 20809
8401 13376
8401 5651
8401 34407
8401 17915
8401 28345
8401 24631
8401 4832
8401 41768
8401 40394
8401 16153
8401 18426
8401 45590
8401 36552
8401 27244
8401 9866
8401 39405
8401 47979
8401 36144
8401 37452
8401 43248
8401 16578
8401 46809
8401 4741
8401 10657
8401 48213
8401 30028
8401 164
8401 26156
8401 6186
8401 29328
8401 20802
8401 29335
8401 44464
8401 26654
8401 25702
8401 38514
8401 26434
8401 48346
8401 16782
8401 40907
8401 6199
8401 18799
8401 38742
8401 33199
8401 20356
8401 46024
8401 866
8401 9391
8401 47115
8401 16937
8401 46161
8401 3001
8401 41147
8401 49607
8401 498
8401 34821
8401 25108
8401 10396
8401 37080
8401 28313
8401 37128
8401 12229
8401 40591
8401 4890
8401 19216
8401 14329
8401 26794
8401 3139
8401 6651
8401 28193
8401 11864
8401 7602
8401 12177
8401 11435
8401 6013
8401 7910
8401 5335
8401 13807
8401 11025
8401 42974
8401 1539
8401 78
8401 26748
8401 20766
8401 45297
8401 16124
8401 2854
8401 30501
8401 25438
8401 11818
8401 36084
8401 16260
8401 5452
8401 459
8401 13166
8401 39466
8401 18933
8401 21758
8401 31294
8401 15660
8401 39929
8401 18291
8401 13229
8401 679
8401 23275
8401 27722
8401 25048
8401 24303
8401 37061
8401 39066
8401 36939
8401 27968
8401 17913
8401 12686
8401 5603
8401 49347
8401 37292
8401 48979
8401 21818
8401 15451
8401 38951
8401 37300
8401 43363
8401 42622
8401 11942
8401 20588
8401 29648
8401 45436
8401 42765
8401 33679
8401 7999
8401 36421
8401 13497
8401 32375
8401 45626
8401 20143
8401 6271
8401 28810
8401 15101
8401 15757
8401 46131
8401 14710
8401 9831
8401 1436
8401 29565
8401 30579
8401 27645
8401 21869
8401 6355
8401 21885
8401 14820
8401 7334
8401 28009
8401 13808
8401 30454
8401 4579
8401 22709
8401 43810
8401 49246
8401 19568
8401 8215
8401 45260
8401 648
8401 21112
8401 46527
8401 37605
8401 33946
8401 7903
8401 49650
8401 46826
8401 34292
8401 24171
8401 6041
8401 25044
8401 22372
8401 23457
8401 36218
8401 8201
8401 19451
8401 12961
8401 45519
8401 13265
8401 17657
8401 33798
8401 13779
8401 39225
8401 21800
8401 11766
8401 48617
8401 40333
8401 34607
8401 1835
8401 38541
8401 735
8401 33085
8401 25565
8401 226
8401 32512
8401 2926
8401 41988
8401 11105
8401 17193
8401 36733
8401 44176
8401 11065
8401 49970
8401 8853
8401 7924
8401 31772
8401 40969
8401 16333
8401 19903
8401 1953
8401 17195
8401 39740
8401 3983
8401 27510
8401 35188
8401 44203
8401 2137
8401 19619
8401 24802
8401 24063
8401 5297
8401 5896
8401 43523
8401 36523
8401 6578
8401 44364
8401 37957
8401 1574
8401 2460
8401 13071
8401 22626
8401 21836
8401 40698
8401 13322
8401 28509
8401 49946
8401 18747
8401 42535
8401 31315
8401 25707
8401 23453
8401 9680
8401 46856
8401 32409
8401 3957
8401 13905
8401 14577
8401 15589
8401 26351
8401 32341
8401 39287
8401 5986
8401 3784
8401 7060
8401 8337
8401 33080
8401 32135
8401 17777
8401 42544
8401 41634
8401 42857
8401 27956
8401 20505
8401 33576
8401 3656
8401 46640
8401 38807
8401 44715
8401 46249
8401 38339
8401 37785
8401 4343
8401 12065
8401 43708
8401 20224
8401 25136
8401 2166
8401 42637
8401 1582
8401 14050
8401 1979
8401 28328
8401 29792
8401 3932
8401 49945
8401 34778
8401 10462
8401 2084
8401 33405
8401 41602
8401 16748
8401 11080
8401 10486
8401 11008
8401 28611
8401 2695
8401 2036
8401 3159
8401 35878
8401 47526
8401 19601
8401 1462
8401 35690
8401 45221
8401 48887
8401 32647
8401 48789
8401 22224
8401 2110
8401 21756
8401 5911
8401 26004
8401 5097
8401 24603
8401 39671
8401 49937
8401 36034
8401 12301
8401 47007
8401 18834
8401 21413
8401 37056
8401 17368
8401 9833
8401 3805
8401 7874
8401 49172
8401 49903
8401 40240
8401 47661
8401 38769
8401 35207
8401 10695
8401 5240
8401 39022
8401 40636
8401 30686
8401 27874
8401 12329
8401 29872
8401 13084
8401 49998
8401 22352
8401 18252
8401 21681
8401 29549
8401 43887
8401 6822
8401 47936
8401 39944
8401 20034
8401 31625
8401 30721
8401 33279
8401 5206
8401 24900
8401 11825
8401 32212
8401 49344
8401 46595
8401 37360
8401 12548
8401 3259
8401 47004
8401 37820
8401 3610
8401 32552
8401 8052
8401 11582
8401 26945
8401 16203
8401 31299
8401 40477
8401 29661
8401 2008
8401 1650
8401 18743
8401 490
8401 49467
8401 33051
8401 39423
8401 22900
8401 12632
8401 38013
8401 16179
8401 16939
8401 18090
8401 10365
8401 14180
8401 3658
8401 25758
8401 20020
8401 32991
8401 9937
8401 38350
8401 35296
8401 12306
8401 21403
8401 31829
8401 3887
8401 21294
8401 46891
8401 32652
8401 36888
8401 34813
8401 48158
8401 2259
8401 40203
8401 33394
8401 5149
8401 38683
8401 33949
8401 5137
8401 45942
8401 4668
8401 14162
8401 8929
8401 16431
8401 30531
8401 16763
8401 39714
8401 1472
8401 37902
8401 20377
8401 40914
8401 2938
8401 48131
8401 43646
8401 6976
8401 30031
8401 19588
8401 19473
8401 46889
8401 4591
8401 12061
8401 17165
8401 31565
8401 17990
8401 14750
8401 12950
8401 49748
8401 29378
8401 6826
8401 15404
8401 22525
8401 38239
8401 15375
8401 40174
8401 31585
8401 21922
8401 16816
8401 4967
8401 32372
8401 29010
8401 16348
8401 48657
8401 30286
8401 4012
8401 32371
8401 5153
8401 12476
8401 25618
8401 44278
8401 10009
8401 2499
8401 46835
8401 17540
8401 31090
8401 14088
8401 47654
8401 43705
8401 37712
8401 2486
8401 49029
8401 32943
8401 20365
8401 23989
8401 44210
8401 7317
8401 10642
8401 4493
8401 4279
8401 27507
8401 43578
8401 1006
8401 367
8401 44713
8401 18950
8401 34429
8401 8819
8401 22822
8401 30397
8401 12427
8401 10163
8401 5974
8401 9560
8401 45129
8401 37552
8401 11912
8401 16612
8401 35714
8401 49179
8401 28277
8401 4424
8401 47387
8401 40616
8401 19247
8401 21893
8401 46157
8401 198
8401 20728
8401 15734
8401 43382
8401 42387
8401 26854
8401 18190
8401 47608
8401 27479
8401 31711
8401 22147
8401 30048
8401 10332
8401 31820
8401 33104
8401 13459
8401 32733
8401 14651
8401 9316
8401 28424
8401 46486
8401 32690
8401 38991
8401 2374
8401 1442
8401 744
8401 10147
8401 3432
8401 16966
8401 9179
8401 35756
8401 21759
8401 20093
8401 44052
8401 23132
8401 46752
8401 32829
8401 34371
8401 39482
8401 32825
8401 38816
8401 2562
8401 34045
8401 42871
8401 31049
8401 13366
8401 26325
8401 25927
8401 14737
8401 18558
8401 12184
8401 2597
8401 8421
8401 3288
8401 8804
8401 42106
8401 39144
8401 36666
8401 40457
8401 43695
8401 44095
8401 4222
8401 19063
8401 38044
8401 47070
8401 26868
8401 35243
8401 32450
8401 14623
8401 13469
8401 13410
8401 5180
8401 16995
8401 13381
8401 8279
8401 6302
8401 37396
8401 28887
8401 40316
8401 9690
8401 8835
8401 22738
8401 27247
8401 42311
8401 37393
8401 28104
8401 35604
8401 23763
8401 42478
8401 30982
8401 22904
8401 30690
8401 15409
8401 21701
8401 29005
8401 6086
8401 4934
8401 21542
8401 39205
8401 1486
8401 4729
8401 39552
8401 29043
8401 13580
8401 16848
8401 41097
8401 35486
8401 42821
8401 48307
8401 669
8401 33708
8401 47581
8401 36763
8401 12748
8401 38226
8401 42618
8401 874
8401 34483
8401 25520
8401 18002
8401 170
8401 29347
8401 13420
8401 43745
8401 44700
8401 26912
8401 26795
8401 16714
8401 27679
8401 3923
8401 17367
8401 13216
8401 14025
8401 11334
8401 12169
8401 46650
8401 40602
8401 40548
8401 1798
8401 14858
8401 12790
8401 824
8401 49434
8401 19757
8401 29778
8401 7742
8401 32735
8401 36303
8401 23326
8401 39631
8401 4342
8401 29595
8401 8824
8401 23676
8401 3811
8401 12280
8401 23216
8401 9007
8401 8794
8401 5207
8401 26206
8401 29188
8401 36357
8401 5712
8401 46107
8401 26290
8401 13839
8401 29169
8401 8075
8401 46235
8401 21808
8401 35404
8401 34061
8401 14120
8401 41156
8401 33786
8401 6367
8401 36564
8401 18929
8401 46785
8401 17055
8401 42484
8401 49786
8401 23624
8401 31939
8401 7418
8401 7430
8401 9591
8401 49495
8401 10614
8401 8708
8401 13009
8401 16275
8401 11158
8401 35462
8401 43680
8401 4585
8401 9219
8401 2556
8401 46558
8401 39141
8401 16708
8401 8761
8401 5976
8401 8540
8401 8642
8401 13889
8401 38162
8401 34628
8401 19720
8401 4265
8401 19093
8401 39068
8401 29436
8401 20805
8401 36051
8401 2352
8401 15620
8401 38516
8401 17444
8401 32710
8401 13295
8401 24707
8401 9873
8401 35719
8401 44679
8401 26890
8401 38193
8401 26291
8401 26176
8401 16458
8401 124
8401 47369
8401 1589
8401 45080
8401 17336
8401 39032
8401 13682
8401 8732
8401 18301
8401 5342
8401 32983
8401 27833
8401 19744
8401 14396
8401 45690
8401 9706
8401 49101
8401 12515
8401 44936
8401 27287
8401 11615
8401 43458
8401 13391
8401 46297
8401 3056
8401 16257
8401 13849
8401 25997
8401 2517
8401 24687
8401 5158
8401 41304
8401 28895
8401 49181
8401 24694
8401 1982
8401 38331
8401 16154
8401 42431
8401 31037
8401 40760
8401 48152
8401 2885
8401 29428
8401 22481
8401 9674
8401 6048
8401 40296
8401 11470
8401 6520
8401 3208
8401 3833
8401 24809
8401 1970
8401 9217
8401 15989
8401 9025
8401 8121
8401 41402
8401 19379
8401 8758
8401 18911
8401 6409
8401 8454
8401 33776
8401 36094
8401 5262
8401 37994
8401 10221
8401 6655
8401 14112
8401 20649
8401 37789
8401 31837
8401 1369
8401 41582
8401 46045
8401 3696
8401 46201
8401 25039
8401 12954
8401 40941
8401 31029
8401 7508
8401 48249
8401 2847
8401 20326
8401 17950
8401 45305
8401 17328
8401 15909
8401 3048
8401 16074
8401 45420
8401 23427
8401 23114
8401 7633
8401 43067
8401 45532
8401 41568
8401 3455
8401 23932
8401 37838
8401 37521
8401 41429
8401 46683
8401 1029
8401 27081
8401 41717
8401 39338
8401 9789
8401 12982
8401 42328
8401 4710
8401 33534
8401 18602
8401 3604
8401 34658
8401 1391
8401 21634
8401 1757
8401 36338
8401 31681
8401 32392
8401 34496
8401 9828
8401 12032
8401 12390
8401 9109
8401 27396
8401 48156
8401 25214
8401 34579
8401 43257
8401 37353
8401 47196
8401 4113
8401 40607
8401 49142
8401 6253
8401 30428
8401 31442
8401 13964
8401 34655
8401 36872
8401 49498
8401 24035
8401 12647
8401 38993
8401 17700
8401 48064
8401 41335
8401 21200
8401 18544
8401 8874
8401 29183
8401 8127
8401 36679
8401 20341
8401 36220
8401 47638
8401 16454
8401 27148
8401 929
8401 26583
8401 5069
8401 21768
8401 6361
8401 46964
8401 37086
8401 29892
8401 20159
8401 49356
8401 45672
8401 12085
8401 34212
8401 6799
8401 16148
8401 12708
8401 38962
8401 10191
8401 44839
8401 40172
8401 34945
8401 16178
8401 3593
8401 8450
8401 4497
8401 37059
8401 16601
8401 21104
8401 21578
8401 42668
8401 13777
8401 27545
8401 9617
8401 31677
8401 16372
8401 15132
8401 46803
8401 48108
8401 32857
8401 5005
8401 8923
8401 12993
8401 10219
8401 30493
8401 26762
8401 25118
8401 13369
8401 24367
8401 36252
8401 38057
8401 46363
8401 3924
8401 5972
8401 44523
8401 42698
8401 34691
8401 12550
8401 7800
8401 15665
8401 12757
8401 39997
8401 22000
8401 13625
8401 17423
8401 31396
8401 13576
8401 23336
8401 47126
8401 26798
8401 17428
8401 21387
8401 21541
8401 4507
8401 22286
8401 7541
8401 41520
8401 49598
8401 4564
8401 40475
8401 46283
8401 24282
8401 11460
8401 24114
8401 10067
8401 30153
8401 37248
8401 12828
8401 1286
8401 8339
8401 38317
8401 13635
8401 27372
8401 14957
8401 3210
8401 7246
8401 13785
8401 38899
8401 12159
8401 9912
8401 36870
8401 5740
8401 28244
8401 37610
8401 32560
8401 23608
8401 3901
8401 12076
8401 36513
8401 10811
8401 11134
8401 43499
8401 4751
8401 4249
8401 44746
8401 48069
8401 6707
8401 16963
8401 1133
8401 11138
8401 12564
8401 15422
8401 49062
8401 5382
8401 21860
8401 38602
8401 18284
8401 28267
8401 32970
8401 2415
8401 24886
8401 38797
8401 24590
8401 15701
8401 19255
8401 20765
8401 17213
8401 27310
8401 366
8401 39010
8401 14
8401 7164
8401 6953
8401 2509
8401 21719
8401 48013
8401 11646
8401 38594
8401 43325
8401 5379
8401 36877
8401 45901
8401 12047
8401 20810
8401 31767
8401 18164
8401 44879
8401 16435
8401 32466
8401 7457
8401 34314
8401 9556
8401 10385
8401 38175
8401 14369
8401 5243
8401 270
8401 26554
8401 39122
8401 35358
8401 20078
8401 30223
8401 33634
8401 15095
8401 31545
8401 35670
8401 8815
8401 2253
8401 5522
8401 3569
8401 38336
8401 41436
8401 19812
8401 7963
8401 15361
8401 36281
8401 47647
8401 30067
8401 16250
8401 6766
8401 24743
8401 40980
8401 49025
8401 25041
8401 32055
8401 37450
8401 21231
8401 9860
8401 6513
8401 38330
8401 13592
8401 14166
8401 38012
8401 29586
8401 41210
8401 29608
8401 10690
8401 25024
8401 3388
8401 31417
8401 24017
8401 14537
8401 30973
8401 34294
8401 33156
8401 37002
8401 42651
8401 18188
8401 44553
8401 22203
8401 3478
8401 10350
8401 9245
8401 39152
8401 908
8401 34868
8401 27991
8401 18389
8401 48582
8401 14215
8401 11023
8401 19213
8401 3810
8401 21765
8401 8072
8401 47741
8401 38135
8401 37914
8401 29448
8401 16900
8401 12905
8401 26966
8401 38083
8401 24920
8401 28824
8401 34306
8401 13484
8401 12570
8401 46244
8401 42851
8401 41897
8401 24167
8401 985
8401 41760
8401 14598
8401 28395
8401 22095
8401 34006
8401 12412
8401 28688
8401 46841
8401 5145
8401 18739
8401 11651
8401 38024
8401 38380
8401 36696
8401 27878
8401 45207
8401 47305
8401 35627
8401 32959
8401 6332
8401 9122
8401 25021
8401 9470
8401 49104
8401 28821
8401 36232
8401 35669
8401 9544
8401 47972
8401 17181
8401 48089
8401 22369
8401 24650
8401 11654
8401 5747
8401 42065
8401 28465
8401 14263
8401 18820
8401 48690
8401 14539
8401 3224
8401 23835
8401 23881
8401 25491
8401 4435
8401 13313
8401 41494
8401 41944
8401 29324
8401 14089
8401 23164
8401 33155
8401 42128
8401 18124
8401 46522
8401 46761
8401 25327
8401 15113
8401 45238
8401 44819
8401 31524
8401 30883
8401 34517
8401 31950
8401 47738
8401 25827
8401 34669
8401 18272
8401 30316
8401 29071
8401 17362
8401 1219
8401 17634
8401 25606
8401 49892
8401 3217
8401 1373
8401 17028
8401 45411
8401 44880
8401 28624
8401 41181
8401 37163
8401 34695
8401 40493
8401 34542
8401 24545
8401 12026
8401 3352
8401 3269
8401 2098
8401 12197
8401 13290
8401 24096
8401 3795
8401 7581
8401 31601
8401 13466
8401 19677
8401 21835
8401 27961
8401 654
8401 28449
8401 41670
8401 11979
8401 32045
8401 43788
8401 14638
8401 35198
8401 37965
8401 26896
8401 27481
8401 47499
8401 31235
8401 20756
8401 35323
8401 41834
8401 36299
8401 29420
8401 27754
8401 23934
8401 47161
8401 12016
8401 37273
8401 44355
8401 38377
8401 25744
8401 42852
8401 37081
8401 47974
8401 30661
8401 14934
8401 38329
8401 43193
8401 22390
8401 36227
8401 39744
8401 5856
8401 20634
8401 19175
8401 36308
8401 3393
8401 16438
8401 45452
8401 23889
8401 20652
8401 42276
8401 37362
8401 35025
8401 39459
8401 47397
8401 29262
8401 48529
8401 193
8401 47883
8401 30342
8401 12783
8401 23575
8401 47677
8401 23714
8401 9401
8401 15052
8401 15497
8401 48522
8401 3993
8401 48295
8401 10366
8401 49143
8401 28662
8401 5267
8401 7105
8401 33369
8401 39745
8401 20965
8401 18672
8401 9618
8401 12701
8401 18176
8401 9402
8401 20879
8401 13147
8401 16704
8401 28443
8401 25731
8401 14487
8401 46772
8401 41312
8401 15198
8401 23731
8401 2162
8401 36648
8401 42557
8401 14354
8401 3032
8401 19756
8401 23649
8401 16279
8401 25291
8401 4443
8401 17095
8401 22468
8401 33664
8401 22186
8401 5991
8401 26184
8401 39706
8401 5343
8401 42444
8401 44927
8401 3299
8401 49734
8401 29659
8401 19182
8401 2402
8401 47423
8401 16812
8401 37982
8401 42681
8401 45226
8401 34583
8401 28591
8401 12762
8401 18186
8401 43100
8401 24099
8401 33920
8401 47941
8401 6072
8401 1445
8401 1480
8401 10087
8401 1464
8401 2158
8401 43514
8401 3002
8401 46806
8401 46153
8401 49078
8401 29027
8401 27774
8401 21607
8401 40981
8401 47768
8401 32540
8401 3198
8401 35378
8401 16581
8401 31146
8401 5406
8401 8158
8401 25078
8401 44666
8401 23162
8401 23720
8401 30959
8401 40238
8401 22441
8401 10945
8401 14726
8401 17489
8401 42758
8401 41448
8401 25342
8401 46058
8401 35180
8401 1433
8401 37233
8401 30476
8401 16362
8401 19723
8401 31575
8401 47192
8401 14368
8401 20698
8401 15948
8401 38030
8401 47611
8401 15598
8401 10410
8401 43084
8401 38963
8401 47595
8401 32136
8401 14322
8401 32401
8401 29828
8401 22990
8401 7834
8401 24629
8401 46546
8401 43528
8401 28616
8401 6792
8401 19428
8401 49976
8401 32687
8401 10034
8401 27995
8401 43378
8401 27487
8401 8109
8401 43889
8401 36559
8401 18409
8401 36396
8401 48411
8401 39264
8401 42777
8401 1231
8401 22668
8401 34841
8401 461
8401 38662
8401 4140
8401 1606
8401 9725
8401 47180
8401 36377
8401 2053
8401 18740
8401 39438
8401 14736
8401 31325
8401 236
8401 24286
8401 45783
8401 16594
8401 569
8401 19645
8401 8115
8401 24409
8401 48377
8401 46152
8401 27715
8401 7394
8401 16835
8401 25012
8401 7371
8401 23967
8401 43231
8401 20324
8401 24563
8401 17153
8401 35872
8401 3919
8401 47756
8401 5429
8401 11894
8401 28214
8401 26541
8401 8974
8401 32104
8401 29307
8401 35966
8401 40267
8401 23920
8401 24781
8401 23642
8401 2401
8401 27163
8401 18851
8401 9276
8401 36151
8401 25585
8401 31814
8401 31912
8401 41167
8401 29011
8401 16502
8401 16715
8401 3825
8401 27930
8401 7091
8401 43233
8401 23469
8401 12400
8401 10869
8401 2738
8401 47703
8401 47105
8401 32431
8401 31083
8401 21464
8401 30987
8401 11611
8401 47573
8401 37296
8401 35254
8401 35299
8401 44337
8401 298
8401 38617
8401 23810
8401 37369
8401 16420
8401 24023
8401 2989
8401 41816
8401 41911
8401 13572
8401 15307
8401 2500
8401 25451
8401 22231
8401 12046
8401 11425
8401 3092
8401 33701
8401 9939
8401 33388
8401 428
8401 567
8401 42506
8401 34874
8401 13356
8401 34710
8401 16851
8401 5220
8401 285
8401 4734
8401 37043
8401 39718
8401 31258
8401 10779
8401 36179
8401 29356
8401 46240
8401 28011
8401 34445
8401 12017
8401 15349
8401 44916
8401 9826
8401 43941
8401 28481
8401 35941
8401 43548
8401 27080
8401 38478
8401 6280
8401 28737
8401 32524
8401 5597
8401 25119
8401 15921
8401 40695
8401 9084
8401 4335
8401 36725
8401 35887
8401 34567
8401 10504
8401 32832
8401 29090
8401 4071
8401 11843
8401 1217
8401 48174
8401 6413
8401 31709
8401 15824
8401 31693
8401 41039
8401 31506
8401 49954
8401 21527
8401 42113
8401 21635
8401 36793
8401 40402
8401 12697
8401 23437
8401 17882
8401 6182
8401 564
8401 36203
8401 21427
8401 22545
8401 26780
8401 37575
8401 40586
8401 30870
8401 32236
8401 15739
8401 17072
8401 43571
8401 21039
8401 12467
8401 20839
8401 31840
8401 13952
8401 8378
8401 47236
8401 18956
8401 38294
8401 48581
8401 46674
8401 17600
8401 32513
8401 30915
8401 8573
8401 35087
8401 29508
8401 15881
8401 7362
8401 16033
8401 31166
8401 12392
8401 513
8401 23516
8401 44015
8401 14349
8401 5431
8401 4522
8401 13213
8401 8362
8401 10576
8401 40446
8401 24468
8401 289
8401 13194
8401 41638
8401 17822
8401 48805
8401 36473
8401 30536
8401 34115
8401 14627
8401 16459
8401 12814
8401 36792
8401 2131
8401 18051
8401 12859
8401 11327
8401 49236
8401 25427
8401 2398
8401 3862
8401 45720
8401 11869
8401 34431
8401 20292
8401 34450
8401 43952
8401 48
8401 35565
8401 31
8401 10910
8401 20516
8401 21917
8401 38740
8401 30684
8401 26616
8401 48882
8401 38447
8401 3769
8401 24065
8401 20408
8401 33240
8401 8768
8401 24798
8401 6878
8401 18451
8401 28521
8401 21339
8401 10471
8401 2474
8401 16195
8401 48677
8401 33178
8401 167
8401 13637
8401 20565
8401 24799
8401 23732
8401 19222
8401 42370
8401 17794
8401 31326
8401 16183
8401 40419
8401 26221
8401 27811
8401 33363
8401 22230
8401 30238
8401 22689
8401 37563
8401 11378
8401 22866
8401 5944
8401 20893
8401 42395
8401 21646
8401 10861
8401 21777
8401 9705
8401 32600
8401 41884
8401 48708
8401 19421
8401 20119
8401 16760
8401 30323
8401 48799
8401 7700
8401 45830
8401 26519
8401 29619
8401 35539
8401 20316
8401 30898
8401 41583
8401 34384
8401 38000
8401 39281
8401 20227
8401 1862
8401 31341
8401 19241
8401 45679
8401 3459
8401 39533
8401 18060
8401 32820
8401 21928
8401 18159
8401 12403
8401 49953
8401 21037
8401 25806
8401 34167
8401 11240
8401 24727
8401 40324
8401 22392
8401 11542
8401 9099
8401 23346
8401 24658
8401 20241
8401 41113
8401 2447
8401 26821
8401 25461
8401 20007
8401 42503
8401 44087
8401 28037
8401 17082
8401 40632
8401 43870
8401 46285
8401 28348
8401 36732
8401 13389
8401 6995
8401 2433
8401 17546
8401 7251
8401 18367
8401 31145
8401 23598
8401 49214
8401 5951
8401 41150
8401 28344
8401 28175
8401 31176
8401 28536
8401 6402
8401 36569
8401 8322
8401 48592
8401 15933
8401 3201
8401 11068
8401 9671
8401 3338
8401 19191
8401 20862
8401 33055
8401 45932
8401 16146
8401 10629
8401 13018
8401 44379
8401 43495
8401 18036
8401 39954
8401 21886
8401 27937
8401 21172
8401 25379
8401 8937
8401 42524
8401 13645
8401 17171
8401 7787
8401 22625
8401 42210
8401 23173
8401 1329
8401 12049
8401 13483
8401 44479
8401 11957
8401 16979
8401 36168
8401 47853
8401 1925
8401 4109
8401 1955
8401 19455
8401 7337
8401 23693
8401 48062
8401 36817
8401 3808
8401 40449
8401 19673
8401 48178
8401 11669
8401 20896
8401 38308
8401 42827
8401 2282
8401 37601
8401 5458
8401 45404
8401 26672
8401 44759
8401 14334
8401 2357
8401 34174
8401 33898
8401 7668
8401 7170
8401 13327
8401 14889
8401 28116
8401 7312
8401 40278
8401 23798
8401 16525
8401 49460
8401 141
8401 4404
8401 32245
8401 42056
8401 24020
8401 38307
8401 32316
8401 18234
8401 10234
8401 608
8401 967
8401 4084
8401 47659
8401 11661
8401 229
8401 38691
8401 31940
8401 27397
8401 49876
8401 3688
8401 29228
8401 1914
8401 41173
8401 42504
8401 8687
8401 22393
8401 2467
8401 41284
8401 19037
8401 18637
8401 49631
8401 7370
8401 34856
8401 20642
8401 38839
8401 6068
8401 38918
8401 31219
8401 13527
8401 23888
8401 26741
8401 38579
8401 4237
8401 12568
8401 40167
8401 14191
8401 17970
8401 20600
8401 26742
8401 18261
8401 1820
8401 11566
8401 9185
8401 36074
8401 46176
8401 37921
8401 14221
8401 49408
8401 41117
8401 12563
8401 6222
8401 27057
8401 27697
8401 29582
8401 31978
8401 48871
8401 41761
8401 9600
8401 5660
8401 2777
8401 39271
8401 37653
8401 45483
8401 9315
8401 33174
8401 19606
8401 24109
8401 3790
8401 98
8401 22887
8401 29676
8401 27828
8401 20987
8401 38604
8401 15066
8401 20459
8401 11108
8401 43496
8401 40253
8401 8967
8401 13314
8401 25467
8401 10264
8401 28384
8401 27938
8401 22898
8401 17556
8401 582
8401 19961
8401 5363
8401 31390
8401 35341
8401 36119
8401 30727
8401 38737
8401 1477
8401 41247
8401 24842
8401 46850
8401 33741
8401 19365
8401 13237
8401 24630
8401 5327
8401 45322
8401 35166
8401 20509
8401 46720
8401 18548
8401 47409
8401 19901
8401 23517
8401 16152
8401 24974
8401 4115
8401 30090
8401 15710
8401 23197
8401 30900
8401 35432
8401 3797
8401 3021
8401 28635
8401 13384
8401 1822
8401 46032
8401 37586
8401 2574
8401 49076
8401 6671
8401 14023
8401 3489
8401 29737
8401 18515
8401 12962
8401 20325
8401 14461
8401 43566
8401 2453
8401 10644
8401 33726
8401 43501
8401 44330
8401 13996
8401 21405
8401 31256
8401 1713
8401 37237
8401 49579
8401 30822
8401 39815
8401 25179
8401 27561
8401 45194
8401 13091
8401 2245
8401 41979
8401 32387
8401 27996
8401 6003
8401 43254
8401 46060
8401 47051
8401 602
8401 43318
8401 2973
8401 42654
8401 10685
8401 1533
8401 41862
8401 27172
8401 39013
8401 48050
8401 18976
8401 26300
8401 25988
8401 44393
8401 19860
8401 6131
8401 21491
8401 12933
8401 19566
8401 15652
8401 21799
8401 5882
8401 8736
8401 27391
8401 43521
8401 22620
8401 7136
8401 39143
8401 29554
8401 10595
8401 49402
8401 46179
8401 47495
8401 40545
8401 23915
8401 14941
8401 45249
8401 15551
8401 42913
8401 34351
8401 13751
8401 34448
8401 7734
8401 20980
8401 16281
8401 43977
8401 2291
8401 24692
8401 49640
8401 14787
8401 17130
8401 13609
8401 41263
8401 46173
8401 30775
8401 28713
8401 35934
8401 9112
8401 13765
8401 42790
8401 13372
8401 17102
8401 30056
8401 43288
8401 48121
8401 42205
8401 29917
8401 7735
8401 31654
8401 34648
8401 44238
8401 48991
8401 13890
8401 4262
8401 9257
8401 9030
8401 34426
8401 26618
8401 26879
8401 22873
8401 44829
8401 49968
8401 26671
8401 24257
8401 10317
8401 49293
8401 29117
8401 20632
8401 40245
8401 2279
8401 19816
8401 8672
8401 13076
8401 18658
8401 21510
8401 47283
8401 22511
8401 15383
8401 12621
8401 29775
8401 41603
8401 39355
8401 4808
8401 22706
8401 41734
8401 34379
8401 43691
8401 25691
8401 5879
8401 41758
8401 33882
8401 38916
8401 30766
8401 19599
8401 47173
8401 48816
8401 41238
8401 46875
8401 46575
8401 43106
8401 41721
8401 33283
8401 44764
8401 30524
8401 11880
8401 5190
8401 14020
8401 27852
8401 34586
8401 1174
8401 11289
8401 22451
8401 34128
8401 20003
8401 2283
8401 40590
8401 16140
8401 43278
8401 21378
8401 46740
8401 1252
8401 14812
8401 15251
8401 45761
8401 45461
8401 27773
8401 45416
8401 8365
8401 17744
8401 12473
8401 28110
8401 4987
8401 19187
8401 45199
8401 28165
8401 19733
8401 29953
8401 4018
8401 41534
8401 20743
8401 15290
8401 45396
8401 12822
8401 49379
8401 17285
8401 1864
8401 24646
8401 25704
8401 10268
8401 4924
8401 36315
8401 36831
8401 42595
8401 30281
8401 27566
8401 36875
8401 43317
8401 36064
8401 20837
8401 45012
8401 41735
8401 4743
8401 36837
8401 34771
8401 27916
8401 34766
8401 21996
8401 13033
8401 20180
8401 25409
8401 7473
8401 12932
8401 27143
8401 3076
8401 13703
8401 11920
8401 41753
8401 43612
8401 20277
8401 23794
8401 8298
8401 43968
8401 14575
8401 29294
8401 41317
8401 1173
8401 39603
8401 27266
8401 43327
8401 10048
8401 16144
8401 19590
8401 13892
8401 27699
8401 5172
8401 18466
8401 4708
8401 23999
8401 9476
8401 36161
8401 1209
8401 21360
8401 18180
8401 7142
8401 31579
8401 25660
8401 11699
8401 8986
8401 5715
8401 14014
8401 47433
8401 11141
8401 12532
8401 10535
8401 16650
8401 10813
8401 49350
8401 14198
8401 34679
8401 23754
8401 45185
8401 21679
8401 37628
8401 20109
8401 49420
8401 14885
8401 49586
8401 10654
8401 23474
8401 27181
8401 20052
8401 23885
8401 16928
8401 21319
8401 26017
8401 34317
8401 39184
8401 30464
8401 9731
8401 38096
8401 24683
8401 14809
8401 10437
8401 46140
8401 46847
8401 37967
8401 44108
8401 8865
8401 1654
8401 17656
8401 28692
8401 45669
8401 9028
8401 37309
8401 48689
8401 28461
8401 40873
8401 38435
8401 13537
8401 34592
8401 40023
8401 5055
8401 17220
8401 28224
8401 43522
8401 18584
8401 12288
8401 37741
8401 3355
8401 43310
8401 39398
8401 48864
8401 47435
8401 42930
8401 45943
8401 31185
8401 28551
8401 16415
8401 1146
8401 9862
8401 40379
8401 17542
8401 23611
8401 1790
8401 22555
8401 19991
8401 45309
8401 7615
8401 41434
8401 37804
8401 1027
8401 21457
8401 38865
8401 10988
8401 16687
8401 30582
8401 18787
8401 9456
8401 3230
8401 41336
8401 504
8401 34962
8401 5638
8401 16545
8401 39301
8401 20852
8401 37607
8401 14404
8401 2601
8401 20580
8401 7432
8401 35201
8401 19913
8401 23824
8401 3025
8401 30127
8401 38521
8401 2959
8401 32924
8401 38358
8401 14255
8401 43051
8401 40401
8401 26234
8401 27816
8401 35264
8401 18278
8401 40819
8401 32904
8401 829
8401 3906
8401 36915
8401 21508
8401 28470
8401 31762
8401 34714
8401 27685
8401 37798
8401 13598
8401 36596
8401 34799
8401 31550
8401 46925
8401 46329
8401 33035
8401 28377
8401 16218
8401 43960
8401 17696
8401 4740
8401 12495
8401 8782
8401 27527
8401 40161
8401 37744
8401 48946
8401 34270
8401 29906
8401 40444
8401 39295
8401 48033
8401 30460
8401 39597
8401 48181
8401 33819
8401 13509
8401 33895
8401 9371
8401 19937
8401 35480
8401 34776
8401 44899
8401 48359
8401 45944
8401 2065
8401 27675
8401 45571
8401 23250
8401 12977
8401 39913
8401 45061
8401 19453
8401 12888
8401 40868
8401 16532
8401 4730
8401 44140
8401 30083
8401 9760
8401 31033
8401 27872
8401 48484
8401 22243
8401 44306
8401 185
8401 46371
8401 26410
8401 21916
8401 5954
8401 29720
8401 37945
8401 26533
8401 28594
8401 23418
8401 20752
8401 2531
8401 30144
8401 10238
8401 26515
8401 12320
8401 16499
8401 36972
8401 4745
8401 26187
8401 557
8401 16453
8401 19406
8401 15958
8401 24001
8401 26559
8401 21466
8401 45354
8401 15615
8401 45686
8401 18412
8401 14041
8401 37795
8401 16024
8401 6998
8401 34857
8401 30932
8401 2027
8401 41781
8401 26676
8401 26215
8401 24566
8401 1180
8401 8601
8401 33350
8401 22574
8401 46931
8401 6354
8401 11518
8401 38977
8401 48679
8401 7052
8401 11461
8401 8064
8401 27579
8401 46594
8401 49855
8401 10682
8401 45509
8401 16023
8401 40818
8401 44962
8401 5054
8401 18032
8401 1980
8401 5175
8401 31474
8401 7403
8401 14707
8401 3253
8401 39652
8401 26043
8401 24482
8401 4427
8401 4032
8401 22754
8401 12913
8401 885
8401 23623
8401 10217
8401 11420
8401 2014
8401 14606
8401 2045
8401 32291
8401 4894
8401 30006
8401 6460
8401 21899
8401 31502
8401 4562
8401 5609
8401 35968
8401 1269
8401 28885
8401 22374
8401 14109
8401 402
8401 3929
8401 48985
8401 4938
8401 5307
8401 41261
8401 21739
8401 9953
8401 33906
8401 5292
8401 33078
8401 14412
8401 23153
8401 21621
8401 16508
8401 44558
8401 3910
8401 36296
8401 35668
8401 453
8401 8864
8401 44986
8401 22749
8401 28394
8401 17321
8401 7942
8401 43639
8401 31521
8401 10343
8401 6470
8401 38858
8401 43296
8401 13197
8401 16795
8401 27267
8401 20409
8401 48620
8401 4597
8401 4851
8401 21479
8401 14432
8401 3197
8401 46167
8401 23310
8401 24752
8401 20314
8401 2330
8401 20000
8401 175
8401 6441
8401 16000
8401 28296
8401 26084
8401 20172
8401 7053
8401 2942
8401 46670
8401 22037
8401 15163
8401 44049
8401 39400
8401 43326
8401 29274
8401 44694
8401 10780
8401 25015
8401 1246
8401 28071
8401 23409
8401 29552
8401 1175
8401 44664
8401 28201
8401 13301
8401 6085
8401 38266
8401 2132
8401 15051
8401 13873
8401 15098
8401 2700
8401 40928
8401 48795
8401 46185
8401 10615
8401 37617
8401 18041
8401 12319
8401 4223
8401 18430
8401 18114
8401 35681
8401 5437
8401 31048
8401 16529
8401 2462
8401 4149
8401 320
8401 38039
8401 36217
8401 10843
8401 23374
8401 5266
8401 18817
8401 31408
8401 44790
8401 25943
8401 26924
8401 18941
8401 21311
8401 38261
8401 19283
8401 169
8401 48875
8401 9553
8401 13218
8401 11656
8401 25315
8401 26316
8401 19558
8401 13810
8401 35703
8401 40224
8401 26258
8401 1280
8401 13747
8401 48663
8401 48933
8401 3228
8401 38650
8401 23210
8401 23927
8401 43022
8401 35818
8401 3536
8401 21096
8401 2640
8401 15749
8401 25502
8401 17243
8401 18142
8401 30280
8401 20658
8401 48198
8401 36582
8401 46339
8401 4224
8401 3205
8401 22047
8401 46189
8401 35003
8401 42737
8401 38250
8401 6845
8401 38016
8401 15217
8401 16397
8401 49033
8401 29727
8401 27856
8401 35904
8401 25487
8401 15434
8401 38524
8401 1510
8401 2881
8401 20070
8401 16271
8401 9465
8401 30207
8401 8885
8401 36333
8401 37045
8401 15722
8401 24773
8401 45513
8401 11546
8401 32475
8401 43527
8401 27411
8401 42110
8401 29636
8401 436
8401 5208
8401 22066
8401 11055
8401 38474
8401 8856
8401 27448
8401 12702
8401 14886
8401 10961
8401 19789
8401 28477
8401 13453
8401 44200
8401 23352
8401 41278
8401 8774
8401 39329
8401 36970
8401 13417
8401 20694
8401 17989
8401 45816
8401 38576
8401 1681
8401 7982
8401 6375
8401 3831
8401 45094
8401 33089
8401 29000
8401 43207
8401 27406
8401 9201
8401 17197
8401 36953
8401 17891
8401 20053
8401 48878
8401 6325
8401 11446
8401 35460
8401 44423
8401 1167
8401 12721
8401 19644
8401 3275
8401 19067
8401 20777
8401 10030
8401 38477
8401 43732
8401 39455
8401 11954
8401 18497
8401 1108
8401 4476
8401 5488
8401 37830
8401 1392
8401 36372
8401 1531
8401 10489
8401 16617
8401 19751
8401 42630
8401 26888
8401 16344
8401 40329
8401 29142
8401 16475
8401 2860
8401 9462
8401 21683
8401 899
8401 11955
8401 2929
8401 49261
8401 24819
8401 33618
8401 39820
8401 11614
8401 160
8401 35164
8401 11632
8401 36395
8401 7868
8401 36645
8401 11922
8401 20707
8401 33551
8401 49583
8401 9844
8401 6262
8401 43903
8401 37391
8401 26790
8401 38080
8401 41116
8401 15227
8401 17050
8401 44584
8401 2482
8401 9889
8401 44122
8401 7259
8401 729
8401 3315
8401 24426
8401 34064
8401 49553
8401 27335
8401 3882
8401 7815
8401 31401
8401 8791
8401 24873
8401 23970
8401 47789
8401 9810
8401 9320
8401 47213
8401 3102
8401 1131
8401 26007
8401 27836
8401 18072
8401 3707
8401 6146
8401 21733
8401 470
8401 7229
8401 24100
8401 10483
8401 16236
8401 7463
8401 1204
8401 7705
8401 22166
8401 43079
8401 10877
8401 21348
8401 22778
8401 40641
8401 13819
8401 23467
8401 36532
8401 44977
8401 40466
8401 27113
8401 26384
8401 24575
8401 25909
8401 22720
8401 9800
8401 47840
8401 32421
8401 44620
8401 42342
8401 37590
8401 12414
8401 24876
8401 15472
8401 20085
8401 48370
8401 17452
8401 13266
8401 28125
8401 36163
8401 14093
8401 15594
8401 14860
8401 14320
8401 39131
8401 42602
8401 14679
8401 35435
8401 42628
8401 44659
8401 7002
8401 22716
8401 29156
8401 25335
8401 30267
8401 31007
8401 48150
8401 4530
8401 11886
8401 48056
8401 16985
8401 18378
8401 2692
8401 17592
8401 30558
8401 9639
8401 48859
8401 28390
8401 8054
8401 47382
8401 20659
8401 18669
8401 14376
8401 2741
8401 33001
8401 45871
8401 37640
8401 17934
8401 10990
8401 45412
8401 34124
8401 20271
8401 34667
8401 2785
8401 6966
8401 23106
8401 6909
8401 20638
8401 41026
8401 15373
8401 15074
8401 40688
8401 45874
8401 31719
8401 4131
8401 44893
8401 29394
8401 17515
8401 42695
8401 20342
8401 39811
8401 26331
8401 36374
8401 11279
8401 46423
8401 18096
8401 23726
8401 38374
8401 24657
8401 24076
8401 28409
8401 46374
8401 43959
8401 46490
8401 16268
8401 21233
8401 23781
8401 8753
8401 42597
8401 32726
8401 22144
8401 6588
8401 815
8401 49861
8401 12189
8401 45876
8401 45982
8401 12706
8401 6288
8401 44888
8401 22662
8401 41272
8401 16404
8401 26744
8401 48698
8401 38682
8401 33135
8401 28192
8401 1275
8401 41479
8401 8451
8401 7977
8401 20391
8401 24649
8401 15854
8401 15411
8401 38332
8401 31786
8401 38362
8401 21620
8401 13914
8401 26319
8401 36641
8401 12238
8401 25779
8401 38894
8401 45255
8401 32265
8401 28827
8401 24978
8401 42552
8401 548
8401 48611
8401 2088
8401 6850
8401 26170
8401 42828
8401 41607
8401 5969
8401 39925
8401 33191
8401 12817
8401 15089
8401 42303
8401 17834
8401 12642
8401 43309
8401 16292
8401 30527
8401 47248
8401 49639
8401 42981
8401 21139
8401 22462
8401 23005
8401 5587
8401 16086
8401 30172
8401 27376
8401 5728
8401 13206
8401 27071
8401 19540
8401 30571
8401 30703
8401 40780
8401 43789
8401 15951
8401 48243
8401 43007
8401 22119
8401 14552
8401 16233
8401 42655
8401 35366
8401 4023
8401 6680
8401 38319
8401 40120
8401 9574
8401 3427
8401 47205
8401 19338
8401 29126
8401 2542
8401 13198
8401 1640
8401 34751
8401 7519
8401 16230
8401 33060
8401 9046
8401 22751
8401 49219
8401 6589
8401 11496
8401 37019
8401 26651
8401 32152
8401 35125
8401 13719
8401 14722
8401 48863
8401 38820
8401 16807
8401 17717
8401 22258
8401 24760
8401 5893
8401 45708
8401 9819
8401 40767
8401 4577
8401 42280
8401 47258
8401 31276
8401 25902
8401 34677
8401 21855
8401 13907
8401 16282
8401 42658
8401 47304
8401 41656
8401 4455
8401 16073
8401 30118
8401 40213
8401 2126
8401 29408
8401 33270
8401 3286
8401 42092
8401 32930
8401 39883
8401 44492
8401 24628
8401 8995
8401 24870
8401 48106
8401 16374
8401 23831
8401 45929
8401 439
8401 16907
8401 6507
8401 6406
8401 12481
8401 41160
8401 46048
8401 5224
8401 23690
8401 27138
8401 30496
8401 42352
8401 46074
8401 21991
8401 24989
8401 34103
8401 40060
8401 39035
8401 45475
8401 27812
8401 34884
8401 42452
8401 6151
8401 37373
8401 25583
8401 43599
8401 13062
8401 26059
8401 46597
8401 9144
8401 49999
8401 33228
8401 47639
8401 23990
8401 19618
8401 40384
8401 36460
8401 26367
8401 29462
8401 385
8401 40349
8401 11288
8401 31645
8401 13110
8401 10304
8401 14595
8401 42190
8401 13899
8401 37603
8401 32247
8401 34988
8401 34624
8401 43276
8401 48401
8401 19306
8401 29873
8401 36429
8401 25307
8401 43452
8401 14908
8401 35413
8401 34181
8401 24205
8401 17605
8401 26604
8401 41860
8401 44958
8401 47706
8401 3209
8401 32537
8401 6787
8401 13813
8401 46771
8401 7331
8401 3308
8401 37040
8401 31953
8401 31919
8401 29067
8401 28538
8401 21335
8401 40232
8401 37485
8401 43160
8401 14951
8401 14496
8401 17992
8401 35896
8401 32495
8401 48972
8401 47355
8401 9583
8401 45621
8401 27099
8401 25881
8401 19143
8401 47982
8401 19885
8401 39510
8401 42450
8401 44142
8401 10725
8401 10541
8401 19376
8401 32996
8401 5115
8401 38088
8401 15601
8401 17323
8401 41752
8401 7389
8401 32612
8401 45607
8401 13871
8401 49663
8401 16084
8401 17395
8401 25325
8401 12152
8401 27651
8401 10253
8401 22876
8401 47788
8401 30944
8401 21013
8401 20262
8401 15902
8401 30926
8401 25852
8401 49461
8401 29121
8401 17116
8401 43726
8401 45198
8401 47656
8401 14205
8401 25818
8401 42990
8401 6701
8401 44935
8401 12080
8401 4330
8401 9272
8401 40916
8401 48057
8401 19322
8401 17413
8401 18580
8401 43734
8401 7922
8401 10484
8401 46016
8401 42937
8401 19525
8401 46565
8401 9283
8401 43198
8401 26834
8401 34551
8401 48154
8401 48941
8401 22228
8401 47075
8401 48964
8401 31353
8401 30115
8401 3722
8401 24898
8401 25441
8401 45437
8401 6064
8401 19858
8401 34420
8401 4556
8401 7379
8401 2480
8401 1915
8401 30203
8401 41191
8401 17603
8401 20435
8401 24916
8401 32407
8401 6224
8401 5226
8401 42468
8401 28510
8401 23733
8401 38033
8401 42607
8401 37801
8401 32114
8401 43897
8401 24917
8401 42324
8401 25655
8401 25641
8401 30671
8401 42633
8401 48687
8401 13268
8401 21418
8401 32415
8401 35215
8401 1874
8401 42759
8401 3429
8401 47400
8401 27130
8401 5639
8401 519
8401 20677
8401 8006
8401 35900
8401 47777
8401 47665
8401 18721
8401 17554
8401 15385
8401 22415
8401 46551
8401 15518
8401 17160
8401 14526
8401 5554
8401 563
8401 39302
8401 32108
8401 44656
8401 18256
8401 35147
8401 36974
8401 27139
8401 12232
8401 30742
8401 43686
8401 35780
8401 39058
8401 5817
8401 18569
8401 34692
8401 29824
8401 29993
8401 12717
8401 37124
8401 47441
8401 33688
8401 11732
8401 43979
8401 25694
8401 11232
8401 45301
8401 16890
8401 43540
8401 37562
8401 40763
8401 12425
8401 6320
8401 4523
8401 35437
8401 38605
8401 41515
8401 24957
8401 23590
8401 38696
8401 33032
8401 2169
8401 16097
8401 24223
8401 22065
8401 38811
8401 30188
8401 8162
8401 8757
8401 17310
8401 39939
8401 38793
8401 15044
8401 43763
8401 37203
8401 168
8401 41999
8401 8456
8401 43816
8401 43859
8401 7723
8401 4869
8401 49714
8401 34939
8401 23452
8401 1512
8401 40678
8401 46589
8401 18192
8401 14782
8401 49555
8401 4053
8401 33214
8401 45746
8401 7308
8401 42705
8401 34905
8401 24320
8401 25459
8401 22363
8401 45343
8401 3006
8401 43706
8401 16117
8401 21306
8401 13458
8401 26040
8401 33956
8401 13692
8401 38844
8401 34523
8401 489
8401 8327
8401 47326
8401 28608
8401 361
8401 46937
8401 13347
8401 4010
8401 1208
8401 47994
8401 42893
8401 49052
8401 26195
8401 37147
8401 19987
8401 6532
8401 37623
8401 21175
8401 39531
8401 30604
8401 26572
8401 16300
8401 29662
8401 48435
8401 34010
8401 31188
8401 1788
8401 11423
8401 7393
8401 10648
8401 44876
8401 7783
8401 39296
8401 30761
8401 7661
8401 31213
8401 17935
8401 37280
8401 13798
8401 25161
8401 18567
8401 33370
8401 16720
8401 38990
8401 12605
8401 22729
8401 44914
8401 1975
8401 31410
8401 15737
8401 5277
8401 45711
8401 33462
8401 6965
8401 14599
8401 26944
8401 34279
8401 37390
8401 21393
8401 44360
8401 31105
8401 23287
8401 2133
8401 30535
8401 526
8401 39291
8401 31973
8401 47467
8401 33620
8401 37803
8401 10784
8401 11556
8401 34573
8401 11510
8401 11867
8401 46959
8401 41997
8401 37806
8401 23587
8401 12626
8401 46444
8401 4077
8401 35777
8401 2071
8401 5948
8401 31604
8401 34149
8401 1558
8401 25070
8401 4386
8401 25788
8401 17363
8401 1595
8401 43992
8401 42397
8401 46491
8401 29712
8401 34226
8401 47034
8401 40801
8401 15350
8401 7139
8401 3676
8401 26482
8401 20311
8401 33850
8401 26493
8401 40110
8401 21847
8401 8533
8401 35648
8401 7056
8401 48988
8401 12115
8401 14090
8401 27901
8401 11675
8401 26302
8401 14038
8401 39183
8401 36863
8401 45438
8401 10889
8401 8905
8401 45283
8401 41653
8401 39919
8401 18779
8401 45367
8401 30086
8401 20599
8401 33458
8401 31938
8401 42496
8401 11910
8401 33046
8401 42678
8401 5644
8401 851
8401 25447
8401 14308
8401 22138
8401 11879
8401 43902
8401 8396
8401 2632
8401 43289
8401 12212
8401 22509
8401 47394
8401 26204
8401 383
8401 32887
8401 49348
8401 6928
8401 49707
8401 12067
8401 42808
8401 21981
8401 42058
8401 21391
8401 23478
8401 20999
8401 2396
8401 4246
8401 10498
8401 42467
8401 48939
8401 33723
8401 36216
8401 43263
8401 3788
8401 16498
8401 31890
8401 752
8401 36520
8401 35074
8401 47532
8401 17356
8401 37033
8401 17790
8401 12500
8401 20451
8401 1292
8401 28976
8401 31591
8401 17491
8401 23869
8401 22983
8401 49121
8401 47098
8401 16402
8401 47009
8401 6057
8401 8932
8401 6949
8401 28363
8401 13742
8401 7958
8401 36174
8401 42326
8401 8026
8401 46463
8401 28102
8401 37722
8401 41819
8401 43463
8401 49520
8401 29615
8401 9899
8401 44539
8401 1390
8401 25399
8401 4866
8401 34234
8401 42165
8401 36935
8401 31527
8401 30693
8401 11016
8401 49081
8401 4239
8401 19328
8401 26682
8401 44446
8401 42500
8401 11115
8401 6836
8401 2603
8401 15991
8401 6256
8401 12746
8401 22678
8401 43366
8401 10507
8401 36028
8401 22582
8401 43754
8401 49895
8401 3044
8401 30704
8401 36813
8401 27907
8401 5291
8401 45984
8401 23637
8401 12768
8401 29817
8401 13982
8401 40831
8401 42660
8401 6819
8401 32179
8401 33934
8401 6479
8401 30197
8401 36778
8401 18869
8401 44125
8401 39967
8401 44155
8401 26906
8401 40739
8401 30488
8401 46516
8401 43520
8401 14281
8401 19000
8401 41798
8401 32285
8401 22189
8401 31370
8401 9174
8401 3779
8401 45617
8401 15255
8401 48559
8401 2792
8401 21461
8401 32775
8401 21255
8401 1300
8401 22200
8401 5542
8401 48514
8401 41123
8401 7307
8401 20613
8401 1649
8401 10354
8401 36111
8401 25028
8401 44792
8401 36425
8401 4687
8401 73
8401 15935
8401 34232
8401 8059
8401 16150
8401 6083
8401 14483
8401 11537
8401 39943
8401 49907
8401 13792
8401 18270
8401 12196
8401 44832
8401 10
8401 6643
8401 46834
8401 4395
8401 39984
8401 5600
8401 35781
8401 22245
8401 930
8401 39381
8401 27581
8401 46055
8401 1362
8401 43028
8401 37692
8401 26602
8401 41629
8401 7258
8401 32411
8401 35463
8401 16934
8401 44622
8401 2425
8401 46689
8401 36958
8401 800
8401 19114
8401 17549
8401 6844
8401 1298
8401 21460
8401 45252
8401 45112
8401 20745
8401 45167
8401 32980
8401 29379
8401 21445
8401 29181
8401 29226
8401 40328
8401 44409
8401 44811
8401 32526
8401 15795
8401 1014
8401 41875
8401 19581
8401 30792
8401 46948
8401 16506
8401 36854
8401 28739
8401 11759
8401 28311
8401 46990
8401 43184
8401 6697
8401 43473
8401 893
8401 14817
8401 541
8401 522
8401 21488
8401 20289
8401 35693
8401 44339
8401 3370
8401 49071
8401 25262
8401 42263
8401 15621
8401 23597
8401 16043
8401 15515
8401 30101
8401 6219
8401 29282
8401 1439
8401 29084
8401 27557
8401 39450
8401 34440
8401 31599
8401 35121
8401 13331
8401 12265
8401 39758
8401 42094
8401 1179
8401 31778
8401 23419
8401 33736
8401 8405
8401 40119
8401 32969
8401 41586
8401 11718
8401 28272
8401 34757
8401 14324
8401 32953
8401 36008
8401 636
8401 21802
8401 20781
8401 20455
8401 41118
8401 24820
8401 35671
8401 20622
8401 32767
8401 27713
8401 37493
8401 21090
8401 33951
8401 22488
8401 8587
8401 21452
8401 40747
8401 20010
8401 3306
8401 35828
8401 29300
8401 35262
8401 41328
8401 25361
8401 3157
8401 37917
8401 17630
8401 23594
8401 33508
8401 33901
8401 18235
8401 36773
8401 44243
8401 32598
8401 5002
8401 10330
8401 38341
8401 17933
8401 38851
8401 10459
8401 47505
8401 34738
8401 41214
8401 34881
8401 16255
8401 38291
8401 7733
8401 23627
8401 38431
8401 32645
8401 37208
8401 11813
8401 39952
8401 21549
8401 24048
8401 25987
8401 34736
8401 39093
8401 29581
8401 46984
8401 20571
8401 17190
8401 11868
8401 22526
8401 13837
8401 15487
8401 7268
8401 33772
8401 26081
8401 10567
8401 32205
8401 14042
8401 33019
8401 6682
8401 28680
8401 13874
8401 30935
8401 21246
8401 6714
8401 9554
8401 31133
8401 21116
8401 31202
8401 16162
8401 35931
8401 39305
8401 30814
8401 48226
8401 48719
8401 13306
8401 18403
8401 17262
8401 13639
8401 2076
8401 1261
8401 4019
8401 6053
8401 37374
8401 32657
8401 18617
8401 18980
8401 5959
8401 48250
8401 47714
8401 31312
8401 16169
8401 18984
8401 9392
8401 31291
8401 27492
8401 7678
8401 48308
8401 32211
8401 19579
8401 27083
8401 14648
8401 14814
8401 49091
8401 16355
8401 8495
8401 11101
8401 46512
8401 47630
8401 35617
8401 18484
8401 38136
8401 43885
8401 30720
8401 23025
8401 2833
8401 49231
8401 20239
8401 23592
8401 38121
8401 36314
8401 37299
8401 15358
8401 33137
8401 44270
8401 15897
8401 19577
8401 38825
8401 40810
8401 44183
8401 5964
8401 29617
8401 7480
8401 4931
8401 37506
8401 16075
8401 34946
8401 48832
8401 47819
8401 16021
8401 535
8401 9968
8401 14995
8401 31023
8401 41652
8401 7385
8401 9996
8401 14744
8401 34547
8401 517
8401 30863
8401 8132
8401 22927
8401 32689
8401 12864
8401 33399
8401 25971
8401 30202
8401 35353
8401 7154
8401 18886
8401 35195
8401 31500
8401 9338
8401 6865
8401 11701
8401 31154
8401 45215
8401 47984
8401 1249
8401 29858
8401 23273
8401 20476
8401 33400
8401 33311
8401 37090
8401 37068
8401 36201
8401 23570
8401 32828
8401 781
8401 38111
8401 36323
8401 2290
8401 17454
8401 19252
8401 23185
8401 20315
8401 7655
8401 86
8401 46514
8401 30149
8401 2703
8401 7471
8401 22513
8401 19056
8401 20344
8401 4179
8401 38328
8401 30499
8401 13725
8401 25193
8401 23060
8401 10119
8401 27184
8401 8376
8401 15381
8401 7016
8401 26342
8401 40813
8401 23938
8401 47835
8401 12250
8401 40530
8401 47766
8401 14892
8401 19940
8401 4920
8401 2580
8401 3188
8401 45222
8401 46460
8401 44826
8401 26
8401 25545
8401 23103
8401 3379
8401 28200
8401 11081
8401 43986
8401 7555
8401 10261
8401 10503
8401 27586
8401 42900
8401 37809
8401 33365
8401 24755
8401 35489
8401 3744
8401 2264
8401 21619
8401 6874
8401 2367
8401 35523
8401 39636
8401 32413
8401 12210
8401 15355
8401 48851
8401 15522
8401 10193
8401 12631
8401 46064
8401 28055
8401 42441
8401 17236
8401 36355
8401 10447
8401 2711
8401 27518
8401 30340
8401 8985
8401 21324
8401 27731
8401 41441
8401 13950
8401 28654
8401 38944
8401 38047
8401 44609
8401 49454
8401 9589
8401 23471
8401 29575
8401 23957
8401 30123
8401 9236
8401 36782
8401 682
8401 44406
8401 25843
8401 42180
8401 16390
8401 11184
8401 12537
8401 42287
8401 11860
8401 39828
8401 6536
8401 268
8401 7099
8401 20706
8401 10207
8401 24083
8401 27295
8401 3949
8401 26828
8401 35285
8401 22268
8401 31894
8401 46827
8401 44996
8401 5958
8401 3279
8401 38075
8401 32176
8401 23186
8401 32099
8401 40341
8401 18560
8401 45988
8401 49506
8401 21337
8401 9117
8401 31065
8401 12371
8401 37704
8401 41309
8401 44850
8401 25213
8401 28212
8401 22962
8401 12575
8401 5756
8401 3386
8401 43781
8401 29811
8401 39213
8401 5260
8401 28542
8401 35371
8401 8459
8401 46246
8401 5330
8401 40018
8401 41946
8401 48347
8401 40523
8401 32087
8401 45992
8401 14914
8401 27947
8401 34041
8401 40427
8401 8346
8401 30020
8401 49826
8401 21962
8401 9143
8401 27805
8401 46813
8401 29986
8401 1042
8401 21872
8401 41054
8401 39762
8401 39923
8401 43814
8401 13435
8401 22099
8401 44629
8401 11503
8401 3942
8401 1064
8401 29305
8401 14694
8401 12499
8401 4784
8401 23908
8401 26490
8401 46056
8401 23029
8401 49133
8401 25474
8401 35314
8401 5930
8401 32012
8401 43042
8401 17521
8401 43507
8401 26730
8401 14365
8401 25605
8401 47292
8401 23093
8401 33339
8401 11691
8401 16758
8401 14610
8401 28056
8401 17477
8401 6094
8401 11355
8401 49372
8401 12101
8401 29426
8401 32425
8401 31427
8401 7945
8401 13856
8401 16543
8401 26581
8401 21018
8401 40604
8401 9512
8401 4344
8401 40587
8401 46833
8401 13405
8401 2211
8401 48362
8401 702
8401 25717
8401 45840
8401 16447
8401 35151
8401 22319
8401 39500
8401 27211
8401 30104
8401 29578
8401 29600
8401 30224
8401 23721
8401 30678
8401 12692
8401 10220
8401 45650
8401 42201
8401 11854
8401 25278
8401 47399
8401 36187
8401 43846
8401 11412
8401 21379
8401 26637
8401 19076
8401 37224
8401 12492
8401 45450
8401 38053
8401 25156
8401 444
8401 40502
8401 1045
8401 1384
8401 16950
8401 14791
8401 20305
8401 20637
8401 35741
8401 34057
8401 33828
8401 3236
8401 33667
8401 45474
8401 24792
8401 17371
8401 40484
8401 42823
8401 23830
8401 29883
8401 37267
8401 11966
8401 21332
8401 33480
8401 41723
8401 47680
8401 21760
8401 48550
8401 12988
8401 47522
8401 21441
8401 4316
8401 23066
8401 31087
8401 20624
8401 14542
8401 6426
8401 17932
8401 33456
8401 419
8401 5924
8401 135
8401 36288
8401 44517
8401 12041
8401 45949
8401 13494
8401 28307
8401 31441
8401 16696
8401 47564
8401 30403
8401 7059
8401 25006
8401 36996
8401 45137
8401 3368
8401 27027
8401 43513
8401 34998
8401 46945
8401 41259
8401 43215
8401 35677
8401 31121
8401 21597
8401 41869
8401 48696
8401 29284
8401 35169
8401 1986
8401 32347
8401 27775
8401 18382
8401 8382
8401 26356
8401 11287
8401 36803
8401 11810
8401 43866
8401 24368
8401 41095
8401 25244
8401 1213
8401 16377
8401 26917
8401 4289
8401 14903
8401 43323
8401 15242
8401 23607
8401 15961
8401 45931
8401 25309
8401 5031
8401 32105
8401 28875
8401 17498
8401 40097
8401 44072
8401 13515
8401 4582
8401 41083
8401 20846
8401 33603
8401 29854
8401 3013
8401 31747
8401 7277
8401 37522
8401 9052
8401 18805
8401 40867
8401 24851
8401 3177
8401 43025
8401 34577
8401 11548
8401 41662
8401 1270
8401 35383
8401 14813
8401 36021
8401 27524
8401 21891
8401 41134
8401 49370
8401 2643
8401 47176
8401 41681
8401 13686
8401 44969
8401 22529
8401 38845
8401 7131
8401 5880
8401 30993
8401 7124
8401 14961
8401 18650
8401 34947
8401 12114
8401 15088
8401 29256
8401 16854
8401 38775
8401 23393
8401 43389
8401 3083
8401 1725
8401 27792
8401 12994
8401 41432
8401 15760
8401 31040
8401 48095
8401 14466
8401 47558
8401 19977
8401 49767
8401 19415
8401 43401
8401 25561
8401 25303
8401 46331
8401 47206
8401 20619
8401 26611
8401 34797
8401 10941
8401 17094
8401 32602
8401 35682
8401 36050
8401 9249
8401 11188
8401 44924
8401 11045
8401 43141
8401 14570
8401 42738
8401 1205
8401 7955
8401 15586
8401 40960
8401 24676
8401 44748
8401 5364
8401 8654
8401 11272
8401 15913
8401 49708
8401 22155
8401 35770
8401 47057
8401 804
8401 6901
8401 30995
8401 111
8401 31069
8401 34000
8401 32075
8401 33002
8401 27910
8401 13831
8401 4327
8401 48123
8401 6009
8401 45251
8401 47896
8401 22385
8401 6090
8401 21131
8401 42035
8401 15476
8401 44741
8401 37277
8401 34895
8401 38988
8401 32126
8401 14992
8401 39086
8401 22202
8401 3491
8401 13097
8401 4528
8401 20695
8401 47063
8401 47420
8401 12039
8401 34748
8401 39134
8401 15087
8401 45431
8401 43764
8401 45146
8401 2620
8401 9045
8401 20339
8401 37365
8401 17929
8401 31553
8401 49329
8401 45994
8401 14441
8401 7051
8401 21080
8401 16428
8401 20149
8401 27028
8401 20274
8401 6281
8401 20032
8401 47763
8401 19159
8401 23002
8401 9379
8401 45027
8401 17179
8401 34638
8401 20650
8401 13284
8401 11165
8401 34473
8401 49338
8401 13217
8401 11488
8401 1870
8401 24965
8401 46958
8401 4245
8401 35507
8401 37962
8401 46986
8401 29098
8401 30701
8401 24414
8401 5308
8401 43633
8401 32281
8401 19514
8401 6644
8401 46870
8401 36386
8401 7405
8401 22264
8401 41366
8401 2678
8401 2995
8401 32467
8401 44648
8401 16669
8401 7061
8401 46572
8401 27538
8401 30852
8401 9494
8401 9365
8401 11276
8401 32518
8401 33122
8401 17357
8401 28950
8401 27806
8401 1186
8401 33276
8401 13771
8401 31153
8401 29264
8401 17349
8401 3316
8401 4426
8401 43373
8401 21267
8401 10380
8401 49683
8401 32794
8401 36843
8401 34890
8401 3913
8401 32424
8401 20275
8401 24129
8401 15395
8401 27294
8401 23844
8401 43143
8401 11926
8401 9603
8401 14399
8401 40395
8401 10731
8401 3493
8401 13450
8401 10177
8401 47046
8401 35645
8401 937
8401 24003
8401 32286
8401 14711
8401 43515
8401 25507
8401 7082
8401 27896
8401 12770
8401 27844
8401 40234
8401 4416
8401 6141
8401 37885
8401 9877
8401 27779
8401 47132
8401 39670
8401 17697
8401 13335
8401 11908
8401 8858
8401 17226
8401 32492
8401 21870
8401 8755
8401 9549
8401 14502
8401 42398
8401 38755
8401 25929
8401 1716
8401 48179
8401 26778
8401 18786
8401 31259
8401 37894
8401 49144
8401 5520
8401 46013
8401 3168
8401 15983
8401 32938
8401 14257
8401 21566
8401 31186
8401 3147
8401 3997
8401 45644
8401 2951
8401 2316
8401 30420
8401 19319
8401 44621
8401 38860
8401 28772
8401 43118
8401 12733
8401 15479
8401 44579
8401 19708
8401 27744
8401 44418
8401 37433
8401 35578
8401 48490
8401 33164
8401 18792
8401 9894
8401 38913
8401 36722
8401 22158
8401 7326
8401 25743
8401 46923
8401 5526
8401 34511
8401 7215
8401 44432
8401 24514
8401 48896
8401 38488
8401 26270
8401 45058
8401 41698
8401 8898
8401 37155
8401 49942
8401 49765
8401 13827
8401 31955
8401 11914
8401 38063
8401 5903
8401 41651
8401 36709
8401 12298
8401 5436
8401 13499
8401 22763
8401 41623
8401 11575
8401 33186
8401 26046
8401 1952
8401 47402
8401 45980
8401 36978
8401 23670
8401 529
8401 15541
8401 13989
8401 10691
8401 10625
8401 29029
8401 33842
8401 11063
8401 14415
8401 28168
8401 4241
8401 48384
8401 26360
8401 49191
8401 3293
8401 49180
8401 16135
8401 27056
8401 45521
8401 7880
8401 16534
8401 33407
8401 39268
8401 4259
8401 45400
8401 46571
8401 3553
8401 12739
8401 39194
8401 27119
8401 22599
8401 45716
8401 10487
8401 45204
8401 107
8401 47705
8401 10026
8401 34285
8401 42998
8401 38031
8401 6781
8401 13273
8401 17520
8401 35436
8401 20461
8401 43338
8401 39835
8401 31668
8401 30239
8401 44822
8401 13500
8401 10258
8401 27700
8401 16926
8401 45612
8401 19966
8401 9270
8401 42811
8401 34500
8401 25891
8401 10882
8401 30261
8401 31244
8401 11075
8401 14622
8401 19989
8401 559
8401 30921
8401 38292
8401 16184
8401 48063
8401 49990
8401 33114
8401 11430
8401 14035
8401 24510
8401 21986
8401 33524
8401 33950
8401 13289
8401 43800
8401 46405
8401 44425
8401 17100
8401 42292
8401 18091
8401 48035
8401 32705
8401 28147
8401 35163
8401 33415
8401 27842
8401 27694
8401 45759
8401 22621
8401 5103
8401 7179
8401 49190
8401 19570
8401 4742
8401 31540
8401 9559
8401 32551
8401 5517
8401 47087
8401 35901
8401 41686
8401 40192
8401 24929
8401 7780
8401 8709
8401 13971
8401 47351
8401 30773
8401 1997
8401 49716
8401 23641
8401 32144
8401 39135
8401 3675
8401 2155
8401 34853
8401 32223
8401 25452
8401 20851
8401 14962
8401 3231
8401 42482
8401 20975
8401 12489
8401 29731
8401 32170
8401 40185
8401 21933
8401 14704
8401 29939
8401 34789
8401 20456
8401 37035
8401 44500
8401 23758
8401 13851
8401 44578
8401 13130
8401 41235
8401 11282
8401 4830
8401 9772
8401 28240
8401 41310
8401 27045
8401 35113
8401 28514
8401 6956
8401 32918
8401 32266
8401 19208
8401 44462
8401 4129
8401 23314
8401 45505
8401 38153
8401 39598
8401 40786
8401 16638
8401 4282
8401 3663
8401 32850
8401 30433
8401 31988
8401 28403
8401 23691
8401 6918
8401 45195
8401 12335
8401 9061
8401 33698
8401 5866
8401 41982
8401 49988
8401 591
8401 31535
8401 42687
8401 42671
8401 39304
8401 38511
8401 8590
8401 22658
8401 5626
8401 26223
8401 20105
8401 27026
8401 25113
8401 45369
8401 16131
8401 3937
8401 9026
8401 13345
8401 17475
8401 32209
8401 18222
8401 8221
8401 31128
8401 28918
8401 9464
8401 48009
8401 43467
8401 36506
8401 10617
8401 34090
8401 21598
8401 28972
8401 26001
8401 23017
8401 35569
8401 41363
8401 30925
8401 2505
8401 5386
8401 41668
8401 3917
8401 21975
8401 13498
8401 18101
8401 7580
8401 33782
8401 12561
8401 7527
8401 711
8401 24086
8401 44805
8401 34784
8401 14081
8401 18722
8401 35199
8401 26389
8401 48085
8401 29337
8401 39910
8401 13933
8401 32334
8401 27689
8401 23886
8401 46901
8401 29184
8401 15685
8401 35108
8401 24835
8401 34657
8401 16331
8401 40428
8401 20009
8401 20526
8401 45092
8401 34435
8401 5947
8401 24052
8401 21050
8401 27999
8401 28226
8401 16522
8401 26029
8401 47884
8401 44516
8401 16193
8401 23891
8401 8870
8401 21173
8401 47090
8401 27882
8401 27636
8401 41152
8401 34453
8401 237
8401 5139
8401 16149
8401 1368
8401 46105
8401 27196
8401 33020
8401 27418
8401 32503
8401 5529
8401 38817
8401 23562
8401 33851
8401 36964
8401 25197
8401 42196
8401 40671
8401 25821
8401 4340
8401 1381
8401 20616
8401 23571
8401 35674
8401 11485
8401 25926
8401 11284
8401 19562
8401 12602
8401 10977
8401 4374
8401 15330
8401 28782
8401 16541
8401 40833
8401 22650
8401 43856
8401 4659
8401 7104
8401 34602
8401 25273
8401 31278
8401 2928
8401 21613
8401 19614
8401 16418
8401 36268
8401 18801
8401 13183
8401 14032
8401 5815
8401 46170
8401 27650
8401 8943
8401 5545
8401 32173
8401 2187
8401 30939
8401 24458
8401 3374
8401 2459
8401 44952
8401 8268
8401 5285
8401 1241
8401 39276
8401 48782
8401 30547
8401 49910
8401 44459
8401 40701
8401 47078
8401 33601
8401 42215
8401 11028
8401 16207
8401 3712
8401 13542
8401 31943
8401 21166
8401 42657
8401 37968
8401 39319
8401 23899
8401 37066
8401 19341
8401 37706
8401 23660
8401 29099
8401 39769
8401 43873
8401 12077
8401 32620
8401 1635
8401 44247
8401 26371
8401 17169
8401 10846
8401 23896
8401 3093
8401 48412
8401 30787
8401 20390
8401 661
8401 49424
8401 5109
8401 30979
8401 279
8401 3137
8401 10474
8401 19526
8401 44181
8401 45955
8401 47482
8401 15907
8401 44572
8401 11708
8401 25286
8401 1535
8401 21443
8401 22968
8401 18951
8401 16912
8401 34993
8401 46413
8401 40608
8401 12060
8401 32180
8401 14170
8401 1695
8401 17140
8401 33373
8401 28208
8401 24347
8401 6628
8401 10679
8401 17136
8401 39679
8401 28603
8401 33266
8401 39110
8401 31103
8401 12419
8401 8398
8401 2609
8401 44981
8401 5565
8401 41962
8401 15214
8401 49277
8401 9490
8401 22953
8401 32782
8401 13395
8401 1195
8401 27883
8401 16482
8401 31000
8401 36016
8401 35331
8401 49618
8401 35808
8401 35022
8401 26783
8401 31991
8401 22335
8401 25174
8401 14044
8401 33286
8401 9850
8401 16530
8401 8009
8401 32323
8401 49964
8401 33342
8401 34165
8401 36444
8401 33007
8401 6608
8401 9211
8401 28794
8401 11057
8401 40426
8401 47008
8401 13455
8401 32076
8401 41387
8401 32079
8401 14588
8401 40541
8401 9438
8401 19970
8401 43339
8401 38543
8401 16514
8401 33713
8401 21386
8401 16223
8401 49866
8401 17852
8401 3371
8401 41595
8401 39212
8401 24029
8401 33190
8401 6828
8401 8798
8401 1397
8401 42497
8401 23600
8401 26020
8401 43416
8401 14071
8401 38651
8401 20585
8401 28421
8401 24026
8401 23839
8401 20768
8401 38766
8401 37065
8401 10303
8401 49103
8401 42812
8401 42133
8401 19425
8401 39524
8401 9665
8401 4767
8401 41091
8401 8027
8401 21264
8401 37077
8401 28346
8401 15578
8401 49796
8401 14452
8401 45298
8401 38398
8401 33361
8401 26327
8401 16792
8401 38204
8401 82
8401 35388
8401 26699
8401 48539
8401 159
8401 13960
8401 12190
8401 44263
8401 4604
8401 6364
8401 30390
8401 48974
8401 43670
8401 38437
8401 15687
8401 45144
8401 20700
8401 18905
8401 22453
8401 36242
8401 44374
8401 19531
8401 33446
8401 33094
8401 1538
8401 22019
8401 7297
8401 10663
8401 42797
8401 16925
8401 13862
8401 23198
8401 14807
8401 3398
8401 46938
8401 37695
8401 12408
8401 673
8401 48415
8401 35287
8401 1423
8401 32253
8401 3979
8401 9385
8401 29913
8401 14319
8401 18965
8401 33140
8401 20931
8401 42435
8401 17329
8401 10446
8401 48987
8401 123
8401 35951
8401 34032
8401 18065
8401 48407
8401 7434
8401 21626
8401 46664
8401 34871
8401 36920
8401 24571
8401 5446
8401 2250
8401 24806
8401 36989
8401 26745
8401 44907
8401 33454
8401 13504
8401 26089
8401 41187
8401 21206
8401 46050
8401 11623
8401 9818
8401 11389
8401 8964
8401 7605
8401 36761
8401 4688
8401 42004
8401 43006
8401 33175
8401 16698
8401 5673
8401 13588
8401 3945
8401 18811
8401 19544
8401 8092
8401 49248
8401 23868
8401 19351
8401 42294
8401 12355
8401 46657
8401 42646
8401 20711
8401 26240
8401 22102
8401 6488
8401 28144
8401 28846
8401 47848
8401 18274
8401 33243
8401 19186
8401 29490
8401 39277
8401 37180
8401 33196
8401 49883
8401 29618
8401 3064
8401 429
8401 7493
8401 31631
8401 31811
8401 45836
8401 23184
8401 16618
8401 4221
8401 49156
8401 12845
8401 22305
8401 23363
8401 32609
8401 23941
8401 33317
8401 42941
8401 15075
8401 7998
8401 10907
8401 6194
8401 17311
8401 34999
8401 15602
8401 15122
8401 47314
8401 38009
8401 30905
8401 4598
8401 25068
8401 15120
8401 40292
8401 36423
8401 44840
8401 13718
8401 34204
8401 44279
8401 46543
8401 30938
8401 7088
8401 23661
8401 14518
8401 28351
8401 13281
8401 8102
8401 5339
8401 2638
8401 39484
8401 4679
8401 938
8401 4231
8401 8358
8401 43012
8401 7628
8401 9756
8401 26930
8401 1134
8401 21618
8401 35356
8401 48803
8401 12187
8401 46831
8401 3743
8401 3135
8401 26740
8401 21842
8401 9053
8401 44580
8401 42984
8401 20647
8401 181
8401 47320
8401 1016
8401 30599
8401 29353
8401 35962
8401 42183
8401 31875
8401 2091
8401 19968
8401 47583
8401 23986
8401 41442
8401 30794
8401 13075
8401 38334
8401 21806
8401 24715
8401 25385
8401 36302
8401 46862
8401 32860
8401 21304
8401 2815
8401 26578
8401 28575
8401 24595
8401 24546
8401 30121
8401 31270
8401 26324
8401 21502
8401 23735
8401 1172
8401 31669
8401 48314
8401 26399
8401 49624
8401 29481
8401 3063
8401 5160
8401 33988
8401 42359
8401 29970
8401 34949
8401 36081
8401 3203
8401 18253
8401 25310
8401 39476
8401 47909
8401 10823
8401 4000
8401 17857
8401 28958
8401 46384
8401 21123
8401 9063
8401 38190
8401 13379
8401 37439
8401 42146
8401 38994
8401 42701
8401 48743
8401 48631
8401 38017
8401 29245
8401 6135
8401 41071
8401 29836
8401 11612
8401 37696
8401 4608
8401 12800
8401 46978
8401 18690
8401 44544
8401 21237
8401 1754
8401 48253
8401 42032
8401 17254
8401 12300
8401 31915
8401 2497
8401 13476
8401 13556
8401 49862
8401 1735
8401 14768
8401 20336
8401 43392
8401 5449
8401 43617
8401 38618
8401 26253
8401 46616
8401 46077
8401 25115
8401 41412
8401 43731
8401 7889
8401 15437
8401 7991
8401 23208
8401 7155
8401 36890
8401 25203
8401 43065
8401 13103
8401 7319
8401 45710
8401 15591
8401 37095
8401 45976
8401 36383
8401 15906
8401 24004
8401 20690
8401 13863
8401 36960
8401 2810
8401 45065
8401 28892
8401 20352
8401 3860
8401 36279
8401 42298
8401 37331
8401 38636
8401 39418
8401 10786
8401 32845
8401 38915
8401 1296
8401 37104
8401 37771
8401 44404
8401 6985
8401 43110
8401 11395
8401 16734
8401 1989
8401 19354
8401 10345
8401 37239
8401 18609
8401 6624
8401 39396
8401 8485
8401 3280
8401 17306
8401 2150
8401 24353
8401 30311
8401 27693
8401 25521
8401 42494
8401 18471
8401 14047
8401 10773
8401 19374
8401 29140
8401 23213
8401 29696
8401 49817
8401 44090
8401 16280
8401 45121
8401 24049
8401 4666
8401 46694
8401 3195
8401 371
8401 10700
8401 8968
8401 37001
8401 19515
8401 28163
8401 31780
8401 42421
8401 16320
8401 4174
8401 45108
8401 10460
8401 6795
8401 17238
8401 11079
8401 48751
8401 15301
8401 11931
8401 39237
8401 31472
8401 27048
8401 24252
8401 29930
8401 8866
8401 43148
8401 32328
8401 11082
8401 34369
8401 23711
8401 17628
8401 5396
8401 4428
8401 6498
8401 30877
8401 43391
8401 40848
8401 28849
8401 31351
8401 46677
8401 23834
8401 32363
8401 12343
8401 39414
8401 5066
8401 44303
8401 43830
8401 49766
8401 38847
8401 15201
8401 35738
8401 18537
8401 40804
8401 1828
8401 9403
8401 24576
8401 47917
8401 7163
8401 19881
8401 16064
8401 3340
8401 14347
8401 11560
8401 46439
8401 25575
8401 17558
8401 20071
8401 25590
8401 14755
8401 43675
8401 8706
8401 5319
8401 27203
8401 17691
8401 16885
8401 10068
8401 8705
8401 8490
8401 31164
8401 9696
8401 34980
8401 28663
8401 41092
8401 37948
8401 5281
8401 34478
8401 47850
8401 1658
8401 16916
8401 25236
8401 28853
8401 38126
8401 46578
8401 21707
8401 44812
8401 18630
8401 17710
8401 47263
8401 15818
8401 36403
8401 34872
8401 27373
8401 28445
8401 49896
8401 49051
8401 31680
8401 32522
8401 38484
8401 48594
8401 49057
8401 5171
8401 20719
8401 17256
8401 47372
8401 12928
8401 27074
8401 36505
8401 2572
8401 36153
8401 27825
8401 28657
8401 41110
8401 14228
8401 2349
8401 44589
8401 44171
8401 27301
8401 47559
8401 9346
8401 33492
8401 24059
8401 44318
8401 30665
8401 8392
8401 42011
8401 15269
8401 47790
8401 18418
8401 17805
8401 19478
8401 32927
8401 17484
8401 2252
8401 14618
8401 26571
8401 12507
8401 5038
8401 19787
8401 3582
8401 6848
8401 35655
8401 38502
8401 30251
8401 39650
8401 31728
8401 6439
8401 6981
8401 41775
8401 12879
8401 41633
8401 19884
8401 3552
8401 17098
8401 7109
8401 42596
8401 10513
8401 8024
8401 34417
8401 8867
8401 19942
8401 10178
8401 10971
8401 40356
8401 49130
8401 22956
8401 5859
8401 13784
8401 5494
8401 31063
8401 40053
8401 32517
8401 24420
8401 12558
8401 38903
8401 7518
8401 38591
8401 41533
8401 30823
8401 38872
8401 39715
8401 22637
8401 22995
8401 26903
8401 10421
8401 936
8401 34540
8401 3151
8401 39326
8401 1761
8401 765
8401 19822
8401 42037
8401 25029
8401 29502
8401 7596
8401 6924
8401 44198
8401 20522
8401 14079
8401 15491
8401 7143
8401 16944
8401 20393
8401 43920
8401 34213
8401 1956
8401 24936
8401 10737
8401 43605
8401 36757
8401 36874
8401 44618
8401 24117
8401 49566
8401 44250
8401 48190
8401 45008
8401 48458
8401 863
8401 36948
8401 7250
8401 13741
8401 14350
8401 12124
8401 27171
8401 47177
8401 17723
8401 7387
8401 7890
8401 2581
8401 14407
8401 10094
8401 37106
8401 13294
8401 6512
8401 18928
8401 2265
8401 33179
8401 41019
8401 29987
8401 44614
8401 40496
8401 30603
8401 49053
8401 17536
8401 21261
8401 39614
8401 12722
8401 48684
8401 40910
8401 44642
8401 5570
8401 24337
8401 2927
8401 28752
8401 35980
8401 38112
8401 7808
8401 11543
8401 42667
8401 25996
8401 34672
8401 30934
8401 54
8401 23961
8401 33326
8401 25000
8401 31455
8401 11266
8401 29208
8401 16328
8401 31629
8401 5391
8401 14532
8401 48786
8401 7068
8401 46438
8401 45640
8401 32080
8401 37209
8401 19866
8401 2646
8401 47905
8401 25763
8401 37903
8401 9406
8401 45466
8401 46598
8401 39046
8401 13753
8401 33152
8401 696
8401 28045
8401 4346
8401 36910
8401 9710
8401 6478
8401 49590
8401 28690
8401 10375
8401 30114
8401 49690
8401 30856
8401 4992
8401 12919
8401 21595
8401 25058
8401 23088
8401 45393
8401 26914
8401 15861
8401 34724
8401 29489
8401 14510
8401 6050
8401 11156
8401 11377
8401 46128
8401 18517
8401 41896
8401 23071
8401 43302
8401 28184
8401 3809
8401 15331
8401 2727
8401 43546
8401 10316
8401 27783
8401 14036
8401 30029
8401 14945
8401 21395
8401 6425
8401 43595
8401 9726
8401 43914
8401 5283
8401 18237
8401 34653
8401 13558
8401 61
8401 13042
8401 3298
8401 17873
8401 8771
8401 40856
8401 36463
8401 25200
8401 2057
8401 25948
8401 41115
8401 6544
8401 2156
8401 46203
8401 4293
8401 37075
8401 11987
8401 31808
8401 49635
8401 32614
8401 19245
8401 18728
8401 43767
8401 18549
8401 8913
8401 20974
8401 46567
8401 35192
8401 21850
8401 30668
8401 14153
8401 4119
8401 45429
8401 32851
8401 44311
8401 450
8401 46982
8401 17485
8401 25886
8401 7758
8401 24094
8401 35541
8401 46758
8401 5477
8401 35472
8401 30584
8401 24824
8401 34365
8401 35143
8401 18290
8401 45563
8401 33075
8401 32834
8401 16895
8401 48918
8401 3748
8401 19013
8401 38146
8401 21064
8401 22702
8401 18748
8401 36427
8401 44611
8401 612
8401 20591
8401 35217
8401 12149
8401 15789
8401 47527
8401 10098
8401 26561
8401 41818
8401 49982
8401 39501
8401 29314
8401 14600
8401 38659
8401 20738
8401 25904
8401 16002
8401 9732
8401 18715
8401 14746
8401 48624
8401 10241
8401 26133
8401 31218
8401 48221
8401 35218
8401 3108
8401 3450
8401 7470
8401 42856
8401 38492
8401 6142
8401 21644
8401 41811
8401 20696
8401 28902
8401 38706
8401 29898
8401 8633
8401 22192
8401 14959
8401 32237
8401 33964
8401 40024
8401 26191
8401 8333
8401 18456
8401 12316
8401 25794
8401 10792
8401 4185
8401 41406
8401 40860
8401 36173
8401 23079
8401 850
8401 48302
8401 5089
8401 13677
8401 1383
8401 17239
8401 42543
8401 23214
8401 12694
8401 31321
8401 47225
8401 22619
8401 9907
8401 2394
8401 10550
8401 8307
8401 8148
8401 22265
8401 17427
8401 44440
8401 9857
8401 21236
8401 41130
8401 38503
8401 32352
8401 48513
8401 10618
8401 17295
8401 32599
8401 2813
8401 19790
8401 19281
8401 16862
8401 16425
8401 18446
8401 47418
8401 15778
8401 48239
8401 12606
8401 32653
8401 4083
8401 45262
8401 36015
8401 37510
8401 3515
8401 3372
8401 2726
8401 16392
8401 33605
8401 30405
8401 38491
8401 8014
8401 46082
8401 2237
8401 24765
8401 46330
8401 33453
8401 14697
8401 24136
8401 148
8401 12293
8401 31833
8401 19576
8401 18328
8401 26869
8401 22772
8401 288
8401 26146
8401 35334
8401 21315
8401 11124
8401 38692
8401 15471
8401 49385
8401 11580
8401 40675
8401 21423
8401 20017
8401 35322
8401 37693
8401 16298
8401 7000
8401 19165
8401 37880
8401 5550
8401 40519
8401 20388
8401 43901
8401 12437
8401 3304
8401 31621
8401 46893
8401 27132
8401 23497
8401 21874
8401 44712
8401 10893
8401 26216
8401 32864
8401 34091
8401 688
8401 11009
8401 46459
8401 30872
8401 43899
8401 23953
8401 19041
8401 10539
8401 13416
8401 20039
8401 43105
8401 1645
8401 11112
8401 43311
8401 16213
8401 13304
8401 17972
8401 18636
8401 35044
8401 46669
8401 4123
8401 36687
8401 47365
8401 23527
8401 10717
8401 47686
8401 11482
8401 36743
8401 21106
8401 18281
8401 15030
8401 27535
8401 25466
8401 4972
8401 14058
8401 29935
8401 12465
8401 13787
8401 421
8401 43985
8401 3669
8401 44502
8401 33864
8401 27644
8401 30664
8401 38871
8401 33126
8401 31482
8401 36414
8401 42884
8401 1937
8401 36043
8401 16125
8401 32835
8401 10037
8401 42473
8401 36557
8401 17361
8401 35696
8401 41790
8401 19865
8401 501
8401 31802
8401 44596
8401 34381
8401 27683
8401 27263
8401 25398
8401 6857
8401 19564
8401 26205
8401 35628
8401 15839
8401 46142
8401 9823
8401 36011
8401 48229
8401 31330
8401 47834
8401 49539
8401 21414
8401 12160
8401 16290
8401 23238
8401 8347
8401 13054
8401 34892
8401 43550
8401 19200
8401 31753
8401 49626
8401 32337
8401 45267
8401 7141
8401 46814
8401 1573
8401 3146
8401 37751
8401 859
8401 4728
8401 31822
8401 38838
8401 31745
8401 30882
8401 10884
8401 14361
8401 1112
8401 31961
8401 24019
8401 41648
8401 45148
8401 24392
8401 18889
8401 44345
8401 47353
8401 46124
8401 28262
8401 5946
8401 43713
8401 30117
8401 2198
8401 19734
8401 18106
8401 13680
8401 30786
8401 484
8401 22395
8401 12815
8401 24269
8401 14547
8401 12689
8401 30688
8401 43345
8401 39088
8401 34604
8401 3019
8401 28126
8401 19551
8401 24812
8401 33556
8401 16622
8401 49310
8401 45968
8401 1911
8401 43881
8401 26157
8401 652
8401 16477
8401 13319
8401 44696
8401 14158
8401 31303
8401 10699
8401 22725
8401 49656
8401 48081
8401 1271
8401 27229
8401 33459
8401 15086
8401 11907
8401 38841
8401 38037
8401 42713
8401 719
8401 23705
8401 44643
8401 20984
8401 44329
8401 46544
8401 15285
8401 28671
8401 5022
8401 15112
8401 26526
8401 40122
8401 24653
8401 41941
8401 5843
8401 22219
8401 17461
8401 18419
8401 26183
8401 18674
8401 43834
8401 24633
8401 10424
8401 35716
8401 11118
8401 23056
8401 26161
8401 23767
8401 12648
8401 35128
8401 8168
8401 3357
8401 46844
8401 34433
8401 19954
8401 18865
8401 33967
8401 44571
8401 25056
8401 45370
8401 7063
8401 19183
8401 27619
8401 38353
8401 36678
8401 35783
8401 48928
8401 19202
8401 14188
8401 42066
8401 6318
8401 5555
8401 4283
8401 17283
8401 18156
8401 14766
8401 47395
8401 35890
8401 18924
8401 30242
8401 41063
8401 41882
8401 21478
8401 12
8401 42684
8401 32922
8401 33079
8401 2672
8401 26967
8401 40706
8401 26299
8401 12025
8401 38091
8401 20266
8401 45916
8401 6888
8401 22060
8401 6401
8401 25317
8401 37268
8401 12035
8401 48629
8401 19890
8401 15713
8401 15673
8401 48585
8401 47618
8401 624
8401 44807
8401 24324
8401 36273
8401 24229
8401 46866
8401 49377
8401 8447
8401 36171
8401 24128
8401 22418
8401 3218
8401 6333
8401 36092
8401 14425
8401 3654
8401 128
8401 18503
8401 36589
8401 26076
8401 45447
8401 11557
8401 7659
8401 40156
8401 36469
8401 36326
8401 7851
8401 16917
8401 20263
8401 6036
8401 21995
8401 18042
8401 13826
8401 15528
8401 14873
8401 280
8401 22388
8401 11680
8401 47642
8401 9687
8401 15840
8401 21589
8401 37148
8401 36127
8401 14727
8401 36359
8401 27353
8401 49145
8401 9898
8401 42964
8401 44926
8401 7492
8401 28337
8401 8349
8401 46536
8401 1435
8401 14772
8401 13044
8401 30271
8401 25430
8401 42589
8401 14110
8401 36521
8401 40476
8401 22952
8401 3184
8401 10623
8401 13814
8401 13756
8401 16850
8401 41923
8401 44382
8401 18977
8401 46076
8401 38812
8401 6673
8401 27179
8401 12856
8401 23852
8401 36266
8401 41585
8401 45684
8401 17829
8401 2119
8401 47380
8401 21242
8401 36956
8401 22695
8401 33928
8401 22852
8401 25636
8401 21196
8401 8389
8401 24382
8401 31702
8401 42518
8401 45539
8401 5486
8401 34820
8401 19831
8401 35613
8401 49790
8401 3473
8401 42022
8401 16410
8401 39639
8401 12279
8401 5025
8401 37264
8401 33200
8401 43676
8401 16803
8401 17517
8401 29658
8401 44686
8401 8891
8401 16019
8401 40049
8401 35629
8401 30458
8401 18707
8401 36058
8401 15502
8401 5135
8401 18867
8401 6853
8401 38997
8401 26038
8401 40193
8401 2977
8401 40071
8401 28743
8401 15263
8401 43427
8401 29671
8401 34832
8401 4001
8401 6030
8401 24159
8401 40005
8401 28221
8401 12340
8401 33816
8401 4964
8401 49034
8401 23606
8401 6722
8401 47230
8401 34704
8401 24280
8401 49821
8401 26915
8401 2952
8401 8588
8401 33
8401 12968
8401 47018
8401 22677
8401 2257
8401 28812
8401 41958
8401 28617
8401 13461
8401 23904
8401 28419
8401 8198
8401 447
8401 6365
8401 11771
8401 21113
8401 43371
8401 40279
8401 46676
8401 7609
8401 23376
8401 21848
8401 9003
8401 36486
8401 39057
8401 29868
8401 17560
8401 31349
8401 4474
8401 37082
8401 5042
8401 33856
8401 36639
8401 19657
8401 26902
8401 25037
8401 29037
8401 8663
8401 48661
8401 14492
8401 43563
8401 38645
8401 12971
8401 2207
8401 5497
8401 36892
8401 326
8401 9216
8401 33749
8401 14686
8401 10179
8401 46556
8401 38228
8401 3655
8401 39337
8401 13967
8401 30651
8401 47693
8401 28075
8401 28773
8401 20761
8401 34338
8401 17430
8401 29998
8401 3532
8401 19578
8401 47401
8401 40635
8401 15776
8401 44495
8401 49361
8401 49147
8401 4088
8401 13111
8401 40305
8401 24831
8401 22346
8401 6752
8401 579
8401 39800
8401 21023
8401 7732
8401 10248
8401 16974
8401 46774
8401 14780
8401 41474
8401 45551
8401 14800
8401 31374
8401 25816
8401 49711
8401 33671
8401 5724
8401 7691
8401 477
8401 48658
8401 23212
8401 39519
8401 12194
8401 13934
8401 42502
8401 1196
8401 14832
8401 15222
8401 12854
8401 15797
8401 40589
8401 33958
8401 28602
8401 43645
8401 48119
8401 26317
8401 48688
8401 17597
8401 19906
8401 47872
8401 1923
8401 29060
8401 5698
8401 46600
8401 28081
8401 33027
8401 29001
8401 32116
8401 44852
8401 15962
8401 7149
8401 15151
8401 24082
8401 6779
8401 47398
8401 41346
8401 30365
8401 30167
8401 28685
8401 1139
8401 20235
8401 32119
8401 41105
8401 41342
8401 15658
8401 9499
8401 8041
8401 31290
8401 23729
8401 4515
8401 10568
8401 7530
8401 47224
8401 1858
8401 46659
8401 3520
8401 28438
8401 41323
8401 24795
8401 46115
8401 34615
8401 15672
8401 49850
8401 23405
8401 17505
8401 8511
8401 34163
8401 13734
8401 48779
8401 35209
8401 30573
8401 48899
8401 38980
8401 5176
8401 46840
8401 41270
8401 30778
8401 6941
8401 22029
8401 3579
8401 2437
8401 32490
8401 6387
8401 11795
8401 45086
8401 49220
8401 39580
8401 8501
8401 47671
8401 34025
8401 23126
8401 6553
8401 2469
8401 38784
8401 27012
8401 17897
8401 33994
8401 27305
8401 22896
8401 17504
8401 4518
8401 47634
8401 25298
8401 20712
8401 10406
8401 20922
8401 49451
8401 40713
8401 22009
8401 9427
8401 29912
8401 25637
8401 35317
8401 14649
8401 25804
8401 1664
8401 10656
8401 18887
8401 14422
8401 4288
8401 274
8401 3804
8401 25653
8401 2791
8401 13939
8401 27370
8401 33625
8401 23541
8401 12785
8401 22368
8401 46402
8401 5487
8401 29494
8401 47459
8401 48489
8401 6974
8401 49423
8401 26136
8401 25780
8401 17730
8401 34990
8401 26509
8401 6821
8401 33341
8401 43714
8401 23015
8401 16633
8401 2883
8401 5222
8401 11174
8401 47708
8401 17652
8401 38522
8401 13067
8401 39101
8401 44344
8401 39771
8401 19767
8401 7447
8401 13370
8401 45068
8401 18880
8401 10887
8401 8264
8401 38520
8401 31539
8401 1469
8401 46232
8401 48824
8401 48523
8401 29852
8401 389
8401 26539
8401 26292
8401 3990
8401 36131
8401 3627
8401 43930
8401 43785
8401 40290
8401 1044
8401 2302
8401 47682
8401 15187
8401 7472
8401 21953
8401 41813
8401 29458
8401 35216
8401 48312
8401 42119
8401 8825
8401 40617
8401 35991
8401 30769
8401 37159
8401 10323
8401 30220
8401 31352
8401 24400
8401 26843
8401 34238
8401 46243
8401 26283
8401 25320
8401 33466
8401 307
8401 4181
8401 43717
8401 32222
8401 43592
8401 46461
8401 7224
8401 11666
8401 32827
8401 31717
8401 36057
8401 20797
8401 21663
8401 2139
8401 28874
8401 17494
8401 11056
8401 9695
8401 29062
8401 17501
8401 14260
8401 19058
8401 13969
8401 20529
8401 29962
8401 9394
8401 47086
8401 7642
8401 39344
8401 18457
8401 16571
8401 8822
8401 48897
8401 32310
8401 21128
8401 20140
8401 26652
8401 42517
8401 11649
8401 8662
8401 44086
8401 16101
8401 11036
8401 39008
8401 16886
8401 20646
8401 44214
8401 1644
8401 16474
8401 11182
8401 27013
8401 48041
8401 32631
8401 18505
8401 30757
8401 17417
8401 14720
8401 8320
8401 49067
8401 26859
8401 26069
8401 17896
8401 36573
8401 34368
8401 47856
8401 1125
8401 42725
8401 24619
8401 8422
8401 12830
8401 30373
8401 48125
8401 45244
8401 41736
8401 31923
8401 29590
8401 15295
8401 14348
8401 43888
8401 36390
8401 49694
8401 7097
8401 11744
8401 26488
8401 36337
8401 1712
8401 38634
8401 38746
8401 7951
8401 34188
8401 19574
8401 20148
8401 30614
8401 39090
8401 44695
8401 28991
8401 9002
8401 49922
8401 47092
8401 34843
8401 41754
8401 12440
8401 23470
8401 39493
8401 35441
8401 47257
8401 37875
8401 34037
8401 33720
8401 21785
8401 13990
8401 44874
8401 14377
8401 46404
8401 17632
8401 13082
8401 43748
8401 28490
8401 26166
8401 19364
8401 43615
8401 10511
8401 10109
8401 42943
8401 38040
8401 31671
8401 30781
8401 40464
8401 15716
8401 202
8401 20349
8401 17819
8401 48266
8401 21897
8401 29560
8401 18373
8401 20201
8401 31245
8401 22482
8401 1896
8401 39623
8401 4286
8401 36105
8401 47895
8401 5252
8401 41404
8401 28784
8401 45488
8401 18008
8401 36162
8401 3223
8401 5128
8401 11091
8401 46533
8401 6215
8401 41612
8401 28590
8401 35132
8401 2676
8401 35955
8401 34883
8401 4290
8401 1783
8401 33272
8401 49814
8401 45583
8401 18702
8401 48235
8401 26485
8401 9354
8401 12793
8401 20671
8401 16034
8401 25663
8401 42458
8401 16883
8401 18441
8401 19097
8401 14983
8401 40665
8401 27147
8401 1129
8401 33063
8401 17312
8401 37658
8401 37398
8401 7279
8401 22046
8401 31885
8401 49897
8401 22137
8401 13424
8401 10986
8401 21270
8401 8455
8401 23797
8401 25386
8401 7077
8401 15421
8401 20911
8401 47044
8401 8386
8401 20287
8401 12513
8401 39852
8401 15298
8401 16139
8401 30319
8401 4276
8401 40184
8401 48005
8401 38718
8401 8286
8401 17014
8401 14909
8401 40327
8401 8425
8401 23291
8401 46864
8401 6022
8401 32097
8401 11781
8401 29058
8401 5012
8401 25654
8401 30448
8401 6889
8401 2117
8401 25368
8401 27587
8401 10962
8401 24909
8401 39202
8401 29916
8401 32623
8401 49805
8401 8531
8401 18440
8401 43519
8401 46432
8401 8431
8401 4572
8401 26575
8401 33557
8401 30546
8401 29969
8401 10658
8401 46209
8401 34475
8401 30777
8401 36699
8401 24704
8401 9641
8401 34058
8401 9971
8401 6437
8401 38301
8401 26615
8401 8604
8401 4846
8401 37087
8401 23156
8401 36336
8401 5324
8401 15946
8401 40682
8401 5659
8401 39963
8401 43892
8401 16857
8401 10356
8401 17563
8401 36345
8401 28841
8401 41207
8401 43716
8401 29774
8401 41031
8401 18652
8401 30441
8401 40149
8401 32933
8401 43915
8401 25738
8401 19512
8401 3264
8401 33067
8401 24277
8401 15248
8401 2167
8401 36037
8401 46023
8401 6369
8401 42975
8401 12211
8401 36375
8401 42850
8401 18502
8401 47015
8401 36063
8401 45791
8401 6496
8401 49983
8401 5816
8401 44280
8401 47660
8401 15382
8401 28666
8401 22002
8401 97
8401 39096
8401 26842
8401 37537
8401 4911
8401 15403
8401 42676
8401 41972
8401 9190
8401 31225
8401 22654
8401 22299
8401 24015
8401 49576
8401 7813
8401 5256
8401 42122
8401 28122
8401 40932
8401 23948
8401 17069
8401 46278
8401 14687
8401 3612
8401 6055
8401 27446
8401 10791
8401 45869
8401 48796
8401 7798
8401 36605
8401 42265
8401 40130
8401 819
8401 46003
8401 9230
8401 26397
8401 2966
8401 27865
8401 5045
8401 45013
8401 416
8401 42134
8401 34718
8401 4408
8401 3212
8401 2887
8401 35397
8401 24040
8401 25373
8401 43770
8401 32183
8401 2516
8401 10469
8401 2934
8401 28294
8401 12924
8401 15218
8401 23674
8401 30522
8401 4714
8401 30706
8401 12808
8401 26693
8401 9728
8401 49056
8401 33670
8401 25924
8401 44689
8401 39255
8401 34984
8401 31484
8401 30487
8401 8526
8401 1059
8401 48251
8401 40691
8401 31324
8401 1265
8401 14234
8401 1696
8401 31182
8401 37735
8401 10985
8401 5464
8401 6973
8401 21108
8401 3176
8401 32035
8401 29437
8401 11610
8401 22774
8401 31848
8401 14714
8401 21063
8401 31899
8401 5847
8401 36971
8401 22399
8401 35122
8401 9647
8401 35568
8401 47030
8401 14223
8401 1182
8401 1601
8401 22568
8401 15273
8401 15205
8401 13973
8401 37152
8401 13722
8401 912
8401 14094
8401 33490
8401 3057
8401 47096
8401 30060
8401 3220
8401 42040
8401 35616
8401 1994
8401 516
8401 30389
8401 38815
8401 40499
8401 2029
8401 20223
8401 37338
8401 35047
8401 2364
8401 5250
8401 45635
8401 30788
8401 4996
8401 24274
8401 6515
8401 49577
8401 30899
8401 35142
8401 1069
8401 19155
8401 2310
8401 21761
8401 27549
8401 44043
8401 3510
8401 29479
8401 33544
8401 8348
8401 26547
8401 33953
8401 6317
8401 18372
8401 21375
8401 9668
8401 48590
8401 5081
8401 37318
8401 6634
8401 44551
8401 39620
8401 39699
8401 5635
8401 14877
8401 10667
8401 29150
8401 6321
8401 42861
8401 40724
8401 28061
8401 11064
8401 42090
8401 18974
8401 12729
8401 22827
8401 41401
8401 23294
8401 31481
8401 28223
8401 24074
8401 1164
8401 36984
8401 11655
8401 23000
8401 3987
8401 39391
8401 9868
8401 47782
8401 38879
8401 38787
8401 21165
8401 28963
8401 14443
8401 8468
8401 12260
8401 25111
8401 4200
8401 32867
8401 31834
8401 49059
8401 18388
8401 26417
8401 9247
8401 14009
8401 42710
8401 9165
8401 39477
8401 27647
8401 9979
8401 621
8401 40088
8401 33121
8401 48369
8401 9821
8401 15786
8401 10872
8401 48558
8401 36983
8401 6451
8401 26366
8401 44211
8401 49170
8401 6326
8401 12446
8401 12868
8401 39735
8401 47869
8401 18861
8401 7687
8401 49285
8401 32795
8401 28123
8401 5572
8401 46202
8401 1745
8401 6884
8401 41057
8401 15110
8401 3113
8401 17963
8401 36538
8401 8331
8401 25526
8401 6328
8401 10171
8401 3548
8401 568
8401 14790
8401 17526
8401 31284
8401 48707
8401 48935
8401 31561
8401 10369
8401 46671
8401 22082
8401 39208
8401 48351
8401 38454
8401 15424
8401 22238
8401 47815
8401 24080
8401 39487
8401 34079
8401 43987
8401 49939
8401 1881
8401 31643
8401 37139
8401 12216
8401 22366
8401 44351
8401 4195
8401 43222
8401 39436
8401 29859
8401 17186
8401 16616
8401 8560
8401 26886
8401 11831
8401 17201
8401 40369
8401 37726
8401 42283
8401 47111
8401 47275
8401 36911
8401 17566
8401 41334
8401 5229
8401 41353
8401 13715
8401 25450
8401 32164
8401 38749
8401 47375
8401 38880
8401 4225
8401 4337
8401 25687
8401 33449
8401 46641
8401 33592
8401 27362
8401 1812
8401 21148
8401 42697
8401 9685
8401 10211
8401 45658
8401 23325
8401 45887
8401 36437
8401 24713
8401 40096
8401 19650
8401 17985
8401 25300
8401 21026
8401 3778
8401 43648
8401 32772
8401 37930
8401 10430
8401 46375
8401 15417
8401 45825
8401 17986
8401 43776
8401 34917
8401 21829
8401 18356
8401 37310
8401 37983
8401 43554
8401 1028
8401 21392
8401 43063
8401 15936
8401 10683
8401 13437
8401 39750
8401 45484
8401 49257
8401 110
8401 4699
8401 36731
8401 32591
8401 33695
8401 3323
8401 34532
8401 7423
8401 43179
8401 23745
8401 30074
8401 37503
8401 22162
8401 22892
8401 24293
8401 49100
8401 18649
8401 38036
8401 18296
8401 35426
8401 40150
8401 48023
8401 3444
8401 44408
8401 44528
8401 6816
8401 37939
8401 8465
8401 48451
8401 34215
8401 14544
8401 7802
8401 24953
8401 26977
8401 37900
8401 17688
8401 9552
8401 37049
8401 31044
8401 37399
8401 19965
8401 15727
8401 9016
8401 12013
8401 3765
8401 22169
8401 14382
8401 11544
8401 30377
8401 24204
8401 8739
8401 22032
8401 21668
8401 48297
8401 26576
8401 30296
8401 5441
8401 48566
8401 35171
8401 34200
8401 9139
8401 2652
8401 16744
8401 20182
8401 24228
8401 23319
8401 9078
8401 32410
8401 41122
8401 30635
8401 24155
8401 18822
8401 3909
8401 3774
8401 15980
8401 30292
8401 3318
8401 24582
8401 15628
8401 10772
8401 28912
8401 2949
8401 5781
8401 12719
8401 46845
8401 43340
8401 48386
8401 29221
8401 46410
8401 27248
8401 44228
8401 45894
8401 44191
8401 31966
8401 33038
8401 41103
8401 43259
8401 11520
8401 21124
8401 17299
8401 14683
8401 43073
8401 21959
8401 39795
8401 29833
8401 210
8401 23171
8401 44484
8401 26379
8401 25820
8401 24994
8401 47628
8401 46425
8401 25139
8401 24142
8401 28626
8401 11332
8401 1625
8401 45873
8401 14121
8401 23098
8401 35187
8401 10979
8401 22092
8401 13540
8401 23548
8401 49333
8401 7367
8401 24856
8401 1676
8401 25544
8401 42049
8401 8085
8401 26181
8401 4588
8401 31236
8401 4669
8401 3122
8401 36923
8401 32582
8401 21006
8401 3863
8401 4621
8401 45599
8401 34622
8401 31757
8401 38066
8401 27314
8401 26708
8401 14991
8401 47227
8401 1848
8401 41569
8401 11514
8401 16822
8401 6170
8401 5246
8401 8701
8401 2687
8401 16809
8401 44934
8401 47246
8401 32396
8401 40339
8401 4776
8401 23300
8401 32414
8401 11600
8401 38885
8401 19895
8401 39537
8401 34009
8401 26617
8401 22503
8401 16342
8401 17789
8401 19199
8401 28779
8401 19424
8401 46888
8401 2243
8401 29533
8401 40978
8401 15571
8401 16658
8401 3251
8401 31696
8401 28151
8401 5988
8401 33390
8401 7101
8401 28813
8401 49391
8401 37887
8401 15441
8401 44693
8401 37263
8401 37102
8401 187
8401 38133
8401 13242
8401 24118
8401 42645
8401 6992
8401 11475
8401 10904
8401 13860
8401 40879
8401 23104
8401 27222
8401 24092
8401 43403
8401 25017
8401 22558
8401 45622
8401 18374
8401 43274
8401 34446
8401 22577
8401 21251
8401 6735
8401 41086
8401 31002
8401 7923
8401 45060
8401 10851
8401 26754
8401 44733
8401 1451
8401 11047
8401 3292
8401 25607
8401 9107
8401 26705
8401 22304
8401 43893
8401 48576
8401 36632
8401 14403
8401 15540
8401 29577
8401 35800
8401 9891
8401 28673
8401 2473
8401 1258
8401 42982
8401 3325
8401 32344
8401 8163
8401 25519
8401 30685
8401 38810
8401 46267
8401 20028
8401 27778
8401 15741
8401 43043
8401 19728
8401 13595
8401 13872
8401 27153
8401 20136
8401 12284
8401 29867
8401 35538
8401 8295
8401 6247
8401 28082
8401 34131
8401 13633
8401 46086
8401 7632
8401 1166
8401 28806
8401 9220
8401 12044
8401 27050
8401 39788
8401 6192
8401 36052
8401 20154
8401 8107
8401 13501
8401 31443
8401 4610
8401 10151
8401 8928
8401 41726
8401 36422
8401 19030
8401 40984
8401 6237
8401 42481
8401 45790
8401 28544
8401 554
8401 19029
8401 32562
8401 29594
8401 36098
8401 22724
8401 47101
8401 46605
8401 32452
8401 48817
8401 11367
8401 16175
8401 3619
8401 42980
8401 15042
8401 37878
8401 49433
8401 49905
8401 17456
8401 41119
8401 6737
8401 31449
8401 905
8401 18431
8401 17030
8401 40407
8401 4705
8401 24248
8401 17973
8401 27603
8401 9101
8401 38073
8401 3010
8401 18645
8401 37754
8401 43771
8401 1276
8401 4732
8401 28408
8401 18579
8401 2461
8401 38247
8401 20381
8401 23042
8401 20015
8401 49807
8401 6658
8401 44491
8401 15779
8401 4942
8401 28975
8401 12071
8401 44692
8401 33774
8401 46991
8401 26408
8401 40593
8401 36524
8401 25531
8401 27565
8401 24722
8401 42624
8401 22
8401 33090
8401 6580
8401 8859
8401 31479
8401 46343
8401 13631
8401 46233
8401 13691
8401 43525
8401 48546
8401 24207
8401 19020
8401 23414
8401 8507
8401 35829
8401 12664
8401 13298
8401 26350
8401 17037
8401 44010
8401 45800
8401 20035
8401 46613
8401 14650
8401 17183
8401 17906
8401 22024
8401 48292
8401 12332
8401 47188
8401 40231
8401 18263
8401 41299
8401 11551
8401 24532
8401 5261
8401 38730
8401 41644
8401 33724
8401 22120
8401 33644
8401 42562
8401 7484
8401 40126
8401 26019
8401 807
8401 38442
8401 45919
8401 45540
8401 13089
8401 4418
8401 21062
8401 20562
8401 48465
8401 19206
8401 19441
8401 3807
8401 35100
8401 3953
8401 4871
8401 6166
8401 25088
8401 12802
8401 1837
8401 22491
8401 15317
8401 47673
8401 16599
8401 31403
8401 15638
8401 29950
8401 24975
8401 43660
8401 12929
8401 9408
8401 5798
8401 19612
8401 4092
8401 21191
8401 32798
8401 30091
8401 22384
8401 29516
8401 35124
8401 16697
8401 4635
8401 23178
8401 84
8401 42252
8401 40405
8401 3170
8401 40575
8401 13360
8401 13363
8401 47242
8401 6715
8401 17917
8401 18269
8401 10124
8401 31127
8401 7305
8401 30235
8401 36304
8401 35068
8401 29736
8401 27338
8401 19189
8401 31716
8401 18516
8401 12486
8401 39768
8401 36077
8401 11690
8401 11674
8401 475
8401 3531
8401 49199
8401 41465
8401 42193
8401 41062
8401 18586
8401 41222
8401 44348
8401 15820
8401 7677
8401 48739
8401 24728
8401 47231
8401 41348
8401 49380
8401 47518
8401 28480
8401 42791
8401 4
8401 14849
8401 47825
8401 17594
8401 18371
8401 842
8401 13816
8401 36824
8401 27209
8401 39977
8401 44991
8401 15666
8401 40870
8401 32069
8401 3679
8401 48553
8401 7343
8401 4349
8401 43544
8401 3310
8401 34142
8401 31286
8401 3247
8401 43011
8401 45052
8401 48839
8401 4056
8401 41565
8401 45165
8401 32246
8401 37593
8401 2286
8401 49175
8401 43925
8401 29214
8401 42683
8401 22118
8401 43026
8401 16222
8401 5610
8401 571
8401 8097
8401 13815
8401 35105
8401 14274
8401 35089
8401 10006
8401 18514
8401 24203
8401 12254
8401 40123
8401 7300
8401 31573
8401 6431
8401 16829
8401 34849
8401 16913
8401 45242
8401 42818
8401 7314
8401 45750
8401 27599
8401 18931
8401 35641
8401 43034
8401 296
8401 32879
8401 33966
8401 29323
8401 38504
8401 42745
8401 15546
8401 26514
8401 43896
8401 35189
8401 2604
8401 41079
8401 47102
8401 40017
8401 38735
8401 42825
8401 23586
8401 24618
8401 18333
8401 15176
8401 40974
8401 34758
8401 23067
8401 6115
8401 14848
8401 16001
8401 5764
8401 38448
8401 28962
8401 21205
8401 49122
8401 28095
8401 30555
8401 25533
8401 31019
8401 41907
8401 28236
8401 33472
8401 9514
8401 4800
8401 30213
8401 41885
8401 16143
8401 22803
8401 45678
8401 8571
8401 25378
8401 12778
8401 37890
8401 44804
8401 24935
8401 18513
8401 34879
8401 18350
8401 47743
8401 9923
8401 44236
8401 7083
8401 30255
8401 15775
8401 8623
8401 47787
8401 18809
8401 2106
8401 28678
8401 27818
8401 5152
8401 31905
8401 20298
8401 36724
8401 36804
8401 13901
8401 4240
8401 48714
8401 40839
8401 41176
8401 39269
8401 22142
8401 12775
8401 27859
8401 18970
8401 1978
8401 32231
8401 875
8401 22108
8401 25785
8401 23058
8401 8777
8401 27768
8401 40187
8401 36114
8401 48645
8401 11145
8401 7892
8401 5170
8401 3542
8401 23404
8401 19271
8401 30237
8401 33474
8401 10225
8401 25838
8401 44752
8401 23415
8401 25503
8401 49613
8401 16099
8401 1609
8401 44321
8401 39844
8401 39116
8401 16439
8401 38051
8401 36214
8401 9986
8401 32586
8401 20331
8401 35743
8401 12200
8401 22607
8401 45155
8401 4717
8401 29510
8401 13579
8401 4227
8401 1842
8401 43190
8401 6623
8401 48323
8401 26377
8401 4308
8401 39678
8401 40035
8401 45867
8401 2660
8401 1888
8401 21700
8401 10398
8401 27223
8401 37691
8401 33733
8401 8830
8401 20392
8401 18242
8401 12791
8401 4811
8401 26297
8401 25855
8401 12835
8401 48639
8401 16872
8401 44286
8401 2361
8401 13080
8401 37198
8401 2843
8401 4512
8401 42026
8401 22168
8401 18157
8401 20816
8401 44076
8401 32342
8401 42715
8401 20486
8401 26989
8401 220
8401 49414
8401 9241
8401 10848
8401 9929
8401 9816
8401 10825
8401 6563
8401 4378
8401 15552
8401 30759
8401 40794
8401 13447
8401 38689
8401 47204
8401 30055
8401 23330
8401 47473
8401 7712
8401 17539
8401 38672
8401 28790
8401 19934
8401 31272
8401 41430
8401 30525
8401 42711
8401 30889
8401 41770
8401 9557
8401 33521
8401 940
8401 7672
8401 7392
8401 30622
8401 17765
8401 16256
8401 26634
8401 39248
8401 44115
8401 6261
8401 34096
8401 12896
8401 30860
8401 36018
8401 48589
8401 1155
8401 31238
8401 42605
8401 12678
8401 44738
8401 20095
8401 9492
8401 36576
8401 24381
8401 17415
8401 24775
8401 18960
8401 6875
8401 24607
8401 26111
8401 171
8401 23947
8401 24962
8401 6676
8401 29657
8401 47606
8401 11121
8401 1144
8401 24163
8401 37245
8401 49112
8401 861
8401 26518
8401 45584
8401 48188
8401 43694
8401 5358
8401 18807
8401 24081
8401 10544
8401 11786
8401 25110
8401 23707
8401 46125
8401 19002
8401 24529
8401 49966
8401 10259
8401 15851
8401 40139
8401 12683
8401 48759
8401 16263
8401 23456
8401 26564
8401 6815
8401 5217
8401 3361
8401 49935
8401 21316
8401 45001
8401 47360
8401 44591
8401 37736
8401 2525
8401 12585
8401 19759
8401 26303
8401 41918
8401 47411
8401 22602
8401 38410
8401 45854
8401 19750
8401 14074
8401 22585
8401 16030
8401 24833
8401 18199
8401 8848
8401 11275
8401 31646
8401 7784
8401 30320
8401 43883
8401 23681
8401 7031
8401 41839
8401 27142
8401 34961
8401 26836
8401 31135
8401 2309
8401 27064
8401 40031
8401 11951
8401 28681
8401 15357
8401 28469
8401 39698
8401 35724
8401 12491
8401 7765
8401 17482
8401 21074
8401 29488
8401 25798
8401 9458
8401 17337
8401 33505
8401 49719
8401 45662
8401 37899
8401 40378
8401 28269
8401 47488
8401 28879
8401 37
8401 24077
8401 25194
8401 15853
8401 643
8401 23572
8401 3004
8401 10089
8401 31492
8401 36955
8401 12307
8401 40606
8401 8632
8401 7096
8401 11857
8401 45628
8401 28686
8401 22084
8401 35632
8401 11003
8401 25592
8401 46854
8401 42109
8401 31794
8401 31275
8401 5227
8401 1453
8401 47
8401 19876
8401 3422
8401 11100
8401 45688
8401 48674
8401 18568
8401 23776
8401 21930
8401 20156
8401 43332
8401 32717
8401 7049
8401 40022
8401 5300
8401 33647
8401 18312
8401 10605
8401 8461
8401 776
8401 34933
8401 5920
8401 25984
8401 6653
8401 35543
8401 13318
8401 12266
8401 30341
8401 44722
8401 35784
8401 40990
8401 40467
8401 6593
8401 11331
8401 6285
8401 29419
8401 28249
8401 35135
8401 44540
8401 9324
8401 47748
8401 47839
8401 38529
8401 29563
8401 16414
8401 39106
8401 49082
8401 30386
8401 19939
8401 38831
8401 11568
8401 9765
8401 25422
8401 13163
8401 1466
8401 33815
8401 5721
8401 21462
8401 15115
8401 16296
8401 29818
8401 25020
8401 32067
8401 10018
8401 36454
8401 412
8401 9951
8401 8357
8401 29901
8401 39294
8401 41308
8401 23773
8401 1201
8401 1057
8401 41580
8401 3608
8401 38249
8401 11487
8401 22854
8401 6440
8401 16395
8401 24276
8401 26907
8401 1478
8401 23281
8401 35621
8401 12075
8401 3858
8401 39733
8401 13045
8401 9267
8401 44798
8401 5432
8401 28458
8401 14258
8401 38616
8401 43625
8401 17210
8401 19233
8401 48769
8401 34141
8401 6978
8401 47050
8401 7782
8401 28379
8401 49985
8401 48787
8401 19821
8401 8170
8401 39109
8401 18703
8401 4264
8401 28032
8401 24190
8401 10957
8401 32563
8401 4797
8401 41139
8401 4555
8401 43232
8401 48204
8401 26631
8401 22616
8401 15765
8401 8704
8401 34340
8401 47084
8401 30874
8401 43701
8401 8314
8401 12098
8401 4540
8401 38015
8401 35905
8401 17640
8401 13332
8401 32962
8401 43841
8401 35096
8401 20338
8401 4836
8401 26464
8401 16378
8401 44677
8401 13442
8401 14490
8401 16025
8401 39635
8401 9623
8401 10470
8401 43818
8401 18464
8401 21219
8401 16308
8401 25512
8401 24014
8401 835
8401 31467
8401 42703
8401 22442
8401 37907
8401 19007
8401 44817
8401 14391
8401 44475
8401 41109
8401 41242
8401 49201
8401 8620
8401 14865
8401 25207
8401 14855
8401 29211
8401 25395
8401 17059
8401 47806
8401 6114
8401 30177
8401 24079
8401 21979
8401 20094
8401 21451
8401 16518
8401 21978
8401 33205
8401 33561
8401 36539
8401 20394
8401 12670
8401 18246
8401 39051
8401 9040
8401 20581
8401 41475
8401 2618
8401 1414
8401 13767
8401 38272
8401 6556
8401 32950
8401 34216
8401 27354
8401 5755
8401 36814
8401 7345
8401 28721
8401 33427
8401 48505
8401 18604
8401 30209
8401 33499
8401 37012
8401 3381
8401 20921
8401 8600
8401 5426
8401 16248
8401 9627
8401 41829
8401 28413
8401 16661
8401 39421
8401 33571
8401 8811
8401 38914
8401 5269
8401 44064
8401 16221
8401 17422
8401 46395
8401 25025
8401 1365
8401 35338
8401 38613
8401 46414
8401 19735
8401 16791
8401 9814
8401 30176
8401 32674
8401 6703
8401 19716
8401 25354
8401 44455
8401 44647
8401 38969
8401 3660
8401 34703
8401 12847
8401 8259
8401 34982
8401 21766
8401 8802
8401 46014
8401 19185
8401 34339
8401 7041
8401 2769
8401 44326
8401 31139
8401 43312
8401 35438
8401 49528
8401 15011
8401 45723
8401 32115
8401 49184
8401 1998
8401 40266
8401 4713
8401 29467
8401 24667
8401 45729
8401 5351
8401 48399
8401 31093
8401 20178
8401 11431
8401 47576
8401 27709
8401 2799
8401 49165
8401 36086
8401 19414
8401 21272
8401 46977
8401 9043
8401 35581
8401 16767
8401 15053
8401 18289
8401 28980
8401 20640
8401 43802
8401 36204
8401 39907
8401 39892
8401 39033
8401 1916
8401 7489
8401 40249
8401 17068
8401 30591
8401 7766
8401 15868
8401 7550
8401 44638
8401 30697
8401 9000
8401 20238
8401 45038
8401 5202
8401 42721
8401 31328
8401 29624
8401 16050
8401 5299
8401 23263
8401 25321
8401 32952
8401 25985
8401 38140
8401 32757
8401 14156
8401 34323
8401 10716
8401 21792
8401 5677
8401 27420
8401 48418
8401 17036
8401 27092
8401 35906
8401 48703
8401 37412
8401 4716
8401 2755
8401 14850
8401 33974
8401 306
8401 37114
8401 1682
8401 39371
8401 10227
8401 1432
8401 25839
8401 36533
8401 9787
8401 48776
8401 4682
8401 2780
8401 41017
8401 13107
8401 9147
8401 3632
8401 9100
8401 16091
8401 5405
8401 44641
8401 5714
8401 40571
8401 29393
8401 20162
8401 45379
8401 21685
8401 515
8401 44065
8401 31389
8401 43594
8401 27304
8401 46265
8401 11168
8401 39442
8401 43364
8401 37661
8401 43650
8401 34350
8401 44503
8401 22945
8401 1528
8401 7692
8401 27275
8401 48184
8401 12323
8401 17675
8401 36980
8401 36886
8401 36491
8401 4315
8401 45900
8401 3978
8401 31059
8401 30148
8401 18581
8401 4034
8401 27381
8401 16556
8401 18990
8401 15940
8401 300
8401 24596
8401 9119
8401 31981
8401 10496
8401 44971
8401 30362
8401 42430
8401 38173
8401 35110
8401 41253
8401 33632
8401 30866
8401 42236
8401 43572
8401 31373
8401 14607
8401 2594
8401 43793
8401 42548
8401 46989
8401 38952
8401 29631
8401 13113
8401 33238
8401 18512
8401 40719
8401 25863
8401 39757
8401 853
8401 11731
8401 32145
8401 27095
8401 36755
8401 23075
8401 360
8401 10468
8401 7161
8401 14730
8401 10671
8401 47127
8401 21593
8401 11374
8401 15998
8401 39020
8401 33515
8401 26725
8401 42361
8401 9042
8401 7526
8401 48257
8401 8025
8401 13003
8401 32634
8401 42315
8401 2786
8401 37931
8401 44951
8401 21322
8401 46952
8401 35362
8401 37154
8401 28862
8401 43662
8401 27569
8401 37500
8401 2292
8401 30990
8401 23130
8401 44000
8401 8614
8401 48246
8401 12713
8401 7465
8401 32021
8401 9615
8401 9715
8401 42528
8401 14695
8401 25254
8401 17739
8401 43827
8401 18644
8401 13555
8401 17956
8401 42959
8401 37872
8401 24980
8401 38853
8401 21221
8401 22098
8401 26102
8401 20167
8401 9411
8401 19116
8401 24355
8401 41917
8401 45566
8401 35343
8401 12780
8401 11916
8401 37609
8401 45587
8401 10928
8401 30626
8401 28839
8401 36563
8401 36765
8401 25644
8401 9901
8401 48265
8401 36707
8401 18216
8401 12910
8401 41231
8401 37269
8401 3254
8401 48222
8401 45110
8401 45394
8401 709
8401 34333
8401 46400
8401 45021
8401 39479
8401 15388
8401 29909
8401 23343
8401 5233
8401 3626
8401 42213
8401 30976
8401 12094
8401 1643
8401 24084
8401 14310
8401 45009
8401 42526
8401 39432
8401 35625
8401 28042
8401 36828
8401 3413
8401 22373
8401 11407
8401 15538
8401 9207
8401 8661
8401 42539
8401 17537
8401 6771
8401 1301
8401 49700
8401 22973
8401 27277
8401 40080
8401 28448
8401 12981
8401 24442
8401 32955
8401 30180
8401 25493
8401 25864
8401 31190
8401 22283
8401 47358
8401 47821
8401 37379
8401 8951
8401 37000
8401 10680
8401 32481
8401 2832
8401 13231
8401 18083
8401 143
8401 16360
8401 15438
8401 6070
8401 31171
8401 25374
8401 13296
8401 5992
8401 16808
8401 2222
8401 44399
8401 10989
8401 9717
8401 11576
8401 11769
8401 30936
8401 45323
8401 1124
8401 49151
8401 46767
8401 28052
8401 7634
8401 20861
8401 48296
8401 15740
8401 48171
8401 28257
8401 19545
8401 10883
8401 5561
8401 27348
8401 46393
8401 29614
8401 25937
8401 6861
8401 48667
8401 37117
8401 14288
8401 31298
8401 49345
8401 26411
8401 13626
8401 21753
8401 44736
8401 45811
8401 2408
8401 13279
8401 38959
8401 11415
8401 41059
8401 11146
8401 49994
8401 14749
8401 3895
8401 26688
8401 25042
8401 39988
8401 24416
8401 36611
8401 30372
8401 31823
8401 45210
8401 19877
8401 45489
8401 21601
8401 41516
8401 35173
8401 45868
8401 13745
8401 16954
8401 3167
8401 37963
8401 9811
8401 42578
8401 33226
8401 10798
8401 30624
8401 19524
8401 15523
8401 39104
8401 42424
8401 16441
8401 45703
8401 687
8401 102
8401 1599
8401 49900
8401 116
8401 49258
8401 26163
8401 20086
8401 24659
8401 23814
8401 34509
8401 4975
8401 11506
8401 15896
8401 10606
8401 26675
8401 43840
8401 33502
8401 10384
8401 16800
8401 6818
8401 39376
8401 30676
8401 42043
8401 18845
8401 12482
8401 26114
8401 10071
8401 9057
8401 36625
8401 39610
8401 49969
8401 24984
8401 40302
8401 44271
8401 2858
8401 34794
8401 21323
8401 23055
8401 24933
8401 7582
8401 21839
8401 2042
8401 28372
8401 47174
8401 27414
8401 31057
8401 47636
8401 12157
8401 39040
8401 30916
8401 13299
8401 7949
8401 48223
8401 6111
8401 7556
8401 11588
8401 31888
8401 38525
8401 14843
8401 45545
8401 13127
8401 2686
8401 6021
8401 5480
8401 24589
8401 35159
8401 17627
8401 49317
8401 4903
8401 3477
8401 4602
8401 44093
8401 37753
8401 6862
8401 40869
8401 49944
8401 2331
8401 44520
8401 31365
8401 2933
8401 48446
8401 35380
8401 21180
8401 47268
8401 35221
8401 27495
8401 26448
8401 6903
8401 15278
8401 1084
8401 41900
8401 14056
8401 20559
8401 47014
8401 39832
8401 30855
8401 32303
8401 48837
8401 15656
8401 36265
8401 19516
8401 24512
8401 27843
8401 45853
8401 18283
8401 44625
8401 17758
8401 42807
8401 11233
8401 5917
8401 966
8401 34248
8401 16436
8401 2941
8401 35046
8401 9516
8401 35102
8401 19916
8401 266
8401 38050
8401 2009
8401 38006
8401 20245
8401 14741
8401 14884
8401 36993
8401 36309
8401 7751
8401 1308
8401 29006
8401 48535
8401 39881
8401 48651
8401 19621
8401 39119
8401 10076
8401 40179
8401 34536
8401 26011
8401 37440
8401 2554
8401 25732
8401 39559
8401 721
8401 40198
8401 15988
8401 11271
8401 46273
8401 21284
8401 36769
8401 3894
8401 29885
8401 44633
8401 24652
8401 29943
8401 14516
8401 45313
8401 6116
8401 30619
8401 28069
8401 29275
8401 31383
8401 8756
8401 11051
8401 2274
8401 4960
8401 19259
8401 8423
8401 4073
8401 17748
8401 9439
8401 18564
8401 37126
8401 7321
8401 39424
8401 47988
8401 10023
8401 4919
8401 30655
8401 45713
8401 44865
8401 42425
8401 46005
8401 42188
8401 27423
8401 31697
8401 12384
8401 21583
8401 147
8401 19835
8401 10706
8401 12325
8401 48459
8401 2427
8401 40935
8401 39810
8401 27015
8401 42748
8401 40382
8401 22549
8401 12525
8401 47939
8401 12724
8401 30007
8401 32103
8401 21313
8401 36790
8401 30310
8401 46160
8401 42233
8401 14209
8401 20714
8401 41472
8401 21297
8401 3453
8401 33883
8401 18685
8401 26791
8401 12474
8401 35014
8401 36525
8401 24522
8401 7931
8401 5762
8401 34030
8401 233
8401 33987
8401 23181
8401 45045
8401 2262
8401 12951
8401 21235
8401 32643
8401 22220
8401 32790
8401 28485
8401 40047
8401 7298
8401 39717
8401 47359
8401 45032
8401 10563
8401 30475
8401 8190
8401 22308
8401 1214
8401 32730
8401 16031
8401 14975
8401 6471
8401 12587
8401 31420
8401 27708
8401 39575
8401 12953
8401 35196
8401 46557
8401 38470
8401 45113
8401 45642
8401 36706
8401 43228
8401 30669
8401 6472
8401 36653
8401 40486
8401 47133
8401 49469
8401 22811
8401 18566
8401 21280
8401 12341
8401 33359
8401 28854
8401 45541
8401 39327
8401 45663
8401 16538
8401 14028
8401 38046
8401 22383
8401 140
8401 8696
8401 9288
8401 37558
8401 44595
8401 7962
8401 35456
8401 49456
8401 11841
8401 40859
8401 46727
8401 26381
8401 15370
8401 10229
8401 4549
8401 30064
8401 20617
8401 2066
8401 5112
8401 1367
8401 12110
8401 5503
8401 43982
8401 7009
8401 30322
8401 12935
8401 533
8401 16285
8401 32439
8401 27673
8401 37005
8401 19331
8401 44081
8401 5844
8401 36036
8401 17042
8401 8990
8401 12921
8401 6601
8401 37167
8401 2694
8401 4158
8401 10621
8401 15326
8401 21383
8401 29306
8401 47922
8401 23789
8401 22314
8401 17496
8401 15576
8401 43487
8401 16551
8401 49816
8401 21291
8401 27950
8401 11889
8401 32269
8401 4311
8401 22888
8401 24516
8401 25314
8401 4680
8401 38848
8401 9278
8401 18500
8401 18582
8401 33016
8401 40987
8401 9155
8401 17781
8401 11948
8401 15825
8401 48461
8401 11010
8401 39971
8401 17031
8401 42174
8401 3916
8401 48702
8401 48917
8401 10850
8401 2954
8401 28819
8401 26959
8401 19709
8401 29267
8401 19039
8401 30384
8401 5334
8401 33239
8401 40068
8401 27502
8401 32954
8401 48172
8401 33870
8401 4081
8401 9573
8401 34489
8401 42453
8401 8776
8401 34911
8401 35594
8401 46210
8401 21043
8401 35297
8401 14507
8401 13387
8401 26437
8401 2658
8401 4287
8401 26695
8401 18741
8401 26782
8401 43478
8401 34109
8401 27911
8401 38018
8401 35368
8401 43262
8401 32635
8401 24768
8401 20587
8401 10973
8401 44636
8401 39644
8401 26383
8401 14624
8401 21293
8401 13909
8401 15041
8401 35943
8401 6942
8401 30275
8401 10450
8401 9020
8401 29230
8401 41880
8401 30854
8401 29759
8401 32889
8401 36823
8401 28468
8401 34282
8401 8532
8401 11314
8401 39617
8401 31616
8401 35838
8401 6049
8401 27336
8401 7557
8401 49441
8401 29717
8401 13248
8401 2120
8401 41804
8401 7914
8401 2633
8401 27055
8401 37108
8401 27302
8401 32394
8401 6582
8401 18172
8401 47816
8401 12687
8401 30248
8401 49270
8401 8647
8401 35857
8401 30645
8401 3474
8401 13506
8401 29190
8401 29664
8401 7055
8401 44025
8401 42530
8401 1278
8401 47148
8401 46922
8401 14491
8401 26942
8401 47029
8401 44273
8401 42782
8401 36708
8401 1668
8401 22221
8401 7203
8401 20858
8401 37240
8401 17071
8401 10046
8401 45645
8401 34219
8401 2503
8401 13215
8401 47011
8401 48165
8401 36233
8401 28170
8401 40280
8401 40269
8401 19522
8401 13276
8401 2105
8401 17391
8401 46484
8401 35499
8401 6491
8401 28323
8401 45419
8401 24983
8401 8915
8401 37635
8401 7790
8401 28641
8401 34322
8401 16356
8401 31123
8401 19671
8401 45246
8401 22289
8401 9777
8401 11952
8401 9865
8401 4539
8401 14948
8401 10970
8401 25380
8401 27439
8401 49541
8401 17490
8401 10520
8401 45745
8401 7608
8401 38077
8401 30971
8401 39178
8401 20812
8401 1971
8401 28709
8401 9065
8401 19006
8401 18783
8401 19607
8401 3471
8401 31721
8401 8304
8401 15688
8401 15130
8401 14770
8401 34344
8401 25150
8401 12055
8401 26555
8401 46262
8401 13762
8401 1671
8401 32803
8401 43187
8401 14380
8401 24115
8401 14122
8401 23759
8401 9457
8401 24973
8401 19804
8401 11975
8401 16729
8401 16665
8401 46934
8401 40252
8401 7710
8401 5293
8401 46741
8401 47058
8401 17980
8401 34193
8401 11419
8401 18182
8401 38343
8401 22356
8401 39220
8401 26619
8401 33433
8401 7752
8401 14231
8401 30984
8401 40557
8401 13707
8401 17835
8401 23955
8401 34191
8401 45479
8401 32437
8401 14818
8401 29674
8401 36059
8401 34750
8401 23866
8401 20037
8401 18034
8401 37367
8401 30110
8401 22589
8401 28067
8401 35707
8401 39748
8401 38451
8401 9339
8401 9956
8401 3401
8401 19969
8401 22111
8401 31499
8401 17469
8401 45542
8401 35392
8401 49384
8401 10409
8401 10760
8401 49578
8401 46087
8401 11835
8401 39922
8401 17646
8401 16773
8401 37432
8401 23591
8401 6421
8401 8391
8401 15084
8401 38830
8401 11285
8401 17003
8401 49709
8401 27457
8401 36282
8401 46111
8401 1702
8401 46603
8401 19060
8401 18841
8401 35638
8401 47879
8401 12912
8401 19129
8401 25076
8401 17622
8401 41552
8401 22755
8401 47780
8401 48846
8401 9475
8401 1222
8401 46251
8401 12052
8401 3336
8401 39823
8401 2068
8401 48570
8401 5434
8401 15592
8401 70
8401 16058
8401 17528
8401 9446
8401 10074
8401 16176
8401 28707
8401 3109
8401 27585
8401 3250
8401 7266
8401 41966
8401 45559
8401 1620
8401 40895
8401 17518
8401 13371
8401 1621
8401 15726
8401 33049
8401 41324
8401 34110
8401 46462
8401 8981
8401 8474
8401 42439
8401 1038
8401 15808
8401 40977
8401 39818
8401 9653
8401 11311
8401 28060
8401 32984
8401 15389
8401 48994
8401 5428
8401 19944
8401 7022
8401 38656
8401 39322
8401 14775
8401 3320
8401 49952
8401 8741
8401 3864
8401 26810
8401 18742
8401 21725
8401 6847
8401 44531
8401 13820
8401 39072
8401 25570
8401 34198
8401 48812
8401 27640
8401 17768
8401 35261
8401 22181
8401 31954
8401 34127
8401 47000
8401 12029
8401 22713
8401 46259
8401 34312
8401 45064
8401 11421
8401 16407
8401 995
8401 11790
8401 2957
8401 805
8401 14786
8401 44368
8401 16882
8401 45492
8401 18320
8401 12957
8401 11321
8401 25184
8401 13342
8401 36274
8401 11613
8401 32028
8401 26470
8401 10569
8401 7879
8401 15293
8401 10788
8401 39830
8401 39402
8401 44605
8401 29982
8401 9387
8401 26755
8401 30520
8401 18007
8401 43898
8401 25840
8401 8880
8401 45971
8401 24472
8401 38084
8401 29279
8401 25954
8401 7485
8401 20955
8401 1193
8401 22622
8401 5445
8401 41051
8401 42154
8401 24948
8401 30815
8401 29816
8401 18469
8401 13582
8401 35021
8401 28622
8401 25573
8401 33814
8401 31399
8401 2031
8401 44375
8401 38202
8401 49884
8401 48349
8401 9507
8401 16460
8401 2338
8401 993
8401 992
8401 17769
8401 2650
8401 273
8401 49856
8401 33095
8401 4825
8401 22769
8401 21454
8401 14248
8401 24418
8401 23133
8401 45279
8401 13647
8401 15826
8401 44527
8401 34393
8401 33575
8401 34244
8401 35854
8401 2981
8401 37523
8401 18070
8401 22636
8401 10509
8401 37768
8401 49416
8401 3178
8401 16999
8401 17394
8401 38255
8401 13673
8401 13748
8401 34290
8401 623
8401 6457
8401 22175
8401 40900
8401 9356
8401 25869
8401 1372
8401 43299
8401 962
8401 34705
8401 38832
8401 13223
8401 11365
8401 17012
8401 21846
8401 49526
8401 47514
8401 42046
8401 28833
8401 26372
8401 3877
8401 40470
8401 45402
8401 29013
8401 33796
8401 11650
8401 6646
8401 30532
8401 8988
8401 10845
8401 11292
8401 7089
8401 31432
8401 37877
8401 34125
8401 8597
8401 16028
8401 23078
8401 26717
8401 31003
8401 27681
8401 28553
8401 49174
8401 26453
8401 30557
8401 30116
8401 1810
8401 17270
8401 2578
8401 2761
8401 13104
8401 4217
8401 23984
8401 12673
8401 41333
8401 5989
8401 30509
8401 43678
8401 49284
8401 224
8401 40086
8401 34958
8401 46705
8401 793
8401 2575
8401 31754
8401 15466
8401 788
8401 40673
8401 48182
8401 47615
8401 8805
8401 20042
8401 19106
8401 49991
8401 16630
8401 34690
8401 283
8401 18025
8401 36007
8401 32244
8401 10318
8401 27841
8401 16181
8401 49595
8401 10950
8401 47521
8401 12173
8401 48159
8401 27351
8401 16127
8401 25099
8401 8230
8401 8796
8401 23266
8401 639
8401 22758
8401 8883
8401 2422
8401 47315
8401 49193
8401 10978
8401 13491
8401 34829
8401 23272
8401 21656
8401 27191
8401 22154
8401 46325
8401 11589
8401 2880
8401 25180
8401 16081
8401 17825
8401 21035
8401 47946
8401 14528
8401 37709
8401 43777
8401 17360
8401 39406
8401 22518
8401 21077
8401 6541
8401 49488
8401 2315
8401 10814
8401 5850
8401 29390
8401 44028
8401 22501
8401 13375
8401 40072
8401 7532
8401 41168
8401 3297
8401 30782
8401 31114
8401 20460
8401 35208
8401 30096
8401 37178
8401 28301
8401 7129
8401 3766
8401 41609
8401 21876
8401 25223
8401 4875
8401 3294
8401 25346
8401 9115
8401 23441
8401 20877
8401 47272
8401 10400
8401 39991
8401 12871
8401 5496
8401 27207
8401 8886
8401 33507
8401 22578
8401 48700
8401 22315
8401 25297
8401 15274
8401 40362
8401 9779
8401 47827
8401 17948
8401 3242
8401 8899
8401 14464
8401 7595
8401 27663
8401 49301
8401 970
8401 12126
8401 13836
8401 19382
8401 32064
8401 21901
8401 7577
8401 15699
8401 12183
8401 16316
8401 2734
8401 32669
8401 25183
8401 35782
8401 32500
8401 41737
8401 43951
8401 10736
8401 34022
8401 4532
8401 30983
8401 46116
8401 27858
8401 21269
8401 12865
8401 11130
8401 46687
8401 35554
8401 24016
8401 12445
8401 2781
8401 30303
8401 32356
8401 5470
8401 28906
8401 15965
8401 42939
8401 36493
8401 42476
8401 18651
8401 2354
8401 20626
8401 42691
8401 10256
8401 34938
8401 25018
8401 48503
8401 27934
8401 7409
8401 26008
8401 20146
8401 18701
8401 18354
8401 2644
8401 43656
8401 29391
8401 46321
8401 13859
8401 23411
8401 9493
8401 23203
8401 5701
8401 5596
8401 23243
8401 6587
8401 26323
8401 39328
8401 36005
8401 7598
8401 27260
8401 3866
8401 40749
8401 40003
8401 19274
8401 21580
8401 26895
8401 8860
8401 49159
8401 24202
8401 29350
8401 3027
8401 6432
8401 46419
8401 2782
8401 1370
8401 33470
8401 8817
8401 34830
8401 35687
8401 33569
8401 22290
8401 12413
8401 22445
8401 10172
8401 49235
8401 32499
8401 44284
8401 25201
8401 13991
8401 32523
8401 13685
8401 19771
8401 29677
8401 39004
8401 47643
8401 47944
8401 14808
8401 8240
8401 45126
8401 37193
8401 29048
8401 1827
8401 35255
8401 32533
8401 46816
8401 23111
8401 1940
8401 40716
8401 1299
8401 16972
8401 14567
8401 7622
8401 6977
8401 15347
8401 657
8401 46481
8401 13614
8401 24387
8401 35790
8401 39712
8401 28957
8401 8889
8401 47330
8401 36750
8401 31718
8401 27591
8401 6743
8401 23428
8401 26441
8401 47817
8401 19438
8401 48940
8401 15600
8401 42012
8401 2062
8401 14717
8401 9223
8401 14203
8401 39238
8401 47924
8401 48409
8401 13072
8401 5922
8401 46247
8401 15007
8401 26200
8401 38697
8401 43753
8401 1471
8401 4135
8401 39990
8401 14878
8401 13539
8401 34485
8401 17734
8401 3640
8401 31226
8401 29771
8401 38458
8401 3331
8401 30543
8401 28993
8401 3161
8401 12286
8401 33591
8401 25946
8401 20229
8401 23771
8401 3955
8401 46549
8401 34342
8401 3296
8401 16733
8401 5056
8401 40592
8401 37475
8401 19807
8401 11845
8401 11592
8401 1724
8401 29122
8401 997
8401 22205
8401 9248
8401 24670
8401 47404
8401 40008
8401 25569
8401 29453
8401 45850
8401 31653
8401 14004
8401 6032
8401 45376
8401 34944
8401 21820
8401 42806
8401 5485
8401 17405
8401 49432
8401 9780
8401 8045
8401 503
8401 17828
8401 49038
8401 9967
8401 29829
8401 19004
8401 38640
8401 21389
8401 36946
8401 15351
8401 4390
8401 6777
8401 5825
8401 13117
8401 38026
8401 36855
8401 13439
8401 21146
8401 50000
8401 21537
8401 17150
8401 31934
8401 8056
8401 45983
8401 43238
8401 9550
8401 33635
8401 34587
8401 15147
8401 10987
8401 9035
8401 46178
8401 41157
8401 36610
8401 43404
8401 31771
8401 2756
8401 13546
8401 9123
8401 7469
8401 20036
8401 26568
8401 31592
8401 27401
8401 9205
8401 32033
8401 40221
8401 24285
8401 40000
8401 21169
8401 37787
8401 34880
8401 37459
8401 19228
8401 11119
8401 19071
8401 25252
8401 7347
8401 49259
8401 33222
8401 10415
8401 28687
8401 34182
8401 23030
8401 38195
8401 40997
8401 18816
8401 25619
8401 32781
8401 33119
8401 26531
8401 5353
8401 17591
8401 27473
8401 30168
8401 11221
8401 10099
8401 9357
8401 49039
8401 34499
8401 9480
8401 38507
8401 3200
8401 33387
8401 6948
8401 14924
8401 29218
8401 31490
8401 17431
8401 14636
8401 25077
8401 46255
8401 47332
8401 26492
8401 11302
8401 8176
8401 40951
8401 33823
8401 13565
8401 38510
8401 1484
8401 22934
8401 13035
8401 8733
8401 3989
8401 46302
8401 25063
8401 18196
8401 20929
8401 34367
8401 6700
8401 19800
8401 40566
8401 21005
8401 31252
8401 45694
8401 13288
8401 18079
8401 39492
8401 27052
8401 17548
8401 15987
8401 30194
8401 49973
8401 5577
8401 30327
8401 16258
8401 9106
8401 32128
8401 48219
8401 6191
8401 16609
8401 39804
8401 11011
8401 6133
8401 15899
8401 17276
8401 16267
8401 36848
8401 25319
8401 26173
8401 38674
8401 15783
8401 10101
8401 6635
8401 12997
8401 49723
8401 48744
8401 11532
8401 37932
8401 23306
8401 44463
8401 40840
8401 25133
8401 9564
8401 24124
8401 48557
8401 48049
8401 36066
8401 40686
8401 25089
8401 32971
8401 14321
8401 1648
8401 9601
8401 28500
8401 36497
8401 33100
8401 44602
8401 47931
8401 4272
8401 35050
8401 34235
8401 14978
8401 5727
8401 106
8401 9797
8401 16379
8401 47552
8401 9999
8401 29376
8401 27472
8401 5026
8401 33287
8401 39017
8401 34229
8401 42378
8401 7513
8401 4229
8401 46760
8401 2414
8401 2246
8401 44104
8401 36987
8401 39007
8401 18213
8401 23685
8401 38726
8401 6769
8401 24219
8401 12936
8401 26341
8401 20985
8401 17502
8401 5298
8401 39360
8401 18444
8401 24116
8401 18009
8401 40731
8401 10266
8401 19864
8401 42492
8401 4388
8401 18819
8401 1983
8401 15565
8401 42477
8401 39628
8401 49989
8401 4991
8401 32178
8401 9096
8401 25486
8401 36192
8401 23538
8401 5071
8401 1319
8401 24673
8401 26057
8401 35348
8401 12569
8401 23724
8401 28227
8401 39145
8401 33255
8401 3595
8401 15624
8401 40460
8401 20968
8401 32317
8401 7296
8401 24199
8401 41952
8401 18081
8401 36695
8401 22615
8401 18588
8401 41453
8401 45055
8401 32504
8401 19752
8401 19753
8401 5476
8401 32739
8401 5760
8401 20778
8401 25362
8401 27394
8401 15440
8401 9567
8401 41654
8401 12303
8401 21256
8401 35416
8401 24258
8401 12087
8401 45350
8401 11877
8401 25921
8401 49005
8401 29161
8401 35031
8401 45289
8401 40350
8401 45673
8401 10517
8401 743
8401 37579
8401 12151
8401 49487
8401 36489
8401 49810
8401 20517
8401 46510
8401 6711
8401 30128
8401 42834
8401 29553
8401 21252
8401 5322
8401 10742
8401 37723
8401 845
8401 42438
8401 5895
8401 3441
8401 39884
8401 19494
8401 10537
8401 36810
8401 28507
8401 41407
8401 45426
8401 20759
8401 16623
8401 27770
8401 14278
8401 39801
8401 7894
8401 21841
8401 46394
8401 47309
8401 36455
8401 3921
8401 3289
8401 15094
8401 17106
8401 13608
8401 30733
8401 39199
8401 27758
8401 10053
8401 35032
8401 5284
8401 21145
8401 21673
8401 30884
8401 16524
8401 27386
8401 1250
8401 42286
8401 8666
8401 14576
8401 41252
8401 31533
8401 10942
8401 15058
8401 26516
8401 7449
8401 35737
8401 46378
8401 9670
8401 24053
8401 11933
8401 18983
8401 7911
8401 14771
8401 6856
8401 42875
8401 649
8401 21030
8401 9032
8401 12464
8401 8903
8401 18908
8401 16606
8401 8680
8401 813
8401 21141
8401 11678
8401 48004
8401 41101
8401 10532
8401 45109
8401 20281
8401 9508
8401 24070
8401 9398
8401 48334
8401 28717
8401 16511
8401 614
8401 19437
8401 28268
8401 46911
8401 48959
8401 47811
8401 32284
8401 8728
8401 18796
8401 34467
8401 46364
8401 45963
8401 6783
8401 21680
8401 48573
8401 10881
8401 4856
8401 3719
8401 10522
8401 25913
8401 44041
8401 46917
8401 41961
8401 27748
8401 2097
8401 49682
8401 42784
8401 10696
8401 16932
8401 11306
8401 24328
8401 22044
8401 31036
8401 2333
8401 36328
8401 29398
8401 29215
8401 15127
8401 38896
8401 25903
8401 15162
8401 45049
8401 36776
8401 1854
8401 22868
8401 40455
8401 14742
8401 34375
8401 15459
8401 19164
8401 19538
8401 38619
8401 14611
8401 45762
8401 32884
8401 47916
8401 1010
8401 27601
8401 10641
8401 36688
8401 49543
8401 35596
8401 35421
8401 40260
8401 33853
8401 27496
8401 30325
8401 2953
8401 33581
8401 26955
8401 41572
8401 27297
8401 49772
8401 38611
8401 2111
8401 37042
8401 33623
8401 33012
8401 31825
8401 21121
8401 22073
8401 47500
8401 47485
8401 38581
8401 9449
8401 29730
8401 14723
8401 16533
8401 9768
8401 10787
8401 4167
8401 14167
8401 48301
8401 22565
8401 48983
8401 28911
8401 48551
8401 22282
8401 4064
8401 42382
8401 36998
8401 48676
8401 9383
8401 25485
8401 15188
8401 20084
8401 31367
8401 38996
8401 49474
8401 45627
8401 14828
8401 35295
8401 11524
8401 27363
8401 27049
8401 25060
8401 47733
8401 30687
8401 48574
8401 16056
8401 25396
8401 9303
8401 21134
8401 42338
8401 31749
8401 27169
8401 35325
8401 25756
8401 42322
8401 18997
8401 47028
8401 36657
8401 31874
8401 28310
8401 47742
8401 15847
8401 38941
8401 3267
8401 7909
8401 7356
8401 42820
8401 14217
8401 3677
8401 275
8401 13721
8401 6389
8401 36726
8401 6052
8401 26012
8401 16588
8401 48807
8401 31798
8401 35549
8401 35849
8401 947
8401 7646
8401 12989
8401 34519
8401 13302
8401 32934
8401 40679
8401 7926
8401 7847
8401 45287
8401 26603
8401 49148
8401 7248
8401 25446
8401 6212
8401 2230
8401 8930
8401 39383
8401 11043
8401 27018
8401 47762
8401 16446
8401 40364
8401 44148
8401 6773
8401 15173
8401 10775
8401 34237
8401 40076
8401 33029
8401 37703
8401 24188
8401 25304
8401 23925
8401 10233
8401 15529
8401 40567
8401 46197
8401 37843
8401 9604
8401 626
8401 12887
8401 22847
8401 13008
8401 45793
8401 34254
8401 37569
8401 12443
8401 3855
8401 44960
8401 37874
8401 34908
8401 35228
8401 9839
8401 16211
8401 45259
8401 72
8401 16621
8401 10804
8401 38664
8401 14005
8401 45580
8401 8446
8401 29668
8401 22710
8401 10097
8401 45820
8401 41337
8401 10133
8401 44316
8401 31366
8401 44481
8401 12243
8401 2988
8401 18919
8401 14634
8401 45614
8401 49268
8401 43878
8401 27672
8401 16129
8401 35609
8401 31066
8401 40158
8401 14846
8401 10729
8401 15570
8401 11296
8401 22818
8401 47017
8401 25986
8401 30312
8401 31987
8401 16924
8401 2011
8401 23837
8401 18135
8401 1121
8401 2915
8401 7074
8401 37934
8401 31734
8401 8285
8401 45074
8401 6289
8401 742
8401 31250
8401 25054
8401 28084
8401 44998
8401 5499
8401 28161
8401 20251
8401 13406
8401 42917
8401 45558
8401 14386
8401 21947
8401 18490
8401 44997
8401 23420
8401 27977
8401 22344
8401 24370
8401 15558
8401 25470
8401 28497
8401 16122
8401 16834
8401 17443
8401 34223
8401 13663
8401 14434
8401 7303
8401 2894
8401 47695
8401 27643
8401 33024
8401 2214
8401 18417
8401 38002
8401 49250
8401 41873
8401 45924
8401 29670
8401 38564
8401 20760
8401 14783
8401 29205
8401 33604
8401 4998
8401 41193
8401 11095
8401 3695
8401 5248
8401 14247
8401 31633
8401 19892
8401 39956
8401 26471
8401 7302
8401 19832
8401 46883
8401 2328
8401 43261
8401 14091
8401 34239
8401 43872
8401 6585
8401 36677
8401 1497
8401 411
8401 35726
8401 47316
8401 36053
8401 10372
8401 39668
8401 15299
8401 27564
8401 25682
8401 35989
8401 3827
8401 43425
8401 26222
8401 18897
8401 12786
8401 25867
8401 5952
8401 21769
8401 6940
8401 8145
8401 2510
8401 10260
8401 42208
8401 2905
8401 16225
8401 25849
8401 35084
8401 44514
8401 12186
8401 1483
8401 10857
8401 31015
8401 37022
8401 48102
8401 41027
8401 5657
8401 38803
8401 37014
8401 1853
8401 26209
8401 15619
8401 36206
8401 219
8401 9386
8401 42198
8401 48549
8401 10390
8401 36809
8401 47479
8401 1679
8401 26211
8401 7021
8401 41689
8401 23926
8401 43634
8401 27435
8401 46820
8401 14264
8401 43560
8401 18884
8401 35075
8401 6626
8401 11346
8401 35291
8401 48485
8401 13433
8401 7750
8401 20054
8401 37364
8401 8125
8401 8919
8401 36542
8401 27303
8401 2182
8401 39115
8401 45693
8401 2327
8401 21550
8401 19857
8401 23092
8401 17648
8401 2931
8401 48402
8401 9739
8401 47999
8401 20197
8401 25393
8401 1730
8401 6558
8401 37588
8401 21762
8401 1476
8401 2047
8401 36065
8401 37953
8401 22692
8401 2347
8401 24840
8401 45441
8401 35695
8401 44415
8401 31151
8401 259
8401 43357
8401 47770
8401 2752
8401 8325
8401 23550
8401 7969
8401 42140
8401 3008
8401 11335
8401 7065
8401 45921
8401 5925
8401 45764
8401 15432
8401 6390
8401 38589
8401 48466
8401 37774
8401 6193
8401 14895
8401 32581
8401 7658
8401 9260
8401 19411
8401 19408
8401 8987
8401 14511
8401 15631
8401 15267
8401 41228
8401 2023
8401 23793
8401 13474
8401 45336
8401 23091
8401 24712
8401 16472
8401 26667
8401 30000
8401 48895
8401 45327
8401 509
8401 11950
8401 31639
8401 36614
8401 34082
8401 41396
8401 32298
8401 8983
8401 42659
8401 37210
8401 24999
8401 18939
8401 30330
8401 13953
8401 49111
8401 7569
8401 21525
8401 42116
8401 45735
8401 12107
8401 16337
8401 1525
8401 47641
8401 45995
8401 46666
8401 38985
8401 15481
8401 521
8401 247
8401 34047
8401 1723
8401 32468
8401 32800
8401 7019
8401 14964
8401 14082
8401 24141
8401 40236
8401 6269
8401 42754
8401 1230
8401 15401
8401 14446
8401 15398
8401 17684
8401 5344
8401 30580
8401 25228
8401 7191
8401 1718
8401 19101
8401 22623
8401 32548
8401 35367
8401 16363
8401 49908
8401 12862
8401 43819
8401 41802
8401 16105
8401 7147
8401 262
8401 20401
8401 16200
8401 38085
8401 19350
8401 8104
8401 5235
8401 43147
8401 25910
8401 14276
8401 19674
8401 30992
8401 46051
8401 26817
8401 24903
8401 29957
8401 511
8401 2450
8401 11466
8401 48361
8401 19661
8401 42147
8401 28558
8401 17931
8401 9193
8401 21736
8401 35516
8401 43596
8401 44628
8401 31590
8401 4213
8401 8167
8401 11373
8401 32906
8401 27364
8401 5973
8401 39265
8401 20079
8401 7054
8401 23264
8401 30658
8401 10868
8401 26935
8401 37613
8401 8271
8401 9064
8401 33418
8401 39948
8401 32682
8401 27508
8401 42955
8401 35260
8401 38639
8401 2742
8401 19774
8401 41628
8401 24544
8401 36697
8401 49965
8401 48876
8401 23020
8401 14394
8401 13601
8401 20260
8401 14629
8401 10820
8401 14458
8401 23086
8401 8541
8401 25437
8401 48762
8401 17198
8401 45161
8401 41183
8401 22581
8401 11526
8401 22429
8401 4534
8401 20686
8401 43213
8401 17532
8401 8963
8401 26661
8401 44835
8401 642
8401 44994
8401 2318
8401 12471
8401 8223
8401 2743
8401 49987
8401 46279
8401 17404
8401 44891
8401 7764
8401 15212
8401 15335
8401 47587
8401 6319
8401 1873
8401 15575
8401 9098
8401 7348
8401 44637
8401 17522
8401 18524
8401 11354
8401 47048
8401 49521
8401 2875
8401 24777
8401 29334
8401 36381
8401 33872
8401 10058
8401 15618
8401 15157
8401 23239
8401 5752
8401 25623
8401 40211
8401 5643
8401 24393
8401 47335
8401 717
8401 8084
8401 36125
8401 15706
8401 21212
8401 22657
8401 24361
8401 37454
8401 25992
8401 3585
8401 34293
8401 46873
8401 31935
8401 22242
8401 7902
8401 2240
8401 20493
8401 28964
8401 27232
8401 15065
8401 45184
8401 6650
8401 455
8401 4284
8401 8895
8401 15517
8401 950
8401 2189
8401 38827
8401 29381
8401 28954
8401 14993
8401 29
8401 19594
8401 36060
8401 22701
8401 12436
8401 42792
8401 28503
8401 40806
8401 22235
8401 19605
8401 38194
8401 6002
8401 22575
8401 17
8401 41159
8401 25899
8401 34178
8401 12137
8401 24604
8401 48965
8401 42418
8401 34385
8401 8344
8401 5435
8401 27202
8401 22225
8401 8716
8401 32994
8401 29155
8401 26598
8401 14816
8401 35081
8401 32163
8401 38007
8401 1708
8401 44601
8401 3752
8401 40359
8401 24971
8401 6647
8401 43408
8401 7724
8401 44534
8401 44721
8401 29113
8401 23204
8401 46526
8401 14160
8401 39229
8401 37129
8401 31682
8401 16713
8401 21401
8401 24244
8401 22718
8401 12255
8401 27306
8401 44490
8401 35233
8401 9416
8401 15183
8401 14824
8401 37287
8401 3481
8401 2496
8401 16115
8401 16951
8401 32373
8401 30160
8401 30047
8401 28682
8401 44698
8401 9054
8401 24821
8401 38108
8401 10314
8401 10336
8401 6568
8401 22494
8401 49450
8401 11172
8401 22826
8401 2136
8401 47723
8401 15281
8401 18843
8401 34330
8401 21614
8401 16797
8401 44653
8401 41451
8401 9181
8401 28459
8401 19847
8401 12744
8401 25316
8401 35535
8401 48764
8401 15391
8401 26415
8401 705
8401 40640
8401 27654
8401 35824
8401 21764
8401 19015
8401 24464
8401 19862
8401 17314
8401 20742
8401 1018
8401 3222
8401 1418
8401 28273
8401 28029
8401 24374
8401 28302
8401 7093
8401 32013
8401 37028
8401 49409
8401 35661
8401 34048
8401 38789
8401 32014
8401 6324
8401 32332
8401 23610
8401 13246
8401 37451
8401 35930
8401 22985
8401 1626
8401 32706
8401 9587
8401 16509
8401 40717
8401 7920
8401 5088
8401 35736
8401 2127
8401 44623
8401 26041
8401 20899
8401 15154
8401 49164
8401 232
8401 41234
8401 23117
8401 19423
8401 14984
8401 26722
8401 21515
8401 17890
8401 31556
8401 10061
8401 49473
8401 31739
8401 48357
8401 26501
8401 34929
8401 5642
8401 17565
8401 10371
8401 10616
8401 44396
8401 34662
8401 13052
8401 45880
8401 35029
8401 48881
8401 30140
8401 4566
8401 49275
8401 22543
8401 9298
8401 17196
8401 44709
8401 596
8401 44322
8401 9740
8401 29921
8401 17770
8401 43329
8401 43114
8401 22370
8401 244
8401 19264
8401 18777
8401 27821
8401 34534
8401 35244
8401 40727
8401 2545
8401 46574
8401 17047
8401 13676
8401 3417
8401 45698
8401 19003
8401 35636
8401 21442
8401 14581
8401 31456
8401 45732
8401 4870
8401 39468
8401 7553
8401 38509
8401 25979
8401 20294
8401 14424
8401 44505
8401 11660
8401 5615
8401 44937
8401 42927
8401 38184
8401 49016
8401 28153
8401 3367
8401 40263
8401 25809
8401 777
8401 31878
8401 34088
8401 9961
8401 49203
8401 30683
8401 15139
8401 13568
8401 41243
8401 26624
8401 19509
8401 28809
8401 41814
8401 48432
8401 23307
8401 14777
8401 25610
8401 29316
8401 24068
8401 38849
8401 18508
8401 24421
8401 20443
8401 39009
8401 21943
8401 23706
8401 22323
8401 23826
8401 8070
8401 43877
8401 42581
8401 16671
8401 34533
8401 44283
8401 26186
8401 47478
8401 47429
8401 22030
8401 43803
8401 41463
8401 2229
8401 45276
8401 7455
8401 16769
8401 30957
8401 7168
8401 12598
8401 44223
8401 43223
8401 26864
8401 46953
8401 5132
8401 45115
8401 33195
8401 5791
8401 11210
8401 35665
8401 7043
8401 10516
8401 34814
8401 40746
8401 26820
8401 10702
8401 20996
8401 14689
8401 23912
8401 30315
8401 17396
8401 8548
8401 40142
8401 29152
8401 30295
8401 9584
8401 20934
8401 1058
8401 15717
8401 42316
8401 23190
8401 30200
8401 4087
8401 25417
8401 49993
8401 19250
8401 20097
8401 38556
8401 18596
8401 16743
8401 40363
8401 25659
8401 26432
8401 10795
8401 43474
8401 12336
8401 12455
8401 41503
8401 7807
8401 28855
8401 34311
8401 28417
8401 15118
8401 41588
8401 44797
8401 31752
8401 40334
8401 35445
8401 43611
8401 4055
8401 26776
8401 26826
8401 34839
8401 34588
8401 27552
8401 4085
8401 37660
8401 39999
8401 8528
8401 10166
8401 39379
8401 24265
8401 42661
8401 24316
8401 35037
8401 24263
8401 39198
8401 11710
8401 18134
8401 49551
8401 26031
8401 10000
8401 11511
8401 31821
8401 28567
8401 13407
8401 12635
8401 20088
8401 41658
8401 28858
8401 33630
8401 18082
8401 35920
8401 17296
8401 32585
8401 30364
8401 48345
8401 30908
8401 29864
8401 42489
8401 43158
8401 23823
8401 49957
8401 313
8401 25733
8401 39037
8401 45986
8401 4467
8401 41345
8401 6718
8401 33889
8401 3691
8401 23423
8401 20736
8401 25255
8401 17545
8401 23362
8401 10984
8401 40601
8401 28375
8401 9970
8401 16626
8401 3513
8401 48058
8401 48419
8401 10081
8401 3530
8401 47449
8401 5705
8401 19385
8401 25040
8401 19288
8401 6010
8401 24010
8401 24710
8401 47191
8401 43482
8401 15265
8401 49331
8401 12321
8401 23792
8401 5151
8401 30302
8401 25716
8401 30479
8401 48889
8401 33411
8401 47525
8401 37639
8401 47992
8401 49655
8401 19371
8401 12636
8401 26159
8401 44699
8401 18217
8401 20128
8401 12237
8401 12375
8401 19045
8401 215
8401 3087
8401 8504
8401 20558
8401 22685
8401 7836
8401 15271
8401 10461
8401 34807
8401 48659
8401 23588
8401 22601
8401 4502
8401 11963
8401 9626
8401 15992
8401 36264
8401 11508
8401 15654
8401 18375
8401 30485
8401 31809
8401 46559
8401 48109
8401 36181
8401 1228
8401 16888
8401 29192
8401 3721
8401 7361
8401 16941
8401 49161
8401 37438
8401 39974
8401 46406
8401 31233
8401 39657
8401 19518
8401 10282
8401 15228
8401 37542
8401 23518
8401 29706
8401 47751
8401 40230
8401 43130
8401 28974
8401 21534
8401 14189
8401 49289
8401 24024
8401 43961
8401 33697
8401 31528
8401 44225
8401 46708
8401 16990
8401 9871
8401 18344
8401 1031
8401 7398
8401 39187
8401 18627
8401 9378
8401 4030
8401 23347
8401 4698
8401 11046
8401 39829
8401 9474
8401 29679
8401 9259
8401 48548
8401 45819
8401 19048
8401 5117
8401 26991
8401 49297
8401 5504
8401 40055
8401 19176
8401 17660
8401 7202
8401 49779
8401 31852
8401 12430
8401 6749
8401 28800
8401 16757
8401 2165
8401 49921
8401 10213
8401 41268
8401 34780
8401 34046
8401 9048
8401 42750
8401 43192
8401 7845
8401 30748
8401 10635
8401 13850
8401 17188
8401 20998
8401 9569
8401 19326
8401 3313
8401 47446
8401 10763
8401 6793
8401 8935
8401 40439
8401 23817
8401 2359
8401 889
8401 22821
8401 32082
8401 43249
8401 13968
8401 6297
8401 26454
8401 15079
8401 20115
8401 5632
8401 11037
8401 48350
8401 24087
8401 21417
8401 23129
8401 20790
8401 19083
8401 11456
8401 17268
8401 19589
8401 26021
8401 25882
8401 16737
8401 27716
8401 22414
8401 32214
8401 23633
8401 11959
8401 16827
8401 12734
8401 8361
8401 8350
8401 39042
8401 33506
8401 48524
8401 47234
8401 16198
8401 10548
8401 34535
8401 19132
8401 49183
8401 48506
8401 14609
8401 15337
8401 47687
8401 24495
8401 24598
8401 18338
8401 38316
8401 38826
8401 39953
8401 41679
8401 38393
8401 37197
8401 362
8401 32306
8401 29938
8401 18794
8401 28552
8401 16159
8401 11116
8401 35964
8401 38271
8401 21352
8401 36760
8401 44057
8401 6695
8401 7365
8401 41903
8401 43674
8401 32203
8401 45071
8401 3725
8401 45934
8401 43494
8401 38378
8401 4881
8401 43272
8401 12418
8401 43538
8401 29485
8401 38641
8401 4641
8401 505
8401 3018
8401 31760
8401 33627
8401 23175
8401 15104
8401 2209
8401 2724
8401 24489
8401 17814
8401 14734
8401 47707
8401 8850
8401 15919
8401 27908
8401 20808
8401 23227
8401 41667
8401 30879
8401 12053
8401 38181
8401 18318
8401 19333
8401 14400
8401 15399
8401 34957
8401 14514
8401 837
8401 19240
8401 28987
8401 48291
8401 956
8401 4292
8401 41593
8401 38093
8401 31170
8401 22055
8401 41213
8401 24538
8401 33109
8401 48949
8401 25130
8401 31516
8401 27259
8401 35912
8401 20779
8401 1294
8401 6820
8401 2095
8401 43451
8401 17524
8401 37289
8401 39611
8401 47403
8401 30634
8401 43739
8401 6161
8401 7971
8401 37935
8401 2421
8401 11884
8401 24427
8401 42592
8401 19447
8401 26759
8401 25595
8401 11319
8401 7196
8401 39336
8401 17824
8401 9399
8401 6832
8401 40540
8401 14875
8401 14801
8401 9460
8401 40953
8401 8809
8401 19231
8401 32797
8401 10895
8401 25775
8401 36858
8401 46448
8401 21119
8401 36680
8401 4670
8401 25351
8401 26438
8401 26982
8401 42635
8401 43924
8401 43797
8401 36896
8401 3123
8401 47776
8401 27004
8401 2576
8401 17848
8401 36775
8401 49206
8401 20949
8401 48080
8401 7978
8401 27857
8401 40099
8401 5802
8401 25268
8401 24008
8401 18763
8401 41675
8401 1440
8401 18075
8401 32547
8401 35420
8401 4718
8401 46211
8401 9116
8401 23760
8401 25546
8401 10255
8401 42770
8401 14826
8401 42465
8401 24808
8401 17841
8401 43054
8401 14621
8401 12984
8401 29125
8401 11148
8401 3589
8401 22500
8401 14229
8401 9837
8401 28531
8401 43166
8401 15848
8401 16844
8401 43729
8401 337
8401 22632
8401 21033
8401 18938
8401 13488
8401 18330
8401 49756
8401 36479
8401 48619
8401 15770
8401 11147
8401 49843
8401 17954
8401 36873
8401 38891
8401 44253
8401 48146
8401 38389
8401 40705
8401 11561
8401 8584
8401 49341
8401 37311
8401 31333
8401 9766
8401 39845
8401 21894
8401 15334
8401 15109
8401 16745
8401 41696
8401 18698
8401 29191
8401 26761
8401 12784
8401 39165
8401 43510
8401 35144
8401 32077
8401 390
8401 20679
8401 14753
8401 46529
8401 47270
8401 43733
8401 43741
8401 25014
8401 32458
8401 21296
8401 26660
8401 25945
8401 40681
8401 18358
8401 16956
8401 13343
8401 15303
8401 9142
8401 9645
8401 6925
8401 5695
8401 34612
8401 44508
8401 404
8401 19754
8401 4042
8401 25783
8401 33760
8401 33289
8401 29837
8401 16102
8401 35779
8401 19120
8401 44649
8401 43652
8401 368
8401 4267
8401 26232
8401 29534
8401 46545
8401 36934
8401 39368
8401 35247
8401 29447
8401 17996
8401 45777
8401 5183
8401 47311
8401 29382
8401 21737
8401 49972
8401 25589
8401 25548
8401 23756
8401 38027
8401 9225
8401 43524
8401 38230
8401 833
8401 21890
8401 33533
8401 5258
8401 31478
8401 14534
8401 6539
8401 47119
8401 14214
8401 39221
8401 43076
8401 48665
8401 22343
8401 13817
8401 7810
8401 26338
8401 15340
8401 27596
8401 19367
8401 47313
8401 16029
8401 26484
8401 24553
8401 28815
8401 45486
8401 48469
8401 18303
8401 21207
8401 21867
8401 12798
8401 28725
8401 35485
8401 40733
8401 37713
8401 37979
8401 4411
8401 22447
8401 39906
8401 9981
8401 16587
8401 5203
8401 29412
8401 42454
8401 33340
8401 41291
8401 37767
8401 10764
8401 38527
8401 44774
8401 29686
8401 15568
8401 35419
8401 48024
8401 8283
8401 37727
8401 43214
8401 26257
8401 40344
8401 36840
8401 22569
8401 3819
8401 40504
8401 37749
8401 43297
8401 20729
8401 47356
8401 18684
8401 452
8401 20
8401 29980
8401 44264
8401 2205
8401 16992
8401 45230
8401 32154
8401 231
8401 4148
8401 18415
8401 43967
8401 44867
8401 49012
8401 26837
8401 48088
8401 31694
8401 47501
8401 19445
8401 5270
8401 2731
8401 1584
8401 24295
8401 15247
8401 15341
8401 4051
8401 29073
8401 38440
8401 8035
8401 38388
8401 11969
8401 20570
8401 49844
8401 7671
8401 33208
8401 49314
8401 48888
8401 32566
8401 24724
8401 1867
8401 34585
8401 42938
8401 36496
8401 34471
8401 24617
8401 30784
8401 48633
8401 21094
8401 727
8401 34309
8401 32059
8401 37732
8401 16825
8401 17488
8401 27612
8401 26494
8401 15155
8401 6160
8401 464
8401 24534
8401 19459
8401 34643
8401 12963
8401 618
8401 10908
8401 6720
8401 41499
8401 30596
8401 18194
8401 15753
8401 45448
8401 24108
8401 9834
8401 26599
8401 26115
8401 10429
8401 32977
8401 41020
8401 49395
8401 7353
8401 16376
8401 39573
8401 28830
8401 47076
8401 34581
8401 814
8401 47541
8401 37656
8401 49489
8401 2072
8401 21431
8401 23384
8401 33170
8401 7437
8401 45229
8401 27639
8401 4134
8401 30287
8401 20703
8401 3476
8401 30739
8401 17465
8401 47454
8401 43912
8401 30304
8401 6864
8401 26401
8401 16112
8401 24654
8401 12613
8401 17411
8401 48176
8401 30276
8401 8129
8401 29983
8401 18239
8401 41757
8401 33488
8401 4912
8401 42733
8401 23981
8401 28341
8401 35706
8401 23791
8401 15788
8401 5700
8401 21281
8401 3300
8401 27964
8401 33779
8401 21807
8401 31759
8401 38588
8401 27392
8401 3867
8401 27594
8401 32841
8401 43324
8401 9753
8401 37687
8401 24874
8401 33806
8401 49058
8401 46621
8401 8767
8401 44224
8401 48096
8401 19585
8401 3265
8401 21188
8401 3735
8401 9763
8401 10993
8401 8508
8401 234
8401 46108
8401 20322
8401 17620
8401 32472
8401 18624
8401 10888
8401 22454
8401 33907
8401 42616
8401 46749
8401 16254
8401 6510
8401 23361
8401 39321
8401 3914
8401 13133
8401 42720
8401 30617
8401 17580
8401 37862
8401 6245
8401 49298
8401 35130
8401 3731
8401 14011
8401 6024
8401 22940
8401 23342
8401 10581
8401 30294
8401 1030
8401 17463
8401 47303
8401 36553
8401 45231
8401 37645
8401 39726
8401 21144
8401 27242
8401 34374
8401 23949
8401 2893
8401 24626
8401 12308
8401 32846
8401 23434
8401 26361
8401 32734
8401 45378
8401 4817
8401 40836
8401 41669
8401 29232
8401 36487
8401 10796
8401 48547
8401 18097
8401 21693
8401 4060
8401 599
8401 48403
8401 9746
8401 35282
8401 7679
8401 2350
8401 33989
8401 23205
8401 20269
8401 4484
8401 15747
8401 39251
8401 25740
8401 30109
8401 45291
8401 41206
8401 4828
8401 44779
8401 38598
8401 29961
8401 35411
8401 49222
8401 42813
8401 33799
8401 42207
8401 5242
8401 49374
8401 18988
8401 22339
8401 45866
8401 18563
8401 34094
8401 28255
8401 39709
8401 49678
8401 33751
8401 22026
8401 14359
8401 32088
8401 25313
8401 42918
8401 39888
8401 40380
8401 33083
8401 38624
8401 29046
8401 38705
8401 28366
8401 36152
8401 2235
8401 30005
8401 48850
8401 14881
8401 33455
8401 42947
8401 17662
8401 44988
8401 5411
8401 35281
8401 24358
8401 3041
8401 5064
8401 33646
8401 46987
8401 19334
8401 30061
8401 913
8401 5654
8401 9224
8401 1661
8401 23635
8401 33362
8401 24471
8401 44999
8401 21157
8401 19113
8401 22679
8401 42649
8401 4269
8401 48187
8401 27309
8401 9105
8401 2334
8401 40897
8401 46241
8401 11849
8401 24227
8401 40694
8401 1339
8401 10050
8401 32053
8401 48280
8401 10886
8401 11521
8401 23910
8401 37961
8401 30182
8401 48584
8401 6308
8401 36744
8401 40173
8401 5820
8401 28239
8401 10546
8401 37560
8401 49898
8401 3933
8401 25464
8401 33293
8401 23490
8401 22320
8401 14405
8401 26893
8401 25718
8401 10062
8401 23882
8401 7125
8401 11040
8401 29083
8401 19689
8401 19780
8401 6665
8401 46581
8401 5143
8401 49565
8401 33865
8401 46361
8401 39686
8401 33347
8401 16785
8401 30484
8401 8959
8401 27620
8401 15849
8401 17724
8401 14535
8401 4647
8401 2972
8401 7306
8401 21670
8401 13507
8401 37329
8401 20860
8401 6604
8401 13818
8401 34251
8401 36715
8401 4592
8401 3192
8401 19273
8401 31368
8401 4409
8401 45227
8401 19684
8401 19659
8401 10322
8401 39227
8401 28638
8401 24565
8401 4313
8401 28380
8401 9900
8401 40114
8401 17800
8401 26318
8401 31296
8401 6058
8401 12654
8401 32493
8401 21010
8401 17303
8401 1760
8401 25725
8401 43553
8401 19994
8401 5373
8401 43426
8401 8502
8401 15160
8401 27998
8401 29332
8401 11996
8401 26214
8401 4362
8401 46012
8401 36526
8401 11875
8401 31858
8401 31863
8401 35203
8401 32907
8401 48134
8401 25920
8401 18020
8401 39798
8401 1473
8401 9620
8401 28645
8401 37792
8401 14671
8401 3084
8401 8500
8401 44613
8401 19870
8401 24791
8401 16575
8401 45406
8401 25858
8401 28128
8401 38059
8401 47732
8401 37305
8401 31910
8401 22663
8401 5748
8401 137
8401 45608
8401 7895
8401 12955
8401 27932
8401 34970
8401 31016
8401 42794
8401 37127
8401 13503
8401 204
8401 24912
8401 1281
8401 25596
8401 39760
8401 42674
8401 37544
8401 39732
8401 21463
8401 5188
8401 30809
8401 23546
8401 24816
8401 2533
8401 48699
8401 44452
8401 23180
8401 21949
8401 30998
8401 14477
8401 48593
8401 39416
8401 16166
8401 46420
8401 36945
8401 25629
8401 39590
8401 36826
8401 44743
8401 2537
8401 28632
8401 19691
8401 22624
8401 48343
8401 6519
8401 45443
8401 28158
8401 10290
8401 49780
8401 29793
8401 40666
8401 43247
8401 23220
8401 10840
8401 3800
8401 27547
8401 43294
8401 22810
8401 14667
8401 42747
8401 6238
8401 32588
8401 9253
8401 7778
8401 28292
8401 14330
8401 6546
8401 8950
8401 33203
8401 36115
8401 769
8401 10331
8401 26036
8401 41368
8401 46102
8401 31395
8401 38703
8401 39621
8401 5558
8401 34974
8401 22116
8401 36619
8401 29198
8401 20826
8401 27926
8401 13320
8401 7010
8401 20387
8401 9675
8401 13258
8401 28886
8401 17661
8401 25819
8401 45405
8401 427
8401 49239
8401 44892
8401 30970
8401 19936
8401 21228
8401 32833
8401 33144
8401 35410
8401 44307
8401 4271
8401 14708
8401 26498
8401 8862
8401 8818
8401 9425
8401 46907
8401 3996
8401 31269
8401 14923
8401 36164
8401 30154
8401 5787
8401 42708
8401 4561
8401 13642
8401 10572
8401 32350
8401 28733
8401 49684
8401 41544
8401 11268
8401 24885
8401 49127
8401 47745
8401 1521
8401 34965
8401 43068
8401 11725
8401 7501
8401 19210
8401 17543
8401 23089
8401 26009
8401 28903
8401 19909
8401 24441
8401 36601
8401 14635
8401 12667
8401 31056
8401 36529
8401 28289
8401 42020
8401 13454
8401 5302
8401 9585
8401 5301
8401 9903
8401 1684
8401 22693
8401 4482
8401 48068
8401 3874
8401 9893
8401 16651
8401 28539
8401 18273
8401 5814
8401 48437
8401 24208
8401 43432
8401 42902
8401 5889
8401 39518
8401 40398
8401 45898
8401 20818
8401 3636
8401 31765
8401 36261
8401 29079
8401 32878
8401 5519
8401 4599
8401 37402
8401 49745
8401 3015
8401 24196
8401 47658
8401 5854
8401 21326
8401 39960
8401 40754
8401 17747
8401 38236
8401 46043
8401 20313
8401 20786
8401 12136
8401 4637
8401 7294
8401 38791
8401 24439
8401 24106
8401 30763
8401 49899
8401 41450
8401 22134
8401 30798
8401 1066
8401 36588
8401 33167
8401 42988
8401 17651
8401 16161
8401 48471
8401 36085
8401 28785
8401 6963
8401 42399
8401 20881
8401 20720
8401 36631
8401 3560
8401 32961
8401 45446
8401 7946
8401 12027
8401 13536
8401 38224
8401 6415
8401 7243
8401 47995
8401 4886
8401 35517
8401 19843
8401 5912
8401 49870
8401 18173
8401 35796
8401 22318
8401 44241
8401 32613
8401 39309
8401 18470
8401 4307
8401 7775
8401 17290
8401 37216
8401 35073
8401 18555
8401 22950
8401 9229
8401 7195
8401 46380
8401 5046
8401 4936
8401 27384
8401 14911
8401 41916
8401 37655
8401 47859
8401 24504
8401 1890
8401 45700
8401 19905
8401 8998
8401 47298
8401 38889
8401 43685
8401 47962
8401 40258
8401 3890
8401 46843
8401 29286
8401 9180
8401 14236
8401 39743
8401 15876
8401 41980
8401 47971
8401 7440
8401 49311
8401 13634
8401 3452
8401 12057
8401 42351
8401 18972
8401 29330
8401 17885
8401 6669
8401 41782
8401 26167
8401 7396
8401 256
8401 26818
8401 8671
8401 2326
8401 36846
8401 27468
8401 14383
8401 22121
8401 45082
8401 28000
8401 37971
8401 14854
8401 21711
8401 21262
8401 41659
8401 46596
8401 32579
8401 8625
8401 46257
8401 1968
8401 26553
8401 1198
8401 23349
8401 305
8401 7498
8401 22045
8401 36585
8401 23094
8401 1819
8401 3180
8401 23334
8401 12741
8401 37076
8401 23659
8401 5067
8401 20549
8401 13661
8401 16299
8401 12978
8401 6195
8401 48276
8401 45883
8401 43629
8401 25125
8401 25293
8401 16145
8401 28944
8401 31676
8401 24766
8401 6883
8401 16014
8401 48615
8401 27165
8401 2666
8401 2380
8401 9163
8401 24399
8401 42411
8401 38792
8401 24695
8401 43775
8401 18379
8401 49591
8401 27190
8401 3761
8401 7376
8401 10252
8401 22367
8401 35880
8401 26803
8401 27762
8401 36962
8401 13531
8401 34176
8401 3248
8401 37130
8401 47989
8401 5731
8401 1137
8401 14245
8401 2625
8401 46200
8401 18803
8401 36667
8401 44058
8401 38561
8401 1441
8401 31192
8401 32312
8401 17358
8401 46028
8401 28724
8401 37847
8401 31082
8401 8008
8401 10022
8401 1817
8401 17019
8401 35591
8401 14930
8401 45503
8401 37546
8401 79
8401 10108
8401 17870
8401 25071
8401 39665
8401 20957
8401 5015
8401 28238
8401 44905
8401 17157
8401 41955
8401 30542
8401 27085
8401 25419
8401 21045
8401 28131
8401 35550
8401 32357
8401 41205
8401 8178
8401 5682
8401 10186
8401 31141
8401 43282
8401 31074
8401 32263
8401 35464
8401 6823
8401 19384
8401 11340
8401 39553
8401 19849
8401 34633
8401 49336
8401 8593
8401 41741
8401 33904
8401 17615
8401 48572
8401 9268
8401 13898
8401 26701
8401 36452
8401 2054
8401 45410
8401 23675
8401 31448
8401 12875
8401 23787
8401 6870
8401 26679
8401 36177
8401 4176
8401 27539
8401 46552
8401 23540
8401 6804
8401 48556
8401 48101
8401 36820
8401 43354
8401 28422
8401 28953
8401 23021
8401 17795
8401 3017
8401 43045
8401 37464
8401 12468
8401 3564
8401 28901
8401 24349
8401 11291
8401 32638
8401 47371
8401 43609
8401 30548
8401 34886
8401 1156
8401 30839
8401 45116
8401 32725
8401 36735
8401 25834
8401 8582
8401 37946
8401 44261
8401 43927
8401 10139
8401 12772
8401 15177
8401 36477
8401 28763
8401 43
8401 16774
8401 30793
8401 17246
8401 35873
8401 1607
8401 29803
8401 39905
8401 10104
8401 11303
8401 41947
8401 7554
8401 25560
8401 44315
8401 29656
8401 25677
8401 41604
8401 32443
8401 8155
8401 44877
8401 524
8401 34291
8401 35034
8401 1705
8401 3534
8401 8877
8401 26586
8401 44040
8401 6606
8401 43703
8401 46163
8401 4697
8401 7001
8401 13549
8401 46350
8401 40649
8401 46226
8401 32228
8401 15711
8401 18298
8401 25918
8401 40619
8401 47329
8401 27068
8401 28472
8401 25894
8401 10155
8401 24148
8401 26407
8401 36471
8401 10056
8401 3789
8401 19887
8401 14460
8401 1711
8401 45363
8401 46678
8401 3574
8401 32947
8401 3055
8401 22977
8401 37415
8401 3036
8401 18613
8401 48604
8401 4036
8401 12627
8401 1618
8401 39161
8401 28109
8401 14806
8401 23850
8401 23525
8401 45987
8401 15636
8401 12750
8401 13699
8401 6051
8401 47709
8401 26073
8401 28668
8401 19504
8401 34479
8401 36087
8401 37131
8401 11635
8401 11961
8401 35488
8401 26503
8401 23176
8401 40243
8401 10939
8401 44190
8401 43517
8401 18146
8401 47619
8401 466
8401 40010
8401 10739
8401 37488
8401 24776
8401 41597
8401 26002
8401 21958
8401 23048
8401 8772
8401 27504
8401 7919
8401 25614
8401 49794
8401 49768
8401 46227
8401 43503
8401 2332
8401 1043
8401 6575
8401 12511
8401 42801
8401 44389
8401 47343
8401 30770
8401 9621
8401 37260
8401 19768
8401 14972
8401 37678
8401 28955
8401 12628
8401 29710
8401 13307
8401 3635
8401 21072
8401 44549
8401 28767
8401 36117
8401 35833
8401 24719
8401 23930
8401 1498
8401 34572
8401 8760
8401 39581
8401 27613
8401 9132
8401 27208
8401 37839
8401 3391
8401 23656
8401 4943
8401 45756
8401 13280
8401 29841
8401 3826
8401 10604
8401 32220
8401 43087
8401 13695
8401 12580
8401 14469
8401 10688
8401 12386
8401 20865
8401 88
8401 15050
8401 34117
8401 4403
8401 17121
8401 3418
8401 29882
8401 29446
8401 3416
8401 45906
8401 7359
8401 30605
8401 19676
8401 925
8401 29477
8401 20953
8401 36788
8401 3435
8401 10959
8401 48512
8401 44014
8401 23753
8401 14929
8401 4099
8401 26663
8401 2528
8401 627
8401 33631
8401 10141
8401 20029
8401 30620
8401 24587
8401 32823
8401 27292
8401 43988
8401 14615
8401 41376
8401 2551
8401 20142
8401 34781
8401 45299
8401 27084
8401 22765
8401 12502
8401 20813
8401 11968
8401 43623
8401 19565
8401 42369
8401 25333
8401 49531
8401 47451
8401 13251
8401 7382
8401 42584
8401 12009
8401 3587
8401 36310
8401 38347
8401 47207
8401 41068
8401 39840
8401 21470
8401 40370
8401 2073
8401 43860
8401 35795
8401 16003
8401 4489
8401 14134
8401 47511
8401 46588
8401 14691
8401 27434
8401 46896
8401 18385
8401 5367
8401 1992
8401 41154
8401 4746
8401 19801
8401 1255
8401 15703
8401 14476
8401 14728
8401 9631
8401 7617
8401 42301
8401 9034
8401 9309
8401 21977
8401 20660
8401 44070
8401 23034
8401 37597
8401 8149
8401 29119
8401 27032
8401 28406
8401 6127
8401 46426
8401 3487
8401 5444
8401 16246
8401 23063
8401 4715
8401 25741
8401 32883
8401 3244
8401 7130
8401 31419
8401 4940
8401 31108
8401 19404
8401 6590
8401 44333
8401 49035
8401 43552
8401 22132
8401 38642
8401 24518
8401 15828
8401 46714
8401 33899
8401 24573
8401 24429
8401 39549
8401 14565
8401 23237
8401 27536
8401 10095
8401 40577
8401 24864
8401 42202
8401 46118
8401 24779
8401 6065
8401 13269
8401 1593
8401 36985
8401 42120
8401 3554
8401 39783
8401 24
8401 39972
8401 6456
8401 41981
8401 38686
8401 18483
8401 14285
8401 40416
8401 41169
8401 32929
8401 25425
8401 25290
8401 39825
8401 39965
8401 13921
8401 29509
8401 9441
8401 12459
8401 22281
8401 38381
8401 16527
8401 24240
8401 11587
8401 15261
8401 29680
8401 33509
8401 24805
8401 8352
8401 10624
8401 10403
8401 43396
8401 22846
8401 28732
8401 49651
8401 24526
8401 8407
8401 46631
8401 34297
8401 20135
8401 15126
8401 12244
8401 7424
8401 387
8401 18154
8401 42785
8401 47496
8401 17078
8401 29255
8401 26544
8401 34162
8401 43965
8401 36779
8401 29558
8401 23395
8401 43413
8401 8030
8401 3397
8401 16837
8401 31371
8401 10923
8401 36857
8401 12861
8401 18605
8401 9074
8401 39200
8401 13797
8401 45302
8401 12072
8401 33044
8401 32063
8401 32299
8401 23356
8401 22961
8401 29752
8401 7871
8401 20152
8401 9421
8401 1331
8401 46851
8401 27674
8401 30313
8401 12620
8401 8952
8401 41425
8401 30597
8401 26239
8401 37534
8401 46553
8401 7035
8401 11741
8401 36988
8401 22122
8401 3859
8401 25363
8401 561
8401 10628
8401 29741
8401 8119
8401 11628
8401 41155
8401 25875
8401 36346
8401 9318
8401 27555
8401 14949
8401 12202
8401 44727
8401 14371
8401 7190
8401 39427
8401 38917
8401 18934
8401 41385
8401 25349
8401 16656
8401 35545
8401 37671
8401 11707
8401 10341
8401 18050
8401 39772
8401 18874
8401 16108
8401 15492
8401 40275
8401 45345
8401 28825
8401 39516
8401 22050
8401 35907
8401 34397
8401 43335
8401 5892
8401 8721
8401 24491
8401 21605
8401 35226
8401 29444
8401 20740
8401 12622
8401 39196
8401 46579
8401 38802
8401 11361
8401 18808
8401 30585
8401 8912
8401 21939
8401 42809
8401 44009
8401 15865
8401 20436
8401 18991
8401 32870
8401 17786
8401 8192
8401 21632
8401 43493
8401 46352
8401 11012
8401 47112
8401 39550
8401 33000
8401 29511
8401 23211
8401 5741
8401 24942
8401 45142
8401 10590
8401 7220
8401 209
8401 30045
8401 17218
8401 33925
8401 12675
8401 26814
8401 7984
8401 32019
8401 11522
8401 40821
8401 27330
8401 10002
8401 14639
8401 21738
8401 33192
8401 44849
8401 43505
8401 42734
8401 21480
8401 38767
8401 47483
8401 31670
8401 36249
8401 49228
8401 631
8401 18240
8401 44063
8401 15284
8401 38904
8401 27909
8401 15376
8401 10161
8401 40300
8401 13532
8401 47366
8401 13181
8401 15572
8401 23802
8401 21282
8401 24085
8401 3077
8401 28656
8401 39591
8401 35278
8401 9010
8401 16984
8401 18384
8401 41364
8401 34506
8401 38109
8401 26597
8401 3824
8401 21642
8401 10630
8401 39323
8401 41536
8401 12241
8401 43984
8401 36000
8401 19985
8401 26116
8401 2048
8401 45257
8401 18211
8401 7110
8401 20757
8401 44838
8401 34134
8401 48748
8401 24662
8401 19647
8401 47325
8401 10982
8401 19777
8401 43419
8401 31254
8401 43266
8401 39389
8401 1647
8401 36020
8401 36756
8401 35963
8401 6611
8401 15209
8401 33096
8401 29881
8401 2571
8401 5320
8401 27904
8401 29222
8401 45795
8401 1338
8401 16052
8401 8112
8401 11887
8401 8284
8401 17142
8401 2828
8401 41710
8401 19218
8401 5259
8401 2289
8401 6860
8401 5198
8401 13578
8401 28450
8401 11664
8401 3873
8401 18160
8401 27125
8401 42260
8401 2903
8401 8189
8401 33461
8401 22403
8401 2852
8401 43462
8401 6340
8401 38555
8401 48143
8401 1959
8401 8079
8401 18554
8401 49068
8401 26545
8401 25305
8401 7069
8401 17837
8401 38945
8401 4546
8401 10598
8401 43649
8401 24056
8401 46577
8401 32367
8401 6384
8401 16909
8401 23765
8401 35894
8401 42572
8401 13917
8401 15291
8401 31627
8401 37136
8401 42096
8401 45372
8401 22117
8401 5225
8401 2
8401 4377
8401 7162
8401 11832
8401 45828
8401 1996
8401 8636
8401 12658
8401 15443
8401 35940
8401 49276
8401 36484
8401 9218
8401 47159
8401 11538
8401 21608
8401 21057
8401 25642
8401 30181
8401 22880
8401 23668
8401 45245
8401 28241
8401 32314
8401 32101
8401 36073
8401 11499
8401 3732
8401 12554
8401 3142
8401 22598
8401 17683
8401 33410
8401 36095
8401 41990
8401 4329
8401 17436
8401 29348
8401 17114
8401 38902
8401 33792
8401 31787
8401 23013
8401 10011
8401 41038
8401 26567
8401 27154
8401 11808
8401 8667
8401 27600
8401 47376
8401 17334
8401 4242
8401 13419
8401 22741
8401 47273
8401 42086
8401 17830
8401 37937
8401 20825
8401 46276
8401 2699
8401 24503
8401 13830
8401 2882
8401 22783
8401 14142
8401 48238
8401 38920
8401 1159
8401 47761
8401 45308
8401 42144
8401 32267
8401 38724
8401 36999
8401 49600
8401 28838
8401 42908
8401 8375
8401 46821
8401 46245
8401 25411
8401 7575
8401 48138
8401 19819
8401 16662
8401 28694
8401 11223
8401 18971
8401 2524
8401 7496
8401 3602
8401 46765
8401 33743
8401 31735
8401 15071
8401 43936
8401 1063
8401 17110
8401 6350
8401 34283
8401 20022
8401 15597
8401 11217
8401 38911
8401 11512
8401 4553
8401 5010
8401 49986
8401 6123
8401 17757
8401 3657
8401 31505
8401 40902
8401 6939
8401 19197
8401 4847
8401 41739
8401 45026
8401 32060
8401 37684
8401 48756
8401 27424
8401 2584
8401 19292
8401 6619
8401 17495
8401 27089
8401 33006
8401 18099
8401 27141
8401 16547
8401 1317
8401 43252
8401 5068
8401 33042
8401 19685
8401 9783
8401 6784
8401 31722
8401 16783
8401 20019
8401 26685
8401 44761
8401 18125
8401 25753
8401 5928
8401 49157
8401 13524
8401 19501
8401 10953
8401 46755
8401 41711
8401 18390
8401 44410
8401 41714
8401 1742
8401 13564
8401 24731
8401 26537
8401 23629
8401 26785
8401 42291
8401 26049
8401 4425
8401 16695
8401 23827
8401 11034
8401 8991
8401 15823
8401 4270
8401 14366
8401 28178
8401 41409
8401 27706
8401 48693
8401 22251
8401 47494
8401 36981
8401 3488
8401 19672
8401 27299
8401 15076
8401 31605
8401 2383
8401 17048
8401 10358
8401 46113
8401 21416
8401 35077
8401 33612
8401 18557
8401 22937
8401 3947
8401 179
8401 34831
8401 19869
8401 32445
8401 49169
8401 8525
8401 41351
8401 41730
8401 24232
8401 21505
8401 48117
8401 8907
8401 747
8401 27727
8401 13141
8401 35508
8401 3717
8401 47882
8401 49055
8401 8171
8401 1611
8401 5694
8401 5059
8401 35098
8401 2697
8401 46312
8401 33781
8401 34701
8401 26577
8401 31067
8401 14471
8401 27250
8401 24663
8401 22785
8401 1071
8401 28714
8401 13486
8401 2154
8401 37315
8401 21873
8401 42270
8401 9870
8401 25191
8401 11945
8401 38512
8401 5495
8401 45807
8401 31567
8401 29786
8401 23099
8401 6382
8401 43240
8401 39260
8401 126
8401 27680
8401 24145
8401 22113
8401 23894
8401 44402
8401 31883
8401 37641
8401 47602
8401 2569
8401 32676
8401 49518
8401 6162
8401 42956
8401 1797
8401 43720
8401 6484
8401 15545
8401 954
8401 32039
8401 26281
8401 11033
8401 26196
8401 13283
8401 19416
8401 41747
8401 23397
8401 26118
8401 8226
8401 37793
8401 17569
8401 16946
8401 33890
8401 47517
8401 37541
8401 5601
8401 17373
8401 34395
8401 7218
8401 49486
8401 19184
8401 40442
8401 13330
8401 49698
8401 1767
8401 24536
8401 17152
8401 16978
8401 19863
8401 13305
8401 17144
8401 46947
8401 32301
8401 14974
8401 30859
8401 5125
8401 25846
8401 31688
8401 5506
8401 38953
8401 44165
8401 6267
8401 6227
8401 43588
8401 15148
8401 45715
8401 22302
8401 31869
8401 45035
8401 36141
8401 43621
8401 39266
8401 26911
8401 28173
8401 47838
8401 45821
8401 36512
8401 7840
8401 35320
8401 39299
8401 3438
8401 30530
8401 1306
8401 25198
8401 3349
8401 31835
8401 10674
8401 49516
8401 47237
8401 37912
8401 45384
8401 44928
8401 12356
8401 41371
8401 47308
8401 41695
8401 17876
8401 4236
8401 35471
8401 11416
8401 8090
8401 1011
8401 5451
8401 12705
8401 7460
8401 23417
8401 20127
8401 49697
8401 34021
8401 2911
8401 35229
8401 16120
8401 23115
8401 18535
8401 44381
8401 23704
8401 971
8401 21666
8401 27759
8401 26528
8401 30014
8401 10829
8401 32000
8401 16100
8401 33525
8401 14379
8401 18533
8401 40779
8401 16645
8401 30833
8401 12043
8401 20928
8401 30734
8401 47805
8401 25564
8401 36146
8401 16345
8401 44079
8401 46782
8401 34632
8401 42447
8401 35038
8401 16929
8401 47114
8401 26305
8401 29651
8401 18592
8401 25257
8401 21171
8401 6622
8401 21211
8401 42149
8401 8897
8401 18329
8401 22266
8401 33714
8401 46480
8401 33855
8401 41942
8401 40807
8401 48968
8401 42327
8401 22437
8401 22234
8401 176
8401 4525
8401 30125
8401 27839
8401 42409
8401 40851
8401 18700
8401 19810
8401 37976
8401 33831
8401 23209
8401 41131
8401 39721
8401 39474
8401 12198
8401 5718
8401 28112
8401 8927
8401 6745
8401 37554
8401 47179
8401 11618
8401 31929
8401 18531
8401 17458
8401 935
8401 13966
8401 47637
8401 31220
8401 16911
8401 19783
8401 23486
8401 49948
8401 44872
8401 36316
8401 30962
8401 7073
8401 35774
8401 5945
8401 46646
8401 20731
8401 26900
8401 14989
8401 10527
8401 10609
8401 3152
8401 1408
8401 16485
8401 3746
8401 18973
8401 18238
8401 12610
8401 38907
8401 8439
8401 38062
8401 8942
8401 1731
8401 11802
8401 22618
8401 45778
8401 27824
8401 3182
8401 30924
8401 37853
8401 25280
8401 36370
8401 1062
8401 4690
8401 15995
8401 32441
8401 45788
8401 19703
8401 9204
8401 32243
8401 40655
8401 16341
8401 7295
8401 5921
8401 3128
8401 63
8401 48822
8401 27447
8401 14364
8401 8596
8401 29862
8401 30641
8401 8643
8401 22733
8401 5734
8401 9874
8401 32395
8401 47875
8401 39700
8401 1283
8401 686
8401 47064
8401 22386
8401 32242
8401 44369
8401 20502
8401 21811
8401 36659
8401 33294
8401 24668
8401 3283
8401 2868
8401 28915
8401 16778
8401 17693
8401 31549
8401 2501
8401 33074
8401 5990
8401 39216
8401 24477
8401 45149
8401 6751
8401 22183
8401 11679
8401 35447
8401 15444
8401 34158
8401 40709
8401 27333
8401 6107
8401 1974
8401 11844
8401 3631
8401 5707
8401 33265
8401 1641
8401 25234
8401 26909
8401 42897
8401 19996
8401 538
8401 44080
8401 41000
8401 34454
8401 22043
8401 21970
8401 28822
8401 10755
8401 39916
8401 19078
8401 227
8401 2034
8401 38479
8401 36446
8401 48333
8401 39561
8401 17167
8401 41530
8401 33087
8401 16722
8401 7820
8401 14545
8401 8022
8401 38551
8401 2254
8401 29645
8401 37417
8401 10386
8401 25124
8401 33414
8401 3960
8401 9830
8401 46547
8401 16093
8401 31157
8401 48294
8401 19598
8401 48502
8401 48781
8401 16137
8401 30986
8401 25795
8401 28051
8401 14323
8401 41627
8401 48151
8401 1297
8401 22178
8401 26374
8401 46695
8401 1880
8401 13988
8401 26015
8401 21744
8401 3171
8401 8745
8401 39201
8401 9312
8401 11227
8401 1683
8401 30477
8401 18414
8401 29241
8401 46336
8401 17509
8401 1739
8401 33346
8401 43886
8401 11743
8401 5399
8401 45037
8401 38699
8401 47540
8401 24807
8401 7497
8401 34054
8401 21353
8401 49804
8401 16987
8401 34580
8401 16324
8401 43273
8401 6274
8401 18603
8401 5447
8401 41114
8401 17810
8401 34148
8401 11992
8401 1496
8401 46103
8401 23519
8401 28376
8401 45360
8401 4537
8401 20382
8401 46748
8401 10789
8401 20448
8401 7601
8401 22747
8401 42832
8401 29744
8401 9709
8401 31743
8401 25983
8401 965
8401 36705
8401 29242
8401 23421
8401 8429
8401 7521
8401 40029
8401 44327
8401 32322
8401 18349
8401 5030
8401 40400
8401 24179
8401 31887
8401 41232
8401 21430
8401 26135
8401 19009
8401 31623
8401 24071
8401 20582
8401 17900
8401 41780
8401 14916
8401 34791
8401 38610
8401 41001
8401 31277
8401 14092
8401 22714
8401 11624
8401 37773
8401 15845
8401 40330
8401 36441
8401 2458
8401 1017
8401 21159
8401 31732
8401 19975
8401 35058
8401 44710
8401 34614
8401 37470
8401 19972
8401 38061
8401 33993
8401 49296
8401 13012
8401 17250
8401 1235
8401 20567
8401 8043
8401 19005
8401 43155
8401 12240
8401 18205
8401 30689
8401 40021
8401 6059
8401 41128
8401 20364
8401 16244
8401 11541
8401 31211
8401 18168
8401 21247
8401 42168
8401 19305
8401 38097
8401 9353
8401 4114
8401 26284
8401 34092
8401 13958
8401 47603
8401 45895
8401 4079
8401 24272
8401 9282
8401 3736
8401 18463
8401 6664
8401 10267
8401 18640
8401 18946
8401 46928
8401 25999
8401 264
8401 45831
8401 5471
8401 40958
8401 43944
8401 2720
8401 7629
8401 29367
8401 22884
8401 33189
8401 13761
8401 28225
8401 20121
8401 13838
8401 20330
8401 17965
8401 38161
8401 7264
8401 36807
8401 8291
8401 9227
8401 16749
8401 19079
8401 21735
8401 3524
8401 40301
8401 39257
8401 18737
8401 34675
8401 27274
8401 29066
8401 18916
8401 12349
8401 35891
8401 42402
8401 32295
8401 29220
8401 5310
8401 14619
8401 26633
8401 15328
8401 22278
8401 41411
8401 31551
8401 26108
8401 5196
8401 46946
8401 26551
8401 15915
8401 741
8401 5370
8401 22756
8401 20633
8401 30033
8401 10257
8401 21024
8401 33548
8401 46418
8401 24380
8401 48032
8401 27118
8401 15525
8401 4749
8401 8128
8401 8754
8401 46342
8401 39544
8401 21892
8401 31876
8401 30013
8401 17426
8401 21001
8401 46830
8401 16902
8401 36822
8401 8908
8401 32738
8401 26151
8401 39075
8401 28254
8401 18757
8401 41201
8401 42907
8401 13674
8401 38297
8401 21695
8401 27444
8401 41106
8401 20261
8401 42989
8401 32632
8401 17621
8401 49436
8401 28091
8401 1720
8401 48526
8401 19357
8401 37582
8401 43036
8401 36259
8401 37763
8401 39789
8401 37964
8401 34747
8401 4877
8401 3597
8401 34932
8401 48662
8401 29429
8401 1774
8401 34260
8401 35563
8401 384
8401 14678
8401 33443
8401 28492
8401 19575
8401 15931
8401 24703
8401 31356
8401 26271
8401 1008
8401 17345
8401 26529
8401 33640
8401 23494
8401 23622
8401 17974
8401 32724
8401 29591
8401 44460
8401 22767
8401 35574
8401 29971
8401 5935
8401 27548
8401 14107
8401 36061
8401 49118
8401 48175
8401 32949
8401 33130
8401 47836
8401 10224
8401 33703
8401 23286
8401 27404
8401 43969
8401 12581
8401 11018
8401 36881
8401 27054
8401 13224
8401 14421
8401 11226
8401 36568
8401 47357
8401 16239
8401 27927
8401 22860
8401 8530
8401 29386
8401 24013
8401 15210
8401 34466
8401 44906
8401 25956
8401 46955
8401 6982
8401 1910
8401 41329
8401 28439
8401 3067
8401 153
8401 35698
8401 39244
8401 2280
8401 16637
8401 338
8401 11234
8401 30452
8401 30702
8401 15866
8401 47531
8401 27760
8401 43724
8401 4623
8401 32009
8401 45235
8401 25383
8401 41964
8401 26228
8401 4253
8401 28233
8401 19695
8401 2107
8401 43072
8401 14292
8401 11469
8401 33163
8401 40568
8401 45076
8401 38376
8401 18835
8401 15068
8401 32891
8401 37752
8401 10395
8401 2372
8401 49043
8401 43804
8401 35035
8401 9521
8401 18994
8401 21563
8401 44444
8401 20986
8401 32985
8401 7737
8401 38646
8401 17145
8401 22567
8401 48441
8401 36748
8401 7280
8401 46908
8401 6681
8401 32137
8401 13425
8401 25981
8401 43747
8401 25059
8401 16964
8401 11816
8401 38979
8401 38192
8401 40800
8401 1426
8401 13470
8401 20212
8401 2389
8401 4849
8401 15605
8401 6418
8401 48773
8401 18413
8401 41594
8401 43434
8401 23746
8401 24918
8401 46365
8401 35527
8401 34774
8401 22865
8401 34660
8401 45922
8401 1544
8401 34600
8401 20506
8401 5148
8401 10064
8401 48135
8401 23127
8401 28535
8401 43411
8401 47957
8401 8069
8401 26856
8401 31426
8401 15664
8401 31464
8401 22261
8401 22848
8401 4654
8401 15468
8401 24497
8401 22262
8401 34408
8401 36307
8401 10526
8401 1090
8401 20684
8401 5338
8401 34278
8401 189
8401 23327
8401 4923
8401 29290
8401 23425
8401 4385
8401 14574
8401 22498
8401 34639
8401 49671
8401 45550
8401 23455
8401 38567
8401 19095
8401 40128
8401 32688
8401 37064
8401 49831
8401 28740
8401 13557
8401 26483
8401 19826
8401 7421
8401 37668
8401 20307
8401 13727
8401 8313
8401 39613
8401 15611
8401 2464
8401 6449
8401 39231
8401 36719
8401 29633
8401 32139
8401 38989
8401 22069
8401 15369
8401 42533
8401 38704
8401 15456
8401 41666
8401 21522
8401 39285
8401 27436
8401 14427
8401 16539
8401 47354
8401 15883
8401 41509
8401 18954
8401 26273
8401 19248
8401 17589
8401 35884
8401 47481
8401 8233
8401 14986
8401 46126
8401 1610
8401 16871
8401 6957
8401 46193
8401 4895
8401 29849
8401 49840
8401 3187
8401 1333
8401 30796
8401 40235
8401 23383
8401 31860
8401 46568
8401 20508
8401 23694
8401 49559
8401 13126
8401 45089
8401 7835
8401 9203
8401 207
8401 3479
8401 16330
8401 20821
8401 19533
8401 23872
8401 30119
8401 29630
8401 49253
8401 12560
8401 14173
8401 41805
8401 22699
8401 4126
8401 14151
8401 43598
8401 31768
8401 44450
8401 10870
8401 16611
8401 37986
8401 43850
8401 36351
8401 16982
8401 49352
8401 29238
8401 13001
8401 9611
8401 46
8401 1748
8401 31920
8401 43795
8401 44716
8401 8635
8401 33758
8401 14030
8401 18706
8401 35923
8401 13561
8401 9085
8401 4859
8401 2608
8401 10553
8401 29757
8401 40186
8401 49004
8401 34403
8401 301
8401 24855
8401 25680
8401 37788
8401 7189
8401 37416
8401 8335
8401 25617
8401 40526
8401 18027
8401 27868
8401 5645
8401 316
8401 10297
8401 42384
8401 42490
8401 6337
8401 33849
8401 31661
8401 7500
8401 25667
8401 18697
8401 15852
8401 39024
8401 29474
8401 26340
8401 13013
8401 17667
8401 39270
8401 49567
8401 4829
8401 18626
8401 39167
8401 4190
8401 42560
8401 39522
8401 16421
8401 18179
8401 39951
8401 39889
8401 46096
8401 46303
8401 23870
8401 7032
8401 13552
8401 21734
8401 35614
8401 27312
8401 19845
8401 21708
8401 45332
8401 37256
8401 20845
8401 28929
8401 6955
8401 291
8401 18323
8401 12395
8401 4876
8401 37779
8401 31824
8401 31345
8401 9693
8401 45266
8401 40352
8401 23684
8401 26358
8401 32576
8401 40418
8401 24594
8401 29116
8401 41504
8401 49188
8401 28629
8401 40654
8401 29377
8401 1263
8401 14668
8401 28247
8401 29907
8401 4551
8401 38207
8401 34276
8401 34114
8401 24494
8401 33770
8401 33251
8401 47041
8401 18332
8401 36294
8401 25220
8401 41223
8401 47930
8401 21380
8401 9127
8401 7261
8401 26139
8401 40289
8401 30708
8401 12755
8401 36730
8401 49001
8401 42232
8401 36482
8401 46324
8401 32650
8401 36723
8401 584
8401 24413
8401 12812
8401 13006
8401 7823
8401 19370
8401 7832
8401 42690
8401 8036
8401 21082
8401 4611
8401 30834
8401 39114
8401 26098
8401 14328
8401 14197
8401 19929
8401 3225
8401 39252
8401 43606
8401 47426
8401 37702
8401 11159
8401 22790
8401 45044
8401 47245
8401 1906
8401 4275
8401 27886
8401 35982
8401 13390
8401 27542
8401 13463
8401 17937
8401 2784
8401 25857
8401 37730
8401 26606
8401 9744
8401 46770
8401 3065
8401 37156
8401 4120
8401 46688
8401 11530
8401 36818
8401 47735
8401 38560
8401 35111
8401 32995
8401 26220
8401 29291
8401 2654
8401 2757
8401 12876
8401 1886
8401 40744
8401 6076
8401 32453
8401 18815
8401 19891
8401 25814
8401 15379
8401 35270
8401 17457
8401 29693
8401 10249
8401 24447
8401 44783
8401 17156
8401 24690
8401 45319
8401 17669
8401 26188
8401 35856
8401 18736
8401 4141
8401 17619
8401 12331
8401 17846
8401 20252
8401 13324
8401 15035
8401 19388
8401 36123
8401 211
8401 2834
8401 43024
8401 33911
8401 551
8401 22473
8401 41286
8401 35512
8401 47141
8401 44361
8401 44154
8401 19772
8401 36055
8401 3518
8401 44810
8401 48717
8401 20494
8401 29061
8401 20552
8401 31152
8401 14706
8401 49971
8401 40945
8401 34271
8401 17939
8401 27808
8401 35307
8401 16823
8401 38089
8401 2504
8401 44853
8401 36186
8401 48785
8401 48741
8401 4874
8401 24718
8401 13666
8401 35903
8401 3849
8401 3940
8401 42363
8401 9707
8401 26329
8401 12444
8401 24369
8401 12711
8401 39555
8401 25931
8401 43485
8401 16322
8401 13064
8401 8542
8401 24181
8401 7426
8401 23412
8401 34427
8401 33278
8401 47408
8401 36918
8401 15145
8401 26238
8401 32279
8401 41018
8401 20900
8401 42375
8401 1900
8401 39048
8401 9943
8401 32379
8401 29865
8401 28209
8401 38643
8401 27150
8401 10407
8401 8183
8401 29929
8401 26704
8401 24883
8401 6446
8401 32917
8401 41554
8401 30765
8401 20220
8401 45188
8401 4280
8401 9404
8401 7328
8401 3962
8401 43581
8401 21152
8401 32853
8401 24218
8401 21648
8401 37585
8401 38282
8401 36827
8401 39409
8401 40544
8401 7499
8401 33715
8401 47107
8401 45128
8401 3354
8401 38931
8401 45314
8401 27567
8401 28787
8401 32479
8401 38932
8401 22843
8401 48521
8401 23061
8401 6525
8401 878
8401 42781
8401 23740
8401 25429
8401 39893
8401 5122
8401 8609
8401 12914
8401 12538
8401 49120
8401 6251
8401 46823
8401 42867
8401 38449
8401 40988
8401 33992
8401 44532
8401 7839
8401 22233
8401 13029
8401 13786
8401 17249
8401 16600
8401 24700
8401 15111
8401 34665
8401 33681
8401 14238
8401 10042
8401 7639
8401 26507
8401 34953
8401 14420
8401 19534
8401 31172
8401 12562
8401 29144
8401 17802
8401 9957
8401 2716
8401 22499
8401 14703
8401 25175
8401 37511
8401 17149
8401 29466
8401 37718
8401 46744
8401 2790
8401 42886
8401 19981
8401 32026
8401 2311
8401 12895
8401 19820
8401 33573
8401 13174
8401 42608
8401 5315
8401 35308
8401 40247
8401 15924
8401 11758
8401 11209
8401 17538
8401 23971
8401 12251
8401 26686
8401 13443
8401 35950
8401 36658
8401 6612
8401 25580
8401 39494
8401 38710
8401 41458
8401 10086
8401 26913
8401 28159
8401 22908
8401 3754
8401 653
8401 22011
8401 34812
8401 21575
8401 25831
8401 18260
8401 47422
8401 38106
8401 46912
8401 30412
8401 19361
8401 21557
8401 11352
8401 24863
8401 31995
8401 25471
8401 19422
8401 24772
8401 382
8401 48259
8401 34214
8401 3936
8401 31031
8401 41391
8401 607
8401 44561
8401 42321
8401 20890
8401 20578
8401 19412
8401 15023
8401 33689
8401 10102
8401 10183
8401 37317
8401 45744
8401 5813
8401 40194
8401 10399
8401 41615
8401 22167
8401 11083
8401 35639
8401 26352
8401 24461
8401 31655
8401 36263
8401 36169
8401 336
8401 24473
8401 35787
8401 28506
8401 20433
8401 31918
8401 41483
8401 49975
8401 29343
8401 12478
8401 24501
8401 31967
8401 10272
8401 22613
8401 45962
8401 18169
8401 26590
8401 45398
8401 25034
8401 23702
8401 47690
8401 5619
8401 23968
8401 16335
8401 6336
8401 11763
8401 35496
8401 28647
8401 39656
8401 43655
8401 24061
8401 7237
8401 2809
8401 26655
8401 2925
8401 18339
8401 35342
8401 22253
8401 25134
8401 49799
8401 12295
8401 11445
8401 24560
8401 19460
8401 11885
8401 29977
8401 1633
8401 19387
8401 3116
8401 37479
8401 16582
8401 617
8401 49665
8401 19722
8401 32597
8401 48436
8401 23917
8401 32360
8401 22434
8401 10934
8401 31088
8401 29085
8401 12544
8401 39938
8401 39247
8401 13287
8401 7916
8401 11391
8401 49485
8401 15963
8401 27162
8401 26905
8401 49411
8401 30897
8401 20964
8401 4399
8401 2040
8401 15482
8401 40624
8401 36856
8401 397
8401 5191
8401 15835
8401 21138
8401 7870
8401 25043
8401 16962
8401 30256
8401 10325
8401 44016
8401 15956
8401 6528
8401 29358
8401 8852
8401 22919
8401 40357
8401 2819
8401 38472
8401 35810
8401 28026
8401 40901
8401 16905
8401 43542
8401 5049
8401 35165
8401 4491
8401 45463
8401 30521
8401 26295
8401 41339
8401 10198
8401 17527
8401 8139
8401 46612
8401 27583
8401 9235
8401 4795
8401 15950
8401 30862
8401 13481
8401 21199
8401 14795
8401 38974
8401 10063
8401 39839
8401 37716
8401 44430
8401 4038
8401 25477
8401 30058
8401 17320
8401 24648
8401 49307
8401 32692
8401 11891
8401 22771
8401 6762
8401 13471
8401 40790
8401 31618
8401 15829
8401 25263
8401 23828
8401 27180
8401 32052
8401 46015
8401 35826
8401 40858
8401 24294
8401 48207
8401 34912
8401 33219
8401 34867
8401 42039
8401 47593
8401 10693
8401 32967
8401 30841
8401 4321
8401 760
8401 8650
8401 39775
8401 36561
8401 4961
8401 28235
8401 20190
8401 19513
8401 27750
8401 4394
8401 44413
8401 9960
8401 33797
8401 48813
8401 21627
8401 23581
8401 15305
8401 43144
8401 36241
8401 27194
8401 41855
8401 30216
8401 43202
8401 22869
8401 42317
8401 45815
8401 27890
8401 19136
8401 45445
8401 17551
8401 46704
8401 16092
8401 24168
8401 21292
8401 460
8401 10652
8401 48749
8401 40259
8401 36495
8401 37832
8401 1866
8401 15040
8401 13705
8401 8787
8401 2436
8401 47117
8401 1007
8401 38152
8401 12831
8401 41901
8401 30289
8401 29528
8401 41890
8401 45704
8401 4833
8401 3000
8401 38144
8401 23605
8401 13022
8401 2677
8401 34326
8401 46449
8401 9189
8401 39708
8401 14378
8401 8438
8401 39942
8401 40403
8401 26697
8401 23070
8401 9103
8401 41418
8401 20601
8401 28549
8401 28568
8401 21004
8401 1771
8401 19133
8401 6154
8401 10337
8401 16264
8401 5465
8401 9892
8401 19232
8401 40672
8401 46346
8401 5569
8401 17602
8401 1943
8401 5186
8401 21084
8401 1446
8401 20489
8401 14454
8401 35814
8401 4658
8401 5655
8401 17178
8401 10622
8401 16682
8401 42335
8401 30981
8401 10367
8401 46994
8401 42822
8401 37611
8401 12836
8401 7648
8401 18212
8401 12411
8401 24739
8401 3070
8401 24434
8401 12771
8401 23311
8401 48429
8401 4620
8401 44990
8401 42067
8401 20554
8401 28040
8401 45342
8401 35155
8401 646
8401 35834
8401 34518
8401 18202
8401 48909
8401 38681
8401 35869
8401 20583
8401 10931
8401 43518
8401 26789
8401 10449
8401 887
8401 46679
8401 12105
8401 14172
8401 17623
8401 18947
8401 14682
8401 6027
8401 16274
8401 42954
8401 4845
8401 26307
8401 35417
8401 37987
8401 34546
8401 49497
8401 37206
8401 17035
8401 37486
8401 2825
8401 19312
8401 6258
8401 37164
8401 26588
8401 14456
8401 20697
8401 28059
8401 40748
8401 30503
8401 6360
8401 37003
8401 5521
8401 21690
8401 4488
8401 26313
8401 36961
8401 28910
8401 29442
8401 26771
8401 49522
8401 5641
8401 12002
8401 16079
8401 10603
8401 47933
8401 49744
8401 43762
8401 30738
8401 8096
8401 48185
8401 62
8401 38245
8401 7748
8401 27308
8401 26996
8401 163
8401 27922
8401 23354
8401 32408
8401 20270
8401 42641
8401 960
8401 35236
8401 43440
8401 32700
8401 4970
8401 35245
8401 46344
8401 3742
8401 31813
8401 12908
8401 35533
8401 47312
8401 11735
8401 36283
8401 35056
8401 23283
8401 39894
8401 43008
8401 27346
8401 659
8401 32510
8401 6891
8401 11178
8401 9221
8401 34512
8401 27462
8401 36334
8401 48112
8401 45683
8401 4069
8401 8177
8401 2835
8401 41373
8401 27239
8401 44970
8401 44352
8401 14837
8401 20923
8401 17993
8401 17412
8401 10438
8401 45803
8401 37936
8401 36159
8401 12715
8401 14467
8401 25167
8401 31636
8401 34087
8401 44085
8401 17232
8401 29165
8401 37089
8401 17840
8401 7618
8401 2152
8401 530
8401 20481
8401 34571
8401 17743
8401 20880
8401 20546
8401 20919
8401 29675
8401 27320
8401 47347
8401 45699
8401 39722
8401 25402
8401 35116
8401 32619
8401 45838
8401 41111
8401 37175
8401 30392
8401 30911
8401 27515
8401 13359
8401 48926
8401 39814
8401 30805
8401 39730
8401 8394
8401 969
8401 29762
8401 24754
8401 10758
8401 8338
8401 9754
8401 5249
8401 17922
8401 31933
8401 38067
8401 17750
8401 27213
8401 8993
8401 28004
8401 17767
8401 36897
8401 4643
8401 10134
8401 7483
8401 19815
8401 14222
8401 23380
8401 24622
8401 18593
8401 30675
8401 49890
8401 12271
8401 534
8401 37829
8401 22360
8401 38438
8401 25199
8401 13554
8401 33531
8401 48616
8401 28876
8401 48376
8401 20442
8401 38104
8401 41632
8401 572
8401 46513
8401 6260
8401 47549
8401 7625
8401 18823
8401 3329
8401 12576
8401 36871
8401 36387
8401 846
8401 28905
8401 38900
8401 44335
8401 27568
8401 47368
8401 42685
8401 10020
8401 8806
8401 10197
8401 18800
8401 27377
8401 2409
8401 17599
8401 27553
8401 36485
8401 14045
8401 12691
8401 4295
8401 16728
8401 27170
8401 44260
8401 25240
8401 32093
8401 28897
8401 49178
8401 18646
8401 4360
8401 17772
8401 23276
8401 48932
8401 2801
8401 44048
8401 48010
8401 4672
8401 23444
8401 42393
8401 24537
8401 10767
8401 5185
8401 42314
8401 35848
8401 31781
8401 12125
8401 21450
8401 38910
8401 28367
8401 9713
8401 17013
8401 48709
8401 6584
8401 35312
8401 3366
8401 23568
8401 29355
8401 11069
8401 14213
8401 47865
8401 10045
8401 25900
8401 6234
8401 20510
8401 1404
8401 21453
8401 47486
8401 42136
8401 33493
8401 2595
8401 32016
8401 40653
8401 1855
8401 15785
8401 9172
8401 40927
8401 7865
8401 8237
8401 43981
8401 47338
8401 1320
8401 49627
8401 22387
8401 36362
8401 28016
8401 47887
8401 1387
8401 36339
8401 6756
8401 49207
8401 1403
8401 49023
8401 24857
8401 4268
8401 39177
8401 24138
8401 5767
8401 19643
8401 11300
8401 49529
8401 36861
8401 4444
8401 40423
8401 7412
8401 42569
8401 2078
8401 23985
8401 39914
8401 497
8401 45630
8401 10148
8401 47646
8401 22603
8401 14512
8401 9698
8401 15144
8401 14869
8401 8135
8401 40633
8401 24384
8401 22788
8401 23231
8401 6726
8401 2028
8401 13151
8401 14664
8401 29303
8401 33149
8401 25067
8401 17690
8401 41640
8401 42246
8401 1630
8401 43587
8401 27425
8401 47596
8401 7383
8401 423
8401 24939
8401 40992
8401 27408
8401 41713
8401 9966
8401 26809
8401 13893
8401 4552
8401 23799
8401 29024
8401 12208
8401 44881
8401 20471
8401 44234
8401 381
8401 28642
8401 31944
8401 12361
8401 14712
8401 2278
8401 15333
8401 31686
8401 44963
8401 7912
8401 43545
8401 391
8401 2985
8401 22059
8401 32673
8401 16625
8401 41319
8401 11370
8401 40491
8401 39274
8401 38413
8401 43622
8401 425
8401 43957
8401 7936
8401 16840
8401 36710
8401 31095
8401 38622
8401 41587
8401 43000
8401 37355
8401 34383
8401 19690
8401 38998
8401 10524
8401 30551
8401 35816
8401 36673
8401 34462
8401 11312
8401 17971
8401 14968
8401 8975
8401 48110
8401 8044
8401 46580
8401 47833
8401 29160
8401 39192
8401 13559
8401 19105
8401 24666
8401 23489
8401 30878
8401 49580
8401 35235
8401 7017
8401 25825
8401 3596
8401 6829
8401 8184
8401 29538
8401 47547
8401 44138
8401 18982
8401 21105
8401 43047
8401 15754
8401 14740
8401 26784
8401 12704
8401 38984
8401 10457
8401 41674
8401 29926
8401 3706
8401 27454
8401 40040
8401 29740
8401 31608
8401 42928
8401 6837
8401 34693
8401 39934
8401 27400
8401 43624
8401 33057
8401 33296
8401 42221
8401 17173
8401 18628
8401 30107
8401 31181
8401 11330
8401 14578
8401 45127
8401 23846
8401 29185
8401 34896
8401 12843
8401 26769
8401 44603
8401 28513
8401 4014
8401 9377
8401 32698
8401 19204
8401 4370
8401 48055
8401 43923
8401 31936
8401 49013
8401 4914
8401 13452
8401 32732
8401 7414
8401 39175
8401 48472
8401 19630
8401 19173
8401 24201
8401 6876
8401 46409
8401 38840
8401 25225
8401 2877
8401 23722
8401 35623
8401 26128
8401 12066
8401 23715
8401 7132
8401 8510
8401 35376
8401 44639
8401 41799
8401 27107
8401 49549
8401 47679
8401 32758
8401 27940
8401 32893
8401 9118
8401 20844
8401 18952
8401 17353
8401 31497
8401 32509
8401 43170
8401 27723
8401 8406
8401 35683
8401 20259
8401 5502
8401 31659
8401 1341
8401 184
8401 38189
8401 6846
8401 35085
8401 21507
8401 31758
8401 8249
8401 33442
8401 44465
8401 43374
8401 23416
8401 36607
8401 21210
8401 7561
8401 24956
8401 24981
8401 35354
8401 28096
8401 23003
8401 43740
8401 32025
8401 24547
8401 8812
8401 44299
8401 36656
8401 33262
8401 22593
8401 4291
8401 4173
8401 26403
8401 3865
8401 4614
8401 13179
8401 46628
8401 29162
8401 14658
8401 30291
8401 14293
8401 48655
8401 21494
8401 10586
8401 20534
8401 31769
8401 38107
8401 18591
8401 790
8401 9069
8401 1666
8401 9536
8401 40762
8401 10339
8401 11021
8401 17899
8401 48981
8401 21437
8401 14546
8401 46033
8401 38869
8401 5114
8401 5617
8401 23305
8401 15233
8401 10951
8401 13207
8401 9029
8401 42392
8401 36033
8401 49573
8401 36300
8401 28333
8401 37940
8401 27467
8401 40538
8401 365
8401 38028
8401 41313
8401 25889
8401 9124
8401 2733
8401 24333
8401 12182
8401 43407
8401 18313
8401 14799
8401 17389
8401 24396
8401 40325
8401 27230
8401 7762
8401 14445
8401 10790
8401 21803
8401 45046
8401 29997
8401 21906
8401 21579
8401 7285
8401 46762
8401 44841
8401 14684
8401 31429
8401 29057
8401 45036
8401 35870
8401 16931
8401 38116
8401 38306
8401 22938
8401 12745
8401 1002
8401 17571
8401 13070
8401 10512
8401 27061
8401 45535
8401 1253
8401 21793
8401 18093
8401 29035
8401 8330
8401 25901
8401 17440
8401 33217
8401 30221
8401 18589
8401 16693
8401 16866
8401 8275
8401 47264
8401 40434
8401 45534
8401 38384
8401 37731
8401 41321
8401 46726
8401 32910
8401 25292
8401 28464
8401 3956
8401 36578
8401 11280
8401 21603
8401 28676
8401 43677
8401 4197
8401 9798
8401 49479
8401 44205
8401 6118
8401 25692
8401 34192
8401 22153
8401 23979
8401 18511
8401 10475
8401 23521
8401 39630
8401 22446
8401 43424
8401 47537
8401 28601
8401 33977
8401 1295
8401 24661
8401 8637
8401 3892
8401 18279
8401 39453
8401 28356
8401 39413
8401 23187
8401 17853
8401 41859
8401 17191
8401 23439
8401 5184
8401 13253
8401 19990
8401 20495
8401 7346
8401 4826
8401 12983
8401 2128
8401 41374
8401 4595
8401 24139
8401 18229
8401 29653
8401 25594
8401 33721
8401 3442
8401 30077
8401 40555
8401 1013
8401 14218
8401 37570
8401 43672
8401 32381
8401 4412
8401 39751
8401 33450
8401 7940
8401 10044
8401 29847
8401 30827
8401 16892
8401 7864
8401 20446
8401 16855
8401 28639
8401 41817
8401 32799
8401 26608
8401 9727
8401 38418
8401 42169
8401 34521
8401 41725
8401 37926
8401 24574
8401 49681
8401 21845
8401 37766
8401 40565
8401 41341
8401 23143
8401 37975
8401 36777
8401 19631
8401 9022
8401 21512
8401 47688
8401 3633
8401 35070
8401 36515
8401 42769
8401 14351
8401 10274
8401 26800
8401 21091
8401 10433
8401 48825
8401 20187
8401 7192
8401 6376
8401 5156
8401 16289
8401 10454
8401 27633
8401 4305
8401 10866
8401 2773
8401 47184
8401 19301
8401 36936
8401 44680
8401 26210
8401 49540
8401 11944
8401 39857
8401 45638
8401 20480
8401 23911
8401 26141
8401 31909
8401 7873
8401 41414
8401 47533
8401 48375
8401 17709
8401 22824
8401 27728
8401 30032
8401 15689
8401 15990
8401 30345
8401 18890
8401 7793
8401 39431
8401 24881
8401 23320
8401 34790
8401 13293
8401 13659
8401 37293
8401 6542
8401 4009
8401 46066
8401 2016
8401 41347
8401 44011
8401 45181
8401 35536
8401 18198
8401 4219
8401 37591
8401 8099
8401 43638
8401 49632
8401 35977
8401 41773
8401 23355
8401 24245
8401 33659
8401 8829
8401 21028
8401 13930
8401 3757
8401 37612
8401 5412
8401 2838
8401 47181
8401 17159
8401 12878
8401 28230
8401 42103
8401 14810
8401 20181
8401 34967
8401 45738
8401 40820
8401 21047
8401 48936
8401 27949
8401 25748
8401 36933
8401 26051
8401 25563
8401 31649
8401 620
8401 5442
8401 8191
8401 24375
8401 8076
8401 28285
8401 16205
8401 35745
8401 309
8401 28926
8401 48808
8401 49114
8401 12273
8401 44751
8401 22057
8401 6189
8401 39460
8401 32672
8401 4487
8401 8239
8401 10250
8401 11131
8401 12353
8401 1374
8401 26112
8401 914
8401 13657
8401 16736
8401 38164
8401 36380
8401 41486
8401 28742
8401 23628
8401 21822
8401 20538
8401 18909
8401 12523
8401 36405
8401 39674
8401 9079
8401 1892
8401 44445
8401 41828
8401 15746
8401 43918
8401 44199
8401 38310
8401 9128
8401 12253
8401 49554
8401 28698
8401 42796
8401 39097
8401 48227
8401 22648
8401 42155
8401 34245
8401 30592
8401 24044
8401 17400
8401 14240
8401 47240
8401 48424
8401 44818
8401 27120
8401 33050
8401 4347
8401 9049
8401 5697
8401 2074
8401 9175
8401 1503
8401 41746
8401 1967
8401 2258
8401 10440
8401 2070
8401 27880
8401 17225
8401 48692
8401 41937
8401 47345
8401 351
8401 45163
8401 34099
8401 22398
8401 45054
8401 37222
8401 17616
8401 33998
8401 28229
8401 46693
8401 6477
8401 36226
8401 20988
8401 32527
8401 22978
8401 24452
8401 23902
8401 32557
8401 44848
8401 17626
8401 47208
8401 29682
8401 27036
8401 30594
8401 48596
8401 12267
8401 18858
8401 39992
8401 45337
8401 29247
8401 43630
8401 23084
8401 24826
8401 6993
8401 36464
8401 4172
8401 1023
8401 14419
8401 33653
8401 15020
8401 44950
8401 49882
8401 28669
8401 31687
8401 10914
8401 19483
8401 12509
8401 41182
8401 12283
8401 28318
8401 5395
8401 22573
8401 48947
8401 30469
8401 1457
8401 28633
8401 20864
8401 44767
8401 514
8401 4873
8401 5113
8401 17230
8401 18686
8401 49282
8401 35842
8401 48907
8401 32169
8401 13214
8401 19104
8401 5014
8401 38450
8401 36046
8401 39890
8401 36093
8401 7953
8401 38946
8401 31715
8401 21499
8401 11915
8401 37648
8401 21529
8401 15043
8401 16297
8401 19557
8401 18422
8401 15530
8401 7843
8401 14500
8401 15045
8401 48241
8401 25871
8401 40973
8401 7172
8401 32454
8401 18691
8401 37284
8401 26532
8401 22159
8401 35076
8401 21520
8401 25172
8401 39612
8401 13142
8401 36685
8401 3713
8401 19769
8401 12051
8401 33451
8401 41521
8401 43322
8401 6124
8401 17139
8401 37062
8401 12945
8401 27341
8401 44704
8401 29074
8401 47990
8401 13247
8401 42627
8401 6502
8401 26158
8401 48115
8401 37113
8401 7178
8401 39802
8401 49978
8401 13655
8401 4674
8401 25164
8401 21271
8401 13398
8401 42587
8401 15224
8401 46786
8401 25047
8401 49354
8401 36407
8401 1315
8401 34591
8401 3702
8401 22967
8401 15083
8401 4504
8401 33682
8401 41895
8401 31068
8401 40798
8401 48202
8401 40431
8401 46743
8401 49615
8401 47142
8401 49951
8401 31598
8401 31436
8401 11829
8401 14564
8401 16238
8401 22086
8401 31703
8401 36440
8401 17101
8401 39092
8401 28760
8401 36228
8401 38283
8401 9648
8401 13388
8401 45467
8401 7491
8401 44266
8401 25751
8401 48745
8401 32538
8401 40817
8401 2992
8401 4804
8401 26233
8401 32442
8401 3829
8401 32090
8401 24221
8401 15514
8401 19528
8401 48527
8401 33169
8401 28537
8401 9842
8401 28127
8401 30618
8401 15093
8401 41560
8401 38094
8401 17936
8401 40100
8401 34558
8401 19454
8401 33419
8401 36188
8401 22768
8401 30124
8401 16357
8401 39651
8401 30170
8401 48614
8401 9524
8401 14178
8401 46212
8401 20702
8401 26666
8401 15973
8401 5047
8401 44931
8401 5774
8401 33669
8401 24740
8401 16652
8401 23952
8401 40409
8401 29634
8401 23498
8401 20776
8401 42313
8401 26674
8401 24993
8401 1514
8401 31243
8401 47666
8401 1504
8401 35415
8401 31857
8401 22614
8401 27721
8401 28218
8401 22838
8401 32287
8401 2442
8401 47562
8401 39373
8401 13928
8401 44768
8401 11336
8401 45766
8401 34497
8401 11030
8401 5053
8401 14147
8401 29172
8401 865
8401 10997
8401 33716
8401 28245
8401 35018
8401 47083
8401 2294
8401 3598
8401 3973
8401 44600
8401 3694
8401 1777
8401 29827
8401 31746
8401 20186
8401 12849
8401 1051
8401 31647
8401 12147
8401 14105
8401 14612
8401 39506
8401 30100
8401 28213
8401 43573
8401 18370
8401 24599
8401 25418
8401 13394
8401 5608
8401 30409
8401 12860
8401 23599
8401 41589
8401 31384
8401 31698
8401 9214
8401 47210
8401 5566
8401 21263
8401 44469
8401 2191
8401 48455
8401 44886
8401 38566
8401 37346
8401 15526
8401 2220
8401 208
8401 16531
8401 39345
8401 17510
8401 30164
8401 6764
8401 8847
8401 44565
8401 15400
8401 44989
8401 27660
8401 33058
8401 17766
8401 41386
8401 712
8401 9093
8401 20484
8401 41041
8401 30198
8401 25434
8401 5530
8401 22840
8401 32041
8401 35346
8401 1917
8401 15512
8401 48924
8401 21862
8401 26006
8401 3382
8401 25488
8401 4205
8401 3091
8401 28909
8401 3058
8401 25105
8401 9024
8401 1517
8401 31232
8401 4419
8401 5687
8401 35361
8401 21714
8401 28305
8401 11662
8401 45228
8401 39606
8401 24730
8401 36925
8401 481
8401 638
8401 7614
8401 8837
8401 3050
8401 335
8401 45098
8401 43570
8401 36982
8401 46466
8401 5593
8401 42225
8401 19188
8401 46217
8401 34706
8401 17263
8401 36969
8401 24354
8401 48434
8401 48012
8401 12379
8401 24904
8401 22407
8401 3550
8401 14046
8401 241
8401 44340
8401 40059
8401 38262
8401 6727
8401 19110
8401 48678
8401 14078
8401 10583
8401 8747
8401 21968
8401 41622
8401 24637
8401 5634
8401 27003
8401 44868
8401 43096
8401 5758
8401 34169
8401 22562
8401 46944
8401 32764
8401 21548
8401 3030
8401 7759
8401 38623
8401 48252
8401 15960
8401 22656
8401 7429
8401 31409
8401 44021
8401 5408
8401 21645
8401 45358
8401 37999
8401 8513
8401 36944
8401 25912
8401 27992
8401 27703
8401 45239
8401 3943
8401 17398
8401 28222
8401 23293
8401 1770
8401 18359
8401 33722
8401 22206
8401 38592
8401 40132
8401 19899
8401 39218
8401 15705
8401 24847
8401 435
8401 16006
8401 38487
8401 34474
8401 31800
8401 36783
8401 23493
8401 13916
8401 22583
8401 23368
8401 17041
8401 30361
8401 4906
8401 27595
8401 40572
8401 7989
8401 39280
8401 9307
8401 17938
8401 42290
8401 47911
8401 11593
8401 13848
8401 23630
8401 38243
8401 18948
8401 9334
8401 21770
8401 3573
8401 38011
8401 2611
8401 29491
8401 8010
8401 24157
8401 139
8401 44640
8401 48008
8401 29568
8401 34320
8401 24135
8401 6343
8401 37657
8401 11175
8401 14136
8401 16503
8401 46629
8401 14210
8401 45034
8401 7256
8401 30568
8401 46169
8401 27016
8401 37274
8401 47082
8401 41592
8401 7015
8401 1364
8401 34313
8401 49509
8401 16089
8401 13920
8401 39077
8401 10362
8401 13858
8401 10981
8401 23809
8401 2369
8401 38432
8401 32486
8401 15813
8401 29457
8401 47158
8401 32862
8401 32162
8401 36967
8401 42087
8401 6873
8401 13074
8401 34207
8401 18209
8401 14265
8401 7611
8401 47653
8401 45066
8401 32885
8401 48843
8401 6239
8401 26939
8401 31872
8401 41254
8401 17579
8401 1151
8401 433
8401 39975
8401 35564
8401 12215
8401 11144
8401 6508
8401 41170
8401 43730
8401 14985
8401 23859
8401 2322
8401 45451
8401 8293
8401 11283
8401 19980
8401 16388
8401 4494
8401 49315
8401 16171
8401 26811
8401 25138
8401 16373
8401 21684
8401 6954
8401 46464
8401 2115
8401 1999
8401 18128
8401 14921
8401 48007
8401 22126
8401 49316
8401 508
8401 27131
8401 44233
8401 32391
8401 16804
8401 23609
8401 45598
8401 25939
8401 25483
8401 13586
8401 18828
8401 26219
8401 35524
8401 16314
8401 20666
8401 14113
8401 11447
8401 16479
8401 27626
8401 26248
8401 1088
8401 35767
8401 1049
8401 40298
8401 11363
8401 39649
8401 13664
8401 38593
8401 17472
8401 40982
8401 4586
8401 13754
8401 14024
8401 1332
8401 49045
8401 30724
8401 12376
8401 39439
8401 4039
8401 12811
8401 34363
8401 35571
8401 6037
8401 24348
8401 28730
8401 14601
8401 14549
8401 32300
8401 49764
8401 10933
8401 19681
8401 2948
8401 27501
8401 37413
8401 28482
8401 24130
8401 48922
8401 37200
8401 35497
8401 39687
8401 7090
8401 32324
8401 11092
8401 10727
8401 30500
8401 38251
8401 9594
8401 4963
8401 11788
8401 24508
8401 196
8401 29177
8401 20353
8401 42717
8401 23514
8401 48641
8401 17898
8401 18306
8401 22682
8401 3024
8401 1450
8401 43189
8401 26413
8401 14702
8401 13027
8401 30903
8401 41912
8401 21594
8401 11921
8401 43457
8401 13975
8401 22015
8401 36498
8401 21561
8401 20453
8401 17607
8401 42880
8401 30134
8401 18717
8401 39849
8401 7645
8401 14124
8401 35978
8401 36318
8401 10759
8401 25699
8401 14372
8401 33756
8401 9450
8401 14872
8401 6429
8401 27704
8401 4685
8401 28152
8401 2753
8401 28135
8401 4414
8401 17126
8401 12898
8401 18768
8401 604
8401 17645
8401 10634
8401 6724
8401 24620
8401 18878
8401 9070
8401 39339
8401 42868
8401 38621
8401 611
8401 44468
8401 26502
8401 39920
8401 18648
8401 5867
8401 32593
8401 40915
8401 32331
8401 42849
8401 4256
8401 47232
8401 46348
8401 10291
8401 40584
8401 35956
8401 21592
8401 35673
8401 4074
8401 12551
8401 10954
8401 29779
8401 3741
8401 25010
8401 7915
8401 47307
8401 672
8401 32457
8401 46723
8401 34490
8401 5931
8401 36145
8401 45958
8401 30326
8401 11322
8401 30636
8401 24726
8401 37905
8401 10794
8401 16640
8401 24884
8401 28012
8401 20680
8401 35534
8401 38557
8401 20165
8401 43157
8401 28570
8401 15316
8401 47832
8401 26700
8401 20849
8401 21435
8401 49419
8401 10828
8401 44655
8401 43543
8401 25896
8401 24298
8401 48571
8401 34361
8401 44644
8401 47765
8401 30801
8401 20205
8401 41558
8401 33291
8401 18876
8401 7287
8401 8290
8401 356
8401 41088
8401 47877
8401 8400
8401 44092
8401 7223
8401 4243
8401 19797
8401 35705
8401 9367
8401 587
8401 37162
8401 26475
8401 4646
8401 18594
8401 17868
8401 18804
8401 1651
8401 11806
8401 17242
8401 11977
8401 24894
8401 12764
8401 34349
8401 36382
8401 39283
8401 4319
8401 2363
8401 1422
8401 27421
8401 33145
8401 17783
8401 36965
8401 27891
8401 983
8401 5393
8401 48310
8401 16381
8401 8252
8401 48853
8401 7935
8401 25501
8401 28774
8401 44341
8401 15954
8401 21851
8401 34716
8401 28653
8401 5311
8401 37566
8401 7138
8401 48818
8401 35183
8401 25173
8401 39107
8401 33780
8401 38798
8401 32629
8401 11360
8401 42882
8401 47068
8401 30554
8401 660
8401 18297
8401 3045
8401 29806
8401 17062
8401 49211
8401 49154
8401 8005
8401 37904
8401 10145
8401 23556
8401 12093
8401 36599
8401 15929
8401 32133
8401 1330
8401 24147
8401 37619
8401 18621
8401 8134
8401 37196
8401 18228
8401 3414
8401 9237
8401 24877
8401 26074
8401 39210
8401 46138
8401 11109
8401 1851
8401 29813
8401 27237
8401 2087
8401 36531
8401 11531
8401 26487
8401 29288
8401 32900
8401 28703
8401 48290
8401 11586
8401 49407
8401 16210
8401 3305
8401 45219
8401 18432
8401 33621
8401 17946
8401 39055
8401 7181
8401 11414
8401 15738
8401 5314
8401 19642
8401 40148
8401 6728
8401 38629
8401 11619
8401 29302
8401 39756
8401 4891
8401 49085
8401 11811
8401 39189
8401 23651
8401 19651
8401 25480
8401 41821
8401 31817
8401 48509
8401 41399
8401 40975
8401 12365
8401 31331
8401 12656
8401 17088
8401 7341
8401 46919
8401 19897
8401 6894
8401 16793
8401 27111
8401 5780
8401 30893
8401 32121
8401 46805
8401 23333
8401 46985
8401 16899
8401 46992
8401 39727
8401 21340
8401 39546
8401 44157
8401 46358
8401 27236
8401 2840
8401 5887
8401 35061
8401 16249
8401 21904
8401 22629
8401 45526
8401 33412
8401 45385
8401 6922
8401 33624
8401 19882
8401 17930
8401 36663
8401 31266
8401 4147
8401 19995
8401 26736
8401 20194
8401 31230
8401 8931
8401 13377
8401 27735
8401 42251
8401 24476
8401 15555
8401 44208
8401 47968
8401 1922
8401 5962
8401 29507
8401 29475
8401 6334
8401 46472
8401 41491
8401 26368
8401 44461
8401 2714
8401 9774
8401 9305
8401 349
8401 30628
8401 19021
8401 13879
8401 8669
8401 1704
8401 922
8401 14284
8401 37951
8401 4792
8401 15756
8401 22236
8401 15742
8401 2759
8401 36108
8401 16111
8401 37535
8401 3500
8401 5809
8401 31925
8401 28041
8401 19593
8401 18053
8401 4152
8401 40169
8401 23010
8401 4754
8401 39462
8401 681
8401 21103
8401 35399
8401 12278
8401 29718
8401 45346
8401 26622
8401 24054
8401 28111
8401 47515
8401 24309
8401 10160
8401 42656
8401 34644
8401 1568
8401 22786
8401 46735
8401 45150
8401 20804
8401 24366
8401 33047
8401 29890
8401 32838
8401 38412
8401 17751
8401 47386
8401 29110
8401 48982
8401 29985
8401 21345
8401 42446
8401 10010
8401 14414
8401 27452
8401 38092
8401 5027
8401 21135
8401 32054
8401 36069
8401 9954
8401 10182
8401 5341
8401 27970
8401 35408
8401 15119
8401 33182
8401 34608
8401 42329
8401 27962
8401 23804
8401 36327
8401 34089
8401 32564
8401 33985
8401 19153
8401 1563
8401 18155
8401 46644
8401 44297
8401 16491
8401 21428
8401 23304
8401 2514
8401 6486
8401 19931
8401 2912
8401 915
8401 27622
8401 8538
8401 7814
8401 36275
8401 40397
8401 8188
8401 40828
8401 4630
8401 45250
8401 32260
8401 41660
8401 15164
8401 12415
8401 374
8401 27075
8401 28454
8401 41797
8401 38526
8401 21686
8401 9896
8401 36132
8401 18030
8401 32095
8401 8110
8401 48214
8401 39901
8401 13056
8401 7763
8401 32747
8401 33654
8401 34470
8401 28998
8401 15499
8401 1840
8401 36253
8401 32355
8401 6632
8401 38453
8401 6173
8401 46326
8401 4112
8401 47801
8401 23526
8401 45722
8401 44173
8401 37123
8401 31678
8401 83
8401 35272
8401 45499
8401 38081
8401 38577
8401 17574
8401 1781
8401 47123
8401 31097
8401 33661
8401 10708
8401 34616
8401 7111
8401 23535
8401 31131
8401 12710
8401 9602
8401 20103
8401 15723
8401 3428
8401 33328
8401 47555
8401 28939
8401 31597
8401 12943
8401 10769
8401 10632
8401 27677
8401 48479
8401 4916
8401 15690
8401 27580
8401 46624
8401 35909
8401 46848
8401 1245
8401 43939
8401 21985
8401 13844
8401 12042
8401 17092
8401 8142
8401 17787
8401 38157
8401 48552
8401 11631
8401 8676
8401 19080
8401 28904
8401 14266
8401 9883
8401 8
8401 42053
8401 26830
8401 7316
8401 46818
8401 13168
8401 346
8401 27280
8401 49546
8401 19342
8401 14980
8401 42367
8401 6341
8401 34400
8401 43186
8401 17487
8401 26777
8401 10955
8401 41108
8401 32855
8401 3787
8401 40993
8401 26949
8401 26072
8401 8021
8401 4619
8401 23507
8401 47523
8401 49675
8401 45845
8401 10562
8401 12230
8401 2193
8401 18738
8401 27108
8401 46266
8401 30186
8401 27541
8401 47134
8401 10847
8401 3926
8401 22697
8401 20368
8401 30545
8401 8180
8401 43064
8401 38361
8401 6078
8401 36305
8401 33250
8401 22849
8401 28171
8401 16426
8401 693
8401 43050
8401 6767
8401 20040
8401 14289
8401 22312
8401 46725
8401 45730
8401 31997
8401 17664
8401 43636
8401 49568
8401 33558
8401 43178
8401 32670
8401 44007
8401 9255
8401 12803
8401 39241
8401 46564
8401 47904
8401 46962
8401 47934
8401 44474
8401 12754
8401 37219
8401 39819
8401 39027
8401 19915
8401 35573
8401 40042
8401 37576
8401 30408
8401 46503
8401 14345
8401 41960
8401 27328
8401 8213
8401 26866
8401 6808
8401 26627
8401 10120
8401 31425
8401 35584
8401 32804
8401 29924
8401 10490
8401 8231
8401 33264
8401 14244
8401 48191
8401 40337
8401 23146
8401 8002
8401 18895
8401 34508
8401 45533
8401 6852
8401 26226
8401 21786
8401 16473
8401 28621
8401 45728
8401 32921
8401 6209
8401 8611
8401 40355
8401 35948
8401 16921
8401 2416
8401 19344
8401 5653
8401 27079
8401 27023
8401 23954
8401 29418
8401 16304
8401 6117
8401 6060
8401 18397
8401 19130
8401 19400
8401 25295
8401 38225
8401 20138
8401 20524
8401 23008
8401 34559
8401 35958
8401 32894
8401 44871
8401 35760
8401 45517
8401 20910
8401 11794
8401 26127
8401 10885
8401 20675
8401 27966
8401 47866
8401 26268
8401 14778
8401 24127
8401 1279
8401 21652
8401 15297
8401 145
8401 23755
8401 9077
8401 35662
8401 22361
8401 28405
8401 22291
8401 9849
8401 1500
8401 7523
8401 24312
8401 32388
8401 6753
8401 11004
8401 21919
8401 22191
8401 35240
8401 38673
8401 15521
8401 3131
8401 43958
8401 48329
8401 1586
8401 47042
8401 45390
8401 45353
8401 45623
8401 27573
8401 37643
8401 6279
8401 43095
8401 49791
8401 40549
8401 47106
8401 44785
8401 37328
8401 3708
8401 45381
8401 3507
8401 6944
8401 16634
8401 5878
8401 20584
8401 18029
8401 12603
8401 542
8401 17916
8401 47664
8401 49718
8401 22105
8401 41151
8401 32633
8401 35711
8401 30562
8401 47434
8401 22850
8401 3912
8401 6694
8401 32478
8401 40121
8401 22353
8401 46728
8401 19140
8401 44385
8401 4782
8401 13683
8401 26988
8401 30112
8401 16930
8401 6990
8401 16160
8401 21628
8401 32976
8401 6696
8401 40218
8401 47290
8401 27691
8401 26734
8401 45498
8401 5124
8401 15085
8401 4775
8401 28572
8401 10859
8401 40037
8401 19761
8401 17112
8401 30069
8401 3710
8401 4726
8401 9619
8401 21767
8401 37227
8401 26677
8401 41350
8401 48372
8401 48463
8401 10714
8401 11748
8401 16772
8401 9609
8401 47699
8401 14520
8401 49060
8401 30008
8401 36508
8401 14049
8401 14731
8401 46175
8401 10040
8401 45552
8401 42585
8401 2179
8401 18481
8401 41832
8401 34804
8401 31099
8401 36825
8401 17884
8401 35651
8401 19495
8401 41610
8401 2722
8401 14513
8401 35697
8401 25132
8401 40415
8401 45886
8401 18574
8401 46759
8401 36850
8401 286
8401 48752
8401 24231
8401 49519
8401 33041
8401 41853
8401 1639
8401 28164
8401 28661
8401 2669
8401 34425
8401 11426
8401 36416
8401 37909
8401 4462
8401 1969
8401 9348
8401 48475
8401 43152
8401 21038
8401 19337
8401 13093
8401 27624
8401 47588
8401 31335
8401 19448
8401 6583
8401 43199
8401 24410
8401 81
8401 36791
8401 40166
8401 20426
8401 3690
8401 457
8401 5326
8401 18539
8401 1789
8401 28880
8401 25824
8401 14536
8401 21495
8401 2148
8401 11830
8401 15547
8401 8093
8401 14670
8401 47393
8401 19867
8401 11746
8401 26390
8401 17593
8401 32559
8401 36392
8401 38542
8401 43422
8401 41327
8401 49189
8401 23770
8401 15981
8401 47218
8401 5372
8401 28124
8401 33345
8401 20107
8401 49582
8401 10672
8401 8150
8401 16155
8401 37596
8401 46730
8401 49746
8401 10003
8401 6119
8401 35865
8401 847
8401 38548
8401 35522
8401 4976
8401 5831
8401 32110
8401 36603
8401 12521
8401 34243
8401 45671
8401 44252
8401 36535
8401 37157
8401 24021
8401 36035
8401 48141
8401 30486
8401 40920
8401 44390
8401 4548
8401 24031
8401 2466
8401 34900
8401 11073
8401 17984
8401 18542
8401 22531
8401 11411
8401 31359
8401 17388
8401 22609
8401 38403
8401 26028
8401 10397
8401 10637
8401 33578
8401 30967
8401 23142
8401 31921
8401 37876
8401 33318
8401 29186
8401 14085
8401 42187
8401 23007
8401 7842
8401 24251
8401 37742
8401 25593
8401 26433
8401 15559
8401 47455
8401 38345
8401 14043
8401 46228
8401 22675
8401 41706
8401 20566
8401 41480
8401 3796
8401 15
8401 33367
8401 39491
8401 42059
8401 34563
8401 30611
8401 11066
8401 35990
8401 4978
8401 35846
8401 9624
8401 45659
8401 28716
8401 49836
8401 39191
8401 1869
8401 46852
8401 2067
8401 3271
8401 27608
8401 40952
8401 48488
8401 35721
8401 28357
8401 1136
8401 13134
8401 8855
8401 6863
8401 6113
8401 44
8401 42239
8401 15926
8401 39848
8401 46104
8401 47460
8401 15837
8401 26845
8401 46787
8401 29669
8401 44128
8401 12886
8401 25090
8401 38468
8401 22993
8401 26729
8401 18726
8401 27935
8401 10943
8401 25412
8401 33755
8401 40892
8401 10150
8401 13791
8401 20854
8401 22080
8401 38348
8401 20630
8401 29523
8401 32765
8401 33171
8401 14715
8401 6577
8401 34913
8401 23207
8401 35593
8401 8229
8401 18152
8401 9809
8401 34157
8401 29850
8401 21661
8401 46296
8401 43908
8401 30632
8401 25149
8401 23829
8401 44334
8401 23686
8401 12488
8401 42629
8401 31640
8401 13209
8401 17381
8401 26831
8401 29690
8401 16358
8401 35377
8401 9684
8401 45280
8401 46554
8401 19417
8401 46355
8401 29235
8401 19785
8401 13514
8401 38373
8401 30410
8401 23375
8401 1491
8401 5418
8401 6802
8401 39781
8401 15062
8401 46412
8401 5510
8401 21372
8401 15097
8401 25549
8401 32001
8401 17559
8401 1036
8401 18689
8401 23179
8401 39000
8401 5239
8401 40944
8401 13441
8401 48071
8401 47767
8401 33154
8401 27649
8401 39030
8401 41611
8401 31101
8401 39324
8401 8138
8401 47920
8401 11371
8401 5604
8401 41645
8401 12220
8401 21536
8401 16038
8401 27340
8401 27067
8401 21248
8401 5141
8401 43937
8401 19507
8401 740
8401 4661
8401 13775
8401 38586
8401 33014
8401 29900
8401 19880
8401 45907
8401 27369
8401 23386
8401 36175
8401 18087
8401 38955
8401 28981
8401 42001
8401 33912
8401 44583
8401 13002
8401 33062
8401 34492
8401 22686
8401 38757
8401 8426
8401 8713
8401 10905
8401 30272
8401 5719
8401 27265
8401 8861
8401 9505
8401 5738
8401 39755
8401 30317
8401 16063
8401 35384
8401 37615
8401 30606
8401 7578
8401 21640
8401 8778
8401 36951
8401 9031
8401 1237
8401 45839
8401 21409
8401 42648
8401 25649
8401 9815
8401 43575
8401 25543
8401 29069
8401 37249
8401 21784
8401 48456
8401 45160
8401 36772
8401 26839
8401 29700
8401 29934
8401 33719
8401 27133
8401 1054
8401 38325
8401 33709
8401 37176
8401 15729
8401 43469
8401 20466
8401 16794
8401 7539
8401 7079
8401 45705
8401 7875
8401 7613
8401 4649
8401 35772
8401 36243
8401 6670
8401 3872
8401 34935
8401 3970
8401 4700
8401 36009
8401 44684
8401 17416
8401 378
8401 4760
8401 20383
8401 38750
8401 9571
8401 37557
8401 573
8401 16383
8401 1598
8401 49468
8401 18241
8401 32302
8401 4348
8401 38628
8401 11620
8401 26189
8401 22548
8401 6890
8401 17265
8401 6236
8401 13577
8401 30438
8401 39426
8401 44145
8401 32628
8401 42200
8401 43445
8401 14590
8401 7262
8401 26552
8401 41906
8401 30378
8401 3124
8401 36090
8401 24606
8401 9845
8401 7502
8401 16709
8401 48380
8401 35793
8401 762
8401 11481
8401 1988
8401 41791
8401 46467
8401 11958
8401 11842
8401 23871
8401 48113
8401 3118
8401 32681
8401 12358
8401 10383
8401 28814
8401 3785
8401 29968
8401 689
8401 30736
8401 48992
8401 3557
8401 512
8401 13346
8401 46649
8401 37969
8401 33101
8401 30425
8401 47717
8401 43081
8401 15464
8401 37010
8401 37489
8401 20944
8401 9083
8401 29059
8401 3733
8401 28455
8401 13793
8401 41750
8401 13016
8401 15880
8401 28334
8401 34568
8401 48577
8401 9742
8401 42992
8401 33918
8401 45665
8401 13493
8401 48326
8401 27519
8401 27458
8401 25384
8401 28843
8401 12736
8401 7344
8401 38417
8401 41056
8401 41914
8401 11824
8401 11947
8401 48586
8401 47845
8401 41199
8401 45310
8401 41639
8401 22417
8401 242
8401 7020
8401 33241
8401 8494
8401 29114
8401 30050
8401 43039
8401 18587
8401 28648
8401 1578
8401 38387
8401 27899
8401 8278
8401 35586
8401 45991
8401 9920
8401 42030
8401 26813
8401 23482
8401 20173
8401 42151
8401 30519
8401 22199
8401 40025
8401 8622
8401 2069
8401 31158
8401 24275
8401 47538
8401 38366
8401 40919
8401 20114
8401 11242
8401 29317
8401 29506
8401 21572
8401 2319
8401 31952
8401 22872
8401 30849
8401 6921
8401 43813
8401 15452
8401 19950
8401 25693
8401 34147
8401 17402
8401 49223
8401 15467
8401 6230
8401 2593
8401 38493
8401 41619
8401 41349
8401 46095
8401 18158
8401 40521
8401 48612
8401 30890
8401 39314
8401 42912
8401 12028
8401 5640
8401 9199
8401 13912
8401 20991
8401 13478
8401 701
8401 42911
8401 14853
8401 8659
8401 19089
8401 39641
8401 14436
8401 44701
8401 36554
8401 45093
8401 31435
8401 10194
8401 36356
8401 25075
8401 23462
8401 7824
8401 13650
8401 7427
8401 34236
8401 25497
8401 47513
8401 18399
8401 45480
8401 28369
8401 7324
8401 10066
8401 37592
8401 3878
8401 41422
8401 22212
8401 6950
8401 40539
8401 6110
8401 6869
8401 38270
8401 41209
8401 6397
8401 43219
8401 5179
8401 23662
8401 613
8401 34354
8401 42712
8401 37429
8401 33838
8401 22087
8401 28319
8401 46639
8401 44427
8401 20771
8401 14583
8401 40208
8401 31568
8401 30559
8401 21783
8401 36411
8401 48228
8401 15596
8401 9345
8401 28426
8401 8720
8401 29351
8401 49065
8401 45349
8401 9336
8401 38678
8401 19297
8401 3256
8401 42223
8401 45318
8401 49400
8401 28667
8401 1353
8401 21014
8401 44533
8401 27822
8401 13411
8401 4695
8401 48046
8401 17614
8401 3097
8401 42968
8401 40063
8401 13885
8401 41264
8401 4696
8401 9440
8401 8467
8401 32895
8401 1218
8401 31362
8401 23261
8401 44186
8401 17862
8401 30608
8401 39256
8401 40387
8401 41732
8401 44314
8401 15082
8401 21647
8401 2502
8401 49017
8401 9285
8401 6313
8401 33983
8401 44821
8401 8926
8401 3606
8401 16495
8401 15623
8401 1085
8401 13997
8401 1178
8401 14781
8401 13652
8401 19069
8401 35103
8401 48635
8401 49730
8401 3908
8401 24869
8401 28861
8401 20132
8401 3420
8401 11828
8401 21266
8401 25389
8401 49177
8401 29130
8401 5557
8401 22948
8401 33944
8401 5273
8401 8670
8401 47728
8401 37291
8401 23019
8401 39911
8401 36100
8401 48288
8401 21672
8401 1594
8401 27110
8401 37548
8401 7777
8401 23188
8401 794
8401 22726
8401 3991
8401 37595
8401 941
8401 28425
8401 18659
8401 40372
8401 7520
8401 39062
8401 24323
8401 4194
8401 10005
8401 27963
8401 4814
8401 6871
8401 13706
8401 40667
8401 3089
8401 14631
8401 19591
8401 33932
8401 9737
8401 26768
8401 29009
8401 38620
8401 21490
8401 49353
8401 25919
8401 41028
8401 13337
8401 6645
8401 13733
8401 10913
8401 47457
8401 35587
8401 38747
8401 20894
8401 38897
8401 7576
8401 22083
8401 45028
8401 41740
8401 38837
8401 9256
8401 21833
8401 15674
8401 19813
8401 47893
8401 37867
8401 42839
8401 38533
8401 48164
8401 24191
8401 36128
8401 43245
8401 39681
8401 27705
8401 35028
8401 34257
8401 9714
8401 23125
8401 38004
8401 33568
8401 21727
8401 40796
8401 5793
8401 16591
8401 5829
8401 20043
8401 15875
8401 17809
8401 7036
8401 8838
8401 13523
8401 15625
8401 3387
8401 45277
8401 11971
8401 4047
8401 22076
8401 13560
8401 49737
8401 42082
8401 14922
8401 30003
8401 11823
8401 4139
8401 10310
8401 8996
8401 9764
8401 458
8401 36262
8401 14882
8401 20126
8401 47727
8401 5786
8401 3346
8401 8384
8401 24947
8401 25217
8401 47066
8401 14681
8401 38796
8401 4513
8401 37622
8401 41460
8401 16563
8401 45605
8401 12986
8401 2113
8401 29897
8401 48183
8401 10228
8401 7011
8401 35843
8401 38333
8401 14591
8401 36693
8401 10214
8401 2381
8401 12387
8401 9013
8401 19498
8401 29497
8401 29834
8401 28062
8401 5914
8401 32276
8401 20347
8401 45423
8401 9880
8401 7086
8401 19127
8401 46434
8401 45430
8401 2138
8401 28577
8401 1165
8401 34107
8401 11965
8401 36158
8401 5167
8401 36417
8401 39361
8401 43882
8401 7350
8401 20091
8401 1382
8401 35494
8401 39962
8401 48724
8401 11193
8401 36797
8401 9864
8401 17131
8401 17892
8401 45321
8401 23646
8401 27215
8401 39254
8401 11486
8401 24306
8401 7607
8401 21274
8401 29296
8401 14473
8401 12155
8401 9091
8401 28610
8401 15454
8401 25648
8401 15260
8401 31630
8401 19583
8401 23909
8401 37528
8401 29224
8401 31854
8401 23655
8401 20083
8401 48145
8401 22671
8401 33151
8401 26451
8401 37340
8401 37400
8401 27235
8401 34077
8401 8261
8401 37527
8401 8136
8401 4639
8401 47701
8401 34183
8401 28038
8401 13904
8401 47198
8401 16647
8401 38128
8401 49328
8401 26692
8401 47318
8401 8253
8401 42312
8401 37514
8401 11498
8401 2610
8401 36104
8401 7180
8401 11665
8401 37025
8401 24830
8401 11597
8401 32494
8401 40271
8401 40181
8401 15678
8401 36384
8401 16309
8401 6803
8401 33778
8401 43955
8401 9251
8401 10916
8401 23223
8401 15439
8401 34775
8401 39441
8401 2793
8401 43697
8401 5448
8401 9407
8401 31793
8401 26476
8401 47681
8401 45849
8401 13025
8401 25190
8401 25608
8401 14917
8401 21831
8401 19539
8401 19195
8401 7761
8401 49339
8401 29894
8401 8653
8401 580
8401 5473
8401 34201
8401 10029
8401 5371
8401 32814
8401 4813
8401 40583
8401 8763
8401 11517
8401 6106
8401 35947
8401 7562
8401 11087
8401 23680
8401 43647
8401 13199
8401 17854
8401 10184
8401 21051
8401 12153
8401 27140
8401 1415
8401 9843
8401 23816
8401 15012
8401 30696
8401 49589
8401 49893
8401 7857
8401 24549
8401 27044
8401 43450
8401 7552
8401 24578
8401 33408
8401 23719
8401 19072
8401 46260
8401 49859
8401 40550
8401 3365
8401 27432
8401 34875
8401 36555
8401 16411
8401 8568
8401 29589
8401 17698
8401 48792
8401 11622
8401 31085
8401 3400
8401 5855
8401 37822
8401 13303
8401 45786
8401 39452
8401 48900
8401 44359
8401 36594
8401 5231
8401 25755
8401 2914
8401 16786
8401 23513
8401 27634
8401 7866
8401 2721
8401 6969
8401 13513
8401 28525
8401 14053
8401 7885
8401 30244
8401 22172
8401 37083
8401 9467
8401 4454
8401 38056
8401 5875
8401 41524
8401 9517
8401 30139
8401 4803
8401 24089
8401 8682
8401 38252
8401 33319
8401 25650
8401 46611
8401 21926
8401 23499
8401 3185
8401 10723
8401 22899
8401 3051
8401 43755
8401 37314
8401 578
8401 29922
8401 1924
8401 8851
8401 47056
8401 25772
8401 23613
8401 30853
8401 31994
8401 26332
8401 36795
8401 249
8401 10480
8401 2263
8401 3227
8401 43191
8401 42064
8401 40303
8401 41899
8401 27431
8401 20976
8401 43502
8401 28129
8401 41287
8401 46607
8401 10302
8401 42640
8401 22328
8401 42464
8401 22638
8401 41427
8401 10862
8401 14893
8401 3362
8401 44285
8401 48481
8401 12397
8401 45140
8401 15870
8401 7567
8401 4981
8401 29484
8401 38079
8401 40753
8401 46424
8401 11241
8401 12439
8401 6683
8401 29728
8401 8220
8401 43577
8401 22842
8401 33511
8401 47512
8401 2147
8401 31305
8401 13055
8401 38596
8401 2478
8401 44256
8401 38163
8401 49743
8401 24036
8401 26101
8401 30851
8401 2434
8401 2335
8401 17578
8401 22879
8401 20835
8401 487
8401 48872
8401 40108
8401 5376
8401 16789
8401 40435
8401 42199
8401 46867
8401 43203
8401 48107
8401 29336
8401 36353
8401 33430
8401 13121
8401 29055
8401 44102
8401 11995
8401 26143
8401 39070
8401 9471
8401 45162
8401 28649
8401 20301
8401 13490
8401 32816
8401 33795
8401 10776
8401 12709
8401 35284
8401 10865
8401 14026
8401 7208
8401 24705
8401 27029
8401 2353
8401 49324
8401 7115
8401 5182
8401 43307
8401 8497
8401 8023
8401 4982
8401 1321
8401 21195
8401 27781
8401 41707
8401 48654
8401 19049
8401 20907
8401 27091
8401 3533
8401 9580
8401 22916
8401 29312
8401 2913
8401 42158
8401 43460
8401 20188
8401 48248
8401 47855
8401 5101
8401 30381
8401 7961
8401 37642
8401 12837
8401 28548
8401 42426
8401 664
8401 405
8401 1927
8401 20237
8401 23634
8401 13887
8401 40503
8401 26077
8401 30762
8401 1614
8401 38671
8401 18295
8401 13423
8401 18847
8401 330
8401 32389
8401 2160
8401 45014
8401 312
8401 31217
8401 6495
8401 10181
8401 22882
8401 9586
8401 34452
8401 10778
8401 4570
8401 16828
8401 8222
8401 35146
8401 40081
8401 11667
8401 3186
8401 37813
8401 47276
8401 46540
8401 30790
8401 42550
8401 1082
8401 21187
8401 745
8401 39690
8401 26266
8401 12193
8401 482
8401 24841
8401 32555
8401 31109
8401 6797
8401 222
8401 36612
8401 29297
8401 2449
8401 3837
8401 48500
8401 20501
8401 5770
8401 49588
8401 6121
8401 27361
8401 33668
8401 28712
8401 27742
8401 5804
8401 10472
8401 13170
8401 1814
8401 22271
8401 25107
8401 40425
8401 34621
8401 38688
8401 39786
8401 33386
8401 16976
8401 20118
8401 12727
8401 6025
8401 44328
8401 36522
8401 32890
8401 28640
8401 49417
8401 4985
8401 39946
8401 5888
8401 13038
8401 32968
8401 18840
8401 24691
8401 37970
8401 49241
8401 25433
8401 30654
8401 8660
8401 25586
8401 25862
8401 11443
8401 24674
8401 20594
8401 15433
8401 39763
8401 40206
8401 34422
8401 25584
8401 15806
8401 14953
8401 12315
8401 32003
8401 2324
8401 27763
8401 26312
8401 49237
8401 8737
8401 41377
8401 31949
8401 6023
8401 23987
8401 7488
8401 33495
8401 23988
8401 11187
8401 38287
8401 14084
8401 13144
8401 36906
8401 19795
8401 25033
8401 44681
8401 5095
8401 3851
8401 14237
8401 18772
8401 1449
8401 9304
8401 32125
8401 32502
8401 47932
8401 31018
8401 43906
8401 42892
8401 46642
8401 1791
8401 11244
8401 32465
8401 36140
8401 7566
8401 1985
8401 10577
8401 3193
8401 21997
8401 26806
8401 22419
8401 22538
8401 5897
8401 25683
8401 44965
8401 12644
8401 17875
8401 25666
8401 15755
8401 2515
8401 8764
8401 46863
8401 7293
8401 46062
8401 8916
8401 25329
8401 21951
8401 44478
8401 8381
8401 43353
8401 2079
8401 472
8401 11991
8401 17639
8401 6610
8401 17977
8401 3575
8401 2005
8401 31587
8401 39697
8401 37800
8401 1127
8401 22631
8401 46941
8401 3111
8401 43334
8401 2921
8401 15473
8401 26431
8401 22056
8401 437
8401 4636
8401 10777
8401 6465
8401 39633
8401 16070
8401 48374
8401 22435
8401 1169
8401 29271
8401 30808
8401 16711
8401 38595
8401 41796
8401 6240
8401 20242
8401 47164
8401 18311
8401 43690
8401 39622
8401 18985
8401 12078
8401 31183
8401 1775
8401 19269
8401 8480
8401 43742
8401 49021
8401 41431
8401 27380
8401 19669
8401 48275
8401 30715
8401 9593
8401 2339
8401 6900
8401 22809
8401 28401
8401 47093
8401 31342
8401 24746
8401 27993
8401 38321
8401 8049
8401 42639
8401 48029
8401 1672
8401 31334
8401 518
8401 19124
8401 7774
8401 13397
8401 13087
8401 49109
8401 31457
8401 46489
8401 4526
8401 11493
8401 39583
8401 16595
8401 3974
8401 42516
8401 21724
8401 40002
8401 9191
8401 35294
8401 25754
8401 5048
8401 17473
8401 13230
8401 12203
8401 28385
8401 23289
8401 4656
8401 40408
8401 22325
8401 34697
8401 730
8401 3385
8401 6371
8401 40878
8401 30758
8401 28149
8401 43057
8401 29976
8401 31826
8401 18998
8401 17326
8401 30201
8401 41850
8401 7990
8401 19764
8401 32651
8401 26928
8401 8527
8401 14298
8401 6738
8401 46397
8401 36248
8401 1034
8401 9592
8401 15221
8401 26857
8401 36246
8401 17995
8401 9542
8401 11545
8401 8273
8401 18201
8401 37361
8401 41277
8401 17375
8401 44156
8401 20994
8401 33805
8401 30616
8401 8690
8401 15099
8401 40441
8401 28001
8401 30195
8401 22420
8401 42061
8401 47546
8401 35153
8401 36738
8401 16619
8401 43696
8401 49517
8401 35131
8401 8242
8401 7921
8401 18814
8401 42114
8401 25695
8401 9226
8401 17324
8401 20110
8401 46722
8401 30279
8401 48510
8401 3637
8401 35185
8401 46684
8401 45377
8401 31042
8401 5482
8401 48114
8401 8262
8401 29454
8401 18174
8401 24291
8401 22307
8401 2936
8401 18921
8401 47696
8401 46795
8401 40758
8401 40264
8401 7675
8401 26373
8401 12937
8401 12894
8401 17366
8401 30019
8401 47710
8401 43471
8401 10347
8401 35042
8401 41459
8401 22564
8401 30569
8401 48348
8401 21007
8401 24837
8401 20236
8401 21278
8401 3424
8401 40863
8401 9716
8401 9612
8401 30046
8401 16863
8401 16163
8401 7045
8401 17732
8401 31683
8401 37886
8401 32777
8401 21990
8401 39019
8401 15019
8401 46956
8401 23815
8401 17801
8401 20033
8401 17764
8401 29622
8401 6264
8401 44219
8401 38583
8401 48389
8401 43061
8401 35509
8401 45223
8401 37573
8401 28137
8401 22781
8401 7411
8401 14821
8401 48070
8401 39813
8401 9738
8401 1948
8401 45122
8401 28352
8401 14059
8401 17585
8401 1407
8401 12572
8401 27475
8401 7404
8401 14890
8401 36134
8401 13906
8401 8263
8401 49974
8401 25027
8401 28928
8401 10633
8401 14891
8401 25468
8401 26402
8401 22408
8401 47331
8401 18827
8401 28396
8401 8200
8401 2665
8401 11964
8401 1302
8401 17570
8401 35455
8401 5466
8401 47216
8401 14479
8401 12539
8401 10705
8401 17433
8401 31651
8401 4456
8401 3245
8401 30130
8401 2991
8401 6867
8401 38401
8401 1052
8401 15158
8401 36591
8401 47130
8401 20304
8401 27115
8401 37919
8401 38338
8401 26849
8401 3776
8401 49481
8401 8306
8401 45205
8401 35347
8401 14815
8401 17177
8401 41256
8401 18364
8401 1823
8401 33590
8401 33833
8401 6259
8401 35457
8401 25182
8401 40092
8401 40141
8401 11871
8401 39367
8401 24288
8401 31392
8401 7108
8401 34851
8401 49852
8401 3700
8401 12302
8401 18963
8401 2362
8401 25657
8401 9724
8401 45464
8401 37978
8401 26625
8401 8658
8401 33639
8401 29124
8401 7081
8401 14866
8401 47259
8401 46166
8401 44074
8401 30382
8401 36661
8401 3806
8401 1638
8401 11515
8401 30948
8401 44372
8401 26540
8401 17679
8401 41945
8401 703
8401 35162
8401 49622
8401 46504
8401 37094
8401 11494
8401 1427
8401 16629
8401 33352
8401 34184
8401 47193
8401 36624
8401 29684
8401 21810
8401 822
8401 5845
8401 29487
8401 2579
8401 29049
8401 16712
8401 21049
8401 6171
8401 34272
8401 31094
8401 29277
8401 40692
8401 5254
8401 37381
8401 36238
8401 30288
8401 37204
8401 20598
8401 18608
8401 24644
8401 23533
8401 26892
8401 49221
8401 21696
8401 1608
8401 20360
8401 46789
8401 1738
8401 11442
8401 26657
8401 13979
8401 26648
8401 42614
8401 19742
8401 28414
8401 43632
8401 20941
8401 16893
8401 7374
8401 17305
8401 9945
8401 47247
8401 31107
8401 33127
8401 3584
8401 7225
8401 20609
8401 7854
8401 45675
8401 44705
8401 29663
8401 18696
8401 43837
8401 37770
8401 45285
8401 4945
8401 17959
8401 40134
8401 17969
8401 32677
8401 30858
8401 2561
8401 40210
8401 42604
8401 44837
8401 49620
8401 8040
8401 41601
8401 45196
8401 1714
8401 39049
8401 12662
8401 39587
8401 38498
8401 30331
8401 34741
8401 15731
8401 21746
8401 8367
8401 2089
8401 16751
8401 15922
8401 45176
8401 48397
8401 38833
8401 9428
8401 47104
8401 493
8401 17251
8401 36728
8401 32018
8401 46117
8401 11031
8401 14355
8401 6778
8401 20936
8401 16022
8401 36443
8401 4297
8401 7219
8401 20150
8401 45858
8401 48508
8401 37079
8401 19872
8401 4318
8401 494
8401 10312
8401 11070
8401 9995
8401 759
8401 24007
8401 35193
8401 6071
8401 15250
8401 47959
8401 24767
8401 22114
8401 25572
8401 30507
8401 34743
8401 28959
8401 31517
8401 23109
8401 30667
8401 45911
8401 7791
8401 35965
8401 3946
8401 26147
8401 17023
8401 21208
8401 8065
8401 16706
8401 37142
8401 43122
8401 26467
8401 44103
8401 20066
8401 32044
8401 32743
8401 15683
8401 39731
8401 4062
8401 25759
8401 47650
8401 24051
8401 32589
8401 20668
8401 520
8401 26513
8401 322
8401 6263
8401 13896
8401 6979
8401 25120
8401 369
8401 44535
8401 25800
8401 10575
8401 47784
8401 2203
8401 1752
8401 14426
8401 20417
8401 4725
8401 36324
8401 38289
8401 46092
8401 8743
8401 1285
8401 16338
8401 46634
8401 28883
8401 47996
8401 37308
8401 8702
8401 46635
8401 3693
8401 49929
8401 376
8401 19763
8401 38436
8401 22527
8401 5574
8401 42686
8401 28030
8401 14291
8401 41793
8401 6004
8401 38235
8401 29318
8401 47219
8401 32693
8401 30472
8401 44274
8401 48373
8401 11513
8401 11251
8401 13150
8401 29767
8401 17811
8401 46121
8401 22856
8401 39209
8401 21055
8401 21936
8401 39034
8401 38753
8401 38103
8401 25515
8401 15610
8401 46456
8401 44204
8401 3463
8401 30601
8401 12781
8401 44111
8401 43932
8401 38698
8401 26404
8401 12138
8401 41849
8401 14417
8401 2094
8401 14429
8401 32460
8401 24564
8401 27726
8401 31812
8401 46334
8401 22463
8401 11761
8401 15505
8401 35360
8401 45954
8401 4759
8401 19704
8401 2776
8401 25746
8401 36409
8401 38279
8401 46796
8401 7736
8401 15308
8401 11595
8401 32874
8401 24132
8401 12766
8401 15646
8401 15554
8401 16880
8401 869
8401 45102
8401 4506
8401 13090
8401 27017
8401 8118
8401 39675
8401 5950
8401 19190
8401 46475
8401 41826
8401 9059
8401 4355
8401 15955
8401 45234
8401 42267
8401 29815
8401 48094
8401 43752
8401 19091
8401 35158
8401 25405
8401 48538
8401 25861
8401 3590
8401 41296
8401 14987
8401 31017
8401 31102
8401 42949
8401 45005
8401 8766
8401 37483
8401 17018
8401 21021
8401 42112
8401 47024
8401 44737
8401 38179
8401 19553
8401 34840
8401 15366
8401 11235
8401 31361
8401 5901
8401 47367
8401 44207
8401 29683
8401 11800
8401 36096
8401 33615
8401 22723
8401 14769
8401 44453
8401 29546
8401 35656
8401 43150
8401 36364
8401 11923
8401 10936
8401 43619
8401 47252
8401 39076
8401 12290
8401 6428
8401 10592
8401 22226
8401 17945
8401 6934
8401 10712
8401 2317
8401 26804
8401 33663
8401 35944
8401 47445
8401 46885
8401 43125
8401 42760
8401 4594
8401 1667
8401 47261
8401 38302
8401 7973
8401 34123
8401 16559
8401 47085
8401 43921
8401 28076
8401 4632
8401 38365
8401 414
8401 11984
8401 25289
8401 22276
8401 45827
8401 20882
8401 37889
8401 16969
8401 37928
8401 49722
8401 6130
8401 44485
8401 45216
8401 47956
8401 11715
8401 30010
8401 722
8401 10555
8401 40777
8401 11943
8401 46653
8401 31112
8401 23353
8401 40508
8401 7825
8401 30575
8401 4367
8401 29678
8401 31268
8401 26773
8401 36768
8401 38240
8401 38481
8401 48047
8401 2798
8401 21179
8401 15415
8401 3402
8401 42957
8401 12129
8401 47088
8401 32017
8401 21155
8401 1733
8401 40613
8401 29112
8401 47841
8401 29410
8401 24292
8401 33788
8401 615
8401 26767
8401 34858
8401 9071
8401 16993
8401 21071
8401 15446
8401 7948
8401 16134
8401 36789
8401 29352
8401 19520
8401 21880
8401 18859
8401 40048
8401 12516
8401 48498
8401 28664
8401 13895
8401 35510
8401 43136
8401 41954
8401 31959
8401 28961
8401 6200
8401 42499
8401 16779
8401 12991
8401 33118
8401 870
8401 16927
8401 34651
8401 7571
8401 17350
8401 28631
8401 22324
8401 13361
8401 25404
8401 49110
8401 43129
8401 44213
8401 39867
8401 28543
8401 35667
8401 38427
8401 39473
8401 6483
8401 20820
8401 15850
8401 22064
8401 19449
8401 47138
8401 7585
8401 20340
8401 49398
8401 24360
8401 43041
8401 8186
8401 29020
8401 21193
8401 23035
8401 2041
8401 31928
8401 27520
8401 1516
8401 19141
8401 25410
8401 9566
8401 25237
8401 32297
8401 39158
8401 17385
8401 36938
8401 2735
8401 36494
8401 11006
8401 23118
8401 26690
8401 6275
8401 32089
8401 11684
8401 44367
8401 47480
8401 5656
8401 43946
8401 15371
8401 7446
8401 9642
8401 41956
8401 26876
8401 41303
8401 10126
8401 26018
8401 19278
8401 24930
8401 40995
8401 27066
8401 26388
8401 16444
8401 34601
8401 37063
8401 7993
8401 10819
8401 907
8401 28652
8401 1138
8401 13640
8401 19823
8401 3985
8401 45809
8401 2035
8401 2022
8401 17773
8401 28039
8401 8707
8401 12460
8401 11085
8401 34252
8401 7377
8401 31387
8401 20710
8401 16983
8401 23578
8401 539
8401 44193
8401 44371
8401 30035
8401 49447
8401 47886
8401 2386
8401 12669
8401 2305
8401 19656
8401 26580
8401 9942
8401 45805
8401 19220
8401 18035
8401 11452
8401 33536
8401 26632
8401 47662
8401 14965
8401 22340
8401 31648
8401 38562
8401 27035
8401 41255
8401 42563
8401 45522
8401 43336
8401 23716
8401 43258
8401 8199
8401 49558
8401 30602
8401 18771
8401 6208
8401 8543
8401 17715
8401 35752
8401 18797
8401 22969
8401 11989
8401 31313
8401 6134
8401 17221
8401 20872
8401 9701
8401 36039
8401 36213
8401 9570
8401 37761
8401 45525
8401 6028
8401 43308
8401 48811
8401 14561
8401 15964
8401 44662
8401 48861
8401 25009
8401 41314
8401 30062
8401 38215
8401 16470
8401 7140
8401 10140
8401 43644
8401 38446
8401 22109
8401 23856
8401 10687
8401 15914
8401 44488
8401 5165
8401 16170
8401 39887
8401 37466
8401 21576
8401 34186
8401 43970
8401 49602
8401 20530
8401 15356
8401 11273
8401 20670
8401 10718
8401 19604
8401 24882
8401 2476
8401 21877
8401 16673
8401 49389
8401 49355
8401 28695
8401 29598
8401 1053
8401 20876
8401 25963
8401 1530
8401 41075
8401 26033
8401 35439
8401 22634
8401 44729
8401 7587
8401 18107
8401 2052
8401 30463
8401 28324
8401 45555
8401 46940
8401 6898
8401 18153
8401 29304
8401 37013
8401 39350
8401 18275
8401 46996
8401 2284
8401 23054
8401 13744
8401 14721
8401 34844
8401 42339
8401 24448
8401 4727
8401 27494
8401 49808
8401 37834
8401 19463
8401 24949
8401 31976
8401 31378
8401 33039
8401 40648
8401 14735
8401 38690
8401 19368
8401 5789
8401 39947
8401 3448
8401 36176
8401 37814
8401 19310
8401 11903
8401 29602
8401 29904
8401 19112
8401 48381
8401 23309
8401 38731
8401 14154
8401 17720
8401 27755
8401 48090
8401 22088
8401 48767
8401 4191
8401 7459
8401 42612
8401 16406
8401 8114
8401 6866
8401 13069
8401 5908
8401 24682
8401 34819
8401 4439
8401 28869
8401 31062
8401 38457
8401 35879
8401 49717
8401 43304
8401 34356
8401 9847
8401 28795
8401 39490
8401 48681
8401 36729
8401 25977
8401 23279
8401 4381
8401 49581
8401 8173
8401 9206
8401 45460
8401 22215
8401 37221
8401 21259
8401 35971
8401 13457
8401 7592
8401 26855
8401 22907
8401 45062
8401 35292
8401 37457
8401 43880
8401 40802
8401 34792
8401 36068
8401 43414
8401 31460
8401 47873
8401 18183
8401 14628
8401 45101
8401 33229
8401 49959
8401 40534
8401 13957
8401 27490
8401 49094
8401 15645
8401 4969
8401 37869
8401 16701
8401 36834
8401 39885
8401 49801
8401 2713
8401 3618
8401 11642
8401 22915
8401 43712
8401 17686
8401 45636
8401 25490
8401 23031
8401 5332
8401 39303
8401 13057
8401 27866
8401 11201
8401 30042
8401 3801
8401 11299
8401 7444
8401 5
8401 4915
8401 39899
8401 8948
8401 45603
8401 19587
8401 20195
8401 37707
8401 24037
8401 31021
8401 8873
8401 3981
8401 47592
8401 10670
8401 18044
8401 44671
8401 13985
8401 30236
8401 34005
8401 25555
8401 39797
8401 38068
8401 38859
8401 40459
8401 27038
8401 45610
8401 28922
8401 2164
8401 38657
8401 10836
8401 35452
8401 44866
8401 26364
8401 19321
8401 42522
8401 32888
8401 43074
8401 2173
8401 38141
8401 35114
8401 30756
8401 35091
8401 24351
8401 10180
8401 38064
8401 26440
8401 6666
8401 49373
8401 4738
8401 41690
8401 25957
8401 49906
8401 43176
8401 2808
8401 33617
8401 8131
8401 22804
8401 28873
8401 26265
8401 24339
8401 47880
8401 15573
8401 20898
8401 42095
8401 38055
8401 45016
8401 4366
8401 30965
8401 33737
8401 39643
8401 27751
8401 39871
8401 36536
8401 8374
8401 18829
8401 41044
8401 47623
8401 27343
8401 31237
8401 41934
8401 17429
8401 40737
8401 34785
8401 1493
8401 43230
8401 33045
8401 37835
8401 48148
8401 14353
8401 7062
8401 16710
8401 11603
8401 15129
8401 31480
8401 3568
8401 13061
8401 35650
8401 28306
8401 36099
8401 28121
8401 25232
8401 66
8401 5891
8401 45020
8401 353
8401 37307
8401 13321
8401 16220
8401 11930
8401 38580
8401 4357
8401 47894
8401 21961
8401 42170
8401 23700
8401 42325
8401 4387
8401 920
8401 34156
8401 32226
8401 8038
8401 35453
8401 38147
8401 48943
8401 6617
8401 3558
8401 7932
8401 41571
8401 6684
8401 11027
8401 3425
8401 48977
8401 27687
8401 35309
8401 49295
8401 36483
8401 32435
8401 7102
8401 48261
8401 11267
8401 23433
8401 49187
8401 28696
8401 1411
8401 48777
8401 45641
8401 2549
8401 21798
8401 12113
8401 9546
8401 41005
8401 18561
8401 26412
8401 32134
8401 33389
8401 28475
8401 22459
8401 35526
8401 39535
8401 33884
8401 8992
8401 32545
8401 25514
8401 25093
8401 42940
8401 33827
8401 21514
8401 11318
8401 16305
8401 8205
8401 48022
8401 10531
8401 2017
8401 3277
8401 21728
8401 38005
8401 42636
8401 9368
8401 19842
8401 44098
8401 6732
8401 9872
8401 6080
8401 22561
8401 17175
8401 108
8401 24986
8401 9141
8401 15720
8401 15642
8401 27734
8401 39508
8401 17434
8401 29519
8401 48299
8401 16549
8401 12058
8401 8610
8401 28211
8401 20376
8401 41998
8401 16590
8401 30820
8401 25508
8401 19115
8401 18139
8401 18163
8401 3528
8401 21194
8401 22006
8401 47463
8401 4182
8401 7689
8401 19457
8401 22067
8401 4155
8401 13211
8401 49742
8401 31792
8401 13043
8401 24131
8401 7856
8401 40559
8401 9959
8401 35730
8401 17029
8401 5174
8401 46685
8401 31411
8401 29579
8401 44417
8401 48364
8401 10015
8401 14152
8401 48643
8401 42650
8401 16400
8401 3249
8401 33771
8401 5087
8401 2529
8401 2656
8401 13943
8401 18523
8401 8324
8401 22646
8401 44357
8401 29526
8401 2430
8401 26878
8401 23260
8401 12653
8401 13212
8401 5199
8401 3378
8401 17958
8401 48793
8401 43475
8401 22104
8401 737
8401 46458
8401 43132
8401 2552
8401 37670
8401 3073
8401 36341
8401 48525
8401 20926
8401 31423
8401 1461
8401 20676
8401 7360
8401 20935
8401 19022
8401 1632
8401 42009
8401 12975
8401 292
8401 47672
8401 7166
8401 22792
8401 30025
8401 41032
8401 11527
8401 34865
8401 33804
8401 40188
8401 11900
8401 30465
8401 18486
8401 43204
8401 35052
8401 11462
8401 42401
8401 41045
8401 42679
8401 37255
8401 43241
8401 19355
8401 38130
8401 32751
8401 49759
8401 35179
8401 23495
8401 26670
8401 14751
8401 24376
8401 6278
8401 44724
8401 32042
8401 1405
8401 13823
8401 25934
8401 19066
8401 14472
8401 4095
8401 42787
8401 40722
8401 44454
8401 6185
8401 17214
8401 49226
8401 48562
8401 31274
8401 26346
8401 4707
8401 37363
8401 10118
8401 11791
8401 136
8401 15184
8401 44617
8401 33586
8401 921
8401 47162
8401 17053
8401 2116
8401 18404
8401 9503
8401 8547
8401 5126
8401 34023
8401 6475
8401 46332
8401 16558
8401 27459
8401 1773
8401 15156
8401 24577
8401 19879
8401 39179
8401 44524
8401 45899
8401 27863
8401 26362
8401 48920
8401 2667
8401 21907
8401 4744
8401 4054
8401 11369
8401 6388
8401 45456
8401 43774
8401 34140
8401 9033
8401 31418
8401 35688
8401 36627
8401 33091
8401 10419
8401 35839
8401 10497
8401 33580
8401 48583
8401 47120
8401 25341
8401 41971
8401 15684
8401 16580
8401 44237
8401 16096
8401 25947
8401 39599
8401 39605
8401 31285
8401 3475
8401 13149
8401 34288
8401 37995
8401 40946
8401 48157
8401 26229
8401 26392
8401 6835
8401 42242
8401 37492
8401 17642
8401 5749
8401 49749
8401 3317
8401 40321
8401 35922
8401 19386
8401 46665
8401 13923
8401 34463
8401 7274
8401 16229
8401 11342
8401 25600
8401 32558
8401 17960
8401 32111
8401 33750
8401 24859
8401 32882
8401 44123
8401 13485
8401 41471
8401 10445
8401 39458
8401 4547
8401 15833
8401 357
8401 2866
8401 41779
8401 3562
8401 12869
8401 38667
8401 7753
8401 3775
8401 24005
8401 35973
8401 7811
8401 45740
8401 9606
8401 29189
8401 43102
8401 18907
8401 43227
8401 49638
8401 29123
8401 8390
8401 26694
8401 5783
8401 34139
8401 34688
8401 13772
8401 165
8401 7160
8401 16672
8401 37697
8401 47950
8401 14010
8401 49327
8401 46317
8401 9745
8401 4542
8401 42141
8401 49877
8401 29784
8401 35136
8401 13972
8401 35680
8401 37408
8401 38465
8401 4356
8401 31946
8401 30810
8401 28775
8401 16011
8401 11553
8401 20384
8401 245
8401 41783
8401 47038
8401 9244
8401 9661
8401 18195
8401 11343
8401 48163
8401 27657
8401 40735
8401 46208
8401 27584
8401 35330
8401 31150
8401 15172
8401 11918
8401 46658
8401 11029
8401 35017
8401 19572
8401 17760
8401 18343
8401 4925
8401 12609
8401 17702
8401 49452
8401 7960
8401 33160
8401 897
8401 35033
8401 99
8401 44799
8401 17087
8401 44240
8401 24107
8401 5828
8401 29346
8401 44885
8401 34095
8401 47901
8401 19373
8401 40011
8401 18317
8401 12409
8401 2890
8401 9331
8401 8546
8401 9667
8401 6971
8401 35585
8401 26218
8401 2600
8401 28435
8401 35474
8401 11381
8401 9752
8401 9575
8401 3577
8401 29243
8401 16577
8401 32348
8401 47925
8401 4125
8401 10831
8401 3134
8401 2830
8401 28243
8401 7770
8401 15768
8401 7425
8401 32491
8401 36691
8401 44232
8401 665
8401 29701
8401 30497
8401 49860
8401 18243
8401 48770
8401 47151
8401 6499
8401 39978
8401 18052
8401 1813
8401 46890
8401 47626
8401 13646
8401 20569
8401 5979
8401 22465
8401 41887
8401 14862
8401 10129
8401 9526
8401 32596
8401 20100
8401 25868
8401 30904
8401 6088
8401 17335
8401 28683
8401 47809
8401 21017
8401 42381
8401 3670
8401 49430
8401 40726
8401 18633
8401 46457
8401 1417
8401 49066
8401 14129
8401 26711
8401 3037
8401 12594
8401 45905
8401 17460
8401 987
8401 39498
8401 30660
8401 7027
8401 17137
8401 2947
8401 14224
8401 26832
8401 27387
8401 13026
8401 38467
8401 14935
8401 101
8401 19502
8401 35449
8401 24247
8401 7416
8401 37495
8401 4431
8401 48905
8401 8363
8401 32861
8401 27618
8401 10542
8401 14146
8401 35442
8401 48473
8401 19345
8401 38976
8401 3238
8401 41361
8401 26035
8401 3629
8401 1115
8401 17066
8401 37760
8401 38517
8401 44336
8401 29635
8401 29832
8401 14669
8401 41510
8401 38824
8401 29840
8401 8911
8401 44231
8401 23141
8401 15026
8401 19163
8401 24336
8401 952
8401 31963
8401 2521
8401 5454
8401 47037
8401 30830
8401 8971
8401 14597
8401 2617
8401 20798
8401 5726
8401 37032
8401 37169
8401 32791
8401 862
8401 46555
8401 22542
8401 28099
8401 3380
8401 10075
8401 4499
8401 22405
8401 18293
8401 20210
8401 28087
8401 7399
8401 45203
8401 32852
8401 23838
8401 40406
8401 8470
8401 5516
8401 3226
8401 20104
8401 19253
8401 7624
8401 31045
8401 36481
8401 31025
8401 15029
8401 19889
8401 22894
8401 12033
8401 10295
8401 3576
8401 49997
8401 19519
8401 34120
8401 21742
8401 48104
8401 23574
8401 38748
8401 48652
8401 18711
8401 28115
8401 18857
8401 37423
8401 24055
8401 1259
8401 15712
8401 37654
8401 22971
8401 37213
8401 43101
8401 41457
8401 39785
8401 8575
8401 35729
8401 9424
8401 24121
8401 42229
8401 48318
8401 21992
8401 45274
8401 32960
8401 41507
8401 36133
8401 11086
8401 46798
8401 14796
8401 24822
8401 20870
8401 21674
8401 47035
8401 5773
8401 1861
8401 35672
8401 39933
8401 4410
8401 30265
8401 42176
8401 23348
8401 42083
8401 42091
8401 30825
8401 31350
8401 40750
8401 36979
8401 23351
8401 39632
8401 46010
8401 1824
8401 15822
8401 36830
8401 38486
8401 48232
8401 48391
8401 43379
8401 27628
8401 3086
8401 23803
8401 32773
8401 22922
8401 15567
8401 19044
8401 7137
8401 4774
8401 21095
8401 28105
8401 2789
8401 11719
8401 38929
8401 31839
8401 37499
8401 34646
8401 18677
8401 45339
8401 46963
8401 49614
8401 38633
8401 32252
8401 33131
8401 42600
8401 19805
8401 9795
8401 30880
8401 35919
8401 27072
8401 42017
8401 43913
8401 42015
8401 32037
8401 15588
8401 37188
8401 5811
8401 41549
8401 3351
8401 4922
8401 44466
8401 49086
8401 44949
8401 46718
8401 37149
8401 5580
8401 22797
8401 6241
8401 41362
8401 33385
8401 20531
8401 20045
8401 15798
8401 38501
8401 45810
8401 38206
8401 21486
8401 34685
8401 43817
8401 37833
8401 43086
8401 24561
8401 32167
8401 39031
8401 3179
8401 26975
8401 27807
8401 23832
8401 47625
8401 11230
8401 18282
8401 26333
8401 32544
8401 42762
8401 11237
8401 34888
8401 45421
8401 42414
8401 58
8401 45069
8401 34964
8401 18021
8401 17384
8401 39696
8401 11170
8401 25126
8401 13333
8401 14693
8401 4769
8401 12070
8401 16359
8401 34727
8401 3148
8401 44964
8401 42833
8401 37606
8401 19167
8401 11821
8401 30590
8401 18104
8401 42189
8401 42534
8401 39931
8401 12990
8401 15237
8401 4492
8401 31663
8401 3845
8401 24915
8401 4154
8401 20497
8401 49238
8401 27665
8401 10747
8401 23782
8401 4252
8401 27158
8401 24182
8401 37866
8401 33043
8401 46935
8401 29201
8401 17297
8401 42013
8401 32712
8401 799
8401 29166
8401 12804
8401 42130
8401 14192
8401 41854
8401 24906
8401 47736
8401 40934
8401 19664
8401 36852
8401 30347
8401 34413
8401 7431
8401 23232
8401 31756
8401 14661
8401 4966
8401 38203
8401 19456
8401 23688
8401 31412
8401 18348
8401 42100
8401 2573
8401 25784
8401 17780
8401 42420
8401 48122
8401 39505
8401 31559
8401 1675
8401 18647
8401 48365
8401 19468
8401 48255
8401 36736
8401 7610
8401 19482
8401 38023
8401 4382
8401 40274
8401 1325
8401 1416
8401 13316
8401 3740
8401 42408
8401 27698
8401 25528
8401 43989
8401 6125
8401 33215
8401 25498
8401 15889
8401 33476
8401 11899
8401 33809
8401 4261
8401 46673
8401 35055
8401 16448
8401 3896
8401 18769
8401 35210
8401 2397
8401 18550
8401 19059
8401 10392
8401 41171
8401 41590
8401 24539
8401 26386
8401 11509
8401 43124
8401 44982
8401 43568
8401 4102
8401 19390
8401 46499
8401 11329
8401 18215
8401 28194
8401 21232
8401 47203
8401 11060
8401 48669
8401 12743
8401 24899
8401 24438
8401 37262
8401 37733
8401 7234
8401 46899
8401 7375
8401 19775
8401 3421
8401 40771
8401 1192
8401 5953
8401 10488
8401 25353
8401 40430
8401 36847
8401 44470
8401 37409
8401 19084
8401 41428
8401 21204
8401 21087
8401 44338
8401 16614
8401 42227
8401 33061
8401 23167
8401 17203
8401 42445
8401 39026
8401 36255
8401 10856
8401 33748
8401 47543
8401 49617
8401 27664
8401 2090
8401 1846
8401 32072
8401 8091
8401 8479
8401 10975
8401 7255
8401 38679
8401 28216
8401 26150
8401 31750
8401 6075
8401 11659
8401 11155
8401 39807
8401 31520
8401 24238
8401 45964
8401 2935
8401 29154
8401 28878
8401 21355
8401 23901
8401 9350
8401 12367
8401 20993
8401 218
8401 23407
8401 43489
8401 23485
8401 42591
8401 19430
8401 1550
8401 19988
8401 12614
8401 19875
8401 13172
8401 26466
8401 35345
8401 12226
8401 9543
8401 11621
8401 35167
8401 3927
8401 24435
8401 24377
8401 28157
8401 25966
8401 41539
8401 17275
8401 228
8401 10627
8401 43826
8401 32505
8401 48034
8401 36646
8401 20244
8401 22833
8401 29724
8401 8703
8401 4908
8401 1907
8401 37377
8401 39662
8401 43117
8401 26683
8401 38958
8401 25905
8401 38475
8401 9134
8401 47955
8401 23337
8401 20060
8401 1737
8401 15549
8401 12407
8401 36215
8401 26380
8401 39746
8401 43002
8401 43576
8401 4098
8401 38630
8401 20629
8401 33566
8401 24027
8401 45111
8401 24932
8401 43149
8401 37854
8401 2429
8401 41701
8401 9820
8401 8292
8401 17976
8401 30920
8401 20415
8401 11596
8401 4883
8401 39139
8401 33923
8401 48938
8401 46035
8401 26097
8401 27101
8401 34001
8401 33355
8401 47582
8401 45264
8401 3062
8401 36613
8401 27819
8401 6708
8401 32660
8401 29655
8401 16553
8401 46627
8401 1035
8401 6164
8401 10698
8401 22502
8401 37561
8401 39313
8401 2049
8401 17005
8401 25338
8401 49649
8401 14450
8401 27426
8401 21198
8401 4248
8401 42768
8401 43321
8401 36426
8401 8257
8401 32550
8401 14341
8401 29529
8401 30886
8401 20228
8401 41142
8401 36570
8401 32514
8401 17492
8401 11440
8401 48289
8401 37484
8401 22987
8401 17322
8401 577
8401 27521
8401 49342
8401 20399
8401 7188
8401 25865
8401 27455
8401 12535
8401 41745
8401 5029
8401 45549
8401 299
8401 30266
8401 32330
8401 29544
8401 7352
8401 34823
8401 26129
8401 4785
8401 45702
8401 9926
8401 19719
8401 48129
8401 42088
8401 9669
8401 36290
8401 20855
8401 20155
8401 5547
8401 1288
8401 6730
8401 36753
8401 34630
8401 39365
8401 206
8401 3630
8401 29068
8401 9178
8401 6902
8401 946
8401 10004
8401 18832
8401 15761
8401 19973
8401 45593
8401 20450
8401 31738
8401 39056
8401 30978
8401 41241
8401 5374
8401 4296
8401 36428
8401 44570
8401 34078
8401 13120
8401 22213
8401 11298
8401 20295
8401 27847
8401 21066
8401 4368
8401 44594
8401 48723
8401 29932
8401 9598
8401 4258
8401 24329
8401 28362
8401 41145
8401 9596
8401 12788
8401 7283
8401 31606
8401 22533
8401 18353
8401 5425
8401 4958
8401 46520
8401 9993
8401 35365
8401 43361
8401 6335
8401 42890
8401 4508
8401 34399
8401 47713
8401 41995
8401 2273
8401 42664
8401 46158
8401 1345
8401 43842
8401 37989
8401 28335
8401 6615
8401 43058
8401 46633
8401 30088
8401 33336
8401 13992
8401 7929
8401 22719
8401 48898
8401 24412
8401 11258
8401 14316
8401 24102
8401 39118
8401 44493
8401 48984
8401 49782
8401 38975
8401 49750
8401 47798
8401 37778
8401 9682
8401 43226
8401 3302
8401 24655
8401 30811
8401 29455
8401 39382
8401 48646
8401 25684
8401 4809
8401 31931
8401 37105
8401 46001
8401 42761
8401 5232
8401 21698
8401 40343
8401 19724
8401 17649
8401 33333
8401 3623
8401 8424
8401 17689
8401 1829
8401 9396
8401 28260
8401 42751
8401 49938
8401 7390
8401 32752
8401 1349
8401 40365
8401 22805
8401 10677
8401 36583
8401 37781
8401 20811
8401 24554
8401 24972
8401 4170
8401 23612
8401 38800
8401 29848
8401 17966
8401 13010
8401 38965
8401 22863
8401 11785
8401 34231
8401 33166
8401 27702
8401 38422
8401 1474
8401 18120
8401 14075
8401 29632
8401 18033
8401 19556
8401 20351
8401 19978
8401 35182
8401 4445
8401 29937
8401 40371
8401 5154
8401 36474
8401 48953
8401 26504
8401 48962
8401 39584
8401 9916
8401 10031
8401 39312
8401 7981
8401 22605
8401 1850
8401 40309
8401 45779
8401 1721
8401 15564
8401 8827
8401 27324
8401 8695
8401 2559
8401 4831
8401 39239
8401 13358
8401 41421
8401 11204
8401 37271
8401 33440
8401 3681
8401 35011
8401 29550
8401 37187
8401 49273
8401 25761
8401 16811
8401 16914
8401 42297
8401 1576
8401 18993
8401 20048
8401 8141
8401 26365
8401 11048
8401 44843
8401 41778
8401 9910
8401 90
8401 26950
8401 30434
8401 38411
8401 40429
8401 11380
8401 3431
8401 3406
8401 42798
8401 46052
8401 18975
8401 45133
8401 40991
8401 2976
8401 41282
8401 40889
8401 2631
8401 33128
8401 6372
8401 26208
8401 42355
8401 41302
8401 19369
8401 43014
8401 11489
8401 25969
8401 35223
8401 38676
8401 20895
8401 26549
8401 39831
8401 2831
8401 34914
8401 36010
8401 22844
8401 26562
8401 38930
8401 46710
8401 39375
8401 46916
8401 2181
8401 1577
8401 42078
8401 47711
8401 41046
8401 8765
8401 20308
8401 18620
8401 28604
8401 27533
8401 31458
8401 22878
8401 31626
8401 21581
8401 3196
8401 15928
8401 14840
8401 26162
8401 32120
8401 33879
8401 13399
8401 4994
8401 10103
8401 41492
8401 26328
8401 45454
8401 1962
8401 22590
8401 29180
8401 47676
8401 29574
8401 20302
8401 10799
8401 2538
8401 47289
8401 25712
8401 49710
8401 3763
8401 5211
8401 29822
8401 8159
8401 23292
8401 35268
8401 34788
8401 47220
8401 37825
8401 16967
8401 5779
8401 48854
8401 41673
8401 19205
8401 45422
8401 45731
8401 47489
8401 24465
8401 29802
8401 31293
8401 29826
8401 30422
8401 36883
8401 42463
8401 9400
8401 30165
8401 27577
8401 47516
8401 2468
8401 41892
8401 1267
8401 3461
8401 31537
8401 39393
8401 36584
8401 18319
8401 32931
8401 12144
8401 38129
8401 40645
8401 27315
8401 43820
8401 30718
8401 3314
8401 318
8401 23448
8401 18224
8401 20789
8401 49560
8401 10401
8401 31588
8401 4788
8401 12219
8401 38515
8401 34634
8401 20960
8401 11956
8401 601
8401 8725
8401 29038
8401 41528
8401 8826
8401 10327
8401 23558
8401 26709
8401 28370
8401 48212
8401 38127
8401 6523
8401 6699
8401 16202
8401 48142
8401 20234
8401 22298
8401 103
8401 5063
8401 8486
8401 17541
8401 22143
8401 1501
8401 48950
8401 15724
8401 24042
8401 43861
8401 8816
8401 5350
8401 44548
8401 19489
8401 26731
8401 28589
8401 25151
8401 45333
8401 21643
8401 43618
8401 3496
8401 40276
8401 19535
8401 4872
8401 22094
8401 36839
8401 4678
8401 26870
8401 19481
8401 2342
8401 16493
8401 49947
8401 43875
8401 18048
8401 12946
8401 575
8401 2340
8401 21565
8401 22217
8401 45444
8401 23928
8401 29472
8401 4500
8401 36976
8401 45403
8401 28524
8401 973
8401 16759
8401 41919
8401 47390
8401 49878
8401 13393
8401 43664
8401 32400
8401 36543
8401 5439
8401 17354
8401 7805
8401 22227
8401 14918
8401 48731
8401 18641
8401 13980
8401 12454
8401 25621
8401 17904
8401 30106
8401 32807
8401 5247
8401 33707
8401 1755
8401 33017
8401 7522
8401 45478
8401 33201
8401 44022
8401 25581
8401 13225
8401 43707
8401 6378
8401 7666
8401 7663
8401 8795
8401 29989
8401 7468
8401 17155
8401 43062
8401 12362
8401 9527
8401 43350
8401 13796
8401 27090
8401 25776
8401 42942
8401 17174
8401 876
8401 25061
8401 13167
8401 25109
8401 13522
8401 1898
8401 10501
8401 15124
8401 47594
8401 11103
8401 21898
8401 36802
8401 22173
8401 20551
8401 21830
8401 49309
8401 10946
8401 22883
8401 2288
8401 32416
8401 28988
8401 49641
8401 19930
8401 47617
8401 16680
8401 29107
8401 5329
8401 22925
8401 29431
8401 19298
8401 5469
8401 32143
8401 42305
8401 25850
8401 8834
8401 6108
8401 13799
8401 25884
8401 42479
8401 17940
8401 35892
8401 7849
8401 20653
8401 44506
8401 35329
8401 2213
8401 48130
8401 10300
8401 23360
8401 14823
8401 47031
8401 43405
8401 43591
8401 48880
8401 9790
8401 17104
8401 27288
8401 13449
8401 47778
8401 32516
8401 46415
8401 11002
8401 5649
8401 27257
8401 47052
8401 36664
8401 31807
8401 29715
8401 43890
8401 3728
8401 22279
8401 16020
8401 11400
8401 42804
8401 6468
8401 47734
8401 3443
8401 21371
8401 19226
8401 20966
8401 43177
8401 3547
8401 37482
8401 36330
8401 29555
8401 5212
8401 40377
8401 21780
8401 40507
8401 39399
8401 46716
8401 15429
8401 29949
8401 38178
8401 44739
8401 43004
8401 48300
8401 17665
8401 34610
8401 11579
8401 10152
8401 22814
8401 1541
8401 15362
8401 28817
8401 32208
8401 9735
8401 47814
8401 28576
8401 9532
8401 40183
8401 46223
8401 43832
8401 13877
8401 662
8401 27428
8401 8147
8401 21097
8401 6136
8401 42567
8401 14558
8401 16015
8401 48017
8401 6074
8401 31622
8401 47340
8401 40668
8401 46975
8401 39173
8401 44158
8401 8512
8401 45485
8401 7084
8401 14175
8401 24836
8401 45468
8401 45785
8401 26314
8401 22461
8401 31507
8401 33071
8401 34303
8401 15709
8401 44124
8401 27498
8401 18892
8401 22862
8401 45154
8401 19087
8401 2093
8401 3342
8401 19912
8401 17206
8401 26546
8401 11127
8401 49548
8401 15949
8401 6330
8401 47502
8401 11032
8401 34296
8401 32249
8401 42457
8401 46030
8401 5290
8401 18559
8401 41786
8401 49470
8401 33712
8401 13505
8401 32428
8401 43255
8401 38223
8401 1410
8401 30036
8401 7289
8401 37229
8401 49643
8401 17506
8401 21183
8401 42532
8401 27831
8401 43398
8401 13267
8401 19571
8401 26190
8401 2862
8401 37321
8401 24143
8401 8785
8401 9027
8401 23248
8401 24528
8401 15759
8401 35498
8401 15230
8401 39050
8401 4080
8401 6740
8401 30285
8401 10906
8401 42204
8401 2685
8401 27006
8401 18187
8401 42132
8401 48217
8401 11756
8401 14262
8401 7422
8401 42577
8401 24045
8401 32433
8401 26213
8401 15982
8401 41082
8401 13257
8401 11983
8401 7292
8401 27086
8401 28965
8401 40906
8401 41938
8401 30533
8401 25638
8401 31898
8401 35556
8401 15289
8401 40034
8401 27588
8401 36642
8401 31283
8401 23431
8401 33198
8401 31079
8401 48849
8401 48873
8401 5966
8401 10560
8401 41301
8401 31348
8401 33503
8401 21604
8401 20682
8401 26889
8401 37230
8401 22793
8401 15304
8401 9102
8401 22764
8401 27366
8401 14521
8401 46751
8401 1938
8401 29078
8401 27661
8401 10994
8401 36436
8401 27653
8401 42773
8401 40933
8401 45912
8401 10534
8401 29754
8401 11583
8401 22267
8401 3905
8401 15268
8401 44947
8401 20643
8401 14857
8401 18573
8401 33102
8401 15604
8401 43225
8401 46742
8401 30245
8401 25893
8401 30914
8401 46478
8401 41908
8401 17348
8401 16796
8401 43212
8401 16965
8401 38530
8401 37251
8401 34277
8401 21083
8401 10235
8401 47975
8401 24499
8401 39171
8401 45529
8401 891
8401 1715
8401 1168
8401 15836
8401 17721
8401 3295
8401 16409
8401 5633
8401 28605
8401 45835
8401 9177
8401 25050
8401 42023
8401 41174
8401 40284
8401 18425
8401 37799
8401 13878
8401 2455
8401 40030
8401 28971
8401 30713
8401 13694
8401 16520
8401 14055
8401 8087
8401 47167
8401 7474
8401 6203
8401 43679
8401 5877
8401 15081
8401 27920
8401 5978
8401 39578
8401 29592
8401 32423
8401 29091
8401 9841
8401 3334
8401 23996
8401 14784
8401 38754
8401 38168
8401 22476
8401 4787
8401 3047
8401 6405
8401 3982
8401 9887
8401 10130
8401 37096
8401 37811
8401 1056
8401 7794
8401 42175
8401 39359
8401 29319
8401 13119
8401 3959
8401 10640
8401 32288
8401 46476
8401 1094
8401 47452
8401 29236
8401 33425
8401 23545
8401 40353
8401 35555
8401 21400
8401 4066
8401 42209
8401 37553
8401 37335
8401 46569
8401 6970
8401 3615
8401 28284
8401 47222
8401 4024
8401 42692
8401 531
8401 27345
8401 5340
8401 25097
8401 17601
8401 21227
8401 1003
8401 47644
8401 25296
8401 36994
8401 44980
8401 42920
8401 48580
8401 12162
8401 42568
8401 38074
8401 13938
8401 3330
8401 40207
8401 14444
8401 12276
8401 42771
8401 16801
8401 33859
8401 27523
8401 33926
8401 41224
8401 1522
8401 2275
8401 11197
8401 2114
8401 14029
8401 11277
8401 30089
8401 30885
8401 18888
8401 2393
8401 42948
8401 42051
8401 14759
8401 13477
8401 17044
8401 48428
8401 41762
8401 19476
8401 10169
8401 20141
8401 41876
8401 9989
8401 30960
8401 6244
8401 39851
8401 20914
8401 7452
8401 32595
8401 29285
8401 28330
8401 40147
8401 12599
8401 33537
8401 15873
8401 21984
8401 6555
8401 47590
8401 43945
8401 27189
8401 14363
8401 2803
8401 46662
8401 16123
8401 26099
8401 11993
8401 45214
8401 8214
8401 24057
8401 31398
8401 9252
8401 6811
8401 28019
8401 5164
8401 4097
8401 44429
8401 25162
8401 14127
8401 18657
8401 21143
8401 16904
8401 30512
8401 3369
8401 22464
8401 29795
8401 12810
8401 2680
8401 13328
8401 21858
8401 31174
8401 6061
8401 21126
8401 8559
8401 1293
8401 23189
8401 38038
8401 37782
8401 21909
8401 8440
8401 18122
8401 35321
8401 14309
8401 9266
8401 25326
8401 17017
8401 37334
8401 5556
8401 30517
8401 4638
8401 49116
8401 22443
8401 45371
8401 25155
8401 48543
8401 37467
8401 18294
8401 14115
8401 34415
8401 18778
8401 7913
8401 25224
8401 48892
8401 43333
8401 43559
8401 15480
8401 25390
8401 20214
8401 2683
8401 37473
8401 43858
8401 49458
8401 38180
8401 23965
8401 16667
8401 5065
8401 18745
8401 42531
8401 2979
8401 17535
8401 13007
8401 14439
8401 41175
8401 4180
8401 26064
8401 15140
8401 45908
8401 33777
8401 23324
8401 26024
8401 39488
8401 7818
8401 1120
8401 30819
8401 343
8401 2295
8401 3948
8401 18562
8401 33762
8401 35123
8401 5098
8401 31515
8401 32810
8401 22400
8401 18059
8401 43711
8401 1494
8401 10661
8401 43536
8401 29213
8401 3815
8401 43303
8401 25277
8401 20758
8401 38763
8401 43235
8401 43271
8401 692
8401 37494
8401 30023
8401 26037
8401 8418
8401 11755
8401 42302
8401 36445
8401 7746
8401 820
8401 10402
8401 3246
8401 21289
8401 8033
8401 29173
8401 8029
8401 11351
8401 11417
8401 37006
8401 3893
8401 17550
8401 10251
8401 42936
8401 32224
8401 17392
8401 23512
8401 40178
8401 754
8401 23775
8401 23950
8401 24982
8401 250
8401 30122
8401 46313
8401 10549
8401 40262
8401 47060
8401 7048
8401 15725
8401 29650
8401 12760
8401 46222
8401 19442
8401 48283
8401 13847
8401 43402
8401 41047
8401 40554
8401 34052
8401 49720
8401 44646
8401 18438
8401 1746
8401 11253
8401 47475
8401 17119
8401 49099
8401 18264
8401 2916
8401 26422
8401 37266
8401 40450
8401 18401
8401 5754
8401 4583
8401 38123
8401 15455
8401 26400
8401 4207
8401 18755
8401 16483
8401 9983
8401 14969
8401 43973
8401 21782
8401 48869
8401 9232
8401 28596
8401 32398
8401 683
8401 4314
8401 41446
8401 48492
8401 30159
8401 13254
8401 22745
8401 24195
8401 38790
8401 40725
8401 8289
8401 5927
8401 26877
8401 23505
8401 35389
8401 23400
8401 11076
8401 36762
8401 39703
8401 49636
8401 26304
8401 23401
8401 23529
8401 28585
8401 45585
8401 8254
8401 41265
8401 19008
8401 46593
8401 16776
8401 10153
8401 45232
8401 45782
8401 14748
8401 1350
8401 15138
8401 45833
8401 22008
8401 39222
8401 11734
8401 24568
8401 1095
8401 32695
8401 2153
8401 22401
8401 7837
8401 49958
8401 34085
8401 37958
8401 2623
8401 42309
8401 44791
8401 22851
8401 4162
8401 4755
8401 95
8401 22633
8401 2225
8401 37057
8401 8938
8401 30034
8401 19146
8401 30764
8401 408
8401 841
8401 46061
8401 35723
8401 7291
8401 24858
8401 12109
8401 29269
8401 25980
8401 28706
8401 34195
8401 16561
8401 35876
8401 6725
8401 7656
8401 39307
8401 30901
8401 5357
8401 42319
8401 36537
8401 12424
8401 43931
8401 41866
8401 22196
8401 48383
8401 3490
8401 17308
8401 9608
8401 37015
8401 27307
8401 18759
8401 31092
8401 1778
8401 39021
8401 18162
8401 11938
8401 31161
8401 17216
8401 32181
8401 17529
8401 38814
8401 35170
8401 14373
8401 35078
8401 7290
8401 22269
8401 43119
8401 27525
8401 39747
8401 47235
8401 10735
8401 4519
8401 8195
8401 26527
8401 825
8401 41239
8401 18185
8401 4896
8401 40631
8401 22537
8401 14690
8401 22757
8401 17022
8401 19094
8401 7482
8401 31397
8401 11636
8401 26068
8401 39778
8401 9572
8401 36622
8401 19946
8401 36465
8401 9435
8401 35997
8401 1662
8401 49266
8401 18855
8401 19303
8401 14138
8401 18026
8401 26082
8401 27772
8401 40546
8401 44734
8401 15080
8401 23318
8401 21048
8401 22177
8401 22496
8401 1581
8401 48395
8401 3494
8401 14517
8401 32704
8401 24976
8401 19974
8401 4897
8401 5131
8401 39325
8401 8921
8401 15640
8401 43153
8401 46320
8401 32130
8401 28832
8401 28148
8401 10692
8401 12571
8401 11218
8401 7612
8401 46477
8401 11149
8401 7667
8401 20772
8401 42125
8401 29260
8401 5699
8401 3503
8401 21998
8401 37865
8401 24797
8401 27360
8401 44542
8401 15732
8401 35844
8401 7650
8401 41469
8401 40525
8401 109
8401 21474
8401 868
8401 25830
8401 3211
8401 8762
8401 11727
8401 44029
8401 31028
8401 24825
8401 30663
8401 3975
8401 28941
8401 40970
8401 42814
8401 24533
8401 13573
8401 17370
8401 40618
8401 15975
8401 41135
8401 25797
8401 5478
8401 5501
8401 37392
8401 2544
8401 18184
8401 45424
8401 16540
8401 8572
8401 30928
8401 28646
8401 8882
8401 14779
8401 41505
8401 37598
8401 38627
8401 15310
8401 13693
8401 15679
8401 739
8401 7201
8401 18872
8401 18775
8401 25778
8401 21054
8401 37160
8401 20200
8401 43721
8401 3071
8401 28452
8401 24283
8401 25906
8401 15671
8401 28547
8401 13350
8401 8831
8401 41023
8401 48100
8401 23442
8401 4510
8401 25770
8401 12624
8401 35069
8401 32193
8401 40745
8401 32940
8401 49721
8401 43409
8401 1965
8401 43917
8401 38311
8401 39485
8401 13021
8401 22784
8401 33560
8401 1762
8401 12677
8401 17258
8401 12577
8401 8979
8401 48630
8401 15752
8401 17393
8401 6609
8401 16350
8401 9672
8401 30492
8401 43173
8401 36195
8401 8151
8401 24281
8401 36103
8401 24592
8401 33843
8401 22611
8401 21085
8401 35559
8401 43466
8401 12146
8401 37349
8401 34259
8401 13040
8401 23044
8401 39567
8401 26194
8401 13153
8401 24344
8401 14431
8401 30846
8401 7801
8401 11179
8401 39456
8401 3014
8401 34336
8401 35026
8401 8039
8401 30679
8401 48790
8401 40888
8401 35862
8401 9162
8401 27551
8401 36721
8401 41575
8401 45784
8401 23242
8401 18999
8401 47378
8401 3559
8401 47267
8401 44134
8401 9702
8401 25242
8401 988
8401 314
8401 10533
8401 24431
8401 42726
8401 47415
8401 2550
8401 25745
8401 27374
8401 15135
8401 12902
8401 47691
8401 26424
8401 43949
8401 2844
8401 39279
8401 13713
8401 36700
8401 25856
8401 1670
8401 31100
8401 24952
8401 44187
8401 32307
8401 25403
8401 37802
8401 39170
8401 38606
8401 21365
8401 26750
8401 22696
8401 46213
8401 33468
8401 30828
8401 5036
8401 1689
8401 11202
8401 22829
8401 46281
8401 43719
8401 40368
8401 26359
8401 18392
8401 20217
8401 4300
8401 2196
8401 48637
8401 36397
8401 31264
8401 17877
8401 39258
8401 33452
8401 43406
8401 1171
8401 34777
8401 28931
8401 33921
8401 38167
8401 6739
8401 25233
8401 44938
8401 44006
8401 5929
8401 9853
8401 25408
8401 33031
8401 4823
8401 2440
8401 49200
8401 49290
8401 21422
8401 13063
8401 42372
8401 48197
8401 27037
8401 26079
8401 18386
8401 6659
8401 24757
8401 32023
8401 15010
8401 22406
8401 14449
8401 9576
8401 49728
8401 42485
8401 45651
8401 23081
8401 442
8401 640
8401 1710
8401 40899
8401 16550
8401 13632
8401 22256
8401 46159
8401 11928
8401 17317
8401 7876
8401 18307
8401 20008
8401 13932
8401 22034
8401 10554
8401 4980
8401 45578
8401 39061
8401 30208
8401 45832
8401 38574
8401 17907
8401 16674
8401 33836
8401 1080
8401 10434
8401 22416
8401 35483
8401 22519
8401 12191
8401 8641
8401 27559
8401 24460
8401 2512
8401 8477
8401 1489
8401 44560
8401 12462
8401 22150
8401 17576
8401 5163
8401 9167
8401 17093
8401 27249
8401 2826
8401 34744
8401 37375
8401 17382
8401 38972
8401 47453
8401 18937
8401 38597
8401 41084
8401 16349
8401 10218
8401 10245
8401 28427
8401 36541
8401 38461
8401 5032
8401 2737
8401 11020
8401 28924
8401 20062
8401 42029
8401 30169
8401 20970
8401 35062
8401 41369
8401 39822
8401 49477
8401 13888
8401 42449
8401 19933
8401 46779
8401 33651
8401 14135
8401 8430
8401 11801
8401 31847
8401 31971
8401 35735
8401 33767
8401 7785
8401 23147
8401 15627
8401 30876
8401 49158
8401 48218
8401 18049
8401 43430
8401 44162
8401 7076
8401 39349
8401 26569
8401 13259
8401 12252
8401 2355
8401 19128
8401 8583
8401 16836
8401 40107
8401 22486
8401 13354
8401 17231
8401 48588
8401 41910
8401 16240
8401 34835
8401 48891
8401 3525
8401 26995
8401 38312
8401 9484
8401 44581
8401 43395
8401 12342
8401 14982
8401 29928
8401 34654
8401 43341
8401 29628
8401 14418
8401 49166
8401 19018
8401 39866
8401 47139
8401 7435
8401 8077
8401 12217
8401 17729
8401 16585
8401 49064
8401 8612
8401 39874
8401 34436
8401 25522
8401 29899
8401 27174
8401 1170
8401 34538
8401 27848
8401 6947
8401 5592
8401 23638
8401 36771
8401 32696
8401 48413
8401 47344
8401 25019
8401 2412
8401 48036
8401 23860
8401 48545
8401 7018
8401 36040
8401 2300
8401 44946
8401 33984
8401 45712
8401 23224
8401 6139
8401 46590
8401 4692
8401 16942
8401 7340
8401 34143
8401 39467
8401 25122
8401 49115
8401 34598
8401 34324
8401 43410
8401 18873
8401 49776
8401 5061
8401 13861
8401 22260
8401 46865
8401 38558
8401 8108
8401 22736
8401 5268
8401 28188
8401 44828
8401 21987
8401 13073
8401 1468
8401 29425
8401 12304
8401 16368
8401 3039
8401 96
8401 17089
8401 47243
8401 7107
8401 45913
8401 46377
8401 44651
8401 25706
8401 18499
8401 19926
8401 38304
8401 31142
8401 40533
8401 34019
8401 29157
8401 24154
8401 42284
8401 17374
8401 48011
8401 19148
8401 32358
8401 37663
8401 41080
8401 48272
8401 42150
8401 25734
8401 1655
8401 17168
8401 13590
8401 816
8401 34689
8401 44801
8401 6459
8401 47306
8401 36548
8401 48642
8401 21197
8401 4917
8401 16405
8401 14021
8401 37815
8401 24928
8401 42432
8401 4709
8401 47346
8401 36650
8401 8243
8401 40522
8401 31666
8401 35754
8401 10649
8401 37246
8401 23956
8401 27611
8401 42967
8401 2565
8401 27285
8401 9351
8401 29374
8401 5735
8401 41812
8401 7682
8401 29397
8401 27543
8401 37689
8401 28970
8401 11796
8401 46965
8401 13451
8401 29105
8401 6906
8401 15121
8401 18381
8401 2487
8401 13867
8401 23561
8401 36764
8401 8206
8401 20749
8401 19625
8401 21816
8401 10841
8401 36651
8401 15519
8401 2313
8401 281
8401 41090
8401 34815
8401 1800
8401 2902
8401 7025
8401 35624
8401 12753
8401 33738
8401 13252
8401 17610
8401 4166
8401 36389
8401 7510
8401 21100
8401 21794
8401 23140
8401 9980
8401 2615
8401 48623
8401 42844
8401 30674
8401 36751
8401 16353
8401 592
8401 34331
8401 29963
8401 4208
8401 7211
8401 10594
8401 46396
8401 38375
8401 18585
8401 47217
8401 28771
8401 47567
8401 29880
8401 15967
8401 40761
8401 44281
8401 1569
8401 17676
8401 20814
8401 38212
8401 18302
8401 27097
8401 691
8401 35202
8401 27810
8401 31014
8401 18854
8401 48560
8401 37725
8401 23460
8401 38443
8401 26309
8401 1549
8401 22630
8401 40293
8401 5838
8401 24260
8401 13152
8401 35685
8401 48245
8401 34325
8401 28391
8401 36530
8401 38571
8401 3404
8401 49269
8401 29032
8401 21243
8401 7117
8401 10781
8401 1448
8401 41495
8401 16201
8401 47635
8401 7158
8401 24875
8401 46065
8401 9164
8401 37468
8401 30455
8401 30002
8401 16224
8401 13533
8401 44476
8401 35791
8401 32519
8401 22820
8401 31058
8401 39677
8401 46769
8401 11333
8401 29148
8401 49544
8401 12272
8401 25674
8401 5234
8401 8058
8401 10584
8401 24966
8401 30817
8401 10192
8401 8505
8401 6462
8401 24879
8401 20046
8401 28049
8401 9488
8401 48632
8401 12038
8401 46756
8401 182
8401 16644
8401 45470
8401 23601
8401 38363
8401 17267
8401 48340
8401 11862
8401 27957
8401 3107
8401 27063
8401 14652
8401 26635
8401 42847
8401 42756
8401 41098
8401 6157
8401 6445
8401 49967
8401 14251
8401 27268
8401 14336
8401 26595
8401 1309
8401 803
8401 3651
8401 34388
8401 13824
8401 19135
8401 46615
8401 10142
8401 27903
8401 44127
8401 14165
8401 35175
8401 30838
8401 14163
8401 23313
8401 35976
8401 32817
8401 29688
8401 37109
8401 16997
8401 21273
8401 32482
8401 41053
8401 28
8401 9068
8401 39705
8401 14608
8401 17185
8401 5696
8401 3755
8401 9429
8401 35063
8401 44650
8401 47808
8401 44078
8401 47997
8401 21129
8401 33672
8401 34053
8401 40197
8401 15569
8401 17944
8401 30865
8401 15091
8401 77
8401 17838
8401 16234
8401 31523
8401 17912
8401 18376
8401 23530
8401 33141
8401 30816
8401 12383
8401 32159
8401 13014
8401 7703
8401 20358
8401 4930
8401 28350
8401 16576
8401 33587
8401 18206
8401 39738
8401 11567
8401 44110
8401 31357
8401 24140
8401 28660
8401 17420
8401 11001
8401 16818
8401 11689
8401 29145
8401 41872
8401 19215
8401 19467
8401 21421
8401 30473
8401 32074
8401 10960
8401 18810
8401 32806
8401 35168
8401 17728
8401 21600
8401 19280
8401 9352
8401 11192
8401 4622
8401 22560
8401 22553
8401 17108
8401 27152
8401 25345
8401 43020
8401 49090
8401 17514
8401 7600
8401 18746
8401 40596
8401 48627
8401 11238
8401 5881
8401 18068
8401 25511
8401 39655
8401 37765
8401 7230
8401 22909
8401 40866
8401 28300
8401 21484
8401 48647
8401 38680
8401 25967
8401 8577
8401 39514
8401 14494
8401 30447
8401 11874
8401 19047
8401 25993
8401 18989
8401 34510
8401 26357
8401 19151
8401 22309
8401 48771
8401 9634
8401 26022
8401 3101
8401 31038
8401 47136
8401 37350
8401 49570
8401 36835
8401 21482
8401 4929
8401 36615
8401 29164
8401 45956
8401 36633
8401 42519
8401 12368
8401 38396
8401 9340
8401 8228
8401 13825
8401 44992
8401 5294
8401 19119
8401 21856
8401 13643
8401 42590
8401 6410
8401 30714
8401 10324
8401 34773
8401 20850
8401 11495
8401 49774
8401 27771
8401 41559
8401 49422
8401 28923
8401 42366
8401 38725
8401 24093
8401 49924
8401 4165
8401 44857
8401 22450
8401 6868
8401 10021
8401 29805
8401 3082
8401 43769
8401 30612
8401 29421
8401 37119
8401 15220
8401 28719
8401 12117
8401 8329
8401 41709
8401 37146
8401 6266
8401 30836
8401 44034
8401 11096
8401 42860
8401 23547
8401 33064
8401 14027
8401 36747
8401 25935
8401 22640
8401 35821
8401 47604
8401 17562
8401 34593
8401 23604
8401 43154
8401 36754
8401 13403
8401 28309
8401 41372
8401 409
8401 47846
8401 9590
8401 5264
8401 34730
8401 11584
8401 33113
8401 42356
8401 7767
8401 32759
8401 18704
8401 785
8401 30894
8401 23430
8401 24383
8401 36882
8401 29527
8401 45407
8401 33324
8401 28943
8401 651
8401 17122
8401 20050
8401 36149
8401 47919
8401 3977
8401 1291
8401 38041
8401 39764
8401 26405
8401 43669
8401 22680
8401 12972
8401 42905
8401 34682
8401 16433
8401 46523
8401 6713
8401 22409
8401 4040
8401 1805
8401 37652
8401 11890
8401 38473
8401 2142
8401 14592
8401 46347
8401 37158
8401 1447
8401 5869
8401 17307
8401 42672
8401 6358
8401 49192
8401 24734
8401 9666
8401 24067
8401 10940
8401 38732
8401 21913
8401 25848
8401 7156
8401 31970
8401 24445
8401 27382
8401 15108
8401 29994
8401 43264
8401 48685
8401 29576
8401 28820
8401 4470
8401 41702
8401 43013
8401 8887
8401 47282
8401 29734
8401 26052
8401 24911
8401 10017
8401 2180
8401 38020
8401 27389
8401 42337
8401 24467
8401 29755
8401 29486
8401 15180
8401 22100
8401 27615
8401 28232
8401 24834
8401 355
8401 19117
8401 41535
8401 3963
8401 35871
8401 17182
8401 10894
8401 35562
8401 25038
8401 10757
8401 2060
8401 22975
8401 9610
8401 27103
8401 11042
8401 44248
8401 32412
8401 18136
8401 47892
8401 47493
8401 28960
8401 26858
8401 4350
8401 35649
8401 29944
8401 45078
8401 28738
8401 29496
8401 43922
8401 16132
8401 16949
8401 1437
8401 17111
8401 18903
8401 46878
8401 38970
8401 26623
8401 4907
8401 24641
8401 37058
8401 24675
8401 8301
8401 20254
8401 13348
8401 26938
8401 7683
8401 32197
8401 10473
8401 19235
8401 21530
8401 12674
8401 42858
8401 16815
8401 36056
8401 22806
8401 12592
8401 39140
8401 10810
8401 21511
8401 38327
8401 2961
8401 49124
8401 24250
8401 38032
8401 5652
8401 7638
8401 10007
8401 19582
8401 32812
8401 17804
8401 17722
8401 44356
8401 32749
8401 46046
8401 36297
8401 42007
8401 30298
8401 6132
8401 30767
8401 8594
8401 26446
8401 26757
8401 24297
8401 27491
8401 31850
8401 38943
8401 32667
8401 19033
8401 42634
8401 1303
8401 44473
8401 32763
8401 34443
8401 33273
8401 13774
8401 28702
8401 15213
8401 25235
8401 9829
8401 5996
8401 7792
8401 29860
8401 12472
8401 42895
8401 49760
8401 16755
8401 43641
8401 49699
8401 9284
8401 18653
8401 10001
8401 34160
8401 41518
8401 38244
8401 43743
8401 31024
8401 19741
8401 7127
8401 17043
8401 11366
8401 27761
8401 23822
8401 2024
8401 30336
8401 43461
8401 29443
8401 3229
8401 49812
8401 3749
8401 5576
8401 8957
8401 36458
8401 38246
8401 6211
8401 41065
8401 27729
8401 36598
8401 37024
8401 21954
8401 28251
8401 44292
8401 45033
8401 35803
8401 1795
8401 46080
8401 6919
8401 21301
8401 5091
8401 5538
8401 39038
8401 37797
8401 16060
8401 47421
8401 11093
8401 7151
8401 14326
8401 40845
8401 29536
8401 8655
8401 17499
8401 39680
8401 14844
8401 27923
8401 39039
8401 45397
8401 19314
8401 25116
8401 25215
8401 31907
8401 21496
8401 38357
8401 20867
8401 2227
8401 38069
8401 42921
8401 6329
8401 11071
8401 1233
8401 43145
8401 33763
8401 43582
8401 20354
8401 49761
8401 21743
8401 16918
8401 35010
8401 43290
8401 11687
8401 20545
8401 41840
8401 7570
8401 32160
8401 9319
8401 38405
8401 49070
8401 34177
8401 39195
8401 40374
8401 10423
8401 17332
8401 38573
8401 25898
8401 40669
8401 38854
8401 8037
8401 25958
8401 15420
8401 6569
8401 12313
8401 11278
8401 21980
8401 31673
8401 1282
8401 29072
8401 2277
8401 6093
8401 18218
8401 24259
8401 30646
8401 29505
8401 46311
8401 257
8401 41965
8401 32615
8401 24934
8401 21078
8401 2221
8401 22667
8401 25301
8401 43529
8401 1966
8401 43900
8401 12512
8401 17516
8401 10643
8401 24680
8401 12369
8401 39226
8401 8032
8401 33159
8401 11652
8401 12019
8401 49119
8401 3451
8401 49036
8401 41292
8401 25100
8401 22642
8401 14312
8401 16013
8401 30857
8401 30526
8401 35418
8401 26442
8401 1933
8401 44091
8401 10547
8401 34543
8401 32046
8401 30491
8401 32027
8401 46860
8401 31249
8401 40689
8401 18936
8401 48814
8401 41751
8401 34495
8401 8098
8401 26308
8401 45770
8401 24669
8401 22921
8401 3052
8401 42081
8401 38701
8401 16085
8401 13122
8401 28748
8401 17880
8401 3793
8401 1147
8401 33275
8401 12449
8401 16607
8401 25796
8401 42899
8401 39560
8401 45325
8401 19493
8401 1756
8401 21388
8401 34972
8401 26720
8401 40505
8401 5775
8401 37232
8401 12992
8401 16655
8401 27349
8401 34187
8401 20419
8401 34113
8401 42677
8401 22759
8401 33526
8401 44844
8401 45834
8401 40020
8401 10379
8401 18067
8401 13936
8401 9212
8401 2775
8401 30085
8401 40816
8401 41009
8401 9919
8401 28094
8401 46075
8401 17784
8401 24964
8401 11581
8401 43211
8401 9184
8401 15735
8401 1652
8401 35434
8401 35160
8401 45193
8401 46369
8401 2760
8401 29254
8401 14287
8401 38637
8401 29518
8401 39869
8401 44957
8401 19809
8401 11765
8401 23524
8401 5839
8401 30348
8401 45879
8401 42843
8401 49612
8401 42565
8401 40844
8401 13612
8401 20656
8401 44966
8401 16138
8401 48602
8401 36681
8401 34562
8401 42161
8401 5826
8401 47074
8401 8924
8401 47698
8401 37738
8401 26045
8401 19026
8401 36054
8401 32701
8401 39777
8401 21189
8401 39634
8401 47938
8401 12634
8401 17643
8401 44323
8401 37436
8401 975
8401 40622
8401 28206
8401 43253
8401 9856
8401 38938
8401 40799
8401 37472
8401 16933
8401 47097
8401 8602
8401 48322
8401 18144
8401 48579
8401 3720
8401 7267
8401 7773
8401 31012
8401 16098
8401 10817
8401 22571
8401 27030
8401 34357
8401 36519
8401 27281
8401 35502
8401 16049
8401 47379
8401 16859
8401 11602
8401 2684
8401 40598
8401 11789
8401 24034
8401 24120
8401 11239
8401 5309
8401 39310
8401 25598
8401 46518
8401 22072
8401 33677
8401 2307
8401 1004
8401 13783
8401 7721
8401 34461
8401 28054
8401 35713
8401 18327
8401 906
8401 28518
8401 43857
8401 34263
8401 42331
8401 38861
8401 31129
8401 16005
8401 32881
8401 43449
8401 40420
8401 5777
8401 31104
8401 24823
8401 38497
8401 11820
8401 33976
8401 30495
8401 43139
8401 18875
8401 22170
8401 18825
8401 26235
8401 25095
8401 14144
8401 12007
8401 26254
8401 32188
8401 3750
8401 26142
8401 4790
8401 46183
8401 48804
8401 4653
8401 45139
8401 31613
8401 38867
8401 16764
8401 47718
8401 46258
8401 43093
8401 19201
8401 11453
8401 2082
8401 8244
8401 32648
8401 10662
8401 38219
8401 19923
8401 21535
8401 39154
8401 46441
8401 11672
8401 33231
8401 40647
8401 16970
8401 3373
8401 37633
8401 8308
8401 44099
8401 48794
8401 9785
8401 20049
8401 15970
8401 41415
8401 18863
8401 28807
8401 5119
8401 7120
8401 7029
8401 33245
8401 27537
8401 24608
8401 42826
8401 5039
8401 3935
8401 48726
8401 45977
8401 21286
8401 5120
8401 7588
8401 46002
8401 15253
8401 19413
8401 3396
8401 8111
8401 25603
8401 20047
8401 4214
8401 25767
8401 44782
8401 47442
8401 32318
8401 2190
8401 26647
8401 42341
8401 31006
8401 4995
8401 31473
8401 22994
8401 34358
8401 5905
8401 34100
8401 27790
8401 17925
8401 5693
8401 26249
8401 18016
8401 30136
8401 22988
8401 31212
8401 23695
8401 8697
8401 7768
8401 33745
8401 36286
8401 2100
8401 15015
8401 11742
8401 17233
8401 48955
8401 668
8401 36230
8401 29153
8401 42006
8401 49428
8401 34051
8401 6565
8401 37860
8401 41959
8401 9412
8401 23085
8401 26737
8401 30277
8401 3561
8401 37411
8401 19086
8401 44287
8401 23390
8401 42509
8401 46881
8401 26322
8401 23367
8401 6386
8401 8310
8401 42362
8401 2906
8401 19372
8401 25049
8401 13935
8401 11940
8401 49916
8401 35088
8401 17735
8401 7986
8401 18304
8401 17387
8401 9657
8401 26550
8401 19108
8401 11686
8401 26276
8401 48421
8401 45664
8401 30415
8401 34729
8401 606
8401 41724
8401 35898
8401 25933
8401 26423
8401 11668
8401 3925
8401 16455
8401 35702
8401 704
8401 12805
8401 1326
8401 38238
8401 24440
8401 26315
8401 46000
8401 2086
8401 32112
8401 28618
8401 1247
8401 5861
8401 47572
8401 43737
8401 17166
8401 9161
8401 31289
8401 17410
8401 48482
8401 45634
8401 16466
8401 39774
8401 8945
8401 35970
8401 12528
8401 35422
8401 47121
8401 23100
8401 16419
8401 31891
8401 36652
8401 10216
8401 45311
8401 5599
8401 2403
8401 37132
8401 48913
8401 173
8401 3132
8401 2845
8401 18556
8401 47571
8401 14401
8401 4885
8401 36937
8401 24977
8401 43794
8401 36838
8401 13024
8401 41744
8401 36120
8401 15814
8401 6434
8401 28914
8401 34782
8401 49928
8401 45945
8401 32655
8401 49079
8401 17842
8401 15675
8401 23004
8401 37145
8401 1779
8401 2021
8401 49934
8401 44435
8401 17799
8401 26083
8401 42752
8401 30146
8401 29015
8401 38655
8401 7965
8401 29219
8401 17493
8401 13020
8401 41424
8401 34725
8401 14008
8401 45408
8401 6789
8401 27951
8401 14944
8401 10510
8401 31156
8401 25283
8401 15843
8401 48648
8401 35576
8401 41987
8401 21558
8401 20174
8401 39676
8401 37191
8401 32308
8401 5583
8401 32261
8401 19537
8401 9930
8401 1674
8401 35154
8401 24656
8401 16583
8401 13623
8401 43557
8401 13716
8401 27576
8401 34877
8401 40822
8401 37502
8401 17910
8401 10996
8401 44754
8401 47430
8401 19432
8401 6044
8401 33500
8401 6019
8401 36352
8401 42268
8401 6625
8401 6095
8401 49439
8401 13412
8401 33092
8401 31726
8401 28898
8401 13881
8401 44942
8401 10298
8401 8172
8401 36472
8401 12641
8401 45348
8401 15407
8401 48298
8401 16504
8401 10638
8401 38756
8401 40896
8401 9082
8401 15363
8401 8909
8401 16442
8401 19207
8401 40481
8401 22517
8401 32525
8401 41830
8401 13841
8401 49083
8401 180
8401 11078
8401 19211
8401 47508
8401 4763
8401 18498
8401 20954
8401 8960
8401 18496
8401 34308
8401 45990
8401 20823
8401 12246
8401 24110
8401 38260
8401 44833
8401 4603
8401 3861
8401 44959
8401 1181
8401 30369
8401 23620
8401 39069
8401 203
8401 7407
8401 20282
8401 37337
8401 17816
8401 34389
8401 25711
8401 4072
8401 12434
8401 3460
8401 29461
8401 982
8401 30523
8401 43165
8401 1958
8401 33396
8401 13712
8401 22127
8401 7657
8401 5498
8401 8412
8401 20913
8401 29665
8401 15231
8401 46040
8401 47890
8401 7193
8401 39753
8401 253
8401 28107
8401 21651
8401 3383
8401 17273
8401 8535
8401 12391
8401 33729
8401 30187
8401 33307
8401 11152
8401 16276
8401 19666
8401 34059
8401 12140
8401 4334
8401 8629
8401 36190
8401 36745
8401 18540
8401 33959
8401 4536
8401 27837
8401 32778
8401 40516
8401 8958
8401 622
8401 38614
8401 205
8401 29331
8401 37532
8401 34031
8401 40703
8401 36183
8401 7
8401 49279
8401 25540
8401 359
8401 1804
8401 43017
8401 41857
8401 25079
8401 22101
8401 6723
8401 31047
8401 40318
8401 41864
8401 3522
8401 17920
8401 1060
8401 39520
8401 13976
8401 25407
8401 26943
8401 13970
8401 17340
8401 22077
8401 30576
8401 34206
8401 2050
8401 13974
8401 17470
8401 38232
8401 14851
8401 29108
8401 5413
8401 17587
8401 31993
8401 1347
8401 21569
8401 22664
8401 25352
8401 9788
8401 37306
8401 47322
8401 40094
8401 28533
8401 40214
8401 8749
8401 32945
8401 47804
8401 15947
8401 29812
8401 11269
8401 43654
8401 20709
8401 1110
8401 42983
8401 39742
8401 16869
8401 30481
8401 37572
8401 11855
8401 40456
8401 6768
8401 42167
8401 5890
8401 33942
8401 41867
8401 20563
8401 43397
8401 20875
8401 19646
8401 13865
8401 13690
8401 30299
8401 49274
8401 9958
8401 36600
8401 34437
8401 48638
8401 12118
8401 19499
8401 39374
8401 13994
8401 12927
8401 21976
8401 44487
8401 13244
8401 13445
8401 29623
8401 2599
8401 1215
8401 34919
8401 17138
8401 34968
8401 13129
8401 38269
8401 48126
8401 47963
8401 27540
8401 5420
8401 1421
8401 27337
8401 28373
8401 28882
8401 19464
8401 8160
8401 8619
8401 25574
8401 29299
8401 23537
8401 30466
8401 38709
8401 47889
8401 17408
8401 48450
8401 32583
8401 35428
8401 8599
8401 28399
8401 9817
8401 36844
8401 32305
8401 13271
8401 37173
8401 44182
8401 11953
8401 16133
8401 6530
8401 37672
8401 7756
8401 25131
8401 39045
8401 17281
8401 20026
8401 45751
8401 13764
8401 570
8401 40376
8401 31216
8401 34119
8401 49662
8401 16824
8401 16110
8401 47073
8401 644
8401 13794
8401 28315
8401 35256
8401 19559
8401 20806
8401 142
8401 17451
8401 27342
8401 16784
8401 20425
8401 49252
8401 6642
8401 3813
8401 17889
8401 6265
8401 37055
8401 17680
8401 15527
8401 24995
8401 17407
8401 48368
8401 44501
8401 8646
8401 40440
8401 26887
8401 41636
8401 35845
8401 45362
8401 18126
8401 25261
8401 18109
8401 15648
8401 44510
8401 43285
8401 26164
8401 2622
8401 20741
8401 3466
8401 38631
8401 28103
8401 4944
8401 29556
8401 22365
8401 2606
8401 13277
8401 12618
8401 32204
8401 40929
8401 3966
8401 7119
8401 18031
8401 34779
8401 34544
8401 13158
8401 35387
8401 48857
8401 40105
8401 21834
8401 36180
8401 34676
8401 28083
8401 41684
8401 15649
8401 24234
8401 30468
8401 19258
8401 7133
8401 15781
8401 33204
8401 19952
8401 4842
8401 5099
8401 6159
8401 26406
8401 16742
8401 37519
8401 14072
8401 46154
8401 23201
8401 45500
8401 24681
8401 21956
8401 31405
8401 48426
8401 38794
8401 525
8401 7222
8401 13037
8401 40070
8401 24785
8401 26310
8401 41650
8401 7937
8401 6014
8401 49980
8401 19126
8401 25016
8401 41354
8401 34599
8401 8460
8401 30150
8401 43995
8401 49415
8401 6936
8401 8545
8401 18692
8401 132
8401 22455
8401 3680
8401 7536
8401 30803
8401 38940
8401 49771
8401 12121
8401 28036
8401 18487
8401 21755
8401 25008
8401 12257
8401 6761
8401 27871
8401 37278
8401 23024
8401 38822
8401 48858
8401 45565
8401 4312
8401 31030
8401 23151
8401 17555
8401 16948
8401 10174
8401 3683
8401 32024
8401 5630
8401 42536
8401 8605
8401 9265
8401 31054
8401 30105
8401 49376
8401 6641
8401 2304
8401 41237
8401 46488
8401 43386
8401 3446
8401 42437
8401 4816
8401 34977
8401 32844
8401 12799
8401 13545
8401 26202
8401 11644
8401 49825
8401 44747
8401 21151
8401 8879
8401 21544
8401 37526
8401 17637
8401 33807
8401 11000
8401 20842
8401 9058
8401 45724
8401 39604
8401 4634
8401 49302
8401 41410
8401 43998
8401 13169
8401 42253
8401 31751
8401 30731
8401 5588
8401 37796
8401 27529
8401 40019
8401 47144
8401 22798
8401 19861
8401 1750
8401 6509
8401 24322
8401 29769
8401 41049
8401 2242
8401 24758
8401 8484
8401 26751
8401 23160
8401 373
8401 28584
8401 48838
8401 47960
8401 29978
8401 37241
8401 34566
8401 35768
8401 18962
8401 20884
8401 47487
8401 41983
8401 1825
8401 20102
8401 39464
8401 40514
8401 48216
8401 40229
8401 1260
8401 36002
8401 17943
8401 14901
8401 15694
8401 44067
8401 5968
8401 12354
8401 49224
8401 15612
8401 14470
8401 12657
8401 45171
8401 25322
8401 43120
8401 48408
8401 13496
8401 29708
8401 13431
8401 16130
8401 40950
8401 43181
8401 9628
8401 40886
8401 5192
8401 25144
8401 24172
8401 12676
8401 8388
8401 32427
8401 27953
8401 5387
8401 44317
8401 32451
8401 4453
8401 41556
8401 33496
8401 24832
8401 22998
8401 39121
8401 43021
8401 10393
8401 12347
8401 8175
8401 38570
8401 2495
8401 39729
8401 20822
8401 21357
8401 39565
8401 21501
8401 27199
8401 48016
8401 46137
8401 7014
8401 49283
8401 16168
8401 41074
8401 465
8401 43040
8401 25186
8401 25681
8401 12510
8401 29593
8401 633
8401 7546
8401 33538
8401 32849
8401 33338
8401 15581
8401 8506
8401 39989
8401 697
8401 26095
8401 6564
8401 38505
8401 40921
8401 16936
8401 20021
8401 40506
8401 1981
8401 49533
8401 38293
8401 32271
8401 4046
8401 39542
8401 44166
8401 4627
8401 25739
8401 38687
8401 25897
8401 1262
8401 39288
8401 1314
8401 4057
8401 4631
8401 35610
8401 8408
8401 14003
8401 26478
8401 10748
8401 120
8401 9066
8401 37911
8401 49382
8401 34262
8401 27186
8401 42996
8401 38685
8401 38134
8401 48464
8401 48952
8401 13297
8401 23583
8401 12062
8401 34876
8401 45773
8401 29500
8401 28494
8401 40373
8401 9859
8401 32531
8401 42371
8401 1348
8401 36321
8401 25892
8401 34175
8401 15005
8401 41889
8401 39625
8401 20014
8401 36071
8401 49217
8401 17611
8401 14625
8401 15968
8401 45596
8401 462
8401 14299
8401 13965
8401 15236
8401 32809
8401 297
8401 39330
8401 39073
8401 10391
8401 9931
8401 396
8401 21896
8401 45787
8401 44172
8401 10948
8401 30262
8401 1366
8401 37477
8401 37304
8401 43185
8401 44026
8401 7436
8401 11173
8401 29713
8401 48761
8401 48430
8401 11607
8401 24050
8401 42249
8401 3467
8401 45191
8401 14083
8401 43640
8401 30419
8401 7799
8401 35263
8401 29692
8401 2085
8401 43766
8401 43838
8401 25790
8401 38949
8401 725
8401 27419
8401 27217
8401 25334
8401 49818
8401 37405
8401 3521
8401 31740
8401 11937
8401 22130
8401 30518
8401 44150
8401 11326
8401 16750
8401 37272
8401 7599
8401 45530
8401 15691
8401 21709
8401 37608
8401 19479
8401 18268
8401 4689
8401 35583
8401 14867
8401 19260
8401 3068
8401 40630
8401 10932
8401 15728
8401 4215
8401 46455
8401 30631
8401 36219
8401 43964
8401 17638
8401 37471
8401 11797
8401 21585
8401 5618
8401 4298
8401 31904
8401 41189
8401 19904
8401 31450
8401 44055
8401 18024
8401 13309
8401 823
8401 28864
8401 44097
8401 31203
8401 4440
8401 32603
8401 41616
8401 17961
8401 48379
8401 27331
8401 37368
8401 25656
8401 10556
8401 10176
8401 34423
8401 25388
8401 25121
8401 33093
8401 16849
8401 22010
8401 25678
8401 20699
8401 40009
8401 28951
8401 26343
8401 28400
8401 28196
8401 36746
8401 32998
8401 23255
8401 1957
8401 40268
8401 31273
8401 1019
8401 36135
8401 48532
8401 40012
8401 11973
8401 33194
8401 9825
8401 7884
8401 47492
8401 47187
8401 32590
8401 25072
8401 4761
8401 46269
8401 11323
8401 3272
8401 46031
8401 44175
8401 42757
8401 21660
8401 48819
8401 44786
8401 34798
8401 8569
8401 49163
8401 6838
8401 36894
8401 23135
8401 19472
8401 10328
8401 4867
8401 11099
8401 27574
8401 33885
8401 48806
8401 6305
8401 12352
8401 48398
8401 40051
8401 20952
8401 21868
8401 24064
8401 18661
8401 45755
8401 23438
8401 6158
8401 15232
8401 42666
8401 12903
8401 22222
8401 19833
8401 24278
8401 34670
8401 19853
8401 20129
8401 28189
8401 37424
8401 49204
8401 13068
8401 23689
8401 12874
8401 25253
8401 36166
8401 37387
8401 46717
8401 27730
8401 4255
8401 33532
8401 12450
8401 7304
8401 15647
8401 47940
8401 15203
8401 38408
8401 35000
8401 31084
8401 38420
8401 27582
8401 24961
8401 30413
8401 12339
8401 45440
8401 35118
8401 5325
8401 17586
8401 5016
8401 26259
8401 5751
8401 46819
8401 1402
8401 35979
8401 34224
8401 22149
8401 10867
8401 13415
8401 26715
8401 38368
8401 25367
8401 11297
8401 6250
8401 49841
8401 27737
8401 25245
8401 21088
8401 9562
8401 1963
8401 48390
8401 19392
8401 14103
8401 22546
8401 17343
8401 28217
8401 26131
8401 43620
8401 41179
8401 33246
8401 30933
8401 4480
8401 4783
8401 19308
8401 9289
8401 7828
8401 21653
8401 20204
8401 16401
8401 12490
8401 11565
8401 5636
8401 37172
8401 48242
8401 9525
8401 675
8401 16570
8401 14705
8401 43171
8401 11970
8401 24419
8401 35984
8401 29760
8401 1454
8401 23900
8401 45387
8401 6198
8401 230
8401 18821
8401 7983
8401 17839
8401 7795
8401 26957
8401 24072
8401 11870
8401 24888
8401 23169
8401 13760
8401 27106
8401 35704
8401 38131
8401 7152
8401 29133
8401 49715
8401 25853
8401 37915
8401 12615
8401 5993
8401 7954
8401 21178
8401 19177
8401 44945
8401 21154
8401 46018
8401 10476
8401 36200
8401 45415
8401 4369
8401 42243
8401 34335
8401 39998
8401 26241
8401 38132
8401 49491
8401 38019
8401 39333
8401 26418
8401 48061
8401 27870
8401 17478
8401 35190
8401 12911
8401 27652
8401 40200
8401 48303
8401 32199
8401 7309
8401 33742
8401 19505
8401 4101
8401 6383
8401 20096
8401 20306
8401 44249
8401 44854
8401 29493
8401 15031
8401 20145
8401 4449
8401 28181
8401 38846
8401 32182
8401 39
8401 49465
8401 18056
8401 4596
8401 43356
8401 19316
8401 4521
8401 4106
8401 12022
8401 38881
8401 12846
8401 2598
8401 8478
8401 46275
8401 10246
8401 18143
8401 22187
8401 18076
8401 16832
8401 31526
8401 33173
8401 22058
8401 41643
8401 24850
8401 38957
8401 2987
8401 4739
8401 33739
8401 27087
8401 29301
8401 26130
8401 13349
8401 12097
8401 8580
8401 8007
8401 45870
8401 38531
8401 10964
8401 19737
8401 47964
8401 32190
8401 47854
8401 18362
8401 14398
8401 13434
8401 26420
8401 3181
8401 37908
8401 41445
8401 36940
8401 44117
8401 17604
8401 48091
8401 40265
8401 33658
8401 16777
8401 29094
8401 20184
8401 7698
8401 20915
8401 17318
8401 18167
8401 4706
8401 47469
8401 8685
8401 3828
8401 11682
8401 48491
8401 38908
8401 48025
8401 23536
8401 29959
8401 44113
8401 11733
8401 32094
8401 9863
8401 44862
8401 13949
8401 16953
8401 29052
8401 13409
8401 27185
8401 2281
8401 20503
8401 33404
8401 33891
8401 24133
8401 32731
8401 23667
8401 14531
8401 8843
8401 42461
8401 18925
8401 12015
8401 49604
8401 16142
8401 31160
8401 19234
8401 27290
8401 31224
8401 23199
8401 1545
8401 34502
8401 19082
8401 47584
8401 42368
8401 8020
8401 6423
8401 20641
8401 14233
8401 29517
8401 41728
8401 18315
8401 43526
8401 35686
8401 27043
8401 25046
8401 11473
8401 32534
8401 15800
8401 28411
8401 37051
8401 38278
8401 34266
8401 23757
8401 17547
8401 49587
8401 21555
8401 24990
8401 20612
8401 15418
8401 29233
8401 28199
8401 5289
8401 17067
8401 17650
8401 162
8401 41501
8401 35252
8401 49695
8401 20620
8401 46177
8401 40893
8401 22329
8401 13049
8401 14481
8401 23997
8401 29515
8401 46842
8401 16802
8401 34803
8401 5692
8401 11753
8401 25227
8401 6759
8401 3384
8401 37385
8401 2867
8401 445
8401 13728
8401 33331
8401 37852
8401 28952
8401 32662
8401 5907
8401 24390
8401 48417
8401 16596
8401 44522
8401 39980
8401 17823
8401 44441
8401 6675
8401 39298
8401 18758
8401 41927
8401 32569
8401 32997
8401 24865
8401 39259
8401 48385
8401 41186
8401 9341
8401 8603
8401 35775
8401 40850
8401 33694
8401 18475
8401 11936
8401 29776
8401 36922
8401 43665
8401 3273
8401 16399
8401 48569
8401 46341
8401 34694
8401 3687
8401 32905
8401 8933
8401 6677
8401 32979
8401 27000
8401 32029
8401 20371
8401 9332
8401 440
8401 34991
8401 37638
8401 23898
8401 9262
8401 14037
8401 14665
8401 49950
8401 23298
8401 29008
8401 6138
8401 8534
8401 24386
8401 21702
8401 1277
8401 2400
8401 6790
8401 18518
8401 9540
8401 2039
8401 38603
8401 2896
8401 13596
8401 36366
8401 14331
8401 17462
8401 42706
8401 14835
8401 1096
8401 39472
8401 25208
8401 46951
8401 29804
8401 14273
8401 4898
8401 6374
8401 35454
8401 15103
8401 1065
8401 12181
8401 20687
8401 32225
8401 24483
8401 46974
8401 45304
8401 5034
8401 7391
8401 27986
8401 45952
8401 41969
8401 37202
8401 40383
8401 4589
8401 13802
8401 3061
8401 46604
8401 45860
8401 17803
8401 18141
8401 45157
8401 11113
8401 20359
8401 17924
8401 33650
8401 2439
8401 6218
8401 15655
8401 25873
8401 49789
8401 39809
8401 7590
8401 33517
8401 12629
8401 34034
8401 23709
8401 20369
8401 20213
8401 28768
8401 30142
8401 33846
8401 47249
8401 40307
8401 19503
8401 47392
8401 12224
8401 42783
8401 15159
8401 12645
8401 38986
8401 2946
8401 10903
8401 17878
8401 39408
8401 48194
8401 33965
8401 45733
8401 2493
8401 35234
8401 18864
8401 49634
8401 47109
8401 26106
8401 40331
8401 6327
8401 900
8401 31513
8401 34008
8401 2157
8401 47935
8401 19874
8401 19107
8401 9183
8401 3986
8401 15017
8401 25435
8401 38222
8401 14497
8401 38372
8401 34954
8401 10283
8401 12010
8401 48173
8401 40199
8401 22355
8401 4156
8401 32195
8401 40474
8401 1187
8401 16226
8401 18247
8401 24922
8401 11648
8401 48144
8401 47563
8401 44769
8401 3649
8401 47072
8401 8414
8401 35521
8401 26289
8401 5868
8401 47758
8401 11872
8401 8520
8401 21973
8401 47878
8401 20800
8401 9455
8401 27251
8401 6392
8401 46239
8401 34553
8401 13581
8401 11382
8401 138
8401 44135
8401 2570
8401 27269
8401 23285
8401 5579
8401 35546
8401 10920
8401 48847
8401 28453
8401 15396
8401 29102
8401 32456
8401 9281
8401 8797
8401 7034
8401 3034
8401 35679
8401 38778
8401 47301
8401 30581
8401 33426
8401 24645
8401 32268
8401 2188
8401 35511
8401 22799
8401 3967
8401 3642
8401 42108
8401 23364
8401 3464
8401 23370
8401 9240
8401 41014
8401 30196
8401 23321
8401 1323
8401 2707
8401 10334
8401 928
8401 13109
8401 45051
8401 16301
8401 30682
8401 42247
8401 6712
8401 10090
8401 25792
8401 23812
8401 13653
8401 45145
8401 28908
8401 46411
8401 29210
8401 40560
8401 16663
8401 26172
8401 39595
8401 9933
8401 14311
8401 45469
8401 29403
8401 21075
8401 605
8401 45760
8401 11873
8401 7100
8401 6573
8401 20651
8401 39064
8401 2109
8401 23195
8401 24531
8401 24804
8401 29783
8401 37186
8401 37072
8401 15394
8401 45187
8401 48274
8401 14676
8401 13948
8401 17301
8401 25877
8401 5684
8401 46548
8401 43454
8401 7494
8401 18447
8401 30951
8401 12938
8401 40438
8401 11853
8401 48330
8401 2980
8401 22669
8401 4607
8401 22003
8401 12401
8401 32783
8401 8989
8401 4921
8401 42700
8401 14230
8401 28002
8401 16605
8401 47047
8401 47568
8401 43472
8401 12204
8401 35484
8401 48327
8401 34180
8401 16007
8401 27997
8401 11195
8401 32786
8401 18894
8401 27332
8401 43687
8401 22974
8401 47551
8401 21932
8401 37177
8401 37168
8401 34097
8401 29896
8401 36313
8401 4100
8401 30861
8401 8140
8401 19158
8401 44153
8401 38122
8401 9721
8401 44765
8401 20831
8401 37993
8401 7685
8401 27873
8401 19924
8401 34902
8401 23531
8401 30470
8401 22424
8401 40535
8401 41212
8401 38694
8401 11372
8401 22730
8401 48494
8401 7453
8401 16598
8401 30730
8401 49838
8401 22859
8401 2969
8401 16877
8401 40091
8401 42742
8401 29704
8401 25551
8401 12726
8401 15046
8401 27905
8401 42098
8401 43585
8401 16190
8401 15996
8401 38554
8401 33764
8401 18885
8401 48128
8401 4904
8401 49845
8401 2382
8401 46109
8401 26285
8401 47178
8401 14530
8401 23149
8401 32168
8401 46668
8401 33711
8401 20434
8401 12448
8401 15368
8401 17118
8401 49171
8401 41935
8401 30640
8401 38209
8401 8019
8401 30016
8401 15917
8401 46207
8401 9075
8401 37030
8401 10305
8401 36118
8401 36358
8401 20983
8401 34307
8401 16165
8401 40551
8401 45220
8401 34709
8401 10054
8401 33300
8401 48809
8401 45928
8401 23484
8401 47943
8401 23229
8401 33915
8401 44192
8401 12317
8401 46983
8401 33614
8401 4941
8401 48644
8401 5766
8401 25357
8401 38354
8401 4184
8401 39986
8401 10079
8401 22316
8401 11468
8401 38874
8401 25803
8401 5910
8401 23297
8401 12583
8401 46473
8401 12880
8401 6156
8401 21993
8401 21497
8401 10159
8401 49562
8401 45936
8401 36116
8401 3241
8401 23018
8401 32863
8401 44222
8401 2231
8401 49152
8401 26936
8401 49321
8401 33003
8401 16624
8401 38318
8401 6447
8401 37918
8401 10135
8401 34992
8401 21220
8401 994
8401 27563
8401 10728
8401 49427
8401 41879
8401 48237
8401 23483
8401 5035
8401 45307
8401 9758
8401 10873
8401 21031
8401 37632
8401 25053
8401 18103
8401 19227
8401 33374
8401 14212
8401 1841
8401 6717
8401 32766
8401 45120
8401 20318
8401 17674
8401 29750
8401 33897
8401 16860
8401 45233
8401 46230
8401 10754
8401 44772
8401 43805
8401 4777
8401 36558
8401 19682
8401 7754
8401 23836
8401 24941
8401 39289
8401 3543
8401 3120
8401 40124
8401 14632
8401 46869
8401 18111
8401 22780
8401 2725
8401 49889
8401 48258
8401 17269
8401 47605
8401 27041
8401 32908
8401 27572
8401 37205
8401 33975
8401 20645
8401 49472
8401 40396
8401 14754
8401 1809
8401 31241
8401 17706
8401 13550
8401 34637
8401 11035
8401 26628
8401 16731
8401 36257
8401 7933
8401 2975
8401 32709
8401 11881
8401 10306
8401 37325
8401 34392
8401 32196
8401 5453
8401 45812
8401 24517
8401 49741
8401 36404
8401 775
8401 17164
8401 3119
8401 32784
8401 17446
8401 1637
8401 17705
8401 49706
8401 46256
8401 34073
8401 13600
8401 48027
8401 9688
8401 47278
8401 18058
8401 3644
8401 38400
8401 4045
8401 22986
8401 10043
8401 40663
8401 28630
8401 37651
8401 25968
8401 39645
8401 1264
8401 41991
8401 29370
8401 17154
8401 3090
8401 31570
8401 2306
8401 41043
8401 49775
8401 8884
8401 14013
8401 20485
8401 31239
8401 42866
8401 34901
8401 1430
8401 6721
8401 19914
8401 40135
8401 9156
8401 8413
8401 14758
8401 39940
8401 27718
8401 41384
8401 12892
8401 29739
8401 30095
8401 37621
8401 27326
8401 33072
8401 43590
8401 19714
8401 41449
8401 39970
8401 43852
8401 23011
8401 33916
8401 17756
8401 6621
8401 13641
8401 10809
8401 32611
8401 10808
8401 34106
8401 17531
8401 1993
8401 15137
8401 47416
8401 24509
8401 1226
8401 48325
8401 41015
8401 27550
8401 9520
8401 48885
8401 21658
8401 21957
8401 9607
8401 45668
8401 8846
8401 49822
8401 16197
8401 11523
8401 35060
8401 30080
8401 47612
8401 22808
8401 38547
8401 19569
8401 37150
8401 23241
8401 30785
8401 3682
8401 44608
8401 9938
8401 38786
8401 27355
8401 635
8401 34447
8401 4652
8401 49666
8401 8999
8401 16610
8401 29571
8401 20081
8401 12690
8401 21982
8401 4228
8401 4017
8401 32636
8401 5763
8401 48868
8401 32571
8401 30004
8401 18670
8401 44320
8401 47799
8401 46309
8401 36143
8401 5725
8401 40421
8401 42259
8401 9679
8401 37336
8401 22505
8401 8872
8401 11038
8401 44363
8401 44592
8401 172
8401 44201
8401 47291
8401 37478
8401 44732
8401 18830
8401 47194
8401 46700
8401 3445
8401 24552
8401 27936
8401 31080
8401 11960
8401 48002
8401 26053
8401 47182
8401 15189
8401 29625
8401 1254
8401 24738
8401 15325
8401 12090
8401 1240
8401 21960
8401 40313
8401 49291
8401 12529
8401 15985
8401 21366
8401 24749
8401 10439
8401 45293
8401 5189
8401 1934
8401 20783
8401 46496
8401 32821
8401 6586
8401 4989
8401 36716
8401 12720
8401 10125
8401 45502
8401 11457
8401 14838
8401 37039
8401 26272
8401 45413
8401 48801
8401 7242
8401 42400
8401 42332
8401 13232
8401 33563
8401 11058
8401 1631
8401 251
8401 34166
8401 45938
8401 22929
8401 27117
8401 49914
8401 30178
8401 11026
8401 1268
8401 15536
8401 2426
8401 23564
8401 30540
8401 45425
8401 2774
8401 13341
8401 37259
8401 31956
8401 39155
8401 49388
8401 25330
8401 48236
8401 19713
8401 26644
8401 31195
8401 43822
8401 16245
8401 18590
8401 20031
8401 6755
8401 3472
8401 3715
8401 1685
8401 12023
8401 14692
8401 34845
8401 217
8401 38182
8401 39847
8401 25568
8401 41874
8401 27390
8401 18879
8401 23487
8401 1371
8401 14239
8401 37474
8401 39362
8401 33867
8401 13175
8401 25554
8401 22893
8401 48823
8401 29031
8401 7433
8401 46812
8401 5463
8401 18231
8401 13701
8401 30717
8401 5274
8401 31619
8401 41708
8401 3605
8401 16051
8401 38340
8401 34300
8401 28316
8401 12249
8401 35197
8401 1425
8401 17241
8401 19287
8401 25630
8401 19803
8401 21067
8401 25765
8401 7817
8401 40528
8401 35988
8401 29722
8401 28317
8401 42694
8401 27178
8401 22955
8401 25348
8401 48167
8401 40237
8401 30360
8401 11062
8401 22989
8401 6986
8401 29395
8401 29292
8401 20472
8401 47254
8401 45890
8401 18396
8401 32530
8401 30353
8401 18219
8401 15063
8401 29870
8401 41976
8401 45392
8401 43377
8401 24436
8401 35
8401 25276
8401 42157
8401 8638
8401 5650
8401 7428
8401 35115
8401 42142
8401 21429
8401 15287
8401 30735
8401 22022
8401 1523
8401 27323
8401 2814
8401 4161
8401 43066
8401 8893
8401 21629
8401 9310
8401 31214
8401 31855
8401 15393
8401 30633
8401 16434
8401 35850
8401 35016
8401 42696
8401 12685
8401 14174
8401 34027
8401 45172
8401 13913
8401 13882
8401 26180
8401 1177
8401 38166
8401 45334
8401 32122
8401 23233
8401 3709
8401 30629
8401 18292
8401 15508
8401 33948
8401 26897
8401 41822
8401 29874
8401 29053
8401 43438
8401 41930
8401 27024
8401 28744
8401 8482
8401 22195
8401 33835
8401 5210
8401 30510
8401 43637
8401 19407
8401 11629
8401 4843
8401 39563
8401 43059
8401 44094
8401 46729
8401 26919
8401 1883
8401 37297
8401 17673
8401 5241
8401 7635
8401 12792
8401 23878
8401 30398
8401 26805
8401 39710
8401 3094
8401 786
8401 31494
8401 29007
8401 16681
8401 8499
8401 2102
8401 14459
8401 37446
8401 4498
8401 38049
8401 11630
8401 30051
8401 22263
8401 9286
8401 8373
8401 45696
8401 35608
8401 21333
8401 40795
8401 48388
8401 23165
8401 25802
8401 22332
8401 30963
8401 22802
8401 30494
8401 9650
8401 31430
8401 24105
8401 2888
8401 17319
8401 30309
8401 46039
8401 780
8401 30092
8401 4322
8401 10146
8401 40965
8401 49532
8401 18244
8401 720
8401 42033
8401 19268
8401 25312
8401 34074
8401 48729
8401 25030
8401 34927
8401 45130
8401 9651
8401 30451
8401 37370
8401 7369
8401 22070
8401 22635
8401 15264
8401 29498
8401 11162
8401 6685
8401 42045
8401 42138
8401 6348
8401 34852
8401 30093
8401 42300
8401 36684
8401 4400
8401 25064
8401 860
8401 37644
8401 35470
8401 26732
8401 11084
8401 17399
8401 11529
8401 39067
8401 6252
8401 3822
8401 49140
8401 40580
8401 45781
8401 22960
8401 5940
8401 13205
8401 14333
8401 34412
8401 31346
8401 25087
8401 7627
8401 22052
8401 327
8401 20346
8401 24677
8401 34609
8401 15195
8401 47793
8401 32107
8401 39624
8401 19420
8401 21602
8401 20878
8401 21675
8401 33519
8401 1221
8401 16988
8401 47657
8401 46098
8401 23664
8401 3130
8401 4910
8401 34925
8401 536
8401 35607
8401 29086
8401 20196
8401 3727
8401 33539
8401 46766
8401 18357
8401 16247
8401 33116
8401 14488
8401 33875
8401 38546
8401 32529
8401 30247
8401 28077
8401 44678
8401 1243
8401 32142
8401 47406
8401 32258
8401 46794
8401 15556
8401 7621
8401 6443
8401 3666
8401 13260
8401 39342
8401 22146
8401 31534
8401 161
8401 21099
8401 21633
8401 33337
8401 34380
8401 35799
8401 28146
8401 49375
8401 11681
8401 18506
8401 41125
8401 10995
8401 10425
8401 16768
8401 600
8401 37497
8401 21081
8401 26594
8401 31380
8401 29637
8401 2267
8401 36224
8401 11772
8401 30040
8401 6657
8401 25123
8401 27221
8401 38960
8401 46433
8401 21300
8401 4983
8401 43085
8401 37195
8401 16463
8401 34327
8401 24714
8401 43217
8401 44676
8401 10289
8401 17344
8401 22250
8401 5507
8401 6391
8401 40940
8401 18678
8401 17486
8401 39025
8401 39642
8401 42334
8401 20795
8401 16659
8401 30075
8401 15413
8401 45317
8401 20467
8401 18207
8401 35987
8401 42117
8401 6042
8401 9359
8401 23569
8401 10394
8401 39236
8401 13185
8401 40251
8401 24844
8401 6506
8401 42976
8401 26039
8401 22051
8401 35515
8401 28643
8401 16303
8401 19839
8401 40437
8401 37891
8401 34026
8401 41367
8401 3674
8401 33098
8401 44046
8401 2583
8401 30895
8401 36947
8401 49572
8401 38402
8401 48066
8401 13202
8401 35519
8401 5971
8401 21419
8401 7809
8401 38430
8401 39437
8401 34753
8401 40712
8401 35407
8401 3803
8401 43759
8401 13908
8401 26840
8401 40576
8401 17056
8401 32270
8401 35932
8401 32723
8401 43768
8401 10802
8401 30909
8401 24453
8401 9290
8401 12359
8401 10911
8401 34225
8401 33417
8401 38898
8401 31229
8401 36340
8401 46357
8401 2841
8401 43320
8401 21411
8401 44119
8401 27617
8401 19023
8401 28999
8401 16069
8401 36269
8401 39181
8401 6246
8401 4430
8401 19219
8401 40700
8401 2663
8401 49629
8401 19871
8401 40083
8401 4568
8401 47976
8401 8120
8401 9581
8401 6638
8401 7278
8401 89
8401 23451
8401 26853
8401 17981
8401 35253
8401 42310
8401 47534
8401 33787
8401 26696
8401 7186
8401 4677
8401 20575
8401 28715
8401 23918
8401 12794
8401 12591
8401 28761
8401 4601
8401 44667
8401 20605
8401 29354
8401 3403
8401 11736
8401 35227
8401 36895
8401 19257
8401 6414
8401 39267
8401 33597
8401 45823
8401 27556
8401 29414
8401 23801
8401 22946
8401 20013
8401 7572
8401 36139
8401 24729
8401 19347
8401 39608
8401 20542
8401 4304
8401 20762
8401 49930
8401 20792
8401 31828
8401 20979
8401 21341
8401 9277
8401 46837
8401 20438
8401 49403
8401 2428
8401 29308
8401 45281
8401 45721
8401 40322
8401 20785
8401 7739
8401 46643
8401 11186
8401 30038
8401 31964
8401 15632
8401 11902
8401 41325
8401 23924
8401 22426
8401 1077
8401 38071
8401 19683
8401 21089
8401 8246
8401 11685
8401 19051
8401 37634
8401 49584
8401 7357
8401 45153
8401 26192
8401 25473
8401 39197
8401 47781
8401 13032
8401 12987
8401 42195
8401 7183
8401 28282
8401 14493
8401 18712
8401 39168
8401 27201
8401 14675
8401 19957
8401 10529
8401 40462
8401 45739
8401 2967
8401 13203
8401 3821
8401 34197
8401 38137
8401 34013
8401 18102
8401 26764
8401 25147
8401 4538
8401 49654
8401 44282
8401 29794
8401 34190
8401 549
8401 20748
8401 45547
8401 13508
8401 10521
8401 45507
8401 5096
8401 3854
8401 21837
8401 33416
8401 49463
8401 48610
8401 28174
8401 46294
8401 43831
8401 30541
8401 9166
8401 42214
8401 4935
8401 30513
8401 39707
8401 15133
8401 48601
8401 49251
8401 42904
8401 25576
8401 9261
8401 2212
8401 1891
8401 13462
8401 33139
8401 19180
8401 43698
8401 8210
8401 38227
8401 26144
8401 32185
8401 25604
8401 40609
8401 23
8401 417
8401 23940
8401 17749
8401 10608
8401 15506
8401 42950
8401 24397
8401 36636
8401 22612
8401 20548
8401 16057
8401 42472
8401 7342
8401 36832
8401 25634
8401 29217
8401 2996
8401 2612
8401 44750
8401 37581
8401 9018
8401 11634
8401 32974
8401 42156
8401 23585
8401 20606
8401 25360
8401 5883
8401 32138
8401 7957
8401 6411
8401 34464
8401 7366
8401 4605
8401 49442
8401 43284
8401 28599
8401 25662
8401 8146
8401 13566
8401 33759
8401 34256
8401 13698
8401 6999
8401 48306
8401 7146
8401 2441
8401 29257
8401 8031
8401 3189
8401 11133
8401 30710
8401 34481
8401 25181
8401 28749
8401 44920
8401 22930
8401 22381
8401 11859
8401 23738
8401 3202
8401 38025
8401 11905
8401 22572
8401 39958
8401 434
8401 23864
8401 479
8401 29138
8401 16449
8401 15292
8401 21747
8401 15608
8401 42620
8401 40513
8401 29012
8401 31667
8401 6679
8401 29639
8401 44194
8401 2481
8401 26207
8401 31580
8401 29171
8401 37234
8401 31873
8401 15787
8401 4819
8401 9697
8401 9720
8401 5303
8401 42057
8401 9308
8401 40639
8401 30940
8401 43865
8401 684
8401 16104
8401 43484
8401 34261
8401 48706
8401 15872
8401 21241
8401 14067
8401 47447
8401 27210
8401 43140
8401 40661
8401 21364
8401 11563
8401 34441
8401 31901
8401 488
8401 5417
8401 37714
8401 7263
8401 22421
8401 32716
8401 379
8401 7406
8401 7987
8401 5388
8401 16272
8401 17025
8401 14803
8401 15022
8401 29642
8401 48353
8401 19304
8401 19600
8401 36660
8401 15857
8401 5998
8401 33465
8401 35601
8401 20962
8401 47432
8401 3931
8401 39169
8401 35866
8401 8062
8401 9545
8401 24388
8401 27630
8401 12742
8401 15419
8401 6287
8401 34348
8401 19025
8401 32274
8401 4187
8401 24192
8401 23450
8401 1109
8401 619
8401 22691
8401 11216
8401 5532
8401 44370
8401 28877
8401 16497
8401 1765
8401 19340
8401 13189
8401 26524
8401 20166
8401 795
8401 5833
8401 12665
8401 39412
8401 9273
8401 42793
8401 32646
8401 46277
8401 13757
8401 39206
8401 6202
8401 10834
8401 46254
8401 48606
8401 610
8401 1455
8401 25073
8401 33212
8401 18248
8401 38652
8401 18565
8401 24304
8401 36698
8401 48737
8401 45677
8401 31124
8401 38276
8401 11436
8401 9658
8401 18969
8401 38855
8401 29366
8401 23673
8401 5776
8401 33666
8401 13853
8401 10203
8401 40311
8401 16747
8401 23454
8401 11839
8401 47670
8401 31724
8401 40569
8401 8473
8401 6881
8401 42709
8401 6814
8401 9888
8401 42755
8401 29097
8401 22839
8401 24647
8401 2621
8401 32448
8401 38335
8401 31884
8401 26496
8401 32221
8401 26971
8401 35592
8401 25749
8401 23339
8401 27493
8401 13161
8401 33546
8401 12646
8401 430
8401 43060
8401 31867
8401 6798
8401 10543
8401 17129
8401 12832
8401 8966
8401 43933
8401 36343
8401 1502
8401 41989
8401 16423
8401 25428
8401 44735
8401 39585
8401 9329
8401 25248
8401 40367
8401 17843
8401 14130
8401 8606
8401 18935
8401 27796
8401 39174
8401 26998
8401 23764
8401 26962
8401 13806
8401 14206
8401 15117
8401 45263
8401 23332
8401 42965
8401 29471
8401 24639
8401 28745
8401 12003
8401 10803
8401 22999
8401 39551
8401 2653
8401 29875
8401 42763
8401 10088
8401 6098
8401 45170
8401 31650
8401 42143
8401 19629
8401 11768
8401 43671
8401 932
8401 42513
8401 23863
8401 25964
8401 32061
8401 1358
8401 46797
8401 28118
8401 38234
8401 29003
8401 37254
8401 3701
8401 46702
8401 32474
8401 25925
8401 35381
8401 46069
8401 7047
8401 37720
8401 30698
8401 5415
8401 17999
8401 40634
8401 42952
8401 25356
8401 39343
8401 33943
8401 7964
8401 45365
8401 21025
8401 28154
8401 9012
8401 31911
8401 23906
8401 2145
8401 24753
8401 1857
8401 30406
8401 24214
8401 31372
8401 44941
8401 38608
8401 15751
8401 32728
8401 14662
8401 21277
8401 37675
8401 19948
8401 11888
8401 47897
8401 871
8401 47190
8401 30108
8401 27894
8401 49392
8401 46625
8401 8578
8401 36909
8401 12870
8401 28946
8401 6494
8401 15910
8401 3158
8401 42184
8401 41050
8401 27670
8401 40707
8401 14933
8401 39156
8401 19090
8401 12158
8401 333
8401 49608
8401 16243
8401 7844
8401 10195
8401 20161
8401 29522
8401 48410
8401 1960
8401 49320
8401 43420
8401 37302
8401 24469
8401 31992
8401 23335
8401 20602
8401 16717
8401 11410
8401 29863
8401 48820
8401 1875
8401 25953
8401 4889
8401 27571
8401 23892
8401 32346
8401 46188
8401 32071
8401 12857
8401 4451
8401 35590
8401 33955
8401 13749
8401 31784
8401 44974
8401 25872
8401 12712
8401 20024
8401 49904
8401 7071
8401 15667
8401 45090
8401 6112
8401 25505
8401 33960
8401 46773
8401 26375
8401 28511
8401 9072
8401 15838
8401 8563
8401 11507
8401 19814
8401 17008
8401 45472
8401 5093
8401 23615
8401 27513
8401 34636
8401 43783
8401 8956
8401 42474
8401 3781
8401 29325
8401 4452
8401 5999
8401 12338
8401 8343
8401 12004
8401 46570
8401 25615
8401 25994
8401 18849
8401 24610
8401 45613
8401 20230
8401 39082
8401 24744
8401 30516
8401 35231
8401 41389
8401 43128
8401 10797
8401 27489
8401 45813
8401 13954
8401 6661
8401 28845
8401 42386
8401 45374
8401 18420
8401 28098
8401 6054
8401 38928
8401 12192
8401 8321
8401 2668
8401 27801
8401 29788
8401 23074
8401 27641
8401 348
8401 40908
8401 30407
8401 22834
8401 32556
8401 2971
8401 22970
8401 45511
8401 42819
8401 48695
8401 45616
8401 47302
8401 18806
8401 15270
8401 48894
8401 12597
8401 23012
8401 22766
8401 5916
8401 5450
8401 36566
8401 2715
8401 10168
8401 23636
8401 31775
8401 33004
8401 6035
8401 5279
8401 45364
8401 16826
8401 23647
8401 5228
8401 40182
8401 28139
8401 34170
8401 8585
8401 10041
8401 34627
8401 2639
8401 7380
8401 41258
8401 17716
8401 10607
8401 24212
8401 48293
8401 1100
8401 13644
8401 21888
8401 8962
8401 6481
8401 38281
8401 3392
8401 41898
8401 16805
8401 4731
8401 15643
8401 4753
8401 45975
8401 17815
8401 41305
8401 10364
8401 29212
8401 9433
8401 35750
8401 21076
8401 35663
8401 10285
8401 49042
8401 15143
8401 22018
8401 9157
8401 42274
8401 25632
8401 10880
8401 47747
8401 20507
8401 4719
8401 27606
8401 4560
8401 43603
8401 28033
8401 29613
8401 38253
8401 36435
8401 9644
8401 40693
8401 22728
8401 20157
8401 24640
8401 4541
8401 1961
8401 34341
8401 1336
8401 22996
8401 34359
8401 33236
8401 25847
8401 44585
8401 32290
8401 29143
8401 958
8401 31302
8401 10968
8401 10338
8401 20041
8401 33247
8401 12763
8401 1191
8401 1443
8401 39937
8401 12328
8401 9171
8401 1223
8401 13365
8401 23553
8401 19172
8401 24104
8401 42281
8401 35504
8401 24770
8401 27220
8401 32383
8401 49977
8401 45709
8401 23534
8401 14617
8401 40782
8401 21625
8401 8722
8401 43330
8401 6678
8401 12452
8401 48203
8401 10296
8401 47800
8401 49740
8401 36221
8401 13668
8401 30534
8401 9802
8401 28484
8401 2405
8401 13311
8401 46366
8401 10158
8401 21875
8401 19710
8401 7727
8401 18520
8401 29315
8401 31327
8401 30771
8401 24325
8401 49448
8401 43993
8401 13105
8401 30480
8401 31996
8401 30637
8401 44777
8401 19339
8401 41765
8401 20265
8401 37303
8401 35258
8401 26060
8401 30328
8401 22676
8401 27020
8401 28388
8401 44587
8401 30929
8401 32986
8401 9135
8401 28237
8401 17503
8401 38003
8401 9051
8401 31723
8401 15430
8401 40014
8401 1199
8401 8781
8401 47569
8401 15867
8401 34915
8401 49006
8401 32511
8401 16451
8401 8047
8401 43023
8401 34561
8401 35178
8401 28474
8401 21729
8401 41738
8401 14926
8401 42609
8401 24266
8401 943
8401 18868
8401 2907
8401 12374
8401 2944
8401 42842
8401 12819
8401 24548
8401 28471
8401 3509
8401 5402
8401 49014
8401 17918
8401 2802
8401 41888
8401 38324
8401 11856
8401 13929
8401 11125
8401 5090
8401 11599
8401 36952
8401 16699
8401 17879
8401 34570
8401 6346
8401 8276
8401 6805
8401 14560
8401 14054
8401 42272
8401 23301
8401 11783
8401 8319
8401 30807
8401 39084
8401 27736
8401 2323
8401 5801
8401 26275
8401 17836
8401 28781
8401 14314
8401 15821
8401 48499
8401 6366
8401 7210
8401 17590
8401 28948
8401 47981
8401 12176
8401 37988
8401 1463
8401 20990
8401 11577
8401 3278
8401 19655
8401 31221
8401 21399
8401 30063
8401 45601
8401 18369
8401 47061
8401 42211
8401 15977
8401 41195
8401 3501
8401 18249
8401 15877
8401 12185
8401 49500
8401 11846
8401 41943
8401 27433
8401 16820
8401 10927
8401 24896
8401 42746
8401 23632
8401 2358
8401 16413
8401 42412
8401 33817
8401 4075
8401 49557
8401 15346
8401 34457
8401 46451
8401 32165
8401 46132
8401 44419
8401 28382
8401 36941
8401 32575
8401 30502
8401 26345
8401 45391
8401 34491
8401 22911
8401 15128
8401 21295
8401 27829
8401 19523
8401 35788
8401 20153
8401 12201
8401 39369
8401 43182
8401 1807
8401 14900
8401 32683
8401 6885
8401 11626
8401 35248
8401 15336
8401 18147
8401 5666
8401 20491
8401 43268
8401 3333
8401 13667
8401 17128
8401 27814
8401 26093
8401 30471
8401 8383
8401 48284
8401 3038
8401 41036
8401 15283
8401 21334
8401 18614
8401 37378
8401 30845
8401 34376
8401 23461
8401 2591
8401 24556
8401 42680
8401 1118
8401 13717
8401 28360
8401 43172
8401 33919
8401 24542
8401 40489
8401 22522
8401 27725
8401 3951
8401 30018
8401 23978
8401 40729
8401 7198
8401 47223
8401 31393
8401 22379
8401 4821
8401 35451
8401 19794
8401 7504
8401 47610
8401 12402
8401 24866
8401 33397
8401 43853
8401 49232
8401 9194
8401 21093
8401 5345
8401 2171
8401 10720
8401 22606
8401 25023
8401 34016
8401 20185
8401 48087
8401 45434
8401 25735
8401 45477
8401 1073
8401 1211
8401 15037
8401 16991
8401 10465
8401 29385
8401 36124
8401 41522
8401 42682
8401 16310
8401 1111
8401 27671
8401 33157
8401 7906
8401 30947
8401 35983
8401 41687
8401 9925
8401 24485
8401 4736
8401 37281
8401 7867
8401 19635
8401 45633
8401 16694
8401 2871
8401 33588
8401 48079
8401 36511
8401 49783
8401 18665
8401 48425
8401 9704
8401 4812
8401 30917
8401 7941
8401 24861
8401 43751
8401 45796
8401 23848
8401 25851
8401 1311
8401 20621
8401 28299
8401 46021
8401 4590
8401 7227
8401 1089
8401 38208
8401 12103
8401 42456
8401 23560
8401 13396
8401 49087
8401 13077
8401 18852
8401 49205
8401 45389
8401 43281
8401 24220
8401 38765
8401 14829
8401 35868
8401 16688
8401 25686
8401 30339
8401 44714
8401 5133
8401 7028
8401 11696
8401 34671
8401 38142
8401 8403
8401 15302
8401 42546
8401 1412
8401 20276
8401 10681
8401 23268
8401 39203
8401 46370
8401 35286
8401 4758
8401 37279
8401 38444
8401 8906
8401 43381
8401 17677
8401 45465
8401 6073
8401 25104
8401 31803
8401 32679
8401 25938
8401 10019
8401 45114
8401 28504
8401 9563
8401 17704
8401 26427
8401 45261
8401 22317
8401 3544
8401 35440
8401 36137
8401 5427
8401 18166
8401 18300
8401 20082
8401 37144
8401 21164
8401 11604
8401 49550
8401 37461
8401 35640
8401 9582
8401 19300
8401 3624
8401 38285
8401 38835
8401 8871
8401 11039
8401 38743
8401 28014
8401 25536
8401 47150
8401 33917
8401 11601
8401 23049
8401 28295
8401 12333
8401 33910
8401 36891
8401 11169
8401 44035
8401 33952
8401 38186
8401 27422
8401 27007
8401 9652
8401 38948
8401 6603
8401 34267
8401 8710
8401 43279
8401 40222
8401 35492
8401 13832
8401 18380
8401 3287
8401 6273
8401 20462
8401 37026
8401 10816
8401 46081
8401 16259
8401 42894
8401 40968
8401 41925
8401 34527
8401 12256
8401 12294
8401 36434
8401 40775
8401 39692
8401 47089
8401 19145
8401 9909
8401 20992
8401 31510
8401 30103
8401 892
8401 18920
8401 12231
8401 20885
8401 39648
8401 29253
8401 36287
8401 24960
8401 10686
8401 4401
8401 10388
8401 43778
8401 4263
8401 35495
8401 9294
8401 47131
8401 4212
8401 29796
8401 45974
8401 28444
8401 42864
8401 21073
8401 26850
8401 28270
8401 2270
8401 9264
8401 41326
8401 14070
8401 49923
8401 40282
8401 19846
8401 39440
8401 35150
8401 16087
8401 19667
8401 40646
8401 32015
8401 11698
8401 2567
8401 5318
8401 19335
8401 968
8401 3243
8401 31051
8401 9531
8401 17286
8401 41143
8401 17497
8401 7560
8401 10222
8401 10263
8401 39243
8401 18877
8401 1232
8401 1116
8401 11591
8401 21927
8401 27766
8401 40959
8401 42336
8401 40410
8401 20744
8401 37536
8401 10726
8401 41519
8401 30752
8401 31119
8401 35423
8401 39111
8401 28765
8401 33097
8401 22770
8401 12132
8401 8255
8401 24254
8401 10085
8401 26883
8401 14475
8401 11640
8401 23315
8401 34920
8401 2337
8401 39012
8401 39886
8401 40160
8401 13656
8401 4354
8401 21215
8401 31615
8401 2175
8401 6592
8401 44251
8401 22478
8401 28693
8401 5181
8401 8726
8401 14543
8401 30695
8401 39087
8401 31265
8401 41928
8401 29229
8401 3583
8401 26497
8401 12578
8401 43417
8401 17812
8401 16716
8401 3756
8401 44882
8401 27365
8401 44940
8401 25547
8401 19613
8401 15533
8401 39790
8401 3678
8401 32508
8401 29135
8401 43183
8401 31893
8401 38590
8401 9299
8401 42559
8401 29714
8401 37637
8401 28564
8401 6416
8401 27245
8401 46443
8401 33193
8401 22942
8401 3183
8401 17818
8401 3799
8401 26153
8401 33313
8401 26923
8401 4159
8401 2356
8401 46174
8401 28364
8401 49334
8401 45458
8401 40175
8401 44546
8401 6352
8401 48116
8401 42841
8401 11657
8401 22139
8401 9990
8401 15715
8401 46387
8401 15461
8401 36101
8401 46585
8401 1995
8401 31261
8401 36879
8401 18826
8401 29064
8401 2399
8401 13353
8401 29004
8401 28986
8401 6734
8401 19065
8401 40690
8401 21622
8401 1619
8401 36635
8401 35708
8401 34168
8401 47157
8401 16692
8401 33316
8401 6600
8401 47300
8401 2659
8401 3274
8401 934
8401 37386
8401 3944
8401 39752
8401 42732
8401 32666
8401 16500
8401 27902
8401 12797
8401 6316
8401 18725
8401 35398
8401 11448
8401 20207
8401 6400
8401 16018
8401 10926
8401 14385
8401 14402
8401 39475
8401 41245
8401 11398
8401 18898
8401 12498
8401 17331
8401 41526
8401 15306
8401 17567
8401 32574
8401 33765
8401 30774
8401 12882
8401 6359
8401 30842
8401 41419
8401 48406
8401 8714
8401 2287
8401 36580
8401 24123
8401 12382
8401 26480
8401 5168
8401 33441
8401 41487
8401 37620
8401 48309
8401 17480
8401 31536
8401 39411
8401 11927
8401 29209
8401 28264
8401 21492
8401 39112
8401 24033
8401 39159
8401 8770
8401 45998
8401 42415
8401 19062
8401 5484
8401 31438
8401 25771
8401 11386
8401 20942
8401 39063
8401 35148
8401 19668
8401 37790
8401 36805
8401 29176
8401 20069
8401 24764
8401 33830
8401 17176
8401 43715
8401 22512
8401 15769
8401 42870
8401 35867
8401 39242
8401 24088
8401 40680
8401 35666
8401 10963
8401 16396
8401 48054
8401 18337
8401 33512
8401 26067
8401 10060
8401 43772
8401 45631
8401 34146
8401 20681
8401 32010
8401 27058
8401 11792
8401 22296
8401 33234
8401 43556
8401 28447
8401 48802
8401 16126
8401 41767
8401 37616
8401 35949
8401 37250
8401 26395
8401 15259
8401 46632
8401 15339
8401 41729
8401 44060
8401 26088
8401 30498
8401 6689
8401 33233
8401 40871
8401 13852
8401 49597
8401 42044
8401 20909
8401 45356
8401 2336
8401 13955
8401 41413
8401 75
8401 11307
8401 46538
8401 39736
8401 47155
8401 34950
8401 36957
8401 49784
8401 41677
8401 22391
8401 42491
8401 41624
8401 45798
8401 33216
8401 11838
8401 1557
8401 20124
8401 27696
8401 7395
8401 46660
8401 27777
8401 8539
8401 41477
8401 47169
8401 26703
8401 34836
8401 18086
8401 20527
8401 37933
8401 14673
8401 21655
8401 29559
8401 23879
8401 14012
8401 5941
8401 18267
8401 28705
8401 11836
8401 30307
8401 40170
8401 8878
8401 2135
8401 5323
8401 6567
8401 24643
8401 4531
8401 6229
8401 12508
8401 45347
8401 24402
8401 13278
8401 48754
8401 33757
8401 9300
8401 1889
8401 827
8401 34465
8401 1736
8401 4509
8401 27145
8401 21436
8401 23392
8401 24559
8401 30999
8401 48766
8401 2736
8401 35344
8401 36244
8401 31864
8401 11247
8401 4353
8401 10114
8401 29723
8401 25128
8401 36211
8401 13222
8401 5366
8401 33648
8401 30850
8401 49753
8401 39995
8401 24481
8401 20801
8401 2360
8401 45910
8401 39234
8401 4477
8401 40517
8401 30779
8401 36799
8401 9534
8401 192
8401 49563
8401 7024
8401 14392
8401 24407
8401 38216
8401 13529
8401 7694
8401 26735
8401 29768
8401 40759
8401 20411
8401 36475
8401 30166
8401 6422
8401 10566
8401 47427
8401 23741
8401 45701
8401 1154
8401 29463
8401 13619
8401 39842
8401 2624
8401 35303
8401 47524
8401 35551
8401 24343
8401 11519
8401 47081
8401 40830
8401 13011
8401 3839
8401 31880
8401 45818
8401 46910
8401 41006
8401 41691
8401 36379
8401 5742
8401 42933
8401 14641
8401 33514
8401 37856
8401 44068
8401 13782
8401 20625
8401 21688
8401 4511
8401 33497
8401 25202
8401 12901
8401 41697
8401 42340
8401 46318
8401 18687
8401 3263
8401 36671
8401 8692
8401 7883
8401 25358
8401 41835
8401 19983
8401 26255
8401 8947
8401 40685
8401 24959
8401 15863
8401 12506
8401 37047
8401 46290
8401 42962
8401 22216
8401 22085
8401 5818
8401 14318
8401 7402
8401 42024
8401 46191
8401 22775
8401 17923
8401 15060
8401 46114
8401 18788
8401 48483
8401 25991
8401 9962
8401 22097
8401 45284
8401 17863
8401 30226
8401 4505
8401 27593
8401 10505
8401 38199
8401 31477
8401 14613
8401 35393
8401 37112
8401 19611
8401 41107
8401 26462
8401 49117
8401 25990
8401 46508
8401 47170
8401 41229
8401 5489
8401 47450
8401 12503
8401 39166
8401 12227
8401 8004
8401 23913
8401 24119
8401 2629
8401 7755
8401 25458
8401 19830
8401 8182
8401 17073
8401 41663
8401 6381
8401 6242
8401 27327
8401 49313
8401 12774
8401 24717
8401 21677
8401 7040
8401 15932
8401 47910
8401 14474
8401 42071
8401 8740
8401 12001
8401 8626
8401 17390
8401 20750
8401 28956
8401 22864
8401 48382
8401 28560
8401 46636
8401 18623
8401 49080
8401 37780
8401 4613
8401 30746
8401 16889
8401 3900
8401 17466
8401 4939
8401 20076
8401 9182
8401 39716
8401 48626
8401 363
8401 839
8401 271
8401 38459
8401 20428
8401 2015
8401 6765
8401 19440
8401 261
8401 33436
8401 6514
8401 33248
8401 8652
8401 30567
8401 43613
8401 872
8401 980
8401 27413
8401 14344
8401 49337
8401 16371
8401 2960
8401 48856
8401 38183
8401 33822
8401 29583
8401 20072
8401 40201
8401 13548
8401 45007
8401 31975
8401 14294
8401 48341
8401 12036
8401 40479
8401 23589
8401 3857
8401 32897
8401 13528
8401 1092
8401 20303
8401 35461
8401 35908
8401 7517
8401 19608
8401 16237
8401 9722
8401 44836
8401 32171
8401 24784
8401 49097
8401 12461
8401 43537
8401 47321
8401 13088
8401 19011
8401 26449
8401 41846
8401 10571
8401 33834
8401 16354
8401 46638
8401 14904
8401 3394
8401 46874
8401 35567
8401 29791
8401 352
8401 30143
8401 42266
8401 15069
8401 30070
8401 36470
8401 43056
8401 2219
8401 6839
8401 11090
8401 45096
8401 38677
8401 36849
8401 45843
8401 34554
8401 6599
8401 17779
8401 14108
8401 40924
8401 43531
8401 19317
8401 27011
8401 9497
8401 46692
8401 25142
8401 9784
8401 27631
8401 942
8401 4952
8401 23288
8401 6729
8401 41003
8401 2484
8401 12666
8401 49019
8401 34122
8401 23821
8401 41939
8401 27403
8401 29952
8401 35477
8401 35675
8401 17471
8401 47509
8401 45847
8401 14874
8401 8012
8401 31445
8401 29174
8401 13843
8401 27359
8401 3324
8401 44289
8401 39002
8401 23995
8401 2974
8401 41267
8401 20840
8401 47067
8401 26117
8401 46007
8401 21971
8401 19510
8401 30135
8401 44922
8401 12396
8401 25567
8401 33629
8401 39880
8401 29773
8401 39936
8401 32822
8401 28185
8401 3059
8401 37758
8401 5384
8401 36047
8401 27897
8401 11784
8401 29139
8401 14482
8401 33504
8401 39779
8401 2693
8401 5085
8401 2739
8401 21692
8401 31529
8401 24470
8401 5084
8401 25187
8401 32624
8401 17219
8401 43533
8401 28561
8401 4535
8401 45428
8401 42753
8401 31209
8401 16450
8401 24194
8401 49880
8401 13250
8401 1844
8401 7506
8401 29036
8401 16666
8401 18870
8401 40842
8401 17500
8401 39358
8401 16366
8401 15791
8401 20080
8401 43784
8401 47468
8401 25152
8401 8840
8401 21966
8401 7057
8401 1954
8401 20788
8401 18992
8401 25294
8401 40772
8401 10919
8401 48244
8401 11569
8401 30380
8401 42131
8401 7313
8401 16961
8401 37756
8401 4807
8401 39927
8401 32049
8401 26075
8401 29843
8401 35473
8401 17421
8401 25135
8401 22906
8401 11408
8401 41085
8401 45095
8401 49664
8401 7788
8401 40943
8401 18968
8401 33877
8401 37665
8401 34304
8401 24125
8401 13164
8401 5410
8401 36368
8401 10205
8401 37871
8401 49396
8401 49797
8401 20198
8401 41970
8401 1753
8401 10435
8401 28047
8401 44245
8401 34941
8401 394
8401 7728
8401 42669
8401 45606
8401 19555
8401 5846
8401 17124
8401 5472
8401 486
8401 36391
8401 9886
8401 5305
8401 15507
8401 21523
8401 15100
8401 48718
8401 47536
8401 31889
8401 52
8401 38313
8401 37540
8401 49453
8401 5509
8401 16741
8401 29080
8401 49323
8401 41703
8401 31140
8401 16319
8401 22722
8401 32886
8401 46287
8401 43851
8401 29988
8401 7456
8401 44796
8401 36432
8401 14883
8401 21102
8401 13421
8401 12809
8401 7205
8401 44894
8401 40033
8401 32192
8401 33687
8401 51
8401 49981
8401 43380
8401 39091
8401 3601
8401 446
8401 5782
8401 40527
8401 47797
8401 21347
8401 23388
8401 48537
8401 46976
8401 37201
8401 48742
8401 28573
8401 774
8401 7529
8401 5885
8401 8281
8401 44968
8401 48256
8401 38409
8401 8918
8401 35822
8401 10113
8401 11140
8401 21349
8401 1706
8401 3150
8401 20370
8401 38876
8401 18137
8401 3770
8401 32498
8401 16957
8401 1897
8401 43480
8401 40756
8401 13854
8401 20385
8401 25267
8401 11214
8401 10664
8401 34093
8401 34530
8401 35503
8401 46134
8401 28280
8401 26137
8401 22748
8401 5118
8401 17441
8401 16602
8401 45842
8401 23544
8401 24615
8401 17658
8401 42171
8401 22832
8401 41598
8401 11150
8401 8017
8401 13658
8401 28932
8401 16654
8401 11762
8401 41682
8401 14268
8401 28881
8401 45997
8401 28502
8401 42603
8401 18862
8401 49685
8401 21240
8401 44846
8401 29225
8401 48967
8401 42906
8401 44762
8401 45006
8401 14713
8401 37759
8401 40876
8401 31871
8401 12625
8401 21559
8401 37023
8401 29147
8401 49592
8401 16613
8401 48561
8401 11472
8401 37456
8401 22431
8401 32911
8401 42642
8401 41921
8401 43053
8401 14774
8401 190
8401 20189
8401 5689
8401 47470
8401 36853
8401 37775
8401 9434
8401 39702
8401 44151
8401 15641
8401 6926
8401 7833
8401 44350
8401 506
8401 40883
8401 7551
8401 49949
8401 47918
8401 41370
8401 18285
8401 33641
8401 23543
8401 25874
8401 810
8401 44979
8401 25443
8401 47226
8401 11573
8401 10493
8401 7722
8401 10704
8401 26169
8401 34069
8401 33752
8401 44948
8401 20120
8401 37330
8401 5810
8401 20429
8401 12494
8401 11978
8401 20074
8401 27193
8401 31193
8401 46135
8401 30549
8401 26439
8401 9808
8401 23841
8401 24430
8401 24330
8401 10443
8401 33818
8401 19169
8401 20160
8401 2520
8401 46293
8401 25269
8401 12214
8401 2861
8401 31612
8401 29021
8401 12428
8401 41803
8401 7959
8401 21789
8401 21717
8401 1
8401 38309
8401 5851
8401 49471
8401 30253
8401 11212
8401 18790
8401 29375
8401 4926
8401 41164
8401 21041
8401 25557
8401 32127
8401 37358
8401 28571
8401 43044
8401 21649
8401 45125
8401 21689
8401 35642
8401 17237
8401 38078
8401 32973
8401 34796
8401 42389
8401 48865
8401 43369
8401 16039
8401 33935
8401 45863
8401 21704
8401 36829
8401 18534
8401 45619
8401 45202
8401 36107
8401 28462
8401 328
8401 18455
8401 30760
8401 26716
8401 39897
8401 4421
8401 24914
8401 43891
8401 21182
8401 49542
8401 9481
8401 26301
8401 46534
8401 43412
8401 37288
8401 16920
8401 16315
8401 14499
8401 3104
8401 2000
8401 2385
8401 35045
8401 6854
8401 15979
8401 1532
8401 47812
8401 6148
8401 47349
8401 28758
8401 31136
8401 12752
8401 19855
8401 10078
8401 36503
8401 39589
8401 29146
8401 1386
8401 28066
8401 2210
8401 24751
8401 24769
8401 22090
8401 37925
8401 11516
8401 40078
8401 11822
8401 1946
8401 30449
8401 48821
8401 27820
8401 37882
8401 49438
8401 17330
8401 26337
8401 7008
8401 4472
8401 884
8401 43005
8401 20246
8401 14052
8401 24213
8401 17588
8401 44944
8401 49186
8401 41553
8401 40778
8401 11909
8401 36019
8401 6943
8401 49527
8401 15561
8401 46530
8401 34456
8401 22836
8401 32091
8401 46089
8401 8071
8401 14413
8401 11022
8401 25612
8401 11379
8401 39377
8401 41968
8401 37748
8401 34346
8401 9358
8401 47598
8401 21938
8401 24443
8401 5365
8401 42854
8401 14841
8401 11834
8401 19622
8401 8051
8401 45829
8401 14219
8401 45948
8401 28522
8401 49659
8401 17761
8401 10530
8401 24867
8401 7408
8401 3758
8401 41909
8401 24149
8401 24902
8401 9044
8401 13401
8401 42262
8401 1871
8401 3257
8401 12731
8401 30120
8401 46354
8401 28627
8401 44682
8401 17982
8401 37906
8401 26530
8401 3581
8401 27311
8401 24817
8401 29132
8401 13803
8401 18731
8401 45329
8401 16677
8401 4645
8401 42877
8401 47145
8401 22673
8401 6594
8401 15171
8401 20833
8401 14927
8401 26435
8401 42429
8401 26593
8401 9375
8401 14100
8401 216
8401 47391
8401 37074
8401 46220
8401 40662
8401 21853
8401 6504
8401 6149
8401 45240
8401 25715
8401 34398
8401 5622
8401 22272
8401 42972
8401 33789
8401 39928
8401 18578
8401 38284
8401 32859
8401 48989
8401 41881
8401 15141
8401 38799
8401 18491
8401 16288
8401 31498
8401 21889
8401 2816
8401 29407
8401 18334
8401 5136
8401 3508
8401 2651
8401 22249
8401 25631
8401 45097
8401 29278
8401 49873
8401 27692
8401 13114
8401 46712
8401 38213
8401 38379
8401 35359
8401 23774
8401 2118
8401 37973
8401 37135
8401 1041
8401 26871
8401 49725
8401 44554
8401 35910
8401 43156
8401 35469
8401 7593
8401 29733
8401 11799
8401 16516
8401 18883
8401 44803
8401 33747
8401 9614
8401 27793
8401 3734
8401 44412
8401 8309
8401 18468
8401 47262
8401 33330
8401 26123
8401 3782
8401 29203
8401 27804
8401 36138
8401 17011
8401 30263
8401 4571
8401 6896
8401 4251
8401 5523
8401 13191
8401 25355
8401 36208
8401 19055
8401 18529
8401 37252
8401 12292
8401 20715
8401 33068
8401 36899
8401 47040
8401 28008
8401 45937
8401 36702
8401 25974
8401 26880
8401 16756
8401 41756
8401 1093
8401 13835
8401 27598
8401 8143
8401 10157
8401 45856
8401 7339
8401 22534
8401 26414
8401 7729
8401 39513
8401 31034
8401 1266
8401 39761
8401 25672
8401 38256
8401 43442
8401 26899
8401 44567
8401 39481
8401 30907
8401 32919
8401 34918
8401 23065
8401 23522
8401 24255
8401 14541
8401 20064
8401 31729
8401 11745
8401 48995
8401 23877
8401 20482
8401 30258
8401 15275
8401 5870
8401 37380
8401 28778
8401 1802
8401 27073
8401 19098
8401 15300
8401 41950
8401 36571
8401 9067
8401 8267
8401 44268
8401 10111
8401 21150
8401 40983
8401 39207
8401 49484
8401 36457
8401 12207
8401 27860
8401 20532
8401 8013
8401 5272
8401 44773
8401 5860
8401 8519
8401 46314
8401 9271
8401 30930
8401 18575
8401 43539
8401 45666
8401 42718
8401 40497
8401 46146
8401 25275
8401 21732
8401 35861
8401 18003
8401 17682
8401 29910
8401 25365
8401 19610
8401 4648
8401 45915
8401 24401
8401 30147
8401 43593
8401 34837
8401 33409
8401 18611
8401 5977
8401 25081
8401 9149
8401 16887
8401 17212
8401 49888
8401 31547
8401 33940
8401 30818
8401 5736
8401 37320
8401 15534
8401 44776
8401 17468
8401 19178
8401 3053
8401 39739
8401 16726
8401 19267
8401 32742
8401 41382
8401 34230
8401 44901
8401 42333
8401 15583
8401 24963
8401 34316
8401 7647
8401 20995
8401 28554
8401 23696
8401 22207
8401 10027
8401 29129
8401 44604
8401 38934
8401 12079
8401 25453
8401 38770
8401 28436
8401 46733
8401 9914
8401 43907
8401 25911
8401 47577
8401 24389
8401 4128
8401 10918
8401 919
8401 23174
8401 17397
8401 46479
8401 8678
8401 41433
8401 20395
8401 6298
8401 22470
8401 48541
8401 22337
8401 44259
8401 15516
8401 14301
8401 18734
8401 19698
8401 42675
8401 46485
8401 20691
8401 39044
8401 4626
8401 47381
8401 8589
8401 43990
8401 17123
8401 9388
8401 18443
8401 20488
8401 41416
8401 17584
8401 34855
8401 9397
8401 31416
8401 27845
8401 32289
8401 6706
8401 42330
8401 43486
8401 39353
8401 26629
8401 40261
8401 14196
8401 40532
8401 25114
8401 11777
8401 41749
8401 21596
8401 34501
8401 15392
8401 9330
8401 22096
8401 34513
8401 45512
8401 10280
8401 33730
8401 9110
8401 39293
8401 10666
8401 26824
8401 44731
8401 43608
8401 43565
8401 18901
8401 24183
8401 11325
8401 9708
8401 8393
8401 33510
8401 1698
8401 21101
8401 47519
8401 8844
8401 36796
8401 38320
8401 26650
8401 27415
8401 29392
8401 42542
8401 17763
8401 17663
8401 1624
8401 16286
8401 20614
8401 287
8401 5389
8401 37565
8401 5359
8401 37140
8401 39993
8401 38022
8401 39543
8401 42714
8401 22020
8401 6020
8401 41789
8401 6455
8401 23603
8401 49371
8401 3567
8401 48815
8401 8729
8401 35996
8401 30744
8401 37883
8401 47876
8401 28353
8401 46403
8401 31882
8401 10319
8401 25086
8401 15972
8401 6452
8401 28736
8401 22433
8401 29115
8401 43027
8401 29703
8401 27478
8401 37783
8401 5194
8401 36770
8401 46620
8401 10822
8401 37777
8401 40089
8401 6964
8401 36717
8401 27104
8401 40361
8401 21863
8401 1431
8401 949
8401 32232
8401 49827
8401 29424
8401 40098
8401 27757
8401 38439
8401 7226
8401 43483
8401 41405
8401 30044
8401 26242
8401 27795
8401 37942
8401 24404
8401 47794
8401 27
8401 16061
8401 32754
8401 44707
8401 27256
8401 15879
8401 28079
8401 23951
8401 13620
8401 46790
8401 15714
8401 23196
8401 13465
8401 6225
8401 8746
8401 13136
8401 25171
8401 12364
8401 3716
8401 7046
8401 19736
8401 46417
8401 19883
8401 30269
8401 42598
8401 49931
8401 7713
8401 41599
8401 29691
8401 29361
8401 30806
8401 22566
8401 44066
8401 49851
8401 20978
8401 18612
8401 33056
8401 20912
8401 45808
8401 45620
8401 45643
8401 277
8401 23377
8401 34891
8401 25264
8401 31542
8401 37217
8401 6851
8401 2418
8401 14307
8401 46288
8401 22456
8401 12853
8401 27506
8401 45637
8401 47822
8401 11111
8401 1189
8401 31827
8401 48271
8401 40769
8401 3311
8401 36718
8401 28985
8401 41203
8401 5598
8401 47802
8401 27516
8401 46291
8401 34449
8401 9073
8401 438
8401 14069
8401 31990
8401 31741
8401 16679
8401 21694
8401 16725
8401 5023
8401 45961
8401 15078
8401 6011
8401 40294
8401 25752
8401 10481
8401 34081
8401 41161
8401 12305
8401 16700
8401 47424
8401 9846
8401 30191
8401 30357
8401 43782
8401 20560
8401 27212
8401 27849
8401 38635
8401 12258
8401 41788
8401 1106
8401 2534
8401 41251
8401 8117
8401 3173
8401 48734
8401 6534
8401 21639
8401 21015
8401 18472
8401 30829
8401 17612
8401 45904
8401 34978
8401 37740
8401 41933
8401 19410
8401 17253
8401 26030
8401 12261
8401 16351
8401 25336
8401 39870
8401 44246
8401 29063
8401 19332
8401 9395
8401 24943
8401 48083
8401 5086
8401 19352
8401 10818
8401 26920
8401 12092
8401 36239
8401 38821
8401 49925
8401 8280
8401 11433
8401 334
8401 46980
8401 45326
8401 42888
8401 43790
8401 35126
8401 18165
8401 10502
8401 13422
8401 15750
8401 46494
8401 17782
8401 29685
8401 6101
8401 38200
8401 44552
8401 24451
8401 48234
8401 41194
8401 45985
8401 45594
8401 16076
8401 48084
8401 32056
8401 667
8401 2112
8401 36292
8401 7269
8401 48609
8401 3939
8401 30158
8401 13023
8401 2446
8401 12285
8401 49125
8401 10771
8401 35054
8401 48052
8401 11072
8401 36393
8401 1903
8401 29839
8401 46560
8401 37071
8401 1543
8401 21022
8401 35275
8401 38466
8401 30078
8401 32248
8401 21425
8401 46903
8401 41868
8401 4747
8401 17681
8401 21965
8401 41064
8401 21027
8401 29495
8401 18132
8401 30848
8401 13963
8401 34976
8401 6895
8401 12119
8401 29649
8401 398
8401 39006
8401 14655
8401 20747
8401 8828
8401 28256
8401 19963
8401 40317
8401 22472
8401 23062
8401 35766
8401 30647
8401 39618
8401 25807
8401 30081
8401 532
8401 5894
8401 43601
8401 28762
8401 47721
8401 4163
8401 17146
8401 16762
8401 16813
8401 36674
8401 24197
8401 8555
8401 9468
8401 21866
8401 36456
8401 979
8401 47829
8401 24478
8401 5852
8401 19692
8401 14509
8401 28203
8401 30189
8401 39190
8401 34764
8401 42354
8401 39507
8401 5586
8401 1529
8401 31705
8401 25241
8401 28684
8401 45768
8401 1526
8401 11402
8401 15500
8401 5123
8401 42264
8401 39619
8401 13594
8401 44293
8401 17063
8401 14572
8401 5886
8401 33933
8401 39865
8401 26718
8401 41688
8401 1238
8401 6408
8401 47921
8401 38665
8401 24829
8401 40488
8401 32721
8401 36031
8401 11985
8401 10860
8401 30366
8401 47241
8401 32210
8401 11088
8401 23278
8401 47025
8401 48311
8401 20663
8401 48970
8401 29918
8401 5616
8401 19595
8401 24450
8401 14663
8401 3434
8401 27690
8401 35072
8401 35107
8401 2472
8401 37699
8401 42216
8401 15580
8401 30219
8401 17672
8401 4206
8401 6128
8401 21122
8401 18366
8401 12759
8401 21020
8401 49475
8401 17064
8401 17000
8401 15343
8401 12588
8401 33224
8401 43868
8401 35883
8401 45151
8401 11775
8401 17741
8401 24246
8401 7171
8401 36150
8401 34130
8401 11450
8401 41192
8401 4932
8401 21253
8401 13737
8401 6877
8401 31782
8401 19726
8401 34700
8401 28997
8401 8917
8401 48344
8401 12829
8401 4250
8401 43567
8401 26626
8401 2842
8401 30630
8401 27334
8401 40348
8401 40454
8401 40151
8401 20683
8401 13351
8401 685
8401 38937
8401 18012
8401 36767
8401 26230
8401 32805
8401 23009
8401 44378
8401 20468
8401 12297
8401 3470
8401 48760
8401 784
8401 44720
8401 1458
8401 26574
8401 17831
8401 12623
8401 7589
8401 16462
8401 27225
8401 47122
8401 5812
8401 31737
8401 2238
8401 10237
8401 21910
8401 8944
8401 7301
8401 42929
8401 26425
8401 49757
8401 588
8401 22247
8401 46442
8401 19715
8401 656
8401 2635
8401 13154
8401 13145
8401 12718
8401 41852
8401 14506
8401 32438
8401 26288
8401 26974
8401 6420
8401 48587
8401 5390
8401 9133
8401 15215
8401 32184
8401 33596
8401 898
8401 48757
8401 18914
8401 25066
8401 44107
8401 46182
8401 17635
8401 38456
8401 35400
8401 35318
8401 4762
8401 41340
8401 3106
8401 20147
8401 32349
8401 12463
8401 35140
8401 37182
8401 20297
8401 36451
8401 32326
8401 28614
8401 40972
8401 18492
8401 41133
8401 5823
8401 28587
8401 315
8401 43342
8401 1571
8401 27590
8401 43725
8401 35027
8401 29764
8401 12640
8401 11976
8401 909
8401 28361
8401 47253
8401 6997
8401 36616
8401 28555
8401 6469
8401 26937
8401 31576
8401 28404
8401 19837
8401 17796
8401 10858
8401 21298
8401 15744
8401 26792
8401 345
8401 26505
8401 35985
8401 17573
8401 28708
8401 35765
8401 32386
8401 47528
8401 14940
8401 3609
8401 14313
8401 33706
8401 35953
8401 34955
8401 24520
8401 43916
8401 3322
8401 26339
8401 20444
8401 5595
8401 16217
8401 37394
8401 22954
8401 468
8401 12269
8401 10600
8401 49507
8401 18660
8401 29199
8401 49561
8401 36041
8401 36574
8401 23903
8401 12996
8401 19291
8401 2388
8401 39843
8401 25026
8401 48098
8401 14551
8401 44930
8401 46715
8401 21553
8401 42881
8401 48978
8401 25106
8401 21797
8401 12934
8401 30039
8401 20723
8401 11270
8401 47697
8401 26613
8401 6597
8401 26354
8401 30837
8401 30009
8401 22947
8401 25444
8401 37922
8401 7007
8401 27293
8401 11220
8401 35530
8401 29640
8401 43829
8401 766
8401 46721
8401 30257
8401 3155
8401 18038
8401 36604
8401 48591
8401 49185
8401 2783
8401 20418
8401 23303
8401 24871
8401 24924
8401 16403
8401 5732
8401 11939
8401 40966
8401 7004
8401 32336
8401 3616
8401 10551
8401 9301
8401 20163
8401 30610
8401 1380
8401 48608
8401 9036
8401 14478
8401 12818
8401 19922
8401 25212
8401 36
8401 1811
8401 19349
8401 45057
8401 14302
8401 41748
8401 27126
8401 33344
8401 23458
8401 44467
8401 13605
8401 23805
8401 15239
8401 31319
8401 34698
8401 43746
8401 38866
8401 2001
8401 42995
8401 14573
8401 34681
8401 44426
8401 26469
8401 26641
8401 11780
8401 23883
8401 23874
8401 18749
8401 8810
8401 25439
8401 46997
8401 30
8401 43976
8401 49128
8401 11924
8401 13829
8401 24078
8401 45087
8401 1335
8401 21325
8401 8323
8401 36199
8401 38138
8401 28080
8401 27864
8401 37719
8401 38905
8401 183
8401 21817
8401 32936
8401 15488
8401 1037
8401 1158
8401 43162
8401 40740
8401 35801
8401 8561
8401 46804
8401 25885
8401 11658
8401 49210
8401 31165
8401 1197
8401 19193
8401 24794
8401 28141
8401 32359
8401 42390
8401 33972
8401 16648
8401 23269
8401 23357
8401 40814
8401 40768
8401 24846
8401 47003
8401 38987
8401 4059
8401 41974
8401 42021
8401 24496
8401 44141
8401 34664
8401 9984
8401 48404
8401 35237
8401 18416
8401 8553
8401 43030
8401 14259
8401 44377
8401 4468
8401 699
8401 45030
8401 48205
8401 23097
8401 42258
8401 30132
8401 37501
8401 12922
8401 21591
8401 11290
8401 28598
8401 21410
8401 2849
8401 10673
8401 34596
8401 30949
8401 43435
8401 29626
8401 3121
8401 38834
8401 33498
8401 39233
8401 14033
8401 24321
8401 28529
8401 29758
8401 7992
8401 29566
8401 49868
8401 9807
8401 1117
8401 2215
8401 16235
8401 48427
8401 40854
8401 23808
8401 4016
8401 44126
8401 40853
8401 44669
8401 9599
8401 7718
8401 49823
8401 24541
8401 18479
8401 15762
8401 38211
8401 49077
8401 17481
8401 492
8401 17775
8401 27799
8401 46566
8401 38549
8401 3591
8401 44809
8401 41512
8401 41657
8401 43627
8401 4266
8401 34129
8401 26566
8401 22396
8401 18336
8401 25424
8401 18940
8401 31162
8401 30417
8401 26543
8401 43216
8401 45508
8401 43689
8401 5723
8401 29187
8401 23463
8401 36361
8401 873
8401 1612
8401 41617
8401 35433
8401 31714
8401 5500
8401 2636
8401 16336
8401 45655
8401 24075
8401 22540
8401 30414
8401 41596
8401 1224
8401 3112
8401 9659
8401 34220
8401 19249
8401 30424
8401 49093
8401 21238
8401 33808
8401 12546
8401 44577
8401 41375
8401 19637
8401 40917
8401 45872
8401 44100
8401 19405
8401 21133
8401 2125
8401 36516
8401 40718
8401 28473
8401 12707
8401 41766
8401 25923
8401 3622
8401 15102
8401 36617
8401 1772
8401 35370
8401 16103
8401 46808
8401 45002
8401 7094
8401 16408
8401 35809
8401 49195
8401 7715
8401 30301
8401 1542
8401 3541
8401 418
8401 1660
8401 6763
8401 18762
8401 34328
8401 20420
8401 28753
8401 20168
8401 29597
8401 28949
8401 47898
8401 49738
8401 5062
8401 25530
8401 30873
8401 29014
8401 27109
8401 3539
8401 42551
8401 44908
8401 10921
8401 44458
8401 42997
8401 35431
8401 9496
8401 44545
8401 12351
8401 33221
8401 43107
8401 47001
8401 46652
8401 3207
8401 42946
8401 14515
8401 11041
8401 28651
8401 16555
8401 1020
8401 27589
8401 32455
8401 32113
8401 708
8401 16208
8401 31962
8401 7974
8401 14442
8401 47091
8401 1413
8401 21923
8401 33881
8401 33793
8401 26092
8401 14303
8401 30572
8401 10190
8401 303
8401 39701
8401 25065
8401 9878
8401 23619
8401 14553
8401 30776
8401 48105
8401 33914
8401 22587
8401 19434
8401 40225
8401 39666
8401 31167
8401 5237
8401 28265
8401 28505
8401 17445
8401 33863
8401 34377
8401 6524
8401 25002
8401 40487
8401 31832
8401 3405
8401 27149
8401 2535
8401 28092
8401 32384
8401 6210
8401 1511
8401 4144
8401 44002
8401 9293
8401 28136
8401 28992
8401 4955
8401 40043
8401 35722
8401 41700
8401 48600
8401 2424
8401 45935
8401 34755
8401 7583
8401 44167
8401 35815
8401 25189
8401 42824
8401 32990
8401 25941
8401 39286
8401 44457
8401 10149
8401 44612
8401 2930
8401 30595
8401 2744
8401 9757
8401 46385
8401 4442
8401 47296
8401 26193
8401 12668
8401 10612
8401 16874
8401 34003
8401 15327
8401 14958
8401 31471
8401 32737
8401 38733
8401 45004
8401 11478
8401 40803
8401 39588
8401 3902
8401 44788
8401 26198
8401 34739
8401 17020
8401 33158
8401 15503
8401 45852
8401 26119
8401 41940
8401 22492
8401 20374
8401 33254
8401 49031
8401 26934
8401 3016
8401 33683
8401 46328
8401 15067
8401 42910
8401 38761
8401 21149
8401 42601
8401 42347
8401 22665
8401 23476
8401 41394
8401 12385
8401 9231
8401 39663
8401 191
8401 40961
8401 49271
8401 6145
8401 18881
8401 41755
8401 7503
8401 39085
8401 4574
8401 7669
8401 5573
8401 47631
8401 15816
8401 8442
8401 809
8401 30363
8401 46926
8401 6806
8401 37116
8401 32038
8401 20273
8401 39766
8401 38210
8401 39576
8401 43966
8401 38397
8401 23226
8401 2498
8401 35860
8401 14253
8401 42580
8401 36449
8401 27682
8401 30952
8401 1758
8401 17125
8401 1024
8401 21181
8401 37107
8401 11007
8401 13724
8401 18140
8401 4338
8401 27971
8401 33124
8401 38423
8401 3961
8401 40136
8401 43355
8401 33184
8401 10360
8401 14465
8401 28636
8401 12063
8401 15469
8401 12616
8401 21110
8401 42047
8401 35852
8401 10947
8401 44384
8401 12549
8401 38346
8401 40281
8401 39875
8401 12612
8401 9663
8401 47998
8401 43779
8401 36901
8401 16391
8401 43251
8401 19160
8401 40143
8401 26807
8401 44668
8401 13758
8401 19701
8401 9202
8401 40090
8401 19935
8401 34083
8401 27005
8401 38857
8401 14966
8401 3840
8401 17988
8401 6368
8401 8260
8401 28338
8401 31060
8401 5680
8401 40687
8401 38729
8401 31801
8401 558
8401 11814
8401 16819
8401 49571
8401 39973
8401 12850
8401 22358
8401 21687
8401 11747
8401 23128
8401 24299
8401 26520
8401 13058
8401 31447
8401 27159
8401 38150
8401 6427
8401 7547
8401 8939
8401 48686
8401 36860
8401 45676
8401 44863
8401 26796
8401 43135
8401 35119
8401 38433
8401 43928
8401 32899
8401 45939
8401 14139
8401 26499
8401 29384
8401 29621
8401 24907
8401 546
8401 47928
8401 38233
8401 263
8401 12650
8401 37118
8401 10900
8401 21900
8401 20372
8401 12652
8401 34080
8401 23235
8401 37125
8401 38145
8401 31039
8401 3239
8401 3969
8401 1160
8401 30283
8401 24732
8401 12698
8401 27319
8401 16597
8401 47614
8401 12833
8401 34626
8401 1102
8401 35643
8401 23663
8401 39182
8401 33785
8401 17077
8401 49032
8401 282
8401 34722
8401 502
8401 6296
8401 24987
8401 35382
8401 122
8401 25510
8401 3661
8401 4973
8401 35205
8401 20937
8401 32903
8401 16186
8401 32229
8401 28179
8401 507
8401 4490
8401 41055
8401 4575
8401 39793
8401 28520
8401 46155
8401 42576
8401 29996
8401 2519
8401 31508
8401 10344
8401 9928
8401 4529
8401 35764
8401 41180
8401 8675
8401 25951
8401 14932
8401 42102
8401 35478
8401 44147
8401 19251
8401 726
8401 49387
8401 14733
8401 39100
8401 41680
8401 2038
8401 2206
8401 16445
8401 32429
8401 30350
8401 12135
8401 6276
8401 1161
8401 46682
8401 25950
8401 45792
8401 46505
8401 15018
8401 36507
8401 36977
8401 4203
8401 20597
8401 24872
8401 35249
8401 48877
8401 38926
8401 38781
8401 30131
8401 33628
8401 42036
8401 31404
8401 4794
8401 7872
8401 49777
8401 17867
8401 48765
8401 49009
8401 9186
8401 6968
8401 28582
8401 14001
8401 26416
8401 12573
8401 37646
8401 21929
8401 42182
8401 45861
8401 17364
8401 14642
8401 44808
8401 26182
8401 15169
8401 29646
8401 20500
8401 20627
8401 32932
8401 33010
8401 42173
8401 28973
8401 14568
8401 6961
8401 2269
8401 15414
8401 32691
8401 23943
8401 7636
8401 19229
8401 6537
8401 45159
8401 20515
8401 808
8401 45556
8401 25192
8401 13603
8401 43844
8401 25703
8401 31641
8401 10909
8401 44939
8401 42966
8401 7003
8401 47923
8401 46073
8401 49599
8401 7640
8401 43123
8401 3060
8401 14062
8401 14102
8401 33986
8401 13460
8401 18958
8401 20737
8401 7200
8401 8786
8401 16521
8401 4065
8401 26904
8401 15006
8401 41929
8401 31720
8401 31363
8401 12037
8401 4483
8401 44744
8401 35176
8401 20628
8401 12866
8401 33908
8401 2675
8401 13162
8401 7716
8401 47079
8401 44456
8401 36833
8401 28835
8401 30467
8401 23245
8401 46184
8401 332
8401 25005
8401 11625
8401 27898
8401 9770
8401 28889
8401 1627
8401 35589
8401 36088
8401 15193
8401 13778
8401 27512
8401 26042
8401 7026
8401 28791
8401 42973
8401 28166
8401 11265
8401 19953
8401 12679
8401 41420
8401 27078
8401 33684
8401 25723
8401 17341
8401 23445
8401 22547
8401 49609
8401 26582
8401 15925
8401 17564
8401 42123
8401 1401
8401 20615
8401 1687
8401 22359
8401 24455
8401 16118
8401 36551
8401 46219
8401 49365
8401 3007
8401 37551
8401 3206
8401 47954
8401 46011
8401 41574
8401 22661
8401 31572
8401 15314
8401 25801
8401 49040
8401 32008
8401 47137
8401 37333
8401 32376
8401 9113
8401 22791
8401 40054
8401 32937
8401 4465
8401 41004
8401 19959
8401 27637
8401 34887
8401 31638
8401 14111
8401 5011
8401 29780
8401 8984
8401 47947
8401 7604
8401 13723
8401 3704
8401 42394
8401 7651
8401 49963
8401 43512
8401 2864
8401 47197
8401 31287
8401 25324
8401 38119
8401 1239
8401 38901
8401 40875
8401 44984
8401 30553
8401 48051
8401 41246
8401 25448
8401 7509
8401 4204
8401 9327
8401 21287
8401 31355
8401 40144
8401 40473
8401 44740
8401 39457
8401 22342
8401 42845
8401 47849
8401 36808
8401 7257
8401 35357
8401 18671
8401 21720
8401 6398
8401 3348
8401 26165
8401 23643
8401 40162
8401 10033
8401 35133
8401 49911
8401 35747
8401 35712
8401 34893
8401 34906
8401 45435
8401 26570
8401 11157
8401 1076
8401 31501
8401 44860
8401 19687
8401 28031
8401 36921
8401 16278
8401 35678
8401 10335
8401 35701
8401 43653
8401 40101
8401 10559
8401 6257
8401 15485
8401 15288
8401 43298
8401 14261
8401 27621
8401 48324
8401 3549
8401 37520
8401 36408
8401 16380
8401 18606
8401 17861
8401 17785
8401 13262
8401 44235
8401 36424
8401 29283
8401 15901
8401 48474
8401 31945
8401 11196
8401 32711
8401 19046
8401 34343
8401 16898
8401 22918
8401 17523
8401 20111
8401 23152
8401 38048
8401 20685
8401 39410
8401 17065
8401 6497
8401 3738
8401 27952
8401 1984
8401 27065
8401 34818
8401 45967
8401 49443
8401 25764
8401 26727
8401 41293
8401 49074
8401 5872
8401 28371
8401 11424
8401 37343
8401 23785
8401 46801
8401 4663
8401 782
8401 27227
8401 16635
8401 30768
8401 27019
8401 29093
8401 31421
8401 33321
8401 11990
8401 49874
8401 19663
8401 22779
8401 4177
8401 42428
8401 43269
8401 17701
8401 18013
8401 29746
8401 1087
8401 19755
8401 26752
8401 34702
8401 43256
8401 29389
8401 3841
8401 39089
8401 6233
8401 7235
8401 35653
8401 22246
8401 16738
8401 49875
8401 555
8401 37564
8401 8475
8401 34842
8401 24394
8401 7087
8401 10899
8401 13352
8401 1796
8401 21543
8401 19688
8401 45903
8401 8164
8401 10853
8401 5033
8401 23972
8401 23039
8401 31984
8401 6591
8401 28863
8401 3447
8401 21412
8401 25844
8401 11077
8401 27258
8401 15784
8401 45568
8401 20544
8401 49406
8401 6716
8401 24264
8401 43444
8401 6213
8401 28679
8401 2536
8401 22021
8401 23468
8401 6581
8401 38125
8401 25416
8401 3327
8401 39817
8401 21552
8401 29406
8401 43260
8401 4770
8401 36172
8401 2508
8401 4303
8401 41196
8401 14847
8401 35134
8401 13776
8401 7333
8401 9188
8401 16009
8401 30772
8401 16641
8401 8219
8401 26027
8401 22371
8401 36510
8401 30423
8401 39230
8401 42350
8401 12291
8401 14709
8401 34222
8401 39162
8401 44496
8401 22913
8401 28291
8401 5219
8401 12156
8401 39015
8401 9977
8401 25308
8401 24979
8401 10839
8401 2012
8401 5108
8401 2218
8401 21449
8401 49660
8401 22023
8401 47655
8401 6987
8401 18452
8401 11555
8401 5722
8401 29137
8401 2146
8401 29709
8401 7165
8401 40032
8401 30985
8401 28592
8401 3711
8401 49637
8401 9858
8401 19378
8401 15324
8401 6631
8401 33052
8401 16017
8401 37559
8401 48528
8401 21369
8401 42958
8401 471
8401 44550
8401 19327
8401 41824
8401 16040
8401 8353
8401 33110
8401 6824
8401 4391
8401 46906
8401 49002
8401 33422
8401 27764
8401 38296
8401 10352
8401 46248
8401 7239
8401 40994
8401 18709
8401 39401
8401 40518
8401 7711
8401 40826
8401 41276
8401 48504
8401 31343
8401 40670
8401 13400
8401 29258
8401 37739
8401 2592
8401 1200
8401 19597
8401 19057
8401 28035
8401 28797
8401 16923
8401 7741
8401 24134
8401 32627
8401 10196
8401 2470
8401 6286
8401 44834
8401 2010
8401 11347
8401 42521
8401 42235
8401 12453
8401 21560
8401 27182
8401 3237
8401 17379
8401 23322
8401 46236
8401 6153
8401 10974
8401 40461
8401 6067
8401 38154
8401 8057
8401 14656
8401 6277
8401 13801
8401 8481
8401 33059
8401 17247
8401 45180
8401 24585
8401 40674
8401 20421
8401 20972
8401 41665
8401 17189
8401 7927
8401 32343
8401 42693
8401 46471
8401 12205
8401 30589
8401 20407
8401 1707
8401 3326
8401 3838
8401 21434
8401 34987
8401 13669
8401 25643
8401 37434
8401 46323
8401 41631
8401 35902
8401 21002
8401 35746
8401 31155
8401 30337
8401 27955
8401 34268
8401 38607
8401 18232
8401 20025
8401 19109
8401 36864
8401 46943
8401 36703
8401 37170
8401 10782
8401 32941
8401 28293
8401 29273
8401 28028
8401 6709
8401 34161
8401 12394
8401 38290
8401 42730
8401 30797
8401 36959
8401 39654
8401 38864
8401 2020
8401 9792
8401 12839
8401 1646
8401 2378
8401 23001
8401 9673
8401 12681
8401 4043
8401 23252
8401 20030
8401 46225
8401 10404
8401 29914
8401 11609
8401 7695
8401 33263
8401 28097
8401 38513
8401 32219
8401 33460
8401 30691
8401 48930
8401 13340
8401 40937
8401 30113
8401 2634
8401 22079
8401 23929
8401 38001
8401 40424
8401 9827
8401 6911
8401 10965
8401 609
8401 17655
8401 36076
8401 26756
8401 26746
8401 16412
8401 26656
8401 14503
8401 1141
8401 11751
8401 9782
8401 34066
8401 18191
8401 7821
8401 30442
8401 44895
8401 42470
8401 33848
8401 221
8401 28044
8401 2163
8401 35813
8401 47520
8401 4188
8401 25628
8401 21849
8401 10223
8401 15246
8401 36185
8401 12542
8401 24780
8401 35109
8401 544
8401 5648
8401 24733
8401 18718
8401 15427
8401 23510
8401 33971
8401 11438
8401 45554
8401 34017
8401 20773
8401 38693
8401 37382
8401 48800
8401 28258
8401 45875
8401 4061
8401 37161
8401 46651
8401 14937
8401 10418
8401 39949
8401 28583
8401 16471
8401 7930
8401 31377
8401 6323
8401 32161
8401 39278
8401 36373
8401 49886
8401 27356
8401 26929
8401 17049
8401 32965
8401 29432
8401 14852
8401 36509
8401 36908
8401 31710
8401 20841
8401 23539
8401 48963
8401 125
8401 36816
8401 14674
8401 284
8401 37533
8401 3884
8401 1210
8401 7173
8401 27039
8401 25375
8401 34846
8401 17424
8401 25965
8401 441
8401 33161
8401 43138
8401 37228
8401 9964
8401 34098
8401 26770
8401 6079
8401 29699
8401 8491
8401 25495
8401 22867
8401 16329
8401 30789
8401 25907
8401 3898
8401 27031
8401 3964
8401 6029
8401 2982
8401 5050
8401 27978
8401 37165
8401 2443
8401 10387
8401 23350
8401 9479
8401 15887
8401 47792
8401 17708
8401 9952
8401 48460
8401 21381
8401 6531
8401 37085
8401 46224
8401 12366
8401 11259
8401 40942
8401 43319
8401 42487
8401 48730
8401 953
8401 49255
8401 6255
8401 28325
8401 1831
8401 23064
8401 43277
8401 40652
8401 28113
8401 17369
8401 6687
8401 9994
8401 926
8401 6081
8401 45925
8401 47704
8401 34007
8401 28851
8401 34133
8401 45734
8401 999
8401 22935
8401 22223
8401 11704
8401 9453
8401 19706
8401 32649
8401 29790
8401 41523
8401 1207
8401 27228
8401 15226
8401 10891
8401 32854
8401 7322
8401 39123
8401 38429
8401 37290
8401 38870
8401 13146
8401 28398
8401 38500
8401 40774
8401 22902
8401 11608
8401 34386
8401 4171
8401 36997
8401 6704
8401 15614
8401 6
8401 29026
8401 28919
8401 30162
8401 28754
8401 12714
8401 26636
8401 5737
8401 10874
8401 676
8401 19149
8401 48278
8401 41957
8401 27167
8401 39388
8401 41388
8401 35936
8401 23102
8401 25504
8401 29223
8401 3994
8401 10173
8401 22330
8401 27497
8401 17051
8401 30234
8401 4683
8401 10935
8401 2696
8401 40615
8401 21475
8401 10800
8401 45341
8401 49547
8401 14155
8401 17860
8401 25413
8401 26197
8401 47498
8401 49955
8401 5106
8401 25178
8401 6487
8401 39827
8401 35972
8401 3653
8401 45862
8401 7464
8401 4892
8401 41281
8401 5778
8401 1495
8401 22182
8401 21883
8401 43385
8401 21570
8401 11850
8401 25456
8401 43658
8401 8892
8401 34686
8401 32584
8401 18493
8401 21472
8401 11798
8401 6175
8401 5213
8401 4962
8401 42005
8401 42423
8401 31583
8401 42545
8401 46398
8401 28816
8401 42257
8401 20718
8401 21969
8401 39794
8401 27098
8401 25766
8401 5590
8401 25728
8401 8318
8401 16045
8401 24579
8401 10912
8401 13291
8401 22816
8401 13569
8401 4459
8401 9366
8401 32083
8401 3105
8401 39767
8401 39669
8401 48086
8401 24097
8401 21864
8401 37151
8401 27931
8401 13255
8401 11949
8401 17200
8401 29876
8401 3423
8401 17278
8401 21752
8401 32070
8401 38967
8401 15593
8401 2682
8401 12180
8401 32848
8401 15498
8401 19511
8401 39898
8401 44414
8401 48045
8401 13102
8401 12262
8401 46886
8401 4070
8401 40205
8401 31130
8401 24151
8401 26225
8401 24698
8401 35837
8401 14133
8401 14272
8401 35106
8401 35961
8401 3125
8401 21871
8401 49926
8401 28498
8401 6084
8401 1212
8401 31897
8401 25247
8401 39172
8401 32988
8401 1782
8401 15891
8401 40832
8401 39878
8401 14701
8401 7240
8401 1394
8401 22721
8401 7637
8401 10275
8401 4722
8401 30996
8401 26085
8401 28101
8401 17911
8401 20824
8401 30351
8401 45166
8401 15282
8401 14963
8401 3603
8401 41244
8401 21111
8401 29884
8401 9636
8401 37490
8401 8769
8401 44144
8401 15802
8401 47265
8401 33880
8401 17733
8401 37235
8401 1602
8401 3571
8401 29877
8401 44342
8401 22964
8401 34635
8401 13521
8401 38537
8401 34584
8401 15000
8401 15663
8401 47284
8401 35414
8401 36331
8401 129
8401 9776
8401 35049
8401 28625
8401 3353
8401 13915
8401 30445
8401 25719
8401 9086
8401 22746
8401 25484
8401 45208
8401 36347
8401 5662
8401 18844
8401 29360
8401 47189
8401 5984
8401 23290
8401 32463
8401 18510
8401 12920
8401 13334
8401 1346
8401 31942
8401 25476
8401 7467
8401 43015
8401 37445
8401 13743
8401 18325
8401 32501
8401 47810
8401 9011
8401 45769
8401 42237
8401 31841
8401 12024
8401 37817
8401 42077
8401 10382
8401 5275
8401 40627
8401 48177
8401 43792
8401 33700
8401 44118
8401 12145
8401 33308
8401 29541
8401 5667
8401 11898
8401 8179
8401 42104
8401 48640
8401 27887
8401 2970
8401 18833
8401 26217
8401 1622
8401 904
8401 22870
8401 34683
8401 34574
8401 30780
8401 22198
8401 924
8401 25239
8401 42573
8401 18023
8401 35506
8401 41820
8401 27238
8401 24611
8401 45072
8401 16424
8401 24273
8401 3645
8401 3484
8401 42269
8401 5913
8401 24843
8401 47926
8401 48911
8401 15416
8401 15653
8401 37463
8401 43884
8401 19784
8401 41827
8401 48835
8401 48621
8401 22597
8401 26885
8401 25689
8401 6984
8401 23369
8401 40885
8401 19196
8401 40074
8401 33554
8401 29842
8401 24985
8401 27156
8401 8100
8401 29629
8401 23595
8401 42855
8401 23068
8401 37923
8401 35339
8401 1987
8401 6104
8401 13187
8401 43843
8401 14842
8401 32625
8401 31200
8401 59
8401 26311
8401 22425
8401 40448
8401 47772
8401 19230
8401 24741
8401 40320
8401 1596
8401 33868
8401 7781
8401 39469
8401 20746
8401 7167
8401 14566
8401 34012
8401 33230
8401 6419
8401 13959
8401 9130
8401 46150
8401 12326
8401 13739
8401 12399
8401 5827
8401 41149
8401 7917
8401 1908
8401 21327
8401 20592
8401 41306
8401 47764
8401 33378
8401 1337
8401 49072
8401 14529
8401 20337
8401 18942
8401 12485
8401 46807
8401 26946
8401 47255
8401 23116
8401 30076
8401 32118
8401 20267
8401 46214
8401 3054
8401 45597
8401 3096
8401 16852
8401 22301
8401 31098
8401 10210
8401 39855
8401 44795
8401 25639
8401 19323
8401 35039
8401 6292
8401 30643
8401 40890
8401 12918
8401 11394
8401 20908
8401 20469
8401 40905
8401 41823
8401 10619
8401 413
8401 27453
8401 25397
8401 37215
8401 10294
8401 23551
8401 45940
8401 38476
8401 10650
8401 20504
8401 10552
8401 32150
8401 24301
8401 350
8401 25737
8401 18040
8401 817
8401 46187
8401 26034
8401 30802
8401 14249
8401 10292
8401 28870
8401 20089
8401 19584
8401 6394
8401 22412
8401 731
8401 45294
8401 19802
8401 44708
8401 28665
8401 46799
8401 17447
8401 40242
8401 5672
8401 4951
8401 310
8401 16884
8401 18629
8401 18932
8401 9323
8401 20722
8401 4584
8401 48230
8401 47991
8401 41720
8401 16068
8401 29535
8401 6741
8401 20520
8401 23076
8401 49669
8401 39850
8401 36025
8401 14554
8401 48827
8401 9750
8401 9361
8401 38360
8401 24479
8401 31548
8401 2787
8401 44654
8401 20672
8401 37498
8401 34049
8401 44675
8401 2256
8401 32278
8401 24891
8401 3999
8401 17134
8401 1376
8401 19956
8401 44536
8401 9364
8401 47043
8401 47725
8401 2271
8401 20465
8401 4202
8401 31118
8401 12889
8401 39776
8401 48998
8401 18656
8401 2134
8401 23762
8401 38563
8401 49848
8401 44391
8401 46470
8401 28486
8401 5524
8401 40620
8401 39637
8401 10284
8401 24488
8401 6006
8401 44634
8401 44277
8401 41777
8401 38364
8401 39240
8401 19225
8401 22835
8401 47731
8401 21170
8401 31201
8401 23406
8401 45388
8401 22241
8401 37190
8401 15577
8401 4673
8401 39891
8401 11550
8401 10032
8401 8404
8401 45324
8401 15465
8401 5676
8401 40314
8401 42862
8401 30225
8401 29016
8401 24484
8401 43929
8401 2558
8401 46619
8401 6000
8401 27417
8401 25535
8401 40976
8401 47600
8401 42643
8401 44133
8401 18526
8401 25552
8401 7731
8401 49435
8401 17832
8401 15008
8401 7372
8401 49605
8401 25769
8401 47412
8401 33303
8401 19270
8401 20059
8401 47683
8401 38873
8401 15719
8401 16199
8401 40335
8401 38322
8401 11198
8401 38494
8401 18639
8401 10376
8401 5871
8401 27001
8401 19439
8401 20906
8401 19660
8401 33936
8401 37599
8401 12417
8401 29789
8401 47337
8401 7653
8401 12907
8401 35700
8401 5960
8401 35999
8401 19461
8401 37430
8401 3214
8401 28287
8401 6905
8401 37388
8401 42093
8401 43807
8401 48902
8401 27915
8401 35112
8401 47746
8401 31845
8401 46811
8401 19356
8401 32617
8401 19043
8401 20834
8401 14973
8401 7276
8401 17671
8401 23506
8401 7568
8401 16071
8401 3492
8401 5581
8401 40573
8401 9513
8401 48916
8401 5401
8401 44823
8401 33652
8401 48923
8401 17085
8401 15553
8401 22156
8401 47026
8401 30400
8401 35265
8401 46792
8401 32708
8401 30964
8401 32440
8401 5628
8401 22495
8401 25251
8401 1741
8401 6598
8401 33616
8401 12649
8401 8833
8401 17886
8401 31581
8401 36968
8401 8617
8401 33482
8401 25469
8401 20661
8401 24342
8401 16870
8401 13613
8401 21772
8401 11809
8401 37686
8401 17151
8401 9328
8401 41482
8401 21167
8401 47824
8401 30673
8401 19615
8401 4320
8401 5613
8401 27070
8401 12150
8401 7549
8401 28789
8401 10244
8401 15428
8401 22466
8401 48855
8401 749
8401 45088
8401 24317
8401 49552
8401 32873
8401 13239
8401 35644
8401 12108
8401 8003
8401 17707
8401 38829
8401 41525
8401 30049
8401 47163
8401 44972
8401 23459
8401 1513
8401 47607
8401 28546
8401 23751
8401 655
8401 15978
8401 23317
8401 49105
8401 12005
8401 32436
8401 13060
8401 12948
8401 11104
8401 13048
8401 41058
8401 11050
8401 29820
8401 7918
8401 46930
8401 6503
8401 4461
8401 24688
8401 9781
8401 48077
8401 18214
8401 23701
8401 22951
8401 18421
8401 16761
8401 17244
8401 49073
8401 29652
8401 42273
8401 43978
8401 48906
8401 10084
8401 6379
8401 13702
8401 2709
8401 17257
8401 43702
8401 32515
8401 12377
8401 581
8401 25854
8401 372
8401 21439
8401 35302
8401 19435
8401 64
8401 43164
8401 47828
8401 3133
8401 39341
8401 15842
8401 17240
8401 37910
8401 9597
8401 49956
8401 45806
8401 35835
8401 44873
8401 36713
8401 10455
8401 45158
8401 29440
8401 5017
8401 22232
8401 24030
8401 32923
8401 21664
8401 10315
8401 1570
8401 34715
8401 36017
8401 6833
8401 28852
8401 27503
8401 34720
8401 38095
8401 18175
8401 22257
8401 30831
8401 20452
8401 21712
8401 14981
8401 44861
8401 45003
8401 38741
8401 24433
8401 3114
8401 49363
8401 28177
8401 15105
8401 35654
8401 16273
8401 15152
8401 5536
8401 2662
8401 4801
8401 32364
8401 40153
8401 9747
8401 25949
8401 771
8401 41694
8401 24310
8401 6196
8401 18716
8401 19458
8401 4142
8401 24913
8401 38971
8401 8185
8401 16318
8401 3216
8401 26538
8401 5821
8401 11897
8401 4031
8401 8607
8401 36170
8401 15686
8401 34708
8401 18077
8401 18037
8401 17668
8401 26078
8401 6351
8401 12236
8401 2706
8401 21637
8401 32843
8401 18006
8401 38371
8401 13186
8401 3144
8401 4127
8401 36647
8401 23265
8401 24759
8401 37743
8401 14988
8401 18257
8401 42621
8401 33927
8401 16636
8401 32539
8401 16566
8401 13402
8401 12239
8401 38550
8401 42529
8401 48387
8401 1537
8401 25537
8401 25541
8401 38762
8401 27788
8401 42924
8401 31816
8401 14184
8401 7972
8401 18683
8401 30869
8401 39780
8401 40909
8401 26376
8401 48993
8401 7757
8401 20379
8401 47726
8401 13274
8401 28434
8401 15352
8401 47465
8401 25729
8401 8628
8401 38118
8401 832
8401 23895
8401 27284
8401 6417
8401 32958
8401 8402
8401 16838
8401 700
8401 7204
8401 4130
8401 48279
8401 16752
8401 5560
8401 29893
8401 13730
8401 41843
8401 49405
8401 32251
8401 16062
8401 34062
8401 49010
8401 46707
8401 21815
8401 33518
8401 24931
8401 35191
8401 47095
8401 46622
8401 39945
8401 9638
8401 29570
8401 39215
8401 20533
8401 1769
8401 44757
8401 44324
8401 38201
8401 6184
8401 43765
8401 41315
8401 19529
8401 23157
8401 28847
8401 40515
8401 6176
8401 48320
8401 8498
8401 12247
8401 21814
8401 36089
8401 13710
8401 44188
8401 20134
8401 39661
8401 9239
8401 347
8401 38888
8401 18123
8401 22033
8401 48074
8401 35785
8401 8441
8401 26894
8401 33107
8401 5836
8401 13165
8401 21857
8401 24709
8401 45516
8401 42507
8401 28415
8401 16387
8401 28723
8401 41129
8401 9978
8401 39724
8401 24091
8401 23734
8401 45576
8401 35823
8401 15702
8401 39872
8401 49596
8401 5347
8401 20769
8401 17919
8401 11941
8401 26070
8401 27438
8401 49196
8401 21244
8401 17158
8401 10137
8401 44288
8401 49673
8401 37955
8401 3235
8401 2285
8401 7368
8401 39180
8401 11199
8401 1749
8401 18824
8401 24364
8401 26294
8401 39566
8401 42226
8401 9565
8401 24800
8401 13535
8401 12363
8401 12228
8401 1717
8401 44436
8401 24625
8401 13495
8401 18000
8401 42455
8401 18110
8401 44073
8401 10036
8401 10655
8401 11726
8401 44373
8401 44555
8401 49182
8401 41454
8401 45
8401 2226
8401 5513
8401 13520
8401 22351
8401 48914
8401 6342
8401 24111
8401 37618
8401 47256
8401 4686
8401 1947
8401 18781
8401 7058
8401 34642
8401 20479
8401 43509
8401 1273
8401 40471
8401 35386
8401 5251
8401 49917
8401 26160
8401 11019
8401 39629
8401 18428
8401 5019
8401 21299
8401 30937
8401 31413
8401 16830
8401 47456
8401 11480
8401 44725
8401 39011
8401 32485
8401 31761
8401 31486
8401 29908
8401 13894
8401 48738
8401 19496
8401 31169
8401 48262
8401 49153
8401 38734
8401 44760
8401 14296
8401 46337
8401 11670
8401 22259
8401 10096
8401 14433
8401 11904
8401 23933
8401 37244
8401 24623
8401 45135
8401 32354
8401 34802
8401 6719
8401 37750
8401 47239
8401 44394
8401 40385
8401 24636
8401 19878
8401 38713
8401 22063
8401 5933
8401 40872
8401 36866
8401 44780
8401 12380
8401 733
8401 26823
8401 44084
8401 40283
8401 30922
8401 35899
8401 9689
8401 21107
8401 32385
8401 37366
8401 11388
8401 16269
8401 44202
8401 48168
8401 26931
8401 5899
8401 38156
8401 3126
8401 30052
8401 18654
8401 21545
8401 25930
8401 9535
8401 26199
8401 15884
8401 31496
8401 19781
8401 42891
8401 22530
8401 14143
8401 25157
8401 7584
8401 14159
8401 48542
8401 12327
8401 22936
8401 43534
8401 27861
8401 8462
8401 10416
8401 46301
8401 26952
8401 17927
8401 45217
8401 29777
8401 19343
8401 9192
8401 10854
8401 36420
8401 4956
8401 15054
8401 7708
8401 25651
8401 43935
8401 71
8401 36072
8401 43504
8401 6629
8401 39378
8401 30459
8401 20378
8401 29207
8401 32506
8401 2804
8401 48980
8401 34442
8401 29030
8401 9108
8401 3140
8401 21574
8401 32418
8401 1575
8401 14899
8401 47823
8401 931
8401 19702
8401 20857
8401 36003
8401 36480
8401 30649
8401 19554
8401 41894
8401 17754
8401 46310
8401 44615
8401 11724
8401 19910
8401 24492
8401 45000
8401 1444
8401 15622
8401 6674
8401 6991
8401 47135
8401 5716
8401 16589
8401 37282
8401 5975
8401 6140
8401 1548
8401 24185
8401 27830
8401 39719
8401 47556
8401 48973
8401 15449
8401 21809
8401 18986
8401 19762
8401 6026
8401 44816
8401 20312
8401 39720
8401 35310
8401 24919
8401 43491
8401 44515
8401 43283
8401 24591
8401 31281
8401 32329
8401 45200
8401 8034
8401 18434
8401 49437
8401 17813
8401 10442
8401 46905
8401 35066
8401 37545
8401 12527
8401 35086
8401 11476
8401 2451
8401 11181
8401 47140
8401 41973
8401 38973
8401 46663
8401 14489
8401 20596
8401 2900
8401 1409
8401 33585
8401 27059
8401 4880
8401 25436
8401 4815
8401 9176
8401 29131
8401 17820
8401 38187
8401 10052
8401 2806
8401 42403
8401 9539
8401 23341
8401 25539
8401 23980
8401 10463
8401 31415
8401 6810
8401 18230
8401 31227
8401 42360
8401 44343
8401 886
8401 26825
8401 18363
8401 20971
8401 14128
8401 25773
8401 20144
8401 13468
8401 37826
8401 43112
8401 46583
8401 6579
8401 45749
8401 7702
8401 43239
8401 24300
8401 12659
8401 10212
8401 9291
8401 3291
8401 43631
8401 6698
8401 290
8401 40478
8401 19295
8401 36928
8401 34503
8401 21952
8401 26261
8401 3
8401 31257
8401 18066
8401 49510
8401 33413
8401 16082
8401 3499
8401 13570
8401 19925
8401 40413
8401 44504
8401 5932
8401 2341
8401 31804
8401 33437
8401 12923
8401 14440
8401 23257
8401 42374
8401 24588
8401 26669
8401 3410
8401 15039
8401 5336
8401 34733
8401 30246
8401 16042
8401 23566
8401 20871
8401 22452
8401 31628
8401 45506
8401 4765
8401 18793
8401 48919
8401 37604
8401 28927
8401 14633
8401 8303
8401 7145
8401 36560
8401 44169
8401 37465
8401 28770
8401 17115
8401 13714
8401 25922
8401 17951
8401 41184
8401 35886
8401 20572
8401 39395
8401 34218
8401 3767
8401 5253
8401 35728
8401 4137
8401 5423
8401 26521
8401 47585
8401 29911
8401 27135
8401 9734
8401 32172
8401 11129
8401 27638
8401 45557
8401 21336
8401 38065
8401 12370
8401 33954
8401 1567
8401 24235
8401 42379
8401 24940
8401 48447
8401 1839
8401 26122
8401 37555
8401 4317
8401 5909
8401 13261
8401 10405
8401 17325
8401 26793
8401 41546
8401 13591
8401 41426
8401 37133
8401 31503
8401 18753
8401 44178
8401 15651
8401 24475
8401 28675
8401 38760
8401 45366
8401 13607
8401 1361
8401 30574
8401 12275
8401 30826
8401 19798
8401 45306
8401 49773
8401 13987
8401 8902
8401 49020
8401 28220
8401 4375
8401 2184
8401 47045
8401 47953
8401 42162
8401 7558
8401 22031
8401 23095
8401 37425
8401 29610
8401 42052
8401 19729
8401 17921
8401 14179
8401 11892
8401 17581
8401 35753
8401 14525
8401 42571
8401 36904
8401 27033
8401 42985
8401 27562
8401 15202
8401 14584
8401 8000
8401 23230
8401 12493
8401 31463
8401 23937
8401 21346
8401 13678
8401 38884
8401 18489
8401 6283
8401 34641
8401 44663
8401 12999
8401 1580
8401 33487
8401 18599
8401 39647
8401 22493
8401 5348
8401 32801
8401 20610
8401 17277
8401 48841
8401 6474
8401 6693
8401 1142
8401 18092
8401 10464
8401 20202
8401 7975
8401 20735
8401 27546
8401 3777
8401 44815
8401 7812
8401 45804
8401 11911
8401 8066
8401 39425
8401 20177
8401 1912
8401 13845
8401 10807
8401 4838
8401 29464
8401 25826
8401 26749
8401 13005
8401 48267
8401 25747
8401 42853
8401 39664
8401 37312
8401 34684
8401 32047
8401 31279
8401 6887
8401 42254
8401 39053
8401 42002
8401 28392
8401 22504
8401 29967
8401 30161
8401 15329
8401 22439
8401 12877
8401 39877
8401 21518
8401 33111
8401 36478
8401 48544
8401 26926
8401 41579
8401 16910
8401 49927
8401 10901
8401 7938
8401 14745
8401 195
8401 17442
8401 37316
8401 29856
8401 29951
8401 32399
8401 2718
8401 38545
8401 45173
8401 32920
8401 2588
8401 27278
8401 12596
8401 36572
8401 10342
8401 47685
8401 43980
8401 29831
8401 26185
8401 34135
8401 24462
8401 42788
8401 15028
8401 44354
8401 13809
8401 33691
8401 18899
8401 48124
8401 20001
8401 40621
8401 39363
8401 46979
8401 40925
8401 40332
8401 9711
8401 29469
8401 28190
8401 1388
8401 8297
8401 24696
8401 43824
8401 45763
8401 18015
8401 3356
8401 10270
8401 6353
8401 48316
8401 28888
8401 463
8401 42105
8401 32218
8401 40657
8401 24073
8401 40764
8401 28138
8401 38654
8401 44448
8401 46876
8401 25160
8401 4110
8401 36129
8401 42611
8401 18454
8401 33424
8401 21828
8401 37624
8401 30991
8401 19834
8401 20623
8401 10756
8401 34360
8401 21397
8401 45588
8401 34171
8401 20523
8401 4543
8401 33327
8401 48059
8401 13610
8401 42217
8401 16041
8401 13571
8401 31776
8401 5057
8401 12167
8401 28755
8401 5021
8401 2096
8401 27465
8401 40472
8401 15106
8401 24437
8401 28156
8401 46942
8401 7968
8401 47124
8401 43879
8401 46887
8401 43904
8401 41847
8401 28659
8401 45077
8401 24173
8401 666
8401 1248
8401 48438
8401 38158
8401 27575
8401 11706
8401 17983
8401 17712
8401 2999
8401 28410
8401 15815
8401 28479
8401 12310
8401 32659
8401 34401
8401 18761
8401 877
8401 32123
8401 23215
8401 10351
8401 12776
8401 32230
8401 40013
8401 35911
8401 40196
8401 49216
8401 29270
8401 41204
8401 10991
8401 19919
8401 16653
8401 47431
8401 28534
8401 5020
8401 45817
8401 8368
8401 41561
8401 3430
8401 30969
8401 49820
8401 36415
8401 32644
8401 4336
8401 14522
8401 19730
8401 21330
8401 12074
8401 29975
8401 10170
8401 7738
8401 6188
8401 21
8401 2728
8401 40723
8401 18089
8401 19955
8401 23402
8401 20112
8401 39446
8401 14101
8401 34038
8401 5288
8401 5670
8401 23880
8401 38776
8401 39193
8401 43316
8401 45471
8401 17827
8401 40788
8401 24146
8401 20705
8401 43394
8401 28275
8401 1763
8401 9691
8401 23977
8401 34056
8401 5942
8401 38113
8401 5354
8401 42288
8401 40510
8401 32769
8401 4723
8401 17872
8401 11558
8401 41801
8401 38367
8401 3652
8401 8759
8401 37567
8401 45286
8401 19530
8401 2764
8401 5007
8401 12518
8401 42829
8401 4244
8401 40736
8401 44719
8401 35804
8401 11286
8401 47720
8401 25350
8401 34650
8401 31704
8401 19035
8401 23786
8401 16664
8401 11760
8401 42153
8401 42689
8401 21513
8401 15186
8401 9306
8401 38043
8401 16770
8401 48713
8401 44059
8401 40146
8401 35858
8401 23683
8401 42863
8401 34903
8401 21404
8401 32369
8401 28523
8401 30910
8401 10745
8401 32573
8401 9681
8401 9121
8401 21136
8401 38695
8401 21824
8401 44518
8401 25841
8401 24502
8401 12496
8401 36545
8401 8845
8401 35611
8401 5706
8401 25995
8401 35406
8401 7855
8401 18719
8401 43387
8401 37100
8401 4884
8401 18145
8401 29620
8401 31320
8401 30997
8401 22949
8401 4557
8401 3639
8401 49381
8401 32043
8401 37571
8401 43082
8401 44386
8401 46049
8401 27959
8401 38819
8401 27711
8401 27464
8401 14586
8401 26179
8401 21546
8401 945
8401 6521
8401 1680
8401 6268
8401 17163
8401 18121
8401 38649
8401 9832
8401 9228
8401 18057
8401 17107
8401 593
8401 29958
8401 4503
8401 31147
8401 18906
8401 35129
8401 37389
8401 19776
8401 3972
8401 26463
8401 16977
8401 49229
8401 49524
8401 42873
8401 47286
8401 23800
8401 12949
8401 20068
8401 34194
8401 42234
8401 48563
8401 10805
8401 23183
8401 33471
8401 33022
8401 1849
8401 23158
8401 186
8401 43384
8401 46435
8401 16080
8401 1328
8401 28027
8401 19125
8401 4806
8401 46165
8401 30439
8401 4078
8401 34711
8401 23840
8401 5769
8401 30931
8401 45896
8401 31968
8401 14176
8401 20058
8401 49996
8401 16548
8401 44627
8401 3751
8401 43910
8401 14533
8401 5356
8401 1885
8401 39961
8401 48477
8401 35219
8401 30615
8401 3129
8401 32639
8401 42810
8401 35204
8401 4198
8401 24921
8401 42883
8401 38774
8401 43597
8401 8982
8401 10922
8401 10065
8401 28890
8401 32748
8401 23121
8401 21706
8401 11444
8401 9969
8401 6686
8401 35141
8401 15938
8401 10412
8401 4799
8401 44038
8401 35924
8401 13065
8401 9683
8401 2452
8401 1921
8401 38191
8401 5743
8401 39903
8401 16998
8401 11643
8401 33608
8401 17647
8401 7401
8401 16469
8401 3502
8401 35731
8401 22984
8401 6034
8401 8518
8401 1895
8401 30988
8401 19898
8401 16627
8401 4413
8401 32198
8401 46824
8401 13180
8401 4893
8401 5166
8401 1327
8401 24507
8401 10697
8401 13931
8401 11107
8401 24403
8401 35211
8401 7652
8401 12824
8401 25140
8401 44392
8401 12522
8401 13622
8401 24642
8401 11540
8401 45270
8401 43301
8401 5200
8401 23077
8401 38452
8401 31468
8401 14358
8401 40531
8401 33434
8401 43983
8401 27322
8401 47171
8401 40256
8401 30489
8401 24849
8401 42042
8401 42541
8401 40345
8401 13800
8401 27745
8401 7829
8401 34154
8401 14645
8401 17234
8401 3891
8401 2748
8401 9173
8401 537
8401 961
8401 32541
8401 48694
8401 47597
8401 27442
8401 43372
8401 46681
8401 5665
8401 35945
8401 26733
8401 41162
8401 47128
8401 49569
8401 11471
8401 25279
8401 19311
8401 9635
8401 17045
8401 19452
8401 34569
8401 36461
8401 19986
8401 25282
8401 13811
8401 29616
8401 18943
8401 43942
8401 41289
8401 32661
8401 40069
8401 37347
8401 30975
8401 12638
8401 14888
8401 48336
8401 19336
8401 47504
8401 18276
8401 30394
8401 37972
8401 12100
8401 12608
8401 47229
8401 3578
8401 16678
8401 28198
8401 10844
8401 27371
8401 9158
8401 28015
8401 47622
8401 38720
8401 7970
8401 39713
8401 13902
8401 3566
8401 12429
8401 8549
8401 46440
8401 11962
8401 29573
8401 5177
8401 43909
8401 11053
8401 45178
8401 2195
8401 40834
8401 13004
8401 17001
8401 5078
8401 637
8401 29478
8401 26335
8401 35300
8401 40
8401 17264
8401 18618
8401 6776
8401 6120
8401 42050
8401 12851
8401 31544
8401 8116
8401 25887
8401 25055
8401 21061
8401 41444
8401 23236
8401 852
8401 22683
8401 12565
8401 21902
8401 37724
8401 27347
8401 24562
8401 25494
8401 29825
8401 27850
8401 36184
8401 3221
8401 8799
8401 40659
8401 12127
8401 38609
8401 11136
8401 44842
8401 13919
8401 42766
8401 26461
8401 49383
8401 12964
8401 19976
8401 42139
8401 34948
8401 3820
8401 42181
8401 19758
8401 33421
8401 4721
8401 26256
8401 14451
8401 25708
8401 18774
8401 16311
8401 1081
8401 48750
8401 42744
8401 34659
8401 7153
8401 6932
8401 996
8401 48934
8401 37009
8401 17016
8401 9806
8401 44509
8401 13355
8401 15353
8401 3023
8401 22732
8401 17113
8401 43758
8401 28569
8401 43760
8401 34332
8401 2963
8401 15153
8401 20441
8401 43415
8401 34241
8401 5138
8401 34937
8401 16721
8401 48392
8401 30212
8401 20137
8401 22813
8401 10201
8401 42177
8401 10639
8401 37762
8401 18595
8401 6407
8401 33428
8401 26306
8401 33766
8401 24967
8401 17583
8401 20073
8401 49630
8401 24616
8401 26436
8401 21448
8401 17439
8401 18005
8401 8790
8401 3145
8401 6122
8401 36774
8401 23145
8401 4563
8401 20492
8401 22762
8401 16232
8401 35023
8401 22123
8401 31344
8401 16569
8401 44672
8401 20345
8401 2032
8401 30514
8401 12501
8401 47118
8401 48691
8401 27313
8401 41274
8401 42935
8401 20363
8401 21098
8401 43133
8401 27794
8401 16339
8401 18699
8401 31043
8401 42048
8401 31610
8401 49286
8401 37602
8401 6403
8401 4089
8401 21092
8401 10164
8401 46322
8401 12848
8401 2122
8401 22013
8401 19383
8401 6007
8401 14125
8401 2641
8401 13726
8401 10188
8401 28759
8401 18553
8401 43579
8401 11357
8401 48414
8401 31983
8401 34068
8401 35448
8401 1040
8401 32256
8401 12040
8401 47160
8401 19633
8401 29819
8401 27918
8401 31525
8401 10136
8401 3066
8401 28940
8401 3449
8401 16660
8401 33929
8401 14304
8401 30577
8401 2596
8401 6214
8401 16631
8401 45719
8401 44132
8401 7822
8401 16004
8401 34070
8401 10277
8401 9146
8401 21771
8401 7176
8401 42224
8401 27483
8401 10676
8401 14666
8401 34116
8401 28620
8401 9380
8401 17856
8401 3301
8401 17117
8401 41067
8401 36919
8401 13028
8401 40163
8401 27412
8401 31985
8401 44005
8401 37531
8401 16196
8401 4143
8401 48018
8401 31106
8401 2577
8401 35104
8401 22885
8401 17511
8401 7033
8401 40133
8401 13993
8401 30821
8401 14967
8401 6545
8401 28074
8401 4984
8401 33572
8401 40877
8401 33829
8401 40347
8401 30184
8401 26738
8401 22570
8401 8332
8401 29627
8401 15436
8401 24632
8401 22160
8401 28891
8401 47786
8401 28187
8401 2765
8401 34255
8401 19359
8401 17202
8401 33298
8401 20422
8401 37418
8401 14277
8401 31491
8401 1234
8401 18316
8401 16735
8401 33153
8401 33398
8401 35412
8401 42218
8401 20447
8401 23032
8401 26321
8401 26808
8401 12559
8401 6975
8401 16615
8401 15318
8401 26517
8401 30719
8401 19394
8401 9987
8401 49367
8401 41066
8401 30598
8401 31295
8401 46781
8401 7228
8401 12931
8401 40412
8401 7338
8401 38723
8401 4033
8401 26932
8401 21426
8401 16393
8401 12579
8401 5457
8401 31773
8401 15639
8401 17010
8401 10452
8401 24581
8401 29672
8401 43161
8401 19617
8401 35283
8401 20290
8401 15885
8401 48996
8401 9362
8401 13317
8401 35757
8401 29539
8401 8523
8401 11126
8401 26264
8401 8427
8401 36147
8401 4650
8401 25556
8401 33675
8401 12567
8401 41605
8401 22179
8401 12825
8401 6126
8401 7816
8401 29042
8401 18138
8401 32254
8401 36207
8401 44366
8401 2901
8401 3753
8401 27684
8401 10812
8401 16876
8401 19705
8401 26620
8401 11205
8401 21528
8401 49208
8401 33886
8401 37980
8401 1499
8401 36062
8401 47274
8401 45814
8401 7897
8401 26801
8401 2248
8401 36819
8401 34321
8401 3081
8401 44047
8401 16443
8401 48697
8401 1727
8401 35083
8401 36148
8401 33858
8401 44272
8401 6493
8401 13128
8401 7185
8401 1360
8401 9876
8401 15856
8401 35915
8401 40998
8401 37048
8401 47983
8401 39185
8401 8328
8401 47071
8401 5105
8401 24893
8401 48366
8401 37840
8401 3888
8401 30260
8401 14226
8401 38552
8401 42599
8401 47870
8401 7126
8401 3043
8401 18287
8401 20701
8401 29905
8401 12998
8401 36205
8401 45592
8401 39853
8401 23221
8401 44661
8401 25082
8401 9372
8401 26347
8401 33657
8401 11851
8401 40152
8401 46626
8401 23563
8401 48768
8401 19290
8401 31569
8401 36595
8401 9982
8401 14685
8401 23744
8401 16632
8401 46645
8401 5985
8401 9151
8401 31318
8401 48487
8401 5848
8401 24417
8401 26781
8401 17075
8401 19239
8401 12852
8401 35992
8401 49919
8401 8821
8401 35279
8401 5873
8401 6908
8401 20179
8401 1634
8401 23783
8401 27470
8401 36193
8401 11804
8401 23621
8401 37816
8401 18856
8401 21314
8401 15550
8401 6005
8401 29396
8401 6791
8401 44077
8401 14367
8401 11301
8401 47156
8401 4393
8401 34164
8401 19040
8401 43003
8401 44758
8401 39502
8401 1389
8401 42837
8401 39186
8401 41061
8401 17148
8401 20576
8401 6782
8401 18860
8401 31701
8401 48440
8401 45611
8401 26788
8401 35864
8401 7891
8401 4703
8401 20573
8401 48439
8401 4441
8401 5862
8401 27578
8401 25793
8401 8202
8401 36293
8401 24198
8401 31180
8401 9469
8401 32729
8401 31602
8401 724
8401 1183
8401 33244
8401 34329
8401 11730
8401 35967
8401 41188
8401 22297
8401 39176
8401 43750
8401 18866
8401 29363
8401 9577
8401 24535
8401 23772
8401 21616
8401 10746
8401 8748
8401 44480
8401 23931
8401 36376
8401 1877
8401 47535
8401 21895
8401 48597
8401 3607
8401 7487
8401 40536
8401 29293
8401 20357
8401 10167
8401 43447
8401 30037
8401 33552
8401 7080
8401 37700
8401 41727
8401 27817
8401 18355
8401 629
8401 18910
8401 40116
8401 26508
8401 5400
8401 23555
8401 4341
8401 15167
8401 42836
8401 46231
8401 10414
8401 566
8401 7315
8401 2585
8401 20550
8401 46127
8401 2922
8401 26630
8401 38783
8401 5419
8401 32972
8401 18063
8401 22647
8401 14300
8401 45273
8401 18398
8401 42255
8401 844
8401 45993
8401 21504
8401 10967
8401 46437
8401 3546
8401 44564
8401 45290
8401 24363
8401 13017
8401 31957
8401 23365
8401 42483
8401 7841
8401 12289
8401 9518
8401 38399
8401 35379
8401 25391
8401 30956
8401 18695
8401 12031
8401 15501
8401 4133
8401 10750
8401 15194
8401 25566
8401 45320
8401 48486
8401 39005
8401 11315
8401 9749
8401 15878
8401 9483
8401 14868
8401 15844
8401 2247
8401 4918
8401 11224
8401 28191
8401 47328
8401 26175
8401 7852
8401 35618
8401 47621
8401 28579
8401 16167
8401 9491
8401 33564
8401 33997
8401 25811
8401 32847
8401 19362
8401 20225
8401 13553
8401 30391
8401 17798
8401 42186
8401 49256
8401 42838
8401 5490
8401 22078
8401 30623
8401 30483
8401 1991
8401 48564
8401 40176
8401 2563
8401 21882
8401 27264
8401 23991
8401 40386
8401 14060
8401 43847
8401 47977
8401 23593
8401 20951
8401 4971
8401 42422
8401 10286
8401 38217
8401 32461
8401 1879
8401 23973
8401 44189
8401 36225
8401 647
8401 1540
8401 28550
8401 36270
8401 27105
8401 16861
8401 14793
8401 26941
8401 46699
8401 21678
8401 32779
8401 15178
8401 43736
8401 6167
8401 764
8401 2984
8401 37873
8401 43358
8401 4841
8401 5527
8401 30290
8401 31998
8401 7769
8401 14871
8401 6746
8401 24474
8401 25828
8401 26779
8401 14605
8401 2691
8401 27471
8401 33379
8401 35715
8401 14409
8401 10849
8401 22731
8401 36499
8401 43046
8401 43854
8401 5013
8401 25517
8401 48200
8401 6505
8401 22801
8401 40216
8401 15676
8401 31440
8401 10458
8401 16090
8401 49149
8401 21376
8401 44242
8401 49351
8401 41664
8401 8086
8401 45889
8401 21748
8401 32422
8401 48828
8401 746
8401 12470
8401 8250
8401 20430
8401 8369
8401 4657
8401 22157
8401 48286
8401 39540
8401 31262
8401 18813
8401 40390
8401 26986
8401 27231
8401 7928
8401 2506
8401 3814
8401 46359
8401 28343
8401 22877
8401 19908
8401 45138
8401 20403
8401 22449
8401 9081
8401 2456
8401 25185
8401 34589
8401 37764
8401 28005
8401 41763
8401 9325
8401 14352
8401 13195
8401 23194
8401 7388
8401 3915
8401 23944
8401 5147
8401 3665
8401 22300
8401 29044
8401 13846
8401 46732
8401 8419
8401 43972
8401 37053
8401 474
8401 15504
8401 22979
8401 33790
8401 5863
8401 30157
8401 37238
8401 11693
8401 31896
8401 18277
8401 13081
8401 23969
8401 37578
8401 28860
8401 27088
8401 13602
8401 9038
8401 41024
8401 19573
8401 33040
8401 5906
8401 44300
8401 23648
8401 25975
8401 21610
8401 3169
8401 2823
8401 36001
8401 9529
8401 25962
8401 9280
8401 1227
8401 43315
8401 37460
8401 18488
8401 1488
8401 37680
8401 8055
8401 3689
8401 39569
8401 29942
8401 47739
8401 40095
8401 17272
8401 25742
8401 13264
8401 21245
8401 27769
8401 48043
8401 32430
8401 44566
8401 21390
8401 28697
8401 34036
8401 5493
8401 4310
8401 30741
8401 5462
8401 37941
8401 8443
8401 35385
8401 6938
8401 1856
8401 37674
8401 35761
8401 5578
8401 1290
8401 19743
8401 36885
8401 31406
8401 16592
8401 18945
8401 40351
8401 16382
8401 29387
8401 3668
8401 42191
8401 10254
8401 34387
8401 18547
8401 31657
8401 37283
8401 2298
8401 29118
8401 26861
8401 15315
8401 29250
8401 9548
8401 29383
8401 39528
8401 28231
8401 29666
8401 45528
8401 22524
8401 28701
8401 29470
8401 4900
8401 13219
8401 22708
8401 32842
8401 33376
8401 33297
8401 33218
8401 3234
8401 8288
8401 48358
8401 45560
8401 1506
8401 35332
8401 12899
8401 33896
8401 2661
8401 10651
8401 37518
8401 17713
8401 2483
8401 47410
8401 46532
8401 49325
8401 2924
8401 12619
8401 8203
8401 49305
8401 29801
8401 31541
8401 4793
8401 31231
8401 46497
8401 40861
8401 21832
8401 45674
8401 28801
8401 31927
8401 45602
8401 35684
8401 28025
8401 17223
8401 1902
8401 5456
8401 16241
8401 19070
8401 44056
8401 25658
8401 21630
8401 3307
8401 34525
8401 32081
8401 13221
8401 25696
8401 12416
8401 25465
8401 26965
8401 44530
8401 48215
8401 34018
8401 25833
8401 8241
8401 23006
8401 39386
8401 32311
8401 34002
8401 49030
8401 12970
8401 29638
8401 40393
8401 585
8401 8657
8401 41715
8401 34943
8401 43699
8401 40656
8401 6893
8401 20268
8401 22787
8401 6809
8401 49106
8401 2343
8401 29772
8401 23069
8401 24158
8401 12457
8401 45609
8401 45685
8401 24066
8401 24908
8401 18583
8401 12813
8401 15830
8401 14833
8401 36251
8401 19641
8401 6430
8401 28764
8401 47476
8401 13687
8401 2216
8401 46004
8401 23811
8401 19960
8401 14104
8401 46029
8401 13368
8401 27405
8401 12154
8401 21444
8401 42391
8401 35375
8401 9654
8401 5955
8401 42786
8401 1617
8401 22554
8401 38925
8401 2485
8401 26105
8401 32578
8401 36438
8401 46078
8401 33820
8401 16427
8401 2560
8401 30071
8401 18642
8401 6458
8401 31563
8401 23974
8401 8166
8401 1481
8401 26443
8401 22901
8401 21489
8401 47439
8401 23026
8401 4277
8401 1555
8401 26976
8401 40028
8401 20012
8401 38999
8401 19194
8401 49824
8401 23016
8401 44953
8401 21209
8401 28354
8401 11229
8401 35727
8401 39596
8401 24432
8401 45186
8401 22025
8401 42944
8401 7908
8401 46829
8401 40922
8401 400
8401 28541
8401 15027
8401 26865
8401 9463
8401 27216
8401 37998
8401 21921
8401 35395
8401 34590
8401 15733
8401 7213
8401 31774
8401 48396
8401 37794
8401 23391
8401 14785
8401 6915
8401 43954
8401 15223
8401 32678
8401 200
8401 8953
8401 41273
8401 44562
8401 22448
8401 707
8401 45312
8401 11163
8401 5195
8401 46388
8401 35501
8401 1220
8401 35120
8401 11559
8401 42688
8401 43749
8401 24890
8401 12823
8401 22670
8401 12312
8401 21631
8401 43497
8401 16730
8401 11341
8401 37954
8401 45047
8401 43710
8401 42466
8401 9295
8401 14411
8401 31986
8401 8061
8401 46861
8401 21483
8401 27463
8401 4676
8401 25542
8401 21307
8401 33005
8401 7644
8401 40738
8401 31830
8401 21924
8401 46599
8401 5637
8401 15764
8401 25196
8401 27733
8401 34086
8401 49449
8401 42515
8401 49691
8401 31865
8401 30711
8401 33583
8401 37848
8401 22750
8401 11793
8401 2159
8401 25432
8401 19928
8401 3762
8401 7534
8401 7559
8401 15486
8401 31624
8401 11310
8401 46093
8401 12034
8401 710
8401 37247
8401 5321
8401 18964
8401 4008
8401 1025
8401 1289
8401 42979
8401 16765
8401 23712
8401 19818
8401 21056
8401 15633
8401 36398
8401 12801
8401 1153
8401 31713
8401 43470
8401 8689
8401 42318
8401 24925
8401 31070
8401 23177
8401 9208
8401 14747
8401 11770
8401 42416
8401 48371
8401 8800
8401 26393
8401 8133
8401 39918
8401 20754
8401 29134
8401 20412
8401 37711
8401 2170
8401 45476
8401 48986
8401 10558
8401 37491
8401 19381
8401 36734
8401 24025
8401 2998
8401 28259
8401 41993
8401 27710
8401 28519
8401 39262
8401 13857
8401 1560
8401 44593
8401 13227
8401 26947
8401 10239
8401 16323
8401 39130
8401 7038
8401 5549
8401 8624
8401 43383
8401 42610
8401 6190
8401 44101
8401 26003
8401 45794
8401 25646
8401 12479
8401 31242
8401 11274
8401 36198
8401 5430
8401 1747
8401 33257
8401 243
8401 4802
8401 16670
8401 46776
8401 35373
8401 27919
8401 6205
8401 29800
8401 19902
8401 2645
8401 48957
8401 42385
8401 31314
8401 9447
8401 7591
8401 10024
8401 22507
8401 42373
8401 1878
8401 34402
8401 24352
8401 27798
8401 11183
8401 36430
8401 13804
8401 25888
8401 10477
8401 34793
8401 34315
8401 13711
8401 10876
8401 24287
8401 17282
8401 25559
8401 15894
8401 46034
8401 42699
8401 38344
8401 5919
8401 35652
8401 37844
8401 29194
8401 46576
8401 35363
8401 1709
8401 15900
8401 18286
8401 28204
8401 39787
8401 46697
8401 46784
8401 1803
8401 40501
8401 45657
8401 29990
8401 18482
8401 4902
8401 15912
8401 45966
8401 30087
8401 1559
8401 7128
8401 6576
8401 5333
8401 15320
8401 48567
8401 36109
8401 7443
8401 22655
8401 467
8401 13821
8401 37688
8401 8949
8401 19792
8401 44913
8401 7688
8401 27534
8401 18922
8401 23446
8401 15930
8401 45041
8401 44405
8401 28274
8401 10815
8401 9409
8401 7030
8401 23413
8401 20608
8401 3621
8401 16209
8401 19012
8401 49702
8401 8028
8401 41034
8401 28979
8401 4365
8401 342
8401 10545
8401 19740
8401 26664
8401 11154
8401 35939
8401 36272
8401 45105
8401 14000
8401 22124
8401 7776
8401 12582
8401 2555
8401 34411
8401 42724
8401 48848
8401 36394
8401 49536
8401 49000
8401 26702
8401 36889
8401 3930
8401 27224
8401 24762
8401 20280
8401 49758
8401 41007
8401 26584
8401 11429
8401 17849
8401 41452
8401 45569
8401 29149
8401 34721
8401 14295
8401 13752
8401 36325
8401 6433
8401 47175
8401 38434
8401 2997
8401 37924
8401 8875
8401 29707
8401 18391
8401 5785
8401 12281
8401 46199
8401 7349
8401 49837
8401 40563
8401 44543
8401 38850
8401 13897
8401 25562
8401 27717
8401 26212
8401 15276
8401 5278
8401 1656
8401 22490
8401 39527
8401 22795
8401 7771
8401 47016
8401 27813
8401 18203
8401 28378
8401 14468
8401 32915
8401 44909
8401 8718
8401 31120
8401 894
8401 17352
8401 28780
8401 21174
8401 34754
8401 29835
8401 31475
8401 10479
8401 36476
8401 24609
8401 19139
8401 49209
8401 49795
8401 3817
8401 45996
8401 22857
8401 13583
8401 22966
8401 43313
8401 3672
8401 32813
8401 27752
8401 35863
8401 12660
8401 9950
8401 5562
8401 10051
8401 41716
8401 40699
8401 14653
8401 10123
8401 29902
8401 33380
8401 4640
8401 27749
8401 8813
8401 41478
8401 33662
8401 29313
8401 20997
8401 7898
8401 18521
8401 5552
8401 5111
8401 45011
8401 4977
8401 1287
8401 4757
8401 17994
8401 1419
8401 4105
8401 24954
8401 18361
8401 12617
8401 19198
8401 27906
8401 26326
8401 7877
8401 14227
8401 49482
8401 33177
8401 14906
8401 45959
8401 14286
8401 11713
8401 22557
8401 22331
8401 4044
8401 38863
8401 38117
8401 35981
8401 21654
8401 9090
8401 34827
8401 2539
8401 39273
8401 632
8401 37772
8401 9879
8401 38034
8401 20667
8401 13094
8401 23616
8401 9274
8401 30656
8401 23373
8401 13036
8401 43210
8401 37243
8401 13551
8401 21086
8401 29548
8401 28947
8401 5625
8401 8317
8401 37073
8401 7182
8401 27069
8401 12393
8401 1653
8401 6216
8401 17666
8401 10431
8401 40874
8401 31009
8401 9773
8401 27429
8401 31428
8401 19243
8401 47019
8401 1393
8401 25022
8401 28336
8401 32321
8401 5280
8401 41356
8401 5492
8401 21153
8401 12322
8401 12020
8401 41742
8401 27291
8401 6879
8401 23244
8401 26370
8401 10557
8401 3976
8401 2438
8401 36549
8401 34971
8401 7850
8401 16465
8401 29041
8401 44152
8401 37442
8401 9836
8401 47370
8401 49459
8401 12466
8401 29923
8401 27388
8401 33271
8401 28491
8401 41435
8401 39047
8401 31271
8401 2208
8401 4858
8401 20886
8401 34505
8401 20924
8401 28612
8401 30205
8401 8839
8401 18227
8401 10144
8401 40911
8401 30227
8401 45656
8401 13373
8401 47847
8401 38569
8401 11653
8401 4049
8401 48021
8401 46392
8401 27662
8401 46091
8401 34864
8401 29272
8401 10826
8401 39014
8401 37397
8401 17788
8401 32483
8401 1487
8401 223
8401 6760
8401 18436
8401 18014
8401 2444
8401 18507
8401 40168
8401 43498
8401 20414
8401 21019
8401 39272
8401 42919
8401 22735
8401 38663
8401 7318
8401 19092
8401 18532
8401 12842
8401 33354
8401 6566
8401 9210
8401 15426
8401 37242
8401 34787
8401 45236
8401 43801
8401 1005
8401 49813
8401 7006
8401 19398
8401 6616
8401 48281
8401 16312
8401 47507
8401 35806
8401 33990
8401 42493
8401 2619
8401 49811
8401 24486
8401 37406
8401 15021
8401 12925
8401 42320
8401 28437
8401 33383
8401 14646
8401 21763
8401 36439
8401 47006
8401 18812
8401 20125
8401 17866
8401 19171
8401 6663
8401 34795
8401 3029
8401 1926
8401 32745
8401 13615
8401 15280
8401 44346
8401 3772
8401 24424
8401 26349
8401 39816
8401 20721
8401 45213
8401 7495
8401 41920
8401 8773
8401 32896
8401 27255
8401 23108
8401 16496
8401 40447
8401 15997
8401 29607
8401 11017
8401 31309
8401 1225
8401 18427
8401 29111
8401 25878
8401 17595
8401 8516
8401 19088
8401 26525
8401 41630
8401 22807
8401 43429
8401 34302
8401 25415
8401 40708
8401 13046
8401 39904
8401 39646
8401 37950
8401 23443
8401 41172
8401 29128
8401 41190
8401 21223
8401 32741
8401 9904
8401 49399
8401 29417
8401 22341
8401 1787
8401 27724
8401 25083
8401 1546
8401 3526
8401 43305
8401 18682
8401 43163
8401 12426
8401 27214
8401 46368
8401 29955
8401 6945
8401 2390
8401 4429
8401 17792
8401 11439
8401 21920
8401 29725
8401 42460
8401 48337
8401 6464
8401 4517
8401 12816
8401 29342
8401 40073
8401 23277
8401 9009
8401 9337
8401 45462
8401 7626
8401 26178
8401 22345
8401 22958
8401 43127
8401 45570
8401 25538
8401 32618
8401 1375
8401 28347
8401 31924
8401 25817
8401 39316
8401 7355
8401 35092
8401 41785
8401 32011
8401 33120
8401 15944
8401 7286
8401 34981
8401 46044
8401 44062
8401 34004
8401 12378
8401 36202
8401 12069
8401 6618
8401 46120
8401 634
8401 23640
8401 35181
8401 11122
8401 10242
8401 31301
8401 7665
8401 28731
8401 1157
8401 1836
8401 34760
8401 24505
8401 8161
8401 15077
8401 22992
8401 23159
8401 16702
8401 34434
8401 28488
8401 41794
8401 39308
8401 1547
8401 27659
8401 44718
8401 48433
8401 33841
8401 41926
8401 36023
8401 10832
8401 17438
8401 27352
8401 27047
8401 32607
8401 39982
8401 19634
8401 10116
8401 46661
8401 33267
8401 27720
8401 45174
8401 45177
8401 20644
8401 30800
8401 36740
8401 15057
8401 28925
8401 17133
8401 12732
8401 36637
8401 19061
8401 20827
8401 25710
8401 3290
8401 13176
8401 39979
8401 3565
8401 21730
8401 22703
8401 36306
8401 21003
8401 11574
8401 28386
8401 5385
8401 38947
8401 38535
8401 6841
8401 36868
8401 16727
8401 19896
8401 29266
8401 19888
8401 43718
8401 48030
8401 4664
8401 28483
8401 31469
8401 26721
8401 47561
8401 23854
8401 39856
8401 18265
8401 25463
8401 10059
8401 38506
8401 27753
8401 23120
8401 39896
8401 41300
8401 41029
8401 4107
8401 41692
8401 14270
8401 29423
8401 9060
8401 23503
8401 37184
8401 26851
8401 29729
8401 38582
8401 4211
8401 13386
8401 23780
8401 5508
8401 26287
8401 5729
8401 44631
8401 28263
8401 917
8401 35080
8401 34756
8401 19212
8401 9791
8401 5614
8401 47471
8401 15458
8401 47100
8401 43201
8401 22112
8401 7540
8401 21059
8401 32722
8401 16649
8401 42203
8401 34924
8401 41081
8401 32686
8401 4379
8401 30429
8401 26113
8401 31253
8401 28365
8401 44688
8401 2870
8401 46731
8401 6983
8401 22508
8401 15460
8401 26479
8401 19168
8401 39133
8401 10610
8401 47769
8401 8464
8401 10208
8401 39711
8401 25168
8401 7439
8401 3971
8401 883
8401 23202
8401 26026
8401 3375
8401 17644
8401 26100
8401 14990
8401 29660
8401 4278
8401 4850
8401 27175
8401 37659
8401 44185
8401 7420
8401 27635
8401 4146
8401 24308
8401 34075
8401 44121
8401 42085
8401 35615
8401 12099
8401 27270
8401 35630
8401 41699
8401 32707
8401 16781
8401 11840
8401 29609
8401 42932
8401 34922
8401 10741
8401 12960
8401 42498
8401 8869
8401 8356
8401 24887
8401 35071
8401 47054
8401 37427
8401 14408
8401 23769
8401 41033
8401 3389
8401 41360
8401 18536
8401 27969
8401 8311
8401 34264
8401 45727
8401 19911
8401 8089
8401 5245
8401 718
8401 986
8401 14550
8401 29611
8401 44827
8401 9712
8401 36319
8401 33377
8401 39824
8401 45515
8401 9851
8401 38265
8401 29362
8401 34101
8401 3773
8401 44665
8401 37708
8401 3457
8401 8336
8401 2312
8401 11356
8401 28246
8401 46274
8401 33941
8401 7114
8401 6775
8401 8016
8401 39754
8401 30404
8401 49809
8401 39282
8401 29895
8401 7779
8401 46561
8401 33704
8401 28557
8401 3042
8401 37997
8401 46667
8401 46892
8401 44607
8401 13534
8401 22594
8401 10528
8401 8152
8401 15557
8401 19717
8401 13870
8401 7660
8401 14718
8401 18485
8401 972
8401 48339
8401 47700
8401 28792
8401 21905
8401 14700
8401 41397
8401 48668
8401 30043
8401 14738
8401 8621
8401 6444
8401 12593
8401 10902
8401 27939
8401 10523
8401 10082
8401 45680
8401 22333
8401 22364
8401 13118
8401 11474
8401 16684
8401 3794
8401 8258
8401 46465
8401 6518
8401 7466
8401 27972
8401 5685
8401 30945
8401 7826
8401 45725
8401 15380
8401 2522
8401 23559
8401 27604
8401 41197
8401 30015
8401 22273
8401 44645
8401 5000
8401 35889
8401 19552
8401 6377
8401 21556
8401 11153
8401 29705
8401 42256
8401 20577
8401 41870
8401 38172
8401 29399
8401 36739
8401 32792
8401 25626
8401 35830
8401 26979
8401 28517
8401 39926
8401 38165
8401 14201
8401 11345
8401 8784
8401 35518
8401 2345
8401 2174
8401 23617
8401 40913
8401 40112
8401 42364
8401 36990
8401 46995
8401 45132
8401 11554
8401 33142
8401 32294
8401 4407
8401 10091
8401 121
8401 32132
8401 11465
8401 49769
8401 4927
8401 48139
8401 45459
8401 35733
8401 41011
8401 5076
8401 44139
8401 1527
8401 39151
8401 39873
8401 42240
8401 6754
8401 32238
8401 49412
8401 26927
8401 29845
8401 10852
8401 9578
8401 3529
8401 45951
8401 8387
8401 41462
8401 24313
8401 11191
8401 35051
8401 20673
8401 6045
8401 43111
8401 38352
8401 17342
8401 1055
8401 16206
8401 25513
8401 40215
8401 7797
8401 11702
8401 33026
8401 12782
8401 49197
8401 3485
8401 42670
8401 46855
8401 33209
8401 39078
8401 1467
8401 818
8401 27204
8401 25344
8401 1905
8401 25143
8401 16787
8401 28119
8401 5539
8401 9114
8401 8803
8401 37342
8401 10189
8401 14804
8401 38070
8401 43823
8401 46373
8401 39331
8401 10112
8401 13937
8401 18766
8401 21226
8401 3359
8401 4306
8401 19318
8401 8094
8401 21140
8401 18
8401 27116
8401 28894
8401 6399
8401 323
8401 18113
8401 736
8401 9922
8401 24357
8401 17908
8401 37859
8401 21069
8401 9786
8401 24334
8401 3870
8401 8312
8401 29644
8401 4384
8401 25602
8401 44619
8401 41637
8401 29089
8401 11320
8401 45822
8401 34455
8401 27791
8401 32594
8401 27157
8401 20232
8401 13891
8401 49961
8401 48367
8401 5761
8401 45648
8401 44802
8401 19694
8401 19979
8401 33963
8401 18915
8401 23161
8401 4199
8401 46421
8401 46286
8401 34595
8401 11826
8401 21358
8401 3347
8401 25944
8401 13538
8401 48517
8401 41440
8401 34931
8401 68
8401 28349
8401 3998
8401 21469
8401 17292
8401 36916
8401 6511
8401 34011
8401 20713
8401 32215
8401 34428
8401 16072
8401 32293
8401 12590
8401 8282
8401 6099
8401 15448
8401 12128
8401 28078
8401 38143
8401 6667
8401 43089
8401 30813
8401 44730
8401 12985
8401 11455
8401 12096
8401 42723
8401 2730
8401 34817
8401 45885
8401 38964
8401 1818
8401 46261
8401 33854
8401 44766
8401 23371
8401 49349
8401 8144
8401 27827
8401 36320
8401 39868
8401 37681
8401 25553
8401 15219
8401 9511
8401 8399
8401 36973
8401 24944
8401 21224
8401 19263
8401 43798
8401 13432
8401 25645
8401 33862
8401 5981
8401 49332
8401 677
8401 18442
8401 40524
8401 7623
8401 6636
8401 22600
8401 47796
8401 34063
8401 35598
8401 49538
8401 46097
8401 28623
8401 25940
8401 21176
8401 28182
8401 7231
8401 23119
8401 293
8401 37729
8401 9472
8401 1551
8401 34717
8401 8137
8401 29028
8401 44265
8401 34274
8401 41295
8401 12735
8401 35391
8401 13155
8401 21218
8401 17021
8401 9006
8401 35553
8401 44915
8401 11776
8401 12900
8401 19563
8401 30943
8401 12749
8401 16537
8401 31917
8401 12456
8401 11997
8401 45439
8401 41439
8401 10014
8401 7364
8401 45537
8401 36344
8401 6077
8401 39394
8401 10930
8401 1509
8401 7044
8401 16958
8401 26282
8401 2923
8401 10752
8401 45493
8401 11203
8401 2051
8401 33444
8401 1740
8401 13750
8401 26419
8401 38722
8401 18676
8401 32345
8401 12556
8401 32036
8401 21356
8401 30111
8401 31795
8401 48331
8401 32762
8401 39554
8401 23410
8401 25080
8401 15296
8401 43431
8401 6220
8401 7654
8401 37111
8401 15390
8401 29562
8401 11767
8401 22815
8401 34391
8401 48747
8401 8910
8401 41099
8401 19841
8401 19662
8401 22427
8401 49739
8401 33690
8401 5720
8401 33610
8401 7299
8401 22311
8401 779
8401 41307
8401 3409
8401 34404
8401 39117
8401 19640
8401 35717
8401 43349
8401 27885
8401 20055
8401 46584
8401 6886
8401 8078
8401 10969
8401 48393
8401 16182
8401 20724
8401 37827
8401 1460
8401 45496
8401 33570
8401 26243
8401 10428
8401 13704
8401 23921
8401 29178
8401 7803
8401 43812
8401 37034
8401 43558
8401 14428
8401 4471
8401 6859
8401 11243
8401 24340
8401 2197
8401 32157
8401 431
8401 25359
8401 4273
8401 28930
8401 15682
8401 19014
8401 13883
8401 16307
8401 5150
8401 34640
8401 14193
8401 42961
8401 35095
8401 47279
8401 38508
8401 34209
8401 10359
8401 1515
8401 21476
8401 9390
8401 7123
8401 40340
8401 12248
8401 32789
8401 30835
8401 24184
8401 16552
8401 46487
8401 30358
8401 6310
8401 4003
8401 35232
8401 9126
8401 26055
8401 6690
8401 22068
8401 21657
8401 43433
8401 20226
8401 7477
8401 30215
8401 43722
8401 21377
8401 40115
8401 37225
8401 26278
8401 9743
8401 19851
8401 48003
8401 35487
8401 42135
8401 49603
8401 177
8401 45561
8401 32744
8401 48038
8401 812
8401 30795
8401 27732
8401 3103
8401 27686
8401 46156
8401 19527
8401 43465
8401 35313
8401 12345
8401 40882
8401 12270
8401 4392
8401 41343
8401 46539
8401 37677
8401 974
8401 26969
8401 35364
8401 30625
8401 23962
8401 14743
8401 18917
8401 2329
8401 1597
8401 27784
8401 1203
8401 43855
8401 30240
8401 37174
8401 39335
8401 35409
8401 44690
8401 22161
8401 6750
8401 16703
8401 9812
8401 22048
8401 43077
8401 3164
8401 26812
8401 16608
8401 32621
8401 21974
8401 324
8401 5331
8401 36197
8401 46498
8401 16185
8401 44170
8401 11261
8401 18912
8401 35732
8401 12906
8401 14979
8401 20780
8401 18255
8401 38356
8401 28508
8401 47937
8401 49833
8401 46686
8401 29411
8401 12699
8401 6840
8401 34942
8401 48147
8401 35242
8401 22027
8401 6204
8401 11304
8401 35742
8401 39734
8401 34969
8401 39043
8401 1792
8401 31530
8401 45615
8401 49933
8401 33375
8401 3992
8401 2199
8401 47065
8401 20930
8401 27835
8401 34825
8401 16119
8401 23692
8401 33582
8401 34258
8401 36385
8401 29039
8401 47341
8401 8227
8401 39224
8401 60
8401 7630
8401 35396
8401 49834
8401 44403
8401 40127
8401 8738
8401 23381
8401 20375
8401 31338
8401 39188
8401 2708
8401 47629
8401 35893
8401 12357
8401 24756
8401 39557
8401 1815
8401 39054
8401 22641
8401 26203
8401 1378
8401 15090
8401 31091
8401 2002
8401 16480
8401 27780
8401 19854
8401 27183
8401 17046
8401 22649
8401 32240
8401 7896
8401 41548
8401 47154
8401 37462
8401 41455
8401 44511
8401 25092
8401 1508
8401 7786
8401 16385
8401 197
8401 49679
8401 37805
8401 37920
8401 16109
8401 28566
8401 34378
8401 6801
8401 22845
8401 10711
8401 49633
8401 4853
8401 4090
8401 30699
8401 6691
8401 194
8401 22715
8401 45025
8401 34172
8401 16016
8401 29349
8401 30222
8401 16975
8401 45824
8401 49225
8401 26922
8401 44910
8401 20639
8401 403
8401 46253
8401 49446
8401 17006
8401 39417
8401 27114
8401 49490
8401 19307
8401 17507
8401 27607
8401 31459
8401 38700
8401 48480
8401 12730
8401 4138
8401 40841
8401 23818
8401 12245
8401 17289
8401 49781
8401 34809
8401 48006
8401 24723
8401 3098
8401 10864
8401 24635
8401 17617
8401 48496
8401 24249
8401 24511
8401 44883
8401 46280
8401 29056
8401 29694
8401 3545
8401 2080
8401 2232
8401 15179
8401 38462
8401 45536
8401 5683
8401 21162
8401 44847
8401 1304
8401 40683
8401 14976
8401 19019
8401 321
8401 23379
8401 26155
8401 45579
8401 30875
8401 18735
8401 18795
8401 32496
8401 29941
8401 34370
8401 44717
8401 6450
8401 47913
8401 24550
8401 28397
8401 11605
8401 28142
8401 42299
8401 11328
8401 29580
8401 14325
8401 15657
8401 28186
8401 36590
8401 7967
8401 23137
8401 31041
8401 32187
8401 31210
8401 14339
8401 13660
8401 15161
8401 19808
8401 8371
8401 9655
8401 1313
8401 2962
8401 27358
8401 46019
8401 43616
8401 24513
8401 8489
8401 25578
8401 41543
8401 19480
8401 981
8401 13079
8401 42805
8401 46450
8401 26881
8401 20725
8401 32189
8401 49
8401 14256
8401 29984
8401 27987
8401 37517
8401 3504
8401 45190
8401 40552
8401 22497
8401 23966
8401 26244
8401 42206
8401 10751
8401 30137
8401 26984
8401 15470
8401 12524
8401 39765
8401 48328
8401 22608
8401 37092
8401 9991
8401 32140
8401 28433
8401 42922
8401 26970
8401 31932
8401 6533
8401 36502
8401 29402
8401 44290
8401 43756
8401 18782
8401 13681
8401 41070
8401 26819
8401 31020
8401 911
8401 27451
8401 1357
8401 47221
8401 21177
8401 12199
8401 9640
8401 27378
8401 17833
8401 49198
8401 21374
8401 5765
8401 31206
8401 35500
8401 21249
8401 4189
8401 14410
8401 7899
8401 32858
8401 49879
8401 27395
8401 24267
8401 23123
8401 38644
8401 31027
8401 34480
8401 45841
8401 30300
8401 6295
8401 12334
8401 28574
8401 17453
8401 49413
8401 23500
8401 19254
8401 49525
8401 20887
8401 44890
8401 32554
8401 42802
8401 39497
8401 32050
8401 4954
8401 23225
8401 20873
8401 49842
8401 30528
8401 4545
8401 40684
8401 45523
8401 27009
8401 11739
8401 45681
8401 24385
8401 39627
8401 21398
8401 29465
8401 30537
8401 17905
8401 6807
8401 49429
8401 26459
8401 5674
8401 48321
8401 37868
8401 29499
8401 25550
8401 20512
8401 32771
8401 46525
8401 48680
8401 32241
8401 42084
8401 40789
8401 23718
8401 8775
8401 27344
8401 29871
8401 29787
8401 26409
8401 21568
8401 715
8401 15986
8401 32030
8401 38058
8401 4578
8401 38392
8401 41257
8401 13518
8401 17271
8401 10536
8401 16437
8401 21363
8401 19221
8401 28942
8401 545
8401 20770
8401 46608
8401 12350
8401 13780
8401 39688
8401 3617
8401 15698
8401 20734
8401 9087
8401 23359
8401 22698
8401 45432
8401 42555
8401 29364
8401 19016
8401 49785
8401 49995
8401 27350
8401 5661
8401 23796
8401 7323
8401 41280
8401 25532
8401 19433
8401 32875
8401 23511
8401 39503
8401 14315
8401 20380
8401 37679
8401 36655
8401 41126
8401 23778
8401 7490
8401 25445
8401 33180
8401 40219
8401 13085
8401 49653
8401 28085
8401 29846
8401 41570
8401 27554
8401 8156
8401 32338
8401 44069
8401 5346
8401 36291
8401 42638
8401 33197
8401 8472
8401 8053
8401 28393
8401 4662
8401 17464
8401 7603
8401 18538
8401 23761
8401 40967
8401 8686
8401 4633
8401 34108
8401 41249
8401 48763
8401 40862
8401 35043
8401 33562
8401 17309
8401 9733
8401 20002
8401 11819
8401 16252
8401 14559
8401 34989
8401 18395
8401 8613
8401 9676
8401 44220
8401 21745
8401 38702
8401 5142
8401 38110
8401 13599
8401 47293
8401 39539
8401 35633
8401 31434
8401 21859
8401 35875
8401 27474
8401 10008
8401 22532
8401 267
8401 25159
8401 16868
8401 40432
8401 8046
8401 8679
8401 39725
8401 31785
8401 24810
8401 43787
8401 26743
8401 39433
8401 9047
8401 6602
8401 46272
8401 44477
8401 28451
8401 16106
8401 36231
8401 14603
8401 30961
8401 15864
8401 38882
8401 29585
8401 16724
8401 26691
8401 9761
8401 5244
8401 37851
8401 16780
8401 22777
8401 25973
8401 44845
8401 33826
8401 7373
8401 41226
8401 33134
8401 3153
8401 48901
8401 37821
8401 23150
8401 7282
8401 46079
8401 26775
8401 40660
8401 15874
8401 10636
8401 16513
8401 28921
8401 23698
8401 17279
8401 42166
8401 27485
8401 25222
8401 33513
8401 47627
8401 28658
8401 21950
8401 30229
8401 22972
8401 30740
8401 10432
8401 8890
8401 23206
8401 17738
8401 40884
8401 2749
8401 25091
8401 998
8401 24706
8401 6614
8401 14435
8401 26168
8401 2130
8401 27855
8401 19848
8401 46815
8401 5352
8401 18193
8401 2477
8401 47837
8401 22049
8401 46763
8401 5397
8401 37223
8401 45776
8401 37371
8401 46054
8401 15994
8401 43488
8401 29933
8401 42776
8401 3363
8401 7882
8401 14387
8401 20847
8401 24253
8401 4501
8401 46084
8401 9120
8401 43894
8401 4035
8401 37676
8401 6912
8401 43574
8401 39968
8401 15206
8401 10308
8401 5623
8401 11189
8401 24969
8401 55
8401 9632
8401 34334
8401 10732
8401 43075
8401 39317
8401 31379
8401 35008
8401 33494
8401 4701
8401 48867
8401 4693
8401 29915
8401 15243
8401 20219
8401 41704
8401 46144
8401 831
8401 40605
8401 26236
8401 29567
8401 7078
8401 13467
8401 24580
8401 35832
8401 41260
8401 26140
8401 28530
8401 13670
8401 48883
8401 10156
8401 25955
8401 22580
8401 14395
8401 4326
8401 21053
8401 46238
8401 23573
8401 331
8401 30505
8401 36737
8401 37568
8401 40823
8401 20016
8401 24895
8401 40354
8401 26013
8401 42025
8401 11815
8401 6231
8401 2371
8401 39263
8401 15033
8401 38455
8401 20122
8401 35184
8401 30642
8401 25822
8401 19081
8401 24243
8401 10525
8401 48137
8401 33642
8401 27973
8401 24189
8401 15993
8401 20332
8401 977
8401 29473
8401 42779
8401 21201
8401 7075
8401 1732
8401 35739
8401 2674
8401 15957
8401 30847
8401 13984
8401 34578
8401 18987
8401 8212
8401 12796
8401 31222
8401 9778
8401 48715
8401 37587
8401 5421
8401 18836
8401 49932
8401 21350
8401 22944
8401 5620
8401 46655
8401 11364
8401 6574
8401 12469
8401 28556
8401 31900
8401 23582
8401 21344
8401 41904
8401 13729
8401 27082
8401 28811
8401 13051
8401 28793
8401 23652
8401 25736
8401 3049
8401 34921
8401 33913
8401 34319
8401 47062
8401 31881
8401 2705
8401 29373
8401 21624
8401 6933
8401 41137
8401 11564
8401 24152
8401 40125
8401 43709
8401 21118
8401 33655
8401 43151
8401 48511
8401 4168
8401 35531
8401 21588
8401 32658
8401 16554
8401 47099
8401 34484
8401 36586
8401 21321
8401 3881
8401 35005
8401 21331
8401 36682
8401 5671
8401 3341
8401 4796
8401 12123
8401 17147
8401 30017
8401 39837
8401 39430
8401 1690
8401 19711
8401 24457
8401 39741
8401 30627
8401 38045
8401 12116
8401 22016
8401 41837
8401 32567
8401 6069
8401 42741
8401 30190
8401 41838
8401 31603
8401 5337
8401 1420
8401 11264
8401 25331
8401 22965
8401 3551
8401 20431
8401 22712
8401 1434
8401 49281
8401 13362
8401 9972
8401 35212
8401 33021
8401 36712
8401 7448
8401 4067
8401 2978
8401 48830
8401 18688
8401 40986
8401 43651
8401 43561
8401 20888
8401 33136
8401 22432
8401 14095
8401 48912
8401 44114
8401 15386
8401 33727
8401 31706
8401 1865
8401 4764
8401 39545
8401 6038
8401 40626
8401 19052
8401 11309
8401 8664
8401 47874
8401 8656
8401 43586
8401 47201
8401 45495
8401 18055
8401 393
8401 13654
8401 11803
8401 22204
8401 26044
8401 10538
8401 32102
8401 13100
8401 42115
8401 6008
8401 26558
8401 35093
8401 30539
8401 14087
8401 22660
8401 12435
8401 17736
8401 25302
8401 47490
8401 48201
8401 8452
8401 4094
8401 24992
8401 24788
8401 41283
8401 118
8401 42780
8401 9884
8401 48716
8401 29501
8401 8340
8401 36462
8401 33622
8401 32146
8401 46993
8401 12519
8401 29687
8401 8946
8401 36690
8401 33802
8401 24602
8401 2800
8401 36950
8401 49657
8401 690
8401 49712
8401 15387
8401 33516
8401 24811
8401 22053
8401 13961
8401 24405
8401 13300
8401 18314
8401 33353
8401 15670
8401 17553
8401 11738
8401 9363
8401 8711
8401 5218
8401 17561
8401 41381
8401 18383
8401 39403
8401 5658
8401 34995
8401 46515
8401 14763
8401 31799
8401 23387
8401 27740
8401 40797
8401 28532
8401 41358
8401 17606
8401 27570
8401 24222
8401 42865
8401 8218
8401 12235
8401 33381
8401 38961
8401 24206
8401 5837
8401 20291
8401 27456
8401 40849
8401 4473
8401 27042
8401 48951
8401 27368
8401 23036
8401 46068
8401 28312
8401 19958
8401 49623
8401 15693
8401 38804
8401 16065
8401 8354
8401 27526
8401 7288
8401 9389
8401 14157
8401 25440
8401 14919
8401 17928
8401 40399
8401 10675
8401 36865
8401 40202
8401 34217
8401 12213
8401 27514
8401 28050
8401 47633
8401 41141
8401 22350
8401 16394
8401 33645
8401 9985
8401 40585
8401 5629
8401 22411
8401 7579
8401 47094
8401 28467
8401 19680
8401 6248
8401 48842
8401 49778
8401 32964
8401 3335
8401 47986
8401 16008
8401 40381
8401 45131
8401 23625
8401 33968
8401 37737
8401 14822
8401 27667
8401 8836
8401 2511
8401 31115
8401 18525
8401 38626
8401 46800
8401 29761
8401 37020
8401 36949
8401 10519
8401 2513
8401 31596
8401 26875
8401 43092
8401 13541
8401 43562
8401 30084
8401 7524
8401 15174
8401 30707
8401 26560
8401 20445
8401 16732
8401 11754
8401 9473
8401 22639
8401 24279
8401 3638
8401 34687
8401 40326
8401 37018
8401 8476
8401 15871
8401 85
8401 16055
8401 19320
8401 3337
8401 44020
8401 41443
8401 43328
8401 10422
8401 47033
8401 45706
8401 30745
8401 42434
8401 9875
8401 21459
8401 20317
8401 37070
8401 42923
8401 49751
8401 36280
8401 40233
8401 22239
8401 31861
8401 31483
8401 4779
8401 23262
8401 24527
8401 5140
8401 15107
8401 43370
8401 45338
8401 46637
8401 34673
8401 44054
8401 31462
8401 8326
8401 46242
8401 30175
8401 17881
8401 22338
8401 31695
8401 38519
8401 49511
8401 21612
8401 8631
8401 15812
8401 8598
8401 39602
8401 29797
8401 45957
8401 304
8401 23170
8401 34618
8401 40190
8401 25206
8401 49397
8401 10878
8401 1009
8401 2121
8401 34250
8401 45457
8401 34737
8401 36781
8401 38148
8401 43069
8401 35853
8401 16604
8401 47702
8401 28994
8401 2351
8401 17194
8401 22617
8401 9686
8401 6930
8401 22828
8401 4495
8401 23554
8401 9949
8401 29673
8401 38382
8401 13238
8401 47327
8401 12553
8401 4021
8401 1190
8401 35289
8401 21539
8401 13086
8401 40046
8401 2717
8401 9370
8401 39483
8401 5205
8401 18848
8401 19474
8401 7037
8401 4351
8401 9360
8401 29643
8401 18117
8401 13911
8401 24910
8401 19852
8401 9200
8401 14282
8401 10983
8401 48277
8401 11549
8401 7643
8401 3848
8401 32999
8401 1078
8401 2637
8401 4469
8401 39454
8401 4068
8401 34173
8401 15718
8401 5409
8401 47649
8401 15374
8401 43428
8401 13621
8401 28457
8401 30021
8401 29047
8401 17058
8401 31906
8401 2101
8401 19409
8401 6243
8401 33693
8401 28281
8401 22539
8401 34897
8401 19074
8401 40824
8401 29853
8401 8529
8401 24525
8401 47384
8401 43049
8401 3512
8401 5355
8401 1000
8401 5157
8401 44917
8401 18467
8401 5799
8401 16723
8401 46094
8401 47570
8401 43209
8401 48454
8401 901
8401 43723
8401 15016
8401 32085
8401 39846
8401 33973
8401 32865
8401 25369
8401 25813
8401 26642
8401 30583
8401 39996
8401 23963
8401 34763
8401 20350
8401 3174
8401 19943
8401 31843
8401 43999
8401 21964
8401 33837
8401 45056
8401 1845
8401 19203
8401 11535
8401 44870
8401 5215
8401 4655
8401 30152
8401 29814
8401 48682
8401 19731
8401 45802
8401 22357
8401 3514
8401 35064
8401 491
8401 117
8401 18200
8401 17474
8401 4879
8401 42343
8401 45851
8401 17294
8401 48240
8401 40209
8401 17333
8401 48944
8401 8639
8401 39385
8401 27192
8401 4798
8401 10288
8401 14589
8401 12514
8401 41490
8401 43477
8401 2063
8401 14137
8401 7980
8401 9209
8401 16340
8401 19209
8401 10381
8401 41338
8401 25170
8401 9431
8401 38919
8401 43997
8401 6102
8401 6331
8401 45380
8401 16746
8401 36867
8401 14596
8401 23228
8401 1701
8401 40285
8401 9131
8401 31431
8401 26621
8401 29251
8401 28969
8401 14343
8401 25661
8401 14099
8401 31662
8401 39512
8401 22627
8401 48192
8401 11935
8401 41545
8401 45241
8401 30393
8401 38768
8401 28478
8401 2423
8401 5313
8401 36369
8401 33528
8401 18571
8401 20874
8401 30214
8401 29756
8401 26963
8401 46656
8401 41584
8401 39509
8401 49705
8401 3705
8401 40752
8401 33962
8401 16136
8401 1665
8401 44943
8401 16192
8401 26430
8401 9302
8401 11014
8401 13336
8401 36927
8401 26713
8401 5965
8401 23567
8401 8558
8401 37786
8401 45224
8401 16284
8401 33290
8401 16364
8401 6613
8401 8973
8401 14879
8401 34318
8401 20537
8401 9748
8401 17718
8401 178
8401 30716
8401 6282
8401 47599
8401 35259
8401 27195
8401 26398
8401 21258
8401 33878
8401 18902
8401 45950
8401 48844
8401 11180
8401 16790
8401 5468
8401 3332
8401 23447
8401 45418
8401 36237
8401 19330
8401 44159
8401 23736
8401 27925
8401 32866
8401 9736
8401 7726
8401 45933
8401 8814
8401 28727
8401 18061
8401 36142
8401 34
8401 9459
8401 2557
8401 13092
8401 32570
8401 7514
8401 24241
8401 15321
8401 33746
8401 31407
8401 6179
8401 9136
8401 11406
8401 8648
8401 20222
8401 26774
8401 44422
8401 37469
8401 18893
8401 1764
8401 22889
8401 19275
8401 12547
8401 46817
8401 21722
8401 10132
8401 48287
8401 37831
8401 34055
8401 1583
8401 3791
8401 27318
8401 16164
8401 49894
8401 7438
8401 33301
8401 29543
8401 31788
8401 4865
8401 41395
8401 42803
8401 16668
8401 23480
8401 37666
8401 44004
8401 9448
8401 2532
8401 35776
8401 22190
8401 34353
8401 10368
8401 25249
8401 46250
8401 44061
8401 26728
8401 44987
8401 3350
8401 32610
8401 18406
8401 5051
8401 34625
8401 5369
8401 33073
8401 38924
8401 42080
8401 34520
8401 27862
8401 9246
8401 33542
8401 20982
8401 27226
8401 33447
8401 3408
8401 21915
8401 37344
8401 2407
8401 1694
8401 17222
8401 34253
8401 27161
8401 9333
8401 26378
8401 39451
8401 40556
8401 4565
8401 47586
8401 32546
8401 49747
8401 20787
8401 23124
8401 3850
8401 46857
8401 22604
8401 13270
8401 29087
8401 14457
8401 12277
8401 2490
8401 38229
8401 36468
8401 21805
8401 46399
8401 29561
8401 19324
8401 3647
8401 49455
8401 12030
8401 44557
8401 30490
8401 49262
8401 36954
8401 28303
8401 24852
8401 24332
8401 43070
8401 37372
8401 45453
8401 18802
8401 31163
8401 23679
8401 42152
8401 43459
8401 13822
8401 5537
8401 33961
8401 485
8401 19053
8401 18789
8401 44027
8401 35200
8401 32536
8401 43265
8401 20688
8401 44031
8401 42069
8401 21328
8401 43242
8401 36083
8401 1719
8401 31509
8401 9677
8401 43421
8401 4447
8401 11617
8401 18767
8401 19034
8401 12346
8401 6150
8401 35514
8401 49628
8401 28440
8401 29480
8401 15680
8401 45524
8401 39290
8401 28065
8401 36311
8401 31364
8401 36741
8401 46839
8401 14202
8401 31205
8401 17228
8401 18480
8401 21079
8401 41842
8401 26334
8401 23193
8401 10582
8401 37141
8401 5204
8401 23618
8401 1343
8401 29821
8401 43244
8401 24002
8401 41177
8401 34104
8401 36689
8401 20869
8401 36527
8401 40027
8401 46582
8401 30024
8401 19653
8401 10047
8401 24047
8401 7325
8401 1149
8401 24789
8401 6813
8401 19309
8401 20454
8401 25558
8401 33832
8401 16452
8401 40445
8401 48078
8401 4436
8401 20328
8401 22760
8401 36914
8401 49440
8401 1806
8401 23645
8401 42740
8401 46151
8401 21498
8401 41833
8401 28339
8401 30171
8401 6299
8401 7860
8401 49123
8401 17901
8401 15032
8401 49493
8401 32031
8401 24551
8401 4827
8401 11627
8401 12142
8401 22941
8401 22914
8401 16461
8401 12299
8401 27276
8401 39370
8401 42028
8401 13184
8401 23919
8401 21715
8401 19796
8401 32200
8401 14672
8401 47183
8401 14279
8401 17692
8401 15365
8401 40360
8401 27509
8401 14788
8401 6249
8401 15457
8401 49155
8401 18995
8401 12311
8401 28169
8401 9804
8401 41581
8401 9347
8401 47903
8401 15803
8401 39060
8401 16204
8401 33530
8401 6294
8401 984
8401 12175
8401 13383
8401 47113
8401 46053
8401 8674
8401 8668
8401 23658
8401 29163
8401 15384
8401 24112
8401 21903
8401 19546
8401 27160
8401 12054
8401 1216
8401 39334
8401 33423
8401 1475
8401 17859
8401 45844
8401 27499
8401 24028
8401 41200
8401 6322
8401 11705
8401 23982
8401 5997
8401 31110
8401 7690
8401 44856
8401 31930
8401 5646
8401 34869
8401 17403
8401 1194
8401 18408
8401 34524
8401 47352
8401 7674
8401 28580
8401 28423
8401 36222
8401 11451
8401 41776
8401 28831
8401 17261
8401 14654
8401 40697
8401 35847
8401 104
8401 21838
8401 35548
8401 24090
8401 12388
8401 38805
8401 4345
8401 17099
8401 12758
8401 15168
8401 23862
8401 1395
8401 3613
8401 40255
8401 40742
8401 18723
8401 19721
8401 46110
8401 45039
8401 46719
8401 23394
8401 30054
8401 38139
8401 25031
8401 29092
8401 11316
8401 3830
8401 29216
8401 11052
8401 44954
8401 43365
8401 33529
8401 29689
8401 39685
8401 48519
8401 31574
8401 1945
8401 47287
8401 44911
8401 40180
8401 19840
8401 10077
8401 5540
8401 19648
8401 19429
8401 18346
8401 33676
8401 36547
8401 33673
8401 7516
8401 4380
8401 22252
8401 9015
8401 37214
8401 29798
8401 48833
8401 44358
8401 3856
8401 2879
8401 38544
8401 28966
8401 8080
8401 29476
8401 26673
8401 2007
8401 5433
8401 32201
8401 31010
8401 18347
8401 36851
8401 20487
8401 24721
8401 13773
8401 20243
8401 45753
8401 46130
8401 12872
8401 24540
8401 29244
8401 44129
8401 5375
8401 12170
8401 858
8401 880
8401 39489
8401 38021
8401 36550
8401 4117
8401 40451
8401 23082
8401 7354
8401 36075
8401 80
8401 16468
8401 35720
8401 41541
8401 11248
8401 36301
8401 2655
8401 53
8401 3823
8401 9558
8401 24193
8401 2850
8401 9723
8401 4020
8401 33185
8401 680
8401 25414
8401 4617
8401 37549
8401 14064
8401 14002
8401 48990
8401 29504
8401 21385
8401 5474
8401 22336
8401 26707
8401 5518
8401 5624
8401 4580
8401 44012
8401 15807
8401 38404
8401 34112
8401 20654
8401 392
8401 35881
8401 854
8401 48534
8401 36112
8401 26557
8401 14297
8401 19024
8401 30099
8401 8296
8401 34904
8401 27321
8401 9381
8401 41016
8401 29960
8401 37842
8401 20464
8401 18148
8401 13910
8401 47023
8401 19214
8401 8581
8401 25256
8401 35798
8401 12008
8401 45743
8401 18927
8401 9936
8401 45315
8401 17759
8401 46757
8401 36924
8401 49136
8401 20490
8401 31144
8401 11750
8401 10028
8401 20158
8401 17508
8401 49667
8401 30927
8401 25462
8401 42799
8401 46950
8401 22038
8401 32926
8401 16996
8401 2176
8401 40793
8401 13512
8401 38772
8401 16603
8401 31699
8401 34548
8401 30376
8401 19686
8401 260
8401 830
8401 12050
8401 13731
8401 7745
8401 33358
8401 19068
8401 40036
8401 14805
8401 14925
8401 19747
8401 4007
8401 27943
8401 6143
8401 30648
8401 27558
8401 2807
8401 18764
8401 28808
8401 34507
8401 22125
8401 9537
8401 44824
8401 33768
8401 36567
8401 5009
8401 18693
8401 10949
8401 28913
8401 18576
8401 29537
8401 17057
8401 38751
8401 17425
8401 15613
8401 16943
8401 45099
8401 29830
8401 39981
8401 12893
8401 2303
8401 24160
8401 5730
8401 26786
8401 48578
8401 37395
8401 46292
8401 11477
8401 26841
8401 8894
8401 42413
8401 4957
8401 28515
8401 42716
8401 2745
8401 49503
8401 2489
8401 13243
8401 12834
8401 15435
8401 28799
8401 44507
8401 46828
8401 6473
8401 30098
8401 6172
8401 17544
8401 2526
8401 43500
8401 4437
8401 4233
8401 9442
8401 36418
8401 2836
8401 31634
8401 25928
8401 773
8401 47458
8401 43441
8401 27367
8401 19541
8401 35773
8401 33103
8401 28726
8401 951
8401 41848
8401 27339
8401 12012
8401 16219
8401 34024
8401 46446
8401 2729
8401 37858
8401 21804
8401 42055
8401 35394
8401 16490
8401 2019
8401 329
8401 48268
8401 21260
8401 4026
8401 26010
8401 155
8401 29298
8401 13201
8401 12995
8401 46252
8401 1438
8401 7121
8401 9955
8401 18724
8401 20793
8401 1176
8401 32756
8401 32327
8401 25400
8401 37504
8401 35659
8401 9502
8401 40581
8401 36683
8401 31755
8401 1355
8401 22248
8401 40637
8401 19700
8401 2037
8401 9838
8401 26980
8401 33686
8401 37956
8401 6547
8401 43825
8401 31895
8401 28776
8401 17080
8401 1821
8401 1833
8401 46482
8401 5317
8401 3958
8401 16919
8401 16326
8401 17771
8401 694
8401 4593
8401 44770
8401 17625
8401 34515
8401 48423
8401 8751
8401 15942
8401 6548
8401 37776
8401 37341
8401 34152
8401 24307
8401 43511
8401 1941
8401 11552
8401 44918
8401 13688
8401 49233
8401 48189
8401 44383
8401 30346
8401 46954
8401 13160
8401 41506
8401 39784
8401 49299
8401 28935
8401 26260
8401 41163
8401 38534
8401 10925
8401 37861
8401 15531
8401 16
8401 33320
8401 48442
8401 24362
8401 49026
8401 44541
8401 20221
8401 5822
8401 41676
8401 7861
8401 40277
8401 19152
8401 25226
8401 40077
8401 45490
8401 16858
8401 27500
8401 37052
8401 20373
8401 30754
8401 32129
8401 31394
8401 16347
8401 42308
8401 32255
8401 23259
8401 28402
8401 46981
8401 44955
8401 21911
8401 45414
8401 45340
8401 12106
8401 4210
8401 46047
8401 4302
8401 22091
8401 49534
8401 5404
8401 36447
8401 17161
8401 48829
8401 3160
8401 14952
8401 34529
8401 34126
8401 37496
8401 47288
8401 42163
8401 23172
8401 49835
8401 45401
8401 39095
8401 33486
8401 27656
8401 36113
8401 1935
8401 21384
8401 11728
8401 48915
8401 41211
8401 45442
8401 13182
8401 48170
8401 28329
8401 21465
8401 23073
8401 2797
8401 31859
8401 37294
8401 7697
8401 27632
8401 19486
8401 16821
8401 43121
8401 4136
8401 20386
8401 49292
8401 28967
8401 595
8401 20473
8401 29525
8401 49095
8401 24818
8401 20961
8401 42558
8401 1452
8401 14640
8401 39332
8401 38575
8401 20061
8401 48169
8401 9975
8401 27246
8401 26891
8401 3498
8401 39463
8401 47744
8401 7486
8401 14327
8401 30156
8401 7072
8401 19137
8401 2518
8401 43436
8401 42926
8401 13240
8401 33207
8401 21276
8401 39964
8401 20739
8401 27929
8401 6012
8401 46972
8401 14116
8401 49462
8401 27234
8401 4860
8401 35763
8401 13684
8401 2141
8401 25866
8401 1251
8401 26921
8401 10770
8401 39137
8401 17090
8401 30600
8401 6652
8401 47667
8401 47012
8401 37084
8401 25709
8401 19427
8401 16370
8401 2491
8401 17143
8401 23682
8401 17184
8401 5842
8401 25700
8401 26330
8401 1920
8401 38992
8401 5265
8401 38587
8401 9755
8401 28836
8401 25799
8401 23464
8401 20689
8401 6812
8401 24838
8401 10070
8401 43109
8401 44900
8401 29159
8401 8618
8401 40784
8401 34102
8401 40106
8401 32462
8401 5750
8401 48026
8401 24466
8401 1103
8401 7662
8401 20367
8401 26456
8401 22280
8401 34863
8401 12655
8401 27846
8401 45300
8401 1307
8401 40067
8401 4999
8401 25460
8401 21446
8401 21516
8401 30570
8401 45018
8401 39609
8401 15607
8401 33593
8401 45141
8401 2857
8401 19217
8401 11778
8401 44486
8401 21329
8401 49401
8401 41393
8401 27283
8401 14006
8401 33368
8401 8922
8401 1163
8401 27040
8401 30430
8401 9625
8401 5129
8401 5414
8401 20819
8401 47022
8401 17998
8401 16010
8401 25454
8401 40999
8401 31708
8401 45595
8401 32837
8401 22477
8401 17274
8401 28290
8401 30912
8401 6774
8401 27946
8401 44630
8401 9415
8401 31488
8401 40785
8401 9660
8401 19246
8401 10915
8401 11143
8401 33403
8401 18189
8401 1830
8401 7330
8401 10917
8401 49960
8401 18352
8401 43446
8401 38185
8401 29435
8401 11094
8401 47021
8401 13208
8401 29946
8401 4037
8401 25219
8401 30968
8401 41464
8401 6733
8401 30426
8401 49788
8401 33261
8401 36602
8401 24359
8401 48954
8401 33900
8401 39564
8401 32259
8401 11722
8401 46701
8401 16369
8401 6062
8401 31304
8401 41963
8401 18405
8401 31246
8401 628
8401 11878
8401 21202
8401 23916
8401 41094
8401 10659
8401 20511
8401 24555
8401 35206
8401 5238
8401 3588
8401 41096
8401 43835
8401 17941
8401 8445
8401 16343
8401 31868
8401 27166
8401 46327
8401 18335
8401 34629
8401 49046
8401 32051
8401 6758
8401 41355
8401 6972
8401 14501
8401 7796
8401 9882
8401 32826
8401 40838
8401 15377
8401 36348
8401 35156
8401 34337
8401 188
8401 5304
8401 39985
8401 4027
8401 43134
8401 26687
8401 41975
8401 1507
8401 40827
8401 13567
8401 12163
8401 10240
8401 44180
8401 19426
8401 23087
8401 28528
8401 21046
8401 10378
8401 30206
8401 9913
8401 38661
8401 42993
8401 1743
8401 46802
8401 20807
8401 31189
8401 18322
8401 49564
8401 27893
8401 37171
8401 37543
8401 15793
8401 15423
8401 6438
8401 47985
8401 40721
8401 5528
8401 7979
8401 44262
8401 32403
8401 30844
8401 34723
8401 48870
8401 18221
8401 8483
8401 45855
8401 13584
8401 25724
8401 30141
8401 32234
8401 19586
8401 34765
8401 4175
8401 33702
8401 30709
8401 41678
8401 28010
8401 11547
8401 47389
8401 23596
8401 22194
8401 34552
8401 40755
8401 46838
8401 28606
8401 5483
8401 7564
8401 40529
8401 308
8401 46778
8401 39902
8401 15354
8401 44825
8401 44878
8401 8113
8401 21058
8401 42495
8401 49243
8401 35127
8401 33485
8401 44003
8401 28499
8401 13312
8401 27060
8401 20361
8401 24523
8401 3020
8401 35778
8401 48598
8401 10039
8401 20674
8401 47579
8401 45577
8401 46020
8401 31577
8401 47437
8401 17386
8401 34033
8401 43448
8401 44904
8401 46606
8401 41153
8401 40811
8401 32471
8401 8550
8401 34469
8401 42673
8401 45010
8401 28228
8401 26032
8401 48618
8401 10127
8401 3149
8401 15809
8401 36156
8401 30431
8401 13083
8401 4949
8401 40855
8401 2940
8401 4834
8401 17975
8401 26844
8401 16367
8401 25062
8401 36250
8401 30232
8401 22321
8401 34118
8401 14943
8401 12168
8401 41550
8401 15254
8401 28615
8401 25726
8401 16036
8401 2228
8401 46067
8401 43871
8401 5739
8401 29878
8401 38441
8401 14254
8401 1587
8401 27984
8401 39253
8401 15191
8401 11405
8401 28699
8401 35349
8401 40600
8401 12773
8401 4612
8401 2377
8401 6046
8401 6349
8401 32606
8401 29492
8401 37031
8401 47771
8401 31866
8401 33535
8401 43642
8401 41275
8401 40482
8401 20283
8401 10492
8401 19174
8401 19782
8401 22135
8401 34557
8401 38263
8401 4979
8401 9410
8401 23579
8401 12484
8401 32404
8401 37194
8401 40140
8401 9019
8401 8251
8401 20843
8401 31173
8401 7676
8401 41502
8401 35403
8401 17568
8401 29268
8401 14898
8401 39352
8401 30026
8401 20977
8401 38836
8401 24600
8401 31005
8401 16753
8401 22277
8401 20574
8401 29320
8401 13995
8401 22752
8401 27273
8401 31886
8401 37808
8401 1605
8401 28936
8401 28788
8401 11633
8401 13429
8401 44697
8401 6435
8401 42859
8401 8552
8401 21721
8401 23853
8401 24233
8401 29329
8401 10230
8401 6105
8401 45780
8401 30728
8401 964
8401 255
8401 43243
8401 39211
8401 38314
8401 12725
8401 18474
8401 560
8401 25127
8401 26999
8401 28145
8401 2410
8401 39245
8401 25571
8401 44229
8401 34668
8401 10346
8401 2018
8401 21682
8401 2006
8401 11231
8401 13696
8401 7673
8401 49689
8401 1976
8401 49280
8401 11171
8401 41185
8401 33280
8401 432
8401 24558
8401 29770
8401 33810
8401 18341
8401 28837
8401 16864
8401 46351
8401 22895
8401 18780
8401 39511
8401 17032
8401 15772
8401 27695
8401 45247
8401 47269
8401 2241
8401 17844
8401 16432
8401 44884
8401 33481
8401 41951
8401 44082
8401 43439
8401 48127
8401 19791
8401 37011
8401 46909
8401 40955
8401 33678
8401 674
8401 25714
8401 39465
8401 40857
8401 370
8401 2754
8401 33705
8401 426
8401 8048
8401 1152
8401 22705
8401 13108
8401 9478
8401 8015
8401 34043
8401 44437
8401 25112
8401 34956
8401 31487
8401 1272
8401 40812
8401 21852
8401 12225
8401 15262
8401 25394
8401 31064
8401 26579
8401 16847
8401 20475
8401 11988
8401 23340
8401 30241
8401 40792
8401 34801
8401 34382
8401 24069
8401 10320
8401 15048
8401 17613
8401 7381
8401 33181
8401 11074
8401 42471
8401 23669
8401 17235
8401 25265
8401 10824
8401 42613
8401 17418
8401 12530
8401 43362
8401 33791
8401 36466
8401 27609
8401 40880
8401 16486
8401 2348
8401 10444
8401 47464
8401 43757
8401 4169
8401 35427
8401 19838
8401 32898
8401 22516
8401 25757
8401 41332
8401 42606
8401 49037
8401 46307
8401 27206
8401 11986
8401 7806
8401 25479
8401 87
8401 35794
8401 9461
8401 40226
8401 20404
8401 23959
8401 49041
8401 27034
8401 38305
8401 11337
8401 20948
8401 22912
8401 44254
8401 25768
8401 48575
8401 48540
8401 15637
8401 28327
8401 7515
8401 16365
8401 29276
8401 43876
8401 27627
8401 13241
8401 38485
8401 19679
8401 18459
8401 29088
8401 16313
8401 27486
8401 17572
8401 36608
8401 20521
8401 39694
8401 33979
8401 26177
8401 2077
8401 33598
8401 5512
8401 43895
8401 23697
8401 33996
8401 37864
8401 45707
8401 43551
8401 3415
8401 3468
8401 3399
8401 14894
8401 45189
8401 239
8401 38464
8401 35459
8401 28072
8401 12089
8401 49701
8401 5077
8401 45075
8401 13482
8401 13382
8401 11833
8401 17015
8401 31282
8401 41076
8401 896
8401 20868
8401 39275
8401 10806
8401 35817
8401 48313
8401 34759
8401 10072
8401 49915
8401 37846
8401 483
8401 16839
8401 3920
8401 12073
8401 26719
8401 47779
8401 7944
8401 47807
8401 4778
8401 49727
8401 14789
8401 49431
8401 36210
8401 33522
8401 41380
8401 44443
8401 11676
8401 11721
8401 39415
8401 38612
8401 22210
8401 22131
8401 43286
8401 40041
8401 43343
8401 19947
8401 4863
8401 47902
8401 9935
8401 19799
8401 44230
8401 11980
8401 46198
8401 28802
8401 19893
8401 38490
8401 36842
8401 8556
8401 29569
8401 31805
8401 27669
8401 22510
8401 35836
8401 990
8401 17703
8401 47036
8401 8018
8401 7594
8401 1697
8401 36079
8401 24862
8401 42594
8401 45501
8401 25705
8401 1026
8401 41891
8401 49245
8401 15483
8401 44109
8401 41219
8401 41836
8401 46112
8401 12422
8401 19077
8401 17967
8401 2103
8401 14171
8401 43348
8401 6312
8401 23101
8401 8416
8401 20410
8401 10231
8401 11773
8401 44859
8401 42079
8401 41035
8401 35916
8401 24605
8401 38981
8401 17714
8401 28607
8401 11695
8401 34514
8401 7789
8401 32785
8401 19181
8401 25371
8401 28526
8401 32335
8401 35744
8401 15345
8401 47737
8401 26353
8401 2025
8401 17260
8401 33784
8401 15070
8401 1075
8401 37850
8401 39749
8401 10363
8401 35505
8401 19286
8401 28867
8401 42323
8401 19487
8401 3162
8401 443
8401 3011
8401 29182
8401 17378
8401 15566
8401 28006
8401 10580
8401 28766
8401 40246
8401 2582
8401 4438
8401 36350
8401 39029
8401 34926
8401 34416
8401 23671
8401 41759
8401 12287
8401 20288
8401 15229
8401 33210
8401 42617
8401 35975
8401 3918
8401 43867
8401 19746
8401 41924
8401 20794
8401 34084
8401 34866
8401 34564
8401 4002
8401 24778
8401 40898
8401 26992
8401 7838
8401 2766
8401 41240
8401 29193
8401 49176
8401 45639
8401 44556
8401 34555
8401 14216
8401 43659
8401 1603
8401 26363
8401 15402
8401 47388
8401 2626
8401 30338
8401 40422
8401 43864
8401 6705
8401 28106
8401 37183
8401 40734
8401 20751
8401 34623
8401 43815
8401 20519
8401 44771
8401 19712
8401 31316
8401 7904
8401 8224
8401 35340
8401 31684
8401 26724
8401 30644
8401 22659
8401 35612
8401 32048
8401 48712
8401 5074
8401 38120
8401 46913
8401 16906
8401 30427
8401 43456
8401 4218
8401 45455
8401 15462
8401 7070
8401 28562
8401 22017
8401 43146
8401 14117
8401 41922
8401 6538
8401 23432
8401 29248
8401 4052
8401 26822
8401 12104
8401 5271
8401 35792
8401 48758
8401 17964
8401 14626
8401 43295
8401 32761
8401 39921
8401 36490
8401 19748
8401 27271
8401 18601
8401 42111
8401 26145
8401 11161
8401 7217
8401 33018
8401 30233
8401 29940
8401 663
8401 1600
8401 34834
8401 9946
8401 27976
8401 33876
8401 20539
8401 31851
8401 16107
8401 29106
8401 35099
8401 38632
8401 4433
8401 9678
8401 16947
8401 9622
8401 35877
8401 18504
8401 15984
8401 25339
8401 21757
8401 43600
8401 15817
8401 48422
8401 26873
8401 33489
8401 15959
8401 48040
8401 2392
8401 21937
8401 19786
8401 48120
8401 2874
8401 8634
8401 31111
8401 2955
8401 294
8401 18308
8401 12916
8401 37134
8401 14073
8401 14182
8401 4720
8401 10761
8401 40936
8401 6688
8401 13015
8401 22700
8401 5980
8401 2185
8401 25698
8401 32978
8401 32694
8401 30388
8401 6858
8401 19508
8401 1913
8401 8083
8401 11709
8401 22837
8401 32684
8401 26103
8401 48497
8401 30946
8401 17081
8401 5377
8401 12974
8401 11817
8401 43808
8401 44657
8401 44521
8401 10301
8401 11711
8401 10694
8401 30284
8401 35222
8401 29766
8401 2740
8401 21611
8401 43971
8401 30722
8401 3836
8401 3771
8401 38268
8401 5349
8401 24786
8401 36577
8401 14757
8401 29887
8401 27168
8401 49885
8401 18458
8401 1728
8401 33133
8401 18494
8401 31013
8401 30953
8401 21779
8401 20525
8401 46195
8401 11359
8401 6960
8401 9767
8401 791
8401 543
8401 451
8401 12410
8401 23217
8401 33253
8401 32264
8401 19375
8401 10279
8401 32656
8401 31199
8401 36884
8401 2124
8401 43684
8401 9137
8401 20564
8401 40996
8401 22180
8401 47952
8401 40039
8401 39673
8401 44778
8401 13617
8401 42475
8401 3667
8401 33030
8401 43175
8401 47324
8401 6018
8401 34240
8401 36766
8401 39593
8401 16788
8401 32406
8401 14719
8401 16189
8401 2679
8401 34606
8401 18572
8401 44112
8401 40308
8401 33728
8401 56
8401 32532
8401 49113
8401 6144
8401 21115
8401 13788
8401 43547
8401 47851
8401 22684
8401 30552
8401 49346
8401 10574
8401 45271
8401 36448
8401 7335
8401 19261
8401 28021
8401 11492
8401 43869
8401 31554
8401 8334
8401 3646
8401 35710
8401 32206
8401 44794
8401 16321
8401 41359
8401 7684
8401 5459
8401 38188
8401 3538
8401 3686
8401 5491
8401 36401
8401 12557
8401 30966
8401 9021
8401 9932
8401 48420
8401 28017
8401 12324
8401 43530
8401 37784
8401 17797
8401 44032
8401 40837
8401 5543
8401 3458
8401 9771
8401 38714
8401 2747
8401 25370
8401 24095
8401 49092
8401 16375
8401 43423
8401 38298
8401 29782
8401 6357
8401 21781
8401 15630
8401 2818
8401 8789
8401 28418
8401 40947
8401 25259
8401 40411
8401 33606
8401 37098
8401 8011
8401 35557
8401 4516
8401 26592
8401 43761
8401 753
8401 9314
8401 18882
8401 37824
8401 17259
8401 42743
8401 40664
8401 30444
8401 1140
8401 17315
8401 22690
8401 31215
8401 13430
8401 43532
8401 44039
8401 43836
8401 46602
8401 42074
8401 43956
8401 36029
8401 25516
8401 14907
8401 9001
8401 47285
8401 42512
8401 1236
8401 23847
8401 18233
8401 48969
8401 13116
8401 49611
8401 19636
8401 18785
8401 23820
8401 47069
8401 11562
8401 20211
8401 6311
8401 41468
8401 43368
8401 25669
8401 18064
8401 46141
8401 40286
8401 11137
8401 16519
8401 7175
8401 41861
8401 47826
8401 13768
8401 18900
8401 35271
8401 36694
8401 38823
8401 37647
8401 33559
8401 34882
8401 5568
8401 44512
8401 33813
8401 11200
8401 10247
8401 40223
8401 44749
8401 24737
8401 35917
8401 28314
8401 38599
8401 734
8401 45433
8401 46106
8401 25449
8401 32746
8401 31779
8401 1768
8401 18074
8401 38383
8401 15563
8401 41551
8401 46315
8401 36692
8401 35266
8401 25671
8401 20856
8401 29557
8401 6785
8401 15166
8401 43666
8401 22128
8401 24745
8401 30211
8401 31446
8401 41311
8401 401
8401 9420
8401 15364
8401 31856
8401 4230
8401 2056
8401 14306
8401 44932
8401 30151
8401 34539
8401 33981
8401 9840
8401 28013
8401 23504
8401 35293
8401 46474
8401 21285
8401 9944
8401 14938
8401 24039
8401 15708
8401 12574
8401 22444
8401 12944
8401 42566
8401 3599
8401 46436
8401 10561
8401 5744
8401 15905
8401 35053
8401 46071
8401 5173
8401 10508
8401 27129
8401 40776
8401 14504
8401 23788
8401 25051
8401 12111
8401 8554
8401 18600
8401 29380
8401 12661
8401 11422
8401 34996
8401 4485
8401 32605
8401 46070
8401 14200
8401 21750
8401 9509
8401 39821
8401 27544
8401 38098
8401 14271
8401 22506
8401 31263
8401 9897
8401 20400
8401 20366
8401 14393
8401 46927
8401 1377
8401 881
8401 38326
8401 25210
8401 25829
8401 47250
8401 5515
8401 45765
8401 15831
8401 46025
8401 32459
8401 13357
8401 15496
8401 13157
8401 31707
8401 39838
8401 35405
8401 24803
8401 38647
8401 36943
8401 34631
8401 49992
8401 18729
8401 31584
8401 33277
8401 31149
8401 20405
8401 13263
8401 33009
8401 34273
8401 47228
8401 16188
8401 32685
8401 43293
8401 40787
8401 46495
8401 38982
8401 34611
8401 42436
8401 45881
8401 33699
8401 26054
8401 6639
8401 49194
8401 42076
8401 47294
8401 24165
8401 24997
8401 29603
8401 29359
8401 16173
8401 44137
8401 47215
8401 41470
8401 23728
8401 41461
8401 6897
8401 39959
8401 36654
8401 28818
8401 7332
8401 49853
8401 41508
8401 9243
8401 24614
8401 2899
8401 43098
8401 20424
8401 14280
8401 7461
8401 2523
8401 35928
8401 18435
8401 44001
8401 18756
8401 33084
8401 29136
8401 16798
8401 46918
8401 15024
8401 16488
8401 10863
8401 40138
8401 32194
8401 39366
8401 29100
8401 21878
8401 1726
8401 41447
8401 1344
8401 47506
8401 10110
8401 20891
8401 17009
8401 31240
8401 24747
8401 30352
8401 25635
8401 27602
8401 22171
8401 21433
8401 37614
8401 37110
8401 36078
8401 7481
8401 7116
8401 1572
8401 19850
8401 33873
8401 13795
8401 158
8401 35897
8401 12081
8401 26689
8401 41731
8401 45543
8401 24270
8401 10653
8401 22881
8401 48225
8401 39387
8401 26047
8401 37054
8401 11994
8401 28871
8401 30974
8401 45661
8401 39601
8401 32608
8401 14582
8401 41357
8401 2366
8401 4724
8401 49703
8401 9138
8401 728
8401 14825
8401 48903
8401 19921
8401 35161
8401 1944
8401 43506
8401 7050
8401 26951
8401 31727
8401 47927
8401 8750
8401 35537
8401 7720
8401 3390
8401 47497
8401 15548
8401 9852
8401 44472
8401 14562
8401 23768
8401 34997
8401 34137
8401 1185
8401 9413
8401 43626
8401 6927
8401 24043
8401 24200
8401 30355
8401 5808
8401 45882
8401 10647
8401 42405
8401 32216
8401 18047
8401 5378
8401 6649
8401 17525
8401 44728
8401 10408
8401 18094
8401 10733
8401 4405
8401 48607
8401 6668
8401 26766
8401 22188
8401 39148
8401 29735
8401 48879
8401 47868
8401 42126
8401 31853
8401 15773
8401 41649
8401 6207
8401 46268
8401 48634
8401 49202
8401 10838
8401 29141
8401 35946
8401 36665
8401 30126
8401 5551
8401 17979
8401 11716
8401 25323
8401 47143
8401 32966
8401 45892
8401 18501
8401 22586
8401 33523
8401 39558
8401 23939
8401 21373
8401 21526
8401 8449
8401 34870
8401 42846
8401 2723
8401 39495
8401 37275
8401 27241
8401 1556
8401 2183
8401 48958
8401 32535
8401 37897
8401 16935
8401 15092
8401 1479
8401 44050
8401 42179
8401 21065
8401 29886
8401 45799
8401 48931
8401 24572
8401 28798
8401 7730
8401 27616
8401 14096
8401 35885
8401 20927
8401 28996
8401 16959
8401 49089
8401 597
8401 13228
8401 5075
8401 31297
8401 18170
8401 5647
8401 25332
8401 18543
8401 39480
8401 2670
8401 14834
8401 11694
8401 1101
8401 47548
8401 39397
8401 43195
8401 5197
8401 46745
8401 20989
8401 42054
8401 36400
8401 46971
8401 33285
8401 39805
8401 7103
8401 36662
8401 23501
8401 23052
8401 14977
8401 902
8401 5575
8401 25003
8401 26450
8401 33903
8401 1123
8401 39261
8401 42901
8401 22347
8401 42261
8401 9343
8401 25720
8401 26096
8401 6363
8401 6165
8401 8193
8401 15332
8401 27282
8401 31223
8401 5028
8401 12536
8401 35820
8401 1050
8401 18527
8401 25837
8401 2186
8401 8712
8401 48536
8401 33125
8401 19907
8401 11260
8401 340
8401 2177
8401 1128
8401 13918
8401 13101
8401 22544
8401 5187
8401 26429
8401 18305
8401 12696
8401 46647
8401 18010
8401 29855
8401 30079
8401 41112
8401 10107
8401 10540
8401 21791
8401 21573
8401 15976
8401 28977
8401 23072
8401 33392
8401 30231
8401 19042
8401 48810
8401 42556
8401 21225
8401 47684
8401 26815
8401 16955
8401 7881
8401 29321
8401 27701
8401 38939
8401 22559
8401 9822
8401 47103
8401 44756
8401 25258
8401 38171
8401 7597
8401 14305
8401 41984
8401 9555
8401 12477
8401 38496
8401 3664
8401 28796
8401 13925
8401 27648
8401 130
8401 32446
8401 35280
8401 3611
8401 14220
8401 9317
8401 20449
8401 8436
8401 6056
8401 19497
8401 38480
8401 22012
8401 9692
8401 12973
8401 3309
8401 25001
8401 48444
8401 6500
8401 1636
8401 35214
8401 32750
8401 22201
8401 46319
8401 9160
8401 9437
8401 18944
8401 22931
8401 6082
8401 6946
8401 9089
8401 20920
8401 38950
8401 5606
8401 21320
8401 34822
8401 7358
8401 19360
8401 40257
8401 44106
8401 5607
8401 4463
8401 41625
8401 42060
8401 9867
8401 30743
8401 48400
8401 35634
8401 3495
8401 33783
8401 48774
8401 32774
8401 29249
8401 42018
8401 38087
8401 23253
8401 48701
8401 32034
8401 2260
8401 5416
8401 46360
8401 2026
8401 2202
8401 3659
8401 20416
8401 20648
8401 13944
8401 19466
8401 20692
8401 7252
8401 18818
8401 47280
8401 12695
8401 32480
8401 30954
8401 14340
8401 14250
8401 49668
8401 3886
8401 46429
8401 17774
8401 32901
8401 15743
8401 4660
8401 46614
8401 31369
8401 45801
8401 14939
8401 17776
8401 4862
8401 976
8401 10073
8401 5939
8401 27441
8401 856
8401 7743
8401 48507
8401 21309
8401 38101
8401 12826
8401 15493
8401 3437
8401 10175
8401 7442
8401 16352
8401 5548
8401 16094
8401 2812
8401 28872
8401 20753
8401 15862
8401 41953
8401 10730
8401 49410
8401 45218
8401 38538
8401 37673
8401 40642
8401 40129
8401 36630
8401 11294
8401 23479
8401 35246
8401 17806
8401 36048
8401 22595
8401 21308
8401 37701
8401 40103
8401 33800
8401 18953
8401 45553
8401 8351
8401 10093
8401 21239
8401 8385
8401 30379
8401 37888
8401 1039
8401 28381
8401 45909
8401 37236
8401 37837
8401 38868
8401 44887
8401 1734
8401 5100
8401 24137
8401 40137
8401 21506
8401 12881
8401 47281
8401 3965
8401 16141
8401 45225
8401 10774
8401 2268
8401 33710
8401 19166
8401 33995
8401 49054
8401 45914
8401 27329
8401 34674
8401 37896
8401 26972
8401 39292
8401 17629
8401 34986
8401 25036
8401 41863
8401 44753
8401 46586
8401 18321
8401 4058
8401 8723
8401 11639
8401 11225
8401 1834
8401 13041
8401 49594
8401 37286
8401 40714
8401 37044
8401 28172
8401 11805
8401 42275
8401 4226
8401 22576
8401 42124
8401 49426
8401 3988
8401 11700
8401 41198
8401 39149
8401 9633
8401 46902
8401 8677
8401 25052
8401 26882
8401 10348
8401 31337
8401 10937
8401 46734
8401 37253
8401 5144
8401 17654
8401 15096
8401 7709
8401 39435
8401 20959
8401 18577
8401 14389
8401 32174
8401 11779
8401 40964
8401 36623
8401 26981
8401 4882
8401 9855
8401 15810
8401 48431
8401 1406
8401 10719
8401 21983
8401 13840
8401 45079
8401 22293
8401 13519
8401 23338
8401 49677
8401 1428
8401 45330
8401 19302
8401 29748
8401 7144
8401 16771
8401 20101
8401 35319
8401 5994
8401 35090
8401 11723
8401 24012
8401 39574
8401 27924
8401 10897
8401 2404
8401 31831
8401 28516
8401 33223
8401 20474
8401 43863
8401 28786
8401 19010
8401 2178
8401 22028
8401 23136
8401 35600
8401 31117
8401 4432
8401 31642
8401 34898
8401 30457
8401 29265
8401 3780
8401 10057
8401 30783
8401 6710
8401 32100
8401 35658
8401 21946
8401 67
8401 30871
8401 24000
8401 40791
8401 1256
8401 15811
8401 8566
8401 26916
8401 33099
8401 23182
8401 5759
8401 21571
8401 48210
8401 47002
8401 23477
8401 24699
8401 32935
8401 48660
8401 31340
8401 5567
8401 45050
8401 44362
8401 32365
8401 46868
8401 19971
8401 4704
8401 33315
8401 15142
8401 35352
8401 19299
8401 5853
8401 14954
8401 2108
8401 18959
8401 4855
8401 22422
8401 34582
8401 47724
8401 14936
8401 20321
8401 46768
8401 9881
8401 26061
8401 26522
8401 32818
8401 41072
8401 28578
8401 25670
8401 18478
8401 42731
8401 24702
8401 13977
8401 18080
8401 25506
8401 12779
8401 39074
8401 32315
8401 25455
8401 28140
8401 6830
8401 26862
8401 4587
8401 28783
8401 39957
8401 39284
8401 20327
8401 47448
8401 10281
8401 22036
8401 35059
8401 17821
8401 17170
8401 29738
8401 27279
8401 45572
8401 11
8401 14593
8401 12423
8401 40204
8401 44711
8401 30022
8401 26948
8401 10587
8401 134
8401 23251
8401 17699
8401 17293
8401 5961
8401 7378
8401 44298
8401 39600
8401 44800
8401 32084
8401 29889
8401 34966
8401 33033
8401 14998
8401 20057
8401 45192
8401 15055
8401 33633
8401 47722
8401 43994
8401 41294
8401 25936
8401 18634
8401 8209
8401 10753
8401 39364
8401 20969
8401 17883
8401 38421
8401 39930
8401 2251
8401 36556
8401 14864
8401 6959
8401 46335
8401 35994
8401 3456
8401 22375
8401 36013
8401 45164
8401 42916
8401 33860
8401 38115
8401 3219
8401 26396
8401 9198
8401 8359
8401 26908
8401 11479
8401 12844
8401 21582
8401 21881
8401 10309
8401 31288
8401 28777
8401 49007
8401 49504
8401 13456
8401 30832
8401 23046
8401 25318
8401 18477
8401 46623
8401 36234
8401 40061
8401 32382
8401 21590
8401 13562
8401 9242
8401 17372
8401 9432
8401 46376
8401 325
8401 44380
8401 39759
8401 17687
8401 27416
8401 15606
8401 25624
8401 1536
8401 574
8401 35012
8401 48304
8401 4840
8401 5072
8401 43673
8401 39113
8401 2058
8401 19602
8401 23750
8401 18377
8401 22061
8401 11164
8401 44775
8401 18680
8401 35513
8401 11729
8401 41743
8401 24638
8401 1801
8401 29239
8401 8428
8401 16971
8401 14614
8401 40948
8401 46270
8401 32715
8401 36260
8401 150
8401 20106
8401 47503
8401 34458
8401 1990
8401 8217
8401 46122
8401 25673
8401 47396
8401 42212
8401 17004
8401 40570
8401 36067
8401 29547
8401 14861
8401 30138
8401 38669
8401 20803
8401 36329
8401 10206
8401 38286
8401 49920
8401 8444
8401 48530
8401 2746
8401 5753
8401 20708
8401 8377
8401 14243
8401 7853
8401 38684
8401 25810
8401 47202
8401 1951
8401 25074
8401 25845
8401 49891
8401 21787
8401 32153
8401 41437
8401 11598
8401 38359
8401 7012
8401 26706
8401 27253
8401 48999
8401 40971
8401 20590
8401 7997
8401 10596
8401 31947
8401 18387
8401 42448
8401 28710
8401 47616
8401 26565
8401 38419
8401 21310
8401 15599
8401 33744
8401 45691
8401 49585
8401 18978
8401 9528
8401 33366
8401 38102
8401 35430
8401 5236
8401 29167
8401 4986
8401 16242
8401 31375
8401 39372
8401 33028
8401 7565
8401 46026
8401 15442
8401 12965
8401 29781
8401 41248
8401 13329
8401 16564
8401 42407
8401 3883
8401 34227
8401 38463
8401 20323
8401 44305
8401 33464
8401 49881
8401 18309
8401 46085
8401 38241
8401 22184
8401 5316
8401 25392
8401 32272
8401 14066
8401 26589
8401 10467
8401 41262
8401 5733
8401 31476
8401 45697
8401 36212
8401 19161
8401 49762
8401 2143
8401 6834
8401 27756
8401 36898
8401 40050
8401 33894
8401 46894
8401 6485
8401 13769
8401 48319
8401 44017
8401 8994
8401 41297
8401 30613
8401 7544
8401 32366
8401 30732
8401 30210
8401 40805
8401 25288
8401 17060
8401 2827
8401 30349
8401 39318
8401 19363
8401 25137
8401 42764
8401 39876
8401 5686
8401 18754
8401 44302
8401 21521
8401 48826
8401 28990
8401 46099
8401 40001
8401 22397
8401 34373
8401 29357
8401 13479
8401 13604
8401 28884
8401 45084
8401 22287
8401 40625
8401 7934
8401 27123
8401 12855
8401 31495
8401 36704
8401 5155
8401 26298
8401 31422
8401 8615
8401 14453
8401 47754
8401 33463
8401 30133
8401 48531
8401 17513
8401 43947
8401 3358
8401 5018
8401 16088
8401 1692
8401 18127
8401 45063
8401 19856
8401 14462
8401 11434
8401 37893
8401 31465
8401 42816
8401 47550
8401 7284
8401 39041
8401 36399
8401 2869
8401 4854
8401 40191
8401 17255
8401 37755
8401 44471
8401 33054
8401 45292
8401 36727
8401 9561
8401 49729
8401 7537
8401 27409
8401 47539
8401 2602
8401 10597
8401 32719
8401 44755
8401 3190
8401 15767
8401 7476
8401 38771
8401 40295
8401 37530
8401 34460
8401 12680
8401 48231
8401 39541
8401 31589
8401 11641
8401 2344
8401 40007
8401 42817
8401 10703
8401 43360
8401 26763
8401 47080
8401 16754
8401 28134
8401 11228
8401 23222
8401 46739
8401 39658
8401 33821
8401 34286
8401 16361
8401 30359
8401 7410
8401 49457
8401 17874
8401 33801
8401 9718
8401 11176
8401 17172
8401 45737
8401 43821
8401 6097
8401 33129
8401 540
8401 33938
8401 30416
8401 40611
8401 16973
8401 41078
8401 43667
8401 2413
8401 29972
8401 12088
8401 22643
8401 14211
8401 44143
8401 34076
8401 35606
8401 11895
8401 10801
8401 32434
8401 16676
8401 46390
8401 9941
8401 49661
8401 8256
8401 38114
8401 2046
8401 16032
8401 26961
8401 24176
8401 28581
8401 38196
8401 8316
8401 41298
8401 28559
8401 10377
8401 2990
8401 18112
8401 43032
8401 34810
8401 38559
8401 6436
8401 16194
8401 46737
8401 14119
8401 37728
8401 5711
8401 39571
8401 49386
8401 26874
8401 45331
8401 2628
8401 8980
8401 30694
8401 32808
8401 3730
8401 14388
8401 11254
8401 47462
8401 22071
8401 26460
8401 38739
8401 19998
8401 12891
8401 37327
8401 40728
8401 45973
8401 49018
8401 29520
8401 33696
8401 598
8401 37901
8401 20568
8401 28609
8401 16484
8401 15542
8401 152
8401 8888
8401 2553
8401 3537
8401 29966
8401 23748
8401 15841
8401 45103
8401 34666
8401 11483
8401 34145
8401 45073
8401 7098
8401 29919
8401 42582
8401 25620
8401 41529
8401 3345
8401 26355
8401 28428
8401 13374
8401 27480
8401 48834
8401 38638
8401 34860
8401 26489
8401 34468
8401 26968
8401 31522
8401 46483
8401 43080
8401 18360
8401 20432
8401 44424
8401 18115
8401 47013
8401 27666
8401 37212
8401 31538
8401 15780
8401 22164
8401 47484
8401 20636
8401 12723
8401 10514
8401 14859
8401 29564
8401 21667
8401 45548
8401 13138
8401 35057
8401 39594
8401 5193
8401 23096
8401 29075
8401 35298
8401 12309
8401 5589
8401 12432
8401 24406
8401 28982
8401 40923
8401 41022
8401 15372
8401 11501
8401 39556
8401 33909
8401 12018
8401 21636
8401 23323
8401 23274
8401 13638
8401 28298
8401 36900
8401 1847
8401 31766
8401 45953
8401 47059
8401 11441
8401 9890
8401 344
8401 22535
8401 38716
8401 3739
8401 7545
8401 16128
8401 265
8401 24927
8401 33794
8401 18913
8401 40045
8401 7893
8401 15445
8401 35926
8401 49139
8401 41620
8401 43188
8401 34678
8401 33292
8401 17962
8401 1398
8401 5772
8401 18245
8401 42869
8401 24180
8401 33740
8401 43905
8401 39407
8401 7386
8401 33957
8401 9444
8401 3069
8401 48975
8401 25145
8401 30700
8401 28210
8401 9895
8401 1759
8401 35145
8401 37207
8401 9405
8401 49733
8401 17745
8401 24742
8401 22062
8401 32275
8401 28899
8401 19096
8401 30278
8401 25231
8401 43376
8401 47795
8401 44168
8401 32664
8401 22255
8401 4332
8401 5360
8401 39659
8401 44105
8401 18655
8401 37895
8401 5060
8401 39570
8401 8471
8401 37538
8401 38856
8401 29879
8401 10115
8401 16873
8401 29991
8401 37626
8401 3768
8401 18411
8401 33861
8401 23295
8401 864
8401 46042
8401 37507
8401 2548
8401 18449
8401 14195
8401 47472
8401 15677
8401 37352
8401 45316
8401 2824
8401 31138
8401 36354
8401 3156
8401 48193
8401 5713
8401 278
8401 7512
8401 24144
8401 37977
8401 11293
8401 3818
8401 30383
8401 33332
8401 43393
8401 19237
8401 37949
8401 22855
8401 43628
8401 7206
8401 7214
8401 44588
8401 37138
8401 31453
8401 19393
8401 30329
8401 2837
8401 4022
8401 28588
8401 48467
8401 33825
8401 48797
8401 42547
8401 17288
8401 25153
8401 311
8401 8274
8401 46648
8401 45253
8401 38601
8401 29891
8401 30297
8401 49137
8401 28207
8401 13866
8401 14148
8401 45918
8401 25529
8401 10215
8401 22672
8401 5679
8401 5392
8401 43453
8401 48093
8401 21125
8401 34565
8401 17807
8401 19620
8401 24411
8401 41100
8401 46754
8401 22322
8401 18610
8401 47444
8401 47978
8401 38540
8401 1143
8401 25805
8401 35935
8401 11925
8401 16191
8401 11917
8401 40087
8401 48247
8401 26753
8401 5668
8401 8068
8401 386
8401 2566
8401 15192
8401 10715
8401 33147
8401 28495
8401 9730
8401 24593
8401 39153
8401 13834
8401 21509
8401 49863
8401 35748
8401 29981
8401 25622
8401 20830
8401 23887
8401 18744
8401 42404
8401 3714
8401 15047
8401 15941
8401 17192
8401 34731
8401 44024
8401 30556
8401 32489
8401 2479
8401 46921
8401 6063
8401 1048
8401 4108
8401 44160
8401 25169
8401 42118
8401 12789
8401 40881
8401 45183
8401 32928
8401 34028
8401 14827
8401 17858
8401 49755
8401 10669
8401 35995
8401 37580
8401 29514
8401 48735
