10000
4501 67 2
31674 96 3
24978 77 3
49168 24 1
20665 1 5
25392 26 1
126938 21 2
226624 59 1
200502 52 10
146320 56 11
3872 11 4
268500 37 5
126841 41 9
311164 9 13
47910 76 5
447120 60 1
364548 71 18
172062 15 17
172672 17 20
80740 74 5
475923 89 17
92686 58 21
66079 67 2
321216 59 25
711075 1 25
241150 39 27
486756 97 26
290332 13 5
34278 76 13
51750 53 13
640739 93 25
375296 67 1
989109 71 34
896240 4 3
1109220 24 2
1098396 80 5
759018 48 5
126730 7 5
744393 90 35
885760 1 1
357069 9 1
1285158 77 3
1133093 16 12
417868 68 5
1438065 22 42
592066 3 37
164030 57 16
633456 43 1
777630 17 2
1052200 52 17
160293 19 50
1021488 37 37
1031009 49 33
919404 59 37
644545 70 18
345632 11 49
1055811 58 17
1174732 24 25
738798 57 17
1586460 63 61
1778699 66 5
386136 73 51
600264 32 33
963264 44 65
852215 26 66
1549944 80 67
1270454 50 1
176664 77 65
448224 7 69
1118390 99 71
1382512 31 71
500472 14 65
877460 43 66
81992 47 65
472683 70 3
345363 27 69
430531 8 69
17547 40 15
17737 55 3
1130640 20 81
118422 26 82
1627208 96 17
946366 15 68
411519 53 81
469788 56 5
341162 14 7
597864 47 81
381128 23 89
157263 23 90
239823 89 75
664118 10 17
650203 63 77
1535151 2 1
1870976 70 25
316483 56 14
91200 95 1
67027 62 33
1059285 46 3
742797 18 100
915300 58 69
331978 73 2
1155585 8 71
553625 28 38
901183 95 9
379578 38 66
1713808 26 7
199425 32 67
1692792 64 13
489410 99 98
1041163 2 3
1673808 7 40
529760 34 81
105316 4 1
761577 39 51
1149303 53 50
108460 29 69
1294722 79 86
559202 55 35
697221 37 39
185880 83 5
1192182 32 73
880693 96 27
1201956 20 44
488015 18 53
1490125 82 22
1777356 14 87
1279567 45 56
947584 63 29
1192824 93 2
1494893 60 31
1458292 13 2
1718112 23 5
263150 90 33
830666 59 5
247626 48 1
1570623 99 9
1736338 52 9
1316145 70 31
290927 55 30
1553720 31 5
822210 91 2
1742505 83 29
755570 16 34
1165815 99 1
1216823 5 1
817892 45 1
766461 51 4
1539387 42 5
639902 41 30
870066 55 51
955223 78 4
1304103 46 25
1791963 22 45
1282050 27 45
590085 34 53
1008459 52 37
1240101 32 29
1033244 95 31
409107 73 52
604160 45 61
189497 5 33
1903824 28 3
1358439 75 29
1869567 45 37
925731 31 65
1309906 89 67
944415 32 34
1350048 3 1
1495650 98 34
393026 71 35
342 3 31
1348996 17 41
1892620 52 5
85086 5 7
139825 15 33
1802574 40 33
193488 32 45
904956 38 77
1563123 63 18
1330326 31 5
1122793 1 33
512694 32 55
1161903 63 68
1408743 89 33
709403 63 49
916386 80 45
932307 82 56
750950 100 29
1877238 23 85
1677453 92 57
408358 98 36
365550 88 93
191704 84 66
1749880 40 1
225420 68 29
1822414 36 69
867142 6 69
1150578 32 65
468446 96 71
1879600 3 93
93735 45 10
340967 37 29
358046 63 2
322143 89 9
917178 75 78
144406 23 67
614592 24 41
287456 8 1
963338 13 81
1031730 86 93
1741455 62 32
492005 85 1
497994 30 29
1460978 36 7
271514 23 83
116631 4 1
708885 73 26
387495 58 73
1066248 1 20
1452123 11 9
1596966 31 9
1040409 21 43
1021756 64 14
1761486 97 65
30375 13 1
789351 35 35
709141 7 32
84588 35 69
326105 97 29
18853 6 3
189954 67 62
985021 14 1
1362817 68 98
625239 20 33
403158 12 39
1454468 44 29
1652250 86 37
1816545 68 33
525701 47 2
1478286 52 1
1333431 56 82
786469 97 17
380907 92 98
727314 92 33
742601 13 30
1305768 97 3
243903 27 45
409647 62 69
312414 19 74
928616 64 87
707400 78 35
329958 28 21
674751 85 33
589787 45 27
1566111 77 65
1537024 80 57
682565 17 58
1477308 36 1
1790767 61 59
1146386 94 1
179406 47 58
7550 49 3
579126 6 57
381708 73 1
1166903 11 57
357143 61 65
1314888 70 58
957969 14 1
500071 99 62
1918350 62 57
1465733 83 64
1664286 83 73
922770 77 18
1837444 16 19
1563883 12 4
764244 35 73
188637 55 21
882298 1 63
1727568 99 62
463412 11 73
408293 77 82
763812 92 19
1733257 39 28
255316 44 69
1365891 99 18
1402090 82 23
1570742 91 64
82629 48 1
617324 66 34
1765469 29 59
412257 13 90
949750 71 1
1228387 4 5
625347 47 63
1464509 89 59
141823 51 1
9504 50 66
1122465 38 99
1213105 85 99
483366 42 1
1072307 89 61
254885 52 7
418728 13 12
1235038 95 33
10844 85 58
219735 57 17
1007428 15 3
405944 34 17
839862 81 1
1260499 47 37
914906 71 38
1505943 44 5
762092 4 81
1479547 69 25
533097 5 3
578561 11 5
1174542 71 37
665103 79 17
1184616 82 57
1233829 90 57
922485 46 1
392196 57 23
1884021 97 65
645408 68 57
1045441 60 5
1142301 71 63
868185 79 7
753022 85 9
1755669 46 58
1586433 44 11
317412 76 66
1198883 9 69
1173276 25 77
1126961 62 57
1485191 24 8
326019 40 65
403605 27 81
1666724 9 3
673014 48 21
1117226 34 17
1205159 94 1
401508 11 77
711336 6 61
1119564 81 21
1433475 2 10
1838226 23 81
1588834 23 73
840867 44 81
1915059 84 29
1008015 8 57
1475208 68 15
1889500 73 21
1716939 76 58
474339 60 1
1821196 83 21
1781879 81 57
1470483 7 57
1873467 53 61
564693 61 3
207783 90 21
395922 38 1
1592669 48 5
501120 24 55
1511813 58 65
475479 57 2
1229538 100 7
273542 10 25
1088583 63 69
1885491 2 57
608105 1 53
130390 13 4
992424 67 97
123146 18 61
264567 20 19
1796625 41 52
1546151 1 21
32511 53 82
1608948 94 41
254324 87 24
1901083 47 57
1679997 82 13
1456299 57 93
416321 27 54
732837 90 29
788658 80 1
1779809 74 31
737712 75 4
750406 15 29
576868 42 89
554955 9 57
868013 91 2
1097618 91 65
1894629 21 2
1765057 60 11
1501556 96 86
1865115 74 13
766982 99 30
187856 95 15
396036 77 40
480698 80 17
1683970 45 1
1405128 63 85
285296 52 18
1041880 76 45
428832 89 2
574306 48 3
24422 32 1
1108875 61 81
890100 80 66
790480 66 3
1480422 98 81
448256 45 9
57901 17 10
563769 91 9
1092695 20 94
562016 48 89
222048 2 86
1653304 27 35
67286 47 20
574575 18 17
492092 76 2
1125484 26 31
285219 4 36
1548079 24 25
586741 98 1
1547562 86 61
1545288 46 91
1801979 60 17
873663 42 1
762820 9 93
767611 97 63
456183 62 61
1188467 33 77
54883 49 75
788058 1 77
1561425 58 5
723235 20 77
1136670 90 77
667439 34 22
1098143 100 37
1025334 47 93
943670 55 99
921867 67 40
954234 46 77
1877020 22 69
1322370 32 17
134643 70 31
1522204 88 49
873049 78 22
572166 24 93
1537819 25 87
573136 9 97
1670646 81 6
1552524 14 65
444696 18 1
725382 88 29
1411496 90 30
168800 37 29
742662 52 31
584158 73 61
671995 50 70
1832388 43 77
1247641 44 96
833559 6 1
904968 40 30
978855 90 73
1855531 66 67
422505 64 77
447226 77 21
1254563 54 17
1245711 24 65
531086 3 17
1072178 98 46
970752 13 37
430331 36 58
1519392 93 33
89046 31 65
183663 93 17
864595 46 73
538629 30 53
1234813 81 22
873855 99 99
1018647 21 27
1743728 56 89
23280 5 98
708975 44 35
1625056 10 97
304437 20 49
766251 18 58
1328895 77 33
641723 78 36
1119627 53 21
1861536 87 46
1077243 9 29
730944 44 65
585776 71 85
1363459 80 46
748386 46 73
1604955 97 6
832281 99 5
539592 82 85
1588487 100 45
819890 90 84
93258 89 97
903593 2 70
14168 89 99
73338 50 5
1879005 39 81
294217 46 9
1318464 86 55
1483483 28 12
883749 65 13
224523 82 2
759638 93 13
884564 33 15
557499 20 13
1313555 97 14
1601329 29 3
765864 83 4
730195 11 13
1123027 23 2
560925 21 23
83853 18 3
980999 19 13
524289 90 10
68020 28 11
425377 53 28
933978 62 1
825389 99 2
668664 76 3
1324116 26 32
1517397 47 13
1353385 74 5
1886274 44 33
505223 39 17
1045736 43 17
1013193 26 1
894838 21 1
1264359 53 38
26766 52 5
288458 34 37
1593215 28 23
1835340 64 28
270163 9 45
1305493 13 14
962820 90 47
1340609 35 34
1699781 85 1
87435 99 49
181015 83 35
1239066 19 6
510600 86 41
1450519 32 9
717089 55 13
1036041 42 1
1274454 4 5
297438 49 37
730053 70 47
116124 5 23
383463 54 45
1114182 96 61
971498 10 13
1513972 11 31
1694490 43 49
1071099 65 54
1881439 15 33
539622 48 18
400056 45 13
871106 46 2
1158411 95 23
588586 96 62
1916621 47 45
346821 76 42
340364 73 59
1313983 13 33
148545 20 13
141277 54 77
1026269 43 1
300951 76 66
668706 95 81
535103 41 18
868989 31 67
1494243 43 16
1754459 96 73
1404639 1 74
40615 94 11
1090839 34 1
1745790 15 13
1324832 66 73
1266730 97 71
907557 34 28
1026528 64 93
1130657 67 94
1895391 15 3
1162531 82 18
206701 83 33
895770 40 82
282380 63 93
492356 5 18
1476732 34 37
1626907 50 30
522224 9 11
874485 4 32
1634095 100 1
19655 10 65
1604688 63 93
1098559 60 20
1379210 55 9
1223952 29 33
210913 70 15
237349 83 66
30681 29 13
546362 10 14
615288 77 83
1489530 63 68
1221783 54 53
1702303 26 21
498108 58 15
1087950 8 42
1761446 45 21
1183950 56 78
1788222 47 43
892320 89 6
408558 72 93
1558125 57 30
138595 47 65
622497 32 97
113563 85 21
1288058 5 37
1829736 37 81
551495 21 5
798614 83 97
1118871 54 10
819063 1 17
1461981 37 87
1721550 60 1
166661 46 61
1589146 96 87
1759923 81 79
1670310 65 29
119757 23 29
934614 1 43
1825177 37 30
1912521 35 1
52941 34 30
1851075 74 13
517407 58 35
502587 43 37
1374931 3 42
1602365 95 31
368991 98 22
1628343 85 49
148902 83 9
101370 6 29
1511049 13 33
505054 13 17
1888218 53 18
497244 58 13
190451 64 20
327483 22 33
1491949 2 42
1935 26 3
947427 58 19
1531933 23 37
1134528 18 1
555651 13 51
929510 47 29
205879 75 65
1605600 70 33
163752 34 3
11975 51 59
1467237 84 61
1664833 95 2
1632307 50 73
390330 66 2
1341906 82 5
942580 9 62
177915 56 73
571829 45 50
1070646 45 21
1359879 13 13
720913 21 35
171710 4 84
1787976 64 85
915932 80 62
682499 20 65
1191303 87 5
976554 88 29
1747004 70 62
1687914 52 45
89207 23 31
1582604 1 73
1703538 14 74
878872 28 79
1035096 77 68
1760478 91 21
953912 99 30
562335 83 85
623844 37 29
74900 60 33
607989 44 45
558945 52 65
1902375 99 41
803959 44 5
1516956 1 1
308716 95 67
187355 54 78
1815312 78 5
1481721 28 1
541891 65 47
1407546 64 83
1338493 85 65
627440 58 5
1044969 88 41
875581 44 44
1876026 10 81
1118841 69 70
201702 59 13
478703 39 78
892584 80 93
1101173 26 93
8588 70 9
506757 53 82
201241 28 13
766155 65 18
918297 89 13
518541 69 80
41496 82 65
1381482 68 30
1045858 9 17
1716162 43 7
433119 100 57
158431 59 14
507768 78 71
874662 53 43
627055 86 9
1558358 73 45
42408 35 11
956266 56 78
151638 74 73
656640 98 81
141844 11 3
290150 22 32
584190 97 37
1493917 52 85
184705 33 41
1110600 12 25
1241380 46 45
755939 12 6
356214 74 15
357380 53 8
39572 78 25
689994 1 29
768903 38 11
286885 38 13
152496 87 45
325487 59 93
1216286 23 77
480117 4 51
1324338 29 13
328701 13 61
427224 13 77
1540388 99 3
966805 42 61
412371 48 2
1917401 63 29
1243195 32 27
693066 62 69
1679445 55 13
26536 54 15
667686 21 58
1380299 54 69
168400 58 2
1099557 64 61
1400425 100 60
918805 37 65
895881 14 22
1810693 98 57
1420402 41 9
274224 36 5
566597 88 1
204095 29 19
593136 44 79
292257 25 73
461873 73 14
36417 37 85
1471274 17 29
16961 35 21
646869 25 13
708162 36 75
232985 83 29
95004 8 73
670445 26 22
184583 54 69
116031 71 13
1145053 55 77
1689155 89 62
1150773 45 79
1514487 65 88
630881 95 1
527517 4 2
886723 56 1
129907 100 59
1110864 96 49
1770411 63 49
1159103 38 61
381264 42 74
1662810 8 33
421189 29 1
1657827 56 1
491017 62 59
1154978 1 69
559998 37 66
307307 12 9
675774 93 83
1380072 66 45
57190 12 1
999596 100 33
1253736 15 8
1878519 100 57
829304 57 78
230766 39 1
275995 74 62
730167 62 33
517191 23 74
1701614 4 19
1622351 48 97
679113 82 73
283330 56 90
208249 19 1
741462 36 53
200002 86 33
1717894 82 22
1502868 44 65
1060373 75 67
67678 90 73
1618596 30 5
504130 39 13
203421 39 68
422103 15 85
813150 39 66
1034919 48 77
556842 69 88
696027 97 81
1795901 27 74
730332 83 83
1819803 91 45
1483317 44 13
131178 32 37
706096 53 33
1351778 68 3
577410 13 17
247099 69 85
97860 75 71
1843380 12 35
420968 27 21
1244571 21 66
564564 39 47
604784 93 39
767355 52 85
43041 92 73
1198184 45 45
1577481 20 40
1237140 50 21
869246 39 54
489290 72 53
4395 39 35
1527536 12 81
410338 60 93
1467810 98 17
428133 80 5
1753919 26 13
1709064 42 97
1746822 100 19
801437 19 66
1406100 79 1
120578 59 42
1793423 62 1
928929 44 43
1767875 97 17
1019844 47 81
618894 22 51
1150040 35 63
654702 26 37
1275543 36 78
266799 10 89
1573378 94 34
1522149 61 37
417995 47 45
699279 43 97
817515 24 91
1735712 69 57
1517340 21 82
1811916 11 27
562745 34 84
1125376 80 29
845583 98 97
1705623 55 71
1337702 3 88
1878813 91 17
1054553 98 30
1898529 75 17
1736157 9 1
1645079 44 97
267849 69 57
821742 90 43
1824881 83 70
247253 32 33
141705 68 98
1430276 73 7
619384 6 30
1601643 22 85
385877 29 98
488573 85 3
643719 37 14
1197926 45 85
828968 98 58
407394 71 51
665304 39 76
1555887 13 21
1629717 69 22
1531086 68 13
1302376 7 5
935280 84 85
273964 11 86
489785 98 43
256779 90 65
1076627 59 1
1280552 35 62
932274 18 33
1453367 49 72
1870416 55 5
414975 59 6
933106 42 5
1095820 74 48
976536 5 29
221155 100 34
1075631 9 23
1298760 11 72
1058901 56 13
986047 49 37
80802 36 37
575204 85 39
497832 89 45
291510 64 74
1044384 36 19
676023 46 62
1816626 95 41
1780474 32 50
198531 30 57
1370448 33 94
1746920 34 21
3355 31 90
1626912 78 15
1287073 74 42
593338 38 85
1019262 55 98
1035643 32 89
595035 28 27
909624 96 33
297281 63 22
1349102 7 29
84186 62 77
333478 87 33
1099309 23 65
795450 99 41
1309967 78 22
875246 62 77
1068693 23 73
352332 32 59
1826293 40 80
456840 90 5
7256 56 82
1713799 60 7
412341 55 12
1275257 74 57
1714599 85 62
265983 89 29
1002526 93 93
581155 67 21
170694 80 45
1011369 79 65
171935 34 78
1485411 34 37
1826603 9 10
868591 93 65
1425978 42 12
1754080 18 9
771905 43 14
1393461 46 45
1717626 43 58
1497326 51 21
377433 65 18
82448 51 71
726243 74 93
1558740 43 65
1272047 66 73
521312 2 39
1252926 34 7
799013 75 73
468477 38 69
518124 41 27
243579 54 63
606565 42 77
625251 1 54
1208439 87 41
814948 34 63
1822500 20 57
243011 77 29
726055 46 63
533229 63 37
853010 27 57
404678 16 26
1258404 54 93
702935 79 90
1389295 65 17
179829 88 17
855805 66 31
1824987 91 96
212388 77 13
260365 9 33
144623 29 89
81564 32 66
843266 27 25
1043490 60 1
636633 30 25
1531117 97 26
836414 8 1
139233 20 25
1421915 11 3
1755413 9 7
1658268 51 1
1759891 58 1
119197 7 33
478323 52 27
445262 73 37
915105 2 10
1616094 94 7
1481576 66 35
1445761 36 41
1343718 39 2
1716446 70 43
207557 36 1
154062 91 45
836589 35 17
1055121 95 21
1057662 99 25
1105567 76 1
92165 30 17
315261 59 19
3629 5 35
1370451 22 21
1348695 12 49
681412 79 43
1085106 78 15
1920720 16 33
402675 50 2
1162134 69 57
1634019 66 3
543898 74 5
968975 18 5
1470249 26 25
1501824 40 2
182894 63 1
1907004 26 2
1671880 10 25
1032296 63 34
1471455 47 9
1449244 5 25
1262485 42 39
1242747 53 7
116721 70 1
1027714 91 2
1408014 33 49
694583 79 28
1717440 4 53
1334448 65 33
1885657 2 63
1324410 79 42
1077984 59 57
1263115 45 25
761449 29 19
1120164 63 59
734051 62 45
1616108 17 33
1348188 1 43
638493 47 26
8048 79 25
1375587 38 2
663047 54 89
1858411 9 28
1113960 77 69
1203109 43 65
145479 87 29
1071939 3 72
373419 6 65
29845 98 73
701622 38 97
35282 67 26
1664281 67 1
1621653 85 14
973902 25 77
56031 13 37
1827744 41 41
177332 49 66
480203 11 43
546579 5 4
1432376 90 25
1856752 19 30
1459218 52 17
1615232 95 91
898904 81 17
1375884 28 14
1735399 25 49
1449024 26 2
514188 93 81
1441144 38 81
1514531 72 43
1108710 9 97
1834745 48 25
1320652 89 65
1304658 43 99
1265455 48 57
177467 84 57
963540 59 37
1406569 91 39
349810 18 22
249639 57 65
1590951 90 29
1860245 99 29
1382637 15 33
1459863 58 1
461337 58 97
255735 81 45
241578 79 4
1081541 5 57
167850 42 73
538087 20 43
1802582 42 20
260262 36 73
967040 55 13
1257104 51 95
1439883 34 15
679234 74 41
52962 80 89
1345827 97 11
1151746 42 27
591776 42 21
1263045 65 14
1480663 3 41
1644881 36 17
778752 55 25
206460 1 54
223763 98 31
1101990 33 2
822973 15 33
1714415 86 58
309369 100 7
1532084 12 58
1457848 76 1
1794825 34 62
160947 9 11
848144 40 62
110685 7 9
1006869 68 13
1865604 4 55
30738 26 28
1892074 63 17
409891 69 46
55962 12 27
1445164 10 28
1661529 23 41
48414 35 42
196058 16 75
1522423 73 70
1729896 88 33
1871567 35 77
163875 63 41
566109 47 17
1785469 34 29
324083 100 21
89832 13 45
727068 74 47
1536591 98 29
1336812 40 58
1160941 9 31
606982 49 55
245898 63 65
1749084 20 66
1201157 23 27
1424445 82 57
802893 26 61
427033 91 29
1542534 72 33
997132 58 33
429138 91 57
525654 3 25
1002330 36 35
1383646 47 57
1070664 67 29
1647513 33 42
469623 43 29
1589493 100 52
439711 58 57
1237031 6 62
1010781 88 51
184709 68 80
1004996 45 85
771408 71 93
381740 70 49
1151157 16 74
895650 60 85
218194 45 54
238675 96 1
839565 89 65
252700 72 25
539141 13 90
1501686 82 65
1604389 19 68
660358 68 29
188850 58 6
749483 33 23
1704709 8 72
855954 95 17
1655005 39 33
1582766 24 75
1365297 29 9
1249258 14 1
447276 64 38
1437327 40 59
924009 10 79
1017930 72 41
287289 88 1
558543 49 19
1764796 13 92
87138 18 21
117592 32 86
737573 73 67
361182 23 69
739686 29 65
321619 94 90
1068750 13 1
49032 18 41
1485493 52 81
581334 75 98
852901 35 31
1412888 1 53
1662336 59 49
555286 84 25
1746647 39 23
1424088 53 89
550126 13 93
1735628 74 66
1272639 64 71
1849870 81 2
1229540 100 41
1108296 16 25
956416 13 91
1858136 8 32
1880397 75 25
572010 93 2
1376216 8 7
1086816 3 2
1040062 19 25
597815 6 90
393756 3 81
336398 68 20
1264294 79 49
774072 93 2
627800 5 47
930429 45 5
6078 61 45
1126947 58 94
177731 98 69
37536 52 30
1494459 40 1
241477 3 13
1858653 50 39
395958 36 5
650791 80 1
897102 62 2
1172678 71 3
1479300 29 26
132549 82 25
1473679 78 57
888969 22 5
855729 98 86
914480 25 81
699428 70 90
1019202 83 27
1658935 71 81
1530773 22 89
500979 76 65
814784 51 67
1204719 53 14
1402551 87 73
1439694 45 74
1163256 63 97
1540011 66 25
1486811 44 61
892790 62 1
1508025 75 79
1305224 47 100
1465014 96 81
297054 67 26
995211 88 83
370919 47 5
825675 46 37
970079 83 70
1165684 12 93
332937 44 39
611621 10 1
116482 21 34
1654947 22 13
1880629 39 59
1569807 97 81
694854 29 18
71617 2 59
1282515 23 90
484260 21 57
1808962 59 33
1469978 75 57
723564 44 92
1566037 13 33
546980 85 13
767412 55 99
1854604 81 35
1313431 1 73
1308864 31 18
243618 46 25
707410 23 5
593964 21 49
1484810 22 81
1048900 42 55
101142 84 30
598633 71 41
166981 51 49
519297 39 15
495842 55 14
1500679 58 45
571986 1 45
1244826 23 25
52377 49 26
145200 29 89
319987 75 21
1399419 48 27
990645 4 1
1513873 92 49
779551 28 6
1035810 71 61
947850 68 25
1154884 81 21
43833 16 65
1007686 91 23
677718 77 89
1369320 13 49
1416017 30 50
1788757 59 13
863847 74 46
12184 57 57
1730132 34 17
1325184 13 5
1733673 23 81
741373 43 81
1862859 76 29
1558189 52 61
1781986 70 88
916389 42 73
596819 44 82
1838685 67 7
1799946 96 17
916354 37 93
728542 72 53
1401855 98 99
1372571 25 50
783290 35 33
5769 99 46
718590 37 3
742055 72 90
1907745 83 5
753629 81 2
1182184 55 69
787029 8 14
779243 25 89
1786458 18 54
656550 17 67
128155 63 56
981639 33 5
1752261 24 65
117951 7 13
772211 86 57
1165194 98 17
1323691 60 6
246459 46 97
395199 73 70
231425 82 41
483444 6 53
1231677 80 41
1900224 35 24
539983 56 9
540759 28 58
1085148 4 23
777126 97 22
1718316 63 57
1366815 68 69
1017621 10 25
1821072 10 71
1187585 42 85
1572440 89 26
1363239 77 27
267631 75 83
988188 43 9
1264383 90 85
1082603 41 3
691282 75 87
859749 80 9
1346586 20 53
780210 91 87
161247 22 34
373667 6 9
1276605 28 14
686124 88 1
1332207 95 33
737233 33 9
1017963 72 26
1473126 11 27
567816 94 26
1075800 57 73
1910882 52 54
1404850 94 47
1667826 51 91
1384673 6 69
118939 29 6
1744473 86 99
139520 71 26
1048625 51 57
197079 37 54
919885 77 63
1173091 37 4
1105326 62 29
724333 9 30
1412027 40 13
1025226 64 61
1346435 63 65
375531 90 18
862188 21 15
1508400 23 47
1609528 14 89
1527354 18 70
752380 27 87
189084 69 9
1777509 83 69
1840299 29 66
846228 56 15
836064 53 87
52576 33 41
189410 23 53
327330 18 75
1515934 10 35
1004480 21 5
521652 88 61
1623860 50 15
1452056 88 90
1539102 39 49
649102 2 73
893077 29 77
1864989 97 3
1542221 86 85
1221594 52 53
1909602 52 77
1562863 65 75
1033483 56 89
78546 55 25
1257322 10 59
588961 20 22
163638 61 89
160400 29 65
1433127 51 93
1444158 26 50
1860236 100 17
722195 100 82
1259700 64 81
744172 53 58
1583766 6 77
942066 91 54
782396 8 21
443313 90 33
833580 38 65
444221 67 74
1405934 29 19
548688 60 75
1230182 45 49
1744910 8 13
449208 80 23
38943 44 91
959234 16 49
1050402 68 82
155792 29 97
439207 45 30
533196 39 93
1454203 7 18
185140 59 59
208431 67 64
329365 63 97
1163733 68 18
655572 11 99
416942 87 96
955186 6 53
176955 91 97
1404832 67 95
973680 9 36
271251 10 73
708118 90 1
1802329 73 23
820149 77 90
193774 7 57
669979 34 37
494709 96 97
1721299 24 9
754528 2 89
56745 82 41
1569858 19 49
1164189 9 64
584196 94 81
15147 23 77
484723 8 75
1170090 19 28
174422 1 61
922256 25 10
736668 91 89
442182 41 88
670323 59 17
1004265 68 34
1757804 83 63
539197 55 93
1911189 36 25
76619 99 26
317546 99 37
1197000 44 26
1172950 48 1
225059 44 13
500583 17 17
1581654 87 26
76721 15 1
406644 45 13
556904 32 33
959370 67 15
1201311 84 33
973112 7 50
1308046 41 15
477015 47 30
197104 55 37
1229049 95 18
477651 16 29
1803660 41 29
419757 60 41
58806 93 33
796841 10 55
870976 91 56
1398372 5 25
1311456 27 25
1127184 33 25
923031 97 35
1109609 93 21
537607 26 41
1810791 94 41
43737 57 55
181538 15 45
577740 12 33
67383 91 59
1028675 81 35
1742037 39 49
480994 45 30
393316 53 7
707175 22 38
1170385 88 25
35530 68 46
1035777 100 77
1832584 41 35
927343 74 21
835515 60 46
1807266 73 1
1155277 5 47
1864332 77 85
1464272 90 18
1459192 92 13
1634151 96 29
1702786 90 33
1523433 94 34
15645 30 51
47668 6 67
256447 96 53
1057743 69 54
1775994 4 47
866273 11 53
1087560 2 61
626319 86 54
702861 25 57
360363 52 70
329192 15 65
71609 19 78
133686 13 15
705190 67 25
1429270 47 37
1644123 97 37
188769 92 25
165195 52 41
539625 24 1
1459639 55 1
215858 45 15
453051 7 92
1505758 19 73
214163 19 38
927372 6 27
1870930 76 10
1526886 45 89
52989 23 2
332588 15 37
1183670 69 30
707103 24 93
1808331 14 86
985909 97 27
1469793 88 20
79078 23 93
1003348 83 18
798720 61 25
1614414 57 4
431857 46 41
76284 66 53
772898 5 87
1778771 17 2
873552 89 25
23422 32 21
1722464 35 25
1204995 69 47
1627147 58 1
1147436 71 21
1526067 72 3
1870099 85 51
1787563 28 33
1324899 66 78
73252 75 67
656920 11 12
207174 23 37
789919 31 13
1547240 94 37
1186011 93 2
71070 55 77
257488 79 94
569613 33 73
492840 24 19
636730 100 53
1418445 2 10
1111519 5 21
474526 43 49
796608 62 1
1873899 85 58
1454319 62 39
191868 11 90
1566183 52 61
451726 68 30
1910058 9 11
833613 44 80
1136696 16 41
972729 88 13
1709774 27 3
600823 17 1
806001 15 25
1468988 70 13
750130 46 67
482655 55 5
1062727 52 25
1790897 73 9
1889469 6 75
2841 91 54
749441 18 49
14934 28 26
527473 15 31
1921251 99 15
1598526 22 53
1829645 80 42
729317 86 55
50526 11 20
1811414 95 25
221455 28 54
166227 99 55
819739 9 29
723626 40 17
53169 16 37
302855 37 63
380133 67 54
4806 16 53
405842 90 33
651173 16 41
807597 40 30
1827472 57 33
16442 26 58
1840215 35 13
770654 80 99
450947 8 25
698355 7 26
34469 27 89
1545286 60 29
1513881 31 61
1186966 77 54
785337 50 69
1362021 32 57
72819 59 73
794564 3 13
1514547 16 75
1421841 43 61
1199744 98 53
1908960 8 69
1679105 86 13
1229237 76 1
811668 80 77
869675 98 29
137013 24 73
235170 7 48
1796026 22 13
1714935 90 50
34812 33 23
750186 51 95
1420290 67 85
1000287 38 37
561794 84 81
421157 50 2
1693206 44 53
283879 10 89
1662293 81 79
335814 65 89
1113624 6 57
68285 15 97
784227 9 33
680711 28 89
65282 73 1
436860 61 2
810921 27 1
1560897 53 7
702312 34 41
927687 6 5
797849 88 17
1454637 45 28
19293 77 45
1437563 18 53
699606 21 19
1131941 96 18
276203 89 57
1233051 87 42
560075 30 21
855106 20 10
1073718 96 1
705331 41 90
505837 73 53
1908459 32 27
871281 77 41
1064717 76 78
1757490 44 97
1101520 2 26
1454997 32 61
1029858 36 33
891918 19 67
652940 45 79
491031 84 81
607389 23 62
68349 74 99
608646 65 15
1806523 60 1
394409 25 33
1881522 70 65
1155297 15 63
1368210 100 69
732060 75 9
1182909 57 7
992225 29 40
938235 80 49
402797 31 69
689778 23 3
1727931 3 47
1166810 78 49
958619 84 89
1573479 59 95
329855 42 31
1764762 92 25
1679142 32 5
187340 67 15
1228977 69 85
196953 66 13
1815175 22 50
792899 96 33
1699452 35 24
602149 1 25
1419320 20 2
748164 84 15
314184 56 38
1163082 6 93
1060878 74 42
998277 100 87
829813 81 25
803898 33 77
790933 85 81
994783 97 11
1868286 50 33
908852 21 13
420280 77 82
983724 22 15
352787 34 37
1769764 22 17
1131993 73 37
371426 65 31
1042906 20 53
1908036 100 25
1853323 75 98
1490497 61 77
1171566 3 99
1201859 81 13
841397 11 10
1479690 82 79
363853 47 37
1050745 80 13
996609 45 58
426701 91 1
1395114 2 39
230850 29 1
1336482 6 1
609537 76 27
1507860 6 48
1212284 58 25
1838565 44 74
1165548 1 25
989291 12 74
1914036 79 45
166974 45 58
1659292 33 21
1808089 2 45
1131786 28 93
1788643 36 37
1754241 67 55
527637 25 99
1007650 45 73
1194241 13 37
1243560 41 41
1255292 64 6
1505550 75 37
346698 30 18
223389 46 7
598308 83 71
158928 5 13
805971 31 74
1455631 90 93
516831 38 79
587084 70 29
633181 94 34
499653 19 15
611032 7 10
34143 85 89
882030 43 58
206587 11 33
1005711 90 26
679275 98 37
898722 25 45
685938 44 87
618597 20 37
1497503 11 45
692055 93 1
574986 91 57
1015001 78 91
993609 6 69
1349616 68 94
124761 84 33
771858 65 63
1783692 1 49
754907 32 58
477989 24 87
571557 86 31
1558315 50 9
1034861 52 97
1690575 1 43
98434 99 97
401894 37 17
877230 10 46
1288397 47 83
499247 46 59
497040 14 85
1213053 48 5
238108 8 47
1777806 33 83
1639621 80 33
724037 94 58
1040004 93 71
1088026 45 72
921561 38 25
1790463 58 58
1351550 89 57
862118 79 4
170664 76 13
679592 94 82
1193083 9 85
1726524 15 55
799292 38 69
956068 42 78
15330 9 53
784131 64 95
1814683 31 49
1711743 69 57
1146474 79 55
274829 68 45
853866 29 49
965325 21 22
1822571 94 75
355656 79 46
1088034 4 17
770042 30 33
206337 73 71
1459332 34 54
1351200 100 85
239112 11 70
1450008 24 79
43149 65 33
1033053 63 9
1166514 91 65
169919 58 3
1908612 11 55
1305142 35 25
74048 62 97
230805 67 35
478087 14 90
32600 44 9
1506573 83 62
281449 21 17
330184 100 5
1152564 73 73
1735138 45 37
337809 50 29
806904 32 40
918508 23 13
877022 60 30
1254969 28 37
654575 92 30
815793 70 41
1701678 29 70
5968 41 73
255811 39 27
1564677 23 33
1473392 62 74
624500 88 83
286581 55 58
36130 6 65
194848 59 74
402213 16 69
1566125 47 8
142246 85 1
1074060 58 42
1068646 2 59
1597032 75 45
1404336 76 33
857166 8 33
1825881 52 81
695508 76 3
526329 71 21
694236 12 45
964323 25 63
889227 82 18
34293 10 65
850617 4 22
1616909 67 5
1252904 5 71
1869006 80 37
1180560 90 13
131470 85 87
1522449 94 76
140945 18 41
512665 52 6
1242534 46 87
1064511 98 90
1421124 53 45
884700 22 22
1787253 12 61
1603130 28 88
697104 13 53
10062 45 34
815789 40 53
1186797 99 80
823473 24 29
846307 44 58
1079433 1 89
1539886 94 92
1221115 11 25
1127853 86 54
768992 7 59
1103147 2 87
391560 98 97
1797846 89 94
675187 47 67
741912 85 12
832667 54 85
659977 58 21
1474092 53 25
1010385 89 26
337490 75 1
1843206 45 53
376881 37 79
813686 32 69
52239 4 21
1079751 71 81
1632565 33 69
1692450 33 33
161276 43 21
185552 26 14
1719381 45 73
511853 11 92
381340 80 9
567030 32 22
1795880 56 47
1121296 48 81
198675 28 5
644157 11 2
640168 7 61
918642 24 19
1773380 41 97
883709 44 65
1435326 28 91
1466845 64 58
999119 5 65
1509750 3 2
1694670 90 9
1089167 29 8
64473 13 73
1837312 52 33
1364366 34 27
16599 78 59
702641 51 21
572280 23 86
927702 56 43
365127 96 27
152558 70 45
214254 89 98
709224 54 29
1045613 76 58
905946 60 57
1251635 27 37
1094235 76 25
1660059 18 83
1328640 76 1
119335 63 73
428322 13 65
98197 91 67
358657 78 1
685005 1 49
457262 61 1
934041 64 1
291213 32 1
1294919 96 50
1462098 4 5
274383 14 4
113730 67 49
1623380 44 50
907302 34 57
662917 29 51
1554270 66 9
757476 87 61
881966 55 63
24864 32 1
1601634 53 65
1155705 51 17
106983 29 49
1632882 35 49
1022521 84 65
157487 94 50
1107693 89 67
927808 22 55
1528810 13 1
1910955 44 17
1815126 27 19
1122514 13 27
1622373 96 5
1064723 88 53
772978 25 23
1357893 59 54
1516550 14 1
1440811 17 1
981804 41 51
1057807 67 84
1373628 68 33
1880583 20 6
1028368 41 53
498713 71 1
1525869 1 41
1269410 46 57
821921 22 11
1206228 42 3
1794639 57 93
659142 20 53
974286 37 43
1073255 29 63
1121406 36 49
559602 17 1
1151508 54 33
1418312 76 34
559092 79 1
1336123 10 66
339287 82 71
1354905 28 35
1482876 98 57
952995 73 97
358020 59 57
281519 70 6
235834 94 49
20919 23 50
1231441 93 97
555096 38 67
899460 91 65
928977 31 49
1428128 8 49
1200681 89 3
145998 81 65
1050026 18 66
913458 20 3
14803 36 66
236420 26 73
1861551 48 66
638629 44 75
1260427 40 74
1245546 32 49
635200 42 70
1812737 78 73
1160940 95 55
1435279 13 81
248221 57 29
271269 2 29
1008828 12 68
408976 39 69
1719810 49 66
1740577 61 17
269741 90 5
1323276 50 73
184184 10 74
336952 17 9
599382 83 91
688843 6 85
1217263 66 49
1630044 78 59
1087157 50 4
976759 38 13
1355388 8 49
1294316 59 97
1268991 54 34
813924 61 65
1192040 56 49
1469913 5 51
69795 68 1
128421 95 97
1300805 50 66
1299810 59 83
404157 94 83
956926 96 57
173412 41 2
57112 8 37
1148028 23 16
400176 72 49
1815008 4 66
467265 73 99
175821 55 98
1331140 31 29
1723288 60 29
1714674 35 1
519371 84 7
295532 46 89
1023318 31 49
295935 7 97
424829 80 25
1795458 53 81
1345258 91 41
1328886 91 61
903333 87 14
434473 10 29
410464 82 49
889344 88 1
357529 89 49
227701 23 33
330132 21 2
1056497 53 77
1740206 33 31
399993 88 37
19950 85 29
1451086 43 1
1095795 46 1
127470 20 61
1914287 57 10
1853553 61 3
645964 72 50
1411072 20 45
1501881 92 66
861974 83 45
182993 32 4
12438 20 77
159236 34 78
541355 86 81
9555 93 56
1759477 45 17
587269 16 25
1881903 95 53
956239 19 58
1483102 23 69
498411 36 57
1688158 7 79
1082999 74 50
1432785 96 77
432339 23 10
1176402 9 49
1568007 67 80
1908688 53 1
563525 98 13
1207116 50 15
1868478 41 53
1657300 36 49
148422 87 58
1678484 73 77
307913 45 86
347388 2 33
1710709 98 42
626577 35 41
6327 27 65
558224 82 9
663458 67 62
84522 80 17
39167 53 34
234739 33 1
1571496 83 10
55863 76 29
1130780 66 8
1032678 68 45
9046 90 81
103222 28 67
881934 6 93
572857 55 9
620825 63 54
989667 48 57
11486 55 38
1450287 88 29
1149543 86 77
154014 25 3
356828 79 15
836856 24 5
973006 73 49
1581503 38 97
1014375 64 65
1645261 59 9
1211275 54 50
1705905 95 23
1200789 22 37
1421246 34 57
829503 97 61
927384 25 3
593691 36 13
878286 45 65
1710678 68 94
1404445 1 9
1599183 71 32
162703 15 97
944148 55 82
279513 83 5
649365 18 87
594268 38 41
1342227 92 50
1862446 57 25
1614389 98 90
1640025 58 37
767654 40 14
47351 21 81
1049523 30 40
39153 53 93
142456 15 50
423765 71 25
1563480 66 66
1100369 43 77
1384821 92 6
268007 47 3
679142 8 77
1524237 3 69
1504852 73 86
1786806 22 33
1351248 31 38
1600164 49 5
867449 17 50
1876887 47 1
339193 91 26
127709 34 49
1716750 11 45
1345914 64 25
1338354 13 46
1035417 78 65
1058203 46 97
237230 29 1
426978 82 29
1558421 96 33
1124651 70 14
891255 84 61
633631 14 33
1117771 75 1
414036 65 9
1667974 58 59
1472321 3 10
1702512 67 1
950900 66 57
1121799 1 51
966480 44 5
223976 54 57
1913271 94 54
1214886 79 57
1292520 27 60
1022224 25 1
1391697 28 65
915075 46 59
1671392 21 5
346296 55 61
1494473 82 18
522405 85 51
45408 15 60
546105 100 17
741762 13 21
1114587 26 75
499972 1 65
574816 89 77
617805 56 10
1155556 44 5
892350 46 19
1264146 14 81
804610 56 66
1483322 84 65
330021 55 82
1654009 51 13
1374621 67 9
679080 7 3
385528 93 78
100190 59 49
942153 92 81
1875710 6 1
548843 21 60
845865 3 85
1280504 19 86
630771 76 43
177168 10 89
1776671 16 41
955450 95 6
1154211 64 15
1835934 3 34
1277312 59 13
1464525 72 90
1384637 95 49
372053 37 99
159960 60 5
869874 56 53
1186184 92 1
1320243 24 75
1391465 88 65
693776 90 69
1535031 34 55
1154121 6 27
1544835 79 45
1570854 26 73
354383 21 97
644711 41 9
1912476 30 81
976404 67 1
176459 88 27
1513467 40 11
979558 53 1
631802 40 6
1883682 18 1
396467 40 68
848635 12 57
410409 67 49
321480 4 23
569392 48 6
1144917 62 69
882806 11 2
1372171 66 71
1413954 22 77
1905984 38 25
1594936 15 69
1813977 93 75
1026712 24 32
47236 18 21
35442 70 30
349914 80 23
844709 98 37
1659027 40 25
74321 23 21
847803 90 83
1762323 53 14
518656 59 81
1259801 29 10
1592523 47 31
1250640 96 82
324795 99 65
404316 32 33
298442 21 69
1785197 54 5
960162 28 37
775427 69 81
1419138 37 47
156672 22 39
618002 21 57
1259490 11 53
51699 6 25
689088 78 42
1365699 95 41
980463 66 73
1784472 2 23
1081607 66 2
1869048 63 21
198702 43 94
983948 7 55
1584672 38 1
1025556 13 61
613000 42 90
6036 68 61
642468 70 40
1067357 33 5
174996 87 89
706021 24 49
1733506 80 100
1493130 47 45
1480687 68 82
1262079 86 45
965346 27 13
414013 50 61
35683 30 41
1563282 82 5
674280 21 7
1836179 29 85
652677 97 2
228808 11 57
1359544 91 50
214152 79 49
967959 21 86
807564 54 33
1918233 32 33
454604 64 85
402282 50 66
1272282 46 37
1467615 59 5
1127521 59 85
1461066 25 41
203604 65 5
342203 73 91
176103 33 29
163900 60 2
652199 26 73
1029249 45 18
1334307 38 25
1063500 94 2
1534707 83 45
1045788 23 54
1070423 23 21
1206342 51 22
1297069 54 93
233321 43 14
946605 56 61
754141 73 77
1032917 23 37
1556490 94 83
1328801 56 61
1156921 96 17
1285551 4 1
13856 42 34
1725993 9 65
1358190 83 33
979963 56 83
177020 13 67
571032 8 17
1728522 34 9
99226 36 65
781191 60 43
678058 77 41
1812738 64 77
1000641 35 9
844148 81 39
1016013 63 93
735996 57 10
762254 40 75
14682 51 17
1163493 88 45
600926 61 77
1915344 61 95
1417737 97 94
413748 35 9
546231 82 81
465414 75 13
1598153 99 9
1607934 45 21
1726425 18 89
1904690 80 29
1759659 4 20
1134543 60 1
1412685 60 41
990876 44 15
1525185 48 70
86892 89 9
722610 56 94
509301 92 71
1531196 67 52
1777081 93 21
1030005 74 37
228638 58 7
1065257 2 14
1434120 26 97
1105622 28 25
467859 81 27
866115 52 83
1794782 55 49
733813 19 21
401325 100 97
444246 23 51
489430 66 93
1908540 86 49
860381 1 55
218720 7 22
55125 49 45
274592 9 30
416090 61 17
184527 69 11
1664263 76 77
190562 60 10
1860294 33 87
880555 28 62
1738457 61 29
1225728 95 45
1134910 15 49
668968 25 93
1507434 20 61
710675 44 14
1654561 30 63
1698726 47 12
981238 32 9
978132 15 10
1852722 46 11
1039824 33 67
1076946 6 1
1332093 13 42
1179944 91 47
1866535 84 77
248010 8 85
718345 44 13
1159779 44 29
765333 58 98
1686815 17 49
681206 63 21
1548639 92 67
1869125 53 92
1216030 40 25
1576488 17 42
224095 84 83
288284 75 30
1468602 2 25
356955 30 26
158596 59 91
601149 42 38
1470538 56 49
1919179 40 61
1713228 22 61
1799709 88 49
486896 4 13
730854 72 49
867245 22 7
1075296 12 19
932403 3 57
868289 71 50
556745 99 69
278595 20 3
200235 40 65
1779679 24 1
1906443 54 23
620163 85 23
512322 35 29
1821138 47 49
17841 79 63
1059331 44 61
824616 25 33
241778 79 82
1496169 60 79
1625265 86 18
1758640 6 61
1680250 56 37
512775 73 85
180392 37 88
701827 59 65
461181 18 30
562686 60 15
503369 98 10
321300 9 49
456376 15 61
673179 71 33
847419 98 61
632074 69 5
1327555 58 37
1694106 96 35
1056882 40 17
797758 30 1
162747 32 13
1384258 97 15
488680 52 36
718653 97 57
224009 87 49
1215133 84 95
1408734 1 71
917639 88 77
1387800 84 10
778806 81 29
1056504 20 15
1836305 77 61
1627779 26 49
1288122 14 31
397765 51 71
639285 63 25
1005212 88 94
531894 54 5
387072 57 27
726546 77 33
1512382 32 53
955491 90 17
169853 91 7
1503711 59 1
1715808 76 50
1038912 48 27
30842 63 68
1749735 23 17
532516 12 81
1555907 80 31
1585341 40 30
1433170 85 13
1100234 69 2
38097 20 25
1337045 41 60
813742 84 9
754470 92 21
846298 75 91
414015 38 80
1179765 94 1
638039 79 41
1115687 38 15
902592 95 14
749445 21 25
270462 77 62
523044 46 47
1632657 92 95
344036 73 73
519594 44 30
1583209 41 9
990181 53 25
1095858 7 65
437957 66 13
574725 31 17
153387 74 21
1336988 95 45
898991 63 98
1406292 27 81
757188 26 36
704615 52 69
387459 41 62
489902 3 87
1641468 96 67
31743 10 25
945548 54 57
177130 48 69
1117215 74 65
23233 66 1
1228136 22 81
152598 1 19
1389672 93 46
1518086 45 25
906687 57 97
1070980 66 13
1759751 61 29
511848 71 97
134716 82 86
16789 76 35
1103691 64 50
1149196 45 65
465168 53 62
861705 4 65
1767293 86 69
630328 71 21
1463283 70 2
920000 49 39
1072202 43 73
284091 72 13
148798 33 30
447942 66 41
365823 1 92
1328573 39 49
1348479 97 66
1015875 35 45
155130 43 42
552415 88 85
473271 100 98
903830 57 1
264964 4 37
989145 82 1
206733 5 90
1173898 88 43
236727 21 13
519582 18 1
1186100 80 41
1073019 85 49
650964 34 96
237538 8 33
1856295 71 30
1464691 13 93
261388 81 35
323922 46 61
695778 49 97
50880 9 31
99519 35 58
1628562 94 49
1573960 66 78
870624 78 29
987846 85 5
1363204 63 61
629454 60 13
519479 75 47
754954 97 16
1696365 26 9
1468666 69 81
1376209 69 21
1156041 34 77
442404 73 29
691886 97 1
1229832 63 63
715978 19 43
838724 17 41
1369869 62 86
1144437 71 39
814284 59 13
529758 85 5
882626 70 62
1542316 19 97
969828 45 3
1703676 67 5
894065 91 37
1233255 23 45
895328 52 20
1050626 29 77
527940 14 90
1584852 38 5
1782744 41 26
1587096 91 85
803554 64 57
835794 84 81
986343 93 59
1560166 28 41
1472182 94 30
86310 20 41
1537727 69 80
1248005 94 93
1030884 99 18
375624 50 79
1281887 49 30
595407 90 61
1323411 47 69
1576421 18 97
19188 86 75
1904668 94 41
803021 47 69
225525 1 45
1663681 55 26
471735 21 89
178875 42 2
39559 96 77
1620251 35 46
1060722 82 73
1778464 50 14
701100 72 15
1365906 88 84
395601 9 53
1259549 2 58
1086348 17 13
1173056 12 68
109639 87 33
1747395 48 34
269854 30 23
1312150 91 65
599736 54 33
1397857 86 46
309714 40 25
888288 19 12
794575 34 97
1178087 73 65
1867221 8 83
331239 11 43
949036 26 25
173337 57 30
1327057 22 43
952725 50 33
1480923 67 77
609537 98 94
647266 52 17
1661976 81 8
1643124 35 41
1047705 72 22
974028 53 71
1286498 23 82
580428 41 77
619335 32 6
1014443 82 31
1221245 63 12
496899 8 49
380785 83 65
866404 85 97
1408476 99 52
631541 77 13
924107 96 49
1665102 96 9
236850 50 97
723388 57 17
308862 73 2
816348 34 57
634041 56 69
411666 90 57
1626724 30 73
451355 53 17
1856472 9 54
1619007 21 69
880023 87 62
1419174 72 71
1638782 11 9
1778892 61 13
413271 82 6
587987 95 11
975935 32 11
1915143 3 1
1680539 93 69
373652 24 33
777015 87 61
1175809 85 77
840161 50 30
66825 39 17
574386 82 54
688016 10 29
634851 77 14
1826849 22 95
232069 51 14
549396 26 33
870405 81 13
174637 26 21
1455786 31 57
166177 10 57
672406 57 93
1898613 16 51
1817678 8 49
1271612 56 49
1358280 38 49
1234913 24 37
1897425 27 49
1571418 21 49
488387 1 13
1554611 14 63
1505310 1 11
169920 74 97
593798 31 5
471042 6 15
797631 17 95
1714970 55 57
1697733 15 62
1031222 74 29
1410564 56 8
876087 10 57
100092 26 50
1042875 66 81
1061559 17 95
1000724 44 89
1449557 42 66
842787 92 17
1267589 64 50
1517269 85 93
1906593 16 66
1027650 56 79
916904 94 11
941715 21 17
1801771 80 49
795479 73 15
1817037 10 13
523137 74 29
682754 41 50
227256 72 55
234987 100 67
1711900 52 25
623250 20 14
1387062 18 89
543118 99 71
243672 66 81
234981 93 89
1101754 85 25
860853 15 28
1678722 14 61
1423604 24 26
1257471 84 25
1727910 49 59
869694 75 93
366180 58 53
189383 31 53
1004110 91 43
1813089 58 1
508982 76 42
352746 3 75
379278 54 24
1825100 83 37
1631666 44 82
1074012 94 49
394303 70 98
1275776 1 9
1293372 17 45
895667 13 91
1296087 43 66
1474200 100 37
1786397 99 81
828778 75 53
1493736 65 60
574263 58 13
890390 70 77
707463 34 7
561998 94 89
1006670 4 49
1890072 93 29
714058 64 7
1654709 60 11
1825020 42 29
347332 87 54
1296513 44 39
1344909 16 23
1168274 72 53
1333354 65 25
540711 21 21
770573 61 83
1120265 31 65
1120068 49 5
1410622 95 99
1135132 92 76
247086 40 41
353598 53 22
1326531 88 31
1488177 64 26
1410766 47 29
750500 60 50
663678 44 77
735369 91 46
250580 27 93
1119954 65 81
437675 64 15
74833 38 71
756630 24 13
1527819 1 21
753623 20 1
631740 33 29
584012 57 45
451819 70 77
140484 91 97
182439 38 14
1042257 44 5
198459 8 85
1858563 88 7
183718 54 90
1353465 27 93
1031902 44 94
597729 6 81
1571445 30 5
148785 76 25
1833408 15 46
623655 60 79
1744409 95 58
105798 43 97
804924 87 29
231146 78 67
871180 92 35
910359 71 57
70869 53 69
958928 6 85
293130 37 91
1107742 82 49
1232385 2 49
741819 3 41
1467959 79 94
743240 46 77
832566 52 94
488167 2 37
1031545 54 11
785520 77 41
875075 24 18
1595238 18 95
548037 1 55
372945 23 89
820790 20 85
415524 6 51
1844700 39 2
1816591 9 49
1546722 37 97
1898531 65 83
1051449 24 66
991941 56 93
1397502 45 6
1765271 78 67
1523448 43 71
1278931 45 97
1283891 31 73
1560744 100 85
1137037 22 33
241420 7 69
1362777 65 69
46037 15 81
209450 10 91
1894548 3 5
1817968 22 85
310543 36 1
1097568 43 52
808112 39 97
846790 44 41
558765 98 97
1241446 55 64
342635 59 81
1882995 23 26
1309331 74 29
537882 67 64
1107315 36 97
950431 21 5
222591 20 41
96627 14 85
833388 25 57
1421388 94 33
1113702 86 49
816809 85 59
1219224 48 69
1647279 28 70
1553899 53 25
1252737 71 13
561246 25 29
1862559 96 34
1770398 42 41
255300 13 60
307363 86 65
1472794 38 37
1604907 48 65
32443 70 76
1580783 23 49
919701 49 50
1145158 63 55
744536 31 85
398268 11 93
1057657 59 41
1825700 47 31
897831 80 70
1550525 51 13
498813 35 69
122220 77 39
1917892 82 11
1507988 30 17
531267 41 86
334982 29 39
740506 8 41
1047069 89 9
1171793 5 78
1837257 89 59
1340613 41 47
1303893 51 17
418462 66 65
261471 57 21
155783 56 82
795922 36 5
636030 45 61
266566 45 73
1413963 42 56
12000 46 49
917026 78 26
1917552 83 75
1003635 84 28
394242 12 73
519486 100 73
145863 24 79
112081 38 50
986196 24 33
1699191 35 57
402005 8 57
1137861 83 3
206847 18 1
339350 96 50
734137 28 31
1130796 74 30
906326 34 25
1562936 3 1
528081 61 43
138607 57 65
176476 9 21
635895 100 2
1722261 90 43
602839 26 69
1625652 82 9
1801428 25 33
1348307 75 59
1281585 73 60
1638983 41 93
1690054 76 66
433749 63 53
572347 76 53
597681 32 57
995634 28 73
1549633 29 27
1847069 57 57
433485 82 5
951316 89 53
867410 71 49
1103697 17 25
762727 83 81
144306 50 34
1522539 23 59
1474556 2 1
974814 76 57
371517 67 10
1721136 28 17
569219 61 39
1504806 11 49
750151 15 73
823149 16 1
1475568 21 25
803880 86 17
1861129 23 70
143118 50 17
405637 62 35
600380 5 57
1542231 68 5
165009 53 7
993417 48 33
1352466 85 81
1072482 81 30
1839174 54 89
1142166 49 83
14347 31 65
702796 8 89
985389 87 27
1552439 69 90
1898213 97 41
1203291 42 93
1402384 81 37
1365174 84 15
1049286 99 73
1490185 34 21
552251 43 23
1482357 1 82
172402 32 65
366847 79 77
721350 99 77
198292 5 89
1758148 18 65
1710540 97 41
1211611 94 7
807689 15 76
1261761 28 57
1907543 40 6
1336187 27 37
1502235 66 12
362875 63 49
1682415 59 74
1873269 45 37
1551915 7 11
1363215 92 13
901380 58 54
1782415 56 77
1919231 62 3
1371618 92 13
1917061 27 34
1806364 63 37
883731 23 47
1444087 87 9
633840 14 38
165945 88 71
746122 79 40
1045941 86 73
1590741 83 77
950124 36 83
1032120 50 28
245058 3 65
244937 4 81
1123883 75 47
1253169 11 24
1192301 11 25
1017763 94 22
1297692 67 27
697982 88 20
977922 46 53
489780 57 65
656016 82 21
1677505 33 84
1498074 73 13
1319224 66 37
1374082 85 75
1197954 39 8
197204 49 25
989120 81 29
1553223 7 65
1240801 18 95
925171 6 29
513036 43 49
1054780 15 29
1899693 20 52
1794240 47 57
1630509 17 73
1348763 33 31
602706 69 53
212754 32 9
239889 95 62
1185243 82 81
1622315 91 81
582528 16 85
1526445 62 81
495289 95 55
729672 86 92
1627749 1 89
1259195 36 29
120671 7 3
397593 55 4
778347 81 49
1538931 36 18
1235007 40 29
849490 100 51
1365739 18 77
1449045 50 49
1598182 3 1
235813 75 27
1338942 36 89
687933 36 30
207404 69 61
701946 95 20
717234 38 53
1698710 78 9
836460 45 73
941882 40 77
1268512 7 73
1060884 3 58
1636073 61 31
1260156 35 32
339696 82 89
1051172 31 37
1024396 1 31
381381 20 64
1045927 8 17
256274 1 97
114693 94 35
736116 35 61
889487 84 1
742311 85 97
1303794 62 57
234581 29 52
1695159 96 21
1308771 43 14
149942 39 11
1395492 51 17
1904395 87 41
193767 93 93
1387674 57 97
992001 60 71
48547 83 33
138261 25 66
564326 96 67
1701941 90 11
1167714 51 25
626961 55 89
1210722 27 43
831537 27 2
663860 60 93
1818264 57 94
793629 26 19
67198 33 43
1514321 20 41
1347261 20 1
964577 34 55
1591170 3 1
572085 99 41
1368293 34 46
919982 50 1
329100 30 39
1356930 34 65
1677537 52 74
33906 28 37
1281184 58 60
444710 44 77
1208151 49 34
52130 17 65
219013 74 58
1033443 23 1
883775 73 46
563432 97 81
661809 38 58
639809 27 61
309570 12 38
185328 43 43
1489635 87 31
1418001 10 97
1240488 70 46
1712400 88 29
1849651 4 55
497739 41 25
936984 78 29
1796880 94 47
456129 78 20
130469 69 69
85112 25 5
537510 99 3
1248178 54 27
1080316 32 5
509244 60 37
515493 26 29
1685004 19 82
21366 57 49
1800555 89 9
184686 77 33
1366230 2 53
1894759 85 73
798984 79 13
596532 68 73
207759 20 50
1130716 59 89
1485018 41 98
1465534 46 43
485069 28 51
1851492 3 9
1022257 51 18
1371148 46 15
1898199 57 27
281747 23 73
1780518 99 49
1887975 52 73
1808125 36 28
1231594 18 57
1422912 81 78
94826 27 51
1775442 63 29
693189 14 73
1312298 70 58
1220376 61 51
523053 38 84
1390948 27 5
1503263 95 57
910329 94 39
310528 61 34
313443 1 65
625215 69 41
1394688 58 65
1386616 64 89
719604 82 45
1327862 83 6
1633515 66 25
699180 82 57
1437667 55 57
805379 65 50
1823373 92 73
944287 68 6
1410286 25 13
853965 91 33
1087505 97 5
1148230 74 1
1054290 73 5
1906783 79 25
1702836 34 27
736497 87 49
1376766 69 53
1404619 61 5
186246 47 15
565562 4 89
1833451 14 37
935793 55 9
1208384 17 45
718766 86 51
854814 42 49
195634 19 61
1470558 10 43
724374 89 3
1028628 67 29
1898039 2 1
1073286 9 97
240345 69 5
1904021 19 77
779637 43 21
1497238 58 57
1114805 55 83
1002330 70 65
1770086 50 41
1894709 23 67
1488402 83 99
1536118 69 73
1005817 73 53
602256 20 35
957098 83 100
1832725 53 49
455130 4 14
907886 64 93
338214 4 7
141303 28 69
1115841 51 77
691808 73 45
966552 36 27
973592 50 49
99864 37 33
1419309 41 91
1078947 8 77
1262962 38 21
885195 80 25
1488015 86 43
1050621 26 61
515850 70 37
1015218 6 66
549439 23 65
30438 8 37
1321583 69 49
317283 58 25
363819 67 3
1103418 9 12
921345 77 61
10593 46 6
930200 35 7
745063 60 82
1872792 20 21
973318 20 86
1182362 23 17
434721 59 7
1360375 66 5
454062 12 65
1353813 81 29
1142179 100 28
1074340 99 57
434745 84 93
594520 57 53
1303924 33 49
960843 57 65
1547866 91 58
68796 70 57
660564 85 72
1371348 82 81
752556 87 82
1517895 46 7
201362 42 13
22174 55 21
1750803 36 21
1324816 1 33
764340 15 22
1869204 88 65
1892161 96 58
754020 83 79
1257903 37 73
22436 35 13
65076 7 38
1295373 72 83
182936 73 8
709431 18 85
508713 36 13
610246 62 89
248828 68 80
1368054 45 29
59506 74 1
901664 9 81
164232 6 34
1019093 95 5
1177084 69 85
585567 62 31
1526439 16 78
371725 8 65
969939 20 65
477283 17 1
1800390 80 61
437427 27 61
83256 42 62
968996 42 9
103422 83 13
377961 46 45
384217 32 57
1351899 58 75
1719853 16 2
799539 55 65
209418 97 82
512397 37 73
561959 94 32
108462 80 85
430006 40 82
134340 70 85
1804761 31 19
670284 82 13
1256821 10 13
128403 5 59
1467938 31 50
438071 33 1
1616400 15 61
549210 28 59
1412461 72 7
472329 47 89
1753350 97 42
1606236 98 95
325344 72 82
1331729 99 81
482766 18 38
1022097 93 57
1429278 55 92
365624 28 89
329013 55 90
1723396 18 13
1705528 13 55
8133 30 77
1739065 94 78
291829 93 79
1526811 19 3
391872 87 61
280646 41 22
1621620 57 13
809520 34 39
1650207 26 1
1356243 45 9
925255 13 63
988722 82 92
422682 49 21
1662087 60 2
1585204 32 3
574686 7 93
807688 75 5
278159 5 50
1145406 59 29
842215 80 9
535648 13 93
731958 12 62
1664293 56 73
92822 99 57
371718 25 65
819920 9 22
1443258 57 7
1308975 51 93
1530247 31 9
9733 9 10
1787007 78 51
842784 90 73
132236 84 41
1355562 75 41
1391930 52 67
921307 22 71
1076337 75 57
11073 33 45
576021 15 37
978846 26 52
382302 95 29
810915 86 94
756972 45 97
1832740 21 15
1470209 38 1
168438 28 2
1789430 39 9
1014935 53 57
224400 67 1
642447 54 45
947128 28 13
1283283 54 90
1746154 54 77
176792 10 62
1866939 48 63
498253 2 55
441172 98 89
1772901 95 57
11292 19 1
169400 44 37
607725 68 89
389529 28 37
468772 51 37
802287 44 9
345849 23 57
520860 82 38
482301 74 41
394583 31 32
1842772 80 69
1418067 8 61
697730 67 81
1003273 54 57
1448493 95 81
707284 56 14
1421769 66 33
402357 81 89
1428711 74 77
102189 32 66
59940 51 79
1636493 33 74
24325 64 13
569223 96 61
185368 24 15
1525153 88 40
936093 24 49
1888112 27 90
1506311 70 73
335502 24 16
1273303 72 9
1203137 58 45
317382 18 69
728943 93 86
48496 21 61
1702362 85 14
610147 79 29
1143877 3 25
992601 44 25
1529283 67 77
1043526 82 89
699231 15 61
1205764 78 1
1449210 34 6
746121 29 43
930606 74 24
1374279 95 1
1747575 42 1
1302830 21 77
435965 62 12
638232 80 5
506139 3 90
1037399 74 21
1866948 55 37
581383 11 73
1600767 21 6
740628 28 17
899140 48 94
968478 3 1
210003 52 77
1462357 59 91
1818214 11 88
1000212 88 81
1367718 53 2
46923 38 49
1580661 39 2
1716633 55 65
1799053 94 22
1447434 83 19
861256 81 87
1159106 91 73
1343007 26 17
160213 6 53
1263988 25 14
90585 100 9
1891208 43 61
1855645 93 9
674676 33 19
1421454 31 41
1624946 3 90
860778 36 43
362945 63 58
1750615 65 61
1331748 6 21
948561 90 29
115866 2 32
565383 11 37
667068 77 13
573301 98 73
533661 59 76
1460553 7 25
1007265 24 6
529506 73 41
1236935 33 32
907745 97 61
1506267 80 81
1249697 51 57
1626357 38 99
1257783 84 21
200586 53 26
1451254 20 61
1081908 72 38
1678137 19 49
418132 99 17
736230 1 77
1514129 66 50
488199 30 1
271506 79 22
486117 28 65
922854 99 41
640845 10 61
1436263 70 2
1495674 65 61
1054089 13 53
792655 40 1
1305921 38 42
1310937 65 11
1326303 23 4
132117 45 61
1912977 74 18
32942 47 83
940900 100 85
740331 86 69
105356 83 70
1750546 45 19
1007304 98 98
784254 73 25
760858 27 26
208323 69 15
142385 85 87
735398 64 65
1469919 85 2
345029 28 47
80745 49 82
945225 100 9
829780 22 46
1765605 99 97
475227 66 55
733730 10 21
131603 95 82
221862 48 97
430147 14 42
904245 33 97
321879 36 22
421394 62 21
1189434 4 27
1349712 87 49
1446943 36 94
1483765 93 99
647049 34 37
1819218 76 65
1109370 1 78
383094 16 37
1872584 72 67
1637955 39 13
1322136 65 6
1807976 16 43
1275980 43 55
880185 68 41
1102296 30 1
1822122 60 9
1593474 25 73
828495 19 89
602847 94 69
1596708 53 3
241114 51 39
1801139 55 13
236592 56 25
1242701 92 53
370582 28 20
774822 97 5
1203730 10 57
1468979 82 57
473832 72 54
1698238 83 21
66933 78 97
933267 65 59
818904 75 51
1511998 39 29
1412967 59 78
628958 8 11
1878720 82 40
506061 17 61
1180015 59 61
904939 92 3
890538 79 5
54246 52 73
840824 94 58
1172928 80 37
65862 100 40
219272 27 77
1574658 14 34
859238 96 85
336751 14 25
1687443 27 13
214239 1 30
73264 82 53
808485 51 65
331749 32 81
340225 92 34
1397754 44 5
756691 94 49
1428904 98 65
37983 43 69
1884622 83 83
1217831 98 61
484167 53 13
345769 81 10
1261178 48 93
1448388 79 9
1057104 98 97
197037 10 97
398568 100 55
698759 44 51
1522844 39 49
807039 35 50
1389558 34 85
1121258 29 95
8991 38 29
851903 99 77
1848125 46 85
613401 25 15
1321336 34 61
1775872 45 74
1710981 93 67
1812543 56 46
948850 71 73
381312 4 30
801446 67 83
1853526 81 32
1840782 98 29
32498 2 90
754529 80 15
1023120 81 90
1143995 35 33
1470217 29 58
137925 65 19
791166 63 15
677920 78 41
1771806 40 94
879208 21 41
165310 40 49
1884672 48 81
325893 28 94
1476203 12 75
1148004 40 44
837484 75 97
1892103 89 74
1761477 60 63
520974 1 6
1332805 32 37
1455030 50 94
1016554 55 71
102569 81 54
1377216 60 5
1027309 17 37
892162 15 33
455487 66 18
1109114 93 61
1701128 73 54
1135476 3 95
1157822 81 20
1834950 14 57
240993 22 70
1421752 2 87
158747 80 84
575517 4 5
1321043 25 82
1340189 94 93
631629 97 64
816861 35 69
1326440 83 45
348030 27 67
561827 65 38
1144140 9 77
1300008 66 61
274208 44 99
1136519 85 98
439044 73 93
1441065 26 17
253583 61 17
1905030 12 8
1516719 90 25
29069 93 42
1575138 10 63
807781 30 8
1486505 30 49
571515 21 21
1410731 43 51
900573 4 84
1600497 94 61
1041878 31 65
390161 44 5
1664631 90 69
1072175 63 81
1143648 89 18
1878084 27 19
100499 85 41
202667 2 13
283797 48 38
1745523 73 75
1917646 97 56
1641384 31 89
1727831 34 2
848122 6 39
1616394 44 38
230791 55 57
1004980 50 41
239373 80 3
1195561 8 88
1038392 72 1
755190 48 34
1512734 29 13
1038991 97 30
1669587 82 73
1586491 7 1
1721101 94 5
677997 65 64
723526 75 33
1533756 38 10
1713771 67 25
1291115 52 72
1776677 33 1
1888848 90 78
365741 61 29
479604 65 19
1219041 74 13
1231452 73 82
764501 96 81
71652 37 74
21949 9 81
1335701 43 97
942942 37 61
122873 50 35
1215203 3 29
1164141 25 90
1879069 66 79
41773 43 53
1426401 57 13
1918023 2 73
362160 80 7
1127268 45 8
1734729 41 41
912238 1 69
417690 72 71
109396 38 96
1481401 18 13
1647381 97 25
1583550 13 9
285308 81 36
105444 100 33
1418942 58 37
665380 40 59
528102 60 78
100855 83 41
935336 95 6
713232 86 41
662486 69 10
1922886 19 45
655845 12 93
1464933 35 63
252551 76 11
1294920 48 1
315957 69 21
192350 80 21
1679628 82 6
1651570 27 69
1395659 85 30
776067 19 3
1370311 78 49
1697263 49 93
1672722 68 86
877232 60 43
1222399 59 29
1123689 67 49
1348653 60 13
828398 25 45
1143999 77 95
1407201 10 25
322058 9 74
844002 62 81
84288 88 43
539728 92 9
431403 71 66
67082 51 59
1450200 45 70
374517 99 97
1888461 48 94
161805 71 85
198288 12 27
1025202 61 29
917726 69 22
1191408 6 99
1224992 73 13
212952 83 9
199491 2 61
17982 93 65
858720 74 35
1380897 54 49
600671 61 65
275931 41 89
838854 62 39
1136319 51 61
1524577 79 61
377475 68 49
1854361 7 7
1494053 79 49
1134864 77 46
1200440 75 25
919353 18 17
1524636 39 17
790255 57 6
468328 33 49
1047822 47 57
1531243 20 41
948557 60 14
1786995 6 17
1193175 99 93
1568795 50 21
1650486 55 50
1547823 28 9
1787674 56 60
878952 8 61
147709 24 13
1521857 35 85
105282 73 86
1649846 20 49
801349 14 33
4560 64 1
1127993 30 83
87908 1 69
9411 65 86
946639 64 79
880371 19 79
1784133 5 17
630566 100 13
1031597 72 85
1728300 29 54
498588 60 93
1194080 32 13
1199451 15 81
417723 63 80
1484795 76 41
1043334 51 34
315056 26 1
935275 69 26
180780 72 25
1235703 45 93
1566995 15 43
1690140 73 29
1338958 83 37
565081 31 33
517140 74 1
94969 53 43
504664 22 69
795675 85 70
806788 52 87
344580 52 92
1464942 16 97
1400571 30 53
1507245 29 53
429840 65 43
1419260 71 33
1601597 57 14
404391 32 15
576923 73 65
800584 32 33
1249011 21 85
371642 100 7
1887352 41 26
951174 3 89
1276063 81 57
1428036 38 11
262872 14 94
1563701 71 1
1560105 18 6
818700 37 15
605874 23 6
1519722 99 1
540153 70 22
662304 89 69
1218039 36 75
1380513 11 53
182741 32 94
192715 63 77
1764834 13 42
1241040 44 5
1030018 1 2
143577 32 7
876305 49 33
518752 46 97
1191708 92 13
1260351 84 31
1553065 80 49
44667 9 45
1824945 81 50
233668 89 25
1011141 79 14
1075630 11 33
1222653 24 78
326364 100 7
844708 46 95
752919 100 41
722775 1 17
1902242 96 75
948425 23 77
165069 25 53
1299131 55 41
958996 18 47
21990 41 97
195576 14 9
231932 11 54
136143 84 69
1623668 79 60
488679 18 77
843804 90 54
647358 100 21
896148 82 3
993936 1 69
632094 35 9
1169460 54 19
121971 65 11
407389 88 49
239761 42 77
1888938 89 99
470271 79 83
775196 31 81
253704 38 65
446831 79 51
1598659 98 44
540456 63 81
269631 40 57
1013521 5 37
1340064 13 85
1616238 62 97
1711985 35 98
1639551 97 3
575945 52 100
1163863 60 97
289233 31 5
1509374 45 97
234799 11 7
424593 8 5
181362 17 10
1598767 87 9
198990 24 98
1484124 59 9
594414 77 2
1592967 50 1
1759548 92 8
908159 54 13
78336 39 18
965885 96 1
792255 36 13
861621 38 1
600445 7 18
526888 92 17
1754457 93 16
644368 40 9
1074460 6 5
429849 35 9
234327 30 97
833115 79 1
927297 73 26
9142 81 3
1793148 85 16
1470696 25 33
1714517 59 98
1191339 18 33
700542 15 30
324615 60 33
856789 7 2
1804380 22 5
917614 32 36
1783477 90 37
1405737 3 33
1514564 44 37
767037 29 31
670149 10 37
589260 62 97
84911 79 43
1193487 49 47
1564688 38 45
1388893 97 2
1873554 9 45
1014796 41 15
1649629 89 33
613728 31 2
1786342 97 17
1285780 51 47
1310202 44 41
660010 47 9
590988 59 51
288825 42 23
1462863 85 33
1175158 3 58
1234926 74 45
1366756 24 100
1420985 23 97
460674 17 66
396531 97 63
1439566 29 61
1084248 45 1
1129116 57 1
725060 1 3
843579 73 68
911707 87 65
1240375 5 98
766173 58 67
968916 86 61
98644 97 73
1517457 32 2
1923671 36 3
1713183 75 11
754542 11 61
744879 5 66
1839031 61 17
1759506 89 61
1060504 61 85
787251 27 77
112629 37 79
493551 77 2
727711 80 89
544671 72 86
1683538 92 5
1121962 55 64
1531113 45 93
522896 42 62
1772393 98 31
1135698 79 22
1298752 29 97
305742 89 2
896868 20 67
1386265 73 96
790585 1 69
1515342 55 37
1318787 98 3
848920 21 32
1300779 16 61
1260300 95 94
1246593 53 93
438939 33 6
147662 41 65
1134380 11 1
938979 78 61
1054260 11 4
1316162 53 17
1695621 87 33
702215 92 31
734402 92 46
952164 89 81
141842 89 81
871618 18 83
1045263 67 84
836837 100 13
23748 41 17
555465 31 69
109178 81 2
1153808 16 1
771264 79 33
878083 83 37
851089 77 44
320664 30 29
1842474 100 98
1867619 29 1
431901 48 31
649503 63 5
1003053 49 2
1764513 6 1
1279849 98 2
1239362 92 25
1003350 13 9
1333103 53 25
991544 100 29
1626243 57 97
529891 27 1
1686622 84 33
727002 44 10
1822260 86 97
828150 76 97
1643085 6 1
998173 54 4
1440687 30 25
914577 99 25
885519 33 49
1767980 60 29
907425 87 33
1461473 27 29
1506034 31 99
1395963 23 23
22957 62 1
516384 81 46
971835 68 27
1210987 16 43
1743079 48 33
537642 13 61
1183813 66 31
692709 82 2
1442151 25 33
1351689 21 2
1497505 71 67
1213386 62 100
1634092 20 5
299784 60 62
1176363 54 41
798719 28 69
547119 55 9
470625 92 66
1255659 21 31
647044 3 100
1075746 83 33
1554149 51 45
1827716 75 73
1586367 46 34
188790 99 29
1898560 16 66
1462275 27 3
657469 57 61
1468535 66 1
741408 93 37
1702304 79 39
424621 42 26
1485720 74 65
630108 68 42
190897 76 23
1417914 49 68
100435 35 97
1805716 12 98
1809708 13 97
357052 47 1
281871 80 97
99306 48 98
1191053 27 65
347056 1 64
775419 80 25
1034352 6 2
423065 20 97
418749 48 12
1111329 7 1
1199490 19 97
1697040 71 29
835698 4 97
107354 98 41
569403 88 81
1703461 19 99
1071589 9 41
940524 1 29
190761 52 5
852824 18 13
1689165 85 32
889080 21 25
1779008 78 50
1404675 5 97
1017548 94 7
1218318 77 25
1035852 28 42
1486914 69 21
1838776 52 1
1463274 32 65
1160337 97 1
622366 80 31
1317177 10 4
214333 63 93
656083 23 34
1337352 68 67
1687316 1 72
991952 59 73
1758537 13 70
593210 68 99
210911 1 25
679440 62 37
1390482 63 6
219890 25 23
712047 83 66
106097 47 93
141448 35 30
871335 91 57
196483 2 15
1536542 11 13
771330 35 61
1054419 4 15
232412 57 94
1741341 39 5
1128838 72 46
1703999 40 33
875619 15 22
224346 22 73
408775 81 42
1846977 50 33
19836 16 52
1398463 23 97
1825956 56 98
809256 74 97
917648 84 59
1450872 14 57
1499873 97 61
1661279 28 61
1200093 20 58
594486 82 53
453997 40 1
1160424 96 59
1439208 7 60
43677 80 61
1077903 32 58
931391 83 57
1202130 67 16
698712 98 13
961562 72 70
1435032 53 3
42393 71 57
612444 6 5
1669856 2 22
807768 91 99
1781985 5 75
1333861 72 1
1109100 83 6
1610592 40 57
783350 40 27
221856 26 9
1773351 48 97
1223566 27 15
1117827 15 100
63483 99 85
1813470 89 98
667878 75 31
838663 56 3
211260 11 29
1737759 10 54
661503 70 95
1084809 30 92
226521 36 93
1530193 56 86
580121 9 53
1228968 6 33
1011683 88 5
1247688 34 66
818415 81 91
1905415 21 43
312771 98 69
831177 64 74
1218348 74 49
1037255 66 91
1841088 58 17
1624855 47 38
281984 1 13
370902 57 7
1773498 29 93
460952 81 17
479268 28 1
324167 78 66
654636 73 93
690573 83 30
1251073 44 55
688820 46 24
1843137 21 97
316143 77 62
1370470 3 67
1162773 83 58
1785880 88 1
222288 46 66
754482 61 59
1462754 5 21
1099739 58 61
19635 55 54
1808338 92 73
1401649 29 72
289089 55 1
1163488 29 6
1101363 75 55
56382 96 67
1662627 11 65
280432 2 21
957954 3 63
1894849 3 82
90948 6 37
249705 4 42
1863359 69 55
1254674 84 19
962133 2 53
349827 96 74
213986 70 83
948189 80 59
808457 14 69
551811 32 86
69255 25 27
615433 60 26
758822 88 1
1146612 11 18
1291624 90 53
868803 53 97
587664 77 5
927529 30 90
1291109 31 57
1810494 99 61
971994 83 29
542026 31 5
1060848 11 91
581954 25 65
1177779 76 33
169953 14 69
1794871 97 29
1454494 18 33
277407 10 65
581305 62 33
60462 90 17
189603 51 20
331060 31 53
116303 40 26
830481 79 13
444539 87 93
711426 30 61
1185975 26 86
853589 97 73
898299 83 74
1476861 73 17
1456745 34 14
596578 30 3
839745 87 21
1388718 97 57
735633 83 57
1907244 48 3
1274504 38 53
845481 59 97
966810 36 25
875637 95 25
1466787 65 35
506991 48 53
387788 19 30
168446 80 93
119844 89 84
373586 76 9
1070328 83 1
419217 79 87
1737732 53 99
1325370 67 97
244773 48 81
1353898 49 53
127341 46 2
1147248 96 13
1833736 67 57
1422107 3 47
812136 66 99
977368 66 93
1230260 9 6
511734 74 41
1289775 67 7
706190 83 73
1317474 82 37
1233382 55 11
113559 40 29
1915896 19 85
1682349 69 25
303962 73 63
128205 97 60
193609 9 29
605195 90 18
114048 89 63
1145813 70 1
285574 9 1
1728141 79 53
1635805 10 35
680115 34 10
782388 82 85
105325 90 62
1114480 49 43
1899225 21 58
1190461 13 33
369026 8 97
545241 59 19
1686248 20 45
1726692 34 57
630756 38 74
1481746 29 33
1201754 76 23
1235583 21 25
1554525 24 29
741887 23 37
1807563 40 35
1228675 100 53
1406247 26 18
802347 84 83
1697233 14 18
266583 3 85
225864 42 18
1094762 13 53
50143 23 68
1635897 57 29
718666 19 93
1887052 45 83
130179 43 26
377464 17 69
1049773 71 25
1769661 68 19
1396750 56 89
1777654 51 85
1339473 62 61
882185 11 99
1452959 100 27
731709 57 53
1473501 15 94
1708498 59 37
1252710 96 24
70912 56 5
1035067 64 54
1481277 69 69
1465364 54 39
772634 36 61
1143195 88 90
357260 37 7
278984 53 36
1655469 3 49
1428612 72 26
837691 50 71
1675776 2 68
465038 33 61
331581 20 30
1439781 44 3
1005670 92 47
12932 32 97
1496655 52 85
922622 27 67
300212 84 82
304926 73 61
873662 43 18
1097030 64 31
1642146 27 30
233219 43 33
1074575 11 62
355833 26 25
1637793 52 17
418031 26 29
1459002 60 98
830238 31 25
1036424 4 30
668922 35 41
254138 32 22
1524161 7 23
329985 100 41
1415294 2 97
578532 55 62
1160694 40 7
728695 71 7
1866507 57 97
60333 11 86
1285034 3 75
1158661 96 19
384183 16 97
1250838 61 98
146382 83 3
1125096 80 3
117178 76 9
217224 7 17
76866 91 3
189491 5 98
586845 64 5
688275 64 10
482814 21 15
149819 46 98
896478 81 5
1180406 78 17
250190 88 21
59238 21 7
787436 1 13
1195127 74 98
1547739 34 3
411114 69 25
1842851 47 21
1530243 100 18
793325 51 17
1801626 97 19
1297548 4 9
1651453 79 25
702686 53 31
225261 62 1
176263 2 1
850123 83 10
332307 72 9
7489 12 31
1460321 28 97
882360 48 34
1467185 100 15
1607649 90 3
1010988 37 45
1844029 73 38
209070 85 37
590985 73 32
185727 71 33
1670751 77 41
898035 87 53
642641 58 3
1882028 94 5
276885 58 10
1087188 59 37
1440143 5 51
1472988 65 13
118175 100 97
410786 72 33
567828 22 12
1433298 63 45
1368170 27 37
236403 97 15
122166 30 36
147020 50 57
1270365 59 70
1861598 46 37
1888458 73 60
1829265 80 21
912629 68 49
1090604 10 65
82998 73 69
973510 63 77
1114747 9 1
372894 52 61
234228 34 79
1404811 75 1
14895 87 65
1063765 13 99
87270 1 13
1195452 25 69
472431 62 14
1591683 14 17
986841 43 75
645746 13 1
1644623 78 82
1105257 37 73
740437 50 72
678950 79 89
839583 79 14
1359218 69 15
363502 37 15
1676076 39 93
236816 50 13
1218008 21 81
92571 31 79
94542 35 1
848403 39 14
189045 28 81
986821 21 62
528439 10 5
1175571 66 14
218173 27 79
1311613 68 31
1671699 50 65
1697797 53 97
303408 72 75
1275408 62 43
1860194 100 9
1420900 4 49
705201 32 7
1739785 73 65
1427261 79 13
972150 91 33
617866 90 3
75494 76 13
898155 39 45
490682 28 97
1185036 96 17
723138 73 82
1560715 51 25
393702 36 42
867276 65 61
1118423 27 89
927131 93 33
940581 87 13
1483867 92 5
1178159 47 62
1438050 12 13
580235 19 90
1861364 40 27
344565 90 50
1324353 14 37
1477916 6 54
1438938 85 47
1742369 57 74
928242 84 1
709368 66 1
1251656 82 15
113419 100 42
1790259 71 29
1252953 8 5
311399 28 25
1653030 44 1
1849078 72 45
1746560 56 46
1868604 99 25
411340 91 40
411451 99 37
682101 56 34
1813132 6 41
303651 41 12
974025 40 97
539051 52 30
1722746 68 27
602220 83 44
569438 6 45
745532 68 25
1623270 4 51
120671 59 32
145333 88 33
1438695 36 53
386161 97 65
1387544 79 100
476136 25 65
1652992 3 14
1238511 83 61
1485327 75 27
1597280 23 41
1692254 30 98
307107 64 73
625631 5 2
72748 78 5
235647 68 13
1266689 7 15
1633758 15 35
532161 21 37
803409 98 97
768511 29 41
808821 9 46
349997 54 41
446572 52 5
711690 65 55
1093942 99 12
140742 7 25
1688169 66 29
1782558 66 29
895687 98 3
1139031 9 65
675182 32 78
1431837 91 43
1577829 59 57
655800 100 45
1436461 16 66
1538646 66 59
132344 49 67
1862047 18 29
1336941 89 37
1907339 44 59
152341 87 44
707388 75 25
1597500 76 77
1743047 73 95
421656 88 79
638441 18 5
1527978 30 94
113229 7 1
1825995 90 97
635537 46 73
116373 32 73
408662 4 51
1206718 41 2
1410210 79 97
1053480 58 61
387089 68 55
682857 79 17
698249 19 17
450015 34 5
871989 19 53
1155714 4 15
1762223 52 89
740145 7 97
755699 27 65
1435328 19 17
752544 79 53
1430697 1 34
389120 53 51
297105 92 89
718112 6 57
667966 64 18
324111 30 85
250534 61 11
1163292 89 33
1770354 100 89
269189 100 63
1870199 91 7
450123 10 57
1598336 68 18
375509 62 95
638748 76 57
1275328 90 9
518193 58 22
1032714 4 99
89774 57 16
1075140 92 81
1131792 76 17
802033 14 47
27397 45 100
396888 41 5
1068715 64 57
900732 91 39
861993 25 58
753508 47 77
764322 5 66
386247 42 37
757932 2 32
479856 22 37
1728888 58 49
355466 21 39
941351 84 65
614709 40 45
842915 72 37
1806343 16 63
818913 72 42
1517606 29 57
1848260 30 65
465975 87 1
1465825 27 15
371218 26 1
1733400 5 66
957001 46 69
995983 34 53
71229 58 9
12646 92 10
1572031 97 77
1758801 74 64
123196 46 9
1631763 44 66
603171 41 65
1090665 92 59
884257 12 69
1679415 92 58
1599375 63 13
132886 36 85
325299 35 65
1371869 75 98
1075703 98 55
25056 1 86
560360 97 9
241845 83 38
1007160 70 15
1843425 56 67
1640960 29 85
855720 6 77
36824 62 9
1315828 73 15
1094337 74 69
901192 51 66
636419 73 43
900981 47 47
1549458 8 73
1607555 29 98
1525434 49 33
820640 32 4
402593 37 61
625878 38 1
1666581 64 91
1318126 75 10
136623 51 85
1621032 65 77
1104701 76 15
828201 97 11
918500 25 13
1374905 43 73
1222956 29 9
1600461 30 72
1073034 76 5
1547739 96 57
208729 97 35
164410 15 20
837306 27 97
572432 45 62
1237809 35 69
353052 1 15
689286 16 69
1500871 72 77
127119 76 55
1557975 68 89
1732301 80 61
1235769 18 62
49472 10 17
173039 93 19
1759428 62 69
1620181 36 62
1515744 90 15
94008 25 61
351834 32 77
1753289 80 82
1243695 35 63
451203 5 30
908428 87 53
523953 40 1
656244 79 19
299839 31 12
77868 11 89
599106 32 69
623091 18 65
100077 26 96
747582 65 69
17008 75 70
786123 74 51
371798 18 32
499327 68 69
1844667 34 30
885409 86 59
836724 62 65
1422372 70 25
1697622 28 70
1214073 30 97
1584657 44 28
546521 33 1
110121 62 98
1698435 30 5
758917 70 56
1020402 68 61
1645620 67 2
1180367 44 69
848318 50 2
472104 39 73
1051937 23 17
155010 80 33
974487 12 56
1181237 1 73
1843650 59 25
352443 98 33
588116 68 19
842334 99 73
1677249 31 1
965276 51 99
867374 30 67
608511 2 37
1373455 87 37
6531 93 59
690744 36 71
1193229 46 9
269251 76 9
248526 10 43
308120 84 17
979169 31 29
278541 77 25
1552916 88 93
1047119 94 52
1874931 63 57
908505 22 82
892885 25 71
944496 62 72
1648789 23 1
158422 92 17
757089 25 3
595432 7 70
509758 96 85
1821498 54 97
394133 81 13
230475 56 4
417663 34 69
1360900 32 77
1634283 30 19
100095 53 34
1497137 45 13
1564991 8 94
943092 31 31
107021 40 2
1765187 45 73
246465 73 13
226175 73 3
1756356 81 14
1023264 82 53
305448 98 38
1450551 83 3
881166 87 12
1683519 38 69
1282125 32 17
111096 70 71
355709 30 61
638483 10 41
1772709 39 46
1331038 71 27
1811920 8 29
1293039 58 33
1712532 53 29
1364773 76 73
550116 20 33
1279254 54 73
596844 73 22
388806 16 7
954788 48 79
1629788 10 65
1232592 78 70
792765 33 17
1908060 81 54
1297539 48 97
764777 31 86
1729895 37 15
886533 80 34
858026 83 29
643019 30 57
1567236 24 35
1227039 19 23
1743153 19 1
1045989 24 70
931272 86 13
35845 83 4
83319 76 77
141298 95 37
98002 84 47
1610724 12 34
1521705 31 93
739401 10 46
895815 24 71
117680 93 97
126876 47 93
1563519 53 98
1052040 9 73
872586 80 71
918858 39 53
417088 96 1
1650108 24 21
383724 57 55
935757 8 41
502635 85 89
531879 16 43
265349 82 24
303670 53 13
1545441 57 54
473273 95 21
143725 96 54
28998 19 93
122037 75 94
285366 13 59
1566537 96 84
1223845 71 1
32088 70 30
94443 73 31
1277026 59 2
1659208 44 73
314442 64 17
1658816 55 29
277892 11 58
753207 89 65
1175658 4 86
380085 28 91
989112 77 42
712253 39 5
152852 32 33
296433 36 99
321353 72 100
1366288 36 93
305022 64 61
111041 56 29
565885 91 1
342165 60 5
510100 33 9
1768317 27 71
1288260 10 30
1046059 51 29
697176 48 9
1087929 88 27
327331 2 5
1566413 51 97
170436 71 93
621396 21 85
238982 96 79
210213 74 61
1605178 69 41
1723880 73 69
1855833 32 19
1362274 63 73
954611 74 22
1419969 13 33
142561 80 6
704189 34 97
1298862 100 1
203966 92 25
395561 39 99
686574 32 1
1392382 31 26
1873962 49 29
369411 63 28
976796 84 33
687751 27 29
1501893 78 23
1912887 13 22
1219624 51 9
1870920 82 5
1404171 43 29
1519960 86 98
117420 91 97
412280 42 26
1851722 59 43
1916046 95 21
1091899 91 21
625059 42 14
910134 6 13
1390966 49 98
1672867 21 17
1759611 96 21
574797 58 9
170971 6 41
883674 88 45
307344 81 6
1355789 83 33
93852 2 7
716613 11 25
481286 94 58
144951 26 97
83687 20 55
1716339 66 33
1886679 52 30
828027 21 23
1287164 38 36
1823817 40 29
1827083 99 38
832625 49 35
1371189 96 36
1108269 85 9
174651 5 2
564210 2 3
1843815 9 35
1055944 9 73
612264 66 97
733828 42 17
20150 98 73
385767 40 73
1792063 88 26
1375060 69 27
116442 49 76
1395869 48 25
998930 94 77
1028160 97 41
952816 96 46
979787 48 85
1669743 53 26
1190357 18 37
1018685 26 85
417600 66 89
604947 98 66
1408019 15 23
1895307 20 28
98106 25 93
690928 93 98
912966 42 93
123220 61 6
513477 43 89
1516932 83 97
1693196 41 63
1438079 100 61
758250 77 9
1351310 61 29
1855619 34 75
651624 5 93
1828844 60 5
429756 5 42
298629 48 39
874554 4 17
48046 86 69
423852 13 41
1872735 74 71
403170 21 1
1249653 86 77
693199 50 10
723965 60 13
1786185 67 84
355808 7 25
162788 14 38
1241508 100 89
297827 40 40
409240 91 1
1426503 72 53
48548 80 33
1666411 3 53
571680 47 29
1617822 65 90
1744321 61 99
44271 100 27
796843 46 93
847799 71 5
269478 26 3
552543 16 19
192669 72 29
1677546 78 10
982833 65 29
1594255 15 59
961053 40 21
1393310 5 89
1180908 9 99
1270206 21 17
1456339 48 53
1361715 34 34
923526 17 3
1308149 68 60
759531 99 69
1117170 61 33
1561722 93 75
359916 79 85
1764663 52 21
510776 69 97
1686405 67 17
237429 48 29
1182104 78 25
670574 21 26
49611 23 27
915973 72 26
297325 75 29
731712 68 49
1408018 10 55
170627 50 31
923796 69 5
336224 64 98
1756345 80 33
1167102 5 36
1913032 25 29
1128221 100 34
1462836 45 5
601464 26 35
1155540 58 49
901089 8 38
1516072 85 47
832213 20 25
1566072 27 29
772703 9 45
1885346 23 43
546327 87 67
526890 97 25
1470899 24 9
408051 78 27
1680099 43 40
145187 83 77
1514400 13 54
1279274 6 31
1183491 69 18
1322592 73 53
1776379 7 82
1424069 50 59
1364049 52 99
1297613 51 65
894317 58 97
1583841 50 5
1172563 40 27
1882184 47 89
1514094 80 33
1082009 75 67
1920368 43 27
93528 29 93
1567768 11 5
557112 28 41
652776 91 28
822491 82 65
836236 97 26
1371069 97 97
781094 3 29
674828 86 57
1692729 100 49
1301706 46 85
88186 90 73
692523 65 45
1418871 100 97
1517615 21 43
1170945 29 57
793920 38 57
813833 62 57
426618 12 83
1601376 8 41
380396 75 89
1488192 36 22
447556 80 89
1189712 30 20
162831 36 21
864765 44 29
1466894 63 99
1574388 10 93
1660657 96 61
272422 69 1
1885470 47 25
1047230 65 32
264488 20 13
1427136 12 37
1439316 24 33
750919 30 30
546597 35 17
758398 36 9
64057 83 5
1084107 27 1
1484319 86 61
746516 70 33
1902876 16 87
667167 53 46
1059566 98 17
1269441 84 26
133701 85 27
83600 58 27
819375 30 69
1278461 84 73
1176707 71 11
273045 37 52
1024606 34 21
597791 4 97
1775754 92 95
421151 99 13
523758 77 53
1548231 49 33
1435982 71 53
78516 47 23
1616610 29 37
962284 94 5
1221649 77 29
521424 40 23
1873879 21 69
556418 38 69
55860 28 97
737763 98 61
1557624 14 17
1621638 73 10
1620929 4 25
1765620 55 45
1506618 30 9
647818 48 57
1065725 59 25
1636362 99 30
1289422 46 85
713293 48 66
149268 82 11
1790098 89 20
282787 94 37
361980 75 26
645486 86 89
438091 31 73
1689204 42 97
769272 89 58
1594081 52 55
966630 95 58
947278 78 57
1862749 69 26
80154 61 63
162208 36 100
1655058 2 57
549834 63 82
1810863 27 57
1677704 88 28
1312326 16 85
906093 17 2
1300165 64 33
1893141 29 26
1620791 58 97
1523556 100 14
1852317 4 97
1916831 49 97
108072 39 41
285285 32 74
87420 85 75
592000 85 98
1612044 37 37
1472980 16 74
445609 47 97
498105 64 27
981429 60 33
1696061 36 81
96171 69 81
78165 79 35
1400695 17 57
1398573 68 82
1708548 95 81
854996 30 92
1753470 65 1
530037 52 13
1690628 56 83
147003 89 91
477775 34 77
1480127 76 53
1142820 94 95
1455932 21 79
710704 47 33
1796340 61 14
805852 68 17
1831324 29 79
1902183 56 33
1171172 26 90
239766 80 9
941049 82 73
399211 13 9
1022613 96 46
1761603 5 19
724647 62 92
971189 92 37
966165 76 73
1378203 58 9
1228697 24 20
1410399 64 73
279019 53 10
1525642 56 63
106941 21 89
705784 28 21
475148 2 41
422652 53 3
1288056 11 89
491657 48 25
858438 70 89
1130258 30 25
1367826 65 6
1835643 2 9
1046930 14 69
1236060 71 25
263217 82 100
1246830 43 37
1063202 50 25
948609 88 45
249380 54 49
793309 40 81
1406955 34 89
1679765 98 37
1875115 66 38
1641186 99 45
424960 31 78
1082996 19 65
946188 27 37
1891685 91 73
1916977 33 42
542520 50 59
1196641 8 44
57798 11 45
1099788 64 30
307850 83 37
151033 73 25
454005 34 85
1289870 54 18
924518 62 59
327921 43 90
377915 75 49
923814 15 53
1594389 86 65
173161 53 72
1310387 66 57
71478 43 34
543407 12 53
1281633 36 55
482301 39 33
1637268 41 86
1898221 60 95
81876 49 40
1324248 1 97
1505002 4 2
692460 68 85
1287326 56 70
1838667 70 53
548976 57 70
908726 34 93
365291 4 21
1813896 41 89
136348 66 18
44492 11 77
1378935 90 17
1358104 57 97
1817378 20 10
1698516 90 95
793275 70 18
1585784 60 25
1765077 32 2
1842235 62 51
1611912 66 28
581472 39 21
768626 52 14
1347955 96 55
1465383 17 57
910699 49 5
1209677 5 33
588603 99 91
1833055 54 96
806408 68 33
1771551 80 33
689874 100 31
607550 90 49
672882 87 25
1546161 92 18
703088 32 23
1895838 49 27
1519630 89 13
743715 2 49
1499418 64 47
1732262 73 81
1530199 23 21
733020 55 6
1374337 69 89
1625485 15 56
849372 61 81
1399408 46 17
727349 65 29
407493 45 100
1307174 65 85
1117765 32 22
1909086 5 57
1218604 59 29
497832 23 37
1799310 60 57
1468818 88 59
664654 77 61
959877 79 57
1002265 35 58
1323692 86 17
462600 2 19
1870531 69 53
1588795 77 33
229992 28 61
531198 61 26
783155 44 29
370818 18 45
1227763 56 71
1894844 5 63
214725 97 25
1498881 94 6
1098394 84 15
6213 93 55
1347647 52 57
1844916 28 69
262341 89 67
97685 82 81
1462136 40 57
1209873 20 6
1323089 8 35
1137321 53 31
1722831 51 77
481954 39 81
1813916 99 99
141156 55 55
453641 93 81
337574 63 2
1223919 69 93
1203837 8 32
186787 93 53
1656084 5 22
1905319 19 69
1532183 94 97
825822 92 53
439689 63 6
1577710 29 13
1753968 25 37
1009058 73 61
117927 63 6
1678365 3 39
709803 63 16
1029012 65 1
1291194 18 94
825569 14 41
1869380 41 85
57990 73 53
604119 33 14
1237170 61 99
984516 81 53
1452598 65 21
158035 8 41
572022 28 77
332108 7 71
1392972 94 61
597207 39 54
1465359 1 59
1171639 22 52
1670778 82 89
1207089 33 46
664179 90 85
148401 91 98
676582 19 33
470405 60 21
1582236 37 29
331210 42 36
990604 93 53
1652184 43 98
581720 53 71
253785 59 4
1462743 77 89
26884 49 25
1294367 64 77
1395921 48 56
1763930 26 37
855103 25 34
1873416 86 23
1742506 17 54
1629516 18 5
1129896 59 70
381642 38 19
1801359 61 42
1059093 69 17
209088 41 53
687796 63 15
734895 71 44
933090 39 9
1055573 78 98
547371 33 13
1011689 11 14
1925001 100 25
1618776 58 30
1510382 76 13
482941 81 19
503361 20 45
1231925 66 34
208868 8 27
452808 68 14
334588 49 37
1061651 15 9
1407570 57 13
945168 79 49
1751771 82 97
1815519 86 29
1457738 93 25
1808202 8 37
293148 40 13
14257 55 21
1194943 20 49
1745622 28 5
90845 62 29
1618340 64 41
787851 4 11
623846 54 50
1825522 3 29
1103184 71 54
1120658 58 51
1172241 1 10
1312848 62 13
1053896 87 1
196199 56 39
243552 23 36
113360 31 37
147241 27 21
904230 56 9
1143873 4 39
794608 81 41
522663 53 22
1755789 31 99
162697 46 41
1157019 92 81
1698428 37 29
637410 82 35
1040877 53 23
598447 96 65
262409 61 58
197112 57 69
1456670 74 58
1255234 18 25
1640139 68 74
346966 93 55
346569 64 32
939141 45 41
967284 10 30
1598395 28 71
1673715 91 47
506091 16 37
1913536 98 53
404235 10 89
362205 60 38
1460555 58 33
1749042 42 98
1429055 31 75
1697947 10 38
1776177 15 97
1027264 27 66
349280 30 9
827466 1 2
1922153 1 93
209733 28 73
555435 80 19
1198094 52 99
1451557 49 77
434952 59 89
100079 42 1
95064 4 14
614313 84 93
1207628 59 14
1578919 32 29
738261 8 23
57919 44 53
37103 64 13
1845519 15 13
1226716 34 90
998731 4 17
427299 48 42
38208 68 35
831012 97 47
1315125 95 73
73236 98 82
1343724 17 13
583581 65 10
1032189 76 9
159850 32 97
682896 60 73
751441 12 24
172003 50 33
1217448 46 30
511229 82 75
1852955 83 17
862398 1 41
1767630 39 30
1856794 42 29
1439424 80 6
929577 21 45
1092346 55 30
38961 35 7
762730 44 45
800197 22 37
1596606 74 33
414623 42 69
1008297 67 84
707754 52 57
825102 72 89
1634366 51 83
1910844 33 55
1867619 3 9
284498 74 22
731970 58 33
524893 8 36
1822781 46 37
1891773 64 22
1905077 57 51
1566714 84 43
540171 19 1
131580 55 41
439326 89 39
905388 56 38
1837501 35 33
784477 24 66
605358 49 15
1286635 28 38
410043 33 33
474651 99 21
295585 21 7
1606460 36 20
1810914 12 37
1129507 69 61
1474118 43 5
979845 59 70
1857877 5 53
1528289 72 22
509661 59 25
1329363 38 57
721186 71 57
1056903 67 49
986792 58 39
364801 15 27
1228167 45 69
1718145 1 81
551163 40 65
1608939 12 88
1030578 90 13
1552911 23 50
345543 69 31
167920 92 78
963996 16 65
1833627 41 30
1845559 16 11
1681975 79 88
661518 68 57
1075654 41 69
1546188 17 15
1594725 73 3
1061264 20 9
885685 86 93
1767039 26 67
1489843 68 40
608201 72 33
1823517 47 42
1450844 76 67
275477 3 36
69051 85 37
1305356 12 53
688704 99 9
995988 75 42
480369 88 85
1655924 37 66
1586709 78 57
445723 9 57
921604 63 77
879630 64 2
1804281 8 49
1013379 52 58
728808 37 97
1868463 7 42
650221 80 99
457011 10 25
1315735 15 29
1662114 45 29
189747 43 27
1652410 68 98
1762105 38 29
1480728 18 30
425021 40 71
1414600 70 10
770112 46 9
833169 6 98
522336 99 19
1532280 18 74
1102909 8 45
1127653 7 66
500685 73 67
339296 61 3
593394 24 13
896436 2 37
735987 22 99
661585 71 11
1420896 5 89
1658371 70 25
1019909 77 17
1560654 86 28
662287 56 97
1496840 82 30
1223928 29 39
1137817 68 42
399608 27 33
1081881 80 5
1223919 40 75
181009 33 78
510273 55 65
387100 79 29
411921 73 21
963126 24 92
365249 68 17
1527113 29 41
1757424 16 5
1194961 18 33
911442 60 85
1189986 90 5
271271 1 91
15392 92 25
1439460 78 93
1549229 99 50
97126 66 73
1121361 28 27
924590 67 93
1782906 98 89
1466694 13 19
1372376 89 44
753556 82 97
1048068 90 13
1120776 77 99
1255602 87 33
732195 73 1
1447635 37 37
1852284 51 73
1908189 46 8
1761053 43 29
1301962 18 65
1858014 28 99
637098 55 27
1703107 28 93
1689921 3 34
1822442 77 59
1557620 15 26
1190058 90 81
699885 80 37
1554819 83 31
579447 10 38
723076 94 1
864226 82 9
1697580 24 73
706857 51 87
1342907 7 89
389958 37 33
1091013 26 89
990897 18 85
1331136 93 33
958040 64 9
1028045 70 87
1307994 75 13
951045 40 21
295260 98 17
838284 64 7
1464549 68 81
1274408 10 45
1664991 69 2
1041230 41 63
62996 56 4
494994 6 69
43771 18 1
737356 8 87
1093908 86 18
770664 28 97
1132794 46 85
469683 93 71
499433 45 100
1602390 30 21
675291 70 57
1469051 7 25
1324032 50 91
790704 87 93
1837446 90 78
1867759 81 35
65403 74 99
951390 46 25
778346 68 38
1526154 39 19
1157584 17 15
198977 76 89
1801497 77 65
881268 98 49
1642847 43 42
1305558 39 49
1094715 32 49
94834 93 55
498558 65 60
788259 66 93
1143251 64 22
1104456 29 87
329954 59 34
692929 60 65
68112 58 81
398703 68 95
406902 31 2
674673 24 53
1367004 86 62
682701 40 41
304341 49 3
343466 86 89
1809513 72 2
148203 70 77
889708 30 99
882435 36 93
6852 67 65
1691459 74 83
1845346 95 10
179511 28 81
450905 17 9
1643177 60 3
976023 89 66
1219254 56 45
75097 80 66
1886697 38 47
1365778 77 44
1102017 74 29
550521 2 38
1044935 55 43
1102589 21 58
1028097 90 1
429999 64 58
626636 46 25
816573 22 50
218107 4 9
1579908 60 6
1520331 64 25
892919 13 51
379666 6 85
61218 89 98
600811 34 27
634665 64 61
1028052 74 53
1003745 92 21
319871 35 89
966546 29 86
783763 33 1
749936 79 62
1665036 49 11
868730 79 26
1210006 52 9
732333 98 93
171142 81 19
314630 35 6
1371882 46 57
782645 81 97
736418 12 91
1202859 82 33
979602 5 69
848959 59 45
272427 16 7
39727 69 40
1278547 53 45
1169277 83 69
299026 28 45
1134990 63 4
573624 6 17
287641 63 37
175798 100 25
1697703 29 8
797544 50 21
1513132 30 85
1680840 3 83
1565509 86 43
689787 19 45
1052136 80 34
1097205 22 97
1070080 71 56
1427688 37 29
1907304 68 38
1771498 100 19
1563600 37 88
1120634 99 17
989576 5 58
912222 67 75
1168209 95 88
57083 10 29
1460835 68 94
1099221 94 81
1788812 14 95
378846 78 89
1094195 79 81
199788 71 51
197757 93 92
1719414 8 21
1645914 75 50
1390059 51 15
354618 88 16
1229525 76 33
299073 4 33
993036 68 53
650899 39 55
1766952 36 93
736728 78 58
438401 43 43
1170618 14 26
653110 100 45
822864 67 42
1508796 83 57
1080025 26 72
17659 64 93
714195 29 69
1598242 21 97
756862 83 40
1603179 56 21
1389964 17 5
104158 44 11
210291 61 42
1445716 95 81
1398526 17 1
984915 75 39
402274 93 4
1126697 54 81
129522 31 97
341290 48 15
341877 24 76
1003692 18 85
1860403 83 58
813122 12 59
275940 5 63
341530 7 9
656316 69 89
1182504 32 59
1918212 75 15
1732078 79 49
553596 99 62
622126 67 25
1695825 9 68
473265 79 17
864119 45 33
1623499 26 47
1206252 8 92
1237622 43 97
1832795 75 50
436521 14 99
458652 66 46
1571598 76 53
98190 50 78
702234 37 95
1731520 76 26
1808796 90 13
30258 69 69
1382721 82 47
1015968 55 86
722349 76 25
279469 81 2
1450269 51 81
1532224 71 14
113033 28 17
1311492 12 66
323114 89 31
1163232 27 35
1401390 74 25
784491 48 61
1021176 25 33
1700190 32 80
939793 7 5
130715 7 26
1662063 29 81
287774 39 91
1562385 1 37
415956 2 98
1482019 35 5
1607662 90 68
174852 78 61
1394387 52 54
281612 81 43
1159266 86 27
450130 95 61
1632289 84 22
573465 66 3
860421 61 18
252806 38 53
1142685 38 38
226810 13 87
12903 11 47
504567 74 73
905921 43 5
1049521 92 91
609993 18 4
1555907 89 33
369284 24 93
1790829 35 15
37251 94 61
219730 14 37
588447 52 98
1372926 73 89
581254 63 63
927978 25 45
1267846 24 1
1837628 78 45
1373211 71 98
949196 80 45
710645 2 49
1306362 46 51
284020 64 46
1721774 32 53
1286946 78 98
1588194 73 51
630522 58 97
121581 92 45
1002303 8 54
248122 76 49
1533900 20 56
178474 52 65
208733 2 65
1517346 99 97
1172649 97 45
243916 8 49
839421 80 49
967811 11 13
1846654 12 52
119790 94 17
1426466 93 45
1384549 46 49
1545810 22 46
1123939 90 49
153849 97 66
1882962 61 15
601350 91 98
1480620 81 29
1046319 88 29
643787 46 83
1432752 6 36
1553343 76 45
1633161 38 33
676197 95 3
1919853 9 35
571423 70 9
932063 43 77
1755477 14 91
1700770 15 54
1857040 95 13
1124754 76 54
909931 9 5
1694874 61 47
1784646 35 93
582376 88 45
396568 44 45
1217334 75 15
1500520 51 49
1915009 44 1
1404036 96 99
1453056 46 48
1408269 75 53
968949 50 85
854218 31 83
13119 22 48
287952 12 65
1781835 63 1
1697594 18 93
57234 9 98
44016 62 49
1652888 31 13
328473 10 65
569868 36 99
1327578 89 53
453549 13 17
1369141 14 13
1684230 18 67
1439172 3 13
593013 77 6
484092 36 73
1066338 33 12
1891418 26 61
957753 86 10
737304 11 71
1558711 63 26
716649 76 25
358533 77 49
1843100 40 29
148388 3 17
984753 95 61
1588308 68 9
822386 24 61
1413939 52 19
1470144 71 73
807534 47 22
150891 32 75
385881 47 69
777378 16 65
776016 78 66
851163 78 67
966887 45 15
1612335 45 33
1748748 35 49
45653 44 29
1001529 28 50
1609820 33 13
1156889 43 34
1505520 36 83
553111 62 42
1842937 72 85
772392 63 42
1689029 11 89
389861 51 53
1270788 94 49
891088 93 37
958522 4 7
820170 26 43
1174466 83 9
897243 27 82
564474 19 35
717525 62 79
1601039 15 33
1084680 54 14
1625694 69 13
1542038 81 97
1809639 75 5
721661 36 65
347190 87 39
1314120 33 16
877345 23 1
39530 27 2
338010 67 9
1517990 67 98
296472 41 73
1204263 38 1
182513 86 31
264039 56 73
792282 95 29
1878713 40 5
1318104 83 97
509391 79 77
1438093 65 97
104699 46 45
1159137 75 35
77044 54 4
1260444 50 33
473676 9 5
262174 38 53
1474926 100 9
23286 87 49
1360324 72 94
1568971 73 65
204012 67 97
1253052 12 21
1680021 72 45
1873113 96 27
750369 31 2
1446323 38 25
314853 10 9
1729571 50 39
240743 12 36
190431 21 45
514626 97 2
358075 20 65
960789 38 41
1490465 47 49
782608 14 30
896520 2 9
338596 5 48
38475 69 57
1238130 40 62
1318800 36 49
1199607 75 30
193263 1 9
158818 84 74
132042 24 11
1571694 6 5
1869501 28 49
1021306 7 29
439452 84 51
1666977 99 12
1836139 45 25
1888671 82 2
1574069 90 65
8791 47 31
313701 45 45
1049787 57 45
875653 10 81
1112526 71 46
548660 1 13
1781489 51 57
891036 7 57
974283 35 3
280878 89 41
89940 96 25
294744 4 11
1759258 43 18
588537 63 41
1912566 65 77
169973 42 97
1654872 10 95
780926 52 77
20768 12 30
314271 44 41
1338205 54 19
642686 16 49
1129284 87 46
1565904 98 5
1548354 95 75
184977 40 65
1220505 13 34
1718723 65 59
74373 64 36
317287 28 13
611676 84 6
1350666 74 67
593369 98 77
966221 47 9
1099548 85 29
1244515 45 55
287415 88 89
145338 51 61
879892 5 86
405677 1 35
1611144 19 20
811675 52 29
1457718 92 1
819348 93 65
273528 94 31
1530052 96 37
1794540 62 81
1570206 5 9
713420 13 26
1688697 71 33
1840546 82 33
587362 34 13
1341117 22 50
622823 24 1
1732595 82 2
398538 97 11
914464 88 8
155941 19 17
659628 1 13
1071823 67 45
1376224 6 41
1754175 69 93
1603617 91 57
637570 69 61
180984 32 79
1420050 1 33
474956 52 6
397287 59 9
1208096 72 27
1151254 97 73
1297191 11 90
1789950 7 49
140854 35 71
1089648 61 5
579528 21 78
1083502 70 65
666396 6 46
1418792 66 1
1457369 82 53
1499865 91 55
787018 99 54
361479 62 53
1600125 12 1
230167 29 1
305918 77 57
1850967 34 1
1674304 97 9
761866 6 1
1485267 45 3
1507645 85 17
1660390 2 9
1879623 81 5
1699467 43 11
1304729 63 21
453339 88 65
655520 16 53
938233 92 69
807756 64 13
1590265 83 61
998526 87 5
1233489 72 4
1520491 43 61
1025349 29 6
1753506 83 69
1091255 32 84
429372 97 9
288819 16 29
897181 59 69
645062 4 13
1228290 42 49
1387344 19 57
246842 39 5
1783845 16 37
1204920 11 53
541292 97 85
1520472 35 59
580974 7 3
210930 1 5
1519791 52 58
1017735 63 57
1411214 8 36
941751 21 57
1512484 4 57
1130232 27 7
733806 77 15
1740886 55 93
656361 76 93
263364 29 89
47762 67 99
629829 36 65
1805562 44 54
268585 80 81
290475 52 56
17766 88 89
85485 4 17
535843 76 55
1694976 86 19
506749 80 61
1924032 51 10
1282158 48 23
1347549 68 46
1634654 68 1
964725 39 69
957429 35 17
1049421 63 24
582318 4 1
408839 78 6
508857 23 7
9288 30 19
1573772 58 1
739349 4 58
1449225 2 49
373276 11 67
1252517 72 81
389052 19 78
1309003 29 9
919885 20 67
985761 9 85
1571235 89 70
226094 22 47
1152507 21 54
1299966 60 29
499071 21 62
1824282 8 69
321852 3 71
1454865 88 17
681345 82 78
659257 18 25
1056083 69 12
996837 65 69
722225 56 78
1546171 65 87
602790 94 28
838050 47 49
1192618 69 93
276849 70 99
619955 81 55
1645075 41 85
342708 45 42
860809 40 17
389928 44 99
160287 32 89
336263 64 89
1542295 69 57
1142622 63 60
888399 49 89
1753528 16 9
209052 43 67
420401 97 92
354952 28 9
454926 25 46
1438182 33 29
113832 57 80
247509 89 25
1661835 93 54
614422 22 95
1116288 2 38
866507 20 85
468868 57 90
371727 9 19
985345 88 31
626470 20 49
1420569 46 78
780346 10 19
1518247 29 55
685506 40 33
264779 97 34
1240718 16 31
998364 1 55
170237 31 57
1380442 48 77
555876 8 53
227088 78 6
1233043 77 45
1510731 23 42
67307 14 83
1396864 72 84
326673 77 41
275413 61 6
1221408 1 27
373041 4 67
836634 52 13
318080 72 22
681507 12 41
848005 48 47
1514610 50 25
1345701 73 57
206399 30 59
813265 80 83
575361 32 85
1702315 8 58
958465 5 3
1742376 20 17
475295 30 29
200204 54 17
718776 75 27
1480594 10 99
1913715 35 57
1677465 7 82
806426 2 73
598216 85 74
1228011 69 93
364218 41 94
732234 34 31
1572432 43 8
1523937 93 61
238645 87 69
953199 3 45
788289 17 33
1658989 15 93
330393 24 6
1093260 11 33
407549 77 86
215856 70 77
1739647 44 30
668889 33 67
1632150 90 69
1052763 8 5
1754399 47 26
1732104 28 67
1434097 7 96
1643675 67 21
943608 79 33
1584003 10 27
562570 48 8
447498 35 5
1305769 18 18
1244846 4 39
664422 28 56
476066 79 49
847457 55 93
1509078 26 31
1454135 83 2
1581516 77 45
362475 82 86
1464992 62 87
381930 44 65
111972 37 21
1123847 24 93
1676658 6 5
946410 55 72
320439 28 17
825458 40 50
329688 90 45
531456 47 67
134591 98 5
930807 6 65
70139 46 45
180289 18 84
214890 82 29
685223 81 46
1167669 48 67
255375 29 51
617407 78 29
457850 6 70
1569216 17 91
1646056 78 1
1886496 94 57
216990 52 73
573406 14 27
465017 68 58
1806588 76 77
1910389 14 45
1792073 5 49
610680 88 18
1561514 24 29
863711 27 77
1808862 28 89
1908455 65 53
118460 13 61
1181727 8 82
1528724 90 29
377647 53 62
809523 96 29
540956 54 97
910850 84 97
1594587 23 68
1126863 83 97
1228585 7 65
71892 6 29
724837 85 30
855216 57 77
156243 41 50
1499050 14 73
305992 71 54
1593237 69 29
1497551 38 86
807861 72 41
57186 68 41
490256 32 97
148240 43 97
445818 7 5
631256 78 97
45401 15 97
930486 27 13
878208 43 1
436612 75 97
26973 80 1
632123 86 50
1103599 44 3
1444356 86 100
526177 56 17
902675 89 97
1426488 42 11
1857669 45 61
1157918 62 9
1688796 8 70
1251441 78 15
546664 21 15
24183 14 77
103814 46 61
682277 69 99
861075 19 45
1719606 77 61
407584 45 65
1461861 74 63
507693 36 68
1612687 11 29
1405443 26 17
503725 84 59
780786 38 50
578517 32 17
887236 43 46
697459 9 73
1839906 6 5
1096110 64 49
413756 86 41
1610073 69 97
1179734 17 33
871108 81 65
753897 57 46
382446 54 65
762406 2 35
872136 87 13
1787944 14 1
946883 88 41
324804 37 39
1403604 31 61
881591 96 66
1752924 77 7
1760220 77 39
1356773 87 1
381582 63 14
109454 42 97
1396880 71 60
1533600 1 9
12234 21 30
1521347 16 57
846288 69 100
88285 52 21
1599815 97 34
1381653 82 31
251267 42 34
82492 11 53
744462 60 34
1735645 34 13
1413905 99 90
1726821 34 73
1163625 51 50
874818 61 27
1427265 78 97
1322179 43 13
756582 34 18
209532 99 51
1583360 62 12
15802 50 61
1129713 10 26
133633 67 99
139993 25 54
771930 58 13
1513585 97 66
770648 7 79
1684593 34 7
87112 93 73
971930 18 21
1712202 55 13
1521770 26 79
1699309 57 49
1852623 99 81
1797384 53 47
669526 34 4
467157 14 77
1674774 46 30
780824 8 31
1782315 10 23
1889154 61 85
1504657 34 50
88119 80 83
660662 2 85
988126 78 61
1770006 62 74
1717257 12 57
373680 45 81
1925595 16 25
58326 15 41
1065039 37 99
1819422 14 36
480926 27 5
1427778 96 49
536508 87 11
817029 23 40
1208780 16 77
329484 3 18
1631577 62 95
696780 8 21
952695 24 45
1565278 24 57
1404759 23 97
874221 92 18
481082 23 97
1314416 13 85
1632441 99 31
684117 2 99
147038 62 13
30114 90 78
1169720 48 19
1655163 6 83
1699626 25 77
495634 66 61
1006009 61 89
1259871 34 16
1012191 35 73
1870920 68 42
1610991 11 49
1632412 87 89
1578377 11 85
1784250 39 49
758796 33 55
1560499 53 20
1263129 93 33
1008860 17 30
244486 88 87
719352 65 60
1337634 60 37
714356 50 53
499962 16 53
203022 81 48
481644 57 61
1670514 48 37
1355308 62 99
1632616 45 65
1214622 68 41
493537 41 61
1348524 59 7
1305735 62 61
355381 26 57
256223 38 21
1012953 80 49
649388 32 89
449131 64 33
1003671 99 53
1336204 55 9
301658 29 33
1128246 18 9
409185 60 61
228071 13 83
676905 28 33
525556 38 93
943730 35 34
920709 32 31
385814 64 18
407252 70 97
624699 35 6
1025413 70 69
289177 32 41
1363104 7 85
1438033 54 77
1142102 23 97
1660329 35 60
1397960 12 81
765612 93 42
1385742 25 85
974841 88 44
1871148 15 21
1418901 33 90
596118 58 15
112384 18 30
321651 62 17
778401 99 34
1445108 46 91
429996 94 81
1885447 57 41
886917 1 90
1118499 45 19
117426 49 70
1413800 42 77
303588 50 50
1720749 5 49
1309244 16 73
25167 42 37
907583 13 41
583520 96 45
1426755 58 7
78710 11 13
419850 4 93
687069 70 95
683411 35 45
1680742 64 37
648690 88 73
1797116 34 73
1528305 79 69
570237 56 57
824368 57 6
304800 86 89
701415 78 63
1427510 98 93
535567 44 9
553776 50 93
1329931 38 82
1135138 18 13
722034 16 18
1475449 17 87
1598190 97 18
22410 73 13
310487 84 13
1144503 82 93
1373364 54 45
1631846 37 73
817867 34 98
106623 45 77
1755850 22 45
275028 62 29
1102104 59 10
323631 79 93
648138 89 12
978183 75 57
1606830 6 50
982503 10 57
1006299 91 23
1026499 72 29
261371 86 21
577206 81 15
1097339 40 3
872833 38 9
1081005 32 58
1821072 86 71
144909 38 50
1898364 37 81
1301508 31 57
1720753 85 71
564543 53 17
1026524 1 13
998823 65 9
1646688 12 71
1116306 52 30
1541526 75 85
590745 12 33
1789275 84 3
1786624 2 100
647361 36 17
835390 68 70
1080286 20 55
1796703 87 57
1459314 50 97
357368 12 70
554454 63 97
1222812 39 68
1634262 46 53
1778733 52 14
110393 11 21
1296554 12 19
1559604 83 61
1754806 98 65
223214 24 15
567378 60 70
13964 85 69
972252 64 97
348768 53 29
1393760 33 9
873779 93 29
1269642 80 33
1109988 53 53
930601 24 39
460050 71 77
1904040 54 86
1313900 13 77
1201113 24 4
163201 96 21
1018474 22 62
513993 54 17
587659 47 29
484441 89 89
254919 89 53
1131773 6 57
1736054 50 65
1373238 52 13
545832 88 70
1166947 26 5
1724856 49 98
916568 78 1
1109028 51 77
1762383 86 85
1377181 30 93
323525 40 89
1165914 47 57
26729 59 41
226018 57 83
1465479 30 49
245164 27 98
599631 48 9
1587324 99 96
1590296 26 17
106035 17 77
1676322 4 49
572677 42 68
238933 33 33
603816 35 13
1822514 87 37
1716019 33 28
731907 27 65
942533 88 85
964738 92 23
1454940 50 99
1523275 4 17
81531 11 9
1369716 55 83
239404 25 98
1802772 70 17
1520766 87 81
337723 15 63
81135 2 32
135549 29 57
1511081 1 66
374306 29 3
857508 48 97
1704026 96 77
180855 58 62
1699884 58 91
1063765 59 76
590121 69 9
1703340 79 86
1740637 5 65
1483983 48 64
1344999 87 89
966458 17 22
1818219 21 11
1079907 9 81
64967 51 9
1183629 53 66
161883 30 69
1244620 35 86
1665407 41 57
771897 28 18
1723043 98 23
1397284 70 73
291429 88 65
468826 32 9
75312 7 35
1720260 78 18
1692194 68 9
746307 42 94
43776 94 21
1479194 87 77
1578787 23 1
1838862 20 13
1208561 33 37
344684 31 35
1913436 70 57
1353871 29 18
1100955 65 81
956277 91 74
1117299 57 89
223762 98 78
793119 2 51
1184315 59 83
23300 76 53
432198 12 42
568841 88 57
815498 3 84
1833069 40 69
596795 75 18
1542011 50 65
629757 97 7
717672 90 25
1367379 61 33
1789389 80 41
1876445 84 81
498108 10 17
56937 47 49
658479 98 89
1614339 77 18
1061007 35 13
1150257 83 78
594227 94 11
1678788 24 97
905054 49 37
1412574 51 65
1038831 19 31
1063252 54 4
1206379 71 17
1324026 30 29
537513 8 99
1122021 57 66
375867 43 65
740246 52 69
1832538 65 15
97644 17 59
1561194 79 77
1005676 94 61
307137 45 97
1750220 4 74
78277 57 21
250515 37 6
780664 23 77
372298 20 69
1312197 89 97
56337 64 66
989794 62 29
1347240 8 10
461173 85 33
696074 64 57
810864 16 37
1425455 48 63
898909 22 41
1709589 16 46
1579118 33 17
562759 68 88
1843122 30 89
1367958 94 14
538174 94 31
1302948 74 70
1201312 95 1
1522403 100 61
1851669 3 5
699884 5 78
1767103 98 37
1281513 35 61
191384 60 87
1063952 94 86
1468908 49 45
1556728 83 22
1680219 32 9
1556160 30 52
377541 73 89
1097853 23 58
1356783 89 41
237655 39 37
521951 39 53
679158 35 26
1141687 49 99
813336 70 100
232986 94 57
1045442 96 82
1601149 69 45
1748631 77 96
751839 75 85
205286 36 90
1901709 78 49
935672 45 82
868482 64 53
1352451 45 81
1505340 81 51
172822 7 90
115146 37 17
1063354 83 41
981750 6 11
167076 86 88
289899 82 81
816453 12 97
465900 90 65
833391 13 58
1746767 25 73
1068636 44 54
880758 69 69
395086 83 76
859860 53 73
1306523 37 26
1513149 5 31
1340109 100 60
1824665 99 57
736496 16 93
618168 87 55
1164437 65 99
629512 57 1
1016442 97 85
432668 21 61
593255 64 68
1072839 51 49
949284 87 17
892235 33 1
128178 68 87
564984 16 65
1776818 80 37
1041345 70 61
1047219 53 93
350415 93 9
137565 99 18
378283 89 69
836408 41 22
459708 61 1
1889034 12 41
621917 6 63
406170 95 77
128426 5 53
764247 4 33
1164939 12 55
450307 63 96
429122 36 29
1872045 52 25
1538114 85 21
933014 93 52
1750446 34 57
921553 62 66
1851460 49 79
1228509 50 83
329261 97 49
72415 85 26
1440378 88 23
349867 23 73
880014 44 45
1788939 66 26
858960 83 49
788409 84 3
1468401 72 77
47535 28 49
1013497 92 3
602274 83 45
1347201 60 61
1684134 65 9
1555074 77 7
1768366 38 10
1423334 61 25
959799 86 25
1374056 86 39
1640437 20 85
1074396 93 85
1760570 19 69
1610038 57 67
467262 96 27
992863 75 49
269499 74 69
523200 22 45
14379 98 42
1734616 59 41
906603 49 73
822983 28 89
373013 28 25
1398870 67 69
1024024 67 81
972774 55 51
591036 32 70
590703 90 49
1558672 11 58
250212 42 3
433059 47 86
1607858 40 81
427905 28 82
1784372 23 77
1760125 90 31
1400988 94 5
78184 79 1
1276965 4 79
1111146 17 3
1106202 10 29
825205 50 70
492291 9 81
1755528 99 81
734350 82 5
1821312 73 1
1726998 64 77
1590288 32 52
711744 90 93
126296 97 69
1380158 85 97
249687 53 39
1188166 95 49
1023349 29 73
1780788 54 85
1034897 60 47
531306 22 97
1151493 99 45
56588 84 85
486898 68 14
1418616 81 21
1455417 36 26
786704 75 51
162108 26 80
978431 24 41
300401 72 49
812163 51 93
1204371 26 76
614977 70 21
173007 83 74
938678 32 77
712660 93 16
836916 81 53
816245 20 49
1168246 63 55
1894851 50 61
1176787 28 37
1810926 30 85
1124784 73 49
1768060 87 45
1346565 12 65
1059735 60 70
835791 84 71
1225448 76 62
1870749 38 57
1556552 30 41
1222349 45 1
864513 50 78
11976 43 81
1579631 46 58
1651560 13 27
358853 26 87
1615195 11 53
1849650 60 65
1184637 78 75
11712 73 50
333873 19 9
926587 40 33
435394 64 89
44760 54 23
1820789 9 17
1634570 68 70
1335291 79 81
1610045 86 79
1482207 6 13
284220 77 6
637911 88 87
1875937 82 97
183327 86 65
1347897 67 22
125094 85 71
1719471 3 53
282945 38 21
1853621 15 77
1657557 17 73
1474271 91 74
1155523 91 97
104520 69 58
1200158 39 19
286387 94 55
231192 81 97
1184479 58 1
1734430 56 29
1154979 71 80
1414129 11 53
315327 95 54
1305255 44 79
536498 87 6
962152 81 37
1736877 4 34
1642899 78 51
394988 48 83
1727136 6 53
1175693 98 98
698445 27 55
1039899 26 51
13363 52 69
154603 3 21
1732368 84 31
1833158 94 29
986808 93 77
577278 63 65
212599 98 45
1852457 10 84
994182 39 13
674767 43 37
1230438 34 63
73278 36 57
755798 26 57
1815134 97 17
1361565 18 3
600739 35 44
762093 85 97
1459725 81 77
1408648 87 5
1645309 83 49
1920501 71 1
1674256 94 58
1519259 71 61
831969 57 74
503562 63 89
693941 97 81
755367 97 81
1858373 1 82
354853 10 81
1473603 58 34
801827 51 11
763678 75 84
1294470 27 65
1877109 28 37
952709 91 1
739614 12 73
269496 44 81
320894 25 73
1409793 30 39
1235888 57 66
963225 100 49
400653 87 13
374274 25 91
694643 9 14
1380819 81 37
889680 10 57
1850188 33 67
1411440 38 18
589356 58 97
1279831 66 73
460899 36 95
1631334 30 50
683161 16 33
731394 67 17
258571 45 43
272393 71 96
415926 5 65
599665 93 97
813828 93 87
1373130 68 71
1775132 61 81
1682615 34 69
1460163 62 27
132643 62 58
722824 49 29
597537 19 6
1921053 77 53
688670 21 25
292437 84 73
1411853 76 57
762890 3 69
1515282 71 63
879869 56 21
45900 26 50
890220 33 91
1168112 47 25
288980 37 73
1612647 20 49
1717606 95 25
1481677 91 86
1407099 17 69
1575718 45 50
1235437 85 21
819111 43 79
128103 41 9
821086 16 62
1632438 76 29
459038 32 90
276716 10 13
426444 70 89
313711 62 27
1681477 3 50
197268 10 93
1911504 12 78
1436299 18 87
899145 58 1
51442 31 41
180140 85 37
1880715 11 45
1219288 44 65
1828148 64 29
1023318 57 42
721709 3 39
1922221 34 51
1592586 72 49
81551 74 46
670025 41 17
1046943 29 18
1253707 45 45
450698 55 41
1153227 74 73
1477922 69 67
664411 78 45
1513566 54 53
1914274 49 57
1586826 75 29
992694 30 81
1126624 80 1
1567004 58 51
1694820 1 6
793109 39 49
1895995 95 58
824193 9 81
1263972 83 47
933929 57 85
66693 7 62
450292 18 63
1798583 85 77
1669857 60 1
1461470 48 93
1641632 11 79
641430 39 13
321904 29 57
246683 5 5
684921 80 41
864597 71 2
307477 100 77
593826 95 54
1294255 3 11
1868692 52 45
1079667 71 77
1846753 16 50
900343 89 39
487878 93 96
317355 68 53
46905 54 5
1325481 8 55
1882260 21 34
979373 57 57
1771992 3 26
849271 61 91
531463 22 86
1861899 47 33
313396 9 81
1885893 80 29
40983 11 10
678623 84 13
1691174 31 10
373473 94 35
293217 17 39
1536449 86 49
883038 50 5
1509283 94 89
1680982 44 34
967503 71 1
1234699 69 50
1817510 96 37
1139346 21 41
1792935 39 29
1096219 95 34
1178847 98 9
650809 28 50
1749315 35 9
581580 50 42
1229110 100 31
138780 75 59
1483281 80 21
794007 96 14
130115 38 29
518229 3 75
607812 8 1
83386 45 26
1423032 7 49
532506 18 61
626411 19 69
513828 46 45
184473 4 87
469444 4 91
849516 100 85
1338690 72 62
556292 86 37
264186 6 61
51171 1 81
222167 97 14
1674360 29 73
1175425 63 26
1917076 45 57
634290 84 2
212915 14 7
1037950 58 70
402891 9 37
1816700 56 90
575831 54 57
1000557 57 49
1054743 2 77
1378091 80 81
880719 59 9
1612156 67 15
298706 37 57
1871094 28 21
791254 27 21
729331 75 33
827469 75 1
180512 71 62
370494 3 5
523368 18 11
524482 98 9
1532989 76 18
1849029 22 31
799303 6 54
1682660 80 45
20529 7 81
1133020 42 33
297998 57 60
1393839 54 65
1750283 11 25
500578 70 37
1030692 94 94
1513549 12 49
390161 18 33
1663704 34 91
843220 71 82
1619972 56 33
1072794 88 29
1638725 95 73
1350048 34 34
843423 52 29
100371 89 42
12196 34 19
528093 52 88
1231756 76 45
1006708 54 25
530370 47 57
1194704 81 6
1601413 47 5
1623117 27 2
348766 97 35
517653 62 92
1381950 21 13
1267305 22 81
755155 36 35
950847 41 67
1009074 53 77
1457559 39 21
1894113 38 53
1323261 94 57
1793045 1 97
265401 95 73
1196117 11 67
96483 59 59
444870 79 77
366772 59 62
1023993 20 37
552747 80 30
1555901 57 45
1769466 65 70
297459 65 3
236872 48 81
1006556 12 37
1923522 86 50
1223370 61 73
647552 22 94
1168677 4 53
1217698 10 97
94942 26 39
718317 91 12
380575 99 33
367072 27 5
637662 25 19
1487293 66 59
1094528 32 85
826674 12 86
207968 20 71
1661143 44 67
77823 30 17
202167 7 65
246698 46 15
1036953 29 54
628938 53 45
312612 90 6
1793817 59 75
1864031 46 27
1515358 19 81
1415421 32 85
453374 7 41
429791 28 8
354000 67 97
917431 98 49
1298806 36 49
229947 78 50
1453014 26 17
134995 64 33
421893 13 59
128191 51 97
1436499 70 45
750294 80 6
1883108 64 61
567986 91 85
1782192 12 45
916131 2 69
47071 43 9
1452474 97 39
218282 98 33
1777690 14 86
1535220 41 73
1497134 92 100
1460582 9 1
1265916 1 37
1254699 83 69
410702 69 13
1322307 11 57
357158 2 41
788584 57 23
1675947 73 96
1094552 15 77
1439446 67 54
1889607 45 79
1924191 68 94
634448 92 89
1160928 48 2
1369066 85 55
1002947 94 78
1095672 24 37
765500 88 33
623053 80 57
1715955 81 73
843225 82 13
505713 77 61
466344 29 51
581706 89 83
1439711 46 17
1472634 36 9
516866 83 53
1084811 40 97
815892 11 25
1284419 8 1
828846 3 71
1388853 97 67
650081 86 5
722058 53 86
1663599 3 17
100688 19 68
319751 30 93
1726206 37 34
1141940 83 45
1669847 82 49
1396197 8 69
1050525 42 29
158192 10 73
670413 92 98
709663 48 77
814095 41 26
357360 10 23
1717235 90 71
187454 84 29
1547919 33 45
1280464 95 1
984360 73 98
127095 31 49
1605122 24 1
378481 34 3
156240 11 88
792148 28 37
1894809 70 9
972864 5 37
404805 86 10
943725 17 17
1608747 3 46
685846 57 71
736836 98 57
1049298 62 41
1485374 37 45
1562032 75 87
1430757 63 69
678425 15 97
1098865 6 38
1072527 4 37
1838546 61 81
602851 58 65
1349418 72 53
209599 24 31
609853 71 30
416376 56 97
726960 35 33
174437 32 15
1783989 50 91
617762 10 81
133442 63 77
986853 87 75
1286908 87 88
541315 62 5
926397 41 74
1571756 81 75
1124765 91 10
717303 71 17
1792070 2 34
39442 65 41
904620 68 18
1578920 21 97
1000767 50 54
44415 17 55
1501472 64 24
651871 89 53
1869450 31 97
12999 48 33
1541700 77 90
598605 77 17
1137467 61 45
802925 8 73
1878921 20 70
522489 24 5
1727803 85 86
1204716 4 85
839104 38 41
1224902 96 29
1381854 57 94
741337 32 21
403627 96 68
1148526 35 13
1234297 98 50
540803 90 25
948684 90 47
416392 58 25
1722961 32 9
1625460 3 89
182970 30 100
400827 82 37
412488 78 89
1257457 55 41
334139 94 25
1177563 30 77
1704931 89 5
152703 46 11
235704 95 70
893376 10 85
227545 34 97
317808 20 51
1545528 88 81
1471653 73 61
1521156 6 65
283698 47 63
1164791 25 55
1442646 18 77
1799184 94 49
1665982 18 79
501813 21 6
1684456 99 29
527128 71 26
1595715 36 59
655557 2 48
1103075 66 49
209871 34 97
430072 6 49
1142391 83 60
983196 36 5
594578 25 46
491679 57 43
1315254 95 62
1639990 6 65
865400 73 37
945789 64 15
1218510 8 75
934834 94 13
149202 44 94
955463 24 29
727333 54 66
317727 78 33
1020216 22 1
1285920 49 73
982374 48 17
282566 95 33
1480246 54 34
1316034 17 65
1868437 97 80
1212353 22 37
599766 5 45
1684901 51 33
1512311 68 87
1504764 97 61
589792 1 98
1058228 58 45
699741 29 70
1691686 77 49
972521 52 1
1568082 5 97
468368 17 61
1248982 59 85
834138 33 50
143705 69 61
733615 23 68
1898739 31 13
644364 91 33
1087564 18 1
1561530 77 13
477141 1 9
1438792 31 29
894636 75 11
824008 94 71
151713 9 73
1049256 91 90
545136 30 15
182055 11 90
889626 78 29
1092237 79 89
351663 26 77
419391 63 65
1452094 65 77
1199356 32 66
1844595 45 69
1626109 22 7
614884 48 37
730233 60 97
1371521 60 69
1499511 28 69
627222 45 53
1095493 79 13
853456 57 15
1631646 46 91
610705 4 45
1657744 19 93
1007493 33 41
81642 10 2
339407 40 49
1262394 100 13
211391 30 7
540246 30 57
1102644 28 13
700760 27 17
1330891 3 45
1070643 67 59
1801791 37 37
1291381 81 53
290655 82 55
1626879 87 68
565851 91 81
1463301 91 30
334353 22 65
587890 56 2
917163 58 29
322622 62 18
199530 65 35
972126 88 90
1735647 62 29
681778 42 66
345762 52 23
1164580 28 87
1067723 16 13
1866267 87 70
1912412 69 47
412970 28 83
1372530 46 65
787088 38 86
313845 24 97
527913 31 68
1656460 49 17
1876112 1 82
1156332 77 31
1283578 3 37
909103 99 57
426675 23 70
853266 80 85
1433136 76 37
133371 9 77
435803 53 5
1053926 79 37
1115712 61 75
208743 13 61
933596 9 65
377802 57 35
1379364 72 43
218308 51 73
824202 31 89
1255165 52 79
457399 53 4
1211637 63 53
628382 69 90
1528948 20 39
409668 41 39
579981 86 29
1679044 52 13
559107 72 19
672020 35 7
1537499 82 53
507462 53 98
979423 5 67
462008 16 58
1435710 80 13
457061 53 81
1444672 25 89
40293 95 83
827102 45 17
45516 3 21
1848285 11 99
1399973 94 45
1898468 11 53
1401753 21 58
108894 40 15
767087 40 3
1512540 81 45
425543 21 58
176844 91 63
515166 91 52
103315 36 33
1599054 75 93
304503 24 93
838779 2 89
209912 12 53
1886409 56 37
1461926 90 97
1636258 38 25
754116 2 57
442791 10 34
214640 40 35
930192 57 69
932213 72 29
1321290 25 57
616815 26 25
45164 11 60
144893 94 73
619335 44 37
1756721 88 21
1546391 95 21
479964 79 89
824755 47 93
172352 22 29
590958 45 7
1583595 52 93
197268 3 82
1214643 9 15
1498720 22 60
1835031 90 25
1485387 96 54
758990 33 71
511565 4 65
1737531 22 81
1022093 99 25
347850 83 77
945738 91 2
110551 36 45
950152 11 82
730875 53 89
569000 64 69
414773 13 25
476442 74 66
1473127 44 27
1807212 96 32
668448 75 13
941108 11 14
1119181 2 57
35433 24 14
834991 2 97
878059 2 58
1014165 77 69
1306399 11 10
1038217 8 69
443844 51 14
1889902 94 63
1077508 25 15
115026 83 45
1751433 39 81
574559 42 71
526005 29 82
121156 65 97
223041 72 22
101772 21 57
918358 56 19
1301445 69 49
315957 65 50
1282176 96 79
27361 40 1
889893 100 25
409648 19 45
1692003 9 25
1534053 3 67
1102798 71 65
1365949 3 41
850143 12 5
1445425 45 7
455006 40 21
403965 100 37
1186672 41 95
1460778 24 21
1257726 41 21
1256234 63 90
1039060 59 17
812631 18 38
813490 5 5
846307 51 9
1791108 84 53
1209669 65 1
775037 8 49
623418 47 25
1790327 51 65
1596714 57 10
89046 26 17
1775065 67 89
814416 45 39
1645857 7 92
52128 12 69
510921 27 73
227490 99 81
1557525 44 95
196943 84 1
642000 46 58
1441562 26 1
1693020 67 75
178200 23 45
48779 44 53
1463739 8 17
130557 99 100
478967 98 81
772708 3 25
299112 7 65
865047 51 31
1350958 90 21
450927 51 49
1215372 4 77
1889726 94 60
1041441 25 1
563383 48 90
1156437 50 9
1750128 6 41
1455332 25 9
764117 24 65
1729962 80 93
1090499 63 26
131370 4 41
1279749 40 34
31897 3 71
1814247 24 25
1189566 27 41
898087 40 54
652902 11 71
951957 88 52
1480461 91 93
1360002 74 18
634677 4 79
1363157 35 25
1384635 41 61
1429431 8 45
403502 56 57
1016594 3 18
1325583 6 73
1303312 80 26
1786183 96 69
518223 89 46
367861 11 45
1242626 19 5
277497 59 49
845512 68 46
115069 21 97
729396 77 50
1923421 70 83
1622866 7 7
1619985 44 77
1113662 79 89
773441 1 65
400542 63 67
696469 79 5
221488 43 1
1155348 33 37
1389547 80 39
1885226 84 37
1618680 84 98
875356 54 73
458313 76 57
455427 34 21
1497197 94 90
467991 59 57
281097 88 73
216511 35 21
756445 88 62
1233195 64 11
72175 85 17
993688 31 49
415353 79 5
1714953 48 69
1273935 61 40
784908 84 17
48905 62 33
458105 40 9
94950 23 7
1300994 65 93
1076517 94 13
1765527 75 85
91588 74 15
366368 17 41
952020 63 78
781294 18 5
1510495 9 22
135315 8 61
149454 29 70
18091 25 47
439416 83 28
169041 24 9
1233214 48 86
241173 31 21
14268 15 88
529155 48 65
980916 2 10
29463 51 99
121428 78 96
992988 22 97
1054119 21 70
317314 85 11
76617 96 21
575613 62 17
930498 89 41
1421955 23 7
598266 4 91
210653 18 49
1183503 40 13
145282 11 69
998232 65 67
369702 52 73
1308821 71 54
1676169 60 35
310071 73 18
1082660 21 37
1678713 100 13
1664631 59 77
974664 40 73
266825 31 97
326025 52 86
1125413 41 87
1004900 76 18
1554636 14 69
1380970 7 17
249195 66 53
1796982 38 27
646551 66 13
747928 30 14
1267416 12 95
910394 40 72
65268 12 5
210249 84 13
1531114 29 61
565165 82 86
885228 31 85
292162 24 1
956729 85 63
950796 70 93
1424323 65 33
1671944 65 90
947352 92 25
765061 23 90
720949 6 49
1648923 97 58
34276 83 89
670976 24 58
1395891 68 9
764249 78 1
1862660 73 7
1713480 53 70
1434545 100 17
1348871 14 57
493950 16 75
234894 36 48
51261 88 85
533619 60 50
1158472 7 17
1205120 61 92
727038 16 69
887720 99 29
1320639 7 13
562017 23 47
522963 1 81
1351394 76 38
1056744 45 71
458641 49 96
297326 45 93
1648014 34 2
1238595 31 95
1925122 7 4
1569276 80 93
498535 97 94
1703414 23 3
687600 4 96
1098928 89 9
761746 62 2
875934 27 93
141406 29 1
483006 5 1
1513047 26 93
1464609 66 95
745193 28 96
14193 33 9
1001669 38 10
1354230 50 1
803679 67 9
1087050 34 13
249988 61 9
861252 31 15
1254189 39 13
1612328 37 17
1541232 40 25
1430758 86 17
224847 83 3
1710021 5 5
1799172 21 13
1227238 98 25
723006 1 7
885871 48 25
1246784 46 26
1561347 27 25
1903496 42 95
1430309 72 97
160269 9 25
1384768 56 31
178879 26 6
642180 47 1
1085981 48 41
1313306 64 95
724491 6 33
1055218 8 41
1708375 46 30
663819 59 11
1006296 16 6
707301 61 25
563217 12 94
278572 26 9
1026142 88 95
1142280 93 13
1818305 73 45
597664 52 55
1526880 21 21
1522728 81 25
317331 68 93
1634808 58 17
298067 43 42
553506 35 1
450873 75 53
443424 98 47
988864 67 40
1924122 34 57
725068 12 94
1567146 31 3
1030632 23 66
870735 64 97
1073465 100 58
1698408 56 1
1317739 63 58
723390 60 65
1481943 50 2
902740 2 1
1647264 55 12
1108920 95 65
1455458 72 93
577104 25 97
1241631 83 66
1748250 34 93
1688364 36 10
63951 94 57
1621373 80 9
464210 85 9
1768551 89 2
543661 43 23
316455 51 68
1630602 69 17
790603 66 82
180103 32 67
1225794 84 10
807690 11 73
1377338 42 1
1180359 7 97
486376 91 97
359766 24 89
1157922 89 94
847686 25 3
1619366 24 60
660249 21 37
1908190 30 38
1766622 65 65
835734 91 1
1816865 65 93
1895823 52 10
475947 17 91
351526 62 92
929356 59 97
818655 43 41
199571 6 37
75810 26 99
147609 28 81
102719 99 41
1514912 37 11
1731519 91 35
988045 61 1
1748767 67 66
473316 80 3
1512986 16 9
1047567 89 21
1725831 35 81
442946 2 15
1156790 54 89
1592694 94 33
1440577 95 34
840403 23 7
1718298 57 31
1608783 17 21
777310 71 22
277647 19 93
373299 67 95
1000399 51 1
1503585 35 97
1778355 52 33
1647117 31 96
1029381 85 93
1692187 31 21
100215 73 3
354042 13 31
1139973 63 41
63355 79 14
1088136 92 7
92705 4 97
267842 80 45
415227 43 29
1911689 31 45
937772 1 1
169176 62 49
1733541 41 94
388534 48 37
1803015 86 42
338559 100 53
1472902 72 45
425697 38 47
325106 88 94
1430882 88 33
81741 41 5
416663 4 9
1049462 80 43
1471545 23 25
710343 16 33
1093667 71 35
1663584 69 22
304110 49 25
81885 47 61
1086540 38 1
207975 47 29
1405392 49 9
439776 73 38
507606 90 63
293840 13 64
1713495 77 13
1484243 57 45
898359 62 41
1140336 43 96
1335836 2 49
1246350 74 25
329967 85 41
519627 21 35
1658703 55 25
1798050 22 45
190433 21 99
1811428 30 34
1925169 83 25
1721016 14 25
190693 3 37
1213074 51 36
1473811 48 33
1544527 84 61
853269 49 75
407577 49 35
781919 54 29
102012 51 86
397257 31 95
1454456 45 21
357426 35 61
252355 3 65
396310 13 57
1125489 43 30
906683 33 65
663374 24 2
288480 52 3
598871 9 95
929297 93 77
1381698 39 62
490314 12 35
1094801 72 12
719631 17 81
908788 51 57
1372326 49 11
666900 96 21
1238731 45 97
789796 54 70
1429173 73 93
698333 7 97
20102 30 93
756150 20 82
774562 80 3
491481 71 93
1052961 99 5
1786368 64 49
25100 33 47
908199 96 13
1486277 19 65
1723319 60 26
1540938 30 19
851613 1 53
1881178 7 1
1465725 17 61
530856 87 57
584571 35 97
682371 92 69
1088498 75 34
1418203 39 9
1325253 34 100
1761164 92 5
31119 15 93
997023 9 5
109512 46 97
1558958 42 93
1387593 94 78
1740095 100 41
923057 89 47
1507479 19 21
1138034 97 74
1753384 50 55
647859 23 44
1345356 63 49
43974 66 26
432558 51 83
1745924 15 12
246603 24 37
1730256 21 49
296434 50 49
881265 60 95
167952 6 1
1439674 95 94
1458861 47 1
1820079 6 96
1494206 10 49
153151 71 62
1014585 94 61
1896295 34 52
497432 95 1
1868640 50 1
455575 63 3
1131630 76 50
1600659 74 61
691820 76 49
1830933 51 55
1421664 59 63
852125 17 49
1492664 32 74
1713732 86 1
700314 1 1
676190 66 65
25344 44 21
348378 66 49
1176062 59 73
1823880 57 9
1039216 88 74
582901 75 11
1757718 89 93
970385 44 65
1669131 44 74
1190997 67 53
217883 38 87
1001703 94 49
190467 49 26
362365 8 51
64431 27 35
1753806 75 93
1383502 24 5
492750 64 39
614682 92 61
430400 89 89
585780 69 58
212949 37 91
404088 70 91
848317 90 89
1799775 62 25
952729 21 93
581105 12 10
1055232 1 93
1501884 55 66
1261267 48 65
1602393 48 12
1283983 42 9
1124715 82 53
1206630 8 3
126486 67 49
1488630 42 25
1505241 38 2
774423 60 67
809879 2 12
592494 7 17
1429721 48 73
520475 36 49
1771911 2 12
476786 100 57
727184 68 22
829611 52 57
202637 18 58
354986 11 49
1807986 17 21
646085 100 63
349279 99 66
407247 15 29
775178 9 66
1107864 19 75
1257822 26 75
1691622 9 29
352062 17 65
907953 83 71
701103 4 63
98512 98 65
1774578 85 81
1092015 40 75
128212 14 94
1759680 22 49
975462 50 17
705031 95 99
715722 82 44
737369 19 1
828934 93 10
823974 66 73
1308771 1 65
1068366 76 69
1612611 17 57
576290 13 27
544508 75 70
457794 43 33
644701 90 46
479682 35 53
1624563 72 66
1832820 97 61
1283689 8 1
1479321 38 7
567675 9 66
1542998 32 89
18630 100 21
819259 23 21
634125 69 28
471042 14 5
554637 66 94
335090 21 31
1044738 81 84
401853 1 69
1390321 29 81
1837953 68 57
1466282 42 8
928646 47 49
1339938 19 65
423533 69 53
1847858 33 15
1241082 27 1
1239332 12 89
1729100 97 79
1579500 56 49
1489720 51 9
1508848 91 5
752712 70 15
1788014 83 73
26491 36 77
1079469 2 21
1124721 45 77
1028964 53 77
23979 19 81
253935 83 86
1844849 53 93
1130766 51 33
315200 77 29
473317 32 86
113625 71 31
706176 6 3
1885693 78 1
1715694 4 62
1830630 55 61
421027 56 94
375519 50 77
1912719 87 86
260247 30 45
1254366 69 39
1559887 20 81
800060 66 6
1715118 77 49
75947 79 24
1529870 75 17
1067211 11 10
1650606 85 87
895500 24 78
580572 77 77
1511016 26 74
811238 91 99
615201 87 93
610922 86 49
1454841 21 57
1060644 6 17
160339 36 81
1430251 21 57
507591 61 81
100580 47 83
1757528 12 3
1279143 94 29
761332 84 25
1223970 25 17
1187067 75 84
667335 72 97
24067 70 26
300906 26 17
1413258 21 62
1438724 12 49
1499589 76 41
931589 84 75
15977 95 85
818667 6 61
1091590 16 29
714820 19 51
1582605 98 16
998605 66 21
129066 38 85
713592 86 11
697125 57 89
1797545 62 61
1760037 22 45
869827 1 7
1298100 38 14
953019 46 57
705306 25 22
228769 18 21
1498431 50 60
290109 72 5
1913148 94 14
1417152 59 87
1799080 97 32
385855 86 13
191439 88 41
512853 32 21
198282 29 4
1436232 69 57
925729 3 42
807825 8 95
177351 31 50
419678 24 57
1518032 86 10
771318 49 49
336681 75 48
31230 8 41
1798602 46 85
1827403 43 37
179036 8 52
1485876 29 9
824950 77 74
822448 76 59
1492839 54 86
1118913 97 21
871249 44 33
405519 10 13
1804969 86 44
1252718 36 1
526347 76 82
904646 42 11
1923875 23 24
336375 32 85
590377 42 14
1046842 17 93
300564 34 64
706979 2 25
983770 81 86
48729 95 17
1426178 36 53
432173 69 61
1550520 96 93
1329661 50 23
321569 27 96
52590 21 93
683166 59 86
786492 36 69
1539009 22 83
1076743 3 85
359726 23 37
1447605 85 87
130012 85 99
1486814 39 13
982323 45 42
803723 12 21
380380 28 18
841503 51 17
1530716 99 61
509504 31 97
1227456 84 15
127050 15 1
470713 69 14
1548981 16 95
922337 70 96
433036 88 13
1012668 45 6
671254 17 7
1057993 3 7
1583055 33 13
882293 81 9
982403 80 1
1643673 43 4
338067 83 5
1401264 42 2
1836408 21 27
1618145 77 19
620210 28 9
1632195 42 14
613329 75 31
1856485 52 17
1389255 27 21
1501032 23 9
1675392 77 19
794163 51 36
529891 69 29
1451525 56 13
494127 96 7
863728 15 95
621957 55 93
1700517 39 33
675844 5 97
352539 44 23
477729 3 45
1765263 20 14
1286895 49 95
929025 16 27
1755258 77 5
756543 12 33
687615 92 97
1081954 11 1
1044972 40 5
176118 2 25
1835643 2 3
164062 55 14
147663 36 53
195048 74 25
1674423 99 15
1298982 36 22
9608 28 61
269169 51 13
82971 81 93
203219 57 28
190943 11 21
1322073 94 6
1484739 32 47
821598 80 21
1469247 95 61
559604 24 50
1615952 33 3
1069578 66 15
1078953 22 57
126750 24 22
1246104 30 59
344503 29 28
1173072 41 1
934941 89 65
212729 38 5
267775 61 7
56130 10 73
1209298 74 10
266357 40 7
1922121 39 63
637917 34 93
793900 59 14
1688796 41 87
495074 12 93
741158 63 5
1500693 23 5
73189 57 23
1127924 38 79
1477341 98 13
271721 18 82
1453977 38 9
1716933 60 11
195801 47 89
18303 32 98
642003 64 21
1002482 5 85
1095266 20 69
1408275 32 30
1850945 60 15
251725 78 29
286335 80 13
336243 31 65
76772 12 87
1796868 20 14
1806305 1 69
1193872 60 13
524826 25 3
483334 73 39
1495256 12 93
1365660 71 58
470728 2 69
1311611 82 43
1865028 88 37
48327 88 57
1630329 25 9
1502973 21 59
481076 65 69
200868 93 30
1853082 100 83
152396 16 5
1011598 26 73
541140 36 70
1091526 30 37
1700135 25 94
1264590 25 49
1370135 22 22
1822809 78 63
228918 45 8
379607 81 25
739023 84 30
200925 83 69
853386 79 16
215418 32 85
1294920 14 65
1098787 25 29
77799 72 58
1785000 35 93
1791923 46 93
1710999 16 95
47766 79 43
195028 11 9
486057 15 34
1499409 7 3
1840168 70 42
1558577 45 41
1752852 82 10
1559573 82 15
1172354 3 43
1410357 5 13
1794693 76 13
1482368 7 11
1218258 21 4
1096968 87 5
1571455 95 46
1347195 1 23
1647136 82 21
688441 18 33
328776 70 2
118750 27 25
1632875 13 34
1254951 73 1
144753 33 5
1222095 76 41
1395240 100 30
240607 91 53
1823470 23 61
51102 99 55
1463113 27 54
1744418 81 37
204030 13 6
1096144 45 1
1086574 76 39
105867 78 25
1534348 6 38
239373 25 31
1552494 65 37
1731756 42 9
1737493 51 42
749106 24 75
996544 82 49
795329 36 33
1866546 52 26
277036 45 15
1088792 11 24
1456179 26 61
625253 53 49
332882 3 21
1600884 53 52
338670 97 29
645413 2 77
1651671 89 81
155241 37 27
364030 65 97
676197 30 62
1655225 10 81
244860 98 22
1206918 8 37
1489895 93 94
454169 37 71
19662 3 40
1396886 50 21
1191500 71 29
1881765 34 59
671613 55 23
1538803 17 85
962424 29 5
830746 77 29
287985 19 78
1668495 59 37
197738 5 1
553912 39 93
525594 74 44
767316 69 29
1455035 10 82
616014 68 65
1726796 87 17
1202286 94 93
1528086 1 85
993905 88 65
574154 15 39
1106358 27 9
1207505 1 2
1163745 45 47
963162 89 15
78089 92 45
884202 22 38
572169 64 59
742682 89 8
555099 16 5
1840098 100 45
1034932 67 89
1558063 52 86
339930 8 33
532451 55 69
813124 74 27
1042377 37 31
225932 26 97
1461525 14 5
1581330 68 9
1355788 34 71
1564945 75 61
551223 99 2
96247 16 91
1886665 30 18
1661325 25 13
1273811 81 34
344723 71 9
228636 40 79
1567392 12 61
69824 75 17
1908342 5 55
1021867 80 42
1225169 87 25
1487358 64 17
483617 52 75
1603101 52 58
352794 87 5
596266 7 93
1428758 56 9
927018 37 100
205767 38 37
461464 44 74
1107447 84 31
180895 16 70
1279821 96 69
1121052 98 1
989701 53 5
38135 58 71
47538 86 49
1196691 19 61
1584403 53 63
466290 84 18
995695 59 9
74705 61 14
645366 37 59
356287 22 58
994947 48 9
224415 21 57
435399 30 79
595144 44 22
992571 31 93
1528462 48 94
272808 32 93
405024 39 73
1334925 83 33
110344 1 69
1592892 85 11
165112 31 96
129897 10 21
1567356 85 14
695635 93 5
1162040 21 70
660432 15 9
781261 66 66
900558 66 25
1023066 49 15
757599 21 69
946637 14 2
1638066 22 27
980271 18 96
1555848 48 5
1778835 39 29
1544267 35 5
1071090 46 69
103509 94 97
439978 87 1
1610663 63 67
895803 60 36
885824 25 57
1927939 62 82
379563 29 15
1051393 76 82
1843332 40 57
1393794 54 73
600259 38 33
1035317 5 57
1551783 67 53
936344 70 26
1286814 67 11
68019 45 57
694206 36 29
118768 62 57
1232748 27 11
651419 14 58
182909 50 29
754407 33 74
957762 4 1
1336758 72 16
1514205 51 69
251826 41 66
1110655 79 69
1152081 68 72
441249 33 17
722320 26 66
346713 76 7
773009 99 7
1323718 85 9
486918 34 58
841652 95 33
1205152 38 36
1390986 29 77
582278 56 94
798227 64 65
1655193 67 60
1454825 54 25
136210 7 65
1160943 24 85
1122748 89 96
1530355 89 25
1254033 82 77
1224047 64 69
1541805 60 81
1342431 77 37
931544 68 22
703443 34 93
793527 51 96
1706787 12 13
383226 29 13
253512 26 83
1865856 4 51
1771530 100 93
782373 58 70
1303001 23 71
1309492 73 8
285375 48 69
462931 61 81
1682494 55 99
1426140 44 76
1749043 99 89
987316 92 57
39882 7 23
208685 85 71
631688 27 89
1782471 91 98
1423962 27 71
1214555 43 70
846009 94 73
1005414 30 5
1817296 40 43
1757733 37 83
441492 42 25
1238223 1 14
281739 19 31
358481 61 73
726011 82 17
677106 9 18
414618 94 53
1431810 69 84
189009 41 37
435031 94 62
1195815 52 5
853578 18 71
446232 70 13
188011 17 90
1775844 2 71
769527 9 93
603058 87 77
998028 79 2
755800 28 83
239243 17 80
867405 5 9
569946 47 69
1098912 33 5
948888 33 3
576891 60 89
1696757 96 78
1095123 62 5
1212645 53 21
931901 88 89
1688079 59 94
900464 8 39
666100 87 79
1770273 5 49
588760 43 82
581322 72 21
766683 3 75
911189 23 9
476762 15 10
1123185 87 37
1682725 56 58
1284881 64 77
82719 12 78
954409 83 5
1403256 58 20
1234392 33 57
759172 62 2
593956 84 67
730725 71 85
1524892 30 85
1096912 11 54
265572 99 21
1806539 5 63
831580 47 97
437700 54 70
388291 59 13
1574252 37 65
960345 60 25
991796 42 41
1403348 9 11
491616 1 62
155066 55 77
1431552 23 26
993471 63 79
1832645 27 42
1108655 3 49
1428165 16 30
1883534 19 39
1136943 88 53
353394 68 69
554382 65 78
262497 29 79
1146471 60 66
762906 54 17
1500354 63 38
149265 37 35
1013231 39 38
1476119 42 53
1552833 50 41
1159258 50 51
505988 40 86
1258950 38 57
1441140 83 97
1163674 24 7
298320 13 53
1819248 8 29
1395270 90 53
1608246 87 49
689006 66 29
1169076 26 33
1102365 33 86
1129360 100 33
127308 82 87
1228059 96 85
1839742 44 14
1792147 44 93
1315656 23 22
1886255 39 49
1366777 65 49
1745373 40 71
1764877 89 89
1789705 91 73
905502 72 90
1502082 88 31
80039 44 1
1084077 94 65
1169455 56 29
1503856 75 79
1463643 63 25
499619 60 85
1687825 31 46
441498 42 35
772200 88 66
614930 51 29
889344 11 46
1794062 27 29
692631 97 50
954642 93 5
1216503 69 77
433708 40 35
561885 27 96
1192516 34 53
591872 45 66
418797 40 11
170825 41 30
219516 50 25
1513821 96 90
1874627 45 23
640803 61 58
1802064 39 45
764648 97 46
781115 47 69
904527 34 53
1706271 35 73
397750 46 33
941835 73 3
1725163 33 57
1121833 5 17
1561302 98 42
351136 53 83
429457 11 21
136278 93 25
965945 87 17
52389 53 19
399000 94 95
1880004 72 1
1567330 85 17
971847 60 5
1620092 53 26
1357948 49 1
1442070 13 25
487532 46 25
357554 70 96
408156 17 25
1155967 79 22
1570871 75 3
1506066 94 34
580686 58 17
525406 38 94
1361502 49 3
1839556 61 1
1605707 91 13
494886 16 33
337629 52 45
1472541 51 35
1241868 98 17
268007 9 17
1782634 14 19
1522458 11 12
562178 90 9
844438 61 41
407208 64 55
219420 46 98
384931 18 49
777072 49 18
605606 87 1
160421 15 4
930348 70 53
1741882 95 25
27276 79 51
698604 36 97
1171221 21 9
1605673 76 34
17541 68 9
1216214 37 67
1393535 95 69
193617 53 33
664097 71 13
175274 4 30
383679 68 33
1396290 18 9
1370595 84 49
1261356 77 33
1920087 48 29
1842657 46 65
1591659 19 31
1659962 51 21
961476 80 17
791025 100 65
719313 56 3
1260117 61 76
694647 10 25
313522 77 21
1238681 54 15
965421 94 25
1450811 49 17
1632446 21 58
99228 77 3
1645230 51 17
1090077 72 17
1435050 39 61
868269 100 71
1782489 23 19
1718271 32 65
269973 68 25
86823 32 91
1410465 45 83
1187408 43 25
128858 53 62
271155 42 59
683795 53 28
1118431 11 89
526995 36 82
1252885 30 83
1358158 39 93
1095696 98 97
1000219 75 94
979698 61 11
814911 70 38
776693 67 81
1260756 47 14
890388 52 51
782494 36 75
760568 49 37
1517529 7 5
1282215 73 11
454795 36 32
1564626 94 97
697755 87 33
1195692 37 13
1076832 54 18
946342 87 93
1203064 35 85
1147542 40 49
949096 42 69
489687 95 17
1483329 32 57
962325 5 21
1753695 17 90
26505 78 41
1782042 2 37
1624063 74 99
554358 10 91
813575 83 57
1536340 92 13
943944 7 7
1924506 72 25
1457089 28 57
569547 64 89
750471 20 65
1736247 82 10
68160 60 49
1390706 74 21
346422 32 81
1639179 64 52
1847991 74 77
1132840 77 22
583218 27 95
320333 24 8
1231970 8 25
1857714 88 2
202812 45 23
795636 3 30
666957 19 53
1330384 74 29
717032 33 27
81153 88 93
1173038 25 29
1483462 77 46
613551 83 29
332837 22 35
143032 35 65
1113705 52 29
1313333 77 31
250220 54 31
1406259 37 1
338896 7 62
1644912 75 47
1388721 19 17
476973 15 53
1593146 4 38
30027 13 43
365389 9 5
638178 90 37
1643022 14 17
830393 34 41
167646 68 70
1793787 77 21
1712993 9 45
1674458 58 31
1561284 21 14
222751 80 77
1176587 95 26
453276 76 79
936982 3 47
1621762 27 53
1342134 97 54
841782 28 53
539025 70 84
1190928 84 77
1459615 21 93
1732933 67 71
722970 48 85
205873 3 93
592970 68 94
1232703 37 27
1511555 51 28
1384945 45 77
295815 60 26
1320771 38 93
754521 89 61
551673 2 53
73988 83 6
438400 5 61
212610 56 3
539079 46 69
1451948 21 41
1647135 33 35
1470791 41 35
794696 64 73
361836 14 38
543177 13 61
517141 68 96
1123839 70 9
58657 84 18
946339 77 65
1459596 17 65
271567 91 21
1276132 70 30
859662 46 91
1206939 32 59
523185 37 89
1210941 14 25
649098 87 55
939328 18 10
805107 14 29
184680 52 98
1738919 85 41
278334 46 98
403332 62 29
182739 31 85
898131 24 17
1703442 70 45
1705512 6 89
216495 93 34
358340 90 69
1833869 18 16
230571 39 57
1528638 21 54
1141546 28 85
988245 43 10
1580166 100 41
77969 4 38
953160 28 45
740560 13 36
468484 45 25
917694 15 1
1332287 86 57
1282139 90 14
1448082 25 93
1789572 19 10
43157 33 17
1175394 57 52
24053 94 49
59905 87 13
323415 56 31
1593740 81 89
934196 3 49
1179969 70 18
1197667 52 53
133578 94 21
660657 73 85
1421521 72 78
1152701 73 5
252477 38 41
70034 82 53
761207 94 42
497553 34 85
269519 85 36
1785859 15 41
1375641 49 14
1709446 17 33
1883589 50 31
795609 60 49
389206 95 21
1770216 86 81
1484682 75 60
1004777 1 81
243219 8 74
72423 74 19
325127 46 51
1331172 54 57
310428 3 77
1522069 11 87
1062767 94 81
859815 19 73
1167531 88 2
1514483 10 59
1298517 1 58
1722506 42 5
156676 9 53
859716 40 57
1690578 81 13
769321 69 81
1500315 100 42
1851729 6 75
809058 16 17
461988 79 17
293415 91 42
1473556 92 3
111006 98 31
954677 38 81
827786 29 58
1134489 87 75
234711 97 74
1238477 70 1
1278141 96 30
1482327 5 43
1812752 15 30
1805337 16 93
1003719 36 14
1922057 65 57
500379 49 76
1733493 13 93
562033 30 62
1272048 11 27
1646157 39 5
1363560 99 33
915399 45 81
1273548 46 25
1307345 78 57
283131 88 25
1244797 49 21
1455038 76 39
591318 40 50
1072294 47 73
273655 29 6
394443 77 57
1894895 81 18
797218 37 73
1562085 82 9
1632282 79 11
1077306 68 1
80724 65 13
983868 18 66
1898099 38 11
667080 85 39
1267034 42 29
837088 26 5
935337 64 41
1769672 53 89
309680 95 93
878913 57 81
215327 90 47
444470 50 1
754137 35 5
241182 64 42
443312 28 87
455913 19 60
219390 91 25
168004 35 37
1872321 86 47
1642908 79 82
1531689 5 65
1344069 78 94
713046 64 47
1016281 38 65
1840599 19 29
639662 49 81
1805281 16 13
1628079 5 2
1734881 71 17
1906498 5 65
770148 33 5
78342 93 7
40248 68 89
436836 54 26
582508 54 97
1525266 49 82
1658010 85 57
1603120 33 93
1665714 23 23
1152459 72 17
223723 21 93
1228384 9 34
792627 19 95
1637374 26 95
460467 95 21
893637 30 94
768465 64 51
1567999 63 5
1392795 35 65
1749245 89 17
1834491 16 13
1212825 77 9
1606223 85 37
1103197 25 33
1522344 44 47
1819546 97 28
1194480 24 9
1710261 59 54
1754006 89 93
1323074 11 90
24480 50 5
180372 51 49
1089022 1 57
1587429 14 15
1635872 14 89
1450049 55 65
920079 95 39
1031130 50 75
1156927 67 1
1263903 77 1
525002 10 31
114576 90 21
1555032 95 25
1680428 39 46
990755 64 83
1431792 5 48
304673 83 33
1813230 50 1
394596 42 77
903717 87 78
711389 66 29
1054713 78 17
1138178 18 33
898760 63 39
470313 2 5
654737 37 54
1743041 40 85
1112172 70 56
1730118 70 73
1003968 47 66
1616397 82 57
169774 52 47
522839 17 1
1271907 48 58
297987 3 19
1520035 11 46
1341792 96 73
981774 76 2
773500 65 79
947637 44 2
234948 35 17
1183517 34 78
1190025 38 77
796971 28 99
1394490 84 33
65835 19 26
1043057 75 73
481088 70 94
332097 7 13
1170650 18 10
887382 74 55
1174095 71 6
879173 80 25
1515719 36 22
1029012 10 19
1290863 39 94
1026468 91 17
1832031 82 54
926983 1 81
530312 37 10
328176 47 93
1141773 65 42
1088038 29 67
1368900 64 4
1504648 41 77
514711 1 45
1423050 79 51
758563 15 85
334734 85 77
1233657 1 21
1135203 36 97
368277 95 92
775668 77 61
846261 24 1
451641 65 61
184170 61 54
1094381 26 1
1223238 86 1
1352475 13 37
724932 82 87
576607 16 65
23370 69 89
428720 88 57
616474 98 57
1451478 58 45
398206 27 66
583627 18 3
1570077 22 35
530492 74 81
910219 20 45
1207695 97 71
536865 5 88
1230504 36 81
128079 30 94
494297 80 17
1405956 2 32
407223 53 89
574842 56 29
325346 21 5
1622931 23 86
229976 46 29
104652 22 18
1011693 96 81
784380 78 95
1027432 99 49
593172 28 54
1516210 48 43
290368 67 22
1017441 33 41
1362494 59 54
58506 94 41
35592 33 97
1270700 6 49
1390622 47 17
1102590 24 77
256025 9 27
226698 88 77
460050 33 49
1359402 44 73
917584 55 91
1030149 63 21
60876 43 5
1916422 57 53
1667484 75 64
1365370 52 89
1015833 41 57
1042884 86 81
973426 71 53
1767144 54 37
778578 15 41
1275066 89 41
1238371 39 87
437229 51 61
351616 40 90
30564 42 83
1170024 22 76
1367788 83 85
765672 85 90
1400607 31 13
838507 43 84
775219 2 17
377235 77 2
1253068 18 13
1566850 2 27
1126056 100 29
1886407 89 98
1218377 2 33
401745 79 20
913415 77 21
1075551 16 2
661662 55 93
994686 84 4
521812 91 25
511896 99 97
860292 50 45
1661694 55 33
1764510 52 29
1566865 94 9
1827256 19 25
1179729 67 21
1459459 56 21
1422461 61 10
471777 87 97
1665250 54 43
1232609 71 41
1479111 46 17
67656 88 5
1015386 91 24
1164447 13 53
676692 43 9
1725741 35 3
1580523 5 46
839411 69 69
128897 62 38
20226 42 37
1449743 70 4
1480651 39 33
532566 93 94
1244747 98 69
1401106 5 61
346170 34 1
521866 78 34
1894636 47 69
1429887 2 68
125780 86 73
1379415 9 34
1484856 54 55
328153 76 26
1575830 59 33
1271148 33 38
1279634 74 37
1877863 53 62
843837 98 41
1073370 18 49
687997 11 97
1191924 21 73
1781209 2 1
1688891 39 94
756312 27 61
1304145 76 70
974210 54 65
1331346 86 38
932144 82 47
1148785 8 81
360396 1 65
1487641 6 14
1667921 56 91
1890468 73 18
755550 46 93
940351 13 93
1679004 49 89
57605 83 76
128533 90 25
438165 25 1
1229334 92 9
737990 57 93
32718 83 69
1918044 88 74
325925 99 9
1223718 28 21
1605878 71 21
1369017 74 82
890748 37 43
1413875 58 35
1692543 24 41
516474 23 30
610596 97 9
1144282 52 95
1832784 29 37
674999 46 30
451363 28 95
913419 66 65
784634 89 1
357684 43 45
1278276 50 5
134349 61 5
1234200 39 25
30636 63 89
703069 74 17
1234886 62 16
1747548 22 93
645402 28 21
291962 37 97
1191582 25 30
1834218 94 81
1321761 41 26
1099086 18 39
1924668 32 85
360805 83 73
698373 68 25
564844 91 43
623922 88 89
1496421 20 93
1716944 5 5
1912103 67 45
537969 82 84
1333333 12 85
489100 98 6
1803294 74 31
759444 3 20
1324692 16 93
449994 68 78
85515 37 87
1228368 13 35
1891812 59 21
1131000 32 49
1034212 25 33
1908702 51 23
1351367 14 1
1366680 62 65
1610958 42 95
564588 91 2
381306 35 37
776625 78 5
1093994 87 9
1485595 30 12
702198 26 25
19628 60 93
1322144 49 45
1191549 49 54
332291 17 45
661349 41 42
245526 96 31
575478 43 30
1232453 88 13
1077831 59 38
1146653 85 21
726084 45 9
1589064 43 45
655794 21 50
1472560 68 31
365769 13 36
1523857 42 65
1263812 38 33
159903 84 51
85370 24 19
1798888 72 41
869388 51 49
57383 81 57
1917025 80 49
685362 71 21
1280268 64 26
869163 22 35
1916829 61 32
1279493 68 61
1252401 92 42
1815900 20 47
1011876 75 36
1088924 37 53
515103 68 89
1217780 17 29
1008159 53 94
1184247 58 53
1687984 63 97
792263 32 21
907302 59 92
1827472 68 61
540828 15 61
1757493 69 21
1114586 46 34
1864092 88 85
825966 23 81
735437 53 77
1696111 71 51
1343754 16 69
1777778 13 30
913834 99 99
448101 20 48
764797 95 33
1229708 95 81
439983 89 53
1283693 62 9
403067 26 57
1839828 68 21
1631326 88 31
162736 27 82
811464 37 25
94677 84 93
219698 2 27
533088 68 92
742498 87 77
209437 15 98
552600 54 65
1593841 87 76
1403598 82 1
1174989 43 5
1395527 61 99
1328392 89 99
1705005 11 17
547162 13 18
952031 84 23
1379961 14 39
500703 76 5
1825841 84 50
244848 27 21
1091347 72 37
1801916 41 25
1321425 64 30
1148386 56 33
242695 89 4
1255308 37 13
471416 56 10
630931 85 77
1458606 49 41
1611665 18 21
592842 10 77
1590975 30 41
1550800 27 4
768151 84 13
172263 20 94
1063234 63 29
778850 80 34
288192 45 21
1383892 15 25
1169989 64 5
875826 93 40
1902088 12 33
1282376 56 37
278619 54 7
209011 52 71
1217211 42 49
1174965 65 77
1072146 94 3
1088995 24 24
547893 10 33
1738273 32 54
88505 24 39
1752636 93 10
386970 10 5
100626 35 45
1108017 62 3
265448 95 86
1333329 25 29
1858842 46 14
1381428 4 97
1724611 87 63
416439 23 85
382022 35 2
1715019 47 19
1625352 62 38
1242986 86 93
849679 63 62
73422 13 85
1722675 76 20
1157517 35 1
1187883 55 1
443327 100 23
1260394 92 70
1863861 33 29
605666 58 30
1168158 27 65
1539810 38 100
1428182 100 49
